Student_ID,Date,Time,Bhawan,Location,Mess_Entry_Time,Mess_Exit_Time,Library_Entry_Time,Library_Exit_Time,Leaves_Hostel,Back_Hostel,WiFi_MB,Active_Users,Electricity_Usage,Food_Category,Attendance,Auto_Taken,Exam_Season,Sleep_Hours
S1000,2026-04-05,05:12 AM,Sarojini,Outside,0,0,0,0,04:04 AM,07:55 AM,211.23,71,7.58,None,0,0,0,8
S1001,2026-04-15,02:26 PM,Ganga,Hostel,0,0,0,0,0,0,146.33,130,34.6,None,0,0,0,7
S1002,2026-04-03,01:01 PM,Rajendra,Library,0,0,11:41 AM,01:04 PM,11:14 AM,01:46 PM,867.72,49,10.35,None,1,0,0,10
S1003,2026-04-12,12:50 PM,Yamuna,Library,0,0,10:42 AM,01:11 PM,10:15 AM,01:51 PM,901.74,184,20.39,None,1,0,0,14
S1004,2026-04-16,01:16 PM,Ganga,Mess,01:14 PM,01:48 PM,0,0,0,0,343.61,130,41.95,Lunch,1,0,0,8
S1005,2026-04-07,06:44 PM,Ganga,Hostel,0,0,0,0,0,0,152.31,171,23.57,None,0,0,0,6
S1006,2026-04-06,09:52 AM,Sarojini,Library,0,0,09:45 AM,11:03 AM,09:22 AM,11:39 AM,706.73,101,20.27,None,0,0,0,6
S1007,2026-04-08,09:50 PM,Yamuna,Outside,0,0,0,0,08:48 PM,11:59 PM,353.01,53,5.33,None,0,0,0,10
S1008,2026-04-07,08:27 AM,Rajendra,Mess,07:56 AM,08:30 AM,0,0,0,0,350.29,150,56.61,Breakfast,0,0,0,7
S1009,2026-04-29,08:44 AM,Rajendra,Outside,0,0,0,0,07:22 AM,11:26 AM,277.49,98,5.66,None,0,0,1,5
S1010,2026-04-03,03:11 PM,Sarojini,Mess,02:51 PM,03:33 PM,0,0,0,0,417.63,50,40.23,Lunch,1,0,0,5
S1011,2026-04-02,08:43 PM,Rajendra,Library,0,0,08:08 PM,10:37 PM,07:56 PM,10:59 PM,694.37,200,39.4,None,0,0,0,7
S1012,2026-04-19,12:51 PM,Yamuna,Mess,12:41 PM,01:34 PM,0,0,0,0,322.44,156,51.3,Lunch,0,0,0,4
S1013,2026-05-01,04:02 AM,Sarojini,Hostel,0,0,0,0,0,0,334.07,38,20.03,None,0,0,0,7
S1014,2026-04-07,04:34 AM,Yamuna,Hostel,0,0,0,0,0,0,275.68,82,26.92,None,0,0,0,7
S1015,2026-04-26,04:54 PM,Sarojini,Library,0,0,10:08 AM,06:44 PM,09:49 AM,06:54 PM,929.3,131,25.14,None,1,1,1,8
S1016,2026-04-05,10:02 AM,Azad,Hostel,0,0,0,0,0,0,365.17,62,26.63,None,0,0,0,6
S1017,2026-04-01,08:23 AM,Azad,Mess,08:11 AM,08:34 AM,0,0,0,0,416.69,28,32.82,Breakfast,0,0,0,5
S1018,2026-04-06,04:42 PM,Rajendra,Library,0,0,03:31 PM,04:59 PM,03:15 PM,05:28 PM,730.91,54,20.53,None,0,0,0,7
S1019,2026-04-24,01:58 PM,Ganga,Mess,01:38 PM,02:18 PM,0,0,0,0,406.28,48,25.74,Lunch,1,0,1,4
S1020,2026-04-17,07:30 AM,Sarojini,Mess,07:05 AM,07:58 AM,0,0,0,0,521.75,103,48.89,Breakfast,0,0,0,8
S1021,2026-04-11,07:38 AM,Yamuna,Hostel,0,0,0,0,0,0,296.29,138,24.47,None,0,0,0,6
S1022,2026-04-15,12:58 PM,Rajendra,Mess,12:25 PM,01:03 PM,0,0,0,0,395.81,102,44.95,Lunch,1,0,0,7
S1023,2026-04-04,12:18 PM,Rajendra,Mess,12:02 PM,12:52 PM,0,0,0,0,501.7,71,28.99,Lunch,0,0,0,7
S1024,2026-04-08,03:51 PM,Sarojini,Classroom,0,0,0,0,03:18 PM,05:51 PM,286.43,195,16.56,None,1,0,0,8
S1025,2026-04-15,12:59 PM,Yamuna,Mess,12:13 PM,01:09 PM,0,0,0,0,457.93,97,42.73,Lunch,0,0,0,8
S1026,2026-04-16,03:14 PM,Yamuna,Mess,02:54 PM,03:17 PM,0,0,0,0,644.78,53,39.44,Lunch,0,0,0,7
S1027,2026-04-24,07:22 AM,Ganga,Mess,07:03 AM,07:37 AM,0,0,0,0,415.18,131,42.45,Breakfast,0,0,1,4
S1028,2026-04-27,06:56 PM,Rajendra,Library,0,0,12:57 PM,07:45 PM,12:36 PM,08:35 PM,978.52,134,22.41,None,0,0,1,4
S1029,2026-04-11,01:25 PM,Azad,Classroom,0,0,0,0,01:01 PM,03:21 PM,117.21,163,17.12,None,1,0,0,6
S1030,2026-04-26,08:07 PM,Sarojini,Library,0,0,06:43 PM,11:59 PM,06:14 PM,11:59 PM,797.3,24,11.43,None,0,0,1,6
S1031,2026-04-09,08:16 PM,Azad,Mess,08:00 PM,08:32 PM,0,0,0,0,347.75,194,50.2,Dinner,0,0,0,7
S1032,2026-04-08,02:58 PM,Azad,Mess,02:47 PM,03:32 PM,0,0,0,0,477.08,21,30.03,Lunch,0,0,0,7
S1033,2026-04-05,09:52 AM,Ganga,Outside,0,0,0,0,08:12 AM,12:20 PM,315.61,76,4.38,None,1,1,0,7
S1034,2026-04-21,08:44 AM,Ganga,Mess,08:40 AM,09:02 AM,0,0,0,0,479.41,135,37.95,Breakfast,0,0,1,6
S1035,2026-04-06,09:38 PM,Sarojini,Mess,09:37 PM,09:57 PM,0,0,0,0,583.24,154,31.08,Dinner,0,0,0,7
S1036,2026-04-15,05:53 AM,Ganga,Outside,0,0,0,0,04:54 AM,07:07 AM,109.79,67,7.65,None,0,0,0,6
S1037,2026-04-26,07:42 AM,Yamuna,Mess,07:31 AM,08:24 AM,0,0,0,0,503.53,98,36.04,Breakfast,0,0,1,6
S1038,2026-04-20,04:29 PM,Azad,Hostel,0,0,0,0,0,0,189.16,15,16.69,None,0,0,1,7
S1039,2026-04-13,09:07 PM,Sarojini,Mess,08:39 PM,09:07 PM,0,0,0,0,539.98,66,45.14,Dinner,0,0,0,6
S1040,2026-04-03,09:27 PM,Yamuna,Mess,09:01 PM,09:33 PM,0,0,0,0,332.16,60,27.86,Dinner,0,0,0,7
S1041,2026-04-07,08:30 AM,Rajendra,Mess,08:21 AM,09:13 AM,0,0,0,0,292.21,78,36.28,Breakfast,0,0,0,7
S1042,2026-04-13,07:00 PM,Rajendra,Library,0,0,05:47 PM,07:34 PM,05:40 PM,08:11 PM,685.55,85,21.74,None,0,0,0,10
S1043,2026-04-20,07:04 PM,Ganga,Mess,07:01 PM,07:49 PM,0,0,0,0,361.51,175,36.86,Dinner,0,0,1,6
S1044,2026-04-09,08:10 PM,Ganga,Library,0,0,07:40 PM,08:10 PM,07:34 PM,08:49 PM,955.25,156,27.71,None,0,0,0,4
S1045,2026-04-11,08:43 PM,Azad,Library,0,0,06:26 PM,09:18 PM,06:09 PM,09:53 PM,977.51,115,22.69,None,0,0,0,8
S1046,2026-04-25,03:59 PM,Ganga,Library,0,0,09:35 AM,05:19 PM,09:27 AM,06:06 PM,541.4,52,12.36,None,1,0,1,5
S1047,2026-04-27,01:38 PM,Yamuna,Library,0,0,12:00 PM,05:50 PM,11:31 AM,06:17 PM,562.97,132,32.76,None,0,0,1,3
S1048,2026-04-29,08:43 AM,Rajendra,Mess,08:07 AM,08:54 AM,0,0,0,0,296.43,139,47.98,Breakfast,0,0,1,4
S1049,2026-04-20,08:03 PM,Yamuna,Library,0,0,05:02 PM,11:59 PM,04:52 PM,11:59 PM,635.22,85,15.47,None,0,0,1,4
S1050,2026-04-20,07:01 PM,Sarojini,Library,0,0,06:36 PM,11:59 PM,06:27 PM,11:59 PM,635.12,51,19.67,None,0,0,1,7
S1051,2026-04-17,08:39 PM,Rajendra,Mess,08:07 PM,09:02 PM,0,0,0,0,552.23,128,30.97,Dinner,0,0,0,7
S1052,2026-04-13,04:36 AM,Yamuna,Hostel,0,0,0,0,0,0,225.31,48,17.43,None,0,0,0,4
S1053,2026-04-17,02:17 PM,Sarojini,Library,0,0,12:14 PM,03:01 PM,12:00 PM,03:22 PM,667.15,193,35.93,None,0,0,0,6
S1054,2026-04-21,07:36 PM,Ganga,Library,0,0,02:01 PM,09:12 PM,01:45 PM,09:25 PM,844.74,158,21.92,None,0,0,1,4
S1055,2026-04-08,05:02 AM,Yamuna,Outside,0,0,0,0,04:18 AM,07:26 AM,263.42,179,15.51,None,0,0,0,5
S1056,2026-04-02,10:44 AM,Yamuna,Classroom,0,0,0,0,10:19 AM,11:51 AM,102.68,32,3.12,None,1,1,0,8
S1057,2026-04-29,04:20 PM,Azad,Hostel,0,0,0,0,0,0,232.79,60,16.03,None,0,0,1,5
S1058,2026-04-15,11:17 AM,Yamuna,Hostel,0,0,0,0,0,0,178.14,55,21.1,None,1,0,0,7
S1059,2026-04-20,08:54 PM,Yamuna,Mess,08:23 PM,08:59 PM,0,0,0,0,530.62,48,38.75,Dinner,0,0,1,5
S1060,2026-04-06,06:17 PM,Ganga,Library,0,0,03:51 PM,06:44 PM,03:41 PM,06:57 PM,698.99,114,27.87,None,0,0,0,7
S1061,2026-04-12,08:21 AM,Sarojini,Mess,08:08 AM,08:35 AM,0,0,0,0,536.56,86,42.76,Breakfast,0,0,0,10
S1062,2026-04-28,10:52 AM,Sarojini,Library,0,0,10:23 AM,03:40 PM,09:56 AM,04:21 PM,705.92,31,15.25,None,1,1,1,4
S1063,2026-04-10,05:58 PM,Azad,Library,0,0,05:02 PM,07:28 PM,04:37 PM,08:11 PM,557.91,24,17.11,None,0,0,0,7
S1064,2026-04-05,11:49 AM,Azad,Library,0,0,10:34 AM,12:54 PM,10:21 AM,01:36 PM,801.6,183,29.1,None,1,0,0,7
S1065,2026-04-14,01:07 PM,Azad,Library,0,0,01:04 PM,01:48 PM,12:52 PM,02:20 PM,898.94,194,36.78,None,1,0,0,7
S1066,2026-04-27,09:21 AM,Sarojini,Mess,08:50 AM,09:47 AM,0,0,0,0,498.74,93,49.6,Breakfast,0,0,1,4
S1067,2026-04-04,11:18 PM,Azad,Library,0,0,10:47 PM,11:59 PM,10:28 PM,11:59 PM,535.99,159,30.41,None,0,0,0,9
S1068,2026-04-28,06:11 PM,Yamuna,Library,0,0,05:57 PM,11:59 PM,05:47 PM,11:59 PM,560.41,157,19.71,None,0,0,1,5
S1069,2026-04-12,01:54 AM,Rajendra,Hostel,0,0,0,0,0,0,376.47,190,43.07,None,0,0,0,7
S1070,2026-04-23,03:17 PM,Yamuna,Mess,02:42 PM,03:22 PM,0,0,0,0,378.46,35,39.35,Lunch,0,0,1,4
S1071,2026-04-10,10:04 AM,Yamuna,Library,0,0,09:39 AM,10:18 AM,09:25 AM,10:52 AM,863.76,96,26.29,None,0,0,0,6
S1072,2026-04-30,07:42 PM,Ganga,Mess,07:00 PM,07:42 PM,0,0,0,0,555.94,121,33.91,Dinner,0,0,1,7
S1073,2026-04-10,09:43 AM,Sarojini,Mess,08:56 AM,09:55 AM,0,0,0,0,443.84,135,42.41,Breakfast,1,1,0,5
S1074,2026-04-28,02:14 PM,Sarojini,Mess,01:59 PM,02:21 PM,0,0,0,0,327.02,96,46.43,Lunch,1,0,1,5
S1075,2026-04-03,08:45 PM,Sarojini,Hostel,0,0,0,0,0,0,896.99,83,26.6,None,0,0,0,6
S1076,2026-04-15,02:43 PM,Yamuna,Mess,02:25 PM,03:05 PM,0,0,0,0,604.2,26,26.2,Lunch,1,0,0,9
S1077,2026-04-24,03:34 PM,Ganga,Mess,02:45 PM,03:37 PM,0,0,0,0,548.42,68,49.39,Lunch,1,0,1,6
S1078,2026-04-22,07:54 PM,Rajendra,Mess,07:37 PM,08:16 PM,0,0,0,0,587.64,185,50.08,Dinner,0,0,1,6
S1079,2026-04-01,09:53 PM,Rajendra,Mess,09:50 PM,10:20 PM,0,0,0,0,316.02,80,38.49,Dinner,0,0,0,8
S1080,2026-04-11,11:22 PM,Rajendra,Library,0,0,10:51 PM,11:27 PM,10:46 PM,11:59 PM,869.97,53,18.68,None,0,0,0,6
S1081,2026-04-28,09:37 PM,Sarojini,Mess,09:25 PM,09:47 PM,0,0,0,0,548.16,168,50.91,Dinner,0,0,1,5
S1082,2026-04-29,08:56 PM,Yamuna,Mess,08:26 PM,09:16 PM,0,0,0,0,489.79,46,29.67,Dinner,0,0,1,8
S1083,2026-04-24,08:22 PM,Ganga,Library,0,0,03:41 PM,11:53 PM,03:13 PM,11:59 PM,908.72,199,35.95,None,0,0,1,5
S1084,2026-04-20,03:21 PM,Yamuna,Outside,0,0,0,0,02:24 PM,04:45 PM,273.37,197,21.3,None,0,0,1,4
S1085,2026-04-28,07:29 PM,Rajendra,Mess,07:15 PM,07:52 PM,0,0,0,0,347.36,177,36.92,Dinner,0,0,1,4
S1086,2026-04-08,11:04 AM,Yamuna,Library,0,0,09:23 AM,11:24 AM,09:06 AM,12:20 PM,506.17,28,16.86,None,1,0,0,8
S1087,2026-04-26,06:51 AM,Azad,Outside,0,0,0,0,04:56 AM,08:50 AM,227.13,44,2.53,None,0,0,1,6
S1088,2026-04-19,09:55 AM,Rajendra,Library,0,0,09:07 AM,10:57 AM,08:39 AM,11:45 AM,657.68,175,20.88,None,1,1,0,9
S1089,2026-04-14,03:56 AM,Yamuna,Hostel,0,0,0,0,0,0,255.46,42,15.79,None,0,0,0,4
S1090,2026-04-20,08:58 AM,Sarojini,Mess,08:30 AM,09:12 AM,0,0,0,0,504.3,41,40.81,Breakfast,0,0,1,4
S1091,2026-04-30,04:32 PM,Yamuna,Outside,0,0,0,0,03:54 PM,06:05 PM,134.24,169,24.71,None,1,1,1,7
S1092,2026-04-01,07:30 PM,Yamuna,Hostel,0,0,0,0,0,0,250.96,111,24.69,None,0,0,0,7
S1093,2026-04-05,07:29 AM,Sarojini,Mess,07:03 AM,07:41 AM,0,0,0,0,462.72,88,34.48,Breakfast,0,0,0,4
S1094,2026-04-27,05:55 PM,Yamuna,Library,0,0,03:21 PM,11:59 PM,02:51 PM,11:59 PM,678.77,98,19.45,None,0,0,1,4
S1095,2026-04-11,09:59 AM,Yamuna,Mess,09:34 AM,10:05 AM,0,0,0,0,332.88,67,47.9,Breakfast,0,0,0,7
S1096,2026-04-09,01:31 PM,Rajendra,Library,0,0,01:02 PM,02:27 PM,12:46 PM,03:10 PM,747.84,34,8.38,None,0,0,0,7
S1097,2026-04-11,05:21 AM,Azad,Outside,0,0,0,0,04:41 AM,08:05 AM,394.42,46,3.82,None,0,0,0,8
S1098,2026-04-30,04:15 PM,Sarojini,Library,0,0,01:55 PM,09:23 PM,01:35 PM,10:05 PM,878.86,140,24.83,None,1,1,1,5
S1099,2026-04-02,08:00 PM,Ganga,Mess,07:38 PM,08:05 PM,0,0,0,0,352.82,42,34.07,Dinner,0,0,0,9
S1100,2026-04-01,09:36 PM,Azad,Library,0,0,09:13 PM,10:11 PM,08:53 PM,10:25 PM,958.65,48,12.82,None,0,0,0,6
S1101,2026-04-08,10:23 AM,Sarojini,Hostel,0,0,0,0,0,0,347.71,157,26.5,None,0,0,0,5
S1102,2026-04-14,08:13 AM,Yamuna,Mess,08:08 AM,08:44 AM,0,0,0,0,404.63,16,32.54,Breakfast,0,0,0,7
S1103,2026-04-28,02:16 PM,Rajendra,Mess,02:14 PM,02:55 PM,0,0,0,0,435.4,65,39.53,Lunch,0,0,1,4
S1104,2026-04-30,01:54 PM,Yamuna,Mess,01:21 PM,02:04 PM,0,0,0,0,527.55,140,37.33,Lunch,1,0,1,6
S1105,2026-04-09,02:42 PM,Yamuna,Library,0,0,01:13 PM,03:08 PM,01:03 PM,03:18 PM,768.11,95,25.29,None,1,0,0,6
S1106,2026-04-15,12:27 PM,Azad,Mess,12:25 PM,12:47 PM,0,0,0,0,600.76,53,30.4,Lunch,1,0,0,6
S1107,2026-04-24,10:06 PM,Azad,Mess,09:48 PM,10:42 PM,0,0,0,0,417.16,70,29.0,Dinner,0,0,1,7
S1108,2026-04-02,06:57 PM,Rajendra,Library,0,0,06:43 PM,07:29 PM,06:19 PM,07:56 PM,1000.78,105,18.23,None,0,0,0,8
S1109,2026-04-21,08:28 PM,Rajendra,Outside,0,0,0,0,07:03 PM,09:50 PM,316.17,131,9.39,None,0,0,1,6
S1110,2026-04-23,08:52 PM,Rajendra,Outside,0,0,0,0,07:55 PM,11:06 PM,175.46,95,8.93,None,0,0,1,8
S1111,2026-04-27,07:38 PM,Ganga,Mess,07:22 PM,07:42 PM,0,0,0,0,480.06,81,30.73,Dinner,0,0,1,6
S1112,2026-04-09,02:17 PM,Azad,Outside,0,0,0,0,01:29 PM,04:58 PM,201.6,10,0.94,None,0,0,0,7
S1113,2026-04-20,11:19 PM,Sarojini,Library,0,0,06:35 PM,11:38 PM,06:09 PM,11:59 PM,699.02,29,16.15,None,0,0,1,4
S1114,2026-04-15,01:15 AM,Rajendra,Hostel,0,0,0,0,0,0,390.41,175,36.18,None,0,0,0,15
S1115,2026-04-11,01:25 AM,Rajendra,Outside,0,0,0,0,0,04:18 AM,375.84,143,14.29,None,0,0,0,6
S1116,2026-04-11,03:05 PM,Ganga,Outside,0,0,0,0,01:13 PM,04:44 PM,109.07,97,9.89,None,0,0,0,3
S1117,2026-04-11,07:42 AM,Azad,Mess,07:33 AM,08:00 AM,0,0,0,0,441.65,110,49.18,Breakfast,0,0,0,8
S1118,2026-04-25,11:33 PM,Sarojini,Library,0,0,09:56 PM,11:59 PM,09:48 PM,11:59 PM,524.44,155,31.45,None,0,0,1,8
S1119,2026-04-24,07:45 PM,Azad,Mess,07:22 PM,07:57 PM,0,0,0,0,524.83,174,58.77,Dinner,0,0,1,3
S1120,2026-04-30,08:51 PM,Rajendra,Library,0,0,08:21 PM,11:59 PM,08:16 PM,11:59 PM,989.76,45,11.7,None,0,0,1,5
S1121,2026-04-17,06:18 PM,Sarojini,Library,0,0,05:41 PM,06:19 PM,05:18 PM,07:08 PM,891.33,71,22.57,None,0,0,0,8
S1122,2026-04-06,07:59 PM,Ganga,Library,0,0,07:36 PM,08:25 PM,07:07 PM,08:53 PM,709.65,32,15.52,None,0,0,0,4
S1123,2026-04-01,06:40 AM,Ganga,Hostel,0,0,0,0,0,0,297.71,175,28.49,None,0,0,0,7
S1124,2026-04-15,07:44 AM,Yamuna,Mess,07:09 AM,08:03 AM,0,0,0,0,295.72,11,39.82,Breakfast,0,0,0,8
S1125,2026-04-28,12:23 PM,Rajendra,Library,0,0,09:38 AM,02:47 PM,09:23 AM,03:45 PM,819.71,156,32.11,None,0,0,1,3
S1126,2026-04-06,09:28 AM,Azad,Mess,09:24 AM,10:20 AM,0,0,0,0,469.35,39,42.96,Breakfast,1,1,0,8
S1127,2026-04-24,09:05 PM,Rajendra,Mess,08:42 PM,09:28 PM,0,0,0,0,441.82,89,38.98,Dinner,0,0,1,4
S1128,2026-04-05,06:46 PM,Sarojini,Library,0,0,06:33 PM,08:01 PM,06:25 PM,08:44 PM,841.62,160,33.42,None,0,0,0,10
S1129,2026-04-29,03:27 PM,Sarojini,Library,0,0,11:43 AM,04:43 PM,11:34 AM,05:21 PM,1012.8,138,24.22,None,1,0,1,5
S1130,2026-04-26,12:49 PM,Sarojini,Classroom,0,0,0,0,12:18 PM,02:02 PM,105.39,27,3.33,None,1,0,1,5
S1131,2026-04-14,12:04 AM,Sarojini,Hostel,0,0,0,0,0,0,287.3,188,35.34,None,0,0,0,6
S1132,2026-04-18,04:02 PM,Rajendra,Library,0,0,03:26 PM,06:23 PM,02:57 PM,06:54 PM,787.71,99,20.36,None,0,0,0,7
S1133,2026-04-27,10:32 AM,Azad,Mess,09:56 AM,10:45 AM,0,0,0,0,542.56,159,36.81,Breakfast,1,1,1,6
S1134,2026-04-14,09:13 AM,Sarojini,Mess,09:10 AM,09:32 AM,0,0,0,0,583.62,130,46.97,Breakfast,0,0,0,7
S1135,2026-05-01,04:39 PM,Yamuna,Library,0,0,02:59 PM,05:21 PM,02:52 PM,06:17 PM,842.04,72,16.57,None,1,1,0,8
S1136,2026-04-15,11:06 AM,Ganga,Outside,0,0,0,0,10:28 AM,01:57 PM,368.69,56,5.89,None,1,0,0,8
S1137,2026-04-28,12:13 PM,Azad,Library,0,0,12:13 PM,07:27 PM,12:02 PM,08:09 PM,530.91,107,22.74,None,1,0,1,8
S1138,2026-04-15,10:14 PM,Sarojini,Mess,09:59 PM,10:59 PM,0,0,0,0,565.16,163,54.58,Dinner,0,0,0,5
S1139,2026-04-19,07:50 PM,Azad,Mess,07:49 PM,08:16 PM,0,0,0,0,428.14,145,47.31,Dinner,0,0,0,8
S1140,2026-04-30,07:40 AM,Ganga,Mess,07:35 AM,08:00 AM,0,0,0,0,566.95,58,24.64,Breakfast,0,0,1,7
S1141,2026-04-21,11:27 PM,Sarojini,Outside,0,0,0,0,09:53 PM,11:59 PM,337.98,110,13.92,None,0,0,1,3
S1142,2026-04-21,07:20 PM,Ganga,Library,0,0,01:13 PM,08:29 PM,01:06 PM,08:44 PM,1002.47,122,12.77,None,0,0,1,5
S1143,2026-04-23,02:56 PM,Sarojini,Library,0,0,11:19 AM,06:05 PM,10:53 AM,06:46 PM,764.04,42,14.25,None,0,0,1,5
S1144,2026-04-08,03:28 PM,Yamuna,Library,0,0,01:53 PM,04:14 PM,01:38 PM,04:30 PM,790.16,140,23.73,None,1,0,0,7
S1145,2026-04-27,03:45 PM,Yamuna,Classroom,0,0,0,0,03:25 PM,04:38 PM,114.38,93,9.54,None,1,0,1,3
S1146,2026-04-06,11:58 PM,Yamuna,Library,0,0,10:48 PM,11:59 PM,10:19 PM,11:59 PM,843.43,140,23.16,None,0,0,0,7
S1147,2026-04-25,08:15 PM,Sarojini,Mess,08:06 PM,09:03 PM,0,0,0,0,253.74,174,56.19,Dinner,0,0,1,4
S1148,2026-04-20,10:59 AM,Ganga,Outside,0,0,0,0,09:24 AM,12:51 PM,216.19,196,17.01,None,0,0,1,3
S1149,2026-05-01,07:30 PM,Sarojini,Outside,0,0,0,0,06:11 PM,08:50 PM,120.63,107,9.95,None,0,0,0,5
S1150,2026-04-17,01:44 AM,Azad,Outside,0,0,0,0,12:15 AM,03:10 AM,273.72,25,1.98,None,0,0,0,6
S1151,2026-04-05,07:24 PM,Sarojini,Library,0,0,05:37 PM,07:57 PM,05:31 PM,08:52 PM,885.41,175,25.84,None,0,0,0,8
S1152,2026-04-10,02:54 PM,Azad,Mess,02:26 PM,02:59 PM,0,0,0,0,658.43,68,35.61,Lunch,0,0,0,7
S1153,2026-04-09,05:50 AM,Sarojini,Outside,0,0,0,0,05:05 AM,07:09 AM,156.21,93,13.72,None,0,0,0,6
S1154,2026-04-25,02:35 PM,Azad,Mess,02:30 PM,02:55 PM,0,0,0,0,584.4,158,44.39,Lunch,1,0,1,3
S1155,2026-04-26,12:05 PM,Azad,Mess,12:05 PM,12:42 PM,0,0,0,0,594.59,42,30.92,Lunch,0,0,1,8
S1156,2026-04-12,10:41 PM,Ganga,Outside,0,0,0,0,09:21 PM,11:59 PM,384.34,86,9.52,None,0,0,0,4
S1157,2026-04-20,08:44 AM,Rajendra,Hostel,0,0,0,0,0,0,265.26,106,30.3,None,0,0,1,3
S1158,2026-04-16,06:45 AM,Yamuna,Hostel,0,0,0,0,0,0,155.8,16,11.96,None,0,0,0,5
S1159,2026-04-05,10:13 AM,Rajendra,Library,0,0,10:10 AM,11:45 AM,09:53 AM,12:40 PM,859.03,164,33.84,None,1,1,0,7
S1160,2026-04-13,09:00 PM,Ganga,Mess,08:35 PM,09:18 PM,0,0,0,0,491.96,28,33.76,Dinner,0,0,0,5
S1161,2026-04-15,08:15 PM,Yamuna,Mess,08:00 PM,08:50 PM,0,0,0,0,531.38,155,57.1,Dinner,0,0,0,7
S1162,2026-04-21,08:33 PM,Azad,Library,0,0,04:59 PM,11:59 PM,04:42 PM,11:59 PM,520.68,24,14.14,None,0,0,1,6
S1163,2026-04-29,02:20 AM,Rajendra,Hostel,0,0,0,0,0,0,133.5,73,28.56,None,0,0,1,6
S1164,2026-04-07,04:16 AM,Azad,Outside,0,0,0,0,03:15 AM,05:19 AM,369.84,163,18.81,None,0,0,0,6
S1165,2026-04-21,11:24 PM,Ganga,Library,0,0,06:04 PM,11:34 PM,05:50 PM,11:59 PM,727.7,195,24.67,None,0,0,1,6
S1166,2026-04-12,12:38 PM,Ganga,Mess,12:07 PM,12:56 PM,0,0,0,0,437.23,104,50.28,Lunch,0,0,0,7
S1167,2026-04-06,06:55 AM,Sarojini,Hostel,0,0,0,0,0,0,183.93,118,31.77,None,0,0,0,7
S1168,2026-04-22,08:45 AM,Rajendra,Mess,08:28 AM,08:53 AM,0,0,0,0,266.12,131,46.37,Breakfast,0,0,1,6
S1169,2026-04-12,07:03 AM,Sarojini,Outside,0,0,0,0,05:34 AM,09:15 AM,241.72,35,3.65,None,0,0,0,8
S1170,2026-04-19,07:46 PM,Azad,Outside,0,0,0,0,06:24 PM,10:41 PM,160.7,153,21.25,None,0,0,0,4
S1171,2026-04-04,10:08 PM,Rajendra,Mess,09:54 PM,10:45 PM,0,0,0,0,350.05,93,45.72,Dinner,0,0,0,3
S1172,2026-04-23,10:59 PM,Ganga,Library,0,0,08:35 PM,11:59 PM,08:25 PM,11:59 PM,823.06,110,24.62,None,0,0,1,5
S1173,2026-04-25,03:24 PM,Sarojini,Library,0,0,03:18 PM,10:12 PM,03:00 PM,11:02 PM,787.16,145,21.53,None,1,0,1,8
S1174,2026-04-26,07:45 AM,Ganga,Hostel,0,0,0,0,0,0,217.47,28,19.42,None,0,0,1,7
S1175,2026-04-30,07:44 PM,Sarojini,Mess,07:10 PM,07:56 PM,0,0,0,0,361.67,113,29.92,Dinner,0,0,1,8
S1176,2026-04-19,07:56 AM,Rajendra,Mess,07:54 AM,08:35 AM,0,0,0,0,396.91,57,42.21,Breakfast,0,0,0,12
S1177,2026-04-11,07:21 AM,Sarojini,Mess,07:11 AM,08:00 AM,0,0,0,0,246.93,83,26.83,Breakfast,0,0,0,6
S1178,2026-04-17,11:13 AM,Sarojini,Library,0,0,10:19 AM,11:19 AM,10:03 AM,12:17 PM,506.44,160,29.99,None,0,0,0,6
S1179,2026-04-22,10:14 AM,Azad,Mess,09:45 AM,10:28 AM,0,0,0,0,292.56,91,45.42,Breakfast,0,0,1,7
S1180,2026-04-10,07:35 PM,Azad,Mess,07:09 PM,07:50 PM,0,0,0,0,432.13,173,56.38,Dinner,0,0,0,7
S1181,2026-04-18,10:08 PM,Ganga,Mess,09:21 PM,10:17 PM,0,0,0,0,634.78,125,38.7,Dinner,0,0,0,7
S1182,2026-04-27,07:55 PM,Yamuna,Mess,07:38 PM,08:06 PM,0,0,0,0,432.06,106,32.78,Dinner,0,0,1,5
S1183,2026-04-27,02:15 PM,Azad,Hostel,0,0,0,0,0,0,161.88,10,15.34,None,1,0,1,8
S1184,2026-04-30,09:03 PM,Ganga,Library,0,0,05:18 PM,11:59 PM,05:09 PM,11:59 PM,438.26,64,13.88,None,0,0,1,8
S1185,2026-04-16,11:48 PM,Ganga,Hostel,0,0,0,0,0,0,1201.87,179,31.41,None,0,0,0,13
S1186,2026-04-19,09:57 AM,Sarojini,Library,0,0,09:39 AM,10:20 AM,09:18 AM,10:48 AM,908.64,44,17.56,None,0,0,0,4
S1187,2026-04-03,02:24 PM,Sarojini,Mess,02:24 PM,02:45 PM,0,0,0,0,425.29,38,37.54,Lunch,0,0,0,7
S1188,2026-05-01,07:13 PM,Ganga,Mess,07:10 PM,07:43 PM,0,0,0,0,356.0,104,50.28,Dinner,0,0,0,8
S1189,2026-04-06,12:35 PM,Sarojini,Mess,12:25 PM,12:52 PM,0,0,0,0,333.99,149,47.44,Lunch,0,0,0,6
S1190,2026-04-02,09:40 PM,Ganga,Mess,09:29 PM,10:28 PM,0,0,0,0,521.0,186,34.44,Dinner,0,0,0,7
S1191,2026-04-15,08:34 AM,Ganga,Mess,08:29 AM,08:53 AM,0,0,0,0,424.87,198,54.76,Breakfast,0,0,0,8
S1192,2026-04-04,01:34 PM,Azad,Library,0,0,12:36 PM,02:38 PM,12:12 PM,03:16 PM,648.03,93,16.27,None,0,0,0,7
S1193,2026-04-13,09:44 AM,Azad,Mess,09:41 AM,10:04 AM,0,0,0,0,481.9,104,46.41,Breakfast,1,1,0,8
S1194,2026-04-09,10:46 PM,Ganga,Library,0,0,10:44 PM,11:21 PM,10:15 PM,11:59 PM,1049.35,143,28.06,None,0,0,0,4
S1195,2026-05-01,08:58 PM,Ganga,Library,0,0,07:52 PM,09:42 PM,07:41 PM,10:19 PM,530.3,179,26.58,None,0,0,0,5
S1196,2026-04-13,01:34 PM,Rajendra,Mess,12:44 PM,01:34 PM,0,0,0,0,457.78,51,32.86,Lunch,1,0,0,7
S1197,2026-04-05,09:58 PM,Rajendra,Mess,09:23 PM,10:20 PM,0,0,0,0,350.38,182,56.92,Dinner,0,0,0,7
S1198,2026-04-17,07:47 PM,Azad,Library,0,0,07:09 PM,08:33 PM,06:47 PM,08:57 PM,649.69,125,13.55,None,0,0,0,7
S1199,2026-04-12,10:41 AM,Sarojini,Library,0,0,09:57 AM,12:11 PM,09:35 AM,01:02 PM,859.44,199,27.04,None,0,0,0,6
S1200,2026-04-27,10:51 PM,Sarojini,Library,0,0,10:43 PM,11:59 PM,10:25 PM,11:59 PM,620.2,79,12.42,None,0,0,1,5
S1201,2026-04-24,03:49 AM,Rajendra,Hostel,0,0,0,0,0,0,331.37,167,25.38,None,0,0,1,3
S1202,2026-04-12,07:17 PM,Ganga,Hostel,0,0,0,0,0,0,206.43,191,41.08,None,0,0,0,7
S1203,2026-04-30,08:59 AM,Rajendra,Mess,08:54 AM,09:18 AM,0,0,0,0,385.52,34,26.93,Breakfast,0,0,1,4
S1204,2026-04-14,08:55 PM,Sarojini,Library,0,0,08:18 PM,09:19 PM,07:59 PM,10:13 PM,619.91,135,21.06,None,0,0,0,6
S1205,2026-05-01,03:52 PM,Ganga,Library,0,0,02:17 PM,04:12 PM,01:56 PM,04:53 PM,821.34,122,22.44,None,0,0,0,9
S1206,2026-04-12,09:33 PM,Ganga,Hostel,0,0,0,0,0,0,1184.64,190,37.84,None,0,0,0,10
S1207,2026-04-03,08:51 PM,Rajendra,Mess,08:23 PM,09:18 PM,0,0,0,0,475.38,28,30.27,Dinner,0,0,0,5
S1208,2026-04-29,07:34 AM,Yamuna,Mess,07:19 AM,07:48 AM,0,0,0,0,492.47,193,38.34,Breakfast,0,0,1,6
S1209,2026-04-21,09:02 PM,Yamuna,Mess,09:02 PM,09:33 PM,0,0,0,0,587.99,117,46.69,Dinner,0,0,1,4
S1210,2026-04-14,03:37 PM,Ganga,Hostel,0,0,0,0,0,0,390.1,104,34.48,None,0,0,0,15
S1211,2026-04-26,01:13 PM,Rajendra,Library,0,0,10:49 AM,07:18 PM,10:20 AM,07:43 PM,909.38,68,13.86,None,0,0,1,6
S1212,2026-04-25,01:31 PM,Yamuna,Mess,01:14 PM,02:13 PM,0,0,0,0,391.3,65,30.7,Lunch,0,0,1,5
S1213,2026-04-29,04:24 AM,Sarojini,Outside,0,0,0,0,03:47 AM,06:15 AM,141.36,122,14.23,None,0,0,1,7
S1214,2026-04-16,12:20 PM,Sarojini,Mess,12:03 PM,12:25 PM,0,0,0,0,526.67,39,35.22,Lunch,1,0,0,9
S1215,2026-04-26,12:37 AM,Rajendra,Outside,0,0,0,0,0,03:15 AM,360.9,135,15.01,None,0,0,1,5
S1216,2026-04-23,09:37 AM,Azad,Mess,09:17 AM,09:51 AM,0,0,0,0,551.6,61,44.88,Breakfast,0,0,1,7
S1217,2026-04-23,10:09 PM,Azad,Hostel,0,0,0,0,0,0,1197.24,135,32.61,None,0,0,1,6
S1218,2026-04-29,09:33 AM,Rajendra,Mess,09:18 AM,10:16 AM,0,0,0,0,439.48,170,39.16,Breakfast,0,0,1,4
S1219,2026-04-20,12:08 PM,Sarojini,Library,0,0,10:16 AM,03:51 PM,10:05 AM,04:18 PM,734.03,88,16.68,None,1,0,1,3
S1220,2026-04-22,08:39 AM,Sarojini,Mess,08:24 AM,09:21 AM,0,0,0,0,397.85,106,32.52,Breakfast,0,0,1,4
S1221,2026-04-22,09:01 PM,Sarojini,Library,0,0,07:48 PM,11:59 PM,07:21 PM,11:59 PM,761.48,153,20.86,None,0,0,1,5
S1222,2026-04-30,03:23 PM,Sarojini,Mess,02:53 PM,03:24 PM,0,0,0,0,400.81,87,37.59,Lunch,1,0,1,5
S1223,2026-04-18,10:39 AM,Azad,Library,0,0,09:57 AM,10:41 AM,09:49 AM,11:10 AM,730.25,116,12.36,None,1,1,0,9
S1224,2026-04-23,03:32 PM,Rajendra,Library,0,0,09:25 AM,04:28 PM,08:56 AM,05:20 PM,927.35,90,24.13,None,0,0,1,5
S1225,2026-04-22,06:57 PM,Yamuna,Library,0,0,05:44 PM,11:59 PM,05:17 PM,11:59 PM,695.65,170,31.94,None,0,0,1,3
S1226,2026-04-30,05:07 AM,Azad,Hostel,0,0,0,0,0,0,393.4,50,22.63,None,0,0,1,8
S1227,2026-04-07,01:58 PM,Yamuna,Library,0,0,01:38 PM,03:49 PM,01:16 PM,04:06 PM,614.25,194,28.97,None,0,0,0,7
S1228,2026-04-15,10:41 AM,Azad,Outside,0,0,0,0,09:37 AM,12:16 PM,229.44,167,9.6,None,0,0,0,7
S1229,2026-04-23,11:39 PM,Ganga,Hostel,0,0,0,0,0,0,815.58,121,37.05,None,0,0,1,4
S1230,2026-04-19,09:33 AM,Rajendra,Mess,09:17 AM,10:11 AM,0,0,0,0,335.04,56,37.52,Breakfast,1,1,0,6
S1231,2026-04-23,05:06 AM,Rajendra,Outside,0,0,0,0,03:26 AM,07:18 AM,149.98,86,9.86,None,0,0,1,4
S1232,2026-04-17,08:52 PM,Rajendra,Mess,08:27 PM,09:11 PM,0,0,0,0,625.41,137,39.63,Dinner,0,0,0,7
S1233,2026-04-07,08:18 PM,Ganga,Library,0,0,07:29 PM,08:48 PM,07:21 PM,09:38 PM,632.16,54,17.0,None,0,0,0,8
S1234,2026-04-23,03:54 PM,Yamuna,Library,0,0,09:42 AM,04:54 PM,09:25 AM,05:24 PM,772.73,168,38.71,None,0,0,1,6
S1235,2026-04-18,12:42 AM,Yamuna,Hostel,0,0,0,0,0,0,113.63,136,25.03,None,0,0,0,7
S1236,2026-04-28,12:16 PM,Yamuna,Library,0,0,11:12 AM,06:36 PM,11:04 AM,07:20 PM,672.07,107,23.55,None,1,0,1,7
S1237,2026-04-30,05:14 PM,Ganga,Outside,0,0,0,0,04:00 PM,07:08 PM,100.7,144,9.03,None,0,0,1,6
S1238,2026-04-21,01:11 AM,Yamuna,Outside,0,0,0,0,12:33 AM,02:24 AM,287.51,14,1.34,None,0,0,1,6
S1239,2026-04-11,02:25 PM,Rajendra,Library,0,0,12:22 PM,02:41 PM,12:13 PM,03:00 PM,802.24,21,10.93,None,1,0,0,8
S1240,2026-04-16,06:29 PM,Rajendra,Library,0,0,06:25 PM,07:02 PM,06:05 PM,07:59 PM,723.54,191,33.32,None,0,0,0,8
S1241,2026-04-04,08:07 AM,Azad,Mess,07:18 AM,08:09 AM,0,0,0,0,353.12,45,38.78,Breakfast,0,0,0,7
S1242,2026-04-16,08:15 AM,Azad,Outside,0,0,0,0,06:47 AM,09:56 AM,124.49,12,1.58,None,0,0,0,8
S1243,2026-04-25,09:33 PM,Sarojini,Library,0,0,02:59 PM,09:53 PM,02:33 PM,10:52 PM,694.54,51,9.96,None,0,0,1,5
S1244,2026-04-04,06:43 PM,Sarojini,Library,0,0,06:08 PM,07:53 PM,05:57 PM,08:20 PM,745.39,150,19.9,None,0,0,0,8
S1245,2026-04-09,06:27 PM,Azad,Hostel,0,0,0,0,0,0,340.09,193,37.27,None,0,0,0,6
S1246,2026-04-28,10:32 PM,Sarojini,Library,0,0,07:09 PM,11:59 PM,07:02 PM,11:59 PM,710.99,140,24.2,None,0,0,1,6
S1247,2026-04-07,07:12 AM,Rajendra,Outside,0,0,0,0,06:21 AM,08:15 AM,272.54,107,7.89,None,0,0,0,7
S1248,2026-04-18,07:40 PM,Azad,Library,0,0,07:38 PM,08:22 PM,07:24 PM,09:17 PM,587.3,15,15.38,None,0,0,0,8
S1249,2026-04-10,11:47 PM,Sarojini,Outside,0,0,0,0,09:48 PM,11:59 PM,370.51,106,9.51,None,0,0,0,8
S1250,2026-05-01,02:29 PM,Rajendra,Mess,01:53 PM,02:36 PM,0,0,0,0,355.44,71,30.14,Lunch,0,0,0,12
S1251,2026-04-07,10:59 PM,Sarojini,Library,0,0,09:55 PM,11:47 PM,09:43 PM,11:59 PM,550.96,128,21.97,None,0,0,0,7
S1252,2026-04-27,08:32 PM,Yamuna,Hostel,0,0,0,0,0,0,1348.79,143,40.71,None,0,0,1,4
S1253,2026-04-04,01:37 PM,Azad,Mess,01:20 PM,02:18 PM,0,0,0,0,576.79,99,43.69,Lunch,1,0,0,6
S1254,2026-04-12,12:50 PM,Ganga,Mess,12:22 PM,01:17 PM,0,0,0,0,298.4,105,44.89,Lunch,0,0,0,6
S1255,2026-04-07,01:54 PM,Rajendra,Mess,01:46 PM,02:06 PM,0,0,0,0,312.94,175,56.33,Lunch,1,0,0,8
S1256,2026-04-21,10:52 PM,Yamuna,Library,0,0,07:57 PM,11:59 PM,07:29 PM,11:59 PM,966.51,149,27.14,None,0,0,1,3
S1257,2026-04-17,05:11 PM,Yamuna,Library,0,0,04:36 PM,06:30 PM,04:15 PM,06:50 PM,693.95,188,29.07,None,0,0,0,5
S1258,2026-04-13,04:31 PM,Azad,Hostel,0,0,0,0,0,0,310.21,129,36.27,None,1,1,0,6
S1259,2026-04-07,12:48 PM,Rajendra,Library,0,0,12:06 PM,02:37 PM,11:40 AM,02:56 PM,622.88,164,27.46,None,1,0,0,10
S1260,2026-04-09,11:38 PM,Yamuna,Outside,0,0,0,0,09:51 PM,11:59 PM,376.37,49,3.55,None,0,0,0,6
S1261,2026-04-20,02:37 PM,Azad,Mess,02:30 PM,02:52 PM,0,0,0,0,580.7,74,32.73,Lunch,1,0,1,5
S1262,2026-04-17,09:42 PM,Yamuna,Mess,09:26 PM,09:49 PM,0,0,0,0,232.03,23,27.78,Dinner,0,0,0,6
S1263,2026-04-13,03:16 PM,Yamuna,Classroom,0,0,0,0,02:36 PM,04:34 PM,165.89,159,13.62,None,1,0,0,6
S1264,2026-04-02,12:56 PM,Azad,Outside,0,0,0,0,12:20 PM,02:59 PM,371.49,181,10.65,None,0,0,0,8
S1265,2026-04-25,09:39 PM,Azad,Mess,09:38 PM,10:27 PM,0,0,0,0,445.3,19,29.82,Dinner,0,0,1,5
S1266,2026-04-23,04:15 PM,Sarojini,Classroom,0,0,0,0,03:49 PM,04:52 PM,282.29,110,8.76,None,1,1,1,6
S1267,2026-04-28,01:12 PM,Ganga,Mess,12:41 PM,01:20 PM,0,0,0,0,423.0,93,36.98,Lunch,0,0,1,6
S1268,2026-04-15,08:58 PM,Yamuna,Mess,08:43 PM,09:20 PM,0,0,0,0,337.43,109,38.87,Dinner,0,0,0,11
S1269,2026-04-08,09:29 PM,Yamuna,Hostel,0,0,0,0,0,0,1208.41,98,23.41,None,0,0,0,7
S1270,2026-04-29,10:37 PM,Yamuna,Library,0,0,03:19 PM,11:05 PM,03:09 PM,11:59 PM,668.64,36,12.38,None,0,0,1,4
S1271,2026-04-02,02:18 PM,Azad,Outside,0,0,0,0,01:46 PM,03:23 PM,312.02,181,15.18,None,1,0,0,7
S1272,2026-04-29,08:49 AM,Sarojini,Mess,08:39 AM,09:30 AM,0,0,0,0,569.51,184,49.93,Breakfast,0,0,1,6
S1273,2026-04-19,04:32 PM,Azad,Library,0,0,02:05 PM,04:57 PM,01:49 PM,05:50 PM,889.17,91,20.71,None,0,0,0,6
S1274,2026-04-05,12:59 PM,Sarojini,Library,0,0,11:32 AM,02:01 PM,11:10 AM,02:31 PM,865.18,162,16.84,None,0,0,0,4
S1275,2026-04-28,01:20 PM,Azad,Mess,12:37 PM,01:31 PM,0,0,0,0,301.49,37,28.32,Lunch,1,0,1,8
S1276,2026-04-30,08:07 AM,Yamuna,Outside,0,0,0,0,06:27 AM,10:48 AM,148.8,12,1.21,None,0,0,1,4
S1277,2026-04-24,03:04 PM,Sarojini,Classroom,0,0,0,0,02:29 PM,03:46 PM,172.12,89,9.38,None,1,0,1,5
S1278,2026-04-01,08:39 AM,Sarojini,Mess,08:22 AM,08:42 AM,0,0,0,0,416.44,24,37.46,Breakfast,0,0,0,8
S1279,2026-04-29,11:45 AM,Yamuna,Classroom,0,0,0,0,11:23 AM,01:06 PM,354.96,61,9.09,None,1,0,1,4
S1280,2026-04-01,02:36 PM,Yamuna,Hostel,0,0,0,0,0,0,158.57,142,31.73,None,1,0,0,6
S1281,2026-04-15,04:23 PM,Sarojini,Library,0,0,04:18 PM,06:47 PM,03:50 PM,07:22 PM,508.57,143,22.83,None,0,0,0,10
S1282,2026-04-01,05:38 PM,Sarojini,Library,0,0,03:42 PM,06:17 PM,03:14 PM,06:34 PM,738.84,47,10.5,None,0,0,0,7
S1283,2026-04-07,07:41 AM,Azad,Mess,07:07 AM,08:07 AM,0,0,0,0,547.75,151,58.22,Breakfast,0,0,0,16
S1284,2026-04-12,11:26 PM,Yamuna,Library,0,0,10:50 PM,11:59 PM,10:44 PM,11:59 PM,844.69,151,21.4,None,0,0,0,5
S1285,2026-05-01,04:20 PM,Rajendra,Hostel,0,0,0,0,0,0,130.02,66,26.05,None,1,1,0,4
S1286,2026-04-12,03:28 PM,Ganga,Library,0,0,01:21 PM,04:10 PM,01:13 PM,04:48 PM,835.04,127,13.59,None,1,0,0,7
S1287,2026-04-06,10:00 AM,Sarojini,Outside,0,0,0,0,08:37 AM,12:50 PM,124.93,114,5.84,None,0,0,0,3
S1288,2026-04-21,07:46 AM,Azad,Mess,07:05 AM,07:50 AM,0,0,0,0,294.94,126,50.06,Breakfast,0,0,1,4
S1289,2026-04-15,08:47 PM,Sarojini,Mess,08:47 PM,09:09 PM,0,0,0,0,650.95,170,42.37,Dinner,0,0,0,7
S1290,2026-04-02,05:27 PM,Azad,Outside,0,0,0,0,03:43 PM,08:12 PM,325.03,65,6.24,None,0,0,0,6
S1291,2026-04-11,03:04 PM,Ganga,Library,0,0,02:26 PM,03:54 PM,01:59 PM,04:52 PM,680.05,157,27.41,None,0,0,0,7
S1292,2026-04-17,04:14 PM,Rajendra,Library,0,0,04:06 PM,04:57 PM,03:39 PM,05:48 PM,634.04,169,20.8,None,1,1,0,8
S1293,2026-04-03,08:03 AM,Sarojini,Mess,07:46 AM,08:10 AM,0,0,0,0,503.07,101,39.45,Breakfast,0,0,0,7
S1294,2026-04-10,02:02 PM,Yamuna,Classroom,0,0,0,0,01:32 PM,03:45 PM,380.48,46,2.52,None,1,0,0,8
S1295,2026-04-10,08:16 AM,Sarojini,Mess,08:16 AM,08:46 AM,0,0,0,0,583.26,86,33.66,Breakfast,0,0,0,5
S1296,2026-04-02,03:10 PM,Ganga,Library,0,0,02:55 PM,05:02 PM,02:44 PM,06:00 PM,921.5,104,21.99,None,0,0,0,8
S1297,2026-04-07,02:50 PM,Rajendra,Library,0,0,02:31 PM,04:35 PM,02:13 PM,05:34 PM,826.93,197,38.69,None,0,0,0,7
S1298,2026-04-19,06:53 AM,Sarojini,Outside,0,0,0,0,06:03 AM,08:01 AM,124.62,93,4.92,None,0,0,0,7
S1299,2026-04-13,04:24 PM,Rajendra,Library,0,0,04:08 PM,04:41 PM,04:01 PM,04:58 PM,766.0,135,18.73,None,0,0,0,7
S1300,2026-04-01,01:30 AM,Yamuna,Hostel,0,0,0,0,0,0,368.5,166,29.14,None,0,0,0,7
S1301,2026-04-11,11:51 AM,Rajendra,Library,0,0,11:02 AM,12:58 PM,10:44 AM,01:42 PM,618.45,58,13.79,None,1,0,0,6
S1302,2026-04-08,04:35 PM,Ganga,Outside,0,0,0,0,03:31 PM,07:19 PM,306.23,59,8.85,None,0,0,0,7
S1303,2026-04-17,08:30 PM,Sarojini,Hostel,0,0,0,0,0,0,859.93,75,29.08,None,0,0,0,8
S1304,2026-04-08,06:25 PM,Sarojini,Library,0,0,06:04 PM,08:52 PM,05:53 PM,09:03 PM,607.47,70,18.26,None,0,0,0,6
S1305,2026-04-22,10:32 PM,Azad,Library,0,0,10:03 PM,11:59 PM,09:51 PM,11:59 PM,653.44,177,30.48,None,0,0,1,6
S1306,2026-04-19,04:16 PM,Rajendra,Classroom,0,0,0,0,03:56 PM,05:04 PM,267.05,140,20.36,None,1,1,0,4
S1307,2026-04-21,01:20 PM,Ganga,Outside,0,0,0,0,11:52 AM,04:17 PM,381.5,150,22.19,None,1,0,1,4
S1308,2026-04-12,09:07 AM,Azad,Mess,09:04 AM,09:41 AM,0,0,0,0,483.1,27,38.86,Breakfast,1,1,0,7
S1309,2026-04-25,04:17 PM,Rajendra,Library,0,0,02:09 PM,08:14 PM,01:44 PM,09:12 PM,682.59,157,20.37,None,0,0,1,4
S1310,2026-04-04,05:16 PM,Ganga,Outside,0,0,0,0,03:50 PM,06:32 PM,228.33,113,15.37,None,0,0,0,9
S1311,2026-04-18,08:08 AM,Azad,Mess,07:48 AM,08:30 AM,0,0,0,0,505.59,83,36.34,Breakfast,0,0,0,7
S1312,2026-04-09,10:10 PM,Yamuna,Mess,09:33 PM,10:19 PM,0,0,0,0,394.85,56,31.26,Dinner,0,0,0,10
S1313,2026-04-16,09:44 AM,Rajendra,Library,0,0,09:22 AM,10:48 AM,09:06 AM,11:11 AM,949.67,147,19.42,None,1,1,0,7
S1314,2026-04-27,02:25 PM,Yamuna,Mess,01:49 PM,02:43 PM,0,0,0,0,678.42,136,59.56,Lunch,0,0,1,5
S1315,2026-04-20,11:42 PM,Ganga,Library,0,0,06:58 PM,11:59 PM,06:40 PM,11:59 PM,972.83,52,18.5,None,0,0,1,3
S1316,2026-04-30,07:40 PM,Azad,Mess,07:02 PM,07:54 PM,0,0,0,0,352.03,42,40.33,Dinner,0,0,1,3
S1317,2026-04-23,01:19 AM,Yamuna,Hostel,0,0,0,0,0,0,317.86,127,40.42,None,0,0,1,5
S1318,2026-04-15,09:56 PM,Sarojini,Mess,09:46 PM,10:35 PM,0,0,0,0,307.9,140,38.29,Dinner,0,0,0,8
S1319,2026-04-09,08:43 AM,Ganga,Mess,08:21 AM,08:53 AM,0,0,0,0,304.51,63,41.59,Breakfast,0,0,0,3
S1320,2026-04-26,09:21 AM,Yamuna,Hostel,0,0,0,0,0,0,294.14,66,18.38,None,0,0,1,4
S1321,2026-04-30,08:41 PM,Azad,Library,0,0,03:27 PM,11:44 PM,03:16 PM,11:59 PM,803.59,150,28.39,None,0,0,1,6
S1322,2026-04-09,10:49 AM,Yamuna,Library,0,0,10:06 AM,12:18 PM,09:59 AM,12:52 PM,898.09,30,9.22,None,1,1,0,7
S1323,2026-04-12,10:08 AM,Ganga,Mess,09:23 AM,10:15 AM,0,0,0,0,354.76,11,31.93,Breakfast,0,0,0,8
S1324,2026-04-11,09:03 AM,Ganga,Mess,08:47 AM,09:37 AM,0,0,0,0,457.55,76,39.82,Breakfast,0,0,0,4
S1325,2026-04-22,05:21 PM,Ganga,Outside,0,0,0,0,04:28 PM,07:27 PM,361.12,13,0.89,None,0,0,1,6
S1326,2026-04-09,10:03 PM,Azad,Library,0,0,10:00 PM,11:59 PM,09:52 PM,11:59 PM,558.39,118,19.5,None,0,0,0,6
S1327,2026-04-06,07:52 PM,Ganga,Hostel,0,0,0,0,0,0,255.15,165,46.73,None,0,0,0,8
S1328,2026-04-27,11:17 PM,Ganga,Library,0,0,08:52 PM,11:59 PM,08:45 PM,11:59 PM,412.23,111,15.61,None,0,0,1,6
S1329,2026-04-20,08:04 PM,Yamuna,Mess,07:16 PM,08:09 PM,0,0,0,0,459.39,25,28.13,Dinner,0,0,1,4
S1330,2026-04-19,06:35 AM,Yamuna,Hostel,0,0,0,0,0,0,296.74,196,44.04,None,0,0,0,10
S1331,2026-04-07,09:35 PM,Yamuna,Library,0,0,09:02 PM,11:59 PM,08:33 PM,11:59 PM,955.98,80,21.7,None,0,0,0,9
S1332,2026-04-08,01:36 PM,Azad,Mess,01:35 PM,02:16 PM,0,0,0,0,469.36,163,39.8,Lunch,1,0,0,5
S1333,2026-04-28,06:03 AM,Azad,Outside,0,0,0,0,04:31 AM,08:14 AM,370.43,143,14.57,None,0,0,1,5
S1334,2026-04-29,10:17 PM,Sarojini,Mess,09:54 PM,10:22 PM,0,0,0,0,424.24,188,46.47,Dinner,0,0,1,4
S1335,2026-04-24,02:36 PM,Ganga,Mess,02:11 PM,02:41 PM,0,0,0,0,384.56,155,54.2,Lunch,1,0,1,8
S1336,2026-04-15,09:00 PM,Rajendra,Library,0,0,08:00 PM,10:19 PM,07:48 PM,10:44 PM,600.54,184,34.19,None,0,0,0,7
S1337,2026-04-13,04:50 AM,Azad,Hostel,0,0,0,0,0,0,101.93,86,18.14,None,0,0,0,8
S1338,2026-05-01,11:08 AM,Azad,Outside,0,0,0,0,09:50 AM,01:06 PM,194.4,57,3.51,None,0,0,0,8
S1339,2026-04-06,01:24 PM,Sarojini,Outside,0,0,0,0,11:47 AM,04:05 PM,302.88,130,16.4,None,0,0,0,6
S1340,2026-04-29,12:16 PM,Ganga,Hostel,0,0,0,0,0,0,227.55,79,24.2,None,1,0,1,5
S1341,2026-04-24,10:01 AM,Sarojini,Classroom,0,0,0,0,09:32 AM,10:47 AM,159.12,128,11.31,None,1,1,1,7
S1342,2026-04-10,04:59 PM,Yamuna,Library,0,0,04:04 PM,05:08 PM,03:57 PM,05:32 PM,765.83,23,13.47,None,1,1,0,6
S1343,2026-04-09,02:58 PM,Azad,Mess,02:53 PM,03:42 PM,0,0,0,0,337.42,96,42.52,Lunch,1,0,0,9
S1344,2026-04-18,08:09 AM,Yamuna,Mess,08:06 AM,09:00 AM,0,0,0,0,348.18,182,46.62,Breakfast,0,0,0,7
S1345,2026-04-29,04:22 PM,Sarojini,Outside,0,0,0,0,02:50 PM,06:14 PM,231.53,29,2.09,None,0,0,1,6
S1346,2026-04-26,10:41 AM,Azad,Classroom,0,0,0,0,10:19 AM,12:15 PM,103.61,178,13.54,None,1,1,1,5
S1347,2026-04-26,01:29 PM,Azad,Outside,0,0,0,0,11:33 AM,04:22 PM,143.38,87,5.0,None,1,0,1,3
S1348,2026-04-21,07:23 AM,Ganga,Outside,0,0,0,0,05:53 AM,09:44 AM,261.57,72,4.23,None,0,0,1,4
S1349,2026-04-13,07:00 PM,Ganga,Library,0,0,06:59 PM,08:51 PM,06:52 PM,09:42 PM,765.39,90,17.2,None,0,0,0,7
S1350,2026-04-07,05:11 PM,Yamuna,Library,0,0,03:38 PM,05:15 PM,03:27 PM,06:12 PM,774.35,86,15.85,None,0,0,0,4
S1351,2026-04-01,07:26 PM,Ganga,Library,0,0,06:43 PM,07:52 PM,06:29 PM,08:07 PM,731.8,134,17.51,None,0,0,0,5
S1352,2026-04-05,07:06 PM,Rajendra,Hostel,0,0,0,0,0,0,179.95,109,24.64,None,0,0,0,9
S1353,2026-04-13,06:36 PM,Sarojini,Classroom,0,0,0,0,06:05 PM,07:40 PM,304.37,137,15.8,None,1,1,0,7
S1354,2026-04-29,08:30 PM,Yamuna,Library,0,0,06:35 PM,11:59 PM,06:13 PM,11:59 PM,971.41,27,14.72,None,0,0,1,8
S1355,2026-04-05,09:41 AM,Sarojini,Library,0,0,09:31 AM,10:19 AM,09:15 AM,10:35 AM,792.69,97,19.83,None,1,1,0,12
S1356,2026-04-21,02:28 PM,Azad,Classroom,0,0,0,0,02:16 PM,03:49 PM,378.1,183,25.12,None,1,0,1,4
S1357,2026-04-22,11:55 PM,Sarojini,Hostel,0,0,0,0,0,0,1509.95,19,12.03,None,0,0,1,4
S1358,2026-04-11,10:48 AM,Sarojini,Classroom,0,0,0,0,10:22 AM,11:46 AM,332.72,139,13.25,None,1,1,0,7
S1359,2026-04-08,06:26 AM,Azad,Hostel,0,0,0,0,0,0,173.3,153,34.39,None,0,0,0,6
S1360,2026-04-12,09:01 AM,Yamuna,Classroom,0,0,0,0,08:23 AM,10:56 AM,362.29,164,12.6,None,1,1,0,7
S1361,2026-04-21,09:34 AM,Ganga,Classroom,0,0,0,0,09:12 AM,10:12 AM,327.06,16,0.93,None,1,1,1,7
S1362,2026-04-14,01:38 PM,Yamuna,Library,0,0,12:37 PM,03:09 PM,12:09 PM,03:24 PM,875.14,86,16.72,None,0,0,0,7
S1363,2026-04-19,07:04 PM,Ganga,Hostel,0,0,0,0,0,0,364.85,133,25.02,None,0,0,0,15
S1364,2026-04-09,11:25 AM,Sarojini,Hostel,0,0,0,0,0,0,203.97,72,24.58,None,1,0,0,7
S1365,2026-04-04,08:09 PM,Ganga,Mess,07:52 PM,08:21 PM,0,0,0,0,374.74,81,46.31,Dinner,0,0,0,7
S1366,2026-04-10,08:16 AM,Rajendra,Mess,08:03 AM,09:02 AM,0,0,0,0,422.86,71,39.3,Breakfast,0,0,0,7
S1367,2026-04-08,05:43 PM,Rajendra,Library,0,0,03:37 PM,05:53 PM,03:09 PM,06:23 PM,1027.48,88,15.62,None,0,0,0,7
S1368,2026-04-08,10:34 PM,Azad,Library,0,0,09:26 PM,11:59 PM,09:07 PM,11:59 PM,807.69,43,12.7,None,0,0,0,4
S1369,2026-04-06,08:28 PM,Rajendra,Mess,07:58 PM,08:32 PM,0,0,0,0,596.15,158,43.82,Dinner,0,0,0,7
S1370,2026-04-23,10:10 PM,Ganga,Mess,09:47 PM,10:43 PM,0,0,0,0,338.15,116,37.15,Dinner,0,0,1,8
S1371,2026-04-30,01:02 AM,Azad,Outside,0,0,0,0,12:03 AM,02:47 AM,345.89,111,11.44,None,0,0,1,8
S1372,2026-04-26,07:44 AM,Azad,Hostel,0,0,0,0,0,0,328.38,53,25.54,None,0,0,1,4
S1373,2026-04-12,10:04 PM,Yamuna,Outside,0,0,0,0,08:13 PM,11:59 PM,133.69,105,12.25,None,0,0,0,9
S1374,2026-04-22,01:06 PM,Sarojini,Library,0,0,11:57 AM,06:37 PM,11:41 AM,07:04 PM,763.08,78,16.65,None,1,0,1,6
S1375,2026-04-22,11:02 AM,Sarojini,Outside,0,0,0,0,09:55 AM,02:01 PM,218.03,91,10.43,None,0,0,1,3
S1376,2026-04-25,08:52 PM,Rajendra,Mess,08:13 PM,09:03 PM,0,0,0,0,515.88,82,42.75,Dinner,0,0,1,3
S1377,2026-04-02,10:12 PM,Azad,Mess,09:41 PM,10:18 PM,0,0,0,0,519.65,54,45.79,Dinner,0,0,0,7
S1378,2026-04-15,07:12 PM,Rajendra,Library,0,0,06:10 PM,08:24 PM,05:40 PM,08:45 PM,504.58,73,19.25,None,0,0,0,8
S1379,2026-04-03,08:01 PM,Ganga,Library,0,0,07:56 PM,09:17 PM,07:48 PM,09:35 PM,930.95,108,27.93,None,0,0,0,9
S1380,2026-04-09,12:02 PM,Yamuna,Classroom,0,0,0,0,11:35 AM,12:40 PM,353.97,184,10.14,None,1,0,0,6
S1381,2026-04-20,10:12 PM,Sarojini,Library,0,0,03:23 PM,10:19 PM,03:18 PM,10:38 PM,606.21,161,26.49,None,0,0,1,4
S1382,2026-04-15,10:06 AM,Sarojini,Mess,09:56 AM,10:25 AM,0,0,0,0,534.07,13,22.15,Breakfast,1,1,0,10
S1383,2026-04-06,08:31 PM,Ganga,Mess,08:15 PM,08:46 PM,0,0,0,0,389.73,73,37.8,Dinner,0,0,0,7
S1384,2026-04-12,02:35 PM,Yamuna,Mess,02:22 PM,03:04 PM,0,0,0,0,381.35,35,34.02,Lunch,0,0,0,5
S1385,2026-05-01,08:22 PM,Rajendra,Library,0,0,06:51 PM,09:20 PM,06:39 PM,09:48 PM,677.2,29,14.09,None,0,0,0,5
S1386,2026-04-30,10:57 PM,Yamuna,Outside,0,0,0,0,09:00 PM,11:59 PM,236.18,176,21.52,None,0,0,1,6
S1387,2026-04-20,09:00 PM,Azad,Mess,08:42 PM,09:28 PM,0,0,0,0,451.31,13,37.43,Dinner,0,0,1,6
S1388,2026-04-05,08:55 AM,Sarojini,Mess,08:25 AM,08:59 AM,0,0,0,0,371.03,19,35.64,Breakfast,0,0,0,8
S1389,2026-04-11,07:36 PM,Azad,Mess,07:29 PM,08:01 PM,0,0,0,0,291.18,150,55.29,Dinner,0,0,0,5
S1390,2026-04-23,09:16 AM,Rajendra,Mess,09:09 AM,10:02 AM,0,0,0,0,395.88,10,24.64,Breakfast,1,1,1,6
S1391,2026-04-29,04:40 PM,Ganga,Classroom,0,0,0,0,04:22 PM,05:10 PM,396.73,94,8.55,None,1,1,1,5
S1392,2026-04-09,12:43 AM,Ganga,Outside,0,0,0,0,0,02:21 AM,223.82,87,4.74,None,0,0,0,7
S1393,2026-04-14,07:09 PM,Rajendra,Hostel,0,0,0,0,0,0,123.21,65,23.9,None,0,0,0,16
S1394,2026-04-10,02:02 AM,Azad,Hostel,0,0,0,0,0,0,324.48,98,30.2,None,0,0,0,8
S1395,2026-04-20,11:32 AM,Rajendra,Library,0,0,11:04 AM,04:34 PM,10:50 AM,04:53 PM,573.89,61,11.84,None,1,0,1,5
S1396,2026-04-23,08:24 PM,Sarojini,Mess,07:40 PM,08:32 PM,0,0,0,0,231.11,44,39.29,Dinner,0,0,1,7
S1397,2026-04-04,11:22 AM,Sarojini,Library,0,0,10:42 AM,11:55 AM,10:26 AM,12:44 PM,487.4,160,23.65,None,0,0,0,6
S1398,2026-04-02,02:10 PM,Sarojini,Library,0,0,01:53 PM,03:36 PM,01:46 PM,03:59 PM,725.28,94,13.99,None,1,0,0,7
S1399,2026-05-01,02:43 PM,Ganga,Mess,02:16 PM,02:58 PM,0,0,0,0,436.97,91,45.2,Lunch,1,0,0,7
S1400,2026-04-23,09:14 PM,Sarojini,Library,0,0,06:14 PM,11:59 PM,06:03 PM,11:59 PM,558.72,76,19.13,None,0,0,1,4
S1401,2026-04-24,03:01 AM,Ganga,Hostel,0,0,0,0,0,0,371.8,197,46.52,None,0,0,1,7
S1402,2026-05-01,09:52 PM,Sarojini,Hostel,0,0,0,0,0,0,1477.21,159,31.69,None,0,0,0,8
S1403,2026-04-23,06:53 PM,Azad,Library,0,0,01:03 PM,07:37 PM,12:49 PM,08:21 PM,657.43,122,26.68,None,0,0,1,5
S1404,2026-04-16,09:28 AM,Rajendra,Outside,0,0,0,0,08:28 AM,11:34 AM,381.94,56,3.42,None,0,0,0,6
S1405,2026-04-22,07:30 AM,Yamuna,Mess,07:13 AM,07:49 AM,0,0,0,0,349.98,10,21.94,Breakfast,0,0,1,8
S1406,2026-04-22,09:30 PM,Azad,Mess,09:10 PM,09:32 PM,0,0,0,0,324.3,99,43.82,Dinner,0,0,1,5
S1407,2026-04-20,09:22 PM,Azad,Library,0,0,04:26 PM,11:59 PM,04:20 PM,11:59 PM,861.71,188,33.25,None,0,0,1,5
S1408,2026-04-18,08:31 PM,Rajendra,Library,0,0,06:46 PM,09:29 PM,06:28 PM,09:48 PM,855.94,65,22.46,None,0,0,0,7
S1409,2026-04-26,08:26 PM,Ganga,Library,0,0,04:14 PM,09:31 PM,03:55 PM,10:21 PM,991.47,132,25.4,None,0,0,1,5
S1410,2026-04-18,05:38 PM,Azad,Hostel,0,0,0,0,0,0,360.23,185,31.73,None,0,0,0,8
S1411,2026-04-12,08:57 PM,Yamuna,Mess,08:13 PM,09:13 PM,0,0,0,0,433.76,101,30.94,Dinner,0,0,0,6
S1412,2026-04-09,09:43 AM,Sarojini,Library,0,0,09:14 AM,10:35 AM,08:53 AM,11:01 AM,834.93,171,31.93,None,1,1,0,3
S1413,2026-04-09,05:11 AM,Sarojini,Hostel,0,0,0,0,0,0,378.76,148,26.57,None,0,0,0,7
S1414,2026-04-07,08:25 AM,Rajendra,Mess,07:39 AM,08:25 AM,0,0,0,0,569.14,56,34.92,Breakfast,0,0,0,4
S1415,2026-04-02,06:29 PM,Rajendra,Library,0,0,05:42 PM,07:31 PM,05:13 PM,08:13 PM,784.42,32,11.7,None,0,0,0,7
S1416,2026-04-11,04:58 PM,Ganga,Library,0,0,02:13 PM,05:00 PM,02:08 PM,05:27 PM,899.18,92,16.67,None,0,0,0,10
S1417,2026-04-17,05:56 PM,Yamuna,Library,0,0,05:22 PM,08:09 PM,05:02 PM,09:06 PM,1047.7,82,15.84,None,0,0,0,8
S1418,2026-04-30,08:15 AM,Sarojini,Mess,08:09 AM,08:30 AM,0,0,0,0,506.55,66,30.87,Breakfast,0,0,1,5
S1419,2026-04-04,02:18 PM,Azad,Mess,02:07 PM,03:07 PM,0,0,0,0,430.99,11,38.78,Lunch,0,0,0,7
S1420,2026-04-30,03:11 PM,Azad,Outside,0,0,0,0,01:13 PM,04:15 PM,285.98,13,1.56,None,0,0,1,4
S1421,2026-04-23,06:10 PM,Azad,Library,0,0,11:15 AM,07:04 PM,10:55 AM,07:17 PM,637.09,46,11.5,None,0,0,1,7
S1422,2026-04-17,10:15 PM,Rajendra,Mess,09:55 PM,10:36 PM,0,0,0,0,299.94,163,58.66,Dinner,0,0,0,8
S1423,2026-04-02,09:34 PM,Ganga,Mess,09:33 PM,10:25 PM,0,0,0,0,451.24,147,40.32,Dinner,0,0,0,8
S1424,2026-04-16,10:52 PM,Sarojini,Library,0,0,10:30 PM,11:27 PM,10:13 PM,11:59 PM,757.28,185,26.53,None,0,0,0,6
S1425,2026-04-13,07:41 AM,Ganga,Mess,07:29 AM,08:16 AM,0,0,0,0,400.09,166,41.76,Breakfast,0,0,0,8
S1426,2026-04-14,08:53 PM,Azad,Mess,08:40 PM,09:14 PM,0,0,0,0,636.87,100,39.3,Dinner,0,0,0,5
S1427,2026-04-12,02:09 PM,Rajendra,Mess,01:22 PM,02:19 PM,0,0,0,0,386.85,16,32.44,Lunch,0,0,0,10
S1428,2026-05-01,04:38 AM,Azad,Hostel,0,0,0,0,0,0,275.57,52,16.94,None,0,0,0,6
S1429,2026-04-10,05:20 PM,Rajendra,Library,0,0,02:37 PM,05:23 PM,02:26 PM,06:04 PM,909.33,166,21.51,None,0,0,0,7
S1430,2026-04-27,01:48 PM,Rajendra,Mess,01:10 PM,02:07 PM,0,0,0,0,455.67,109,33.03,Lunch,1,0,1,7
S1431,2026-04-21,09:08 PM,Sarojini,Mess,08:58 PM,09:21 PM,0,0,0,0,642.39,88,33.38,Dinner,0,0,1,6
S1432,2026-04-02,11:44 AM,Sarojini,Library,0,0,11:04 AM,01:36 PM,10:40 AM,01:51 PM,579.8,173,32.6,None,1,0,0,7
S1433,2026-04-05,02:53 PM,Sarojini,Outside,0,0,0,0,01:51 PM,05:44 PM,252.89,160,19.98,None,0,0,0,8
S1434,2026-04-10,09:55 PM,Azad,Library,0,0,09:29 PM,11:59 PM,09:18 PM,11:59 PM,642.22,132,22.38,None,0,0,0,8
S1435,2026-04-02,11:59 PM,Azad,Library,0,0,10:21 PM,11:59 PM,10:02 PM,11:59 PM,676.15,145,17.02,None,0,0,0,6
S1436,2026-04-09,04:11 PM,Sarojini,Library,0,0,03:22 PM,05:04 PM,02:53 PM,06:04 PM,586.62,152,20.65,None,0,0,0,4
S1437,2026-04-24,01:37 PM,Sarojini,Library,0,0,01:13 PM,09:53 PM,01:07 PM,10:12 PM,842.79,108,19.07,None,1,0,1,3
S1438,2026-04-23,06:18 PM,Azad,Hostel,0,0,0,0,0,0,200.77,53,27.13,None,0,0,1,6
S1439,2026-04-12,01:07 PM,Ganga,Outside,0,0,0,0,11:11 AM,02:54 PM,191.65,197,12.7,None,0,0,0,4
S1440,2026-04-26,09:30 AM,Rajendra,Mess,09:12 AM,09:42 AM,0,0,0,0,481.53,103,47.13,Breakfast,1,1,1,7
S1441,2026-04-29,07:18 PM,Azad,Outside,0,0,0,0,06:16 PM,08:42 PM,395.41,118,11.41,None,0,0,1,4
S1442,2026-04-10,10:10 AM,Sarojini,Library,0,0,09:04 AM,11:57 AM,08:58 AM,12:53 PM,984.98,139,20.35,None,0,0,0,7
S1443,2026-04-29,05:14 PM,Sarojini,Library,0,0,12:34 PM,08:25 PM,12:07 PM,09:07 PM,582.58,115,31.83,None,0,0,1,6
S1444,2026-05-01,06:11 PM,Ganga,Library,0,0,06:03 PM,07:31 PM,05:46 PM,08:16 PM,1006.72,87,23.04,None,0,0,0,7
S1445,2026-04-13,11:41 AM,Azad,Library,0,0,11:09 AM,02:04 PM,11:04 AM,03:01 PM,735.28,98,16.68,None,1,0,0,4
S1446,2026-04-07,08:29 AM,Azad,Mess,08:24 AM,09:04 AM,0,0,0,0,341.98,17,31.76,Breakfast,0,0,0,9
S1447,2026-04-28,03:48 PM,Ganga,Library,0,0,11:14 AM,04:26 PM,10:56 AM,04:57 PM,711.47,191,25.13,None,1,0,1,7
S1448,2026-04-20,01:44 PM,Azad,Library,0,0,11:01 AM,04:10 PM,10:35 AM,04:26 PM,690.86,20,7.8,None,0,0,1,7
S1449,2026-04-20,08:09 AM,Ganga,Outside,0,0,0,0,07:31 AM,09:57 AM,309.71,140,18.04,None,0,0,1,4
S1450,2026-04-21,09:52 PM,Azad,Mess,09:12 PM,09:52 PM,0,0,0,0,404.22,175,60.31,Dinner,0,0,1,6
S1451,2026-04-07,11:40 PM,Azad,Library,0,0,10:07 PM,11:59 PM,09:43 PM,11:59 PM,796.37,184,33.25,None,0,0,0,8
S1452,2026-04-21,11:47 PM,Rajendra,Library,0,0,10:20 PM,11:59 PM,10:06 PM,11:59 PM,563.28,84,24.19,None,0,0,1,4
S1453,2026-04-14,09:40 AM,Sarojini,Mess,09:27 AM,10:13 AM,0,0,0,0,500.59,158,34.71,Breakfast,1,1,0,7
S1454,2026-04-25,08:11 PM,Azad,Library,0,0,07:56 PM,11:59 PM,07:35 PM,11:59 PM,1062.37,198,36.15,None,0,0,1,4
S1455,2026-04-02,08:43 PM,Sarojini,Mess,08:17 PM,08:57 PM,0,0,0,0,273.83,67,28.41,Dinner,0,0,0,6
S1456,2026-04-20,03:17 PM,Sarojini,Hostel,0,0,0,0,0,0,371.15,151,37.22,None,1,0,1,5
S1457,2026-04-01,07:51 AM,Sarojini,Mess,07:40 AM,08:01 AM,0,0,0,0,423.37,135,47.74,Breakfast,0,0,0,6
S1458,2026-04-04,11:46 AM,Sarojini,Library,0,0,10:27 AM,12:13 PM,10:07 AM,12:45 PM,911.65,178,21.25,None,0,0,0,8
S1459,2026-04-07,09:33 AM,Rajendra,Hostel,0,0,0,0,0,0,152.22,43,26.83,None,1,1,0,4
S1460,2026-04-24,09:24 PM,Yamuna,Outside,0,0,0,0,08:12 PM,10:32 PM,171.96,103,12.79,None,0,0,1,7
S1461,2026-04-07,01:01 AM,Sarojini,Hostel,0,0,0,0,0,0,176.37,155,32.55,None,0,0,0,8
S1462,2026-04-15,03:15 PM,Ganga,Outside,0,0,0,0,01:50 PM,04:16 PM,352.82,11,1.59,None,0,0,0,5
S1463,2026-04-10,07:32 PM,Rajendra,Mess,07:26 PM,08:06 PM,0,0,0,0,507.63,122,40.63,Dinner,0,0,0,7
S1464,2026-04-08,04:25 PM,Yamuna,Outside,0,0,0,0,03:27 PM,05:33 PM,360.64,135,16.35,None,1,1,0,4
S1465,2026-04-03,04:41 PM,Azad,Outside,0,0,0,0,02:55 PM,05:56 PM,181.15,166,24.57,None,1,1,0,11
S1466,2026-04-19,01:56 PM,Azad,Mess,01:18 PM,02:04 PM,0,0,0,0,651.65,187,40.83,Lunch,0,0,0,6
S1467,2026-04-17,06:44 AM,Yamuna,Outside,0,0,0,0,05:51 AM,08:59 AM,311.79,147,8.11,None,0,0,0,6
S1468,2026-04-09,08:02 PM,Ganga,Library,0,0,07:39 PM,08:11 PM,07:17 PM,08:55 PM,544.33,136,27.0,None,0,0,0,7
S1469,2026-04-21,09:54 PM,Ganga,Library,0,0,03:20 PM,10:52 PM,02:55 PM,11:45 PM,663.05,177,33.14,None,0,0,1,6
S1470,2026-04-15,08:29 PM,Azad,Library,0,0,07:06 PM,10:01 PM,06:58 PM,10:41 PM,875.36,125,22.72,None,0,0,0,8
S1471,2026-04-25,07:36 PM,Azad,Mess,07:09 PM,07:36 PM,0,0,0,0,514.01,99,32.42,Dinner,0,0,1,7
S1472,2026-04-07,07:10 PM,Sarojini,Outside,0,0,0,0,06:02 PM,08:23 PM,127.34,124,9.83,None,0,0,0,7
S1473,2026-04-14,02:08 PM,Azad,Hostel,0,0,0,0,0,0,105.06,159,33.03,None,0,0,0,7
S1474,2026-05-01,01:41 PM,Rajendra,Library,0,0,01:03 PM,02:11 PM,12:35 PM,03:02 PM,653.11,154,31.01,None,0,0,0,7
S1475,2026-04-26,07:10 PM,Ganga,Hostel,0,0,0,0,0,0,147.92,19,16.31,None,0,0,1,8
S1476,2026-04-12,05:44 PM,Sarojini,Outside,0,0,0,0,04:39 PM,07:49 PM,346.11,128,7.23,None,0,0,0,7
S1477,2026-04-13,03:52 PM,Azad,Library,0,0,03:44 PM,06:41 PM,03:23 PM,07:34 PM,673.97,168,14.58,None,1,0,0,8
S1478,2026-04-23,09:06 PM,Yamuna,Hostel,0,0,0,0,0,0,1388.55,50,24.68,None,0,0,1,4
S1479,2026-04-20,10:53 PM,Rajendra,Library,0,0,09:33 PM,11:59 PM,09:09 PM,11:59 PM,622.98,56,14.97,None,0,0,1,4
S1480,2026-04-01,07:28 PM,Sarojini,Library,0,0,06:57 PM,08:47 PM,06:27 PM,09:08 PM,692.72,197,30.61,None,0,0,0,5
S1481,2026-04-26,11:24 PM,Yamuna,Outside,0,0,0,0,09:39 PM,11:59 PM,156.38,68,4.52,None,0,0,1,3
S1482,2026-04-03,07:59 AM,Azad,Mess,07:44 AM,08:21 AM,0,0,0,0,512.52,65,39.65,Breakfast,0,0,0,4
S1483,2026-04-02,12:31 AM,Rajendra,Outside,0,0,0,0,0,03:03 AM,117.48,14,1.32,None,0,0,0,8
S1484,2026-04-30,05:22 PM,Rajendra,Library,0,0,02:23 PM,08:43 PM,02:09 PM,09:30 PM,739.27,130,26.54,None,0,0,1,8
S1485,2026-04-23,04:00 PM,Rajendra,Library,0,0,03:38 PM,10:30 PM,03:10 PM,10:51 PM,767.13,61,13.69,None,1,1,1,6
S1486,2026-04-05,03:10 PM,Azad,Mess,02:57 PM,03:38 PM,0,0,0,0,361.79,139,35.93,Lunch,0,0,0,8
S1487,2026-04-10,06:21 PM,Ganga,Library,0,0,05:49 PM,07:32 PM,05:27 PM,07:47 PM,687.7,91,23.81,None,0,0,0,5
S1488,2026-04-20,10:24 AM,Sarojini,Mess,09:46 AM,10:45 AM,0,0,0,0,587.87,132,53.13,Breakfast,0,0,1,5
S1489,2026-04-30,10:40 PM,Yamuna,Library,0,0,04:20 PM,11:59 PM,03:54 PM,11:59 PM,573.04,177,33.83,None,0,0,1,5
S1490,2026-04-19,11:05 PM,Sarojini,Library,0,0,09:31 PM,11:17 PM,09:19 PM,11:36 PM,734.62,170,28.68,None,0,0,0,10
S1491,2026-04-11,06:22 AM,Yamuna,Outside,0,0,0,0,05:09 AM,09:02 AM,140.02,133,13.69,None,0,0,0,8
S1492,2026-04-04,04:48 PM,Yamuna,Library,0,0,03:56 PM,06:39 PM,03:36 PM,07:03 PM,1078.03,82,21.64,None,0,0,0,4
S1493,2026-04-07,02:35 PM,Azad,Library,0,0,01:55 PM,03:50 PM,01:39 PM,04:39 PM,679.98,76,15.27,None,0,0,0,8
S1494,2026-04-05,10:06 AM,Yamuna,Mess,09:22 AM,10:18 AM,0,0,0,0,310.43,175,37.41,Breakfast,1,1,0,7
S1495,2026-04-30,08:55 PM,Ganga,Outside,0,0,0,0,07:25 PM,11:17 PM,287.03,171,13.73,None,0,0,1,8
S1496,2026-04-27,01:27 PM,Azad,Library,0,0,10:19 AM,04:14 PM,09:49 AM,04:43 PM,581.19,88,23.49,None,0,0,1,4
S1497,2026-04-26,02:23 AM,Ganga,Outside,0,0,0,0,12:57 AM,04:13 AM,199.87,131,16.49,None,0,0,1,6
S1498,2026-04-10,08:05 PM,Sarojini,Outside,0,0,0,0,07:01 PM,09:25 PM,284.3,78,5.87,None,0,0,0,7
S1499,2026-04-11,10:02 PM,Rajendra,Mess,09:30 PM,10:08 PM,0,0,0,0,612.16,100,32.72,Dinner,0,0,0,8
S1500,2026-04-04,01:36 PM,Yamuna,Mess,01:25 PM,02:09 PM,0,0,0,0,608.59,199,34.53,Lunch,0,0,0,8
S1501,2026-04-12,08:49 AM,Ganga,Mess,08:19 AM,09:17 AM,0,0,0,0,455.97,146,48.12,Breakfast,0,0,0,8
S1502,2026-04-20,10:53 PM,Rajendra,Hostel,0,0,0,0,0,0,738.03,170,28.39,None,0,0,1,3
S1503,2026-04-22,10:56 PM,Yamuna,Library,0,0,10:08 PM,11:59 PM,10:02 PM,11:59 PM,722.77,54,15.82,None,0,0,1,4
S1504,2026-04-08,05:34 PM,Azad,Library,0,0,03:10 PM,05:50 PM,02:51 PM,06:31 PM,733.33,89,21.6,None,0,0,0,6
S1505,2026-04-12,12:32 PM,Ganga,Mess,12:13 PM,01:12 PM,0,0,0,0,306.43,68,47.35,Lunch,0,0,0,8
S1506,2026-04-05,12:11 PM,Rajendra,Library,0,0,12:04 PM,01:21 PM,11:59 AM,01:31 PM,641.98,17,12.87,None,0,0,0,7
S1507,2026-05-01,08:59 PM,Ganga,Mess,08:35 PM,09:03 PM,0,0,0,0,588.72,82,45.83,Dinner,0,0,0,8
S1508,2026-04-18,02:10 PM,Azad,Outside,0,0,0,0,01:14 PM,03:37 PM,168.18,85,12.2,None,1,0,0,7
S1509,2026-04-26,08:13 PM,Yamuna,Mess,07:52 PM,08:25 PM,0,0,0,0,287.09,66,39.8,Dinner,0,0,1,5
S1510,2026-04-21,09:43 AM,Ganga,Mess,09:42 AM,10:34 AM,0,0,0,0,438.41,92,48.3,Breakfast,0,0,1,6
S1511,2026-04-08,04:32 PM,Yamuna,Library,0,0,03:42 PM,06:34 PM,03:32 PM,07:09 PM,667.51,12,13.88,None,0,0,0,8
S1512,2026-04-24,08:15 AM,Azad,Mess,08:12 AM,08:42 AM,0,0,0,0,397.37,185,57.32,Breakfast,0,0,1,4
S1513,2026-04-07,05:31 AM,Yamuna,Hostel,0,0,0,0,0,0,398.84,49,14.84,None,0,0,0,8
S1514,2026-04-03,04:53 PM,Ganga,Hostel,0,0,0,0,0,0,312.03,102,33.92,None,1,1,0,7
S1515,2026-04-03,03:01 AM,Sarojini,Hostel,0,0,0,0,0,0,323.04,63,17.52,None,0,0,0,6
S1516,2026-04-08,12:57 PM,Azad,Library,0,0,12:16 PM,02:58 PM,12:02 PM,03:08 PM,848.81,159,18.95,None,0,0,0,10
S1517,2026-04-11,01:47 PM,Azad,Mess,01:07 PM,01:58 PM,0,0,0,0,596.53,72,44.7,Lunch,0,0,0,7
S1518,2026-04-13,03:40 AM,Ganga,Outside,0,0,0,0,02:03 AM,05:13 AM,172.6,95,13.86,None,0,0,0,7
S1519,2026-04-10,08:39 PM,Sarojini,Hostel,0,0,0,0,0,0,1168.94,200,26.54,None,0,0,0,8
S1520,2026-04-14,02:06 PM,Ganga,Mess,01:56 PM,02:25 PM,0,0,0,0,689.74,170,38.23,Lunch,1,0,0,6
S1521,2026-04-02,10:47 AM,Sarojini,Outside,0,0,0,0,10:05 AM,12:02 PM,269.82,124,17.59,None,0,0,0,7
S1522,2026-04-12,09:42 PM,Azad,Mess,09:35 PM,09:57 PM,0,0,0,0,401.79,32,40.26,Dinner,0,0,0,5
S1523,2026-04-16,01:53 PM,Ganga,Library,0,0,01:04 PM,02:05 PM,12:58 PM,02:34 PM,831.28,169,19.25,None,0,0,0,8
S1524,2026-05-01,11:15 AM,Yamuna,Hostel,0,0,0,0,0,0,114.54,155,22.0,None,1,0,0,6
S1525,2026-04-17,01:54 AM,Rajendra,Hostel,0,0,0,0,0,0,331.09,33,17.54,None,0,0,0,9
S1526,2026-04-03,03:18 PM,Rajendra,Library,0,0,03:14 PM,04:06 PM,02:44 PM,04:30 PM,829.47,27,12.44,None,0,0,0,3
S1527,2026-04-15,08:48 AM,Ganga,Mess,08:15 AM,08:56 AM,0,0,0,0,468.1,79,36.57,Breakfast,0,0,0,6
S1528,2026-04-28,11:30 PM,Sarojini,Library,0,0,06:48 PM,11:59 PM,06:23 PM,11:59 PM,747.71,159,30.75,None,0,0,1,6
S1529,2026-04-09,01:36 PM,Ganga,Mess,12:51 PM,01:42 PM,0,0,0,0,591.74,58,38.76,Lunch,0,0,0,7
S1530,2026-04-13,04:42 PM,Ganga,Library,0,0,04:39 PM,05:45 PM,04:27 PM,06:32 PM,686.17,75,21.2,None,0,0,0,8
S1531,2026-04-30,11:01 PM,Yamuna,Outside,0,0,0,0,09:46 PM,11:59 PM,221.62,122,15.42,None,0,0,1,4
S1532,2026-04-12,11:51 AM,Ganga,Outside,0,0,0,0,10:49 AM,02:45 PM,134.39,147,16.42,None,0,0,0,6
S1533,2026-04-15,01:46 PM,Azad,Hostel,0,0,0,0,0,0,385.12,196,35.86,None,1,0,0,6
S1534,2026-04-21,01:02 PM,Azad,Hostel,0,0,0,0,0,0,288.2,55,17.12,None,0,0,1,4
S1535,2026-04-11,06:39 PM,Yamuna,Library,0,0,06:01 PM,08:54 PM,05:49 PM,09:34 PM,589.61,174,29.84,None,0,0,0,6
S1536,2026-04-21,01:28 AM,Yamuna,Outside,0,0,0,0,0,02:30 AM,240.6,14,1.53,None,0,0,1,3
S1537,2026-04-24,02:03 PM,Sarojini,Hostel,0,0,0,0,0,0,279.71,35,18.29,None,1,0,1,5
S1538,2026-04-06,10:45 AM,Sarojini,Library,0,0,10:39 AM,11:39 AM,10:23 AM,12:10 PM,667.11,24,17.59,None,0,0,0,7
S1539,2026-04-04,11:57 AM,Azad,Outside,0,0,0,0,10:04 AM,02:08 PM,274.32,183,19.87,None,1,0,0,7
S1540,2026-04-09,05:06 AM,Azad,Outside,0,0,0,0,03:48 AM,06:08 AM,128.2,184,16.53,None,0,0,0,8
S1541,2026-04-25,07:33 AM,Yamuna,Mess,07:16 AM,08:16 AM,0,0,0,0,501.56,194,46.38,Breakfast,0,0,1,7
S1542,2026-04-19,07:15 PM,Sarojini,Mess,07:12 PM,07:33 PM,0,0,0,0,455.37,48,42.24,Dinner,0,0,0,8
S1543,2026-04-11,07:25 PM,Ganga,Library,0,0,06:48 PM,07:37 PM,06:21 PM,08:22 PM,672.37,18,10.38,None,0,0,0,7
S1544,2026-04-11,09:44 PM,Rajendra,Mess,09:44 PM,10:32 PM,0,0,0,0,532.89,27,25.01,Dinner,0,0,0,7
S1545,2026-04-03,06:05 PM,Yamuna,Classroom,0,0,0,0,05:36 PM,07:00 PM,303.74,126,10.71,None,1,1,0,7
S1546,2026-04-13,01:19 PM,Ganga,Library,0,0,12:46 PM,02:57 PM,12:16 PM,03:43 PM,801.01,195,19.19,None,0,0,0,7
S1547,2026-04-18,07:43 AM,Sarojini,Mess,07:24 AM,07:57 AM,0,0,0,0,392.78,71,33.6,Breakfast,0,0,0,8
S1548,2026-04-06,01:47 PM,Ganga,Mess,01:28 PM,01:54 PM,0,0,0,0,498.86,176,46.08,Lunch,1,0,0,7
S1549,2026-04-28,08:46 PM,Rajendra,Library,0,0,08:40 PM,11:59 PM,08:27 PM,11:59 PM,845.92,22,15.79,None,0,0,1,8
S1550,2026-04-14,05:17 PM,Azad,Outside,0,0,0,0,03:58 PM,07:33 PM,310.98,26,3.79,None,0,0,0,8
S1551,2026-04-09,08:54 PM,Sarojini,Mess,08:09 PM,09:06 PM,0,0,0,0,488.67,150,38.68,Dinner,0,0,0,7
S1552,2026-04-12,08:26 PM,Ganga,Library,0,0,07:49 PM,10:41 PM,07:28 PM,10:51 PM,697.82,10,11.52,None,0,0,0,6
S1553,2026-04-23,10:25 PM,Rajendra,Library,0,0,09:35 PM,11:59 PM,09:12 PM,11:59 PM,631.91,89,16.06,None,0,0,1,5
S1554,2026-04-10,02:41 PM,Sarojini,Mess,02:26 PM,03:02 PM,0,0,0,0,374.53,90,30.3,Lunch,1,0,0,8
S1555,2026-04-18,08:06 PM,Yamuna,Mess,07:35 PM,08:10 PM,0,0,0,0,523.04,20,22.13,Dinner,0,0,0,7
S1556,2026-04-05,10:10 PM,Rajendra,Mess,09:49 PM,10:35 PM,0,0,0,0,491.46,116,50.3,Dinner,0,0,0,8
S1557,2026-04-13,02:55 AM,Azad,Hostel,0,0,0,0,0,0,277.05,122,31.03,None,0,0,0,7
S1558,2026-04-14,07:16 AM,Ganga,Mess,07:04 AM,07:33 AM,0,0,0,0,338.39,78,39.62,Breakfast,0,0,0,7
S1559,2026-04-17,11:00 PM,Azad,Library,0,0,10:08 PM,11:07 PM,09:43 PM,11:31 PM,789.56,51,19.64,None,0,0,0,7
S1560,2026-04-25,10:16 PM,Ganga,Mess,09:36 PM,10:26 PM,0,0,0,0,333.44,138,47.85,Dinner,0,0,1,4
S1561,2026-04-01,08:14 PM,Yamuna,Mess,08:03 PM,08:38 PM,0,0,0,0,311.66,153,45.11,Dinner,0,0,0,3
S1562,2026-04-22,09:51 AM,Yamuna,Mess,09:37 AM,10:26 AM,0,0,0,0,420.44,118,53.25,Breakfast,1,1,1,8
S1563,2026-04-15,03:02 PM,Ganga,Library,0,0,01:29 PM,04:11 PM,01:16 PM,05:03 PM,544.01,72,23.31,None,0,0,0,4
S1564,2026-04-03,02:25 PM,Azad,Mess,01:44 PM,02:28 PM,0,0,0,0,497.45,32,29.96,Lunch,0,0,0,6
S1565,2026-04-08,10:59 PM,Ganga,Library,0,0,10:21 PM,11:59 PM,10:09 PM,11:59 PM,646.62,56,16.44,None,0,0,0,3
S1566,2026-04-25,09:01 AM,Sarojini,Outside,0,0,0,0,08:15 AM,11:41 AM,183.4,52,4.93,None,1,1,1,5
S1567,2026-05-01,03:15 AM,Rajendra,Outside,0,0,0,0,01:25 AM,04:56 AM,290.37,162,15.25,None,0,0,0,15
S1568,2026-04-26,02:41 AM,Ganga,Hostel,0,0,0,0,0,0,357.87,44,18.14,None,0,0,1,5
S1569,2026-04-11,12:23 AM,Azad,Outside,0,0,0,0,0,02:08 AM,224.8,21,3.12,None,0,0,0,7
S1570,2026-04-13,10:09 PM,Ganga,Library,0,0,08:44 PM,10:15 PM,08:31 PM,11:00 PM,969.88,191,29.49,None,0,0,0,5
S1571,2026-04-03,08:15 AM,Azad,Hostel,0,0,0,0,0,0,241.86,93,22.64,None,0,0,0,5
S1572,2026-04-03,09:25 AM,Ganga,Outside,0,0,0,0,08:09 AM,10:39 AM,363.57,147,11.32,None,0,0,0,7
S1573,2026-04-30,03:02 AM,Sarojini,Outside,0,0,0,0,01:02 AM,05:03 AM,182.9,176,14.17,None,0,0,1,8
S1574,2026-04-02,08:18 AM,Yamuna,Mess,07:32 AM,08:19 AM,0,0,0,0,624.64,93,43.47,Breakfast,0,0,0,6
S1575,2026-04-24,03:24 PM,Yamuna,Library,0,0,01:03 PM,09:54 PM,12:46 PM,10:29 PM,805.37,47,13.68,None,1,0,1,3
S1576,2026-05-01,05:45 AM,Yamuna,Hostel,0,0,0,0,0,0,346.63,45,25.91,None,0,0,0,10
S1577,2026-04-22,07:14 AM,Yamuna,Mess,07:06 AM,07:57 AM,0,0,0,0,446.35,189,45.59,Breakfast,0,0,1,6
S1578,2026-04-21,04:46 PM,Ganga,Hostel,0,0,0,0,0,0,298.53,117,36.34,None,0,0,1,4
S1579,2026-04-19,10:02 AM,Azad,Mess,09:56 AM,10:46 AM,0,0,0,0,552.31,52,35.67,Breakfast,0,0,0,8
S1580,2026-04-09,12:46 PM,Sarojini,Mess,12:39 PM,01:00 PM,0,0,0,0,606.05,195,60.31,Lunch,1,0,0,6
S1581,2026-04-15,07:20 PM,Yamuna,Library,0,0,05:43 PM,07:31 PM,05:21 PM,08:09 PM,680.09,166,23.66,None,0,0,0,9
S1582,2026-04-22,12:56 PM,Ganga,Mess,12:47 PM,01:07 PM,0,0,0,0,428.91,46,30.61,Lunch,1,0,1,4
S1583,2026-04-20,09:49 PM,Yamuna,Mess,09:45 PM,10:25 PM,0,0,0,0,345.83,32,36.29,Dinner,0,0,1,8
S1584,2026-04-30,06:48 PM,Azad,Outside,0,0,0,0,06:04 PM,08:47 PM,205.51,179,13.42,None,0,0,1,5
S1585,2026-04-19,07:28 PM,Yamuna,Library,0,0,06:42 PM,07:41 PM,06:17 PM,08:00 PM,669.96,34,10.55,None,0,0,0,11
S1586,2026-04-08,08:06 PM,Yamuna,Mess,07:44 PM,08:09 PM,0,0,0,0,285.13,96,41.65,Dinner,0,0,0,8
S1587,2026-04-17,09:05 PM,Sarojini,Library,0,0,08:53 PM,11:43 PM,08:29 PM,11:59 PM,889.63,48,13.52,None,0,0,0,7
S1588,2026-04-28,09:43 PM,Sarojini,Library,0,0,09:03 PM,11:59 PM,08:42 PM,11:59 PM,638.89,77,15.5,None,0,0,1,4
S1589,2026-04-13,06:19 PM,Yamuna,Library,0,0,05:17 PM,06:58 PM,04:52 PM,07:16 PM,559.77,104,28.83,None,0,0,0,7
S1590,2026-04-05,02:30 PM,Sarojini,Library,0,0,01:54 PM,03:14 PM,01:31 PM,03:31 PM,631.71,76,20.63,None,0,0,0,16
S1591,2026-04-04,08:10 AM,Sarojini,Mess,07:58 AM,08:22 AM,0,0,0,0,325.6,78,32.49,Breakfast,0,0,0,6
S1592,2026-04-25,01:05 PM,Sarojini,Library,0,0,09:11 AM,05:08 PM,08:44 AM,05:41 PM,722.03,164,19.0,None,0,0,1,5
S1593,2026-04-12,05:33 PM,Sarojini,Outside,0,0,0,0,03:52 PM,06:45 PM,185.72,98,7.51,None,0,0,0,8
S1594,2026-04-19,11:24 PM,Azad,Library,0,0,10:24 PM,11:59 PM,09:56 PM,11:59 PM,642.29,43,10.34,None,0,0,0,9
S1595,2026-04-03,09:55 PM,Azad,Mess,09:16 PM,09:56 PM,0,0,0,0,401.37,173,57.18,Dinner,0,0,0,7
S1596,2026-04-29,10:33 PM,Yamuna,Hostel,0,0,0,0,0,0,1171.66,103,25.42,None,0,0,1,4
S1597,2026-04-10,10:13 AM,Yamuna,Library,0,0,09:52 AM,11:02 AM,09:38 AM,11:38 AM,852.62,122,27.1,None,1,1,0,6
S1598,2026-04-01,07:46 PM,Azad,Library,0,0,07:05 PM,08:36 PM,06:39 PM,09:22 PM,785.37,62,13.29,None,0,0,0,8
S1599,2026-04-26,06:30 PM,Yamuna,Library,0,0,04:08 PM,10:57 PM,03:49 PM,11:52 PM,921.69,66,10.9,None,0,0,1,5
S1600,2026-04-26,08:40 PM,Yamuna,Library,0,0,01:21 PM,08:59 PM,01:11 PM,09:52 PM,732.55,173,21.3,None,0,0,1,7
S1601,2026-04-11,02:07 PM,Ganga,Mess,01:24 PM,02:14 PM,0,0,0,0,410.77,30,23.15,Lunch,1,0,0,9
S1602,2026-04-16,06:34 PM,Yamuna,Library,0,0,06:07 PM,08:24 PM,05:40 PM,08:51 PM,788.55,19,13.96,None,0,0,0,6
S1603,2026-04-05,07:03 AM,Sarojini,Outside,0,0,0,0,05:12 AM,08:59 AM,352.75,47,6.53,None,0,0,0,8
S1604,2026-04-02,11:45 AM,Ganga,Outside,0,0,0,0,10:18 AM,12:46 PM,188.16,143,18.63,None,1,0,0,8
S1605,2026-04-22,08:22 AM,Azad,Mess,08:09 AM,08:48 AM,0,0,0,0,307.1,165,52.86,Breakfast,0,0,1,6
S1606,2026-04-13,01:33 PM,Yamuna,Mess,01:10 PM,01:38 PM,0,0,0,0,395.97,75,39.0,Lunch,1,0,0,5
S1607,2026-04-01,02:50 PM,Sarojini,Library,0,0,02:44 PM,03:42 PM,02:18 PM,04:11 PM,950.31,68,14.82,None,1,0,0,8
S1608,2026-04-03,01:13 PM,Yamuna,Mess,01:12 PM,02:02 PM,0,0,0,0,463.18,135,51.96,Lunch,1,0,0,6
S1609,2026-04-28,02:11 PM,Azad,Library,0,0,12:08 PM,08:44 PM,11:55 AM,08:59 PM,872.38,113,21.97,None,1,0,1,4
S1610,2026-04-01,08:58 AM,Azad,Mess,08:55 AM,09:43 AM,0,0,0,0,523.46,196,64.63,Breakfast,0,0,0,8
S1611,2026-04-16,03:32 PM,Yamuna,Library,0,0,02:21 PM,04:25 PM,01:52 PM,04:41 PM,669.38,139,20.39,None,0,0,0,9
S1612,2026-04-07,02:03 PM,Sarojini,Mess,01:45 PM,02:39 PM,0,0,0,0,532.4,150,58.62,Lunch,0,0,0,8
S1613,2026-04-14,08:37 PM,Ganga,Mess,08:29 PM,09:07 PM,0,0,0,0,343.62,11,28.6,Dinner,0,0,0,6
S1614,2026-04-26,08:07 PM,Sarojini,Library,0,0,04:05 PM,09:50 PM,03:58 PM,10:15 PM,824.73,70,16.66,None,0,0,1,8
S1615,2026-04-09,09:14 AM,Yamuna,Outside,0,0,0,0,08:40 AM,11:19 AM,213.49,95,9.38,None,1,1,0,4
S1616,2026-04-13,04:53 PM,Azad,Outside,0,0,0,0,04:03 PM,06:31 PM,170.56,148,14.37,None,1,1,0,4
S1617,2026-05-01,11:20 AM,Rajendra,Library,0,0,09:57 AM,12:38 PM,09:36 AM,01:30 PM,490.24,103,16.11,None,0,0,0,6
S1618,2026-04-15,12:27 PM,Rajendra,Library,0,0,10:38 AM,01:05 PM,10:08 AM,01:25 PM,471.51,183,35.46,None,1,0,0,7
S1619,2026-04-27,07:16 PM,Sarojini,Library,0,0,01:22 PM,09:44 PM,12:55 PM,10:08 PM,853.4,170,36.54,None,0,0,1,6
S1620,2026-04-15,10:18 PM,Sarojini,Hostel,0,0,0,0,0,0,1294.68,103,25.32,None,0,0,0,7
S1621,2026-04-15,01:23 PM,Rajendra,Classroom,0,0,0,0,01:03 PM,02:50 PM,394.1,178,16.65,None,1,0,0,7
S1622,2026-04-09,08:06 AM,Ganga,Mess,08:04 AM,08:34 AM,0,0,0,0,579.96,102,37.6,Breakfast,0,0,0,7
S1623,2026-04-13,10:11 PM,Sarojini,Mess,09:59 PM,10:54 PM,0,0,0,0,414.58,182,43.54,Dinner,0,0,0,8
S1624,2026-04-07,01:36 AM,Sarojini,Hostel,0,0,0,0,0,0,291.84,78,29.88,None,0,0,0,7
S1625,2026-04-04,11:20 AM,Yamuna,Library,0,0,10:57 AM,01:12 PM,10:38 AM,01:28 PM,955.01,82,11.94,None,1,0,0,8
S1626,2026-04-14,02:50 PM,Sarojini,Mess,02:46 PM,03:12 PM,0,0,0,0,650.59,36,29.76,Lunch,1,0,0,9
S1627,2026-04-04,07:35 AM,Yamuna,Mess,07:07 AM,08:00 AM,0,0,0,0,294.71,21,39.61,Breakfast,0,0,0,7
S1628,2026-04-08,01:00 AM,Rajendra,Hostel,0,0,0,0,0,0,147.48,185,29.44,None,0,0,0,7
S1629,2026-04-21,10:02 PM,Sarojini,Hostel,0,0,0,0,0,0,1155.1,139,29.27,None,0,0,1,3
S1630,2026-04-13,02:49 PM,Azad,Hostel,0,0,0,0,0,0,107.3,195,31.72,None,0,0,0,6
S1631,2026-04-19,08:24 PM,Yamuna,Mess,07:57 PM,08:28 PM,0,0,0,0,356.52,62,40.25,Dinner,0,0,0,8
S1632,2026-05-01,03:18 PM,Yamuna,Hostel,0,0,0,0,0,0,156.74,19,14.4,None,1,0,0,7
S1633,2026-04-09,10:12 PM,Sarojini,Library,0,0,09:27 PM,11:05 PM,08:58 PM,11:29 PM,985.79,60,14.45,None,0,0,0,9
S1634,2026-04-06,11:31 AM,Yamuna,Library,0,0,09:37 AM,11:54 AM,09:25 AM,12:11 PM,621.52,128,17.94,None,1,0,0,6
S1635,2026-04-04,02:53 PM,Azad,Mess,02:33 PM,02:53 PM,0,0,0,0,418.18,188,51.64,Lunch,0,0,0,8
S1636,2026-04-05,08:55 AM,Yamuna,Mess,08:51 AM,09:22 AM,0,0,0,0,634.66,126,49.98,Breakfast,0,0,0,9
S1637,2026-04-23,09:18 PM,Rajendra,Mess,08:54 PM,09:18 PM,0,0,0,0,309.91,101,33.27,Dinner,0,0,1,4
S1638,2026-04-24,09:42 AM,Azad,Mess,09:36 AM,10:33 AM,0,0,0,0,567.4,120,46.75,Breakfast,0,0,1,3
S1639,2026-04-07,07:54 AM,Azad,Mess,07:48 AM,08:13 AM,0,0,0,0,564.07,197,48.67,Breakfast,0,0,0,7
S1640,2026-04-11,06:42 PM,Sarojini,Outside,0,0,0,0,04:44 PM,07:48 PM,343.43,76,6.1,None,0,0,0,4
S1641,2026-04-12,07:55 AM,Azad,Hostel,0,0,0,0,0,0,285.45,118,17.39,None,0,0,0,8
S1642,2026-04-02,07:51 PM,Ganga,Mess,07:12 PM,08:00 PM,0,0,0,0,371.19,29,34.5,Dinner,0,0,0,5
S1643,2026-04-11,07:50 PM,Azad,Library,0,0,07:33 PM,08:04 PM,07:09 PM,08:40 PM,553.2,86,22.45,None,0,0,0,6
S1644,2026-04-22,11:33 AM,Rajendra,Library,0,0,11:32 AM,07:13 PM,11:22 AM,07:48 PM,750.82,173,35.83,None,0,0,1,7
S1645,2026-04-11,02:20 PM,Rajendra,Mess,02:12 PM,02:50 PM,0,0,0,0,624.16,87,34.57,Lunch,0,0,0,7
S1646,2026-04-05,07:32 PM,Yamuna,Mess,07:26 PM,08:01 PM,0,0,0,0,698.85,63,42.92,Dinner,0,0,0,8
S1647,2026-04-30,09:42 PM,Yamuna,Mess,09:32 PM,10:26 PM,0,0,0,0,558.92,111,32.96,Dinner,0,0,1,7
S1648,2026-04-09,01:20 PM,Yamuna,Library,0,0,10:46 AM,01:45 PM,10:26 AM,02:24 PM,1026.44,168,16.95,None,0,0,0,4
S1649,2026-04-08,03:08 PM,Sarojini,Library,0,0,01:58 PM,03:52 PM,01:53 PM,04:15 PM,501.06,160,23.78,None,0,0,0,10
S1650,2026-04-23,04:15 PM,Ganga,Library,0,0,01:48 PM,09:00 PM,01:31 PM,09:51 PM,713.88,25,9.22,None,1,1,1,4
S1651,2026-04-14,07:33 AM,Yamuna,Mess,07:31 AM,08:22 AM,0,0,0,0,375.05,37,27.71,Breakfast,0,0,0,6
S1652,2026-04-26,09:39 PM,Rajendra,Mess,09:16 PM,10:16 PM,0,0,0,0,443.21,92,34.89,Dinner,0,0,1,4
S1653,2026-04-04,05:05 PM,Rajendra,Library,0,0,04:58 PM,05:30 PM,04:41 PM,06:19 PM,908.22,100,18.74,None,0,0,0,10
S1654,2026-04-02,09:26 PM,Yamuna,Outside,0,0,0,0,08:03 PM,10:26 PM,287.04,169,20.55,None,0,0,0,7
S1655,2026-04-09,07:09 AM,Rajendra,Mess,07:00 AM,07:24 AM,0,0,0,0,593.83,72,44.84,Breakfast,0,0,0,4
S1656,2026-04-08,03:19 PM,Yamuna,Library,0,0,03:12 PM,04:52 PM,02:44 PM,05:14 PM,654.41,69,15.61,None,1,0,0,7
S1657,2026-04-20,09:17 AM,Yamuna,Mess,08:39 AM,09:39 AM,0,0,0,0,373.15,64,27.64,Breakfast,0,0,1,5
S1658,2026-04-26,04:09 PM,Yamuna,Hostel,0,0,0,0,0,0,255.82,39,24.5,None,0,0,1,4
S1659,2026-04-25,11:56 AM,Sarojini,Classroom,0,0,0,0,11:36 AM,01:14 PM,353.35,196,17.48,None,1,0,1,3
S1660,2026-04-08,09:17 AM,Ganga,Mess,08:58 AM,09:20 AM,0,0,0,0,284.91,162,49.93,Breakfast,1,1,0,7
S1661,2026-04-05,01:28 PM,Sarojini,Library,0,0,11:52 AM,01:35 PM,11:38 AM,02:34 PM,985.68,170,30.76,None,0,0,0,5
S1662,2026-04-19,11:42 AM,Yamuna,Library,0,0,10:59 AM,12:39 PM,10:34 AM,01:08 PM,769.88,160,15.6,None,0,0,0,10
S1663,2026-04-13,08:09 PM,Rajendra,Library,0,0,07:50 PM,09:05 PM,07:34 PM,09:45 PM,847.62,145,22.42,None,0,0,0,7
S1664,2026-04-22,11:26 AM,Rajendra,Classroom,0,0,0,0,11:15 AM,12:10 PM,115.6,13,1.03,None,1,0,1,4
S1665,2026-04-30,05:35 PM,Azad,Library,0,0,01:47 PM,10:45 PM,01:37 PM,11:03 PM,660.18,86,15.32,None,0,0,1,6
S1666,2026-04-09,03:58 PM,Ganga,Hostel,0,0,0,0,0,0,152.53,198,24.9,None,1,0,0,7
S1667,2026-04-08,02:13 PM,Rajendra,Library,0,0,01:39 PM,02:16 PM,01:24 PM,02:32 PM,649.99,70,14.43,None,0,0,0,7
S1668,2026-04-02,07:59 PM,Sarojini,Mess,07:39 PM,08:00 PM,0,0,0,0,386.22,66,38.71,Dinner,0,0,0,7
S1669,2026-04-14,12:00 PM,Azad,Hostel,0,0,0,0,0,0,124.47,143,28.67,None,0,0,0,6
S1670,2026-04-30,11:13 PM,Ganga,Library,0,0,10:57 PM,11:59 PM,10:33 PM,11:59 PM,699.76,91,23.87,None,0,0,1,8
S1671,2026-04-30,06:09 PM,Yamuna,Classroom,0,0,0,0,05:31 PM,07:31 PM,167.22,46,4.97,None,1,1,1,4
S1672,2026-04-27,09:36 AM,Azad,Mess,09:31 AM,10:07 AM,0,0,0,0,399.9,129,45.56,Breakfast,0,0,1,5
S1673,2026-05-01,08:43 AM,Azad,Mess,07:56 AM,08:52 AM,0,0,0,0,483.64,186,35.73,Breakfast,0,0,0,7
S1674,2026-04-26,10:11 AM,Ganga,Hostel,0,0,0,0,0,0,128.83,130,27.99,None,0,0,1,7
S1675,2026-05-01,07:18 PM,Ganga,Library,0,0,05:44 PM,07:23 PM,05:22 PM,07:58 PM,806.65,134,24.71,None,0,0,0,7
S1676,2026-04-03,07:08 PM,Sarojini,Library,0,0,05:06 PM,07:13 PM,04:47 PM,07:29 PM,884.92,30,15.34,None,0,0,0,6
S1677,2026-04-23,01:54 AM,Azad,Outside,0,0,0,0,12:19 AM,03:14 AM,347.29,146,19.76,None,0,0,1,5
S1678,2026-04-14,10:33 PM,Rajendra,Hostel,0,0,0,0,0,0,1275.76,124,25.56,None,0,0,0,7
S1679,2026-04-10,09:39 PM,Sarojini,Mess,09:18 PM,09:57 PM,0,0,0,0,516.37,18,34.56,Dinner,0,0,0,7
S1680,2026-04-15,06:44 PM,Sarojini,Library,0,0,06:33 PM,09:24 PM,06:10 PM,09:37 PM,674.16,136,28.22,None,0,0,0,6
S1681,2026-04-20,12:06 PM,Rajendra,Outside,0,0,0,0,10:49 AM,01:11 PM,224.26,146,8.07,None,0,0,1,5
S1682,2026-04-26,04:35 AM,Yamuna,Outside,0,0,0,0,02:35 AM,05:37 AM,246.33,96,11.67,None,0,0,1,5
S1683,2026-04-23,09:46 PM,Yamuna,Library,0,0,07:21 PM,11:59 PM,07:05 PM,11:59 PM,638.89,91,20.24,None,0,0,1,6
S1684,2026-04-26,06:29 PM,Ganga,Classroom,0,0,0,0,06:14 PM,07:40 PM,174.04,154,21.56,None,1,1,1,3
S1685,2026-04-09,04:01 PM,Yamuna,Library,0,0,02:52 PM,05:03 PM,02:35 PM,05:23 PM,746.54,63,20.69,None,0,0,0,8
S1686,2026-04-01,06:00 PM,Azad,Outside,0,0,0,0,04:09 PM,07:19 PM,362.74,116,15.41,None,0,0,0,7
S1687,2026-04-11,08:33 PM,Yamuna,Mess,08:26 PM,09:01 PM,0,0,0,0,498.84,118,52.26,Dinner,0,0,0,6
S1688,2026-04-06,04:35 PM,Azad,Library,0,0,03:33 PM,04:44 PM,03:06 PM,05:14 PM,653.58,179,27.42,None,0,0,0,7
S1689,2026-04-07,01:13 AM,Yamuna,Hostel,0,0,0,0,0,0,295.61,31,21.84,None,0,0,0,7
S1690,2026-04-16,10:53 AM,Azad,Library,0,0,10:39 AM,11:59 AM,10:10 AM,12:57 PM,678.73,193,32.84,None,1,1,0,9
S1691,2026-04-16,11:40 AM,Azad,Classroom,0,0,0,0,11:27 AM,01:10 PM,180.91,199,16.96,None,1,0,0,6
S1692,2026-04-16,02:22 PM,Sarojini,Mess,02:15 PM,02:38 PM,0,0,0,0,585.52,17,30.36,Lunch,0,0,0,7
S1693,2026-04-22,10:42 PM,Rajendra,Library,0,0,09:53 PM,11:59 PM,09:28 PM,11:59 PM,728.85,109,15.67,None,0,0,1,5
S1694,2026-04-21,09:46 PM,Sarojini,Mess,09:22 PM,09:52 PM,0,0,0,0,473.36,197,47.52,Dinner,0,0,1,5
S1695,2026-04-06,05:47 PM,Yamuna,Library,0,0,05:30 PM,06:07 PM,05:21 PM,06:53 PM,870.99,53,18.59,None,0,0,0,4
S1696,2026-04-13,10:10 AM,Rajendra,Mess,09:28 AM,10:22 AM,0,0,0,0,619.07,35,40.98,Breakfast,0,0,0,6
S1697,2026-04-09,02:14 AM,Sarojini,Outside,0,0,0,0,01:06 AM,03:36 AM,234.14,28,3.12,None,0,0,0,7
S1698,2026-04-17,10:51 PM,Yamuna,Library,0,0,09:34 PM,11:15 PM,09:19 PM,11:59 PM,646.53,74,24.16,None,0,0,0,9
S1699,2026-04-09,02:52 PM,Sarojini,Mess,02:07 PM,02:52 PM,0,0,0,0,463.4,45,33.66,Lunch,0,0,0,4
S1700,2026-04-03,02:45 PM,Yamuna,Mess,02:08 PM,02:53 PM,0,0,0,0,598.82,117,42.35,Lunch,0,0,0,4
S1701,2026-04-04,12:16 PM,Ganga,Classroom,0,0,0,0,11:36 AM,01:31 PM,232.49,11,0.81,None,1,0,0,10
S1702,2026-04-25,12:54 PM,Yamuna,Mess,12:43 PM,01:15 PM,0,0,0,0,533.44,185,36.4,Lunch,0,0,1,7
S1703,2026-04-17,12:18 AM,Azad,Outside,0,0,0,0,0,02:21 AM,222.33,168,19.13,None,0,0,0,6
S1704,2026-04-30,05:57 AM,Ganga,Hostel,0,0,0,0,0,0,290.27,33,13.02,None,0,0,1,6
S1705,2026-04-21,10:07 AM,Rajendra,Library,0,0,09:34 AM,02:43 PM,09:16 AM,03:10 PM,694.93,61,12.3,None,1,1,1,7
S1706,2026-04-10,04:58 PM,Azad,Classroom,0,0,0,0,04:33 PM,05:39 PM,192.41,107,15.55,None,1,1,0,6
S1707,2026-04-15,02:39 AM,Azad,Outside,0,0,0,0,02:06 AM,04:28 AM,185.43,18,2.66,None,0,0,0,10
S1708,2026-04-24,12:59 PM,Rajendra,Library,0,0,11:15 AM,07:50 PM,10:46 AM,08:38 PM,1060.6,76,15.39,None,1,0,1,3
S1709,2026-04-24,08:14 PM,Sarojini,Library,0,0,07:42 PM,11:59 PM,07:26 PM,11:59 PM,755.0,113,28.13,None,0,0,1,6
S1710,2026-04-01,02:43 PM,Sarojini,Mess,02:27 PM,03:06 PM,0,0,0,0,445.35,144,55.22,Lunch,1,0,0,10
S1711,2026-04-05,09:44 AM,Yamuna,Classroom,0,0,0,0,09:32 AM,11:22 AM,248.27,25,2.06,None,1,1,0,7
S1712,2026-04-13,04:28 PM,Ganga,Hostel,0,0,0,0,0,0,154.99,10,22.9,None,1,1,0,14
S1713,2026-04-22,10:13 AM,Yamuna,Mess,09:40 AM,10:30 AM,0,0,0,0,397.22,195,50.3,Breakfast,1,1,1,5
S1714,2026-04-22,12:36 PM,Rajendra,Mess,12:01 PM,12:56 PM,0,0,0,0,492.66,87,35.27,Lunch,0,0,1,5
S1715,2026-04-06,06:57 PM,Sarojini,Hostel,0,0,0,0,0,0,366.48,189,31.14,None,0,0,0,7
S1716,2026-04-13,12:38 PM,Yamuna,Mess,12:20 PM,01:14 PM,0,0,0,0,548.69,159,35.17,Lunch,0,0,0,7
S1717,2026-04-17,09:36 AM,Yamuna,Outside,0,0,0,0,07:52 AM,11:29 AM,194.67,97,12.85,None,1,1,0,9
S1718,2026-04-27,01:38 PM,Rajendra,Mess,12:41 PM,01:38 PM,0,0,0,0,429.49,89,47.48,Lunch,1,0,1,4
S1719,2026-04-10,02:38 PM,Sarojini,Mess,02:21 PM,02:48 PM,0,0,0,0,423.6,180,43.46,Lunch,0,0,0,10
S1720,2026-04-16,08:33 PM,Azad,Mess,07:51 PM,08:37 PM,0,0,0,0,327.82,143,50.39,Dinner,0,0,0,7
S1721,2026-04-29,10:24 PM,Ganga,Library,0,0,07:15 PM,11:59 PM,06:51 PM,11:59 PM,897.24,134,20.36,None,0,0,1,8
S1722,2026-04-29,04:36 PM,Ganga,Classroom,0,0,0,0,03:58 PM,05:41 PM,253.19,148,17.61,None,1,1,1,7
S1723,2026-04-12,11:15 AM,Azad,Library,0,0,09:05 AM,11:23 AM,08:59 AM,12:16 PM,535.3,174,21.55,None,0,0,0,8
S1724,2026-04-01,10:54 PM,Yamuna,Library,0,0,08:30 PM,11:28 PM,08:21 PM,11:51 PM,767.42,131,19.65,None,0,0,0,7
S1725,2026-04-05,03:29 PM,Ganga,Classroom,0,0,0,0,03:02 PM,04:08 PM,220.83,90,8.6,None,1,0,0,3
S1726,2026-04-24,08:01 PM,Rajendra,Mess,07:55 PM,08:19 PM,0,0,0,0,503.55,187,42.79,Dinner,0,0,1,6
S1727,2026-04-27,02:23 PM,Yamuna,Library,0,0,11:08 AM,07:09 PM,10:45 AM,07:46 PM,898.26,144,25.35,None,1,0,1,4
S1728,2026-04-14,04:49 PM,Rajendra,Hostel,0,0,0,0,0,0,144.89,12,16.24,None,0,0,0,6
S1729,2026-04-22,05:24 PM,Azad,Library,0,0,01:04 PM,09:08 PM,12:37 PM,10:03 PM,712.62,21,7.49,None,0,0,1,4
S1730,2026-04-11,10:18 PM,Yamuna,Mess,09:33 PM,10:31 PM,0,0,0,0,347.65,75,35.99,Dinner,0,0,0,7
S1731,2026-04-24,06:46 PM,Azad,Library,0,0,03:53 PM,09:53 PM,03:47 PM,10:51 PM,1018.97,57,14.44,None,0,0,1,3
S1732,2026-04-28,09:56 PM,Ganga,Outside,0,0,0,0,07:57 PM,11:59 PM,160.71,56,5.31,None,0,0,1,4
S1733,2026-04-30,06:52 PM,Rajendra,Hostel,0,0,0,0,0,0,245.72,13,24.19,None,0,0,1,7
S1734,2026-04-10,12:28 PM,Yamuna,Classroom,0,0,0,0,12:09 PM,01:54 PM,273.78,107,9.72,None,1,0,0,3
S1735,2026-04-08,09:53 PM,Rajendra,Library,0,0,09:43 PM,10:41 PM,09:13 PM,11:31 PM,532.28,87,20.45,None,0,0,0,6
S1736,2026-04-02,04:50 PM,Ganga,Library,0,0,02:53 PM,05:18 PM,02:32 PM,05:43 PM,683.47,147,21.78,None,1,1,0,5
S1737,2026-04-07,11:01 PM,Azad,Library,0,0,10:55 PM,11:59 PM,10:31 PM,11:59 PM,814.27,98,16.5,None,0,0,0,6
S1738,2026-04-19,01:34 PM,Azad,Mess,01:09 PM,01:57 PM,0,0,0,0,559.7,132,45.66,Lunch,1,0,0,7
S1739,2026-04-15,12:47 PM,Yamuna,Library,0,0,12:27 PM,03:15 PM,12:19 PM,03:25 PM,910.93,100,27.48,None,1,0,0,8
S1740,2026-04-29,08:36 PM,Sarojini,Mess,08:36 PM,09:00 PM,0,0,0,0,659.27,156,50.81,Dinner,0,0,1,4
S1741,2026-04-29,06:30 PM,Ganga,Library,0,0,03:47 PM,11:59 PM,03:18 PM,11:59 PM,842.81,150,27.9,None,0,0,1,7
S1742,2026-04-30,03:06 PM,Rajendra,Library,0,0,09:20 AM,06:13 PM,09:08 AM,06:34 PM,539.89,182,33.8,None,0,0,1,4
S1743,2026-04-01,10:28 PM,Ganga,Outside,0,0,0,0,08:31 PM,11:59 PM,310.37,157,20.78,None,0,0,0,6
S1744,2026-04-27,08:26 PM,Sarojini,Hostel,0,0,0,0,0,0,1281.22,87,27.55,None,0,0,1,7
S1745,2026-04-29,10:31 PM,Yamuna,Library,0,0,09:25 PM,11:59 PM,09:00 PM,11:59 PM,638.71,193,37.22,None,0,0,1,8
S1746,2026-04-25,12:45 PM,Ganga,Mess,12:37 PM,01:09 PM,0,0,0,0,521.24,175,52.91,Lunch,0,0,1,4
S1747,2026-04-06,05:29 PM,Rajendra,Hostel,0,0,0,0,0,0,206.39,96,29.78,None,0,0,0,8
S1748,2026-04-01,03:15 PM,Ganga,Library,0,0,02:51 PM,03:38 PM,02:43 PM,03:52 PM,701.21,60,15.21,None,0,0,0,5
S1749,2026-04-13,11:25 AM,Rajendra,Library,0,0,10:56 AM,11:43 AM,10:43 AM,11:58 AM,578.82,181,28.35,None,1,0,0,4
S1750,2026-04-13,08:29 PM,Ganga,Mess,08:09 PM,08:33 PM,0,0,0,0,500.57,71,42.32,Dinner,0,0,0,8
S1751,2026-04-14,05:11 AM,Rajendra,Hostel,0,0,0,0,0,0,316.67,157,41.2,None,0,0,0,7
S1752,2026-04-18,05:55 PM,Yamuna,Classroom,0,0,0,0,05:18 PM,06:28 PM,180.3,153,18.39,None,1,1,0,6
S1753,2026-04-19,09:27 PM,Rajendra,Library,0,0,08:49 PM,10:09 PM,08:37 PM,10:22 PM,777.51,126,19.53,None,0,0,0,7
S1754,2026-04-27,01:10 PM,Yamuna,Mess,12:10 PM,01:10 PM,0,0,0,0,411.87,180,40.31,Lunch,1,0,1,6
S1755,2026-04-26,09:46 PM,Ganga,Mess,09:29 PM,09:51 PM,0,0,0,0,274.01,140,35.45,Dinner,0,0,1,4
S1756,2026-04-11,01:56 PM,Azad,Library,0,0,12:35 PM,02:45 PM,12:18 PM,03:21 PM,590.67,182,18.4,None,0,0,0,6
S1757,2026-04-17,05:46 AM,Rajendra,Hostel,0,0,0,0,0,0,331.44,106,18.18,None,0,0,0,7
S1758,2026-04-17,01:26 PM,Sarojini,Mess,12:52 PM,01:28 PM,0,0,0,0,388.26,30,25.21,Lunch,0,0,0,7
S1759,2026-04-19,11:38 AM,Sarojini,Library,0,0,11:05 AM,01:24 PM,10:56 AM,02:22 PM,546.2,120,18.77,None,1,0,0,8
S1760,2026-04-05,11:02 AM,Sarojini,Library,0,0,09:39 AM,12:03 PM,09:32 AM,12:57 PM,713.97,79,9.67,None,0,0,0,3
S1761,2026-04-24,06:19 PM,Ganga,Library,0,0,01:28 PM,06:47 PM,01:04 PM,07:29 PM,533.95,187,34.94,None,0,0,1,4
S1762,2026-05-01,08:47 PM,Ganga,Library,0,0,08:02 PM,09:08 PM,07:52 PM,09:50 PM,542.23,28,7.75,None,0,0,0,7
S1763,2026-04-25,01:32 PM,Azad,Library,0,0,11:19 AM,06:54 PM,10:58 AM,07:25 PM,540.13,97,14.69,None,1,0,1,6
S1764,2026-04-08,04:54 PM,Sarojini,Library,0,0,04:42 PM,05:20 PM,04:20 PM,05:39 PM,786.13,183,33.42,None,1,1,0,8
S1765,2026-04-26,10:19 AM,Azad,Mess,09:56 AM,10:49 AM,0,0,0,0,232.02,81,40.03,Breakfast,0,0,1,7
S1766,2026-04-22,07:53 AM,Rajendra,Mess,07:04 AM,08:00 AM,0,0,0,0,442.77,172,43.66,Breakfast,0,0,1,6
S1767,2026-04-12,03:53 AM,Rajendra,Outside,0,0,0,0,03:21 AM,04:59 AM,207.09,47,6.67,None,0,0,0,3
S1768,2026-04-04,11:39 AM,Yamuna,Library,0,0,11:19 AM,11:54 AM,11:00 AM,12:27 PM,509.42,153,27.92,None,1,0,0,8
S1769,2026-04-20,09:49 PM,Yamuna,Library,0,0,03:05 PM,11:59 PM,02:44 PM,11:59 PM,1028.62,136,23.66,None,0,0,1,5
S1770,2026-04-26,09:21 PM,Sarojini,Mess,09:08 PM,10:06 PM,0,0,0,0,255.33,188,41.03,Dinner,0,0,1,4
S1771,2026-04-21,10:59 AM,Rajendra,Hostel,0,0,0,0,0,0,221.7,23,13.3,None,0,0,1,7
S1772,2026-04-24,11:18 AM,Yamuna,Classroom,0,0,0,0,10:38 AM,12:33 PM,284.57,180,18.75,None,1,0,1,8
S1773,2026-04-15,05:55 AM,Ganga,Hostel,0,0,0,0,0,0,235.88,103,31.66,None,0,0,0,7
S1774,2026-04-17,12:52 AM,Sarojini,Outside,0,0,0,0,0,02:45 AM,337.98,56,3.19,None,0,0,0,5
S1775,2026-04-25,01:22 PM,Yamuna,Library,0,0,09:05 AM,02:49 PM,08:47 AM,03:20 PM,609.17,107,19.91,None,1,0,1,4
S1776,2026-05-01,12:57 PM,Sarojini,Library,0,0,12:46 PM,01:38 PM,12:28 PM,02:01 PM,497.86,120,13.12,None,0,0,0,6
S1777,2026-04-28,10:49 PM,Sarojini,Library,0,0,10:42 PM,11:59 PM,10:26 PM,11:59 PM,522.93,99,23.2,None,0,0,1,7
S1778,2026-04-09,07:35 PM,Azad,Hostel,0,0,0,0,0,0,173.04,111,37.45,None,0,0,0,7
S1779,2026-04-14,01:29 AM,Azad,Hostel,0,0,0,0,0,0,222.47,123,27.49,None,0,0,0,7
S1780,2026-04-05,11:13 AM,Yamuna,Library,0,0,10:24 AM,12:11 PM,10:18 AM,12:43 PM,892.72,95,14.79,None,0,0,0,8
S1781,2026-04-17,01:41 PM,Yamuna,Mess,01:27 PM,02:01 PM,0,0,0,0,400.47,47,30.74,Lunch,1,0,0,7
S1782,2026-04-07,09:18 AM,Sarojini,Mess,08:53 AM,09:34 AM,0,0,0,0,416.32,108,38.13,Breakfast,0,0,0,7
S1783,2026-04-12,07:47 PM,Ganga,Library,0,0,07:44 PM,08:14 PM,07:15 PM,09:12 PM,565.3,107,21.68,None,0,0,0,3
S1784,2026-04-28,02:09 PM,Sarojini,Library,0,0,12:03 PM,05:47 PM,11:37 AM,06:36 PM,695.51,63,14.99,None,1,0,1,4
S1785,2026-04-16,11:26 PM,Ganga,Library,0,0,09:22 PM,11:50 PM,09:02 PM,11:59 PM,858.45,95,12.2,None,0,0,0,7
S1786,2026-04-23,08:40 PM,Yamuna,Library,0,0,05:54 PM,11:26 PM,05:30 PM,11:48 PM,862.09,41,16.83,None,0,0,1,7
S1787,2026-04-14,09:04 PM,Rajendra,Mess,08:54 PM,09:30 PM,0,0,0,0,570.7,135,31.44,Dinner,0,0,0,8
S1788,2026-04-23,09:38 PM,Azad,Library,0,0,03:01 PM,09:46 PM,02:36 PM,10:31 PM,837.35,37,18.91,None,0,0,1,4
S1789,2026-04-15,03:15 AM,Yamuna,Hostel,0,0,0,0,0,0,393.97,79,28.34,None,0,0,0,9
S1790,2026-04-08,01:47 PM,Rajendra,Classroom,0,0,0,0,01:17 PM,03:39 PM,238.9,145,19.72,None,1,0,0,6
S1791,2026-04-03,01:50 PM,Rajendra,Mess,01:30 PM,01:56 PM,0,0,0,0,565.71,81,35.95,Lunch,0,0,0,7
S1792,2026-04-12,08:04 AM,Azad,Mess,07:44 AM,08:09 AM,0,0,0,0,576.97,172,61.97,Breakfast,0,0,0,7
S1793,2026-04-14,03:42 AM,Sarojini,Hostel,0,0,0,0,0,0,356.21,16,15.89,None,0,0,0,8
S1794,2026-04-25,01:56 PM,Ganga,Mess,01:06 PM,02:02 PM,0,0,0,0,642.18,35,33.09,Lunch,0,0,1,4
S1795,2026-04-30,01:36 PM,Sarojini,Mess,01:15 PM,01:49 PM,0,0,0,0,280.42,28,24.4,Lunch,1,0,1,4
S1796,2026-04-06,05:29 PM,Yamuna,Library,0,0,04:05 PM,06:19 PM,03:56 PM,06:52 PM,743.29,75,17.73,None,0,0,0,7
S1797,2026-04-22,01:32 PM,Ganga,Library,0,0,11:57 AM,08:10 PM,11:37 AM,08:40 PM,821.52,143,27.82,None,1,0,1,6
S1798,2026-04-27,04:27 PM,Ganga,Outside,0,0,0,0,03:38 PM,07:10 PM,353.88,115,14.77,None,1,1,1,4
S1799,2026-04-18,08:02 PM,Yamuna,Hostel,0,0,0,0,0,0,1039.17,49,29.56,None,0,0,0,9
S1800,2026-04-08,11:43 PM,Ganga,Library,0,0,10:36 PM,11:59 PM,10:18 PM,11:59 PM,836.01,171,35.14,None,0,0,0,4
S1801,2026-04-12,02:37 PM,Sarojini,Mess,01:59 PM,02:41 PM,0,0,0,0,542.59,174,60.08,Lunch,0,0,0,8
S1802,2026-04-25,01:29 AM,Rajendra,Hostel,0,0,0,0,0,0,239.17,125,23.92,None,0,0,1,7
S1803,2026-04-14,07:11 PM,Rajendra,Mess,07:10 PM,07:31 PM,0,0,0,0,356.1,77,42.13,Dinner,0,0,0,7
S1804,2026-04-07,10:02 AM,Ganga,Mess,09:34 AM,10:04 AM,0,0,0,0,316.44,186,59.87,Breakfast,0,0,0,6
S1805,2026-04-12,08:27 PM,Azad,Mess,07:55 PM,08:28 PM,0,0,0,0,488.43,164,54.77,Dinner,0,0,0,6
S1806,2026-04-15,10:07 AM,Sarojini,Classroom,0,0,0,0,09:54 AM,12:01 PM,374.56,75,4.23,None,1,1,0,8
S1807,2026-04-10,08:32 AM,Azad,Classroom,0,0,0,0,08:13 AM,10:15 AM,127.54,73,5.63,None,1,1,0,6
S1808,2026-04-08,06:10 PM,Sarojini,Classroom,0,0,0,0,05:59 PM,07:14 PM,278.49,43,4.17,None,1,1,0,8
S1809,2026-04-04,09:08 AM,Sarojini,Mess,08:55 AM,09:43 AM,0,0,0,0,516.55,80,45.07,Breakfast,0,0,0,8
S1810,2026-04-19,08:21 PM,Yamuna,Mess,07:59 PM,08:46 PM,0,0,0,0,240.46,130,44.59,Dinner,0,0,0,6
S1811,2026-04-14,03:20 PM,Yamuna,Library,0,0,02:37 PM,03:47 PM,02:31 PM,04:12 PM,564.6,132,20.15,None,1,0,0,9
S1812,2026-04-01,07:19 PM,Azad,Mess,07:06 PM,07:30 PM,0,0,0,0,465.17,199,55.52,Dinner,0,0,0,8
S1813,2026-04-29,12:31 AM,Azad,Hostel,0,0,0,0,0,0,395.19,66,33.68,None,0,0,1,6
S1814,2026-04-21,08:15 PM,Rajendra,Mess,08:12 PM,08:55 PM,0,0,0,0,338.28,84,32.65,Dinner,0,0,1,4
S1815,2026-04-05,05:02 PM,Yamuna,Classroom,0,0,0,0,04:37 PM,06:22 PM,267.26,44,5.6,None,1,1,0,7
S1816,2026-04-03,11:30 PM,Azad,Library,0,0,10:43 PM,11:59 PM,10:26 PM,11:59 PM,736.25,62,13.08,None,0,0,0,5
S1817,2026-04-03,08:01 AM,Sarojini,Mess,07:26 AM,08:13 AM,0,0,0,0,585.05,73,36.26,Breakfast,0,0,0,8
S1818,2026-04-22,02:56 PM,Sarojini,Mess,02:16 PM,02:59 PM,0,0,0,0,446.52,176,36.06,Lunch,1,0,1,4
S1819,2026-04-04,04:58 AM,Rajendra,Hostel,0,0,0,0,0,0,391.57,64,25.55,None,0,0,0,4
S1820,2026-04-03,04:32 PM,Azad,Library,0,0,04:30 PM,05:41 PM,04:05 PM,05:59 PM,747.7,174,32.22,None,0,0,0,8
S1821,2026-04-12,04:18 PM,Yamuna,Library,0,0,03:46 PM,04:37 PM,03:29 PM,04:56 PM,920.86,79,22.14,None,0,0,0,15
S1822,2026-04-01,01:37 PM,Azad,Library,0,0,01:12 PM,01:46 PM,12:50 PM,02:12 PM,968.19,128,31.94,None,0,0,0,12
S1823,2026-04-25,08:16 PM,Azad,Mess,08:02 PM,08:49 PM,0,0,0,0,392.11,92,29.27,Dinner,0,0,1,5
S1824,2026-04-28,04:57 PM,Rajendra,Library,0,0,02:43 PM,10:50 PM,02:15 PM,11:00 PM,603.9,17,10.4,None,1,1,1,6
S1825,2026-04-11,09:14 PM,Ganga,Library,0,0,08:55 PM,09:28 PM,08:25 PM,10:05 PM,718.05,14,14.24,None,0,0,0,4
S1826,2026-04-09,12:27 PM,Sarojini,Library,0,0,10:58 AM,01:44 PM,10:38 AM,02:24 PM,723.72,192,24.13,None,1,0,0,4
S1827,2026-04-11,03:46 PM,Sarojini,Outside,0,0,0,0,02:14 PM,06:25 PM,287.79,138,6.98,None,0,0,0,7
S1828,2026-04-19,05:04 AM,Yamuna,Outside,0,0,0,0,03:48 AM,07:04 AM,206.72,56,7.93,None,0,0,0,8
S1829,2026-04-05,11:17 AM,Sarojini,Outside,0,0,0,0,09:59 AM,12:18 PM,235.77,64,3.95,None,0,0,0,7
S1830,2026-04-11,02:05 PM,Ganga,Library,0,0,01:47 PM,03:28 PM,01:25 PM,04:23 PM,662.14,71,14.1,None,0,0,0,7
S1831,2026-04-16,01:40 PM,Azad,Mess,01:25 PM,01:50 PM,0,0,0,0,358.12,187,38.57,Lunch,1,0,0,7
S1832,2026-04-15,09:26 AM,Ganga,Mess,09:16 AM,09:37 AM,0,0,0,0,616.88,30,40.69,Breakfast,1,1,0,7
S1833,2026-04-10,02:01 PM,Ganga,Mess,01:49 PM,02:48 PM,0,0,0,0,567.94,43,38.08,Lunch,0,0,0,14
S1834,2026-04-28,02:40 AM,Yamuna,Outside,0,0,0,0,02:02 AM,05:05 AM,137.41,41,4.41,None,0,0,1,4
S1835,2026-04-04,08:06 AM,Azad,Mess,07:51 AM,08:40 AM,0,0,0,0,313.78,193,41.88,Breakfast,0,0,0,7
S1836,2026-04-26,09:19 PM,Ganga,Mess,08:54 PM,09:41 PM,0,0,0,0,467.45,104,34.42,Dinner,0,0,1,3
S1837,2026-04-29,01:59 PM,Yamuna,Mess,01:57 PM,02:36 PM,0,0,0,0,354.39,20,32.13,Lunch,0,0,1,8
S1838,2026-04-04,09:21 AM,Yamuna,Mess,09:05 AM,09:32 AM,0,0,0,0,286.47,80,33.68,Breakfast,1,1,0,3
S1839,2026-04-07,11:58 AM,Sarojini,Outside,0,0,0,0,11:08 AM,02:58 PM,361.08,42,4.46,None,0,0,0,6
S1840,2026-04-11,07:02 PM,Ganga,Library,0,0,05:54 PM,07:34 PM,05:36 PM,08:32 PM,716.1,20,12.54,None,0,0,0,9
S1841,2026-04-25,08:24 AM,Yamuna,Mess,07:44 AM,08:35 AM,0,0,0,0,407.53,92,31.98,Breakfast,0,0,1,6
S1842,2026-04-27,04:24 AM,Ganga,Outside,0,0,0,0,02:50 AM,05:27 AM,197.46,185,14.56,None,0,0,1,4
S1843,2026-04-29,11:24 PM,Yamuna,Library,0,0,07:05 PM,11:59 PM,06:52 PM,11:59 PM,1017.22,14,9.73,None,0,0,1,6
S1844,2026-04-21,07:58 PM,Azad,Mess,07:22 PM,08:02 PM,0,0,0,0,318.21,171,49.03,Dinner,0,0,1,5
S1845,2026-04-15,07:51 PM,Ganga,Library,0,0,07:39 PM,09:38 PM,07:34 PM,10:25 PM,699.72,94,22.26,None,0,0,0,5
S1846,2026-04-23,10:00 AM,Ganga,Outside,0,0,0,0,08:17 AM,12:03 PM,338.29,97,6.96,None,0,0,1,4
S1847,2026-04-16,03:20 PM,Ganga,Outside,0,0,0,0,01:43 PM,06:01 PM,225.5,153,12.79,None,0,0,0,6
S1848,2026-04-03,12:15 AM,Yamuna,Outside,0,0,0,0,0,03:08 AM,279.08,48,7.16,None,0,0,0,8
S1849,2026-04-08,02:35 PM,Yamuna,Mess,02:23 PM,03:23 PM,0,0,0,0,545.1,62,28.8,Lunch,0,0,0,4
S1850,2026-04-10,01:28 PM,Yamuna,Mess,12:54 PM,01:40 PM,0,0,0,0,451.5,135,44.44,Lunch,0,0,0,13
S1851,2026-04-27,08:26 PM,Rajendra,Mess,07:54 PM,08:41 PM,0,0,0,0,460.11,136,48.01,Dinner,0,0,1,7
S1852,2026-04-10,08:45 PM,Azad,Library,0,0,08:00 PM,08:45 PM,07:54 PM,09:26 PM,807.48,20,7.99,None,0,0,0,14
S1853,2026-04-07,07:18 AM,Ganga,Hostel,0,0,0,0,0,0,146.98,94,26.17,None,0,0,0,7
S1854,2026-04-30,09:06 PM,Azad,Mess,08:53 PM,09:33 PM,0,0,0,0,505.29,107,41.65,Dinner,0,0,1,3
S1855,2026-04-28,09:37 PM,Sarojini,Library,0,0,02:47 PM,11:35 PM,02:30 PM,11:59 PM,688.24,31,8.26,None,0,0,1,7
S1856,2026-04-09,06:22 PM,Sarojini,Library,0,0,06:13 PM,08:28 PM,05:43 PM,09:04 PM,700.72,38,17.62,None,0,0,0,7
S1857,2026-04-16,11:00 AM,Yamuna,Library,0,0,10:10 AM,11:34 AM,09:49 AM,12:33 PM,581.67,15,15.24,None,1,0,0,7
S1858,2026-04-24,09:44 PM,Rajendra,Library,0,0,03:37 PM,10:12 PM,03:09 PM,10:35 PM,791.61,142,17.99,None,0,0,1,7
S1859,2026-04-28,07:36 PM,Ganga,Mess,07:29 PM,08:09 PM,0,0,0,0,306.86,10,36.04,Dinner,0,0,1,4
S1860,2026-04-15,10:34 AM,Yamuna,Library,0,0,09:46 AM,10:50 AM,09:27 AM,11:28 AM,618.93,20,10.8,None,0,0,0,6
S1861,2026-04-01,02:49 PM,Yamuna,Mess,02:30 PM,02:55 PM,0,0,0,0,267.15,115,44.33,Lunch,0,0,0,8
S1862,2026-04-09,12:59 PM,Rajendra,Mess,12:30 PM,01:17 PM,0,0,0,0,420.36,27,31.77,Lunch,0,0,0,9
S1863,2026-04-03,01:59 PM,Sarojini,Library,0,0,01:18 PM,02:16 PM,12:56 PM,03:01 PM,974.25,119,26.91,None,1,0,0,6
S1864,2026-04-07,12:46 PM,Ganga,Mess,12:41 PM,01:17 PM,0,0,0,0,432.73,200,66.17,Lunch,1,0,0,6
S1865,2026-04-12,08:17 AM,Ganga,Mess,07:53 AM,08:45 AM,0,0,0,0,460.46,142,45.57,Breakfast,0,0,0,7
S1866,2026-04-07,10:04 PM,Azad,Mess,09:54 PM,10:35 PM,0,0,0,0,602.83,45,40.12,Dinner,0,0,0,9
S1867,2026-04-27,07:35 PM,Azad,Library,0,0,04:52 PM,11:59 PM,04:24 PM,11:59 PM,976.38,15,10.74,None,0,0,1,4
S1868,2026-04-03,09:23 PM,Ganga,Library,0,0,08:53 PM,10:38 PM,08:29 PM,11:14 PM,842.35,108,21.72,None,0,0,0,13
S1869,2026-04-29,08:27 AM,Sarojini,Mess,08:08 AM,08:31 AM,0,0,0,0,588.95,140,31.15,Breakfast,0,0,1,5
S1870,2026-04-24,12:54 PM,Sarojini,Classroom,0,0,0,0,12:38 PM,01:46 PM,199.71,166,21.9,None,1,0,1,6
S1871,2026-04-23,07:30 PM,Rajendra,Mess,07:03 PM,07:46 PM,0,0,0,0,671.82,112,47.3,Dinner,0,0,1,3
S1872,2026-04-29,03:17 AM,Yamuna,Outside,0,0,0,0,02:04 AM,05:41 AM,293.66,32,1.71,None,0,0,1,5
S1873,2026-04-11,10:11 AM,Ganga,Mess,09:48 AM,10:27 AM,0,0,0,0,281.18,17,39.58,Breakfast,0,0,0,7
S1874,2026-04-15,03:17 AM,Ganga,Hostel,0,0,0,0,0,0,218.3,123,22.56,None,0,0,0,9
S1875,2026-04-03,09:49 AM,Yamuna,Mess,08:59 AM,09:54 AM,0,0,0,0,290.34,51,35.67,Breakfast,0,0,0,4
S1876,2026-04-11,08:58 AM,Yamuna,Outside,0,0,0,0,08:20 AM,10:18 AM,162.58,121,17.79,None,0,0,0,7
S1877,2026-04-21,03:41 PM,Azad,Library,0,0,12:47 PM,09:14 PM,12:38 PM,09:45 PM,741.62,193,25.36,None,0,0,1,4
S1878,2026-04-15,06:26 PM,Sarojini,Hostel,0,0,0,0,0,0,105.48,29,23.95,None,0,0,0,6
S1879,2026-04-13,10:06 AM,Rajendra,Hostel,0,0,0,0,0,0,288.7,197,42.97,None,1,1,0,8
S1880,2026-04-20,08:34 AM,Ganga,Hostel,0,0,0,0,0,0,384.08,119,25.81,None,0,0,1,4
S1881,2026-04-27,01:26 AM,Yamuna,Hostel,0,0,0,0,0,0,291.19,26,17.01,None,0,0,1,3
S1882,2026-04-11,08:27 AM,Yamuna,Mess,08:03 AM,08:39 AM,0,0,0,0,584.44,187,41.29,Breakfast,0,0,0,6
S1883,2026-04-01,02:39 AM,Ganga,Outside,0,0,0,0,01:56 AM,04:11 AM,324.19,10,1.16,None,0,0,0,5
S1884,2026-04-18,09:31 PM,Rajendra,Mess,09:30 PM,10:14 PM,0,0,0,0,262.05,58,27.87,Dinner,0,0,0,7
S1885,2026-04-23,11:34 PM,Yamuna,Outside,0,0,0,0,10:54 PM,11:59 PM,320.85,20,1.31,None,0,0,1,3
S1886,2026-04-30,02:18 PM,Ganga,Mess,01:56 PM,02:30 PM,0,0,0,0,493.16,124,44.11,Lunch,1,0,1,7
S1887,2026-04-24,05:32 AM,Azad,Outside,0,0,0,0,03:45 AM,06:47 AM,195.11,159,21.88,None,0,0,1,4
S1888,2026-04-14,08:16 PM,Azad,Mess,07:44 PM,08:39 PM,0,0,0,0,585.03,67,47.38,Dinner,0,0,0,5
S1889,2026-04-18,01:03 PM,Yamuna,Library,0,0,12:43 PM,01:59 PM,12:22 PM,02:56 PM,876.76,12,6.79,None,1,0,0,7
S1890,2026-04-07,06:46 PM,Azad,Outside,0,0,0,0,04:54 PM,08:27 PM,164.29,163,8.87,None,0,0,0,7
S1891,2026-04-16,09:24 PM,Rajendra,Library,0,0,09:18 PM,10:36 PM,09:04 PM,11:24 PM,825.75,71,16.53,None,0,0,0,8
S1892,2026-04-03,02:21 PM,Sarojini,Mess,02:13 PM,03:08 PM,0,0,0,0,532.72,61,42.45,Lunch,0,0,0,8
S1893,2026-04-04,09:23 AM,Ganga,Mess,09:22 AM,10:19 AM,0,0,0,0,567.79,187,46.03,Breakfast,0,0,0,16
S1894,2026-04-10,05:47 PM,Yamuna,Library,0,0,05:21 PM,06:04 PM,04:57 PM,07:04 PM,643.33,194,21.18,None,0,0,0,7
S1895,2026-04-06,10:19 AM,Yamuna,Library,0,0,10:04 AM,10:37 AM,09:59 AM,11:03 AM,891.38,118,24.91,None,1,1,0,9
S1896,2026-04-10,12:49 PM,Rajendra,Mess,12:28 PM,12:50 PM,0,0,0,0,454.1,98,52.62,Lunch,0,0,0,9
S1897,2026-04-24,12:47 PM,Rajendra,Classroom,0,0,0,0,12:23 PM,02:37 PM,286.47,22,2.75,None,1,0,1,4
S1898,2026-04-30,11:25 AM,Sarojini,Library,0,0,11:20 AM,06:11 PM,11:07 AM,06:59 PM,665.32,178,23.74,None,0,0,1,3
S1899,2026-04-09,02:38 PM,Rajendra,Library,0,0,01:32 PM,03:18 PM,01:10 PM,03:35 PM,749.26,115,24.17,None,1,0,0,6
S1900,2026-04-24,06:40 AM,Sarojini,Outside,0,0,0,0,04:50 AM,08:08 AM,360.83,90,12.01,None,0,0,1,4
S1901,2026-04-04,08:45 AM,Rajendra,Classroom,0,0,0,0,08:34 AM,09:49 AM,112.24,65,9.4,None,1,1,0,4
S1902,2026-04-30,11:56 PM,Yamuna,Library,0,0,10:10 PM,11:59 PM,09:54 PM,11:59 PM,931.61,110,14.95,None,0,0,1,5
S1903,2026-04-30,08:55 PM,Yamuna,Library,0,0,05:45 PM,10:52 PM,05:20 PM,11:09 PM,920.24,44,18.22,None,0,0,1,6
S1904,2026-04-19,09:58 PM,Rajendra,Hostel,0,0,0,0,0,0,982.99,154,37.73,None,0,0,0,7
S1905,2026-04-23,11:54 PM,Yamuna,Library,0,0,09:44 PM,11:59 PM,09:18 PM,11:59 PM,874.38,164,24.56,None,0,0,1,7
S1906,2026-04-15,06:38 PM,Yamuna,Library,0,0,04:26 PM,06:56 PM,04:01 PM,07:11 PM,683.56,199,19.79,None,0,0,0,5
S1907,2026-04-28,11:28 PM,Azad,Library,0,0,06:25 PM,11:59 PM,05:57 PM,11:59 PM,626.79,20,13.61,None,0,0,1,6
S1908,2026-04-13,09:40 AM,Azad,Mess,09:29 AM,09:58 AM,0,0,0,0,584.01,15,38.67,Breakfast,0,0,0,8
S1909,2026-04-30,05:53 PM,Rajendra,Library,0,0,02:58 PM,10:27 PM,02:38 PM,10:56 PM,995.62,158,21.25,None,0,0,1,3
S1910,2026-04-18,05:18 AM,Ganga,Hostel,0,0,0,0,0,0,222.35,155,26.54,None,0,0,0,6
S1911,2026-04-28,07:27 AM,Yamuna,Mess,07:24 AM,08:22 AM,0,0,0,0,370.8,75,43.54,Breakfast,0,0,1,7
S1912,2026-04-18,09:49 AM,Yamuna,Mess,09:34 AM,10:07 AM,0,0,0,0,274.98,67,33.41,Breakfast,1,1,0,7
S1913,2026-04-08,09:26 AM,Rajendra,Mess,09:20 AM,09:47 AM,0,0,0,0,490.07,140,46.72,Breakfast,0,0,0,6
S1914,2026-04-12,02:31 PM,Ganga,Mess,02:02 PM,02:49 PM,0,0,0,0,398.8,166,48.41,Lunch,0,0,0,7
S1915,2026-04-04,08:11 PM,Rajendra,Mess,07:23 PM,08:22 PM,0,0,0,0,354.76,69,34.43,Dinner,0,0,0,7
S1916,2026-04-26,08:14 AM,Azad,Mess,08:11 AM,08:54 AM,0,0,0,0,460.55,165,39.04,Breakfast,0,0,1,4
S1917,2026-04-12,08:05 AM,Ganga,Mess,07:49 AM,08:24 AM,0,0,0,0,638.89,48,33.3,Breakfast,0,0,0,7
S1918,2026-04-07,10:07 AM,Sarojini,Mess,09:37 AM,10:18 AM,0,0,0,0,410.29,18,24.51,Breakfast,0,0,0,9
S1919,2026-04-05,04:28 PM,Ganga,Hostel,0,0,0,0,0,0,106.95,80,30.11,None,1,1,0,6
S1920,2026-04-07,03:18 AM,Rajendra,Outside,0,0,0,0,02:36 AM,05:27 AM,276.28,16,1.72,None,0,0,0,7
S1921,2026-04-11,12:30 PM,Azad,Library,0,0,11:56 AM,01:25 PM,11:51 AM,02:02 PM,1029.45,15,10.09,None,1,0,0,8
S1922,2026-04-08,01:02 PM,Rajendra,Mess,12:17 PM,01:09 PM,0,0,0,0,530.98,154,44.21,Lunch,0,0,0,7
S1923,2026-04-10,08:16 AM,Rajendra,Mess,08:07 AM,09:05 AM,0,0,0,0,404.73,110,53.75,Breakfast,0,0,0,8
S1924,2026-04-28,04:09 PM,Sarojini,Library,0,0,03:35 PM,11:59 PM,03:13 PM,11:59 PM,752.2,110,19.06,None,0,0,1,5
S1925,2026-04-07,06:40 AM,Ganga,Outside,0,0,0,0,05:45 AM,09:03 AM,242.71,130,17.0,None,0,0,0,7
S1926,2026-04-03,09:18 PM,Sarojini,Library,0,0,09:14 PM,09:55 PM,09:03 PM,10:55 PM,975.79,165,28.55,None,0,0,0,8
S1927,2026-04-20,07:18 PM,Rajendra,Hostel,0,0,0,0,0,0,147.21,116,32.16,None,0,0,1,7
S1928,2026-04-29,05:39 PM,Sarojini,Library,0,0,12:03 PM,07:12 PM,11:50 AM,07:53 PM,799.83,107,27.26,None,0,0,1,4
S1929,2026-04-11,04:55 PM,Sarojini,Outside,0,0,0,0,03:28 PM,07:53 PM,399.06,52,7.13,None,1,1,0,8
S1930,2026-04-23,07:50 AM,Sarojini,Outside,0,0,0,0,07:11 AM,09:28 AM,382.03,55,3.66,None,0,0,1,4
S1931,2026-04-19,10:10 AM,Ganga,Outside,0,0,0,0,09:08 AM,12:32 PM,211.15,200,10.39,None,0,0,0,8
S1932,2026-04-25,01:41 AM,Sarojini,Hostel,0,0,0,0,0,0,277.15,41,28.37,None,0,0,1,8
S1933,2026-04-22,09:48 PM,Yamuna,Mess,09:12 PM,09:57 PM,0,0,0,0,306.91,160,38.58,Dinner,0,0,1,5
S1934,2026-04-25,09:59 AM,Ganga,Mess,09:40 AM,10:10 AM,0,0,0,0,341.44,76,24.99,Breakfast,1,1,1,4
S1935,2026-04-09,09:04 AM,Ganga,Mess,08:57 AM,09:30 AM,0,0,0,0,565.53,167,49.66,Breakfast,0,0,0,4
S1936,2026-04-28,07:32 PM,Rajendra,Hostel,0,0,0,0,0,0,378.72,169,33.39,None,0,0,1,4
S1937,2026-04-01,03:11 PM,Ganga,Outside,0,0,0,0,02:40 PM,04:16 PM,215.75,63,3.6,None,0,0,0,6
S1938,2026-04-04,09:30 PM,Azad,Library,0,0,08:27 PM,10:22 PM,08:01 PM,11:07 PM,570.68,86,18.15,None,0,0,0,7
S1939,2026-04-29,05:21 PM,Yamuna,Hostel,0,0,0,0,0,0,341.25,95,24.15,None,0,0,1,4
S1940,2026-04-25,12:49 AM,Sarojini,Outside,0,0,0,0,0,03:07 AM,259.34,112,8.33,None,0,0,1,7
S1941,2026-04-04,08:22 PM,Rajendra,Mess,07:57 PM,08:52 PM,0,0,0,0,344.57,11,39.0,Dinner,0,0,0,8
S1942,2026-04-24,04:37 PM,Rajendra,Hostel,0,0,0,0,0,0,392.26,189,27.61,None,0,0,1,4
S1943,2026-04-10,10:37 PM,Azad,Outside,0,0,0,0,09:33 PM,11:50 PM,130.7,50,6.91,None,0,0,0,7
S1944,2026-04-18,01:34 PM,Ganga,Mess,01:15 PM,01:49 PM,0,0,0,0,483.49,31,26.03,Lunch,1,0,0,9
S1945,2026-04-22,09:19 PM,Ganga,Mess,09:14 PM,09:45 PM,0,0,0,0,288.31,179,46.51,Dinner,0,0,1,8
S1946,2026-04-10,05:24 AM,Rajendra,Hostel,0,0,0,0,0,0,298.42,30,23.36,None,0,0,0,7
S1947,2026-04-09,08:56 PM,Sarojini,Hostel,0,0,0,0,0,0,1358.71,75,28.96,None,0,0,0,6
S1948,2026-04-16,02:58 PM,Yamuna,Outside,0,0,0,0,02:11 PM,04:50 PM,170.18,178,12.47,None,1,0,0,5
S1949,2026-04-05,10:14 AM,Ganga,Outside,0,0,0,0,08:15 AM,12:27 PM,233.87,110,8.24,None,0,0,0,7
S1950,2026-04-06,11:10 PM,Yamuna,Library,0,0,10:49 PM,11:59 PM,10:20 PM,11:59 PM,966.21,100,16.94,None,0,0,0,7
S1951,2026-04-17,03:55 PM,Yamuna,Library,0,0,03:35 PM,05:31 PM,03:12 PM,06:07 PM,801.34,79,22.49,None,0,0,0,10
S1952,2026-04-28,11:28 PM,Ganga,Library,0,0,09:33 PM,11:59 PM,09:22 PM,11:59 PM,697.47,93,14.97,None,0,0,1,6
S1953,2026-04-28,06:06 PM,Ganga,Library,0,0,05:07 PM,11:22 PM,05:02 PM,11:59 PM,653.8,38,9.06,None,0,0,1,4
S1954,2026-04-01,09:07 PM,Rajendra,Mess,08:37 PM,09:10 PM,0,0,0,0,325.03,96,41.63,Dinner,0,0,0,9
S1955,2026-04-13,02:06 AM,Rajendra,Hostel,0,0,0,0,0,0,176.65,176,22.2,None,0,0,0,6
S1956,2026-04-06,10:36 AM,Sarojini,Library,0,0,09:05 AM,11:55 AM,08:49 AM,12:31 PM,705.07,154,30.61,None,1,1,0,8
S1957,2026-04-12,12:03 AM,Yamuna,Outside,0,0,0,0,0,02:26 AM,288.5,14,1.3,None,0,0,0,15
S1958,2026-05-01,02:24 PM,Ganga,Library,0,0,02:01 PM,02:35 PM,01:32 PM,03:35 PM,545.88,105,27.35,None,0,0,0,7
S1959,2026-04-20,10:45 PM,Ganga,Library,0,0,07:43 PM,11:59 PM,07:14 PM,11:59 PM,706.93,174,26.48,None,0,0,1,4
S1960,2026-04-16,10:13 AM,Rajendra,Mess,09:50 AM,10:16 AM,0,0,0,0,334.47,130,53.45,Breakfast,1,1,0,7
S1961,2026-04-11,06:37 AM,Azad,Outside,0,0,0,0,04:46 AM,08:58 AM,288.76,128,18.71,None,0,0,0,8
S1962,2026-04-18,02:24 PM,Sarojini,Library,0,0,12:16 PM,03:02 PM,11:58 AM,03:58 PM,852.37,46,9.8,None,0,0,0,6
S1963,2026-04-10,08:21 AM,Yamuna,Mess,07:52 AM,08:25 AM,0,0,0,0,331.05,85,36.16,Breakfast,0,0,0,7
S1964,2026-04-20,06:24 PM,Yamuna,Library,0,0,04:48 PM,10:18 PM,04:41 PM,10:32 PM,685.16,170,27.71,None,0,0,1,3
S1965,2026-04-21,10:32 PM,Ganga,Mess,09:59 PM,10:48 PM,0,0,0,0,455.64,69,33.21,Dinner,0,0,1,6
S1966,2026-04-07,10:36 PM,Azad,Outside,0,0,0,0,08:50 PM,11:37 PM,325.21,71,9.34,None,0,0,0,6
S1967,2026-04-27,09:12 AM,Rajendra,Mess,09:09 AM,10:02 AM,0,0,0,0,617.19,94,31.41,Breakfast,0,0,1,6
S1968,2026-04-19,01:37 PM,Ganga,Library,0,0,01:26 PM,01:56 PM,01:08 PM,02:33 PM,712.45,117,15.54,None,1,0,0,12
S1969,2026-04-19,01:18 PM,Ganga,Library,0,0,01:07 PM,03:46 PM,12:43 PM,04:46 PM,641.24,151,30.94,None,1,0,0,7
S1970,2026-04-10,09:25 PM,Sarojini,Mess,09:17 PM,09:52 PM,0,0,0,0,460.21,119,49.05,Dinner,0,0,0,6
S1971,2026-04-08,03:42 AM,Sarojini,Outside,0,0,0,0,02:50 AM,04:51 AM,236.46,126,8.0,None,0,0,0,9
S1972,2026-04-16,02:29 PM,Azad,Mess,02:04 PM,02:57 PM,0,0,0,0,478.94,195,68.36,Lunch,0,0,0,6
S1973,2026-04-25,12:32 PM,Ganga,Mess,12:17 PM,12:53 PM,0,0,0,0,371.88,166,47.39,Lunch,0,0,1,5
S1974,2026-04-24,06:43 AM,Ganga,Hostel,0,0,0,0,0,0,132.0,191,32.47,None,0,0,1,4
S1975,2026-04-21,04:11 AM,Azad,Outside,0,0,0,0,02:30 AM,06:00 AM,364.09,85,8.13,None,0,0,1,7
S1976,2026-04-25,01:41 PM,Yamuna,Outside,0,0,0,0,11:45 AM,03:02 PM,264.78,93,7.56,None,0,0,1,5
S1977,2026-04-04,08:45 PM,Azad,Library,0,0,07:07 PM,09:43 PM,06:59 PM,10:39 PM,969.8,72,22.06,None,0,0,0,7
S1978,2026-04-29,10:44 AM,Rajendra,Library,0,0,09:43 AM,05:00 PM,09:37 AM,05:14 PM,873.35,97,18.94,None,0,0,1,6
S1979,2026-04-26,01:54 PM,Yamuna,Library,0,0,01:49 PM,09:36 PM,01:41 PM,10:27 PM,763.41,48,12.77,None,1,0,1,4
S1980,2026-04-27,02:01 PM,Rajendra,Mess,01:10 PM,02:04 PM,0,0,0,0,558.74,176,37.94,Lunch,0,0,1,5
S1981,2026-04-16,11:08 PM,Sarojini,Library,0,0,10:55 PM,11:59 PM,10:33 PM,11:59 PM,939.06,121,27.14,None,0,0,0,6
S1982,2026-04-25,03:48 AM,Azad,Outside,0,0,0,0,02:16 AM,06:01 AM,208.56,113,14.4,None,0,0,1,6
S1983,2026-04-04,07:33 PM,Yamuna,Mess,07:18 PM,07:39 PM,0,0,0,0,476.72,140,52.61,Dinner,0,0,0,9
S1984,2026-04-02,03:03 PM,Ganga,Classroom,0,0,0,0,02:26 PM,03:33 PM,113.39,126,16.18,None,1,0,0,3
S1985,2026-05-01,12:55 PM,Azad,Classroom,0,0,0,0,12:38 PM,02:37 PM,284.23,52,2.64,None,1,0,0,7
S1986,2026-04-22,11:32 PM,Yamuna,Library,0,0,10:33 PM,11:59 PM,10:21 PM,11:59 PM,753.07,19,9.38,None,0,0,1,3
S1987,2026-04-22,10:33 PM,Ganga,Library,0,0,07:55 PM,11:59 PM,07:47 PM,11:59 PM,587.91,147,26.68,None,0,0,1,6
S1988,2026-04-26,04:51 PM,Azad,Library,0,0,04:35 PM,11:02 PM,04:11 PM,11:13 PM,587.78,31,19.28,None,1,1,1,4
S1989,2026-04-01,11:26 PM,Ganga,Hostel,0,0,0,0,0,0,1158.37,187,27.18,None,0,0,0,4
S1990,2026-04-25,02:19 PM,Sarojini,Mess,02:10 PM,02:40 PM,0,0,0,0,324.63,31,25.46,Lunch,1,0,1,5
S1991,2026-04-05,08:36 PM,Rajendra,Mess,08:36 PM,09:00 PM,0,0,0,0,494.01,148,59.35,Dinner,0,0,0,7
S1992,2026-04-28,12:30 AM,Rajendra,Hostel,0,0,0,0,0,0,154.39,133,27.22,None,0,0,1,3
S1993,2026-04-18,07:41 AM,Azad,Hostel,0,0,0,0,0,0,156.68,62,15.32,None,0,0,0,6
S1994,2026-04-25,03:11 PM,Ganga,Mess,02:37 PM,03:36 PM,0,0,0,0,390.03,28,41.03,Lunch,1,0,1,5
S1995,2026-04-04,07:25 PM,Yamuna,Mess,07:18 PM,07:56 PM,0,0,0,0,604.84,71,30.75,Dinner,0,0,0,8
S1996,2026-04-15,01:25 PM,Ganga,Mess,01:05 PM,01:54 PM,0,0,0,0,217.13,144,43.24,Lunch,1,0,0,10
S1997,2026-04-14,08:39 AM,Ganga,Mess,08:32 AM,09:13 AM,0,0,0,0,562.65,28,35.49,Breakfast,0,0,0,7
S1998,2026-04-28,07:38 AM,Rajendra,Mess,07:34 AM,08:03 AM,0,0,0,0,506.42,77,31.42,Breakfast,0,0,1,4
S1999,2026-04-29,09:55 PM,Rajendra,Library,0,0,08:11 PM,11:59 PM,07:49 PM,11:59 PM,702.54,173,19.81,None,0,0,1,4
S2000,2026-04-15,12:11 PM,Rajendra,Library,0,0,11:19 AM,12:13 PM,10:49 AM,01:07 PM,844.24,44,15.44,None,1,0,0,10
S2001,2026-04-04,06:01 PM,Sarojini,Hostel,0,0,0,0,0,0,335.69,179,41.36,None,0,0,0,8
S2002,2026-04-21,09:31 AM,Azad,Outside,0,0,0,0,07:57 AM,12:02 PM,285.22,64,8.31,None,1,1,1,4
S2003,2026-04-03,07:23 AM,Ganga,Hostel,0,0,0,0,0,0,272.72,145,26.03,None,0,0,0,6
S2004,2026-04-18,08:55 PM,Sarojini,Mess,08:44 PM,09:08 PM,0,0,0,0,457.54,68,44.3,Dinner,0,0,0,9
S2005,2026-05-01,09:19 PM,Sarojini,Mess,08:49 PM,09:22 PM,0,0,0,0,406.91,85,39.87,Dinner,0,0,0,8
S2006,2026-04-16,02:13 PM,Yamuna,Mess,01:46 PM,02:37 PM,0,0,0,0,327.47,19,30.96,Lunch,1,0,0,9
S2007,2026-04-17,01:23 PM,Ganga,Library,0,0,12:35 PM,01:40 PM,12:22 PM,01:55 PM,575.21,174,18.87,None,1,0,0,7
S2008,2026-04-20,02:29 PM,Ganga,Mess,02:27 PM,02:51 PM,0,0,0,0,280.23,135,42.86,Lunch,1,0,1,4
S2009,2026-04-06,07:56 AM,Rajendra,Mess,07:45 AM,08:37 AM,0,0,0,0,473.18,195,50.59,Breakfast,0,0,0,5
S2010,2026-04-08,08:43 PM,Sarojini,Mess,08:28 PM,09:04 PM,0,0,0,0,485.4,41,25.95,Dinner,0,0,0,9
S2011,2026-04-18,12:33 AM,Azad,Hostel,0,0,0,0,0,0,197.42,111,26.41,None,0,0,0,7
S2012,2026-04-22,06:14 PM,Yamuna,Library,0,0,03:24 PM,10:15 PM,03:00 PM,11:06 PM,989.39,172,15.05,None,0,0,1,5
S2013,2026-04-05,06:02 PM,Yamuna,Library,0,0,05:38 PM,06:43 PM,05:13 PM,07:07 PM,950.9,199,31.96,None,0,0,0,8
S2014,2026-04-09,04:22 PM,Ganga,Classroom,0,0,0,0,03:52 PM,05:17 PM,380.56,118,15.22,None,1,1,0,6
S2015,2026-04-12,09:46 PM,Rajendra,Mess,09:17 PM,09:54 PM,0,0,0,0,360.99,23,30.29,Dinner,0,0,0,8
S2016,2026-04-10,06:15 AM,Azad,Hostel,0,0,0,0,0,0,381.92,88,27.02,None,0,0,0,6
S2017,2026-04-19,01:36 PM,Yamuna,Library,0,0,12:13 PM,01:57 PM,11:54 AM,02:47 PM,719.9,198,32.36,None,0,0,0,8
S2018,2026-04-15,07:21 AM,Ganga,Hostel,0,0,0,0,0,0,203.88,11,23.17,None,0,0,0,15
S2019,2026-04-15,10:49 PM,Rajendra,Hostel,0,0,0,0,0,0,1344.87,16,22.85,None,0,0,0,7
S2020,2026-04-11,05:33 PM,Sarojini,Outside,0,0,0,0,04:25 PM,08:16 PM,192.37,126,13.53,None,0,0,0,7
S2021,2026-04-05,02:48 AM,Azad,Hostel,0,0,0,0,0,0,124.79,61,20.56,None,0,0,0,7
S2022,2026-04-30,09:00 PM,Sarojini,Mess,08:16 PM,09:14 PM,0,0,0,0,400.96,42,30.92,Dinner,0,0,1,4
S2023,2026-04-17,09:05 PM,Yamuna,Mess,08:49 PM,09:31 PM,0,0,0,0,443.91,25,27.54,Dinner,0,0,0,8
S2024,2026-04-20,02:15 PM,Ganga,Mess,02:00 PM,02:22 PM,0,0,0,0,407.06,81,39.15,Lunch,0,0,1,5
S2025,2026-04-16,05:53 AM,Yamuna,Outside,0,0,0,0,04:43 AM,08:32 AM,222.9,58,3.51,None,0,0,0,8
S2026,2026-04-24,09:51 AM,Yamuna,Outside,0,0,0,0,08:54 AM,12:32 PM,299.23,37,4.85,None,1,1,1,5
S2027,2026-04-24,01:54 PM,Ganga,Mess,01:26 PM,02:17 PM,0,0,0,0,641.67,190,54.78,Lunch,0,0,1,7
S2028,2026-04-18,09:31 AM,Yamuna,Mess,09:13 AM,09:57 AM,0,0,0,0,246.47,58,26.84,Breakfast,0,0,0,9
S2029,2026-04-11,06:50 PM,Rajendra,Library,0,0,06:21 PM,09:18 PM,06:06 PM,09:37 PM,793.72,146,33.33,None,0,0,0,5
S2030,2026-04-25,02:45 PM,Sarojini,Library,0,0,01:27 PM,07:00 PM,01:09 PM,07:47 PM,558.93,132,28.57,None,0,0,1,3
S2031,2026-04-14,04:38 AM,Azad,Hostel,0,0,0,0,0,0,172.68,90,32.88,None,0,0,0,8
S2032,2026-04-19,11:07 AM,Rajendra,Outside,0,0,0,0,09:23 AM,12:19 PM,240.51,16,0.99,None,0,0,0,7
S2033,2026-04-01,02:12 PM,Sarojini,Mess,01:32 PM,02:12 PM,0,0,0,0,452.67,13,23.73,Lunch,0,0,0,8
S2034,2026-04-16,08:45 AM,Sarojini,Mess,08:16 AM,08:52 AM,0,0,0,0,269.08,88,29.76,Breakfast,0,0,0,9
S2035,2026-04-21,09:16 PM,Yamuna,Mess,09:13 PM,09:43 PM,0,0,0,0,463.9,186,37.31,Dinner,0,0,1,8
S2036,2026-04-22,07:48 PM,Sarojini,Hostel,0,0,0,0,0,0,235.19,10,22.76,None,0,0,1,7
S2037,2026-04-03,02:44 PM,Rajendra,Library,0,0,01:30 PM,03:06 PM,01:08 PM,03:44 PM,674.62,64,13.48,None,0,0,0,10
S2038,2026-04-09,04:04 AM,Sarojini,Hostel,0,0,0,0,0,0,116.73,77,30.8,None,0,0,0,9
S2039,2026-04-21,09:21 PM,Sarojini,Mess,09:21 PM,10:09 PM,0,0,0,0,431.36,142,46.37,Dinner,0,0,1,5
S2040,2026-04-30,08:31 AM,Azad,Mess,08:27 AM,08:56 AM,0,0,0,0,459.93,105,36.42,Breakfast,0,0,1,7
S2041,2026-04-14,07:50 PM,Rajendra,Mess,07:23 PM,07:51 PM,0,0,0,0,490.12,137,50.55,Dinner,0,0,0,8
S2042,2026-04-03,08:24 AM,Ganga,Mess,08:15 AM,08:43 AM,0,0,0,0,255.05,177,42.76,Breakfast,0,0,0,10
S2043,2026-04-03,03:12 PM,Rajendra,Mess,02:55 PM,03:48 PM,0,0,0,0,411.24,85,36.82,Lunch,0,0,0,4
S2044,2026-04-27,02:44 PM,Yamuna,Library,0,0,11:21 AM,05:23 PM,11:16 AM,05:50 PM,508.15,27,7.49,None,0,0,1,5
S2045,2026-04-13,11:33 PM,Ganga,Outside,0,0,0,0,09:55 PM,11:59 PM,293.52,105,12.24,None,0,0,0,8
S2046,2026-04-13,07:49 PM,Rajendra,Mess,07:40 PM,08:11 PM,0,0,0,0,544.81,116,27.61,Dinner,0,0,0,6
S2047,2026-04-27,06:12 PM,Azad,Library,0,0,12:42 PM,09:08 PM,12:30 PM,09:38 PM,818.28,199,29.67,None,0,0,1,7
S2048,2026-04-14,07:17 AM,Ganga,Hostel,0,0,0,0,0,0,389.25,38,25.43,None,0,0,0,8
S2049,2026-04-19,02:07 PM,Rajendra,Mess,01:50 PM,02:16 PM,0,0,0,0,565.86,179,52.93,Lunch,1,0,0,7
S2050,2026-04-16,02:40 PM,Ganga,Mess,02:31 PM,03:28 PM,0,0,0,0,511.65,28,41.25,Lunch,0,0,0,7
S2051,2026-04-19,09:57 AM,Azad,Mess,09:20 AM,10:09 AM,0,0,0,0,521.97,87,37.26,Breakfast,1,1,0,7
S2052,2026-04-20,08:49 PM,Yamuna,Outside,0,0,0,0,06:49 PM,11:17 PM,350.98,17,1.28,None,0,0,1,7
S2053,2026-04-13,08:03 AM,Azad,Mess,08:02 AM,08:39 AM,0,0,0,0,248.81,188,55.08,Breakfast,0,0,0,11
S2054,2026-04-19,03:26 PM,Ganga,Library,0,0,02:36 PM,05:04 PM,02:14 PM,05:28 PM,493.67,47,11.92,None,0,0,0,4
S2055,2026-04-17,07:17 PM,Azad,Mess,07:16 PM,08:01 PM,0,0,0,0,450.8,54,41.67,Dinner,0,0,0,7
S2056,2026-04-15,08:47 PM,Sarojini,Hostel,0,0,0,0,0,0,1228.49,158,21.21,None,0,0,0,7
S2057,2026-04-01,12:30 AM,Ganga,Hostel,0,0,0,0,0,0,180.42,110,39.19,None,0,0,0,7
S2058,2026-04-28,04:19 PM,Sarojini,Library,0,0,12:42 PM,07:27 PM,12:28 PM,07:42 PM,520.19,127,31.59,None,1,1,1,5
S2059,2026-04-13,09:30 AM,Rajendra,Library,0,0,09:27 AM,10:55 AM,09:14 AM,11:29 AM,955.12,54,15.33,None,0,0,0,7
S2060,2026-04-10,11:55 PM,Azad,Library,0,0,10:37 PM,11:59 PM,10:18 PM,11:59 PM,782.35,18,14.05,None,0,0,0,6
S2061,2026-04-20,11:13 PM,Azad,Library,0,0,10:10 PM,11:59 PM,09:44 PM,11:59 PM,816.57,46,14.04,None,0,0,1,6
S2062,2026-04-16,10:17 PM,Sarojini,Mess,09:56 PM,10:20 PM,0,0,0,0,494.96,185,42.89,Dinner,0,0,0,8
S2063,2026-04-16,09:05 AM,Ganga,Mess,08:35 AM,09:20 AM,0,0,0,0,589.45,73,35.57,Breakfast,1,1,0,10
S2064,2026-04-04,12:21 PM,Azad,Classroom,0,0,0,0,12:04 PM,01:58 PM,174.1,197,17.78,None,1,0,0,7
S2065,2026-04-12,09:59 AM,Sarojini,Mess,09:07 AM,10:07 AM,0,0,0,0,393.59,80,35.95,Breakfast,0,0,0,5
S2066,2026-04-21,02:00 AM,Azad,Outside,0,0,0,0,12:11 AM,04:39 AM,244.16,16,1.48,None,0,0,1,5
S2067,2026-04-06,04:48 AM,Yamuna,Hostel,0,0,0,0,0,0,245.95,110,31.41,None,0,0,0,10
S2068,2026-04-30,12:30 PM,Rajendra,Mess,12:13 PM,12:40 PM,0,0,0,0,397.62,126,52.49,Lunch,0,0,1,4
S2069,2026-04-02,08:33 AM,Rajendra,Mess,07:48 AM,08:44 AM,0,0,0,0,396.58,43,35.03,Breakfast,0,0,0,8
S2070,2026-04-04,03:43 PM,Yamuna,Library,0,0,02:20 PM,04:23 PM,02:15 PM,04:56 PM,644.4,151,23.96,None,1,0,0,9
S2071,2026-04-29,10:17 PM,Ganga,Library,0,0,09:59 PM,11:59 PM,09:48 PM,11:59 PM,812.76,149,24.14,None,0,0,1,4
S2072,2026-04-30,09:59 PM,Azad,Outside,0,0,0,0,08:43 PM,11:59 PM,227.01,105,5.51,None,0,0,1,6
S2073,2026-04-07,06:02 AM,Yamuna,Outside,0,0,0,0,04:03 AM,07:57 AM,120.02,166,13.24,None,0,0,0,5
S2074,2026-04-03,01:11 PM,Azad,Library,0,0,01:03 PM,01:47 PM,12:33 PM,02:02 PM,925.52,164,25.7,None,1,0,0,8
S2075,2026-04-27,07:34 PM,Ganga,Library,0,0,06:25 PM,11:59 PM,05:58 PM,11:59 PM,877.99,117,20.69,None,0,0,1,6
S2076,2026-04-08,09:11 PM,Sarojini,Mess,08:42 PM,09:12 PM,0,0,0,0,416.46,160,52.03,Dinner,0,0,0,10
S2077,2026-04-28,09:56 AM,Sarojini,Outside,0,0,0,0,08:13 AM,12:41 PM,204.7,72,3.73,None,1,1,1,5
S2078,2026-04-19,05:55 AM,Azad,Outside,0,0,0,0,05:06 AM,08:54 AM,310.08,198,28.94,None,0,0,0,9
S2079,2026-04-16,06:45 PM,Yamuna,Hostel,0,0,0,0,0,0,106.73,32,23.64,None,0,0,0,5
S2080,2026-04-08,08:47 PM,Azad,Mess,08:39 PM,09:13 PM,0,0,0,0,645.31,32,25.58,Dinner,0,0,0,7
S2081,2026-04-26,11:39 PM,Azad,Library,0,0,10:31 PM,11:59 PM,10:23 PM,11:59 PM,613.86,120,25.73,None,0,0,1,3
S2082,2026-04-18,09:05 PM,Sarojini,Outside,0,0,0,0,07:09 PM,10:55 PM,169.45,109,12.17,None,0,0,0,7
S2083,2026-04-17,01:17 PM,Sarojini,Hostel,0,0,0,0,0,0,137.63,108,36.06,None,1,0,0,7
S2084,2026-05-01,03:42 AM,Rajendra,Hostel,0,0,0,0,0,0,117.18,84,21.43,None,0,0,0,7
S2085,2026-04-02,07:52 AM,Azad,Outside,0,0,0,0,06:11 AM,09:55 AM,382.46,17,1.11,None,0,0,0,6
S2086,2026-04-09,01:06 PM,Ganga,Mess,12:21 PM,01:10 PM,0,0,0,0,306.84,74,37.96,Lunch,1,0,0,7
S2087,2026-04-09,09:03 AM,Yamuna,Mess,08:36 AM,09:03 AM,0,0,0,0,422.68,84,30.58,Breakfast,0,0,0,8
S2088,2026-04-12,07:18 PM,Ganga,Mess,07:12 PM,07:40 PM,0,0,0,0,394.84,136,39.77,Dinner,0,0,0,12
S2089,2026-04-20,10:26 PM,Azad,Library,0,0,03:35 PM,10:28 PM,03:21 PM,10:41 PM,838.06,139,28.86,None,0,0,1,7
S2090,2026-04-29,08:51 PM,Azad,Library,0,0,06:32 PM,11:59 PM,06:21 PM,11:59 PM,1079.33,180,20.53,None,0,0,1,5
S2091,2026-04-15,08:15 PM,Rajendra,Library,0,0,08:14 PM,09:31 PM,08:07 PM,10:13 PM,779.4,196,38.8,None,0,0,0,5
S2092,2026-04-14,08:32 AM,Rajendra,Mess,08:25 AM,08:53 AM,0,0,0,0,338.4,116,35.11,Breakfast,0,0,0,7
S2093,2026-04-13,12:41 PM,Rajendra,Library,0,0,10:49 AM,01:28 PM,10:29 AM,01:58 PM,866.21,162,28.76,None,1,0,0,7
S2094,2026-04-09,09:03 PM,Azad,Mess,09:01 PM,09:55 PM,0,0,0,0,574.79,30,24.06,Dinner,0,0,0,6
S2095,2026-04-06,08:19 PM,Yamuna,Hostel,0,0,0,0,0,0,940.29,168,38.19,None,0,0,0,4
S2096,2026-04-15,02:57 PM,Rajendra,Hostel,0,0,0,0,0,0,283.7,186,46.2,None,0,0,0,8
S2097,2026-04-26,12:33 PM,Rajendra,Mess,12:32 PM,12:59 PM,0,0,0,0,521.59,104,33.3,Lunch,0,0,1,3
S2098,2026-04-09,09:12 PM,Yamuna,Mess,09:01 PM,09:24 PM,0,0,0,0,474.96,173,55.58,Dinner,0,0,0,6
S2099,2026-04-27,09:58 AM,Sarojini,Mess,09:50 AM,10:30 AM,0,0,0,0,437.24,51,31.33,Breakfast,1,1,1,6
S2100,2026-04-04,06:22 PM,Ganga,Hostel,0,0,0,0,0,0,312.59,195,27.13,None,0,0,0,7
S2101,2026-04-04,09:56 PM,Ganga,Mess,09:11 PM,10:00 PM,0,0,0,0,594.25,14,39.6,Dinner,0,0,0,6
S2102,2026-04-12,02:15 PM,Rajendra,Classroom,0,0,0,0,01:45 PM,02:51 PM,143.13,111,14.13,None,1,0,0,4
S2103,2026-04-22,01:02 PM,Rajendra,Outside,0,0,0,0,11:25 AM,03:39 PM,217.63,55,3.35,None,0,0,1,5
S2104,2026-04-16,10:11 PM,Rajendra,Mess,09:25 PM,10:13 PM,0,0,0,0,542.08,152,39.18,Dinner,0,0,0,5
S2105,2026-04-10,09:32 PM,Sarojini,Mess,09:16 PM,10:00 PM,0,0,0,0,546.67,54,45.74,Dinner,0,0,0,6
S2106,2026-04-09,05:37 AM,Ganga,Outside,0,0,0,0,04:29 AM,08:09 AM,175.47,110,10.47,None,0,0,0,8
S2107,2026-04-13,09:28 AM,Sarojini,Mess,09:04 AM,09:31 AM,0,0,0,0,376.16,162,50.11,Breakfast,0,0,0,8
S2108,2026-04-17,01:25 AM,Sarojini,Outside,0,0,0,0,12:22 AM,02:45 AM,156.3,40,5.35,None,0,0,0,8
S2109,2026-04-20,11:25 AM,Yamuna,Outside,0,0,0,0,10:36 AM,12:43 PM,348.25,37,2.72,None,0,0,1,4
S2110,2026-04-27,01:18 PM,Yamuna,Mess,01:09 PM,02:07 PM,0,0,0,0,378.95,42,30.88,Lunch,1,0,1,7
S2111,2026-05-01,12:23 PM,Rajendra,Hostel,0,0,0,0,0,0,370.1,169,20.94,None,1,0,0,9
S2112,2026-04-16,04:48 PM,Sarojini,Hostel,0,0,0,0,0,0,211.31,155,36.24,None,0,0,0,6
S2113,2026-04-08,08:07 PM,Sarojini,Library,0,0,08:01 PM,09:51 PM,07:36 PM,10:45 PM,868.62,123,24.97,None,0,0,0,8
S2114,2026-04-06,06:29 PM,Ganga,Library,0,0,06:10 PM,06:48 PM,05:43 PM,07:31 PM,765.99,186,35.41,None,0,0,0,9
S2115,2026-04-09,08:47 PM,Rajendra,Mess,08:40 PM,09:09 PM,0,0,0,0,641.41,72,44.5,Dinner,0,0,0,10
S2116,2026-04-28,09:41 AM,Sarojini,Classroom,0,0,0,0,09:19 AM,10:53 AM,166.38,12,1.52,None,1,1,1,5
S2117,2026-04-16,09:07 PM,Yamuna,Hostel,0,0,0,0,0,0,1139.59,13,25.66,None,0,0,0,8
S2118,2026-04-29,11:39 AM,Azad,Hostel,0,0,0,0,0,0,156.54,185,48.02,None,1,0,1,6
S2119,2026-04-20,10:57 PM,Yamuna,Library,0,0,10:56 PM,11:59 PM,10:46 PM,11:59 PM,865.43,73,18.4,None,0,0,1,4
S2120,2026-04-19,09:16 PM,Rajendra,Library,0,0,08:14 PM,10:34 PM,08:04 PM,11:01 PM,1021.99,39,14.75,None,0,0,0,7
S2121,2026-04-23,03:01 PM,Sarojini,Library,0,0,02:04 PM,07:38 PM,01:38 PM,08:28 PM,669.41,31,18.33,None,0,0,1,7
S2122,2026-04-23,11:26 PM,Ganga,Library,0,0,08:19 PM,11:59 PM,08:02 PM,11:59 PM,1024.15,159,28.59,None,0,0,1,5
S2123,2026-05-01,07:55 AM,Azad,Hostel,0,0,0,0,0,0,231.01,80,25.77,None,0,0,0,15
S2124,2026-04-18,01:19 AM,Rajendra,Hostel,0,0,0,0,0,0,174.73,75,21.19,None,0,0,0,7
S2125,2026-04-29,10:12 PM,Azad,Library,0,0,09:12 PM,11:59 PM,09:00 PM,11:59 PM,559.98,32,13.0,None,0,0,1,7
S2126,2026-04-19,06:58 AM,Azad,Hostel,0,0,0,0,0,0,193.34,19,23.61,None,0,0,0,7
S2127,2026-04-05,11:26 PM,Sarojini,Library,0,0,10:12 PM,11:59 PM,09:49 PM,11:59 PM,686.54,75,12.95,None,0,0,0,6
S2128,2026-04-14,10:42 PM,Ganga,Library,0,0,10:36 PM,11:28 PM,10:29 PM,11:52 PM,512.62,10,11.8,None,0,0,0,14
S2129,2026-04-07,09:32 PM,Sarojini,Library,0,0,08:22 PM,09:44 PM,08:16 PM,10:33 PM,754.55,75,21.69,None,0,0,0,7
S2130,2026-04-23,11:27 PM,Sarojini,Library,0,0,09:51 PM,11:59 PM,09:43 PM,11:59 PM,811.72,46,11.71,None,0,0,1,3
S2131,2026-04-06,01:32 AM,Rajendra,Hostel,0,0,0,0,0,0,223.87,167,31.24,None,0,0,0,9
S2132,2026-04-26,11:39 AM,Ganga,Library,0,0,10:16 AM,04:23 PM,09:47 AM,04:44 PM,864.85,14,13.56,None,1,0,1,4
S2133,2026-04-01,07:57 PM,Sarojini,Library,0,0,05:19 PM,08:06 PM,04:49 PM,08:47 PM,726.94,189,17.93,None,0,0,0,7
S2134,2026-04-14,01:11 AM,Rajendra,Outside,0,0,0,0,0,03:22 AM,141.01,50,4.87,None,0,0,0,9
S2135,2026-04-18,07:20 PM,Ganga,Library,0,0,07:11 PM,08:42 PM,06:53 PM,09:41 PM,822.81,168,26.08,None,0,0,0,8
S2136,2026-04-13,09:40 PM,Sarojini,Library,0,0,09:15 PM,11:10 PM,09:01 PM,11:53 PM,449.21,40,17.61,None,0,0,0,9
S2137,2026-04-24,08:11 AM,Rajendra,Outside,0,0,0,0,06:44 AM,10:13 AM,350.19,192,21.15,None,0,0,1,6
S2138,2026-04-04,07:19 PM,Rajendra,Outside,0,0,0,0,06:06 PM,08:52 PM,259.14,200,13.22,None,0,0,0,4
S2139,2026-04-12,07:36 PM,Rajendra,Library,0,0,05:29 PM,07:48 PM,05:22 PM,08:23 PM,863.59,178,34.25,None,0,0,0,8
S2140,2026-04-18,04:31 PM,Azad,Hostel,0,0,0,0,0,0,176.91,138,29.64,None,0,0,0,9
S2141,2026-04-27,07:41 PM,Rajendra,Outside,0,0,0,0,06:58 PM,08:41 PM,259.67,84,8.9,None,0,0,1,6
S2142,2026-04-01,08:51 PM,Azad,Mess,08:26 PM,08:54 PM,0,0,0,0,549.29,127,31.66,Dinner,0,0,0,7
S2143,2026-04-20,10:19 AM,Rajendra,Mess,09:53 AM,10:20 AM,0,0,0,0,599.33,89,49.37,Breakfast,1,1,1,4
S2144,2026-04-16,05:57 PM,Yamuna,Library,0,0,05:07 PM,07:48 PM,04:46 PM,07:58 PM,732.03,37,11.97,None,0,0,0,3
S2145,2026-04-26,02:37 PM,Yamuna,Mess,02:28 PM,03:01 PM,0,0,0,0,263.47,44,29.96,Lunch,0,0,1,5
S2146,2026-04-08,04:12 AM,Yamuna,Hostel,0,0,0,0,0,0,123.67,111,20.55,None,0,0,0,9
S2147,2026-04-06,07:31 PM,Azad,Mess,07:27 PM,07:56 PM,0,0,0,0,660.24,102,33.66,Dinner,0,0,0,9
S2148,2026-04-02,03:19 PM,Ganga,Outside,0,0,0,0,02:06 PM,05:32 PM,217.31,112,6.28,None,0,0,0,3
S2149,2026-04-25,04:33 AM,Sarojini,Outside,0,0,0,0,03:07 AM,07:13 AM,244.06,16,1.92,None,0,0,1,7
S2150,2026-04-07,09:47 AM,Azad,Outside,0,0,0,0,08:04 AM,11:00 AM,183.56,26,2.38,None,0,0,0,9
S2151,2026-04-21,06:51 PM,Yamuna,Library,0,0,03:52 PM,09:24 PM,03:39 PM,09:48 PM,718.41,53,15.96,None,0,0,1,3
S2152,2026-04-12,05:13 PM,Sarojini,Library,0,0,04:05 PM,06:27 PM,04:00 PM,07:08 PM,531.52,173,22.75,None,0,0,0,7
S2153,2026-04-12,07:36 PM,Sarojini,Library,0,0,07:31 PM,08:56 PM,07:05 PM,09:54 PM,648.43,107,24.0,None,0,0,0,7
S2154,2026-04-15,09:29 AM,Ganga,Mess,08:55 AM,09:54 AM,0,0,0,0,459.31,22,30.32,Breakfast,1,1,0,10
S2155,2026-04-03,10:13 PM,Rajendra,Library,0,0,08:49 PM,10:41 PM,08:37 PM,11:27 PM,862.83,183,33.02,None,0,0,0,7
S2156,2026-04-17,03:24 PM,Rajendra,Library,0,0,02:55 PM,04:26 PM,02:25 PM,05:17 PM,839.46,121,25.36,None,1,0,0,10
S2157,2026-04-15,03:07 PM,Rajendra,Library,0,0,01:57 PM,04:56 PM,01:48 PM,05:42 PM,990.4,156,33.82,None,1,0,0,7
S2158,2026-04-13,06:22 AM,Yamuna,Outside,0,0,0,0,05:15 AM,07:24 AM,284.87,31,1.98,None,0,0,0,6
S2159,2026-04-04,12:53 PM,Azad,Library,0,0,11:22 AM,12:57 PM,10:59 AM,01:36 PM,642.62,48,18.75,None,0,0,0,6
S2160,2026-04-22,12:26 PM,Azad,Classroom,0,0,0,0,11:48 AM,12:58 PM,193.15,55,3.1,None,1,0,1,7
S2161,2026-04-25,05:37 PM,Rajendra,Outside,0,0,0,0,03:39 PM,07:18 PM,227.25,68,8.52,None,0,0,1,6
S2162,2026-04-01,01:12 PM,Sarojini,Classroom,0,0,0,0,12:34 PM,02:16 PM,225.26,105,7.57,None,1,0,0,7
S2163,2026-04-26,09:59 AM,Sarojini,Mess,09:54 AM,10:16 AM,0,0,0,0,452.34,33,40.58,Breakfast,0,0,1,3
S2164,2026-04-03,09:57 AM,Ganga,Hostel,0,0,0,0,0,0,159.58,19,13.11,None,0,0,0,6
S2165,2026-04-25,05:58 PM,Sarojini,Library,0,0,04:43 PM,11:59 PM,04:29 PM,11:59 PM,511.53,159,26.15,None,0,0,1,6
S2166,2026-04-21,06:09 PM,Yamuna,Library,0,0,03:24 PM,11:01 PM,03:04 PM,11:44 PM,567.23,11,8.41,None,0,0,1,6
S2167,2026-04-01,07:32 AM,Yamuna,Mess,07:14 AM,07:45 AM,0,0,0,0,316.05,85,40.27,Breakfast,0,0,0,9
S2168,2026-04-28,12:06 AM,Azad,Hostel,0,0,0,0,0,0,131.81,42,16.48,None,0,0,1,5
S2169,2026-04-22,08:39 PM,Sarojini,Library,0,0,06:35 PM,11:59 PM,06:24 PM,11:59 PM,760.74,101,11.39,None,0,0,1,7
S2170,2026-04-22,09:59 PM,Sarojini,Mess,09:45 PM,10:44 PM,0,0,0,0,343.64,180,35.93,Dinner,0,0,1,4
S2171,2026-04-28,07:47 AM,Rajendra,Mess,07:15 AM,08:14 AM,0,0,0,0,489.81,127,53.14,Breakfast,0,0,1,5
S2172,2026-04-25,11:04 PM,Ganga,Library,0,0,10:04 PM,11:59 PM,09:46 PM,11:59 PM,1008.14,81,18.68,None,0,0,1,5
S2173,2026-04-12,05:15 PM,Rajendra,Hostel,0,0,0,0,0,0,190.56,136,18.84,None,0,0,0,6
S2174,2026-04-12,07:40 PM,Ganga,Library,0,0,06:03 PM,08:03 PM,05:38 PM,08:25 PM,1036.71,161,29.9,None,0,0,0,9
S2175,2026-04-06,07:48 AM,Rajendra,Hostel,0,0,0,0,0,0,110.08,93,24.77,None,0,0,0,8
S2176,2026-04-10,01:03 PM,Azad,Mess,12:30 PM,01:10 PM,0,0,0,0,501.41,67,35.8,Lunch,1,0,0,8
S2177,2026-04-07,03:49 PM,Azad,Library,0,0,01:50 PM,03:53 PM,01:27 PM,04:12 PM,786.19,194,29.35,None,0,0,0,7
S2178,2026-04-13,01:42 PM,Ganga,Library,0,0,01:34 PM,03:08 PM,01:15 PM,04:05 PM,989.41,47,18.9,None,0,0,0,5
S2179,2026-04-04,07:43 AM,Yamuna,Mess,07:35 AM,08:34 AM,0,0,0,0,526.82,88,37.74,Breakfast,0,0,0,9
S2180,2026-04-15,12:22 PM,Ganga,Outside,0,0,0,0,10:32 AM,01:45 PM,285.66,178,18.53,None,1,0,0,14
S2181,2026-04-13,10:06 PM,Sarojini,Mess,09:54 PM,10:28 PM,0,0,0,0,327.6,10,24.85,Dinner,0,0,0,10
S2182,2026-04-20,12:54 AM,Sarojini,Hostel,0,0,0,0,0,0,393.6,83,30.79,None,0,0,1,5
S2183,2026-04-05,09:34 AM,Yamuna,Library,0,0,09:15 AM,09:56 AM,09:05 AM,10:14 AM,708.27,142,26.35,None,1,1,0,7
S2184,2026-04-06,09:20 PM,Yamuna,Mess,08:29 PM,09:22 PM,0,0,0,0,395.31,41,30.24,Dinner,0,0,0,8
S2185,2026-04-12,09:10 AM,Sarojini,Mess,09:08 AM,09:51 AM,0,0,0,0,498.66,54,33.84,Breakfast,1,1,0,7
S2186,2026-04-10,12:35 AM,Azad,Outside,0,0,0,0,0,02:09 AM,341.35,130,6.7,None,0,0,0,6
S2187,2026-04-11,03:35 PM,Azad,Mess,02:58 PM,03:58 PM,0,0,0,0,354.55,53,32.61,Lunch,0,0,0,5
S2188,2026-05-01,12:41 AM,Azad,Hostel,0,0,0,0,0,0,193.39,130,32.31,None,0,0,0,7
S2189,2026-04-30,03:51 PM,Sarojini,Library,0,0,01:14 PM,08:42 PM,12:48 PM,09:28 PM,1029.45,76,11.47,None,0,0,1,4
S2190,2026-04-07,11:11 PM,Sarojini,Outside,0,0,0,0,10:14 PM,11:59 PM,189.8,86,9.09,None,0,0,0,6
S2191,2026-04-06,12:54 PM,Yamuna,Outside,0,0,0,0,11:14 AM,02:22 PM,143.29,75,4.09,None,0,0,0,8
S2192,2026-04-08,11:17 PM,Yamuna,Hostel,0,0,0,0,0,0,1062.77,150,24.56,None,0,0,0,6
S2193,2026-04-25,07:36 AM,Rajendra,Mess,07:09 AM,08:04 AM,0,0,0,0,305.01,75,43.61,Breakfast,0,0,1,4
S2194,2026-04-13,09:35 PM,Yamuna,Mess,09:35 PM,09:58 PM,0,0,0,0,440.43,74,24.4,Dinner,0,0,0,8
S2195,2026-04-04,06:50 AM,Sarojini,Hostel,0,0,0,0,0,0,254.17,27,19.27,None,0,0,0,7
S2196,2026-04-06,07:14 PM,Yamuna,Library,0,0,06:52 PM,07:32 PM,06:41 PM,07:49 PM,771.16,116,19.0,None,0,0,0,8
S2197,2026-04-04,06:55 AM,Yamuna,Outside,0,0,0,0,05:34 AM,08:03 AM,299.51,165,19.9,None,0,0,0,7
S2198,2026-04-16,02:30 PM,Azad,Hostel,0,0,0,0,0,0,244.08,104,22.65,None,0,0,0,8
S2199,2026-04-03,01:02 PM,Rajendra,Library,0,0,12:54 PM,02:37 PM,12:42 PM,02:51 PM,733.49,147,19.19,None,0,0,0,9
S2200,2026-04-01,12:46 PM,Yamuna,Library,0,0,11:38 AM,01:13 PM,11:11 AM,01:46 PM,636.37,172,28.49,None,1,0,0,8
S2201,2026-04-16,06:16 PM,Azad,Outside,0,0,0,0,05:00 PM,09:13 PM,233.34,109,11.85,None,0,0,0,8
S2202,2026-04-23,07:01 PM,Rajendra,Library,0,0,02:53 PM,08:48 PM,02:43 PM,09:04 PM,530.6,187,28.93,None,0,0,1,6
S2203,2026-04-20,07:27 PM,Yamuna,Outside,0,0,0,0,06:13 PM,09:40 PM,258.27,153,11.84,None,0,0,1,4
S2204,2026-04-27,03:06 AM,Ganga,Hostel,0,0,0,0,0,0,370.52,157,36.37,None,0,0,1,6
S2205,2026-05-01,09:45 PM,Azad,Mess,09:30 PM,10:01 PM,0,0,0,0,477.0,121,32.95,Dinner,0,0,0,6
S2206,2026-04-03,01:41 PM,Rajendra,Mess,01:20 PM,01:44 PM,0,0,0,0,525.61,124,31.13,Lunch,1,0,0,10
S2207,2026-04-14,08:12 PM,Ganga,Mess,07:49 PM,08:19 PM,0,0,0,0,541.67,167,41.35,Dinner,0,0,0,4
S2208,2026-04-02,02:44 PM,Ganga,Outside,0,0,0,0,01:10 PM,04:38 PM,197.06,188,24.72,None,1,0,0,7
S2209,2026-04-10,02:56 PM,Rajendra,Mess,01:59 PM,02:58 PM,0,0,0,0,534.85,153,41.69,Lunch,0,0,0,3
S2210,2026-04-03,11:38 AM,Azad,Library,0,0,10:55 AM,12:00 PM,10:40 AM,12:47 PM,639.72,179,32.73,None,0,0,0,6
S2211,2026-04-06,03:02 PM,Sarojini,Mess,02:28 PM,03:15 PM,0,0,0,0,615.78,46,33.07,Lunch,1,0,0,5
S2212,2026-04-27,11:22 PM,Ganga,Library,0,0,08:23 PM,11:59 PM,08:16 PM,11:59 PM,674.61,74,19.52,None,0,0,1,5
S2213,2026-04-23,02:48 PM,Rajendra,Mess,02:36 PM,02:56 PM,0,0,0,0,474.56,111,48.73,Lunch,0,0,1,7
S2214,2026-04-03,07:31 PM,Ganga,Mess,07:25 PM,07:52 PM,0,0,0,0,549.97,53,27.56,Dinner,0,0,0,7
S2215,2026-04-28,10:09 AM,Sarojini,Mess,09:29 AM,10:26 AM,0,0,0,0,582.77,94,45.87,Breakfast,1,1,1,4
S2216,2026-04-05,02:33 PM,Rajendra,Library,0,0,01:15 PM,03:09 PM,12:48 PM,03:54 PM,829.72,20,7.99,None,1,0,0,6
S2217,2026-04-23,07:11 AM,Rajendra,Hostel,0,0,0,0,0,0,215.93,33,25.78,None,0,0,1,4
S2218,2026-04-09,10:13 PM,Rajendra,Mess,09:49 PM,10:17 PM,0,0,0,0,435.01,78,36.67,Dinner,0,0,0,7
S2219,2026-04-16,08:30 AM,Azad,Mess,08:27 AM,09:26 AM,0,0,0,0,318.74,166,56.81,Breakfast,0,0,0,5
S2220,2026-04-28,10:00 PM,Azad,Library,0,0,08:31 PM,11:59 PM,08:07 PM,11:59 PM,878.45,150,26.48,None,0,0,1,7
S2221,2026-04-12,01:27 PM,Yamuna,Library,0,0,12:31 PM,03:31 PM,12:16 PM,04:01 PM,894.4,94,16.83,None,0,0,0,6
S2222,2026-04-27,08:23 PM,Sarojini,Mess,07:59 PM,08:52 PM,0,0,0,0,511.2,149,42.05,Dinner,0,0,1,3
S2223,2026-04-15,05:17 PM,Rajendra,Hostel,0,0,0,0,0,0,285.1,14,24.28,None,0,0,0,4
S2224,2026-04-30,02:37 PM,Ganga,Library,0,0,11:40 AM,06:00 PM,11:16 AM,06:51 PM,433.41,108,25.47,None,1,0,1,3
S2225,2026-04-24,08:13 PM,Ganga,Library,0,0,07:37 PM,11:59 PM,07:07 PM,11:59 PM,866.66,170,30.91,None,0,0,1,4
S2226,2026-04-20,01:38 PM,Rajendra,Outside,0,0,0,0,12:40 PM,03:31 PM,186.83,88,6.56,None,1,0,1,7
S2227,2026-04-16,07:13 PM,Yamuna,Mess,07:08 PM,08:07 PM,0,0,0,0,396.69,78,43.99,Dinner,0,0,0,3
S2228,2026-04-03,10:25 PM,Ganga,Library,0,0,09:37 PM,11:15 PM,09:12 PM,11:59 PM,996.69,78,17.26,None,0,0,0,9
S2229,2026-04-07,02:15 PM,Yamuna,Mess,01:50 PM,02:47 PM,0,0,0,0,458.81,104,50.47,Lunch,1,0,0,4
S2230,2026-04-21,04:54 PM,Ganga,Library,0,0,01:50 PM,10:24 PM,01:44 PM,11:04 PM,792.77,90,16.82,None,1,1,1,3
S2231,2026-04-22,02:11 PM,Yamuna,Mess,01:52 PM,02:24 PM,0,0,0,0,635.08,135,49.08,Lunch,1,0,1,4
S2232,2026-04-05,09:49 PM,Azad,Library,0,0,09:19 PM,09:58 PM,08:51 PM,10:08 PM,715.71,129,14.7,None,0,0,0,6
S2233,2026-04-07,07:31 PM,Ganga,Hostel,0,0,0,0,0,0,124.11,70,16.19,None,0,0,0,9
S2234,2026-04-22,07:35 AM,Sarojini,Mess,07:20 AM,07:42 AM,0,0,0,0,282.62,195,48.38,Breakfast,0,0,1,4
S2235,2026-04-07,07:26 PM,Sarojini,Outside,0,0,0,0,05:31 PM,09:08 PM,282.0,119,8.7,None,0,0,0,8
S2236,2026-04-25,10:11 PM,Rajendra,Mess,09:52 PM,10:18 PM,0,0,0,0,439.68,55,44.69,Dinner,0,0,1,7
S2237,2026-04-08,08:22 AM,Sarojini,Mess,08:15 AM,09:11 AM,0,0,0,0,546.88,45,43.5,Breakfast,0,0,0,7
S2238,2026-04-18,02:11 PM,Sarojini,Library,0,0,01:59 PM,04:15 PM,01:54 PM,05:13 PM,905.97,13,13.25,None,0,0,0,7
S2239,2026-04-27,07:48 AM,Yamuna,Mess,07:32 AM,08:14 AM,0,0,0,0,442.55,160,28.72,Breakfast,0,0,1,4
S2240,2026-04-13,06:34 PM,Azad,Outside,0,0,0,0,05:01 PM,07:36 PM,208.19,33,3.82,None,0,0,0,7
S2241,2026-04-24,11:23 AM,Azad,Library,0,0,10:02 AM,05:09 PM,09:57 AM,05:21 PM,828.47,176,29.79,None,0,0,1,7
S2242,2026-04-21,04:32 AM,Rajendra,Hostel,0,0,0,0,0,0,298.53,85,31.36,None,0,0,1,4
S2243,2026-04-25,06:17 AM,Rajendra,Outside,0,0,0,0,04:25 AM,08:52 AM,305.99,66,3.41,None,0,0,1,7
S2244,2026-04-13,04:15 AM,Ganga,Outside,0,0,0,0,02:33 AM,05:53 AM,341.69,188,23.92,None,0,0,0,7
S2245,2026-04-10,10:39 PM,Ganga,Library,0,0,08:42 PM,11:17 PM,08:21 PM,11:59 PM,422.88,184,36.66,None,0,0,0,7
S2246,2026-04-25,06:37 PM,Azad,Library,0,0,04:32 PM,11:59 PM,04:20 PM,11:59 PM,651.96,13,6.6,None,0,0,1,4
S2247,2026-04-12,10:43 AM,Azad,Classroom,0,0,0,0,10:24 AM,12:34 PM,368.76,150,19.21,None,1,1,0,5
S2248,2026-04-01,08:21 PM,Rajendra,Mess,07:54 PM,08:36 PM,0,0,0,0,506.62,106,38.24,Dinner,0,0,0,7
S2249,2026-04-25,10:51 PM,Ganga,Library,0,0,08:56 PM,11:59 PM,08:46 PM,11:59 PM,687.32,108,19.71,None,0,0,1,4
S2250,2026-04-15,07:03 PM,Rajendra,Mess,07:01 PM,07:29 PM,0,0,0,0,515.07,91,29.3,Dinner,0,0,0,9
S2251,2026-04-09,07:46 AM,Azad,Outside,0,0,0,0,06:06 AM,10:36 AM,208.24,11,1.49,None,0,0,0,8
S2252,2026-04-10,08:53 PM,Rajendra,Mess,08:39 PM,09:16 PM,0,0,0,0,472.21,46,41.07,Dinner,0,0,0,5
S2253,2026-04-01,06:07 PM,Rajendra,Classroom,0,0,0,0,05:54 PM,06:51 PM,385.18,92,12.51,None,1,1,0,6
S2254,2026-04-11,07:47 PM,Ganga,Mess,07:22 PM,07:57 PM,0,0,0,0,413.89,132,58.74,Dinner,0,0,0,7
S2255,2026-04-16,05:48 PM,Yamuna,Library,0,0,05:31 PM,06:05 PM,05:10 PM,06:25 PM,698.54,27,11.27,None,0,0,0,3
S2256,2026-04-09,10:03 PM,Yamuna,Library,0,0,08:51 PM,10:12 PM,08:29 PM,10:26 PM,573.52,21,13.06,None,0,0,0,10
S2257,2026-04-26,09:39 PM,Azad,Mess,09:23 PM,09:50 PM,0,0,0,0,500.8,43,36.82,Dinner,0,0,1,6
S2258,2026-05-01,02:40 PM,Yamuna,Library,0,0,01:48 PM,02:41 PM,01:40 PM,03:37 PM,768.92,163,37.12,None,0,0,0,17
S2259,2026-04-17,03:10 PM,Yamuna,Mess,02:48 PM,03:13 PM,0,0,0,0,484.65,43,36.06,Lunch,1,0,0,7
S2260,2026-04-30,12:16 AM,Ganga,Hostel,0,0,0,0,0,0,357.43,11,12.22,None,0,0,1,4
S2261,2026-04-30,01:48 PM,Rajendra,Mess,01:32 PM,02:26 PM,0,0,0,0,506.24,174,32.43,Lunch,1,0,1,4
S2262,2026-04-24,07:24 AM,Ganga,Mess,07:13 AM,07:57 AM,0,0,0,0,378.04,139,33.87,Breakfast,0,0,1,6
S2263,2026-04-10,09:40 PM,Ganga,Outside,0,0,0,0,09:02 PM,11:59 PM,144.96,185,21.83,None,0,0,0,7
S2264,2026-04-13,02:38 PM,Azad,Library,0,0,02:33 PM,05:16 PM,02:21 PM,06:16 PM,695.9,65,21.65,None,1,0,0,5
S2265,2026-04-16,03:32 PM,Azad,Library,0,0,03:05 PM,03:45 PM,02:44 PM,04:17 PM,559.56,104,23.56,None,0,0,0,7
S2266,2026-04-26,07:11 PM,Rajendra,Library,0,0,06:22 PM,11:59 PM,06:16 PM,11:59 PM,723.94,114,14.47,None,0,0,1,3
S2267,2026-04-24,09:14 PM,Sarojini,Mess,08:31 PM,09:26 PM,0,0,0,0,588.61,69,45.55,Dinner,0,0,1,6
S2268,2026-04-29,12:37 PM,Yamuna,Mess,12:12 PM,12:41 PM,0,0,0,0,517.82,60,28.3,Lunch,1,0,1,4
S2269,2026-04-19,09:01 PM,Sarojini,Library,0,0,08:26 PM,09:16 PM,08:07 PM,09:28 PM,763.22,90,26.74,None,0,0,0,7
S2270,2026-04-11,08:55 AM,Azad,Mess,08:55 AM,09:36 AM,0,0,0,0,393.98,137,32.97,Breakfast,0,0,0,5
S2271,2026-04-19,02:56 AM,Sarojini,Outside,0,0,0,0,02:21 AM,04:06 AM,223.93,98,14.01,None,0,0,0,8
S2272,2026-04-16,05:29 AM,Ganga,Hostel,0,0,0,0,0,0,330.02,164,44.76,None,0,0,0,9
S2273,2026-04-07,08:06 AM,Rajendra,Mess,08:06 AM,09:01 AM,0,0,0,0,643.93,48,32.15,Breakfast,0,0,0,6
S2274,2026-04-01,06:49 PM,Sarojini,Classroom,0,0,0,0,06:32 PM,08:06 PM,387.29,128,18.24,None,1,1,0,6
S2275,2026-04-05,08:01 PM,Yamuna,Mess,08:00 PM,08:26 PM,0,0,0,0,621.27,145,49.53,Dinner,0,0,0,6
S2276,2026-04-09,09:05 AM,Azad,Classroom,0,0,0,0,08:47 AM,10:57 AM,334.4,93,13.03,None,1,1,0,9
S2277,2026-04-19,01:18 PM,Ganga,Mess,01:08 PM,01:41 PM,0,0,0,0,629.69,87,44.43,Lunch,0,0,0,4
S2278,2026-04-11,08:40 PM,Azad,Mess,08:12 PM,09:12 PM,0,0,0,0,651.46,185,37.54,Dinner,0,0,0,4
S2279,2026-04-11,10:43 PM,Sarojini,Library,0,0,09:40 PM,11:09 PM,09:25 PM,11:59 PM,793.82,58,13.36,None,0,0,0,8
S2280,2026-04-25,08:20 AM,Yamuna,Mess,08:14 AM,09:13 AM,0,0,0,0,377.89,78,42.33,Breakfast,0,0,1,7
S2281,2026-04-18,09:07 AM,Yamuna,Mess,08:37 AM,09:08 AM,0,0,0,0,250.59,121,45.63,Breakfast,1,1,0,7
S2282,2026-04-22,02:08 AM,Rajendra,Hostel,0,0,0,0,0,0,203.71,89,18.44,None,0,0,1,4
S2283,2026-04-30,01:31 AM,Azad,Hostel,0,0,0,0,0,0,109.05,83,34.16,None,0,0,1,6
S2284,2026-04-19,05:39 AM,Ganga,Outside,0,0,0,0,04:27 AM,07:14 AM,385.58,77,7.54,None,0,0,0,10
S2285,2026-04-16,09:35 AM,Azad,Mess,08:47 AM,09:37 AM,0,0,0,0,589.81,194,50.38,Breakfast,0,0,0,7
S2286,2026-04-20,08:00 PM,Ganga,Hostel,0,0,0,0,0,0,1333.32,72,14.87,None,0,0,1,5
S2287,2026-04-08,10:40 PM,Yamuna,Mess,09:50 PM,10:45 PM,0,0,0,0,531.51,103,44.57,Dinner,0,0,0,8
S2288,2026-04-13,03:16 AM,Azad,Hostel,0,0,0,0,0,0,380.03,187,31.59,None,0,0,0,7
S2289,2026-04-06,08:18 AM,Azad,Mess,07:55 AM,08:34 AM,0,0,0,0,443.46,80,31.56,Breakfast,0,0,0,4
S2290,2026-04-24,08:58 PM,Sarojini,Mess,08:44 PM,09:38 PM,0,0,0,0,465.53,138,41.62,Dinner,0,0,1,8
S2291,2026-04-01,10:33 AM,Ganga,Library,0,0,10:26 AM,11:05 AM,10:04 AM,11:29 AM,887.21,30,14.67,None,1,1,0,7
S2292,2026-04-06,12:15 AM,Ganga,Hostel,0,0,0,0,0,0,240.73,176,41.15,None,0,0,0,10
S2293,2026-04-02,08:03 PM,Rajendra,Library,0,0,07:58 PM,10:56 PM,07:36 PM,11:49 PM,910.72,15,6.69,None,0,0,0,7
S2294,2026-04-09,01:54 PM,Ganga,Library,0,0,12:53 PM,01:55 PM,12:27 PM,02:23 PM,465.11,197,40.39,None,1,0,0,6
S2295,2026-04-28,02:16 AM,Rajendra,Hostel,0,0,0,0,0,0,149.93,135,34.0,None,0,0,1,6
S2296,2026-04-16,07:33 PM,Azad,Library,0,0,06:46 PM,08:26 PM,06:34 PM,09:13 PM,832.55,45,14.45,None,0,0,0,8
S2297,2026-04-19,09:22 PM,Sarojini,Hostel,0,0,0,0,0,0,1014.64,129,27.16,None,0,0,0,7
S2298,2026-04-21,07:32 AM,Azad,Mess,07:04 AM,07:54 AM,0,0,0,0,493.4,29,34.41,Breakfast,0,0,1,6
S2299,2026-04-25,06:46 PM,Yamuna,Hostel,0,0,0,0,0,0,321.45,104,17.12,None,0,0,1,6
S2300,2026-04-18,02:39 PM,Ganga,Library,0,0,01:35 PM,03:37 PM,01:17 PM,04:26 PM,801.37,37,12.01,None,0,0,0,7
S2301,2026-04-30,09:28 AM,Yamuna,Classroom,0,0,0,0,09:00 AM,10:09 AM,125.49,168,20.08,None,1,1,1,6
S2302,2026-04-08,07:23 PM,Azad,Library,0,0,05:47 PM,08:17 PM,05:38 PM,08:38 PM,846.4,30,7.9,None,0,0,0,5
S2303,2026-04-10,09:58 AM,Azad,Library,0,0,09:50 AM,11:23 AM,09:24 AM,12:08 PM,978.2,94,18.37,None,1,1,0,7
S2304,2026-04-16,02:44 PM,Azad,Mess,02:35 PM,03:14 PM,0,0,0,0,491.29,69,32.41,Lunch,1,0,0,8
S2305,2026-04-09,05:52 PM,Ganga,Outside,0,0,0,0,04:51 PM,08:24 PM,160.41,72,5.36,None,0,0,0,8
S2306,2026-04-06,12:08 PM,Rajendra,Library,0,0,10:31 AM,01:07 PM,10:05 AM,02:02 PM,670.42,192,42.0,None,0,0,0,6
S2307,2026-04-08,08:13 AM,Azad,Outside,0,0,0,0,06:38 AM,10:39 AM,216.39,120,13.71,None,0,0,0,7
S2308,2026-04-25,11:33 PM,Ganga,Library,0,0,04:38 PM,11:45 PM,04:18 PM,11:59 PM,607.71,155,18.76,None,0,0,1,4
S2309,2026-04-07,12:11 PM,Rajendra,Mess,12:02 PM,12:32 PM,0,0,0,0,619.85,138,40.04,Lunch,1,0,0,7
S2310,2026-04-18,07:56 PM,Azad,Mess,07:31 PM,08:20 PM,0,0,0,0,264.11,155,42.89,Dinner,0,0,0,7
S2311,2026-04-01,10:30 AM,Ganga,Library,0,0,09:27 AM,10:45 AM,09:20 AM,11:39 AM,837.19,100,16.85,None,1,1,0,9
S2312,2026-04-09,08:40 PM,Sarojini,Mess,08:10 PM,08:42 PM,0,0,0,0,380.86,177,55.66,Dinner,0,0,0,8
S2313,2026-04-28,04:17 PM,Yamuna,Library,0,0,12:31 PM,06:43 PM,12:04 PM,07:41 PM,817.76,123,13.4,None,1,1,1,4
S2314,2026-04-11,05:11 AM,Rajendra,Outside,0,0,0,0,03:48 AM,07:41 AM,356.51,148,11.77,None,0,0,0,8
S2315,2026-04-05,03:04 AM,Yamuna,Outside,0,0,0,0,01:46 AM,04:29 AM,349.75,76,8.54,None,0,0,0,6
S2316,2026-04-09,10:08 AM,Rajendra,Library,0,0,10:08 AM,11:34 AM,09:38 AM,11:54 AM,923.98,134,21.02,None,0,0,0,8
S2317,2026-04-20,05:58 PM,Ganga,Library,0,0,05:38 PM,11:59 PM,05:25 PM,11:59 PM,612.4,27,17.74,None,0,0,1,8
S2318,2026-05-01,08:34 AM,Sarojini,Mess,08:14 AM,08:42 AM,0,0,0,0,467.65,141,49.05,Breakfast,0,0,0,4
S2319,2026-04-15,11:58 AM,Sarojini,Library,0,0,11:54 AM,02:43 PM,11:40 AM,02:55 PM,807.07,23,16.38,None,1,0,0,8
S2320,2026-04-02,06:59 AM,Azad,Outside,0,0,0,0,05:50 AM,08:44 AM,171.26,37,2.53,None,0,0,0,9
S2321,2026-04-11,03:49 AM,Yamuna,Outside,0,0,0,0,03:07 AM,05:45 AM,236.41,149,12.75,None,0,0,0,10
S2322,2026-04-24,10:27 PM,Azad,Outside,0,0,0,0,09:50 PM,11:30 PM,367.67,45,6.75,None,0,0,1,7
S2323,2026-05-01,01:44 PM,Yamuna,Library,0,0,01:33 PM,04:03 PM,01:26 PM,04:23 PM,664.18,195,37.4,None,0,0,0,6
S2324,2026-04-09,06:22 PM,Yamuna,Hostel,0,0,0,0,0,0,390.11,180,41.71,None,0,0,0,7
S2325,2026-04-11,12:38 PM,Sarojini,Library,0,0,11:34 AM,01:19 PM,11:28 AM,01:44 PM,779.85,179,24.2,None,1,0,0,4
S2326,2026-04-17,03:48 PM,Yamuna,Hostel,0,0,0,0,0,0,104.43,29,16.25,None,1,0,0,7
S2327,2026-04-17,10:26 AM,Rajendra,Library,0,0,09:03 AM,11:29 AM,08:48 AM,12:22 PM,643.37,163,22.74,None,1,1,0,8
S2328,2026-04-02,03:54 PM,Sarojini,Library,0,0,03:33 PM,04:31 PM,03:13 PM,05:02 PM,719.58,62,19.38,None,1,0,0,6
S2329,2026-04-07,03:47 PM,Azad,Library,0,0,01:22 PM,03:51 PM,12:59 PM,04:35 PM,736.4,130,20.3,None,1,0,0,8
S2330,2026-04-26,02:33 PM,Ganga,Mess,02:04 PM,02:49 PM,0,0,0,0,357.48,66,40.7,Lunch,1,0,1,7
S2331,2026-04-01,06:38 AM,Azad,Hostel,0,0,0,0,0,0,210.56,153,26.85,None,0,0,0,9
S2332,2026-04-16,07:37 PM,Sarojini,Library,0,0,05:15 PM,08:01 PM,05:09 PM,08:13 PM,809.63,53,20.22,None,0,0,0,6
S2333,2026-04-18,02:45 AM,Azad,Hostel,0,0,0,0,0,0,164.38,141,28.65,None,0,0,0,6
S2334,2026-04-14,03:36 PM,Ganga,Classroom,0,0,0,0,03:20 PM,05:27 PM,123.37,200,11.89,None,1,0,0,7
S2335,2026-04-21,01:49 PM,Rajendra,Mess,01:20 PM,02:05 PM,0,0,0,0,364.66,65,45.24,Lunch,0,0,1,5
S2336,2026-04-07,07:49 PM,Azad,Mess,07:02 PM,07:53 PM,0,0,0,0,419.01,96,41.34,Dinner,0,0,0,10
S2337,2026-04-29,03:00 PM,Azad,Library,0,0,09:45 AM,05:58 PM,09:29 AM,06:52 PM,637.3,91,11.61,None,1,0,1,5
S2338,2026-04-13,02:44 AM,Yamuna,Hostel,0,0,0,0,0,0,143.67,160,42.09,None,0,0,0,8
S2339,2026-04-03,01:07 PM,Azad,Library,0,0,12:07 PM,01:31 PM,11:46 AM,02:24 PM,948.32,22,11.89,None,1,0,0,6
S2340,2026-04-13,10:18 PM,Rajendra,Library,0,0,09:23 PM,10:19 PM,09:08 PM,10:31 PM,532.0,104,15.3,None,0,0,0,7
S2341,2026-04-08,08:00 PM,Sarojini,Mess,07:33 PM,08:26 PM,0,0,0,0,465.45,58,29.63,Dinner,0,0,0,6
S2342,2026-04-12,02:39 PM,Yamuna,Mess,02:33 PM,02:54 PM,0,0,0,0,461.51,69,25.72,Lunch,1,0,0,6
S2343,2026-04-09,05:05 PM,Rajendra,Classroom,0,0,0,0,04:29 PM,05:56 PM,354.32,164,14.35,None,1,1,0,8
S2344,2026-04-02,10:50 PM,Ganga,Library,0,0,09:13 PM,11:56 PM,09:05 PM,11:59 PM,685.96,134,24.98,None,0,0,0,11
S2345,2026-04-22,09:38 AM,Rajendra,Mess,09:11 AM,09:43 AM,0,0,0,0,364.16,112,39.29,Breakfast,1,1,1,4
S2346,2026-04-25,07:51 AM,Sarojini,Hostel,0,0,0,0,0,0,171.82,164,30.55,None,0,0,1,4
S2347,2026-04-29,09:42 AM,Ganga,Hostel,0,0,0,0,0,0,140.61,165,29.75,None,1,1,1,3
S2348,2026-04-08,07:28 PM,Azad,Hostel,0,0,0,0,0,0,132.56,159,33.26,None,0,0,0,7
S2349,2026-04-25,11:42 PM,Rajendra,Hostel,0,0,0,0,0,0,727.79,139,30.99,None,0,0,1,4
S2350,2026-04-09,08:35 AM,Yamuna,Mess,08:33 AM,09:16 AM,0,0,0,0,300.92,16,38.74,Breakfast,0,0,0,9
S2351,2026-04-10,09:43 AM,Azad,Mess,09:31 AM,10:20 AM,0,0,0,0,435.97,143,48.32,Breakfast,0,0,0,4
S2352,2026-04-02,11:02 AM,Ganga,Classroom,0,0,0,0,10:26 AM,12:00 PM,353.6,39,5.77,None,1,0,0,8
S2353,2026-04-05,12:23 PM,Sarojini,Mess,12:03 PM,12:23 PM,0,0,0,0,479.93,98,36.72,Lunch,0,0,0,7
S2354,2026-04-02,05:59 AM,Sarojini,Hostel,0,0,0,0,0,0,351.72,182,35.96,None,0,0,0,7
S2355,2026-04-25,09:23 AM,Sarojini,Mess,08:57 AM,09:27 AM,0,0,0,0,511.44,38,43.41,Breakfast,1,1,1,6
S2356,2026-04-28,07:19 AM,Sarojini,Mess,07:14 AM,07:58 AM,0,0,0,0,496.25,134,48.91,Breakfast,0,0,1,3
S2357,2026-04-01,08:14 PM,Azad,Outside,0,0,0,0,06:42 PM,10:16 PM,249.92,29,4.27,None,0,0,0,6
S2358,2026-04-13,09:55 AM,Ganga,Library,0,0,09:39 AM,10:36 AM,09:15 AM,10:56 AM,661.57,141,25.31,None,1,1,0,6
S2359,2026-04-01,07:27 AM,Yamuna,Mess,07:08 AM,07:46 AM,0,0,0,0,435.75,132,46.89,Breakfast,0,0,0,8
S2360,2026-04-05,02:27 AM,Rajendra,Outside,0,0,0,0,01:33 AM,04:14 AM,338.03,107,10.38,None,0,0,0,7
S2361,2026-04-10,07:09 PM,Rajendra,Mess,07:00 PM,07:53 PM,0,0,0,0,360.47,179,37.66,Dinner,0,0,0,7
S2362,2026-05-01,12:52 PM,Rajendra,Outside,0,0,0,0,10:56 AM,02:00 PM,365.2,38,1.92,None,0,0,0,9
S2363,2026-04-29,08:56 PM,Rajendra,Library,0,0,02:51 PM,09:02 PM,02:45 PM,10:02 PM,683.85,96,26.78,None,0,0,1,5
S2364,2026-04-23,12:36 AM,Sarojini,Hostel,0,0,0,0,0,0,268.66,82,22.02,None,0,0,1,4
S2365,2026-04-06,09:09 AM,Ganga,Hostel,0,0,0,0,0,0,268.48,175,29.75,None,0,0,0,10
S2366,2026-04-02,03:42 PM,Ganga,Library,0,0,03:39 PM,04:13 PM,03:31 PM,04:32 PM,560.84,23,15.0,None,0,0,0,10
S2367,2026-04-19,10:32 AM,Yamuna,Library,0,0,09:07 AM,11:02 AM,08:56 AM,11:15 AM,759.23,101,23.24,None,0,0,0,7
S2368,2026-04-20,07:14 PM,Sarojini,Library,0,0,05:14 PM,11:59 PM,04:48 PM,11:59 PM,456.89,88,20.61,None,0,0,1,4
S2369,2026-04-22,07:31 PM,Yamuna,Mess,07:30 PM,07:58 PM,0,0,0,0,358.05,51,39.46,Dinner,0,0,1,7
S2370,2026-04-28,01:08 PM,Yamuna,Library,0,0,12:53 PM,08:25 PM,12:35 PM,09:13 PM,767.65,133,21.38,None,0,0,1,4
S2371,2026-04-22,08:49 AM,Azad,Classroom,0,0,0,0,08:18 AM,10:20 AM,325.13,163,21.73,None,1,1,1,4
S2372,2026-04-21,11:46 PM,Azad,Library,0,0,10:23 PM,11:59 PM,09:55 PM,11:59 PM,818.69,42,10.21,None,0,0,1,5
S2373,2026-04-19,07:37 AM,Rajendra,Outside,0,0,0,0,06:58 AM,08:51 AM,105.69,37,3.64,None,0,0,0,7
S2374,2026-04-15,08:59 PM,Rajendra,Library,0,0,07:15 PM,09:05 PM,06:55 PM,09:47 PM,775.26,105,20.42,None,0,0,0,7
S2375,2026-04-23,12:54 PM,Rajendra,Classroom,0,0,0,0,12:30 PM,01:25 PM,364.3,119,12.07,None,1,0,1,6
S2376,2026-04-29,10:35 AM,Ganga,Classroom,0,0,0,0,09:56 AM,11:44 AM,266.54,193,23.37,None,1,1,1,7
S2377,2026-04-01,01:52 PM,Azad,Library,0,0,01:47 PM,02:50 PM,01:30 PM,03:20 PM,631.14,173,31.71,None,1,0,0,5
S2378,2026-04-02,02:07 PM,Ganga,Mess,01:24 PM,02:11 PM,0,0,0,0,355.37,146,51.72,Lunch,0,0,0,7
S2379,2026-04-01,02:30 PM,Azad,Mess,02:04 PM,02:43 PM,0,0,0,0,480.26,14,28.81,Lunch,0,0,0,8
S2380,2026-04-30,07:45 PM,Sarojini,Library,0,0,01:33 PM,10:04 PM,01:10 PM,11:03 PM,848.3,127,26.49,None,0,0,1,3
S2381,2026-05-01,01:51 AM,Rajendra,Outside,0,0,0,0,12:43 AM,02:53 AM,236.59,69,9.23,None,0,0,0,7
S2382,2026-04-07,03:13 PM,Rajendra,Hostel,0,0,0,0,0,0,260.31,99,24.1,None,0,0,0,8
S2383,2026-04-20,12:49 AM,Rajendra,Hostel,0,0,0,0,0,0,342.67,31,16.99,None,0,0,1,4
S2384,2026-04-13,04:52 AM,Ganga,Hostel,0,0,0,0,0,0,258.77,116,19.4,None,0,0,0,7
S2385,2026-04-12,10:03 PM,Ganga,Library,0,0,10:01 PM,10:37 PM,09:53 PM,11:18 PM,907.16,75,18.96,None,0,0,0,7
S2386,2026-04-03,10:50 PM,Yamuna,Library,0,0,10:47 PM,11:59 PM,10:17 PM,11:59 PM,548.42,165,25.56,None,0,0,0,7
S2387,2026-04-26,10:08 PM,Ganga,Mess,09:42 PM,10:39 PM,0,0,0,0,415.88,11,24.77,Dinner,0,0,1,4
S2388,2026-04-21,12:41 PM,Yamuna,Mess,12:35 PM,01:12 PM,0,0,0,0,475.29,36,42.19,Lunch,1,0,1,6
S2389,2026-05-01,06:45 PM,Sarojini,Classroom,0,0,0,0,06:33 PM,07:52 PM,272.4,13,0.99,None,1,1,0,8
S2390,2026-04-30,07:33 AM,Azad,Mess,07:18 AM,07:52 AM,0,0,0,0,466.26,25,27.6,Breakfast,0,0,1,4
S2391,2026-04-05,09:08 AM,Yamuna,Library,0,0,09:06 AM,09:42 AM,08:52 AM,10:39 AM,840.68,167,36.5,None,0,0,0,7
S2392,2026-04-20,03:11 PM,Azad,Classroom,0,0,0,0,02:56 PM,04:58 PM,250.49,88,11.77,None,1,0,1,4
S2393,2026-04-25,11:12 PM,Sarojini,Library,0,0,09:25 PM,11:59 PM,09:20 PM,11:59 PM,766.67,185,24.85,None,0,0,1,5
S2394,2026-04-27,01:44 AM,Azad,Hostel,0,0,0,0,0,0,184.09,161,28.9,None,0,0,1,6
S2395,2026-04-22,09:55 PM,Azad,Library,0,0,09:03 PM,11:59 PM,08:52 PM,11:59 PM,803.57,15,12.97,None,0,0,1,7
S2396,2026-04-26,10:18 PM,Yamuna,Library,0,0,05:11 PM,11:59 PM,05:00 PM,11:59 PM,646.57,154,15.97,None,0,0,1,7
S2397,2026-04-07,05:25 AM,Ganga,Outside,0,0,0,0,03:39 AM,08:02 AM,360.91,115,12.58,None,0,0,0,7
S2398,2026-04-25,11:31 AM,Ganga,Hostel,0,0,0,0,0,0,336.41,73,30.01,None,1,0,1,5
S2399,2026-04-29,08:03 PM,Yamuna,Mess,07:14 PM,08:13 PM,0,0,0,0,593.27,123,42.85,Dinner,0,0,1,6
S2400,2026-04-04,05:00 PM,Yamuna,Library,0,0,03:18 PM,05:05 PM,02:55 PM,05:46 PM,727.02,82,21.81,None,0,0,0,4
S2401,2026-04-19,02:24 PM,Sarojini,Outside,0,0,0,0,12:50 PM,05:05 PM,261.1,138,11.57,None,0,0,0,9
S2402,2026-04-25,09:40 PM,Ganga,Library,0,0,09:20 PM,11:59 PM,08:51 PM,11:59 PM,847.4,114,17.11,None,0,0,1,4
S2403,2026-04-21,10:59 PM,Yamuna,Hostel,0,0,0,0,0,0,1202.92,190,27.89,None,0,0,1,4
S2404,2026-04-06,09:16 AM,Ganga,Mess,08:56 AM,09:45 AM,0,0,0,0,382.54,163,48.53,Breakfast,1,1,0,4
S2405,2026-04-16,05:32 AM,Ganga,Hostel,0,0,0,0,0,0,209.04,137,30.81,None,0,0,0,7
S2406,2026-04-21,12:50 PM,Azad,Library,0,0,09:36 AM,03:46 PM,09:16 AM,04:19 PM,933.45,200,32.35,None,1,0,1,6
S2407,2026-04-09,12:39 PM,Sarojini,Library,0,0,10:41 AM,01:38 PM,10:33 AM,01:57 PM,930.85,16,6.46,None,1,0,0,4
S2408,2026-04-27,02:55 PM,Ganga,Mess,02:43 PM,03:24 PM,0,0,0,0,371.67,26,28.51,Lunch,0,0,1,6
S2409,2026-04-23,01:45 PM,Sarojini,Hostel,0,0,0,0,0,0,362.03,132,23.32,None,0,0,1,4
S2410,2026-04-27,08:44 AM,Ganga,Classroom,0,0,0,0,08:31 AM,09:31 AM,320.37,77,4.08,None,1,1,1,5
S2411,2026-04-28,08:22 PM,Rajendra,Mess,07:50 PM,08:49 PM,0,0,0,0,500.6,96,38.37,Dinner,0,0,1,7
S2412,2026-04-29,04:39 PM,Yamuna,Hostel,0,0,0,0,0,0,279.32,188,44.24,None,1,1,1,3
S2413,2026-04-12,07:44 AM,Ganga,Mess,07:09 AM,08:04 AM,0,0,0,0,391.82,133,38.59,Breakfast,0,0,0,5
S2414,2026-04-22,03:29 PM,Ganga,Library,0,0,10:10 AM,06:05 PM,09:46 AM,06:34 PM,726.16,37,12.98,None,1,0,1,5
S2415,2026-04-07,02:17 PM,Azad,Library,0,0,11:56 AM,02:51 PM,11:40 AM,03:42 PM,836.9,199,24.83,None,1,0,0,5
S2416,2026-04-29,04:11 PM,Sarojini,Library,0,0,11:23 AM,05:38 PM,11:09 AM,06:07 PM,848.32,162,15.01,None,0,0,1,6
S2417,2026-04-27,08:55 PM,Azad,Mess,08:30 PM,09:20 PM,0,0,0,0,478.13,191,56.86,Dinner,0,0,1,6
S2418,2026-04-24,06:08 PM,Yamuna,Library,0,0,01:13 PM,08:12 PM,12:44 PM,09:10 PM,799.36,60,16.67,None,0,0,1,7
S2419,2026-04-09,05:57 AM,Azad,Hostel,0,0,0,0,0,0,241.56,149,26.72,None,0,0,0,7
S2420,2026-04-09,08:04 AM,Sarojini,Mess,07:57 AM,08:34 AM,0,0,0,0,363.35,157,42.43,Breakfast,0,0,0,7
S2421,2026-04-18,02:03 PM,Ganga,Mess,01:07 PM,02:03 PM,0,0,0,0,546.47,135,53.42,Lunch,1,0,0,6
S2422,2026-04-29,01:31 AM,Sarojini,Outside,0,0,0,0,12:42 AM,03:52 AM,178.15,79,8.11,None,0,0,1,4
S2423,2026-04-12,03:22 PM,Azad,Library,0,0,02:11 PM,04:46 PM,01:43 PM,05:15 PM,829.47,93,21.45,None,1,0,0,8
S2424,2026-04-16,05:23 AM,Sarojini,Outside,0,0,0,0,03:42 AM,07:54 AM,124.79,112,14.11,None,0,0,0,8
S2425,2026-04-18,12:44 PM,Yamuna,Mess,12:43 PM,01:18 PM,0,0,0,0,401.64,91,30.75,Lunch,1,0,0,7
S2426,2026-04-20,02:38 PM,Azad,Mess,02:16 PM,02:47 PM,0,0,0,0,524.7,29,26.44,Lunch,0,0,1,7
S2427,2026-04-20,11:19 PM,Rajendra,Hostel,0,0,0,0,0,0,1459.44,157,29.39,None,0,0,1,6
S2428,2026-04-21,03:57 PM,Yamuna,Library,0,0,12:54 PM,08:22 PM,12:38 PM,08:41 PM,831.0,107,24.11,None,0,0,1,7
S2429,2026-04-03,11:02 PM,Yamuna,Library,0,0,10:42 PM,11:16 PM,10:29 PM,11:59 PM,585.57,157,31.98,None,0,0,0,9
S2430,2026-04-02,01:09 PM,Azad,Library,0,0,11:02 AM,01:10 PM,10:38 AM,02:03 PM,1019.04,17,16.59,None,0,0,0,5
S2431,2026-04-26,07:01 PM,Azad,Library,0,0,10:57 AM,07:08 PM,10:48 AM,07:46 PM,767.81,21,9.26,None,0,0,1,4
S2432,2026-04-25,12:53 PM,Azad,Mess,12:35 PM,01:13 PM,0,0,0,0,508.84,113,40.85,Lunch,1,0,1,8
S2433,2026-04-22,01:18 PM,Ganga,Mess,12:57 PM,01:19 PM,0,0,0,0,496.36,175,46.39,Lunch,0,0,1,5
S2434,2026-04-30,02:11 PM,Ganga,Mess,01:54 PM,02:54 PM,0,0,0,0,400.88,144,41.03,Lunch,0,0,1,4
S2435,2026-04-13,04:12 PM,Sarojini,Hostel,0,0,0,0,0,0,329.68,127,17.85,None,0,0,0,7
S2436,2026-05-01,11:01 PM,Sarojini,Library,0,0,09:33 PM,11:59 PM,09:22 PM,11:59 PM,611.27,122,25.25,None,0,0,0,6
S2437,2026-04-03,09:59 PM,Ganga,Mess,09:44 PM,10:39 PM,0,0,0,0,397.13,39,39.46,Dinner,0,0,0,7
S2438,2026-04-01,01:32 PM,Rajendra,Mess,01:19 PM,02:02 PM,0,0,0,0,314.0,88,29.8,Lunch,1,0,0,8
S2439,2026-04-29,10:06 PM,Sarojini,Mess,09:56 PM,10:45 PM,0,0,0,0,649.87,181,42.25,Dinner,0,0,1,6
S2440,2026-04-02,11:27 PM,Sarojini,Library,0,0,10:51 PM,11:59 PM,10:31 PM,11:59 PM,645.17,187,32.74,None,0,0,0,9
S2441,2026-04-02,09:28 AM,Sarojini,Mess,09:04 AM,10:00 AM,0,0,0,0,600.02,192,38.16,Breakfast,0,0,0,7
S2442,2026-04-28,07:06 PM,Rajendra,Hostel,0,0,0,0,0,0,104.38,110,22.36,None,0,0,1,6
S2443,2026-04-29,10:31 AM,Yamuna,Classroom,0,0,0,0,09:58 AM,11:51 AM,389.89,151,21.71,None,1,1,1,4
S2444,2026-04-22,09:24 AM,Yamuna,Mess,09:07 AM,10:00 AM,0,0,0,0,441.27,20,26.6,Breakfast,1,1,1,5
S2445,2026-04-22,03:09 PM,Azad,Classroom,0,0,0,0,02:54 PM,04:32 PM,161.08,184,25.18,None,1,0,1,7
S2446,2026-04-09,10:51 PM,Rajendra,Library,0,0,09:24 PM,11:36 PM,09:04 PM,11:59 PM,573.99,92,16.02,None,0,0,0,5
S2447,2026-04-04,04:11 PM,Rajendra,Library,0,0,03:41 PM,06:02 PM,03:30 PM,06:55 PM,635.54,177,23.49,None,1,1,0,7
S2448,2026-04-21,12:49 PM,Azad,Library,0,0,10:28 AM,07:15 PM,10:07 AM,08:12 PM,808.8,100,22.8,None,0,0,1,5
S2449,2026-04-26,06:20 PM,Azad,Library,0,0,11:02 AM,07:03 PM,10:46 AM,07:38 PM,878.74,141,22.89,None,0,0,1,5
S2450,2026-04-23,07:46 PM,Rajendra,Mess,07:33 PM,08:04 PM,0,0,0,0,389.25,33,41.36,Dinner,0,0,1,5
S2451,2026-04-03,09:37 AM,Ganga,Library,0,0,09:04 AM,11:10 AM,08:43 AM,11:37 AM,711.5,53,19.57,None,1,1,0,8
S2452,2026-04-07,08:04 AM,Ganga,Hostel,0,0,0,0,0,0,253.94,66,16.77,None,0,0,0,8
S2453,2026-04-02,09:16 PM,Azad,Mess,09:15 PM,09:46 PM,0,0,0,0,585.14,84,39.56,Dinner,0,0,0,8
S2454,2026-05-01,10:35 PM,Yamuna,Library,0,0,07:58 PM,10:43 PM,07:40 PM,11:08 PM,917.12,112,20.52,None,0,0,0,8
S2455,2026-04-10,09:45 PM,Ganga,Outside,0,0,0,0,08:00 PM,11:19 PM,241.85,65,4.18,None,0,0,0,6
S2456,2026-04-25,02:39 PM,Yamuna,Library,0,0,01:13 PM,09:58 PM,12:43 PM,10:56 PM,934.33,174,27.41,None,1,0,1,4
S2457,2026-04-17,05:12 AM,Azad,Hostel,0,0,0,0,0,0,363.49,64,16.53,None,0,0,0,6
S2458,2026-04-25,08:30 PM,Sarojini,Mess,08:00 PM,08:37 PM,0,0,0,0,280.1,14,36.76,Dinner,0,0,1,5
S2459,2026-04-24,08:36 PM,Azad,Mess,08:09 PM,08:45 PM,0,0,0,0,533.8,64,39.3,Dinner,0,0,1,5
S2460,2026-04-23,10:38 AM,Ganga,Mess,09:56 AM,10:55 AM,0,0,0,0,529.49,190,50.32,Breakfast,1,1,1,5
S2461,2026-04-15,09:38 AM,Rajendra,Mess,09:17 AM,09:51 AM,0,0,0,0,508.78,175,52.56,Breakfast,1,1,0,6
S2462,2026-04-30,03:18 PM,Ganga,Library,0,0,09:40 AM,05:11 PM,09:10 AM,05:42 PM,784.62,193,31.6,None,0,0,1,4
S2463,2026-04-08,12:36 PM,Azad,Library,0,0,12:24 PM,01:22 PM,12:05 PM,01:44 PM,626.01,58,15.82,None,0,0,0,7
S2464,2026-04-12,11:48 PM,Rajendra,Outside,0,0,0,0,10:40 PM,11:59 PM,173.14,107,14.71,None,0,0,0,6
S2465,2026-04-09,09:26 AM,Sarojini,Mess,08:49 AM,09:28 AM,0,0,0,0,543.35,136,57.33,Breakfast,0,0,0,6
S2466,2026-04-23,12:00 AM,Rajendra,Outside,0,0,0,0,0,01:38 AM,135.68,163,18.79,None,0,0,1,6
S2467,2026-04-04,11:22 PM,Rajendra,Library,0,0,10:45 PM,11:25 PM,10:33 PM,11:59 PM,877.34,101,15.27,None,0,0,0,15
S2468,2026-05-01,03:22 PM,Rajendra,Library,0,0,02:17 PM,04:22 PM,02:07 PM,05:14 PM,694.43,88,24.38,None,0,0,0,7
S2469,2026-04-27,08:26 PM,Yamuna,Hostel,0,0,0,0,0,0,1232.78,86,31.77,None,0,0,1,6
S2470,2026-04-24,09:57 AM,Azad,Mess,09:44 AM,10:22 AM,0,0,0,0,542.19,197,55.82,Breakfast,0,0,1,8
S2471,2026-04-01,02:09 PM,Sarojini,Library,0,0,01:05 PM,02:09 PM,12:47 PM,02:32 PM,853.76,138,25.64,None,1,0,0,7
S2472,2026-04-25,03:46 PM,Sarojini,Outside,0,0,0,0,03:00 PM,06:19 PM,320.17,89,4.98,None,0,0,1,3
S2473,2026-04-01,04:36 PM,Sarojini,Library,0,0,04:24 PM,06:31 PM,03:58 PM,07:14 PM,830.26,79,23.82,None,1,1,0,7
S2474,2026-04-24,08:36 PM,Ganga,Mess,08:12 PM,08:45 PM,0,0,0,0,586.36,73,29.99,Dinner,0,0,1,3
S2475,2026-04-16,10:27 AM,Yamuna,Library,0,0,09:15 AM,10:36 AM,08:46 AM,10:55 AM,963.87,124,13.67,None,1,1,0,7
S2476,2026-04-17,03:09 PM,Yamuna,Outside,0,0,0,0,02:37 PM,05:52 PM,189.77,65,6.97,None,0,0,0,6
S2477,2026-04-22,07:59 PM,Azad,Mess,07:18 PM,08:08 PM,0,0,0,0,326.83,70,31.48,Dinner,0,0,1,4
S2478,2026-04-13,11:55 AM,Yamuna,Outside,0,0,0,0,10:03 AM,01:21 PM,151.19,179,9.89,None,0,0,0,5
S2479,2026-04-06,09:43 AM,Azad,Mess,09:22 AM,10:05 AM,0,0,0,0,533.48,120,51.7,Breakfast,0,0,0,7
S2480,2026-04-22,04:34 PM,Sarojini,Outside,0,0,0,0,03:29 PM,06:04 PM,338.48,139,18.02,None,1,1,1,8
S2481,2026-04-19,12:38 PM,Ganga,Library,0,0,10:55 AM,12:38 PM,10:27 AM,01:29 PM,542.2,102,19.09,None,1,0,0,4
S2482,2026-04-13,07:38 PM,Azad,Outside,0,0,0,0,06:54 PM,08:47 PM,273.05,146,11.27,None,0,0,0,7
S2483,2026-04-20,08:42 AM,Ganga,Mess,08:26 AM,08:59 AM,0,0,0,0,543.26,170,32.49,Breakfast,0,0,1,5
S2484,2026-04-16,07:10 PM,Rajendra,Hostel,0,0,0,0,0,0,362.19,174,40.45,None,0,0,0,5
S2485,2026-04-14,05:46 AM,Ganga,Hostel,0,0,0,0,0,0,163.75,126,34.93,None,0,0,0,16
S2486,2026-04-19,02:23 PM,Sarojini,Library,0,0,01:10 PM,02:28 PM,12:48 PM,02:40 PM,753.98,53,13.8,None,0,0,0,8
S2487,2026-04-14,08:57 PM,Rajendra,Mess,08:30 PM,08:57 PM,0,0,0,0,480.75,39,42.03,Dinner,0,0,0,15
S2488,2026-04-09,12:12 PM,Rajendra,Library,0,0,12:00 PM,01:45 PM,11:36 AM,02:10 PM,550.78,114,21.31,None,1,0,0,10
S2489,2026-04-07,07:31 PM,Rajendra,Library,0,0,06:28 PM,08:44 PM,06:14 PM,09:08 PM,617.01,34,13.12,None,0,0,0,8
S2490,2026-04-10,10:58 AM,Ganga,Outside,0,0,0,0,10:13 AM,01:20 PM,331.81,169,22.68,None,0,0,0,7
S2491,2026-04-01,05:31 PM,Sarojini,Library,0,0,03:39 PM,06:08 PM,03:11 PM,06:32 PM,629.49,58,15.47,None,0,0,0,12
S2492,2026-04-17,08:30 PM,Rajendra,Library,0,0,07:32 PM,09:46 PM,07:25 PM,10:26 PM,970.08,144,20.4,None,0,0,0,8
S2493,2026-04-23,11:47 AM,Azad,Library,0,0,09:26 AM,06:10 PM,09:08 AM,06:58 PM,774.85,113,27.21,None,0,0,1,4
S2494,2026-04-27,01:42 PM,Sarojini,Library,0,0,09:33 AM,02:43 PM,09:27 AM,03:08 PM,730.94,107,22.54,None,0,0,1,4
S2495,2026-05-01,07:17 PM,Sarojini,Library,0,0,06:39 PM,08:29 PM,06:30 PM,08:56 PM,591.11,56,17.51,None,0,0,0,6
S2496,2026-04-07,10:51 PM,Rajendra,Library,0,0,08:43 PM,11:07 PM,08:38 PM,11:23 PM,794.43,159,20.65,None,0,0,0,9
S2497,2026-04-14,08:18 AM,Rajendra,Mess,08:05 AM,08:46 AM,0,0,0,0,614.68,192,58.16,Breakfast,0,0,0,16
S2498,2026-04-24,08:22 PM,Sarojini,Mess,07:59 PM,08:53 PM,0,0,0,0,415.52,161,45.77,Dinner,0,0,1,8
S2499,2026-04-15,02:40 PM,Azad,Mess,01:52 PM,02:45 PM,0,0,0,0,350.93,42,34.48,Lunch,0,0,0,8
S2500,2026-04-07,09:54 PM,Rajendra,Hostel,0,0,0,0,0,0,1303.07,29,15.93,None,0,0,0,7
S2501,2026-04-17,10:14 AM,Azad,Mess,09:42 AM,10:14 AM,0,0,0,0,285.09,156,48.01,Breakfast,0,0,0,7
S2502,2026-04-03,12:51 PM,Sarojini,Mess,12:12 PM,01:02 PM,0,0,0,0,378.66,110,28.61,Lunch,1,0,0,8
S2503,2026-04-06,07:26 AM,Sarojini,Mess,07:14 AM,07:35 AM,0,0,0,0,250.64,149,54.12,Breakfast,0,0,0,15
S2504,2026-04-10,02:02 PM,Rajendra,Outside,0,0,0,0,12:29 PM,04:51 PM,151.68,157,21.51,None,1,0,0,4
S2505,2026-04-29,09:18 AM,Rajendra,Classroom,0,0,0,0,09:01 AM,10:12 AM,356.57,97,6.54,None,1,1,1,5
S2506,2026-04-26,07:02 PM,Azad,Mess,07:01 PM,07:43 PM,0,0,0,0,449.25,11,34.55,Dinner,0,0,1,5
S2507,2026-04-23,06:20 AM,Rajendra,Outside,0,0,0,0,04:31 AM,09:13 AM,338.22,126,16.76,None,0,0,1,3
S2508,2026-04-13,03:01 PM,Yamuna,Classroom,0,0,0,0,02:46 PM,04:36 PM,392.03,132,15.49,None,1,0,0,9
S2509,2026-04-15,08:09 AM,Azad,Mess,08:04 AM,08:27 AM,0,0,0,0,388.58,144,43.3,Breakfast,0,0,0,7
S2510,2026-04-09,07:53 PM,Sarojini,Mess,07:21 PM,07:56 PM,0,0,0,0,402.59,149,41.49,Dinner,0,0,0,8
S2511,2026-04-02,04:37 PM,Yamuna,Library,0,0,03:29 PM,05:22 PM,03:20 PM,06:17 PM,672.44,63,12.69,None,0,0,0,7
S2512,2026-04-26,07:05 PM,Azad,Hostel,0,0,0,0,0,0,312.84,161,46.49,None,0,0,1,5
S2513,2026-04-01,03:00 PM,Yamuna,Mess,02:48 PM,03:24 PM,0,0,0,0,453.21,190,50.0,Lunch,0,0,0,7
S2514,2026-04-02,02:27 PM,Yamuna,Mess,01:55 PM,02:29 PM,0,0,0,0,622.73,156,47.88,Lunch,1,0,0,4
S2515,2026-04-21,04:26 PM,Rajendra,Library,0,0,03:04 PM,11:25 PM,02:43 PM,11:59 PM,795.73,45,14.01,None,1,1,1,6
S2516,2026-04-11,09:35 PM,Rajendra,Library,0,0,08:59 PM,10:19 PM,08:31 PM,10:46 PM,780.14,143,27.52,None,0,0,0,8
S2517,2026-04-06,10:41 PM,Yamuna,Hostel,0,0,0,0,0,0,1448.58,124,27.23,None,0,0,0,7
S2518,2026-05-01,10:07 AM,Azad,Mess,09:56 AM,10:32 AM,0,0,0,0,515.71,143,55.94,Breakfast,1,1,0,7
S2519,2026-04-28,08:23 PM,Ganga,Outside,0,0,0,0,06:32 PM,10:01 PM,263.04,10,0.84,None,0,0,1,6
S2520,2026-04-20,06:50 PM,Ganga,Library,0,0,02:15 PM,07:27 PM,02:08 PM,08:01 PM,754.06,78,22.9,None,0,0,1,4
S2521,2026-04-25,03:08 PM,Azad,Library,0,0,01:17 PM,06:50 PM,01:00 PM,07:50 PM,763.52,196,32.78,None,0,0,1,4
S2522,2026-04-19,08:11 PM,Yamuna,Library,0,0,07:36 PM,10:17 PM,07:08 PM,10:31 PM,690.05,72,12.57,None,0,0,0,6
S2523,2026-04-16,09:12 PM,Rajendra,Library,0,0,08:25 PM,10:07 PM,08:18 PM,10:18 PM,663.07,78,16.68,None,0,0,0,8
S2524,2026-04-30,09:56 PM,Sarojini,Outside,0,0,0,0,08:41 PM,11:32 PM,126.72,145,7.63,None,0,0,1,6
S2525,2026-04-18,01:02 PM,Ganga,Library,0,0,12:53 PM,01:49 PM,12:48 PM,02:09 PM,656.72,94,19.22,None,1,0,0,7
S2526,2026-04-23,02:00 PM,Azad,Mess,01:58 PM,02:30 PM,0,0,0,0,477.98,56,36.97,Lunch,1,0,1,6
S2527,2026-04-18,09:53 AM,Ganga,Library,0,0,09:44 AM,12:29 PM,09:37 AM,01:25 PM,756.23,98,25.93,None,0,0,0,6
S2528,2026-04-08,10:33 AM,Ganga,Library,0,0,09:30 AM,10:45 AM,09:11 AM,11:15 AM,662.24,93,15.02,None,1,1,0,6
S2529,2026-04-26,04:20 PM,Ganga,Classroom,0,0,0,0,04:06 PM,06:14 PM,353.07,157,23.42,None,1,1,1,4
S2530,2026-04-23,01:53 PM,Sarojini,Mess,01:37 PM,02:04 PM,0,0,0,0,426.98,100,37.24,Lunch,1,0,1,3
S2531,2026-04-18,11:39 PM,Azad,Outside,0,0,0,0,10:58 PM,11:59 PM,142.62,173,11.98,None,0,0,0,7
S2532,2026-04-04,11:02 PM,Yamuna,Library,0,0,09:01 PM,11:11 PM,08:55 PM,11:48 PM,937.58,60,18.54,None,0,0,0,3
S2533,2026-04-05,07:51 AM,Ganga,Mess,07:38 AM,08:00 AM,0,0,0,0,295.19,144,46.42,Breakfast,0,0,0,7
S2534,2026-04-29,10:06 AM,Sarojini,Mess,09:33 AM,10:22 AM,0,0,0,0,253.48,126,44.11,Breakfast,0,0,1,4
S2535,2026-04-11,06:43 PM,Ganga,Library,0,0,05:49 PM,08:20 PM,05:39 PM,09:07 PM,870.17,173,23.0,None,0,0,0,6
S2536,2026-04-02,11:09 PM,Rajendra,Library,0,0,08:46 PM,11:23 PM,08:27 PM,11:59 PM,653.74,167,26.88,None,0,0,0,4
S2537,2026-04-20,02:45 PM,Sarojini,Library,0,0,10:11 AM,06:08 PM,10:04 AM,06:55 PM,557.7,90,18.44,None,0,0,1,5
S2538,2026-04-30,08:15 PM,Yamuna,Library,0,0,04:35 PM,10:24 PM,04:15 PM,11:04 PM,787.05,142,17.67,None,0,0,1,5
S2539,2026-04-13,09:26 AM,Azad,Mess,08:50 AM,09:41 AM,0,0,0,0,490.31,56,34.52,Breakfast,0,0,0,7
S2540,2026-04-18,03:27 PM,Rajendra,Mess,02:42 PM,03:37 PM,0,0,0,0,526.89,157,41.4,Lunch,1,0,0,7
S2541,2026-04-01,08:40 PM,Sarojini,Library,0,0,07:36 PM,09:07 PM,07:29 PM,09:26 PM,1005.92,52,15.75,None,0,0,0,4
S2542,2026-04-16,08:06 PM,Azad,Mess,07:41 PM,08:35 PM,0,0,0,0,594.42,94,44.36,Dinner,0,0,0,9
S2543,2026-04-14,03:14 PM,Rajendra,Library,0,0,01:56 PM,04:27 PM,01:40 PM,05:12 PM,513.89,124,28.15,None,0,0,0,7
S2544,2026-04-06,09:56 AM,Yamuna,Library,0,0,09:39 AM,11:22 AM,09:29 AM,12:00 PM,851.74,141,15.94,None,0,0,0,7
S2545,2026-04-24,07:35 PM,Sarojini,Outside,0,0,0,0,06:43 PM,10:32 PM,162.42,169,15.81,None,0,0,1,5
S2546,2026-04-03,07:20 AM,Azad,Hostel,0,0,0,0,0,0,350.97,175,27.34,None,0,0,0,5
S2547,2026-04-15,08:26 PM,Yamuna,Mess,07:39 PM,08:32 PM,0,0,0,0,579.26,167,51.06,Dinner,0,0,0,6
S2548,2026-04-16,02:01 PM,Azad,Library,0,0,01:11 PM,02:03 PM,01:05 PM,02:46 PM,629.82,110,12.95,None,1,0,0,7
S2549,2026-04-28,12:49 PM,Sarojini,Outside,0,0,0,0,11:27 AM,02:10 PM,328.14,175,20.07,None,1,0,1,3
S2550,2026-04-13,02:59 PM,Rajendra,Classroom,0,0,0,0,02:33 PM,04:06 PM,120.2,200,23.75,None,1,0,0,9
S2551,2026-04-16,12:54 AM,Sarojini,Hostel,0,0,0,0,0,0,327.16,11,14.24,None,0,0,0,9
S2552,2026-04-10,09:57 AM,Ganga,Mess,09:35 AM,10:10 AM,0,0,0,0,488.13,197,42.36,Breakfast,1,1,0,9
S2553,2026-04-25,11:56 PM,Rajendra,Library,0,0,10:18 PM,11:59 PM,10:13 PM,11:59 PM,922.49,113,16.08,None,0,0,1,6
S2554,2026-04-04,10:01 PM,Rajendra,Mess,09:47 PM,10:13 PM,0,0,0,0,268.59,160,46.11,Dinner,0,0,0,8
S2555,2026-04-04,03:52 AM,Rajendra,Hostel,0,0,0,0,0,0,290.68,174,30.42,None,0,0,0,6
S2556,2026-04-03,03:36 PM,Ganga,Hostel,0,0,0,0,0,0,221.29,68,22.89,None,0,0,0,4
S2557,2026-04-14,09:17 PM,Sarojini,Mess,09:11 PM,10:00 PM,0,0,0,0,340.91,150,37.6,Dinner,0,0,0,7
S2558,2026-04-11,11:18 AM,Azad,Hostel,0,0,0,0,0,0,131.14,192,32.09,None,1,0,0,8
S2559,2026-04-30,04:59 PM,Rajendra,Library,0,0,01:17 PM,06:29 PM,12:55 PM,07:18 PM,738.44,62,16.2,None,1,1,1,4
S2560,2026-04-29,03:01 PM,Azad,Mess,02:51 PM,03:46 PM,0,0,0,0,377.12,88,40.2,Lunch,1,0,1,6
S2561,2026-04-22,09:33 AM,Sarojini,Mess,09:13 AM,09:42 AM,0,0,0,0,692.24,181,50.58,Breakfast,0,0,1,6
S2562,2026-04-20,10:08 PM,Yamuna,Mess,09:48 PM,10:21 PM,0,0,0,0,311.12,26,35.33,Dinner,0,0,1,5
S2563,2026-04-07,08:06 PM,Rajendra,Mess,07:57 PM,08:18 PM,0,0,0,0,432.49,140,38.18,Dinner,0,0,0,6
S2564,2026-04-24,05:31 PM,Yamuna,Library,0,0,09:51 AM,06:10 PM,09:39 AM,06:56 PM,883.54,176,18.6,None,0,0,1,4
S2565,2026-05-01,09:04 PM,Azad,Mess,08:50 PM,09:37 PM,0,0,0,0,336.73,125,38.58,Dinner,0,0,0,8
S2566,2026-04-09,12:01 AM,Yamuna,Hostel,0,0,0,0,0,0,122.17,168,33.69,None,0,0,0,8
S2567,2026-04-01,09:30 PM,Ganga,Mess,09:22 PM,09:48 PM,0,0,0,0,541.31,61,32.31,Dinner,0,0,0,7
S2568,2026-04-28,01:40 PM,Rajendra,Library,0,0,11:16 AM,05:55 PM,10:48 AM,06:47 PM,684.03,28,13.45,None,0,0,1,7
S2569,2026-04-17,08:23 AM,Sarojini,Classroom,0,0,0,0,07:55 AM,10:16 AM,324.01,33,4.68,None,1,1,0,6
S2570,2026-04-08,02:05 AM,Azad,Outside,0,0,0,0,12:09 AM,03:20 AM,387.66,30,3.81,None,0,0,0,8
S2571,2026-04-21,09:19 AM,Azad,Mess,09:06 AM,09:37 AM,0,0,0,0,622.36,134,31.77,Breakfast,1,1,1,5
S2572,2026-04-03,08:46 PM,Rajendra,Mess,08:44 PM,09:34 PM,0,0,0,0,603.82,123,50.91,Dinner,0,0,0,8
S2573,2026-04-23,11:18 PM,Sarojini,Library,0,0,09:05 PM,11:59 PM,08:50 PM,11:59 PM,1008.23,126,22.57,None,0,0,1,6
S2574,2026-04-14,11:53 AM,Rajendra,Library,0,0,10:47 AM,12:11 PM,10:42 AM,01:02 PM,739.54,83,21.36,None,1,0,0,8
S2575,2026-04-01,07:54 AM,Yamuna,Mess,07:40 AM,08:08 AM,0,0,0,0,419.35,157,37.61,Breakfast,0,0,0,7
S2576,2026-04-24,10:19 PM,Sarojini,Library,0,0,07:03 PM,11:59 PM,06:37 PM,11:59 PM,692.48,176,30.72,None,0,0,1,6
S2577,2026-04-07,03:33 AM,Rajendra,Hostel,0,0,0,0,0,0,275.57,60,19.93,None,0,0,0,7
S2578,2026-04-06,01:39 PM,Azad,Mess,12:52 PM,01:49 PM,0,0,0,0,439.3,47,26.5,Lunch,1,0,0,7
S2579,2026-04-21,11:40 AM,Sarojini,Library,0,0,11:34 AM,06:03 PM,11:13 AM,06:50 PM,787.46,135,23.46,None,1,0,1,3
S2580,2026-04-11,04:59 AM,Rajendra,Outside,0,0,0,0,03:02 AM,07:22 AM,183.97,153,15.83,None,0,0,0,8
S2581,2026-04-25,09:54 PM,Yamuna,Mess,09:06 PM,10:01 PM,0,0,0,0,352.05,65,29.05,Dinner,0,0,1,8
S2582,2026-04-10,07:46 AM,Yamuna,Mess,07:21 AM,08:19 AM,0,0,0,0,250.02,61,44.1,Breakfast,0,0,0,6
S2583,2026-04-22,08:59 PM,Yamuna,Mess,08:35 PM,09:22 PM,0,0,0,0,453.24,118,36.25,Dinner,0,0,1,4
S2584,2026-04-06,02:16 PM,Sarojini,Mess,01:54 PM,02:18 PM,0,0,0,0,366.09,101,42.21,Lunch,1,0,0,8
S2585,2026-04-30,08:46 AM,Sarojini,Classroom,0,0,0,0,08:06 AM,09:58 AM,136.45,48,3.36,None,1,1,1,7
S2586,2026-04-06,08:23 PM,Sarojini,Mess,08:15 PM,09:03 PM,0,0,0,0,349.39,52,36.67,Dinner,0,0,0,17
S2587,2026-04-16,07:47 PM,Yamuna,Library,0,0,05:50 PM,08:08 PM,05:39 PM,08:22 PM,791.52,33,12.36,None,0,0,0,7
S2588,2026-04-11,08:58 PM,Ganga,Hostel,0,0,0,0,0,0,1077.81,88,24.81,None,0,0,0,8
S2589,2026-04-29,03:26 PM,Yamuna,Hostel,0,0,0,0,0,0,167.46,179,45.48,None,1,0,1,4
S2590,2026-04-14,06:52 PM,Sarojini,Classroom,0,0,0,0,06:31 PM,08:33 PM,286.69,187,17.88,None,1,1,0,7
S2591,2026-04-10,07:46 PM,Sarojini,Mess,07:07 PM,08:07 PM,0,0,0,0,320.28,134,55.67,Dinner,0,0,0,8
S2592,2026-04-20,07:43 PM,Yamuna,Mess,07:16 PM,07:56 PM,0,0,0,0,422.22,85,40.88,Dinner,0,0,1,5
S2593,2026-04-01,08:57 PM,Rajendra,Library,0,0,08:42 PM,09:46 PM,08:30 PM,10:40 PM,697.26,127,17.5,None,0,0,0,4
S2594,2026-04-12,02:04 AM,Sarojini,Outside,0,0,0,0,12:50 AM,03:46 AM,134.09,66,6.78,None,0,0,0,7
S2595,2026-04-24,09:01 PM,Yamuna,Mess,08:41 PM,09:25 PM,0,0,0,0,620.81,82,31.79,Dinner,0,0,1,5
S2596,2026-04-23,08:37 AM,Yamuna,Mess,08:25 AM,08:59 AM,0,0,0,0,528.7,180,61.89,Breakfast,0,0,1,4
S2597,2026-04-08,01:18 PM,Azad,Library,0,0,11:34 AM,02:19 PM,11:09 AM,02:40 PM,923.27,111,16.65,None,1,0,0,6
S2598,2026-04-05,08:48 PM,Rajendra,Mess,08:01 PM,08:53 PM,0,0,0,0,482.25,59,32.55,Dinner,0,0,0,7
S2599,2026-04-24,02:24 PM,Ganga,Mess,01:59 PM,02:44 PM,0,0,0,0,613.84,49,25.53,Lunch,1,0,1,4
S2600,2026-04-26,08:32 PM,Azad,Mess,08:19 PM,08:49 PM,0,0,0,0,466.17,92,45.74,Dinner,0,0,1,6
S2601,2026-04-05,01:19 PM,Yamuna,Library,0,0,11:11 AM,01:32 PM,10:41 AM,02:32 PM,478.58,195,31.49,None,0,0,0,7
S2602,2026-04-22,04:28 PM,Yamuna,Outside,0,0,0,0,03:44 PM,05:50 PM,274.83,30,3.46,None,0,0,1,4
S2603,2026-04-10,09:54 PM,Yamuna,Hostel,0,0,0,0,0,0,968.63,25,19.24,None,0,0,0,7
S2604,2026-04-11,07:01 PM,Ganga,Mess,07:00 PM,07:36 PM,0,0,0,0,450.74,135,39.76,Dinner,0,0,0,7
S2605,2026-04-25,09:16 PM,Sarojini,Mess,08:49 PM,09:23 PM,0,0,0,0,310.75,64,41.41,Dinner,0,0,1,7
S2606,2026-04-08,02:55 PM,Azad,Library,0,0,02:55 PM,03:35 PM,02:48 PM,04:01 PM,515.57,23,10.27,None,0,0,0,8
S2607,2026-04-23,01:26 PM,Yamuna,Classroom,0,0,0,0,01:00 PM,02:35 PM,211.21,40,2.55,None,1,0,1,4
S2608,2026-04-14,02:10 PM,Azad,Library,0,0,01:52 PM,02:27 PM,01:22 PM,03:09 PM,874.8,16,8.27,None,1,0,0,7
S2609,2026-04-03,02:38 PM,Rajendra,Mess,02:38 PM,03:01 PM,0,0,0,0,290.95,49,44.21,Lunch,0,0,0,8
S2610,2026-04-18,01:03 AM,Yamuna,Hostel,0,0,0,0,0,0,173.2,83,24.14,None,0,0,0,3
S2611,2026-04-07,09:30 PM,Azad,Library,0,0,08:48 PM,10:41 PM,08:39 PM,11:03 PM,631.1,115,22.42,None,0,0,0,10
S2612,2026-04-25,01:09 PM,Ganga,Mess,12:24 PM,01:10 PM,0,0,0,0,564.91,38,42.29,Lunch,1,0,1,6
S2613,2026-04-06,08:42 AM,Sarojini,Mess,08:22 AM,09:09 AM,0,0,0,0,421.96,33,29.35,Breakfast,0,0,0,10
S2614,2026-04-07,07:15 PM,Ganga,Mess,07:07 PM,07:33 PM,0,0,0,0,444.9,11,31.9,Dinner,0,0,0,6
S2615,2026-04-19,12:45 PM,Rajendra,Mess,12:40 PM,01:14 PM,0,0,0,0,363.54,136,56.62,Lunch,1,0,0,7
S2616,2026-04-22,08:23 PM,Sarojini,Library,0,0,07:42 PM,11:59 PM,07:14 PM,11:59 PM,927.35,50,13.73,None,0,0,1,7
S2617,2026-04-16,12:02 AM,Sarojini,Hostel,0,0,0,0,0,0,245.33,79,17.85,None,0,0,0,6
S2618,2026-04-12,02:46 PM,Yamuna,Library,0,0,02:16 PM,03:45 PM,01:59 PM,04:14 PM,903.82,84,23.29,None,0,0,0,8
S2619,2026-04-30,05:00 PM,Ganga,Outside,0,0,0,0,04:26 PM,06:36 PM,191.71,198,11.4,None,0,0,1,3
S2620,2026-04-04,09:32 AM,Sarojini,Mess,09:30 AM,10:00 AM,0,0,0,0,386.21,195,50.09,Breakfast,0,0,0,7
S2621,2026-04-01,10:05 PM,Rajendra,Outside,0,0,0,0,09:21 PM,11:59 PM,326.86,197,27.11,None,0,0,0,6
S2622,2026-04-26,12:46 PM,Yamuna,Mess,12:19 PM,01:17 PM,0,0,0,0,465.55,52,36.13,Lunch,0,0,1,5
S2623,2026-04-14,12:05 PM,Rajendra,Hostel,0,0,0,0,0,0,328.91,150,31.54,None,1,0,0,8
S2624,2026-04-13,02:22 PM,Rajendra,Outside,0,0,0,0,01:46 PM,05:10 PM,169.76,83,8.67,None,1,0,0,6
S2625,2026-04-05,06:48 PM,Yamuna,Hostel,0,0,0,0,0,0,241.85,146,30.76,None,0,0,0,8
S2626,2026-04-16,08:07 PM,Yamuna,Library,0,0,07:45 PM,08:32 PM,07:19 PM,09:16 PM,912.2,105,14.08,None,0,0,0,6
S2627,2026-04-11,07:00 PM,Ganga,Outside,0,0,0,0,06:14 PM,08:48 PM,168.95,71,8.04,None,0,0,0,5
S2628,2026-04-21,08:49 PM,Azad,Hostel,0,0,0,0,0,0,680.53,45,19.83,None,0,0,1,3
S2629,2026-04-19,10:40 PM,Ganga,Hostel,0,0,0,0,0,0,844.36,70,22.43,None,0,0,0,7
S2630,2026-04-16,03:02 AM,Rajendra,Hostel,0,0,0,0,0,0,172.12,107,25.79,None,0,0,0,7
S2631,2026-04-11,07:21 PM,Ganga,Mess,07:07 PM,07:37 PM,0,0,0,0,418.72,115,43.02,Dinner,0,0,0,7
S2632,2026-05-01,04:59 PM,Sarojini,Hostel,0,0,0,0,0,0,253.83,41,21.76,None,1,1,0,7
S2633,2026-04-13,09:46 AM,Sarojini,Mess,09:33 AM,10:04 AM,0,0,0,0,309.55,137,50.9,Breakfast,1,1,0,7
S2634,2026-04-06,02:34 PM,Rajendra,Classroom,0,0,0,0,02:12 PM,04:29 PM,257.35,29,3.72,None,1,0,0,5
S2635,2026-05-01,11:54 PM,Yamuna,Library,0,0,09:39 PM,11:59 PM,09:09 PM,11:59 PM,491.35,63,15.75,None,0,0,0,6
S2636,2026-04-02,08:59 PM,Ganga,Library,0,0,07:43 PM,09:04 PM,07:21 PM,09:54 PM,605.33,86,13.75,None,0,0,0,7
S2637,2026-04-09,09:08 AM,Ganga,Library,0,0,09:08 AM,10:22 AM,08:49 AM,10:32 AM,724.74,190,35.72,None,0,0,0,7
S2638,2026-04-28,08:41 PM,Ganga,Library,0,0,06:44 PM,11:59 PM,06:27 PM,11:59 PM,807.31,63,13.43,None,0,0,1,6
S2639,2026-04-18,12:45 PM,Rajendra,Library,0,0,12:26 PM,03:02 PM,11:57 AM,03:41 PM,688.51,144,27.03,None,1,0,0,7
S2640,2026-04-20,01:16 PM,Rajendra,Library,0,0,11:18 AM,06:16 PM,11:01 AM,06:41 PM,636.99,114,11.97,None,1,0,1,6
S2641,2026-04-06,04:59 PM,Sarojini,Library,0,0,03:53 PM,05:48 PM,03:47 PM,06:11 PM,669.15,88,18.97,None,1,1,0,10
S2642,2026-04-05,02:38 AM,Ganga,Outside,0,0,0,0,01:03 AM,04:13 AM,290.96,124,7.97,None,0,0,0,7
S2643,2026-04-29,09:20 PM,Sarojini,Library,0,0,01:51 PM,10:09 PM,01:36 PM,10:19 PM,759.25,78,16.85,None,0,0,1,3
S2644,2026-04-20,03:18 PM,Azad,Mess,02:24 PM,03:19 PM,0,0,0,0,284.34,71,39.67,Lunch,1,0,1,4
S2645,2026-04-08,09:06 PM,Sarojini,Library,0,0,08:35 PM,10:23 PM,08:29 PM,10:33 PM,820.61,139,23.36,None,0,0,0,9
S2646,2026-04-23,12:19 PM,Yamuna,Library,0,0,10:56 AM,04:25 PM,10:44 AM,04:37 PM,580.85,83,14.95,None,1,0,1,6
S2647,2026-04-08,02:41 PM,Sarojini,Library,0,0,12:01 PM,02:43 PM,11:33 AM,03:29 PM,547.48,136,20.77,None,1,0,0,7
S2648,2026-04-26,07:13 PM,Azad,Hostel,0,0,0,0,0,0,202.26,63,27.35,None,0,0,1,4
S2649,2026-04-06,04:56 PM,Azad,Outside,0,0,0,0,03:57 PM,07:37 PM,390.14,49,2.92,None,0,0,0,7
S2650,2026-04-21,01:23 PM,Rajendra,Mess,12:50 PM,01:24 PM,0,0,0,0,539.61,128,49.79,Lunch,1,0,1,4
S2651,2026-04-29,08:27 PM,Ganga,Library,0,0,02:42 PM,08:49 PM,02:12 PM,09:48 PM,883.98,197,26.67,None,0,0,1,7
S2652,2026-04-02,03:31 PM,Sarojini,Library,0,0,01:25 PM,03:36 PM,01:15 PM,03:56 PM,639.03,149,14.06,None,1,0,0,6
S2653,2026-04-01,07:38 PM,Yamuna,Library,0,0,07:22 PM,08:19 PM,06:56 PM,09:16 PM,943.41,98,21.47,None,0,0,0,9
S2654,2026-04-28,12:03 PM,Rajendra,Library,0,0,11:19 AM,07:54 PM,10:56 AM,08:45 PM,726.98,157,31.86,None,0,0,1,5
S2655,2026-04-25,12:47 PM,Ganga,Library,0,0,12:23 PM,06:32 PM,12:10 PM,06:58 PM,826.16,51,9.77,None,0,0,1,4
S2656,2026-04-25,10:05 PM,Ganga,Mess,09:16 PM,10:05 PM,0,0,0,0,477.49,108,40.75,Dinner,0,0,1,4
S2657,2026-04-03,02:56 PM,Azad,Library,0,0,02:49 PM,04:34 PM,02:42 PM,05:02 PM,691.78,100,26.14,None,0,0,0,7
S2658,2026-04-16,03:35 PM,Ganga,Library,0,0,03:02 PM,04:21 PM,02:32 PM,05:18 PM,704.48,162,36.21,None,0,0,0,4
S2659,2026-04-02,11:50 AM,Azad,Library,0,0,11:30 AM,01:26 PM,11:10 AM,02:10 PM,629.85,113,23.85,None,1,0,0,4
S2660,2026-04-19,09:38 PM,Ganga,Library,0,0,09:17 PM,10:36 PM,09:06 PM,11:20 PM,813.61,77,18.05,None,0,0,0,8
S2661,2026-04-09,12:31 AM,Yamuna,Outside,0,0,0,0,0,02:24 AM,296.6,175,15.66,None,0,0,0,4
S2662,2026-04-04,07:08 PM,Azad,Hostel,0,0,0,0,0,0,312.27,14,18.26,None,0,0,0,7
S2663,2026-04-01,07:28 PM,Azad,Library,0,0,06:52 PM,07:38 PM,06:43 PM,08:27 PM,934.59,134,14.77,None,0,0,0,9
S2664,2026-04-06,11:55 AM,Yamuna,Classroom,0,0,0,0,11:22 AM,12:28 PM,399.35,119,10.11,None,1,0,0,8
S2665,2026-04-09,06:01 AM,Rajendra,Hostel,0,0,0,0,0,0,157.58,132,27.23,None,0,0,0,9
S2666,2026-04-12,07:09 PM,Yamuna,Library,0,0,06:19 PM,07:52 PM,06:05 PM,08:21 PM,872.42,199,32.26,None,0,0,0,8
S2667,2026-04-02,08:24 AM,Sarojini,Mess,08:12 AM,08:39 AM,0,0,0,0,420.04,36,39.52,Breakfast,0,0,0,6
S2668,2026-04-24,01:42 PM,Ganga,Outside,0,0,0,0,12:06 PM,03:02 PM,254.46,157,8.99,None,1,0,1,4
S2669,2026-04-05,12:21 PM,Sarojini,Library,0,0,12:07 PM,01:04 PM,12:02 PM,01:39 PM,751.18,184,31.38,None,0,0,0,8
S2670,2026-04-14,07:05 PM,Ganga,Library,0,0,07:02 PM,07:51 PM,06:52 PM,08:40 PM,717.53,98,28.37,None,0,0,0,3
S2671,2026-04-29,11:29 AM,Ganga,Classroom,0,0,0,0,11:04 AM,12:44 PM,111.47,28,2.15,None,1,0,1,6
S2672,2026-04-29,09:05 AM,Azad,Mess,08:55 AM,09:26 AM,0,0,0,0,499.64,180,58.25,Breakfast,1,1,1,4
S2673,2026-04-15,08:24 PM,Sarojini,Outside,0,0,0,0,06:46 PM,10:56 PM,319.1,104,12.9,None,0,0,0,6
S2674,2026-04-24,08:34 PM,Sarojini,Mess,08:32 PM,09:15 PM,0,0,0,0,321.67,118,53.01,Dinner,0,0,1,5
S2675,2026-04-16,05:54 PM,Yamuna,Classroom,0,0,0,0,05:29 PM,07:10 PM,141.16,166,10.78,None,1,1,0,7
S2676,2026-04-23,03:26 PM,Ganga,Classroom,0,0,0,0,02:47 PM,05:04 PM,159.03,33,4.45,None,1,0,1,3
S2677,2026-04-20,04:39 PM,Ganga,Library,0,0,11:51 AM,07:06 PM,11:38 AM,07:58 PM,967.79,163,14.26,None,1,1,1,4
S2678,2026-04-29,07:46 AM,Sarojini,Outside,0,0,0,0,05:48 AM,10:35 AM,189.54,85,9.25,None,0,0,1,4
S2679,2026-05-01,11:29 PM,Sarojini,Outside,0,0,0,0,10:06 PM,11:59 PM,291.7,160,19.82,None,0,0,0,8
S2680,2026-04-11,08:01 PM,Sarojini,Hostel,0,0,0,0,0,0,1550.34,30,12.08,None,0,0,0,7
S2681,2026-04-28,07:58 PM,Yamuna,Library,0,0,02:48 PM,08:22 PM,02:31 PM,08:40 PM,780.3,29,7.9,None,0,0,1,6
S2682,2026-04-03,09:56 PM,Rajendra,Mess,09:36 PM,10:08 PM,0,0,0,0,364.72,144,41.76,Dinner,0,0,0,12
S2683,2026-04-05,06:08 PM,Sarojini,Classroom,0,0,0,0,05:35 PM,08:04 PM,257.22,37,4.18,None,1,1,0,10
S2684,2026-04-26,10:19 AM,Rajendra,Library,0,0,10:10 AM,03:36 PM,09:57 AM,04:26 PM,694.16,189,37.06,None,0,0,1,5
S2685,2026-04-10,03:02 PM,Rajendra,Mess,02:43 PM,03:11 PM,0,0,0,0,662.36,21,42.38,Lunch,0,0,0,7
S2686,2026-04-18,10:31 AM,Ganga,Classroom,0,0,0,0,10:02 AM,12:31 PM,333.38,142,20.03,None,1,1,0,8
S2687,2026-04-29,05:47 AM,Rajendra,Hostel,0,0,0,0,0,0,255.26,161,39.7,None,0,0,1,4
S2688,2026-04-29,08:20 AM,Sarojini,Classroom,0,0,0,0,08:02 AM,09:11 AM,295.52,181,15.98,None,1,1,1,5
S2689,2026-04-19,04:21 PM,Azad,Library,0,0,03:54 PM,05:44 PM,03:34 PM,06:19 PM,738.12,60,14.31,None,1,1,0,9
S2690,2026-04-20,09:03 AM,Ganga,Mess,09:00 AM,09:25 AM,0,0,0,0,401.99,151,45.83,Breakfast,0,0,1,7
S2691,2026-04-04,09:05 AM,Yamuna,Mess,08:59 AM,09:44 AM,0,0,0,0,357.24,118,35.52,Breakfast,0,0,0,6
S2692,2026-04-11,12:44 PM,Azad,Mess,12:24 PM,01:11 PM,0,0,0,0,515.02,52,26.16,Lunch,0,0,0,8
S2693,2026-04-25,03:10 PM,Ganga,Mess,02:29 PM,03:10 PM,0,0,0,0,632.99,163,34.21,Lunch,1,0,1,5
S2694,2026-04-27,03:40 AM,Azad,Outside,0,0,0,0,02:31 AM,04:57 AM,371.69,41,2.79,None,0,0,1,4
S2695,2026-04-03,12:06 PM,Sarojini,Mess,12:00 PM,12:58 PM,0,0,0,0,386.47,138,46.08,Lunch,1,0,0,8
S2696,2026-05-01,04:12 PM,Azad,Hostel,0,0,0,0,0,0,369.82,106,32.15,None,0,0,0,9
S2697,2026-04-12,08:49 PM,Azad,Mess,08:44 PM,09:04 PM,0,0,0,0,482.43,78,32.74,Dinner,0,0,0,7
S2698,2026-04-02,08:10 AM,Sarojini,Mess,07:26 AM,08:12 AM,0,0,0,0,513.99,161,39.36,Breakfast,0,0,0,6
S2699,2026-04-15,02:34 PM,Azad,Mess,02:14 PM,02:50 PM,0,0,0,0,376.93,108,39.17,Lunch,0,0,0,8
S2700,2026-04-09,11:24 AM,Yamuna,Library,0,0,09:35 AM,12:10 PM,09:06 AM,12:46 PM,622.19,100,23.25,None,0,0,0,6
S2701,2026-04-22,07:15 AM,Yamuna,Outside,0,0,0,0,06:43 AM,08:29 AM,395.03,163,18.09,None,0,0,1,6
S2702,2026-04-19,08:15 PM,Rajendra,Mess,08:13 PM,08:40 PM,0,0,0,0,399.75,191,60.02,Dinner,0,0,0,8
S2703,2026-04-10,04:55 PM,Rajendra,Library,0,0,03:56 PM,04:56 PM,03:39 PM,05:40 PM,872.02,198,29.89,None,0,0,0,8
S2704,2026-04-19,10:28 AM,Yamuna,Mess,09:55 AM,10:48 AM,0,0,0,0,416.83,18,33.58,Breakfast,1,1,0,8
S2705,2026-04-26,04:40 AM,Azad,Hostel,0,0,0,0,0,0,392.39,161,33.39,None,0,0,1,5
S2706,2026-04-09,12:09 PM,Sarojini,Library,0,0,09:24 AM,12:18 PM,09:12 AM,12:53 PM,581.52,44,13.22,None,0,0,0,11
S2707,2026-04-05,08:21 PM,Yamuna,Mess,08:10 PM,08:54 PM,0,0,0,0,416.07,66,30.27,Dinner,0,0,0,4
S2708,2026-04-25,10:49 PM,Yamuna,Library,0,0,08:46 PM,11:59 PM,08:31 PM,11:59 PM,442.35,104,29.4,None,0,0,1,6
S2709,2026-04-22,03:56 PM,Rajendra,Hostel,0,0,0,0,0,0,347.59,188,40.36,None,1,0,1,4
S2710,2026-04-10,06:24 PM,Rajendra,Library,0,0,05:30 PM,07:43 PM,05:06 PM,07:55 PM,740.28,29,12.18,None,0,0,0,7
S2711,2026-04-03,06:05 AM,Sarojini,Hostel,0,0,0,0,0,0,153.51,165,27.97,None,0,0,0,3
S2712,2026-04-27,08:29 PM,Sarojini,Mess,08:14 PM,08:35 PM,0,0,0,0,450.01,69,29.3,Dinner,0,0,1,5
S2713,2026-04-03,11:01 AM,Azad,Library,0,0,09:57 AM,11:04 AM,09:30 AM,11:25 AM,833.27,77,13.21,None,1,0,0,7
S2714,2026-04-16,08:41 PM,Sarojini,Mess,08:35 PM,09:16 PM,0,0,0,0,370.31,127,36.16,Dinner,0,0,0,6
S2715,2026-04-04,09:07 PM,Rajendra,Mess,09:05 PM,09:58 PM,0,0,0,0,608.38,175,45.82,Dinner,0,0,0,7
S2716,2026-04-17,07:51 AM,Azad,Mess,07:41 AM,08:08 AM,0,0,0,0,254.37,120,51.85,Breakfast,0,0,0,6
S2717,2026-04-22,09:35 PM,Azad,Library,0,0,04:45 PM,11:59 PM,04:20 PM,11:59 PM,643.21,29,17.36,None,0,0,1,6
S2718,2026-04-21,09:30 AM,Yamuna,Classroom,0,0,0,0,08:57 AM,11:23 AM,124.58,87,8.85,None,1,1,1,4
S2719,2026-04-29,07:27 AM,Azad,Mess,07:14 AM,07:40 AM,0,0,0,0,415.7,179,48.63,Breakfast,0,0,1,6
S2720,2026-04-14,08:56 AM,Yamuna,Classroom,0,0,0,0,08:31 AM,10:42 AM,353.61,111,6.66,None,1,1,0,7
S2721,2026-04-20,09:02 PM,Azad,Library,0,0,05:19 PM,11:29 PM,04:53 PM,11:59 PM,762.18,80,18.09,None,0,0,1,4
S2722,2026-04-28,10:16 AM,Sarojini,Mess,09:44 AM,10:17 AM,0,0,0,0,507.34,180,63.65,Breakfast,0,0,1,5
S2723,2026-04-07,09:32 AM,Ganga,Library,0,0,09:15 AM,10:13 AM,09:01 AM,10:49 AM,721.44,159,32.68,None,1,1,0,7
S2724,2026-04-16,08:57 AM,Rajendra,Mess,08:48 AM,09:43 AM,0,0,0,0,252.66,18,31.94,Breakfast,0,0,0,7
S2725,2026-04-15,11:53 PM,Ganga,Library,0,0,10:57 PM,11:58 PM,10:52 PM,11:59 PM,763.82,86,24.91,None,0,0,0,4
S2726,2026-04-14,02:32 AM,Sarojini,Hostel,0,0,0,0,0,0,217.61,76,20.72,None,0,0,0,6
S2727,2026-04-13,10:10 PM,Ganga,Mess,09:26 PM,10:26 PM,0,0,0,0,308.98,121,45.49,Dinner,0,0,0,7
S2728,2026-04-01,09:41 AM,Sarojini,Mess,09:41 AM,10:03 AM,0,0,0,0,260.61,115,39.06,Breakfast,1,1,0,7
S2729,2026-04-05,05:28 PM,Yamuna,Library,0,0,03:09 PM,05:45 PM,02:44 PM,06:03 PM,674.03,65,10.43,None,0,0,0,8
S2730,2026-04-19,04:25 AM,Yamuna,Outside,0,0,0,0,03:01 AM,05:39 AM,187.02,165,24.57,None,0,0,0,4
S2731,2026-04-11,02:00 PM,Yamuna,Mess,01:23 PM,02:14 PM,0,0,0,0,341.59,98,42.65,Lunch,0,0,0,15
S2732,2026-04-24,07:53 AM,Ganga,Mess,07:53 AM,08:15 AM,0,0,0,0,505.68,94,44.47,Breakfast,0,0,1,5
S2733,2026-04-09,12:51 PM,Yamuna,Library,0,0,12:03 PM,02:11 PM,11:48 AM,02:53 PM,724.26,139,19.79,None,1,0,0,8
S2734,2026-04-26,12:02 PM,Rajendra,Hostel,0,0,0,0,0,0,279.21,116,23.06,None,1,0,1,8
S2735,2026-04-22,02:17 PM,Azad,Library,0,0,12:19 PM,07:48 PM,12:09 PM,08:03 PM,836.6,180,23.57,None,1,0,1,6
S2736,2026-04-05,08:17 PM,Rajendra,Hostel,0,0,0,0,0,0,674.85,74,27.02,None,0,0,0,7
S2737,2026-04-09,04:58 PM,Sarojini,Library,0,0,04:28 PM,04:58 PM,04:07 PM,05:42 PM,720.73,141,18.45,None,1,1,0,5
S2738,2026-04-20,12:29 PM,Rajendra,Mess,12:12 PM,12:48 PM,0,0,0,0,402.19,70,30.92,Lunch,0,0,1,7
S2739,2026-04-08,12:22 AM,Yamuna,Outside,0,0,0,0,0,02:10 AM,104.37,19,2.27,None,0,0,0,8
S2740,2026-04-15,03:48 PM,Ganga,Outside,0,0,0,0,01:58 PM,06:11 PM,105.9,52,4.78,None,1,0,0,8
S2741,2026-04-20,02:18 PM,Ganga,Library,0,0,09:20 AM,05:11 PM,08:56 AM,05:42 PM,886.78,181,20.81,None,0,0,1,5
S2742,2026-04-02,11:24 PM,Yamuna,Library,0,0,10:15 PM,11:59 PM,10:03 PM,11:59 PM,718.71,64,17.46,None,0,0,0,6
S2743,2026-04-10,05:35 PM,Yamuna,Hostel,0,0,0,0,0,0,263.38,82,28.43,None,0,0,0,7
S2744,2026-04-27,08:08 AM,Yamuna,Mess,07:54 AM,08:26 AM,0,0,0,0,499.07,105,44.39,Breakfast,0,0,1,4
S2745,2026-04-23,09:55 PM,Sarojini,Library,0,0,05:29 PM,10:43 PM,05:02 PM,11:05 PM,713.27,40,13.08,None,0,0,1,6
S2746,2026-04-14,08:27 PM,Ganga,Mess,08:00 PM,08:51 PM,0,0,0,0,307.09,59,32.28,Dinner,0,0,0,6
S2747,2026-04-05,04:27 PM,Ganga,Library,0,0,03:06 PM,06:02 PM,02:51 PM,06:53 PM,653.48,43,14.84,None,0,0,0,15
S2748,2026-04-14,04:39 AM,Azad,Outside,0,0,0,0,04:02 AM,06:56 AM,159.3,118,17.21,None,0,0,0,7
S2749,2026-04-30,11:29 PM,Yamuna,Outside,0,0,0,0,10:37 PM,11:59 PM,248.37,38,4.68,None,0,0,1,7
S2750,2026-04-11,08:28 AM,Ganga,Mess,07:57 AM,08:37 AM,0,0,0,0,581.85,108,30.75,Breakfast,0,0,0,7
S2751,2026-04-10,09:04 PM,Sarojini,Mess,08:14 PM,09:12 PM,0,0,0,0,531.89,178,52.94,Dinner,0,0,0,8
S2752,2026-04-30,08:02 AM,Azad,Classroom,0,0,0,0,07:41 AM,09:28 AM,335.57,61,5.06,None,1,1,1,6
S2753,2026-04-28,09:42 PM,Sarojini,Library,0,0,08:39 PM,11:59 PM,08:20 PM,11:59 PM,423.03,107,24.84,None,0,0,1,5
S2754,2026-04-14,10:46 PM,Rajendra,Outside,0,0,0,0,08:58 PM,11:59 PM,196.29,61,8.94,None,0,0,0,3
S2755,2026-05-01,08:05 PM,Ganga,Mess,07:49 PM,08:18 PM,0,0,0,0,417.92,130,38.84,Dinner,0,0,0,6
S2756,2026-04-21,04:49 PM,Yamuna,Library,0,0,01:05 PM,06:06 PM,12:36 PM,06:35 PM,710.74,133,17.74,None,0,0,1,4
S2757,2026-05-01,03:14 PM,Yamuna,Mess,02:53 PM,03:23 PM,0,0,0,0,407.77,131,33.71,Lunch,1,0,0,7
S2758,2026-04-02,09:22 PM,Azad,Library,0,0,08:26 PM,10:05 PM,08:18 PM,10:50 PM,545.27,116,14.68,None,0,0,0,7
S2759,2026-04-01,10:32 AM,Yamuna,Library,0,0,09:04 AM,11:22 AM,08:39 AM,11:52 AM,608.37,52,17.69,None,1,1,0,10
S2760,2026-04-26,11:12 PM,Azad,Library,0,0,09:38 PM,11:59 PM,09:22 PM,11:59 PM,592.91,22,12.09,None,0,0,1,5
S2761,2026-04-09,06:49 AM,Sarojini,Outside,0,0,0,0,05:00 AM,08:32 AM,348.17,20,1.57,None,0,0,0,7
S2762,2026-04-23,12:29 PM,Ganga,Library,0,0,11:10 AM,04:33 PM,10:58 AM,05:33 PM,584.45,141,23.01,None,1,0,1,7
S2763,2026-04-11,07:51 PM,Sarojini,Mess,07:40 PM,08:07 PM,0,0,0,0,569.15,91,36.49,Dinner,0,0,0,8
S2764,2026-04-21,08:16 PM,Rajendra,Library,0,0,07:22 PM,11:59 PM,07:12 PM,11:59 PM,850.59,142,21.93,None,0,0,1,4
S2765,2026-04-29,10:40 PM,Sarojini,Library,0,0,10:22 PM,11:59 PM,09:54 PM,11:59 PM,727.33,69,10.97,None,0,0,1,8
S2766,2026-04-17,09:09 PM,Ganga,Library,0,0,08:58 PM,10:15 PM,08:32 PM,11:15 PM,777.0,157,25.34,None,0,0,0,10
S2767,2026-04-16,11:28 AM,Yamuna,Library,0,0,11:03 AM,01:11 PM,10:54 AM,02:11 PM,981.29,100,22.44,None,1,0,0,7
S2768,2026-04-11,08:39 AM,Rajendra,Mess,08:19 AM,09:16 AM,0,0,0,0,339.23,170,51.47,Breakfast,0,0,0,7
S2769,2026-04-27,07:49 AM,Ganga,Hostel,0,0,0,0,0,0,197.08,144,32.25,None,0,0,1,3
S2770,2026-04-01,03:16 PM,Ganga,Mess,02:53 PM,03:16 PM,0,0,0,0,389.27,190,44.46,Lunch,1,0,0,5
S2771,2026-04-04,09:55 AM,Sarojini,Mess,09:44 AM,10:19 AM,0,0,0,0,333.72,130,34.1,Breakfast,1,1,0,8
S2772,2026-04-24,11:47 PM,Sarojini,Library,0,0,10:17 PM,11:59 PM,09:49 PM,11:59 PM,855.59,46,17.31,None,0,0,1,4
S2773,2026-04-05,04:17 PM,Rajendra,Library,0,0,03:10 PM,05:53 PM,02:44 PM,06:34 PM,412.25,132,17.04,None,1,1,0,6
S2774,2026-04-26,08:08 PM,Ganga,Mess,07:58 PM,08:53 PM,0,0,0,0,520.55,147,30.23,Dinner,0,0,1,4
S2775,2026-04-23,07:21 PM,Ganga,Library,0,0,04:26 PM,11:59 PM,04:08 PM,11:59 PM,744.28,108,16.57,None,0,0,1,8
S2776,2026-04-23,07:33 AM,Sarojini,Mess,07:21 AM,08:02 AM,0,0,0,0,525.33,196,41.15,Breakfast,0,0,1,7
S2777,2026-04-12,07:26 PM,Ganga,Hostel,0,0,0,0,0,0,179.71,13,18.11,None,0,0,0,8
S2778,2026-04-14,06:18 PM,Yamuna,Classroom,0,0,0,0,05:47 PM,07:00 PM,106.45,53,2.8,None,1,1,0,9
S2779,2026-04-28,11:38 PM,Yamuna,Library,0,0,10:26 PM,11:59 PM,09:57 PM,11:59 PM,815.06,43,16.17,None,0,0,1,8
S2780,2026-04-16,04:23 PM,Sarojini,Outside,0,0,0,0,02:45 PM,06:14 PM,329.87,153,14.79,None,1,1,0,7
S2781,2026-04-28,04:44 PM,Rajendra,Classroom,0,0,0,0,04:15 PM,05:22 PM,369.62,135,12.56,None,1,1,1,6
S2782,2026-04-18,07:41 AM,Rajendra,Mess,07:30 AM,08:00 AM,0,0,0,0,224.35,17,34.07,Breakfast,0,0,0,10
S2783,2026-04-18,08:09 AM,Rajendra,Mess,08:08 AM,09:05 AM,0,0,0,0,313.46,181,54.72,Breakfast,0,0,0,6
S2784,2026-04-14,08:25 AM,Azad,Mess,08:19 AM,08:54 AM,0,0,0,0,423.83,141,47.67,Breakfast,0,0,0,8
S2785,2026-04-03,03:07 PM,Yamuna,Library,0,0,02:02 PM,03:19 PM,01:48 PM,04:02 PM,787.38,85,11.1,None,1,0,0,4
S2786,2026-04-30,06:13 PM,Ganga,Library,0,0,01:08 PM,09:32 PM,12:56 PM,09:54 PM,618.27,59,12.56,None,0,0,1,5
S2787,2026-04-02,09:36 PM,Azad,Mess,08:56 PM,09:49 PM,0,0,0,0,600.85,64,35.23,Dinner,0,0,0,7
S2788,2026-04-12,12:11 PM,Sarojini,Library,0,0,11:42 AM,01:49 PM,11:31 AM,02:27 PM,876.36,194,33.33,None,1,0,0,6
S2789,2026-04-12,01:23 PM,Azad,Mess,12:49 PM,01:40 PM,0,0,0,0,506.01,140,34.2,Lunch,1,0,0,11
S2790,2026-04-08,10:07 AM,Rajendra,Outside,0,0,0,0,08:16 AM,12:54 PM,191.43,189,15.26,None,0,0,0,9
S2791,2026-04-01,01:04 PM,Sarojini,Mess,12:50 PM,01:41 PM,0,0,0,0,357.71,39,32.98,Lunch,0,0,0,6
S2792,2026-04-09,10:46 AM,Sarojini,Outside,0,0,0,0,09:07 AM,11:56 AM,333.74,71,9.3,None,0,0,0,8
S2793,2026-04-05,01:07 PM,Ganga,Library,0,0,12:43 PM,01:42 PM,12:21 PM,01:53 PM,868.11,54,17.56,None,0,0,0,8
S2794,2026-04-26,09:40 AM,Sarojini,Library,0,0,09:27 AM,05:57 PM,09:12 AM,06:35 PM,683.71,102,27.33,None,0,0,1,5
S2795,2026-04-27,08:47 AM,Sarojini,Mess,08:23 AM,09:23 AM,0,0,0,0,432.48,58,36.27,Breakfast,0,0,1,3
S2796,2026-05-01,02:42 PM,Yamuna,Mess,02:14 PM,03:09 PM,0,0,0,0,496.4,152,39.31,Lunch,1,0,0,3
S2797,2026-04-03,07:49 PM,Rajendra,Mess,07:32 PM,08:32 PM,0,0,0,0,455.11,44,34.14,Dinner,0,0,0,7
S2798,2026-04-12,09:37 AM,Ganga,Library,0,0,09:27 AM,10:00 AM,09:18 AM,10:45 AM,598.28,157,25.44,None,1,1,0,4
S2799,2026-04-23,12:42 PM,Yamuna,Mess,12:19 PM,12:46 PM,0,0,0,0,614.05,164,44.47,Lunch,1,0,1,3
S2800,2026-04-24,04:41 PM,Rajendra,Library,0,0,03:26 PM,09:00 PM,03:09 PM,09:39 PM,634.03,172,29.7,None,1,1,1,6
S2801,2026-04-11,08:30 AM,Ganga,Mess,08:22 AM,08:50 AM,0,0,0,0,641.77,105,42.49,Breakfast,0,0,0,9
S2802,2026-04-28,11:05 PM,Ganga,Library,0,0,08:20 PM,11:59 PM,08:07 PM,11:59 PM,570.41,184,24.27,None,0,0,1,4
S2803,2026-04-15,01:05 AM,Sarojini,Outside,0,0,0,0,0,03:24 AM,171.23,170,14.88,None,0,0,0,7
S2804,2026-04-28,11:55 PM,Azad,Library,0,0,08:53 PM,11:59 PM,08:37 PM,11:59 PM,648.2,135,22.29,None,0,0,1,3
S2805,2026-04-28,02:24 PM,Azad,Library,0,0,01:39 PM,07:51 PM,01:33 PM,08:09 PM,809.51,26,13.23,None,0,0,1,3
S2806,2026-04-19,08:40 PM,Azad,Outside,0,0,0,0,07:00 PM,10:48 PM,241.35,125,8.98,None,0,0,0,5
S2807,2026-04-22,04:55 AM,Sarojini,Outside,0,0,0,0,03:46 AM,06:30 AM,285.45,157,10.22,None,0,0,1,5
S2808,2026-04-18,03:58 PM,Yamuna,Library,0,0,03:32 PM,04:14 PM,03:06 PM,05:11 PM,850.15,36,13.71,None,0,0,0,7
S2809,2026-04-19,03:55 PM,Ganga,Hostel,0,0,0,0,0,0,391.48,184,34.64,None,1,0,0,6
S2810,2026-04-02,03:26 PM,Rajendra,Library,0,0,03:09 PM,05:36 PM,02:39 PM,06:19 PM,772.1,185,24.87,None,0,0,0,4
S2811,2026-04-28,11:40 PM,Sarojini,Library,0,0,04:36 PM,11:59 PM,04:07 PM,11:59 PM,676.32,27,13.09,None,0,0,1,3
S2812,2026-04-02,10:49 AM,Ganga,Classroom,0,0,0,0,10:19 AM,12:29 PM,310.97,74,9.93,None,1,1,0,6
S2813,2026-04-19,05:40 PM,Rajendra,Library,0,0,03:01 PM,05:58 PM,02:38 PM,06:23 PM,553.46,146,32.85,None,0,0,0,6
S2814,2026-04-14,10:13 AM,Sarojini,Outside,0,0,0,0,09:25 AM,01:03 PM,383.38,19,2.44,None,0,0,0,6
S2815,2026-04-18,02:09 PM,Azad,Library,0,0,01:53 PM,03:16 PM,01:24 PM,04:03 PM,871.04,161,24.79,None,0,0,0,7
S2816,2026-04-16,11:13 AM,Yamuna,Library,0,0,09:23 AM,11:55 AM,08:53 AM,12:31 PM,818.84,140,23.65,None,1,0,0,7
S2817,2026-04-30,01:17 PM,Sarojini,Mess,12:33 PM,01:21 PM,0,0,0,0,526.37,68,45.99,Lunch,1,0,1,6
S2818,2026-05-01,07:11 PM,Rajendra,Library,0,0,06:10 PM,09:02 PM,05:54 PM,09:12 PM,986.41,153,14.08,None,0,0,0,8
S2819,2026-04-02,04:04 PM,Ganga,Classroom,0,0,0,0,03:43 PM,05:34 PM,348.78,10,1.21,None,1,1,0,9
S2820,2026-04-07,01:42 PM,Azad,Library,0,0,12:33 PM,02:32 PM,12:11 PM,03:21 PM,654.08,155,33.06,None,1,0,0,8
S2821,2026-04-27,07:35 PM,Sarojini,Mess,07:30 PM,08:19 PM,0,0,0,0,481.02,175,61.1,Dinner,0,0,1,7
S2822,2026-04-09,08:38 AM,Ganga,Mess,07:55 AM,08:41 AM,0,0,0,0,368.54,75,32.61,Breakfast,0,0,0,6
S2823,2026-04-25,01:45 PM,Yamuna,Hostel,0,0,0,0,0,0,398.11,156,34.67,None,1,0,1,5
S2824,2026-04-27,10:12 PM,Azad,Library,0,0,09:06 PM,11:59 PM,08:52 PM,11:59 PM,560.14,115,19.43,None,0,0,1,6
S2825,2026-04-18,01:09 PM,Rajendra,Mess,12:48 PM,01:23 PM,0,0,0,0,510.01,145,42.78,Lunch,0,0,0,6
S2826,2026-04-28,12:03 PM,Rajendra,Library,0,0,11:41 AM,07:53 PM,11:11 AM,08:09 PM,730.78,54,12.75,None,0,0,1,8
S2827,2026-04-23,08:43 AM,Yamuna,Mess,08:11 AM,08:51 AM,0,0,0,0,610.88,161,38.17,Breakfast,0,0,1,8
S2828,2026-04-22,03:14 PM,Azad,Mess,02:28 PM,03:14 PM,0,0,0,0,542.26,118,44.77,Lunch,0,0,1,7
S2829,2026-04-16,06:33 AM,Sarojini,Hostel,0,0,0,0,0,0,118.82,41,25.37,None,0,0,0,7
S2830,2026-04-22,02:55 PM,Ganga,Mess,02:27 PM,03:11 PM,0,0,0,0,481.72,200,51.84,Lunch,1,0,1,6
S2831,2026-04-25,02:52 PM,Sarojini,Hostel,0,0,0,0,0,0,394.88,104,26.53,None,1,0,1,5
S2832,2026-04-07,01:59 AM,Ganga,Outside,0,0,0,0,01:22 AM,04:51 AM,171.2,189,10.57,None,0,0,0,10
S2833,2026-04-03,02:09 PM,Ganga,Mess,01:40 PM,02:38 PM,0,0,0,0,360.0,61,41.36,Lunch,0,0,0,7
S2834,2026-04-19,09:22 AM,Ganga,Mess,09:11 AM,09:35 AM,0,0,0,0,304.64,40,37.76,Breakfast,1,1,0,9
S2835,2026-04-16,08:09 PM,Azad,Library,0,0,07:53 PM,10:01 PM,07:41 PM,10:32 PM,521.71,24,16.61,None,0,0,0,6
S2836,2026-04-29,08:58 PM,Ganga,Mess,08:31 PM,09:04 PM,0,0,0,0,517.25,83,33.22,Dinner,0,0,1,3
S2837,2026-04-13,10:22 PM,Rajendra,Outside,0,0,0,0,08:52 PM,11:49 PM,170.43,39,4.91,None,0,0,0,7
S2838,2026-04-14,12:29 PM,Azad,Library,0,0,11:59 AM,01:07 PM,11:44 AM,01:21 PM,575.36,40,18.82,None,0,0,0,7
S2839,2026-04-10,10:28 PM,Azad,Mess,09:37 PM,10:29 PM,0,0,0,0,531.56,43,24.28,Dinner,0,0,0,6
S2840,2026-04-05,05:52 PM,Rajendra,Library,0,0,05:22 PM,06:13 PM,04:57 PM,06:49 PM,731.21,45,13.2,None,0,0,0,6
S2841,2026-04-09,04:21 AM,Azad,Hostel,0,0,0,0,0,0,197.51,128,33.92,None,0,0,0,8
S2842,2026-04-05,05:14 PM,Ganga,Classroom,0,0,0,0,04:34 PM,06:34 PM,140.43,102,10.8,None,1,1,0,7
S2843,2026-04-06,02:17 PM,Yamuna,Classroom,0,0,0,0,02:03 PM,03:21 PM,342.24,171,17.95,None,1,0,0,7
S2844,2026-04-04,08:22 AM,Sarojini,Mess,08:20 AM,09:12 AM,0,0,0,0,359.26,23,31.86,Breakfast,0,0,0,8
S2845,2026-04-19,10:59 PM,Yamuna,Library,0,0,10:58 PM,11:59 PM,10:46 PM,11:59 PM,592.54,26,11.01,None,0,0,0,9
S2846,2026-04-23,11:49 PM,Azad,Library,0,0,07:19 PM,11:59 PM,07:10 PM,11:59 PM,708.97,182,24.07,None,0,0,1,6
S2847,2026-04-14,03:27 PM,Rajendra,Library,0,0,02:30 PM,05:04 PM,02:08 PM,05:35 PM,810.77,91,23.54,None,1,0,0,4
S2848,2026-04-10,07:50 PM,Yamuna,Library,0,0,07:21 PM,08:18 PM,06:58 PM,08:34 PM,522.77,79,20.69,None,0,0,0,7
S2849,2026-04-07,12:02 PM,Azad,Classroom,0,0,0,0,11:36 AM,01:47 PM,305.21,101,9.14,None,1,0,0,11
S2850,2026-04-21,03:26 PM,Sarojini,Mess,02:45 PM,03:37 PM,0,0,0,0,457.2,14,27.92,Lunch,1,0,1,4
S2851,2026-04-05,06:08 PM,Sarojini,Library,0,0,05:28 PM,08:07 PM,05:05 PM,08:52 PM,939.95,123,25.33,None,0,0,0,7
S2852,2026-04-14,11:38 AM,Sarojini,Library,0,0,10:11 AM,12:02 PM,09:58 AM,01:00 PM,704.29,194,25.88,None,0,0,0,6
S2853,2026-04-05,01:51 PM,Azad,Classroom,0,0,0,0,01:21 PM,02:28 PM,233.28,102,9.01,None,1,0,0,7
S2854,2026-04-18,04:07 AM,Rajendra,Outside,0,0,0,0,03:06 AM,06:25 AM,130.17,150,16.56,None,0,0,0,10
S2855,2026-04-08,03:15 PM,Yamuna,Library,0,0,01:05 PM,03:42 PM,12:58 PM,03:54 PM,791.7,110,28.18,None,1,0,0,8
S2856,2026-04-01,02:49 PM,Rajendra,Library,0,0,02:17 PM,04:23 PM,02:07 PM,05:07 PM,505.73,126,20.79,None,1,0,0,7
S2857,2026-04-14,01:26 PM,Ganga,Mess,01:19 PM,01:51 PM,0,0,0,0,597.2,118,42.48,Lunch,0,0,0,7
S2858,2026-04-21,01:56 PM,Ganga,Mess,01:28 PM,02:13 PM,0,0,0,0,381.72,16,35.55,Lunch,1,0,1,6
S2859,2026-04-27,10:27 PM,Yamuna,Outside,0,0,0,0,08:56 PM,11:59 PM,109.62,122,9.16,None,0,0,1,5
S2860,2026-04-21,10:11 PM,Rajendra,Library,0,0,04:29 PM,11:32 PM,04:22 PM,11:59 PM,658.01,82,20.3,None,0,0,1,3
S2861,2026-04-18,04:30 AM,Yamuna,Outside,0,0,0,0,03:44 AM,05:47 AM,390.42,144,7.45,None,0,0,0,6
S2862,2026-04-26,03:24 PM,Ganga,Hostel,0,0,0,0,0,0,119.62,156,41.89,None,1,0,1,4
S2863,2026-04-26,02:01 PM,Yamuna,Library,0,0,12:27 PM,06:25 PM,12:08 PM,07:17 PM,536.97,17,13.07,None,0,0,1,7
S2864,2026-05-01,03:55 PM,Yamuna,Classroom,0,0,0,0,03:19 PM,05:31 PM,255.15,162,18.98,None,1,0,0,8
S2865,2026-04-08,09:16 PM,Azad,Mess,09:13 PM,09:38 PM,0,0,0,0,422.82,106,34.68,Dinner,0,0,0,7
S2866,2026-04-01,06:21 PM,Yamuna,Library,0,0,05:51 PM,08:07 PM,05:46 PM,08:40 PM,1063.71,90,22.1,None,0,0,0,8
S2867,2026-04-12,02:25 PM,Yamuna,Outside,0,0,0,0,01:11 PM,04:08 PM,192.35,119,15.38,None,1,0,0,7
S2868,2026-04-13,02:23 PM,Yamuna,Library,0,0,12:29 PM,02:23 PM,12:07 PM,02:48 PM,914.27,168,19.49,None,1,0,0,8
S2869,2026-04-13,09:40 PM,Rajendra,Mess,09:31 PM,10:15 PM,0,0,0,0,339.52,24,25.1,Dinner,0,0,0,7
S2870,2026-04-09,08:29 PM,Azad,Mess,08:01 PM,08:52 PM,0,0,0,0,447.05,88,44.87,Dinner,0,0,0,6
S2871,2026-04-06,03:01 PM,Azad,Classroom,0,0,0,0,02:47 PM,03:53 PM,273.27,86,6.35,None,1,0,0,8
S2872,2026-04-21,12:24 PM,Rajendra,Library,0,0,11:58 AM,07:08 PM,11:53 AM,07:57 PM,693.21,135,24.39,None,1,0,1,7
S2873,2026-04-15,09:58 AM,Rajendra,Classroom,0,0,0,0,09:27 AM,10:57 AM,346.9,26,2.93,None,1,1,0,10
S2874,2026-04-24,10:02 PM,Rajendra,Mess,09:53 PM,10:15 PM,0,0,0,0,385.18,137,43.3,Dinner,0,0,1,4
S2875,2026-04-11,05:02 PM,Yamuna,Library,0,0,02:56 PM,05:29 PM,02:44 PM,05:40 PM,781.74,54,16.19,None,0,0,0,6
S2876,2026-04-17,09:58 AM,Ganga,Mess,09:30 AM,10:14 AM,0,0,0,0,486.83,62,26.3,Breakfast,0,0,0,7
S2877,2026-04-20,02:37 PM,Rajendra,Mess,02:20 PM,02:58 PM,0,0,0,0,319.15,101,47.04,Lunch,1,0,1,5
S2878,2026-04-12,03:52 PM,Rajendra,Hostel,0,0,0,0,0,0,223.55,186,40.36,None,1,0,0,5
S2879,2026-04-01,10:12 AM,Sarojini,Mess,09:56 AM,10:56 AM,0,0,0,0,500.62,194,34.86,Breakfast,0,0,0,4
S2880,2026-04-14,09:13 AM,Yamuna,Mess,08:53 AM,09:20 AM,0,0,0,0,649.92,137,47.19,Breakfast,1,1,0,7
S2881,2026-04-18,01:45 AM,Ganga,Hostel,0,0,0,0,0,0,178.78,113,31.37,None,0,0,0,6
S2882,2026-04-17,09:36 PM,Ganga,Hostel,0,0,0,0,0,0,733.44,122,33.98,None,0,0,0,7
S2883,2026-04-16,08:10 AM,Ganga,Mess,07:36 AM,08:23 AM,0,0,0,0,506.61,178,50.23,Breakfast,0,0,0,13
S2884,2026-04-05,09:14 PM,Ganga,Library,0,0,08:38 PM,10:05 PM,08:25 PM,10:46 PM,646.18,111,26.74,None,0,0,0,5
S2885,2026-04-13,10:49 PM,Rajendra,Outside,0,0,0,0,10:14 PM,11:59 PM,202.42,141,17.21,None,0,0,0,8
S2886,2026-04-06,09:14 AM,Azad,Outside,0,0,0,0,07:15 AM,12:07 PM,169.36,46,5.19,None,0,0,0,8
S2887,2026-04-17,06:55 PM,Azad,Library,0,0,04:58 PM,07:08 PM,04:34 PM,07:46 PM,625.7,78,18.88,None,0,0,0,6
S2888,2026-04-06,03:56 AM,Sarojini,Hostel,0,0,0,0,0,0,262.66,39,28.72,None,0,0,0,6
S2889,2026-04-01,09:59 PM,Rajendra,Hostel,0,0,0,0,0,0,677.07,132,30.5,None,0,0,0,4
S2890,2026-04-30,11:19 PM,Yamuna,Outside,0,0,0,0,09:25 PM,11:59 PM,262.45,18,1.78,None,0,0,1,6
S2891,2026-04-07,09:44 PM,Rajendra,Mess,08:57 PM,09:53 PM,0,0,0,0,240.95,188,49.05,Dinner,0,0,0,8
S2892,2026-04-11,10:16 PM,Rajendra,Mess,09:50 PM,10:38 PM,0,0,0,0,540.59,156,51.38,Dinner,0,0,0,7
S2893,2026-04-05,11:45 PM,Ganga,Library,0,0,09:32 PM,11:59 PM,09:18 PM,11:59 PM,763.62,33,12.93,None,0,0,0,7
S2894,2026-04-05,09:03 AM,Sarojini,Mess,08:42 AM,09:37 AM,0,0,0,0,272.52,63,42.42,Breakfast,0,0,0,6
S2895,2026-04-09,10:00 PM,Sarojini,Mess,09:55 PM,10:19 PM,0,0,0,0,347.81,65,38.92,Dinner,0,0,0,6
S2896,2026-04-29,10:44 PM,Sarojini,Hostel,0,0,0,0,0,0,1023.68,108,23.67,None,0,0,1,4
S2897,2026-04-14,06:16 PM,Azad,Outside,0,0,0,0,05:21 PM,08:15 PM,342.09,101,5.24,None,0,0,0,7
S2898,2026-04-22,09:45 PM,Rajendra,Library,0,0,04:03 PM,10:57 PM,03:44 PM,11:49 PM,770.98,60,10.11,None,0,0,1,4
S2899,2026-05-01,07:43 PM,Yamuna,Library,0,0,06:06 PM,08:29 PM,05:38 PM,08:46 PM,749.15,186,25.91,None,0,0,0,6
S2900,2026-04-27,03:12 AM,Azad,Hostel,0,0,0,0,0,0,290.05,112,24.74,None,0,0,1,5
S2901,2026-04-29,03:07 PM,Yamuna,Outside,0,0,0,0,01:28 PM,04:22 PM,330.13,167,20.34,None,0,0,1,4
S2902,2026-04-03,04:54 AM,Sarojini,Hostel,0,0,0,0,0,0,255.45,131,30.89,None,0,0,0,5
S2903,2026-04-20,11:02 PM,Sarojini,Hostel,0,0,0,0,0,0,1184.01,69,16.85,None,0,0,1,3
S2904,2026-05-01,04:14 PM,Sarojini,Hostel,0,0,0,0,0,0,355.27,113,25.74,None,1,1,0,6
S2905,2026-04-07,01:08 PM,Yamuna,Mess,12:26 PM,01:18 PM,0,0,0,0,252.98,96,40.89,Lunch,0,0,0,7
S2906,2026-04-02,02:33 PM,Sarojini,Mess,02:19 PM,02:57 PM,0,0,0,0,562.21,113,52.2,Lunch,0,0,0,10
S2907,2026-04-21,08:42 PM,Ganga,Mess,08:39 PM,09:16 PM,0,0,0,0,461.27,91,36.48,Dinner,0,0,1,4
S2908,2026-04-03,01:56 PM,Ganga,Mess,01:42 PM,02:02 PM,0,0,0,0,345.15,112,33.46,Lunch,1,0,0,8
S2909,2026-04-06,08:35 AM,Sarojini,Mess,08:19 AM,09:10 AM,0,0,0,0,462.74,15,25.23,Breakfast,0,0,0,6
S2910,2026-04-13,08:28 PM,Ganga,Mess,08:20 PM,09:19 PM,0,0,0,0,361.65,25,30.48,Dinner,0,0,0,9
S2911,2026-04-12,01:56 PM,Ganga,Mess,01:44 PM,02:08 PM,0,0,0,0,265.5,43,32.45,Lunch,0,0,0,6
S2912,2026-04-21,10:19 PM,Ganga,Library,0,0,06:10 PM,11:59 PM,06:04 PM,11:59 PM,864.21,35,18.27,None,0,0,1,5
S2913,2026-04-04,10:26 PM,Ganga,Library,0,0,10:08 PM,11:03 PM,09:48 PM,11:31 PM,492.31,71,16.24,None,0,0,0,8
S2914,2026-04-08,01:10 PM,Azad,Mess,12:49 PM,01:37 PM,0,0,0,0,588.15,35,32.71,Lunch,0,0,0,7
S2915,2026-04-12,03:06 PM,Ganga,Classroom,0,0,0,0,02:50 PM,04:41 PM,214.2,101,13.33,None,1,0,0,6
S2916,2026-04-02,10:39 PM,Yamuna,Library,0,0,10:03 PM,11:59 PM,09:44 PM,11:59 PM,804.32,107,12.59,None,0,0,0,6
S2917,2026-04-05,08:27 AM,Ganga,Hostel,0,0,0,0,0,0,124.0,14,14.7,None,0,0,0,7
S2918,2026-04-05,01:44 PM,Azad,Library,0,0,11:10 AM,01:48 PM,10:53 AM,02:14 PM,522.16,35,11.83,None,1,0,0,7
S2919,2026-04-01,02:37 PM,Rajendra,Mess,01:48 PM,02:40 PM,0,0,0,0,662.09,116,44.01,Lunch,1,0,0,8
S2920,2026-04-26,09:32 AM,Sarojini,Mess,09:02 AM,09:44 AM,0,0,0,0,440.31,189,53.19,Breakfast,1,1,1,7
S2921,2026-04-29,09:36 PM,Yamuna,Mess,09:10 PM,10:05 PM,0,0,0,0,543.58,104,34.51,Dinner,0,0,1,7
S2922,2026-04-17,09:57 PM,Yamuna,Mess,09:40 PM,10:32 PM,0,0,0,0,534.29,128,38.69,Dinner,0,0,0,5
S2923,2026-04-14,08:41 AM,Azad,Mess,08:34 AM,09:03 AM,0,0,0,0,539.12,90,32.52,Breakfast,0,0,0,8
S2924,2026-04-03,07:47 AM,Yamuna,Mess,07:15 AM,08:01 AM,0,0,0,0,291.91,52,34.24,Breakfast,0,0,0,7
S2925,2026-04-12,10:44 PM,Sarojini,Hostel,0,0,0,0,0,0,1078.47,95,19.35,None,0,0,0,11
S2926,2026-04-17,08:29 AM,Yamuna,Outside,0,0,0,0,07:26 AM,10:09 AM,179.24,36,3.84,None,0,0,0,7
S2927,2026-04-22,04:35 AM,Rajendra,Hostel,0,0,0,0,0,0,397.97,92,33.92,None,0,0,1,4
S2928,2026-04-26,07:05 PM,Rajendra,Library,0,0,03:32 PM,10:13 PM,03:27 PM,10:46 PM,613.53,176,21.5,None,0,0,1,3
S2929,2026-04-18,10:52 AM,Rajendra,Library,0,0,10:51 AM,11:45 AM,10:24 AM,12:30 PM,735.84,160,36.66,None,0,0,0,8
S2930,2026-04-25,08:51 PM,Sarojini,Library,0,0,04:19 PM,11:59 PM,04:01 PM,11:59 PM,750.18,10,11.18,None,0,0,1,3
S2931,2026-04-30,08:04 AM,Sarojini,Hostel,0,0,0,0,0,0,272.02,141,32.61,None,0,0,1,7
S2932,2026-04-15,07:18 PM,Rajendra,Outside,0,0,0,0,06:11 PM,08:52 PM,366.89,63,4.64,None,0,0,0,10
S2933,2026-04-06,01:12 PM,Sarojini,Library,0,0,12:09 PM,01:37 PM,11:43 AM,02:13 PM,623.64,77,10.55,None,1,0,0,7
S2934,2026-04-30,09:43 PM,Azad,Mess,09:31 PM,10:03 PM,0,0,0,0,331.56,154,39.08,Dinner,0,0,1,7
S2935,2026-04-19,01:52 AM,Yamuna,Outside,0,0,0,0,12:19 AM,04:32 AM,219.47,24,2.44,None,0,0,0,6
S2936,2026-05-01,01:27 PM,Azad,Hostel,0,0,0,0,0,0,239.32,187,32.64,None,1,0,0,11
S2937,2026-04-20,09:02 PM,Ganga,Mess,08:32 PM,09:11 PM,0,0,0,0,318.96,152,41.45,Dinner,0,0,1,5
S2938,2026-04-10,08:32 PM,Yamuna,Mess,08:10 PM,08:34 PM,0,0,0,0,403.36,71,32.37,Dinner,0,0,0,9
S2939,2026-04-11,09:46 AM,Rajendra,Mess,09:26 AM,09:54 AM,0,0,0,0,299.61,12,30.61,Breakfast,0,0,0,15
S2940,2026-04-14,06:17 AM,Sarojini,Outside,0,0,0,0,04:25 AM,08:06 AM,353.58,197,29.47,None,0,0,0,10
S2941,2026-04-16,02:03 PM,Ganga,Mess,01:23 PM,02:18 PM,0,0,0,0,381.53,90,45.59,Lunch,0,0,0,15
S2942,2026-04-28,07:41 AM,Ganga,Mess,07:26 AM,07:47 AM,0,0,0,0,599.9,93,26.03,Breakfast,0,0,1,6
S2943,2026-04-02,10:32 PM,Rajendra,Outside,0,0,0,0,08:36 PM,11:59 PM,375.8,151,10.8,None,0,0,0,7
S2944,2026-04-10,02:54 PM,Sarojini,Mess,02:26 PM,02:56 PM,0,0,0,0,590.22,120,45.88,Lunch,0,0,0,8
S2945,2026-04-24,10:09 PM,Rajendra,Library,0,0,05:46 PM,11:59 PM,05:33 PM,11:59 PM,762.45,53,18.61,None,0,0,1,4
S2946,2026-04-21,10:28 AM,Sarojini,Classroom,0,0,0,0,10:15 AM,11:55 AM,248.87,117,15.41,None,1,1,1,4
S2947,2026-04-01,11:59 PM,Yamuna,Library,0,0,09:54 PM,11:59 PM,09:29 PM,11:59 PM,653.33,97,25.91,None,0,0,0,9
S2948,2026-04-28,12:03 AM,Ganga,Outside,0,0,0,0,0,02:08 AM,108.9,154,14.55,None,0,0,1,3
S2949,2026-04-02,06:43 PM,Rajendra,Library,0,0,06:23 PM,09:02 PM,06:04 PM,09:20 PM,871.56,193,29.77,None,0,0,0,8
S2950,2026-04-16,08:32 PM,Rajendra,Mess,08:13 PM,09:11 PM,0,0,0,0,636.54,88,48.92,Dinner,0,0,0,7
S2951,2026-04-12,03:33 AM,Ganga,Outside,0,0,0,0,02:07 AM,04:36 AM,380.06,174,13.48,None,0,0,0,8
S2952,2026-04-09,12:31 PM,Rajendra,Mess,12:07 PM,01:02 PM,0,0,0,0,535.88,159,32.82,Lunch,0,0,0,6
S2953,2026-04-19,02:55 PM,Ganga,Classroom,0,0,0,0,02:33 PM,04:02 PM,354.29,32,3.24,None,1,0,0,9
S2954,2026-04-23,07:34 AM,Sarojini,Mess,07:02 AM,07:42 AM,0,0,0,0,461.32,57,36.46,Breakfast,0,0,1,3
S2955,2026-04-02,01:17 PM,Azad,Mess,12:44 PM,01:22 PM,0,0,0,0,481.84,79,29.17,Lunch,1,0,0,9
S2956,2026-04-04,11:08 PM,Azad,Library,0,0,10:12 PM,11:59 PM,09:55 PM,11:59 PM,957.15,23,11.06,None,0,0,0,3
S2957,2026-04-14,09:35 AM,Rajendra,Library,0,0,09:35 AM,10:13 AM,09:12 AM,10:27 AM,615.62,147,29.4,None,0,0,0,3
S2958,2026-05-01,08:40 AM,Rajendra,Mess,08:37 AM,09:30 AM,0,0,0,0,455.22,176,42.47,Breakfast,0,0,0,8
S2959,2026-04-22,10:17 PM,Ganga,Library,0,0,08:54 PM,11:59 PM,08:43 PM,11:59 PM,618.79,90,22.23,None,0,0,1,4
S2960,2026-04-29,06:17 PM,Yamuna,Classroom,0,0,0,0,05:52 PM,07:06 PM,225.41,140,7.8,None,1,1,1,5
S2961,2026-04-18,10:44 PM,Ganga,Mess,09:51 PM,10:45 PM,0,0,0,0,620.88,103,45.51,Dinner,0,0,0,8
S2962,2026-04-07,09:09 AM,Azad,Mess,08:56 AM,09:22 AM,0,0,0,0,467.67,175,49.62,Breakfast,0,0,0,3
S2963,2026-04-29,10:01 AM,Azad,Mess,09:48 AM,10:08 AM,0,0,0,0,535.12,30,39.99,Breakfast,0,0,1,6
S2964,2026-04-27,09:24 PM,Sarojini,Library,0,0,08:53 PM,11:59 PM,08:29 PM,11:59 PM,867.72,192,17.45,None,0,0,1,5
S2965,2026-04-04,04:34 AM,Yamuna,Hostel,0,0,0,0,0,0,159.88,14,17.1,None,0,0,0,7
S2966,2026-04-23,06:55 PM,Azad,Library,0,0,04:19 PM,11:59 PM,04:05 PM,11:59 PM,972.11,92,15.96,None,0,0,1,7
S2967,2026-04-19,07:57 AM,Yamuna,Mess,07:44 AM,08:06 AM,0,0,0,0,421.72,64,38.1,Breakfast,0,0,0,5
S2968,2026-04-14,01:50 AM,Rajendra,Outside,0,0,0,0,12:44 AM,04:10 AM,378.39,78,6.1,None,0,0,0,7
S2969,2026-04-03,08:54 PM,Rajendra,Library,0,0,07:10 PM,08:54 PM,06:47 PM,09:06 PM,546.65,79,20.59,None,0,0,0,7
S2970,2026-04-19,06:47 AM,Sarojini,Hostel,0,0,0,0,0,0,191.69,48,19.55,None,0,0,0,12
S2971,2026-04-26,09:40 AM,Yamuna,Mess,09:27 AM,10:09 AM,0,0,0,0,444.3,88,41.51,Breakfast,0,0,1,6
S2972,2026-04-22,09:18 AM,Rajendra,Mess,09:17 AM,09:53 AM,0,0,0,0,598.42,178,47.45,Breakfast,1,1,1,4
S2973,2026-04-19,07:39 PM,Rajendra,Hostel,0,0,0,0,0,0,278.52,146,21.0,None,0,0,0,7
S2974,2026-04-24,05:15 PM,Yamuna,Outside,0,0,0,0,04:36 PM,07:29 PM,173.95,84,10.56,None,0,0,1,5
S2975,2026-04-28,10:08 PM,Rajendra,Library,0,0,06:11 PM,11:59 PM,05:53 PM,11:59 PM,942.97,23,10.26,None,0,0,1,6
S2976,2026-04-26,04:42 PM,Azad,Library,0,0,03:07 PM,11:48 PM,02:45 PM,11:59 PM,474.84,82,22.74,None,0,0,1,4
S2977,2026-04-14,12:35 AM,Yamuna,Hostel,0,0,0,0,0,0,353.96,185,40.28,None,0,0,0,8
S2978,2026-04-19,03:25 PM,Ganga,Library,0,0,03:25 PM,05:22 PM,02:57 PM,06:16 PM,712.82,90,17.6,None,0,0,0,7
S2979,2026-04-24,10:47 PM,Azad,Library,0,0,06:04 PM,11:59 PM,05:40 PM,11:59 PM,793.62,25,12.27,None,0,0,1,4
S2980,2026-04-12,09:11 AM,Yamuna,Hostel,0,0,0,0,0,0,302.89,177,24.32,None,1,1,0,5
S2981,2026-04-23,10:15 PM,Ganga,Mess,09:51 PM,10:28 PM,0,0,0,0,413.97,70,43.17,Dinner,0,0,1,4
S2982,2026-04-09,11:59 AM,Rajendra,Library,0,0,10:59 AM,01:16 PM,10:46 AM,01:56 PM,703.19,47,8.81,None,0,0,0,16
S2983,2026-05-01,12:09 PM,Sarojini,Library,0,0,11:53 AM,12:30 PM,11:44 AM,12:54 PM,791.57,51,22.48,None,1,0,0,8
S2984,2026-04-16,10:09 PM,Sarojini,Outside,0,0,0,0,08:27 PM,11:59 PM,120.95,141,7.79,None,0,0,0,5
S2985,2026-04-28,10:10 AM,Azad,Mess,09:57 AM,10:20 AM,0,0,0,0,326.0,124,38.99,Breakfast,1,1,1,6
S2986,2026-04-01,03:26 PM,Yamuna,Mess,02:49 PM,03:26 PM,0,0,0,0,412.72,19,26.42,Lunch,1,0,0,4
S2987,2026-04-14,06:39 PM,Yamuna,Hostel,0,0,0,0,0,0,129.59,151,39.8,None,0,0,0,7
S2988,2026-04-18,09:24 AM,Rajendra,Mess,09:08 AM,09:56 AM,0,0,0,0,475.16,95,45.7,Breakfast,0,0,0,6
S2989,2026-04-09,09:15 PM,Yamuna,Mess,08:55 PM,09:49 PM,0,0,0,0,514.26,154,47.71,Dinner,0,0,0,5
S2990,2026-04-29,02:20 PM,Rajendra,Library,0,0,02:09 PM,09:20 PM,02:01 PM,10:14 PM,960.88,197,29.43,None,0,0,1,7
S2991,2026-04-02,08:50 AM,Azad,Mess,08:29 AM,09:27 AM,0,0,0,0,327.37,196,49.45,Breakfast,0,0,0,7
S2992,2026-04-24,05:29 PM,Ganga,Library,0,0,12:55 PM,05:56 PM,12:49 PM,06:25 PM,536.06,81,19.15,None,0,0,1,6
S2993,2026-04-17,07:56 PM,Azad,Mess,07:44 PM,08:44 PM,0,0,0,0,586.62,61,34.5,Dinner,0,0,0,7
S2994,2026-04-21,02:52 AM,Yamuna,Outside,0,0,0,0,01:18 AM,05:11 AM,330.47,82,11.83,None,0,0,1,4
S2995,2026-04-16,11:54 AM,Sarojini,Outside,0,0,0,0,10:03 AM,02:15 PM,163.85,22,3.08,None,1,0,0,8
S2996,2026-04-28,09:52 AM,Azad,Mess,09:25 AM,10:18 AM,0,0,0,0,379.7,188,54.81,Breakfast,0,0,1,3
S2997,2026-04-15,08:49 PM,Ganga,Mess,08:23 PM,09:08 PM,0,0,0,0,325.16,130,43.9,Dinner,0,0,0,7
S2998,2026-05-01,07:40 AM,Sarojini,Outside,0,0,0,0,05:43 AM,09:25 AM,369.25,63,3.75,None,0,0,0,7
S2999,2026-04-24,05:48 PM,Yamuna,Library,0,0,10:21 AM,05:57 PM,10:00 AM,06:23 PM,761.94,93,17.96,None,0,0,1,5
S3000,2026-04-25,03:26 PM,Rajendra,Library,0,0,02:14 PM,08:00 PM,02:07 PM,08:32 PM,537.64,36,16.99,None,1,0,1,7
S3001,2026-04-09,12:48 PM,Azad,Library,0,0,10:55 AM,12:52 PM,10:38 AM,01:34 PM,721.41,191,22.38,None,1,0,0,6
S3002,2026-04-01,09:08 AM,Azad,Mess,09:08 AM,09:47 AM,0,0,0,0,586.26,67,37.17,Breakfast,1,1,0,6
S3003,2026-04-12,08:07 PM,Yamuna,Mess,07:50 PM,08:46 PM,0,0,0,0,595.85,160,48.94,Dinner,0,0,0,5
S3004,2026-04-04,01:41 AM,Rajendra,Hostel,0,0,0,0,0,0,397.31,24,20.93,None,0,0,0,3
S3005,2026-04-18,09:48 AM,Yamuna,Classroom,0,0,0,0,09:16 AM,11:27 AM,279.55,44,4.01,None,1,1,0,9
S3006,2026-04-24,02:38 AM,Ganga,Outside,0,0,0,0,12:47 AM,04:46 AM,136.24,176,24.47,None,0,0,1,3
S3007,2026-04-10,05:41 PM,Rajendra,Classroom,0,0,0,0,05:29 PM,07:21 PM,243.7,118,13.61,None,1,1,0,11
S3008,2026-04-06,09:37 PM,Yamuna,Library,0,0,09:11 PM,10:36 PM,08:53 PM,10:53 PM,565.95,144,21.98,None,0,0,0,9
S3009,2026-04-05,08:41 AM,Ganga,Mess,08:29 AM,09:17 AM,0,0,0,0,481.93,22,21.56,Breakfast,0,0,0,7
S3010,2026-04-23,01:35 AM,Ganga,Outside,0,0,0,0,12:57 AM,03:19 AM,364.02,178,18.96,None,0,0,1,7
S3011,2026-04-14,05:43 PM,Rajendra,Library,0,0,05:18 PM,05:57 PM,04:53 PM,06:28 PM,970.67,65,14.07,None,0,0,0,10
S3012,2026-04-14,12:13 PM,Yamuna,Outside,0,0,0,0,10:20 AM,02:14 PM,343.71,105,10.31,None,1,0,0,6
S3013,2026-04-12,04:20 PM,Rajendra,Outside,0,0,0,0,02:51 PM,06:01 PM,110.03,74,6.38,None,0,0,0,6
S3014,2026-04-05,02:10 PM,Yamuna,Library,0,0,02:02 PM,03:02 PM,01:50 PM,03:44 PM,966.34,57,18.37,None,0,0,0,6
S3015,2026-04-14,06:12 PM,Yamuna,Library,0,0,05:58 PM,06:43 PM,05:35 PM,07:21 PM,725.34,169,23.98,None,0,0,0,3
S3016,2026-04-21,09:36 PM,Yamuna,Mess,09:19 PM,10:17 PM,0,0,0,0,427.9,120,48.86,Dinner,0,0,1,7
S3017,2026-04-04,07:14 AM,Rajendra,Mess,07:07 AM,07:30 AM,0,0,0,0,419.72,199,61.65,Breakfast,0,0,0,10
S3018,2026-04-15,11:38 PM,Azad,Library,0,0,09:54 PM,11:59 PM,09:47 PM,11:59 PM,978.03,95,28.63,None,0,0,0,7
S3019,2026-04-27,07:14 PM,Yamuna,Library,0,0,12:21 PM,07:29 PM,12:11 PM,08:15 PM,856.77,159,35.37,None,0,0,1,3
S3020,2026-04-20,01:08 PM,Sarojini,Mess,12:41 PM,01:14 PM,0,0,0,0,397.01,183,57.62,Lunch,1,0,1,8
S3021,2026-04-26,12:59 AM,Yamuna,Outside,0,0,0,0,12:15 AM,02:24 AM,388.72,115,5.93,None,0,0,1,6
S3022,2026-04-30,06:17 AM,Yamuna,Hostel,0,0,0,0,0,0,234.7,186,29.22,None,0,0,1,5
S3023,2026-04-01,09:18 AM,Azad,Hostel,0,0,0,0,0,0,111.06,137,28.74,None,1,1,0,8
S3024,2026-04-09,03:28 AM,Yamuna,Outside,0,0,0,0,01:36 AM,04:32 AM,386.34,16,2.13,None,0,0,0,8
S3025,2026-04-09,07:28 PM,Rajendra,Outside,0,0,0,0,06:45 PM,10:05 PM,170.31,54,6.99,None,0,0,0,6
S3026,2026-04-02,12:59 PM,Sarojini,Mess,12:59 PM,01:31 PM,0,0,0,0,356.34,128,49.56,Lunch,0,0,0,10
S3027,2026-04-23,08:14 AM,Azad,Mess,07:48 AM,08:17 AM,0,0,0,0,633.84,180,41.82,Breakfast,0,0,1,4
S3028,2026-04-22,07:27 PM,Rajendra,Mess,07:10 PM,07:31 PM,0,0,0,0,392.71,162,57.19,Dinner,0,0,1,5
S3029,2026-04-29,07:01 PM,Sarojini,Library,0,0,04:12 PM,09:14 PM,04:03 PM,10:00 PM,880.56,17,12.15,None,0,0,1,5
S3030,2026-04-25,01:01 PM,Yamuna,Mess,12:21 PM,01:03 PM,0,0,0,0,505.15,168,43.71,Lunch,1,0,1,3
S3031,2026-04-01,08:18 PM,Sarojini,Mess,07:29 PM,08:23 PM,0,0,0,0,477.81,27,37.97,Dinner,0,0,0,8
S3032,2026-04-06,04:18 PM,Rajendra,Classroom,0,0,0,0,03:41 PM,05:29 PM,135.55,75,6.55,None,1,1,0,8
S3033,2026-04-23,12:31 AM,Ganga,Hostel,0,0,0,0,0,0,256.33,47,16.88,None,0,0,1,6
S3034,2026-04-24,09:39 AM,Ganga,Mess,09:27 AM,09:49 AM,0,0,0,0,563.92,187,38.2,Breakfast,0,0,1,4
S3035,2026-04-01,03:36 PM,Rajendra,Classroom,0,0,0,0,03:18 PM,04:14 PM,148.74,54,6.75,None,1,0,0,6
S3036,2026-04-18,01:42 PM,Rajendra,Mess,01:20 PM,01:44 PM,0,0,0,0,475.16,163,43.47,Lunch,1,0,0,6
S3037,2026-04-12,07:15 PM,Yamuna,Library,0,0,05:04 PM,07:32 PM,04:47 PM,07:46 PM,509.17,177,37.52,None,0,0,0,8
S3038,2026-04-21,03:39 PM,Azad,Mess,02:51 PM,03:43 PM,0,0,0,0,386.58,34,34.81,Lunch,1,0,1,4
S3039,2026-04-28,07:57 PM,Yamuna,Mess,07:09 PM,08:01 PM,0,0,0,0,568.49,73,36.14,Dinner,0,0,1,4
S3040,2026-04-24,01:37 PM,Sarojini,Outside,0,0,0,0,12:01 PM,02:54 PM,134.17,72,6.61,None,0,0,1,7
S3041,2026-04-11,06:25 PM,Ganga,Library,0,0,06:01 PM,07:35 PM,05:49 PM,08:31 PM,560.41,102,16.4,None,0,0,0,7
S3042,2026-04-25,07:25 PM,Rajendra,Mess,07:20 PM,07:54 PM,0,0,0,0,347.42,31,36.58,Dinner,0,0,1,3
S3043,2026-04-22,05:50 PM,Yamuna,Library,0,0,03:06 PM,09:24 PM,02:57 PM,10:20 PM,812.39,138,31.93,None,0,0,1,7
S3044,2026-04-26,01:17 PM,Rajendra,Hostel,0,0,0,0,0,0,371.7,32,18.88,None,1,0,1,7
S3045,2026-04-15,02:12 PM,Azad,Mess,02:12 PM,02:55 PM,0,0,0,0,390.37,198,63.87,Lunch,0,0,0,6
S3046,2026-04-29,08:41 PM,Sarojini,Mess,08:26 PM,09:01 PM,0,0,0,0,539.12,159,53.93,Dinner,0,0,1,5
S3047,2026-04-12,08:14 PM,Rajendra,Mess,07:37 PM,08:26 PM,0,0,0,0,351.89,72,26.85,Dinner,0,0,0,7
S3048,2026-04-26,03:17 PM,Yamuna,Outside,0,0,0,0,01:29 PM,04:43 PM,131.49,88,10.82,None,1,0,1,4
S3049,2026-04-09,10:43 AM,Ganga,Classroom,0,0,0,0,10:27 AM,12:32 PM,321.57,84,6.02,None,1,1,0,15
S3050,2026-04-28,05:52 PM,Yamuna,Library,0,0,04:53 PM,10:58 PM,04:45 PM,11:12 PM,656.97,28,17.56,None,0,0,1,6
S3051,2026-04-18,07:16 AM,Yamuna,Hostel,0,0,0,0,0,0,225.26,38,28.23,None,0,0,0,4
S3052,2026-04-20,06:52 PM,Rajendra,Classroom,0,0,0,0,06:13 PM,08:48 PM,105.1,177,11.39,None,1,1,1,4
S3053,2026-04-18,08:38 AM,Ganga,Mess,07:44 AM,08:38 AM,0,0,0,0,332.68,70,43.03,Breakfast,0,0,0,6
S3054,2026-04-22,09:47 AM,Yamuna,Mess,09:28 AM,09:54 AM,0,0,0,0,406.64,52,34.14,Breakfast,0,0,1,4
S3055,2026-04-18,01:26 PM,Yamuna,Mess,01:21 PM,02:03 PM,0,0,0,0,363.14,157,50.48,Lunch,0,0,0,8
S3056,2026-04-09,02:55 PM,Sarojini,Mess,02:35 PM,03:28 PM,0,0,0,0,603.85,71,39.62,Lunch,1,0,0,4
S3057,2026-04-07,09:13 AM,Sarojini,Mess,08:50 AM,09:31 AM,0,0,0,0,400.29,163,37.64,Breakfast,1,1,0,8
S3058,2026-04-29,04:14 PM,Ganga,Library,0,0,12:38 PM,05:56 PM,12:08 PM,06:55 PM,886.47,134,17.92,None,0,0,1,5
S3059,2026-04-15,03:06 PM,Ganga,Mess,02:14 PM,03:14 PM,0,0,0,0,338.98,124,51.96,Lunch,1,0,0,6
S3060,2026-04-24,09:57 AM,Yamuna,Mess,09:33 AM,10:03 AM,0,0,0,0,405.62,105,33.92,Breakfast,0,0,1,3
S3061,2026-04-02,12:49 PM,Ganga,Mess,12:47 PM,01:11 PM,0,0,0,0,459.12,114,39.29,Lunch,1,0,0,6
S3062,2026-04-02,06:07 PM,Ganga,Outside,0,0,0,0,04:40 PM,08:04 PM,311.57,138,19.27,None,0,0,0,6
S3063,2026-04-20,08:16 AM,Rajendra,Mess,07:38 AM,08:38 AM,0,0,0,0,556.87,65,38.48,Breakfast,0,0,1,3
S3064,2026-04-29,08:44 PM,Ganga,Outside,0,0,0,0,07:37 PM,11:37 PM,357.68,124,10.75,None,0,0,1,4
S3065,2026-04-14,03:13 AM,Sarojini,Hostel,0,0,0,0,0,0,282.09,55,23.73,None,0,0,0,7
S3066,2026-04-12,09:52 PM,Ganga,Library,0,0,09:23 PM,11:41 PM,08:58 PM,11:51 PM,490.07,90,19.98,None,0,0,0,7
S3067,2026-04-04,01:07 PM,Sarojini,Hostel,0,0,0,0,0,0,392.76,28,14.94,None,0,0,0,8
S3068,2026-04-24,02:08 PM,Azad,Library,0,0,09:20 AM,05:13 PM,09:15 AM,05:46 PM,912.04,195,16.4,None,1,0,1,5
S3069,2026-04-24,01:47 PM,Ganga,Library,0,0,12:29 PM,06:33 PM,12:12 PM,06:49 PM,785.9,65,9.8,None,0,0,1,7
S3070,2026-04-13,03:12 PM,Ganga,Mess,02:36 PM,03:18 PM,0,0,0,0,329.06,105,40.89,Lunch,1,0,0,6
S3071,2026-04-06,09:05 PM,Yamuna,Outside,0,0,0,0,07:40 PM,10:09 PM,120.89,26,1.87,None,0,0,0,5
S3072,2026-04-17,01:47 PM,Azad,Library,0,0,01:32 PM,03:46 PM,01:26 PM,04:24 PM,940.01,15,6.66,None,1,0,0,8
S3073,2026-04-30,02:33 PM,Rajendra,Mess,02:32 PM,03:10 PM,0,0,0,0,512.84,54,43.37,Lunch,1,0,1,6
S3074,2026-04-24,01:34 PM,Azad,Library,0,0,01:01 PM,08:22 PM,12:32 PM,08:55 PM,609.44,141,30.6,None,1,0,1,4
S3075,2026-04-21,05:03 PM,Rajendra,Library,0,0,01:21 PM,08:20 PM,12:51 PM,09:09 PM,817.89,104,21.65,None,0,0,1,3
S3076,2026-04-10,01:19 PM,Rajendra,Library,0,0,12:14 PM,01:33 PM,12:02 PM,02:18 PM,682.11,198,39.36,None,0,0,0,6
S3077,2026-04-28,04:42 PM,Rajendra,Library,0,0,01:37 PM,07:11 PM,01:23 PM,07:31 PM,627.7,179,19.92,None,1,1,1,5
S3078,2026-04-01,10:04 PM,Yamuna,Library,0,0,09:57 PM,11:49 PM,09:47 PM,11:59 PM,612.99,73,16.03,None,0,0,0,16
S3079,2026-04-10,10:04 AM,Rajendra,Mess,09:28 AM,10:18 AM,0,0,0,0,390.56,103,42.05,Breakfast,1,1,0,7
S3080,2026-04-06,03:25 PM,Rajendra,Library,0,0,02:38 PM,04:38 PM,02:13 PM,05:00 PM,569.5,84,10.76,None,0,0,0,8
S3081,2026-04-26,10:19 PM,Sarojini,Mess,09:47 PM,10:41 PM,0,0,0,0,358.98,115,38.79,Dinner,0,0,1,4
S3082,2026-04-27,07:42 PM,Sarojini,Mess,07:21 PM,07:46 PM,0,0,0,0,466.98,126,30.37,Dinner,0,0,1,6
S3083,2026-04-13,10:58 PM,Rajendra,Hostel,0,0,0,0,0,0,679.0,147,22.58,None,0,0,0,8
S3084,2026-04-20,11:22 PM,Azad,Library,0,0,09:46 PM,11:59 PM,09:33 PM,11:59 PM,651.8,33,13.03,None,0,0,1,7
S3085,2026-04-09,09:35 PM,Sarojini,Mess,09:06 PM,09:50 PM,0,0,0,0,420.18,175,48.37,Dinner,0,0,0,5
S3086,2026-04-26,05:42 PM,Yamuna,Classroom,0,0,0,0,05:25 PM,06:15 PM,331.44,87,11.7,None,1,1,1,8
S3087,2026-04-21,12:42 PM,Azad,Library,0,0,09:18 AM,05:38 PM,09:11 AM,06:15 PM,528.83,143,27.76,None,0,0,1,5
S3088,2026-04-30,09:06 PM,Sarojini,Library,0,0,06:39 PM,11:59 PM,06:21 PM,11:59 PM,926.4,72,19.5,None,0,0,1,7
S3089,2026-04-19,05:39 PM,Yamuna,Outside,0,0,0,0,04:58 PM,07:20 PM,275.94,193,21.55,None,0,0,0,9
S3090,2026-04-11,11:41 AM,Sarojini,Library,0,0,09:25 AM,11:46 AM,09:13 AM,12:05 PM,754.83,153,34.69,None,0,0,0,7
S3091,2026-04-26,04:08 PM,Yamuna,Library,0,0,11:00 AM,06:08 PM,10:43 AM,06:26 PM,844.64,77,19.24,None,0,0,1,4
S3092,2026-04-25,08:11 PM,Yamuna,Outside,0,0,0,0,07:16 PM,09:11 PM,175.91,54,6.69,None,0,0,1,4
S3093,2026-04-01,06:30 PM,Ganga,Library,0,0,05:18 PM,06:59 PM,04:56 PM,07:22 PM,883.38,20,10.12,None,0,0,0,12
S3094,2026-04-18,07:49 AM,Ganga,Mess,07:29 AM,07:49 AM,0,0,0,0,565.43,118,38.68,Breakfast,0,0,0,9
S3095,2026-04-29,08:52 PM,Rajendra,Mess,08:10 PM,09:01 PM,0,0,0,0,339.53,37,42.25,Dinner,0,0,1,4
S3096,2026-04-04,06:05 AM,Azad,Outside,0,0,0,0,05:05 AM,08:43 AM,319.42,118,8.92,None,0,0,0,7
S3097,2026-04-03,10:01 PM,Sarojini,Mess,09:35 PM,10:14 PM,0,0,0,0,288.47,112,38.08,Dinner,0,0,0,8
S3098,2026-04-06,06:17 PM,Rajendra,Library,0,0,05:16 PM,07:08 PM,04:48 PM,07:21 PM,888.93,181,38.14,None,0,0,0,7
S3099,2026-04-15,11:09 AM,Yamuna,Library,0,0,10:11 AM,11:21 AM,09:45 AM,11:52 AM,591.87,87,23.49,None,1,0,0,6
S3100,2026-04-29,08:58 PM,Azad,Mess,08:48 PM,09:09 PM,0,0,0,0,396.03,184,49.64,Dinner,0,0,1,3
S3101,2026-04-21,05:41 AM,Yamuna,Hostel,0,0,0,0,0,0,261.43,52,31.31,None,0,0,1,5
S3102,2026-04-23,08:25 PM,Azad,Mess,08:06 PM,08:45 PM,0,0,0,0,541.37,27,37.23,Dinner,0,0,1,3
S3103,2026-04-20,01:02 PM,Yamuna,Mess,12:50 PM,01:32 PM,0,0,0,0,423.73,128,45.92,Lunch,0,0,1,4
S3104,2026-04-20,08:28 PM,Sarojini,Hostel,0,0,0,0,0,0,1093.05,48,26.9,None,0,0,1,5
S3105,2026-04-23,03:31 PM,Yamuna,Library,0,0,01:34 PM,09:48 PM,01:12 PM,09:58 PM,670.33,153,22.36,None,0,0,1,5
S3106,2026-04-27,04:17 PM,Azad,Library,0,0,01:07 PM,06:53 PM,12:48 PM,07:22 PM,723.56,15,15.08,None,0,0,1,6
S3107,2026-04-21,05:36 PM,Ganga,Library,0,0,04:00 PM,11:29 PM,03:45 PM,11:50 PM,628.28,21,13.09,None,0,0,1,4
S3108,2026-04-20,12:22 AM,Yamuna,Outside,0,0,0,0,0,01:55 AM,105.76,124,11.47,None,0,0,1,5
S3109,2026-04-24,07:48 PM,Sarojini,Mess,07:39 PM,08:34 PM,0,0,0,0,367.9,138,40.26,Dinner,0,0,1,3
S3110,2026-04-11,01:44 PM,Yamuna,Mess,01:37 PM,02:08 PM,0,0,0,0,523.4,18,32.27,Lunch,1,0,0,8
S3111,2026-04-29,07:18 PM,Azad,Library,0,0,03:51 PM,11:12 PM,03:45 PM,11:59 PM,816.88,84,15.85,None,0,0,1,4
S3112,2026-04-08,03:29 PM,Sarojini,Mess,02:49 PM,03:32 PM,0,0,0,0,431.78,143,43.23,Lunch,1,0,0,5
S3113,2026-04-13,12:27 AM,Ganga,Hostel,0,0,0,0,0,0,266.25,130,30.96,None,0,0,0,7
S3114,2026-04-30,09:08 PM,Sarojini,Hostel,0,0,0,0,0,0,1330.31,172,33.69,None,0,0,1,4
S3115,2026-04-27,02:19 PM,Ganga,Hostel,0,0,0,0,0,0,151.44,195,36.31,None,0,0,1,4
S3116,2026-04-29,07:43 PM,Rajendra,Mess,07:32 PM,08:28 PM,0,0,0,0,461.42,78,35.81,Dinner,0,0,1,3
S3117,2026-04-05,01:22 PM,Rajendra,Library,0,0,12:39 PM,02:58 PM,12:32 PM,03:58 PM,801.84,60,10.57,None,0,0,0,7
S3118,2026-04-28,09:26 AM,Yamuna,Mess,09:18 AM,09:44 AM,0,0,0,0,240.47,185,47.86,Breakfast,0,0,1,6
S3119,2026-04-03,10:11 AM,Rajendra,Mess,09:45 AM,10:15 AM,0,0,0,0,487.08,147,40.38,Breakfast,0,0,0,8
S3120,2026-04-08,08:08 AM,Yamuna,Mess,07:52 AM,08:17 AM,0,0,0,0,443.58,118,48.89,Breakfast,0,0,0,8
S3121,2026-04-16,01:38 PM,Azad,Library,0,0,01:12 PM,01:53 PM,12:42 PM,02:11 PM,611.93,155,25.91,None,1,0,0,8
S3122,2026-04-12,09:44 AM,Azad,Library,0,0,09:20 AM,10:11 AM,09:01 AM,10:34 AM,1035.85,45,14.26,None,0,0,0,10
S3123,2026-04-02,08:16 PM,Azad,Mess,07:37 PM,08:30 PM,0,0,0,0,609.54,48,38.42,Dinner,0,0,0,9
S3124,2026-04-05,04:58 PM,Rajendra,Library,0,0,04:56 PM,07:06 PM,04:51 PM,07:29 PM,875.02,17,8.96,None,1,1,0,8
S3125,2026-04-27,07:27 PM,Sarojini,Mess,07:22 PM,07:47 PM,0,0,0,0,431.93,114,55.05,Dinner,0,0,1,7
S3126,2026-04-08,01:30 PM,Yamuna,Mess,01:14 PM,01:51 PM,0,0,0,0,307.13,95,36.19,Lunch,0,0,0,7
S3127,2026-04-17,02:54 AM,Yamuna,Outside,0,0,0,0,01:20 AM,04:32 AM,140.0,70,6.88,None,0,0,0,6
S3128,2026-04-18,11:45 AM,Rajendra,Library,0,0,11:04 AM,12:31 PM,10:53 AM,01:04 PM,862.95,105,26.61,None,0,0,0,10
S3129,2026-04-28,12:27 PM,Azad,Library,0,0,10:22 AM,03:23 PM,09:53 AM,03:35 PM,794.95,88,17.07,None,0,0,1,6
S3130,2026-05-01,02:07 PM,Azad,Mess,01:54 PM,02:32 PM,0,0,0,0,460.13,86,45.09,Lunch,0,0,0,7
S3131,2026-04-24,07:27 AM,Ganga,Mess,07:02 AM,07:51 AM,0,0,0,0,529.55,93,33.04,Breakfast,0,0,1,5
S3132,2026-04-18,12:46 AM,Sarojini,Outside,0,0,0,0,0,01:58 AM,245.03,129,7.78,None,0,0,0,7
S3133,2026-04-28,09:57 PM,Ganga,Mess,09:38 PM,10:12 PM,0,0,0,0,427.91,130,44.07,Dinner,0,0,1,6
S3134,2026-04-20,06:29 PM,Azad,Library,0,0,05:03 PM,11:01 PM,04:55 PM,11:47 PM,921.29,121,19.36,None,0,0,1,6
S3135,2026-04-15,12:02 AM,Azad,Outside,0,0,0,0,0,01:56 AM,253.42,199,10.45,None,0,0,0,6
S3136,2026-04-24,03:35 PM,Rajendra,Library,0,0,12:06 PM,06:45 PM,12:01 PM,07:10 PM,723.65,147,23.86,None,0,0,1,7
S3137,2026-04-17,12:57 AM,Sarojini,Outside,0,0,0,0,0,02:56 AM,384.3,199,16.86,None,0,0,0,7
S3138,2026-04-24,08:34 PM,Ganga,Library,0,0,03:47 PM,09:51 PM,03:26 PM,10:36 PM,737.6,172,34.08,None,0,0,1,6
S3139,2026-04-25,11:18 AM,Yamuna,Hostel,0,0,0,0,0,0,359.81,94,18.42,None,0,0,1,5
S3140,2026-04-27,07:49 AM,Azad,Mess,07:32 AM,07:53 AM,0,0,0,0,490.06,149,51.03,Breakfast,0,0,1,4
S3141,2026-04-11,07:14 PM,Ganga,Mess,07:05 PM,07:32 PM,0,0,0,0,421.73,50,30.02,Dinner,0,0,0,7
S3142,2026-04-04,07:58 AM,Yamuna,Mess,07:56 AM,08:53 AM,0,0,0,0,337.04,11,26.94,Breakfast,0,0,0,6
S3143,2026-04-02,04:07 PM,Azad,Hostel,0,0,0,0,0,0,270.88,74,23.75,None,0,0,0,4
S3144,2026-04-26,04:54 AM,Azad,Outside,0,0,0,0,03:13 AM,07:02 AM,203.79,145,10.5,None,0,0,1,3
S3145,2026-04-29,08:12 PM,Yamuna,Mess,08:00 PM,08:38 PM,0,0,0,0,532.81,128,37.03,Dinner,0,0,1,6
S3146,2026-04-22,11:00 PM,Sarojini,Library,0,0,08:59 PM,11:59 PM,08:47 PM,11:59 PM,662.0,193,36.51,None,0,0,1,4
S3147,2026-04-10,08:27 PM,Rajendra,Library,0,0,07:33 PM,09:56 PM,07:23 PM,10:09 PM,611.83,62,18.85,None,0,0,0,13
S3148,2026-04-02,01:40 AM,Ganga,Hostel,0,0,0,0,0,0,236.07,54,15.96,None,0,0,0,5
S3149,2026-04-08,10:50 AM,Yamuna,Library,0,0,09:32 AM,12:04 PM,09:19 AM,12:28 PM,984.34,59,16.63,None,0,0,0,7
S3150,2026-04-03,08:01 AM,Azad,Mess,07:52 AM,08:40 AM,0,0,0,0,317.46,23,23.27,Breakfast,0,0,0,3
S3151,2026-04-14,06:25 PM,Rajendra,Library,0,0,06:08 PM,06:59 PM,05:57 PM,07:17 PM,598.03,125,16.53,None,0,0,0,7
S3152,2026-04-10,06:33 PM,Sarojini,Library,0,0,06:19 PM,08:33 PM,05:57 PM,09:24 PM,639.53,33,18.37,None,0,0,0,8
S3153,2026-04-14,11:19 AM,Azad,Outside,0,0,0,0,09:44 AM,01:43 PM,250.21,71,6.53,None,0,0,0,7
S3154,2026-04-24,06:42 PM,Sarojini,Classroom,0,0,0,0,06:24 PM,08:06 PM,196.26,92,12.96,None,1,1,1,5
S3155,2026-04-15,07:17 PM,Sarojini,Outside,0,0,0,0,05:51 PM,08:55 PM,244.58,174,14.1,None,0,0,0,7
S3156,2026-04-06,11:08 PM,Rajendra,Library,0,0,10:04 PM,11:59 PM,09:46 PM,11:59 PM,671.07,171,27.36,None,0,0,0,6
S3157,2026-04-02,10:52 PM,Azad,Hostel,0,0,0,0,0,0,1187.1,175,30.73,None,0,0,0,11
S3158,2026-04-01,06:34 AM,Rajendra,Outside,0,0,0,0,04:56 AM,09:33 AM,107.6,179,18.45,None,0,0,0,3
S3159,2026-04-22,09:34 PM,Azad,Mess,08:58 PM,09:43 PM,0,0,0,0,354.69,149,40.61,Dinner,0,0,1,7
S3160,2026-04-17,08:07 PM,Azad,Outside,0,0,0,0,06:29 PM,09:07 PM,187.87,179,19.64,None,0,0,0,9
S3161,2026-04-10,10:14 PM,Yamuna,Mess,09:59 PM,10:57 PM,0,0,0,0,413.69,92,43.71,Dinner,0,0,0,6
S3162,2026-04-26,08:50 PM,Ganga,Mess,08:42 PM,09:22 PM,0,0,0,0,400.82,128,35.54,Dinner,0,0,1,8
S3163,2026-04-27,01:46 PM,Ganga,Library,0,0,10:50 AM,04:05 PM,10:23 AM,04:28 PM,721.47,147,23.94,None,1,0,1,4
S3164,2026-04-01,11:09 AM,Rajendra,Hostel,0,0,0,0,0,0,322.8,47,27.48,None,1,0,0,7
S3165,2026-04-14,04:44 AM,Yamuna,Hostel,0,0,0,0,0,0,354.86,115,27.83,None,0,0,0,7
S3166,2026-04-08,03:01 PM,Rajendra,Library,0,0,01:19 PM,03:13 PM,12:56 PM,03:34 PM,847.15,67,14.28,None,1,0,0,7
S3167,2026-04-16,09:45 PM,Rajendra,Mess,09:45 PM,10:38 PM,0,0,0,0,325.65,14,38.83,Dinner,0,0,0,14
S3168,2026-04-05,01:55 PM,Rajendra,Mess,01:15 PM,02:15 PM,0,0,0,0,353.43,162,46.11,Lunch,0,0,0,6
S3169,2026-04-13,05:57 PM,Azad,Library,0,0,04:53 PM,06:28 PM,04:34 PM,07:28 PM,1049.73,48,18.15,None,0,0,0,7
S3170,2026-04-30,11:42 PM,Azad,Library,0,0,06:35 PM,11:59 PM,06:22 PM,11:59 PM,875.29,154,21.28,None,0,0,1,3
S3171,2026-04-04,05:54 AM,Azad,Hostel,0,0,0,0,0,0,141.25,99,23.34,None,0,0,0,6
S3172,2026-04-30,08:27 PM,Sarojini,Mess,07:58 PM,08:43 PM,0,0,0,0,306.3,200,40.99,Dinner,0,0,1,5
S3173,2026-04-27,10:34 PM,Ganga,Library,0,0,10:08 PM,11:59 PM,09:43 PM,11:59 PM,1047.9,189,33.89,None,0,0,1,5
S3174,2026-04-18,08:42 PM,Yamuna,Mess,07:52 PM,08:52 PM,0,0,0,0,464.13,180,62.91,Dinner,0,0,0,7
S3175,2026-04-10,07:17 AM,Azad,Mess,07:00 AM,07:20 AM,0,0,0,0,527.07,184,50.08,Breakfast,0,0,0,7
S3176,2026-04-12,10:20 AM,Azad,Library,0,0,09:50 AM,12:42 PM,09:27 AM,01:42 PM,691.6,93,23.2,None,0,0,0,6
S3177,2026-04-29,09:56 PM,Rajendra,Library,0,0,09:31 PM,11:59 PM,09:21 PM,11:59 PM,1035.86,143,27.85,None,0,0,1,3
S3178,2026-04-24,02:17 PM,Sarojini,Hostel,0,0,0,0,0,0,207.02,198,33.85,None,1,0,1,4
S3179,2026-04-12,08:53 PM,Sarojini,Library,0,0,07:51 PM,09:29 PM,07:41 PM,10:07 PM,605.6,80,17.32,None,0,0,0,6
S3180,2026-04-22,02:57 PM,Ganga,Library,0,0,09:52 AM,03:01 PM,09:46 AM,03:37 PM,1049.08,162,18.48,None,1,0,1,5
S3181,2026-04-16,03:36 PM,Ganga,Library,0,0,02:51 PM,04:57 PM,02:28 PM,05:26 PM,832.77,181,30.15,None,0,0,0,6
S3182,2026-04-10,09:47 PM,Yamuna,Library,0,0,07:50 PM,09:49 PM,07:20 PM,10:09 PM,711.24,67,17.91,None,0,0,0,7
S3183,2026-04-19,09:20 AM,Rajendra,Mess,09:13 AM,09:41 AM,0,0,0,0,520.25,114,38.04,Breakfast,0,0,0,7
S3184,2026-04-27,09:24 PM,Rajendra,Mess,08:38 PM,09:37 PM,0,0,0,0,538.2,103,36.4,Dinner,0,0,1,5
S3185,2026-05-01,12:37 PM,Sarojini,Mess,12:34 PM,01:01 PM,0,0,0,0,499.61,194,49.68,Lunch,0,0,0,4
S3186,2026-04-10,05:23 AM,Yamuna,Outside,0,0,0,0,03:57 AM,07:34 AM,207.6,196,13.36,None,0,0,0,16
S3187,2026-04-22,09:55 PM,Sarojini,Library,0,0,07:13 PM,11:59 PM,06:50 PM,11:59 PM,710.08,128,21.12,None,0,0,1,8
S3188,2026-04-20,12:04 PM,Sarojini,Outside,0,0,0,0,10:11 AM,02:36 PM,279.01,146,12.62,None,0,0,1,8
S3189,2026-04-18,02:59 PM,Rajendra,Library,0,0,02:22 PM,03:35 PM,01:54 PM,04:08 PM,708.08,139,33.21,None,0,0,0,3
S3190,2026-04-12,09:32 PM,Azad,Outside,0,0,0,0,08:15 PM,11:31 PM,338.46,155,23.12,None,0,0,0,6
S3191,2026-04-17,07:46 PM,Ganga,Library,0,0,07:41 PM,10:05 PM,07:34 PM,10:48 PM,920.23,19,16.46,None,0,0,0,10
S3192,2026-04-28,10:04 PM,Yamuna,Mess,09:31 PM,10:22 PM,0,0,0,0,570.91,138,42.03,Dinner,0,0,1,6
S3193,2026-04-28,01:54 PM,Ganga,Mess,01:16 PM,02:02 PM,0,0,0,0,656.64,166,53.45,Lunch,1,0,1,4
S3194,2026-04-29,11:36 PM,Azad,Library,0,0,08:23 PM,11:59 PM,08:18 PM,11:59 PM,631.75,180,21.42,None,0,0,1,4
S3195,2026-04-06,01:09 AM,Sarojini,Outside,0,0,0,0,12:17 AM,03:05 AM,311.45,23,2.01,None,0,0,0,6
S3196,2026-04-19,12:02 PM,Rajendra,Library,0,0,10:32 AM,01:22 PM,10:24 AM,02:18 PM,525.81,200,25.34,None,1,0,0,7
S3197,2026-04-01,01:21 PM,Yamuna,Classroom,0,0,0,0,12:52 PM,02:17 PM,120.45,20,1.36,None,1,0,0,7
S3198,2026-04-10,05:36 AM,Sarojini,Hostel,0,0,0,0,0,0,207.76,130,31.11,None,0,0,0,7
S3199,2026-04-04,01:25 PM,Azad,Mess,12:55 PM,01:47 PM,0,0,0,0,363.04,95,26.57,Lunch,1,0,0,7
S3200,2026-04-27,06:40 AM,Yamuna,Outside,0,0,0,0,05:47 AM,09:22 AM,268.89,141,8.43,None,0,0,1,5
S3201,2026-04-13,09:06 AM,Rajendra,Mess,09:04 AM,09:36 AM,0,0,0,0,369.09,165,48.41,Breakfast,1,1,0,7
S3202,2026-04-18,02:03 PM,Rajendra,Classroom,0,0,0,0,01:35 PM,02:53 PM,185.81,93,5.88,None,1,0,0,8
S3203,2026-04-29,09:57 AM,Rajendra,Mess,09:03 AM,09:58 AM,0,0,0,0,379.37,65,33.01,Breakfast,1,1,1,6
S3204,2026-05-01,04:27 PM,Rajendra,Outside,0,0,0,0,02:44 PM,06:25 PM,271.23,186,19.96,None,1,1,0,7
S3205,2026-04-24,01:33 PM,Azad,Mess,01:24 PM,02:07 PM,0,0,0,0,530.47,195,58.0,Lunch,0,0,1,6
S3206,2026-04-01,08:38 PM,Rajendra,Mess,08:06 PM,08:47 PM,0,0,0,0,610.73,23,37.07,Dinner,0,0,0,7
S3207,2026-04-22,08:56 AM,Yamuna,Mess,08:12 AM,09:11 AM,0,0,0,0,498.2,27,39.96,Breakfast,0,0,1,6
S3208,2026-04-29,08:33 AM,Yamuna,Hostel,0,0,0,0,0,0,319.03,114,24.64,None,0,0,1,7
S3209,2026-04-20,03:12 PM,Sarojini,Classroom,0,0,0,0,02:36 PM,04:05 PM,225.7,38,4.98,None,1,0,1,3
S3210,2026-04-22,10:04 PM,Ganga,Mess,09:45 PM,10:40 PM,0,0,0,0,326.59,184,55.79,Dinner,0,0,1,4
S3211,2026-04-03,02:06 PM,Rajendra,Hostel,0,0,0,0,0,0,183.16,24,12.32,None,0,0,0,11
S3212,2026-04-28,10:37 PM,Ganga,Library,0,0,04:52 PM,10:42 PM,04:46 PM,11:02 PM,879.73,191,31.13,None,0,0,1,3
S3213,2026-04-03,11:41 AM,Sarojini,Library,0,0,11:38 AM,01:00 PM,11:19 AM,01:47 PM,857.03,34,18.33,None,0,0,0,8
S3214,2026-04-24,04:53 AM,Ganga,Outside,0,0,0,0,03:55 AM,07:16 AM,185.82,161,21.18,None,0,0,1,7
S3215,2026-04-05,01:18 PM,Yamuna,Mess,12:49 PM,01:26 PM,0,0,0,0,657.73,32,37.27,Lunch,0,0,0,8
S3216,2026-04-14,10:10 PM,Yamuna,Mess,09:55 PM,10:30 PM,0,0,0,0,325.31,111,35.93,Dinner,0,0,0,6
S3217,2026-04-24,01:14 PM,Sarojini,Library,0,0,11:00 AM,07:34 PM,10:39 AM,07:47 PM,673.2,76,17.82,None,0,0,1,3
S3218,2026-04-18,11:46 AM,Yamuna,Library,0,0,10:41 AM,11:52 AM,10:13 AM,12:08 PM,907.92,125,25.74,None,0,0,0,15
S3219,2026-04-06,07:12 PM,Azad,Hostel,0,0,0,0,0,0,295.67,131,31.75,None,0,0,0,16
S3220,2026-04-07,12:17 PM,Azad,Library,0,0,12:12 PM,01:34 PM,11:59 AM,01:57 PM,714.61,92,11.35,None,1,0,0,7
S3221,2026-04-13,06:54 AM,Yamuna,Outside,0,0,0,0,05:58 AM,08:35 AM,357.22,119,17.61,None,0,0,0,8
S3222,2026-04-13,09:51 AM,Sarojini,Mess,09:31 AM,10:03 AM,0,0,0,0,465.48,100,34.52,Breakfast,0,0,0,7
S3223,2026-05-01,10:50 AM,Sarojini,Hostel,0,0,0,0,0,0,344.45,161,34.4,None,1,1,0,7
S3224,2026-04-18,01:38 PM,Rajendra,Library,0,0,12:10 PM,02:29 PM,11:44 AM,02:56 PM,660.59,50,19.32,None,1,0,0,6
S3225,2026-04-22,09:37 AM,Azad,Mess,09:18 AM,10:12 AM,0,0,0,0,561.7,181,55.14,Breakfast,0,0,1,5
S3226,2026-04-11,10:17 PM,Rajendra,Hostel,0,0,0,0,0,0,1258.17,128,18.61,None,0,0,0,8
S3227,2026-04-16,02:59 PM,Yamuna,Mess,02:43 PM,03:10 PM,0,0,0,0,596.38,162,59.26,Lunch,0,0,0,8
S3228,2026-04-16,04:38 AM,Azad,Hostel,0,0,0,0,0,0,268.52,129,22.79,None,0,0,0,6
S3229,2026-04-06,07:22 PM,Rajendra,Outside,0,0,0,0,05:33 PM,09:24 PM,320.06,195,20.64,None,0,0,0,8
S3230,2026-04-28,02:20 PM,Rajendra,Library,0,0,12:32 PM,07:52 PM,12:24 PM,08:14 PM,488.9,89,23.63,None,1,0,1,3
S3231,2026-04-01,03:54 PM,Rajendra,Library,0,0,03:53 PM,04:40 PM,03:23 PM,04:52 PM,577.38,29,13.96,None,0,0,0,9
S3232,2026-04-01,05:25 PM,Sarojini,Library,0,0,03:53 PM,05:30 PM,03:47 PM,06:21 PM,756.76,67,13.59,None,0,0,0,7
S3233,2026-04-24,09:38 PM,Sarojini,Hostel,0,0,0,0,0,0,1165.9,193,40.11,None,0,0,1,4
S3234,2026-04-22,08:21 PM,Azad,Outside,0,0,0,0,06:33 PM,09:40 PM,242.27,52,4.84,None,0,0,1,5
S3235,2026-04-14,10:56 PM,Sarojini,Library,0,0,09:07 PM,11:22 PM,08:52 PM,11:54 PM,1005.8,182,34.22,None,0,0,0,6
S3236,2026-04-27,10:01 PM,Azad,Library,0,0,07:48 PM,11:59 PM,07:21 PM,11:59 PM,881.23,62,16.93,None,0,0,1,4
S3237,2026-04-10,06:31 AM,Yamuna,Outside,0,0,0,0,05:28 AM,08:10 AM,304.61,127,15.87,None,0,0,0,6
S3238,2026-04-17,02:04 AM,Yamuna,Hostel,0,0,0,0,0,0,382.83,107,29.48,None,0,0,0,8
S3239,2026-04-09,08:13 AM,Yamuna,Outside,0,0,0,0,07:26 AM,10:58 AM,284.6,27,1.47,None,0,0,0,9
S3240,2026-04-22,07:16 PM,Rajendra,Hostel,0,0,0,0,0,0,337.01,193,39.0,None,0,0,1,3
S3241,2026-04-27,01:43 PM,Ganga,Mess,01:23 PM,02:13 PM,0,0,0,0,493.96,77,38.44,Lunch,0,0,1,6
S3242,2026-05-01,10:07 PM,Sarojini,Mess,09:51 PM,10:35 PM,0,0,0,0,606.93,143,27.93,Dinner,0,0,0,4
S3243,2026-04-18,01:21 PM,Ganga,Mess,01:00 PM,01:26 PM,0,0,0,0,580.3,115,33.71,Lunch,0,0,0,6
S3244,2026-04-05,09:17 AM,Rajendra,Mess,09:01 AM,09:41 AM,0,0,0,0,452.08,173,48.58,Breakfast,1,1,0,16
S3245,2026-04-10,10:53 PM,Sarojini,Library,0,0,09:55 PM,11:59 PM,09:39 PM,11:59 PM,643.18,175,20.51,None,0,0,0,8
S3246,2026-04-10,09:03 AM,Azad,Hostel,0,0,0,0,0,0,172.82,75,19.49,None,0,0,0,6
S3247,2026-04-26,01:10 PM,Ganga,Mess,01:01 PM,01:50 PM,0,0,0,0,667.93,29,26.68,Lunch,0,0,1,3
S3248,2026-04-28,08:52 AM,Rajendra,Mess,08:23 AM,09:05 AM,0,0,0,0,468.94,61,44.89,Breakfast,0,0,1,3
S3249,2026-04-01,08:47 PM,Rajendra,Hostel,0,0,0,0,0,0,1107.12,140,39.94,None,0,0,0,7
S3250,2026-04-05,01:29 PM,Yamuna,Library,0,0,01:23 PM,03:36 PM,12:57 PM,04:26 PM,524.19,44,18.38,None,1,0,0,10
S3251,2026-04-01,02:06 PM,Rajendra,Library,0,0,01:56 PM,02:35 PM,01:50 PM,02:57 PM,790.51,28,15.85,None,1,0,0,7
S3252,2026-04-01,04:44 PM,Rajendra,Outside,0,0,0,0,03:54 PM,07:37 PM,258.72,198,21.17,None,1,1,0,7
S3253,2026-04-19,06:20 AM,Sarojini,Hostel,0,0,0,0,0,0,377.48,150,32.1,None,0,0,0,8
S3254,2026-04-02,04:50 PM,Azad,Classroom,0,0,0,0,04:31 PM,06:48 PM,197.32,122,13.26,None,1,1,0,9
S3255,2026-04-06,03:21 AM,Ganga,Hostel,0,0,0,0,0,0,338.69,63,17.88,None,0,0,0,8
S3256,2026-04-20,10:29 PM,Azad,Mess,09:53 PM,10:44 PM,0,0,0,0,370.22,70,47.8,Dinner,0,0,1,6
S3257,2026-04-20,01:10 PM,Sarojini,Mess,12:59 PM,01:36 PM,0,0,0,0,559.43,186,46.2,Lunch,1,0,1,6
S3258,2026-04-02,01:26 AM,Yamuna,Hostel,0,0,0,0,0,0,105.77,152,37.93,None,0,0,0,4
S3259,2026-04-01,01:14 AM,Yamuna,Outside,0,0,0,0,12:03 AM,04:04 AM,135.33,163,9.94,None,0,0,0,3
S3260,2026-04-28,12:38 PM,Yamuna,Outside,0,0,0,0,11:25 AM,02:27 PM,190.17,106,7.77,None,0,0,1,6
S3261,2026-04-23,08:57 PM,Sarojini,Hostel,0,0,0,0,0,0,919.78,140,30.28,None,0,0,1,5
S3262,2026-04-27,11:18 PM,Yamuna,Library,0,0,07:25 PM,11:59 PM,07:03 PM,11:59 PM,759.4,171,31.41,None,0,0,1,3
S3263,2026-04-17,01:03 PM,Azad,Mess,12:47 PM,01:18 PM,0,0,0,0,365.1,141,52.35,Lunch,0,0,0,8
S3264,2026-04-12,12:36 PM,Sarojini,Mess,12:35 PM,12:55 PM,0,0,0,0,514.78,197,42.06,Lunch,1,0,0,5
S3265,2026-04-08,01:41 PM,Sarojini,Outside,0,0,0,0,01:10 PM,03:19 PM,234.42,164,8.77,None,1,0,0,7
S3266,2026-04-27,12:12 PM,Sarojini,Mess,12:07 PM,12:44 PM,0,0,0,0,642.89,179,43.44,Lunch,0,0,1,4
S3267,2026-04-03,06:18 PM,Ganga,Library,0,0,06:07 PM,06:52 PM,05:49 PM,07:11 PM,959.0,28,9.06,None,0,0,0,4
S3268,2026-04-17,06:18 PM,Yamuna,Outside,0,0,0,0,04:51 PM,07:51 PM,180.24,195,17.97,None,0,0,0,6
S3269,2026-04-03,09:36 AM,Sarojini,Classroom,0,0,0,0,09:15 AM,10:45 AM,320.14,95,14.2,None,1,1,0,7
S3270,2026-04-22,01:41 PM,Yamuna,Library,0,0,12:33 PM,06:18 PM,12:21 PM,06:43 PM,556.44,27,8.59,None,0,0,1,6
S3271,2026-04-30,02:15 PM,Yamuna,Mess,01:55 PM,02:26 PM,0,0,0,0,602.92,198,58.64,Lunch,0,0,1,4
S3272,2026-04-23,07:09 PM,Rajendra,Library,0,0,03:51 PM,08:55 PM,03:21 PM,09:15 PM,960.72,129,28.47,None,0,0,1,8
S3273,2026-04-19,08:56 AM,Yamuna,Outside,0,0,0,0,08:16 AM,11:09 AM,336.11,190,14.88,None,0,0,0,8
S3274,2026-04-25,11:50 PM,Azad,Library,0,0,08:25 PM,11:59 PM,08:04 PM,11:59 PM,643.53,182,17.45,None,0,0,1,5
S3275,2026-04-29,08:51 PM,Yamuna,Library,0,0,06:22 PM,11:57 PM,05:56 PM,11:59 PM,618.64,92,19.65,None,0,0,1,4
S3276,2026-04-29,04:54 AM,Sarojini,Outside,0,0,0,0,03:10 AM,07:24 AM,249.2,121,13.85,None,0,0,1,6
S3277,2026-04-19,06:41 AM,Azad,Hostel,0,0,0,0,0,0,136.06,84,30.8,None,0,0,0,8
S3278,2026-04-11,02:24 PM,Yamuna,Mess,02:10 PM,02:34 PM,0,0,0,0,366.62,31,38.82,Lunch,1,0,0,8
S3279,2026-04-18,07:50 PM,Sarojini,Library,0,0,07:28 PM,09:15 PM,07:21 PM,09:58 PM,573.69,154,29.49,None,0,0,0,5
S3280,2026-04-07,08:17 AM,Azad,Mess,07:45 AM,08:23 AM,0,0,0,0,541.69,165,35.17,Breakfast,0,0,0,6
S3281,2026-04-13,03:11 PM,Rajendra,Library,0,0,02:15 PM,03:48 PM,02:08 PM,04:42 PM,784.84,57,11.39,None,1,0,0,6
S3282,2026-04-27,08:22 PM,Yamuna,Mess,08:02 PM,08:49 PM,0,0,0,0,456.52,90,33.82,Dinner,0,0,1,6
S3283,2026-04-25,09:56 AM,Yamuna,Classroom,0,0,0,0,09:27 AM,11:13 AM,176.84,10,1.41,None,1,1,1,8
S3284,2026-04-02,02:35 PM,Rajendra,Library,0,0,12:52 PM,03:36 PM,12:32 PM,04:29 PM,782.27,135,21.91,None,1,0,0,6
S3285,2026-04-12,02:41 AM,Ganga,Hostel,0,0,0,0,0,0,203.69,152,33.71,None,0,0,0,7
S3286,2026-04-06,12:07 PM,Ganga,Mess,12:04 PM,12:52 PM,0,0,0,0,571.3,95,39.65,Lunch,1,0,0,8
S3287,2026-04-04,09:44 AM,Rajendra,Library,0,0,09:09 AM,10:36 AM,08:50 AM,11:05 AM,678.05,127,19.21,None,1,1,0,9
S3288,2026-04-27,02:25 PM,Azad,Mess,01:58 PM,02:31 PM,0,0,0,0,624.78,97,42.51,Lunch,1,0,1,5
S3289,2026-04-19,04:12 PM,Azad,Library,0,0,03:57 PM,05:26 PM,03:34 PM,06:12 PM,659.98,64,11.26,None,1,1,0,7
S3290,2026-04-24,10:16 PM,Yamuna,Library,0,0,08:37 PM,11:59 PM,08:14 PM,11:59 PM,655.35,132,26.87,None,0,0,1,7
S3291,2026-04-09,12:13 AM,Ganga,Hostel,0,0,0,0,0,0,254.77,166,31.53,None,0,0,0,8
S3292,2026-04-09,06:30 PM,Rajendra,Library,0,0,04:56 PM,07:45 PM,04:33 PM,08:04 PM,674.96,141,31.41,None,0,0,0,9
S3293,2026-04-28,07:43 AM,Sarojini,Mess,07:28 AM,07:58 AM,0,0,0,0,505.63,163,53.34,Breakfast,0,0,1,4
S3294,2026-04-29,06:27 AM,Rajendra,Outside,0,0,0,0,05:03 AM,08:25 AM,173.94,84,7.1,None,0,0,1,3
S3295,2026-04-09,11:46 AM,Rajendra,Library,0,0,11:29 AM,12:50 PM,11:16 AM,01:15 PM,514.3,124,23.86,None,0,0,0,8
S3296,2026-04-27,07:56 AM,Azad,Mess,07:46 AM,08:40 AM,0,0,0,0,373.78,42,41.83,Breakfast,0,0,1,8
S3297,2026-04-01,02:03 PM,Azad,Library,0,0,01:03 PM,02:39 PM,12:44 PM,03:05 PM,735.24,120,25.71,None,1,0,0,7
S3298,2026-04-18,05:17 AM,Yamuna,Hostel,0,0,0,0,0,0,251.58,141,36.78,None,0,0,0,6
S3299,2026-04-14,07:30 PM,Rajendra,Library,0,0,05:56 PM,08:19 PM,05:41 PM,09:08 PM,784.87,171,30.99,None,0,0,0,6
S3300,2026-04-05,12:20 PM,Ganga,Hostel,0,0,0,0,0,0,169.54,140,36.14,None,0,0,0,8
S3301,2026-04-08,10:30 PM,Yamuna,Library,0,0,09:28 PM,11:05 PM,09:01 PM,11:32 PM,618.96,32,10.15,None,0,0,0,8
S3302,2026-04-22,10:56 PM,Yamuna,Hostel,0,0,0,0,0,0,971.35,110,28.34,None,0,0,1,5
S3303,2026-04-29,03:08 PM,Rajendra,Outside,0,0,0,0,01:39 PM,05:07 PM,186.03,76,6.09,None,1,0,1,6
S3304,2026-04-26,10:57 AM,Sarojini,Hostel,0,0,0,0,0,0,395.03,196,44.33,None,1,1,1,3
S3305,2026-04-26,07:35 AM,Ganga,Mess,07:21 AM,08:16 AM,0,0,0,0,604.23,155,34.5,Breakfast,0,0,1,4
S3306,2026-04-21,04:58 PM,Ganga,Hostel,0,0,0,0,0,0,156.49,31,20.33,None,1,1,1,4
S3307,2026-04-27,09:40 PM,Azad,Mess,09:33 PM,09:53 PM,0,0,0,0,682.72,162,44.28,Dinner,0,0,1,6
S3308,2026-05-01,09:32 PM,Sarojini,Mess,08:47 PM,09:35 PM,0,0,0,0,303.67,115,38.31,Dinner,0,0,0,8
S3309,2026-04-12,12:11 AM,Ganga,Outside,0,0,0,0,0,03:01 AM,334.7,69,5.89,None,0,0,0,9
S3310,2026-04-27,07:50 PM,Yamuna,Hostel,0,0,0,0,0,0,215.36,127,23.94,None,0,0,1,6
S3311,2026-04-27,11:34 AM,Sarojini,Library,0,0,11:06 AM,04:24 PM,10:54 AM,04:34 PM,761.74,147,24.65,None,0,0,1,3
S3312,2026-04-15,02:57 PM,Yamuna,Mess,02:28 PM,03:06 PM,0,0,0,0,495.95,150,53.7,Lunch,0,0,0,6
S3313,2026-04-05,09:42 AM,Ganga,Mess,09:27 AM,09:48 AM,0,0,0,0,478.56,111,44.49,Breakfast,1,1,0,8
S3314,2026-04-01,01:50 AM,Sarojini,Outside,0,0,0,0,0,04:50 AM,117.68,139,9.25,None,0,0,0,8
S3315,2026-04-27,03:58 PM,Sarojini,Library,0,0,03:38 PM,10:26 PM,03:33 PM,10:58 PM,607.54,19,17.1,None,0,0,1,8
S3316,2026-04-07,07:46 PM,Sarojini,Library,0,0,07:02 PM,08:51 PM,06:44 PM,09:30 PM,679.87,68,20.61,None,0,0,0,8
S3317,2026-05-01,02:01 PM,Ganga,Library,0,0,01:28 PM,02:16 PM,12:59 PM,02:34 PM,991.33,15,6.77,None,0,0,0,6
S3318,2026-04-18,10:09 PM,Yamuna,Mess,09:48 PM,10:13 PM,0,0,0,0,452.63,105,30.16,Dinner,0,0,0,9
S3319,2026-04-30,08:23 AM,Sarojini,Classroom,0,0,0,0,08:09 AM,09:59 AM,219.3,104,6.53,None,1,1,1,3
S3320,2026-04-10,11:13 AM,Sarojini,Library,0,0,10:46 AM,11:17 AM,10:29 AM,11:59 AM,723.61,179,21.68,None,0,0,0,7
S3321,2026-04-29,03:46 PM,Ganga,Mess,02:46 PM,03:46 PM,0,0,0,0,559.76,100,39.2,Lunch,0,0,1,4
S3322,2026-04-07,11:51 PM,Rajendra,Hostel,0,0,0,0,0,0,839.11,197,33.47,None,0,0,0,8
S3323,2026-04-26,09:03 AM,Yamuna,Hostel,0,0,0,0,0,0,155.61,195,38.14,None,0,0,1,5
S3324,2026-04-03,01:43 PM,Yamuna,Mess,01:20 PM,02:11 PM,0,0,0,0,488.57,195,52.91,Lunch,0,0,0,7
S3325,2026-04-11,03:14 PM,Yamuna,Hostel,0,0,0,0,0,0,233.85,71,28.06,None,0,0,0,4
S3326,2026-04-10,10:18 AM,Yamuna,Mess,09:54 AM,10:33 AM,0,0,0,0,417.71,16,27.31,Breakfast,1,1,0,7
S3327,2026-04-15,02:07 PM,Azad,Library,0,0,01:09 PM,03:52 PM,12:47 PM,04:23 PM,667.18,22,10.71,None,1,0,0,7
S3328,2026-04-22,01:09 AM,Ganga,Hostel,0,0,0,0,0,0,229.45,32,26.86,None,0,0,1,8
S3329,2026-04-04,12:41 PM,Azad,Mess,12:25 PM,12:52 PM,0,0,0,0,328.59,32,41.21,Lunch,0,0,0,8
S3330,2026-04-28,07:43 PM,Rajendra,Library,0,0,01:27 PM,10:24 PM,01:22 PM,10:40 PM,668.0,31,10.05,None,0,0,1,4
S3331,2026-04-08,03:56 PM,Azad,Library,0,0,03:49 PM,06:47 PM,03:31 PM,07:33 PM,855.22,135,21.61,None,0,0,0,7
S3332,2026-04-05,01:13 PM,Yamuna,Outside,0,0,0,0,11:41 AM,03:57 PM,306.06,28,1.47,None,0,0,0,7
S3333,2026-04-26,09:23 PM,Ganga,Library,0,0,08:48 PM,11:59 PM,08:34 PM,11:59 PM,552.39,190,27.67,None,0,0,1,8
S3334,2026-04-29,06:26 AM,Sarojini,Outside,0,0,0,0,04:45 AM,08:34 AM,386.89,90,6.24,None,0,0,1,4
S3335,2026-04-13,06:11 PM,Ganga,Library,0,0,06:11 PM,07:40 PM,05:42 PM,08:33 PM,700.24,158,27.4,None,0,0,0,3
S3336,2026-04-02,01:16 PM,Sarojini,Hostel,0,0,0,0,0,0,282.73,27,23.8,None,0,0,0,13
S3337,2026-04-21,11:28 PM,Rajendra,Outside,0,0,0,0,10:06 PM,11:59 PM,174.19,154,21.37,None,0,0,1,4
S3338,2026-04-01,01:42 PM,Sarojini,Mess,01:26 PM,02:20 PM,0,0,0,0,320.8,25,37.75,Lunch,1,0,0,16
S3339,2026-04-16,03:10 PM,Ganga,Library,0,0,02:43 PM,05:19 PM,02:14 PM,06:07 PM,721.4,20,17.24,None,1,0,0,6
S3340,2026-04-22,11:18 PM,Rajendra,Library,0,0,09:48 PM,11:59 PM,09:23 PM,11:59 PM,885.91,181,31.71,None,0,0,1,5
S3341,2026-04-01,06:03 AM,Azad,Hostel,0,0,0,0,0,0,279.77,148,31.1,None,0,0,0,8
S3342,2026-04-28,09:43 AM,Rajendra,Library,0,0,09:03 AM,03:40 PM,08:40 AM,04:10 PM,1019.86,174,31.0,None,1,1,1,3
S3343,2026-04-21,08:09 PM,Sarojini,Library,0,0,07:17 PM,11:59 PM,07:00 PM,11:59 PM,621.13,92,23.95,None,0,0,1,8
S3344,2026-04-12,06:31 AM,Ganga,Outside,0,0,0,0,05:10 AM,07:37 AM,230.22,143,8.17,None,0,0,0,3
S3345,2026-04-30,08:09 PM,Rajendra,Mess,08:06 PM,08:52 PM,0,0,0,0,390.25,147,55.09,Dinner,0,0,1,5
S3346,2026-04-03,08:15 PM,Rajendra,Hostel,0,0,0,0,0,0,1254.07,16,21.14,None,0,0,0,9
S3347,2026-04-24,07:24 PM,Ganga,Mess,07:11 PM,07:35 PM,0,0,0,0,376.51,12,34.16,Dinner,0,0,1,4
S3348,2026-04-12,10:22 PM,Ganga,Outside,0,0,0,0,08:22 PM,11:44 PM,136.19,72,4.88,None,0,0,0,7
S3349,2026-04-03,05:12 PM,Yamuna,Library,0,0,04:33 PM,05:35 PM,04:19 PM,06:29 PM,652.2,200,29.3,None,0,0,0,4
S3350,2026-04-28,10:18 PM,Azad,Library,0,0,02:51 PM,10:59 PM,02:45 PM,11:12 PM,572.52,84,17.33,None,0,0,1,5
S3351,2026-04-14,04:34 AM,Yamuna,Hostel,0,0,0,0,0,0,349.74,105,27.1,None,0,0,0,7
S3352,2026-04-08,07:45 AM,Rajendra,Mess,07:13 AM,07:45 AM,0,0,0,0,634.04,87,41.29,Breakfast,0,0,0,7
S3353,2026-04-02,01:28 PM,Ganga,Mess,01:28 PM,02:03 PM,0,0,0,0,446.1,93,48.72,Lunch,1,0,0,10
S3354,2026-04-23,01:07 PM,Yamuna,Classroom,0,0,0,0,12:50 PM,01:54 PM,126.86,48,4.0,None,1,0,1,3
S3355,2026-04-28,05:48 PM,Azad,Library,0,0,01:54 PM,09:31 PM,01:48 PM,09:57 PM,665.42,22,11.67,None,0,0,1,5
S3356,2026-04-28,10:01 AM,Yamuna,Classroom,0,0,0,0,09:30 AM,12:01 PM,364.92,20,2.21,None,1,1,1,6
S3357,2026-04-12,03:13 PM,Yamuna,Library,0,0,02:25 PM,03:44 PM,01:58 PM,04:38 PM,715.66,56,15.74,None,0,0,0,7
S3358,2026-04-22,07:52 AM,Yamuna,Mess,07:25 AM,07:54 AM,0,0,0,0,610.44,194,43.96,Breakfast,0,0,1,5
S3359,2026-04-04,08:28 PM,Sarojini,Outside,0,0,0,0,07:17 PM,11:19 PM,124.06,63,5.6,None,0,0,0,6
S3360,2026-04-11,02:06 PM,Azad,Classroom,0,0,0,0,01:37 PM,03:05 PM,295.97,77,8.41,None,1,0,0,16
S3361,2026-04-04,11:31 AM,Azad,Classroom,0,0,0,0,11:05 AM,01:15 PM,342.41,142,18.31,None,1,0,0,8
S3362,2026-04-12,06:11 PM,Azad,Library,0,0,05:37 PM,06:35 PM,05:28 PM,07:31 PM,586.16,45,12.08,None,0,0,0,5
S3363,2026-04-28,09:38 PM,Sarojini,Outside,0,0,0,0,08:52 PM,11:59 PM,352.71,51,5.29,None,0,0,1,4
S3364,2026-04-15,07:09 PM,Sarojini,Hostel,0,0,0,0,0,0,399.98,58,17.39,None,0,0,0,4
S3365,2026-04-25,09:29 PM,Azad,Mess,08:33 PM,09:32 PM,0,0,0,0,546.58,67,41.85,Dinner,0,0,1,5
S3366,2026-04-10,12:07 PM,Rajendra,Hostel,0,0,0,0,0,0,236.93,164,44.36,None,0,0,0,7
S3367,2026-04-20,04:21 PM,Yamuna,Classroom,0,0,0,0,03:43 PM,06:04 PM,322.16,193,11.14,None,1,1,1,5
S3368,2026-04-29,07:26 PM,Azad,Outside,0,0,0,0,05:27 PM,09:49 PM,364.68,197,24.79,None,0,0,1,5
S3369,2026-04-30,12:29 PM,Yamuna,Mess,12:14 PM,12:43 PM,0,0,0,0,518.2,88,33.98,Lunch,0,0,1,6
S3370,2026-04-30,07:58 PM,Sarojini,Mess,07:42 PM,08:39 PM,0,0,0,0,421.14,189,59.35,Dinner,0,0,1,5
S3371,2026-04-16,10:33 PM,Rajendra,Hostel,0,0,0,0,0,0,1333.27,120,36.28,None,0,0,0,6
S3372,2026-04-29,07:17 PM,Yamuna,Hostel,0,0,0,0,0,0,381.21,23,22.69,None,0,0,1,8
S3373,2026-04-03,09:17 AM,Rajendra,Mess,09:08 AM,10:00 AM,0,0,0,0,515.65,193,42.92,Breakfast,1,1,0,6
S3374,2026-04-06,10:17 PM,Ganga,Mess,09:38 PM,10:24 PM,0,0,0,0,535.47,87,45.54,Dinner,0,0,0,8
S3375,2026-04-11,09:41 PM,Ganga,Mess,09:33 PM,09:59 PM,0,0,0,0,320.38,76,37.09,Dinner,0,0,0,7
S3376,2026-04-28,07:56 PM,Yamuna,Hostel,0,0,0,0,0,0,181.27,190,44.21,None,0,0,1,5
S3377,2026-04-11,08:45 PM,Yamuna,Mess,08:18 PM,09:18 PM,0,0,0,0,580.95,106,43.16,Dinner,0,0,0,10
S3378,2026-04-12,07:13 PM,Yamuna,Mess,07:00 PM,07:58 PM,0,0,0,0,648.77,186,48.11,Dinner,0,0,0,7
S3379,2026-04-20,01:50 AM,Ganga,Outside,0,0,0,0,01:08 AM,04:29 AM,338.04,23,1.84,None,0,0,1,5
S3380,2026-04-15,07:38 AM,Sarojini,Mess,07:29 AM,08:21 AM,0,0,0,0,298.17,166,52.98,Breakfast,0,0,0,6
S3381,2026-04-08,04:58 PM,Azad,Library,0,0,03:30 PM,06:11 PM,03:05 PM,07:03 PM,537.61,59,16.18,None,0,0,0,8
S3382,2026-04-12,11:42 PM,Azad,Outside,0,0,0,0,10:24 PM,11:59 PM,135.08,174,18.61,None,0,0,0,6
S3383,2026-04-21,10:59 PM,Sarojini,Library,0,0,10:45 PM,11:59 PM,10:30 PM,11:59 PM,846.46,25,10.35,None,0,0,1,6
S3384,2026-04-19,09:03 PM,Ganga,Outside,0,0,0,0,07:53 PM,10:47 PM,215.22,28,4.19,None,0,0,0,5
S3385,2026-04-25,06:16 PM,Sarojini,Library,0,0,06:10 PM,11:59 PM,05:59 PM,11:59 PM,750.46,152,29.6,None,0,0,1,7
S3386,2026-04-28,04:35 PM,Ganga,Library,0,0,12:50 PM,08:57 PM,12:31 PM,09:22 PM,527.07,183,16.92,None,1,1,1,4
S3387,2026-04-15,03:20 PM,Azad,Library,0,0,01:33 PM,04:04 PM,01:06 PM,04:29 PM,545.42,69,11.62,None,0,0,0,6
S3388,2026-04-06,11:02 AM,Yamuna,Hostel,0,0,0,0,0,0,379.55,39,20.84,None,0,0,0,8
S3389,2026-04-02,08:53 PM,Azad,Mess,08:45 PM,09:09 PM,0,0,0,0,536.27,20,24.45,Dinner,0,0,0,7
S3390,2026-04-23,07:34 PM,Rajendra,Library,0,0,01:24 PM,09:09 PM,01:14 PM,09:26 PM,699.51,176,25.31,None,0,0,1,4
S3391,2026-04-09,07:47 AM,Sarojini,Hostel,0,0,0,0,0,0,265.9,19,22.78,None,0,0,0,7
S3392,2026-04-13,09:24 PM,Ganga,Mess,09:03 PM,09:28 PM,0,0,0,0,546.94,64,35.89,Dinner,0,0,0,5
S3393,2026-04-30,08:19 PM,Azad,Mess,07:53 PM,08:53 PM,0,0,0,0,420.74,72,42.51,Dinner,0,0,1,6
S3394,2026-04-02,11:57 AM,Azad,Library,0,0,11:20 AM,12:42 PM,11:13 AM,01:32 PM,834.39,174,33.65,None,0,0,0,8
S3395,2026-04-20,10:20 AM,Azad,Mess,09:55 AM,10:23 AM,0,0,0,0,500.16,188,37.61,Breakfast,0,0,1,7
S3396,2026-04-29,02:42 PM,Azad,Hostel,0,0,0,0,0,0,396.04,63,22.83,None,0,0,1,5
S3397,2026-04-24,06:41 AM,Yamuna,Hostel,0,0,0,0,0,0,371.54,18,23.81,None,0,0,1,6
S3398,2026-04-25,07:22 AM,Sarojini,Mess,07:13 AM,07:34 AM,0,0,0,0,371.67,157,37.79,Breakfast,0,0,1,7
S3399,2026-04-12,10:05 PM,Sarojini,Library,0,0,09:05 PM,10:13 PM,08:35 PM,10:35 PM,1037.43,92,20.1,None,0,0,0,7
S3400,2026-04-20,11:59 AM,Sarojini,Outside,0,0,0,0,11:23 AM,02:38 PM,140.1,36,4.43,None,1,0,1,5
S3401,2026-04-05,02:50 PM,Ganga,Library,0,0,12:08 PM,02:55 PM,12:02 PM,03:06 PM,700.21,87,17.05,None,0,0,0,5
S3402,2026-04-28,09:32 PM,Rajendra,Mess,09:05 PM,09:40 PM,0,0,0,0,247.05,112,30.62,Dinner,0,0,1,3
S3403,2026-04-28,07:16 PM,Rajendra,Library,0,0,12:17 PM,08:43 PM,11:54 AM,09:12 PM,822.34,95,12.78,None,0,0,1,6
S3404,2026-04-30,10:25 PM,Sarojini,Library,0,0,07:09 PM,11:59 PM,07:00 PM,11:59 PM,772.91,120,24.41,None,0,0,1,4
S3405,2026-04-12,07:39 PM,Rajendra,Mess,07:12 PM,08:11 PM,0,0,0,0,625.37,119,37.08,Dinner,0,0,0,9
S3406,2026-04-14,10:59 AM,Rajendra,Library,0,0,09:36 AM,11:34 AM,09:10 AM,12:03 PM,587.74,112,28.3,None,0,0,0,7
S3407,2026-04-18,02:10 PM,Azad,Mess,02:09 PM,02:45 PM,0,0,0,0,340.71,155,49.56,Lunch,1,0,0,4
S3408,2026-04-19,03:42 PM,Azad,Classroom,0,0,0,0,03:21 PM,04:40 PM,157.23,31,4.06,None,1,0,0,6
S3409,2026-04-25,08:29 PM,Rajendra,Hostel,0,0,0,0,0,0,1322.16,41,15.54,None,0,0,1,6
S3410,2026-04-12,08:55 PM,Rajendra,Library,0,0,06:31 PM,09:24 PM,06:16 PM,10:19 PM,750.8,166,22.46,None,0,0,0,16
S3411,2026-05-01,08:55 AM,Sarojini,Mess,08:52 AM,09:17 AM,0,0,0,0,645.36,150,47.45,Breakfast,0,0,0,8
S3412,2026-04-20,12:21 AM,Ganga,Hostel,0,0,0,0,0,0,391.27,23,21.47,None,0,0,1,4
S3413,2026-04-05,08:36 AM,Azad,Mess,08:28 AM,09:18 AM,0,0,0,0,344.04,31,28.46,Breakfast,0,0,0,8
S3414,2026-04-15,12:48 PM,Azad,Library,0,0,11:55 AM,02:52 PM,11:32 AM,03:49 PM,568.1,71,21.63,None,1,0,0,6
S3415,2026-04-16,10:34 PM,Sarojini,Library,0,0,09:55 PM,10:48 PM,09:48 PM,11:28 PM,950.93,159,27.04,None,0,0,0,8
S3416,2026-04-22,08:22 PM,Yamuna,Library,0,0,08:20 PM,11:59 PM,08:11 PM,11:59 PM,816.86,183,26.69,None,0,0,1,3
S3417,2026-05-01,10:53 PM,Yamuna,Library,0,0,10:11 PM,11:35 PM,09:43 PM,11:59 PM,605.5,51,12.9,None,0,0,0,8
S3418,2026-04-29,11:25 AM,Azad,Outside,0,0,0,0,09:34 AM,12:37 PM,195.51,110,11.92,None,0,0,1,3
S3419,2026-04-26,03:05 PM,Rajendra,Hostel,0,0,0,0,0,0,355.21,144,27.47,None,1,0,1,4
S3420,2026-04-10,03:25 PM,Azad,Library,0,0,02:25 PM,05:00 PM,01:57 PM,05:16 PM,936.13,160,25.55,None,1,0,0,7
S3421,2026-04-08,01:47 AM,Sarojini,Hostel,0,0,0,0,0,0,141.75,32,24.29,None,0,0,0,7
S3422,2026-04-20,07:37 AM,Rajendra,Mess,07:11 AM,07:37 AM,0,0,0,0,287.08,166,47.09,Breakfast,0,0,1,3
S3423,2026-04-22,09:19 PM,Azad,Library,0,0,06:58 PM,11:59 PM,06:48 PM,11:59 PM,849.56,64,21.28,None,0,0,1,4
S3424,2026-04-26,12:06 PM,Rajendra,Mess,12:02 PM,12:25 PM,0,0,0,0,306.75,196,64.87,Lunch,1,0,1,6
S3425,2026-04-10,07:17 PM,Yamuna,Mess,07:15 PM,07:53 PM,0,0,0,0,463.04,153,34.0,Dinner,0,0,0,9
S3426,2026-04-02,02:17 PM,Rajendra,Mess,02:14 PM,02:55 PM,0,0,0,0,568.6,41,31.5,Lunch,1,0,0,10
S3427,2026-04-29,10:33 PM,Sarojini,Outside,0,0,0,0,08:37 PM,11:59 PM,159.17,114,12.38,None,0,0,1,5
S3428,2026-04-27,07:03 PM,Sarojini,Library,0,0,05:04 PM,11:59 PM,04:54 PM,11:59 PM,457.44,26,14.07,None,0,0,1,6
S3429,2026-04-03,04:55 PM,Rajendra,Library,0,0,03:33 PM,05:05 PM,03:11 PM,05:57 PM,870.36,111,21.37,None,0,0,0,7
S3430,2026-04-06,07:27 PM,Ganga,Mess,07:07 PM,07:39 PM,0,0,0,0,265.35,34,35.06,Dinner,0,0,0,4
S3431,2026-04-08,10:24 AM,Ganga,Hostel,0,0,0,0,0,0,388.44,165,32.75,None,1,1,0,7
S3432,2026-04-12,08:17 AM,Rajendra,Classroom,0,0,0,0,07:38 AM,08:54 AM,297.91,188,17.04,None,1,1,0,9
S3433,2026-04-07,04:37 PM,Rajendra,Library,0,0,02:09 PM,05:03 PM,01:50 PM,05:51 PM,967.05,43,7.64,None,0,0,0,8
S3434,2026-04-06,01:52 PM,Azad,Library,0,0,11:45 AM,01:57 PM,11:26 AM,02:23 PM,925.62,178,30.22,None,0,0,0,5
S3435,2026-04-19,11:10 AM,Azad,Classroom,0,0,0,0,10:46 AM,12:39 PM,335.07,150,10.02,None,1,0,0,8
S3436,2026-04-29,04:02 PM,Ganga,Library,0,0,02:43 PM,11:18 PM,02:24 PM,11:59 PM,502.06,131,21.3,None,1,1,1,4
S3437,2026-04-21,09:58 PM,Azad,Library,0,0,09:30 PM,11:59 PM,09:09 PM,11:59 PM,747.63,31,14.09,None,0,0,1,5
S3438,2026-04-29,03:30 PM,Rajendra,Library,0,0,03:09 PM,11:45 PM,02:43 PM,11:59 PM,507.53,139,32.83,None,1,0,1,7
S3439,2026-04-30,07:57 AM,Sarojini,Mess,07:46 AM,08:26 AM,0,0,0,0,458.58,156,50.57,Breakfast,0,0,1,4
S3440,2026-04-04,07:32 AM,Rajendra,Mess,07:26 AM,07:47 AM,0,0,0,0,346.42,152,37.43,Breakfast,0,0,0,15
S3441,2026-04-02,05:47 AM,Rajendra,Hostel,0,0,0,0,0,0,344.1,111,32.67,None,0,0,0,6
S3442,2026-04-11,02:50 AM,Ganga,Hostel,0,0,0,0,0,0,336.07,13,11.83,None,0,0,0,6
S3443,2026-04-14,01:37 PM,Yamuna,Library,0,0,01:04 PM,03:40 PM,12:44 PM,04:07 PM,846.23,86,23.48,None,1,0,0,7
S3444,2026-04-11,08:18 PM,Azad,Mess,08:10 PM,08:42 PM,0,0,0,0,659.35,152,46.73,Dinner,0,0,0,6
S3445,2026-04-10,09:48 AM,Ganga,Mess,09:44 AM,10:04 AM,0,0,0,0,484.41,45,31.8,Breakfast,1,1,0,8
S3446,2026-04-28,07:21 AM,Azad,Outside,0,0,0,0,06:17 AM,10:16 AM,352.26,11,0.97,None,0,0,1,5
S3447,2026-04-01,10:01 PM,Rajendra,Library,0,0,09:11 PM,10:10 PM,08:51 PM,10:50 PM,778.88,82,17.25,None,0,0,0,7
S3448,2026-04-15,09:26 PM,Azad,Mess,09:19 PM,09:55 PM,0,0,0,0,379.07,164,42.47,Dinner,0,0,0,8
S3449,2026-04-04,02:05 PM,Rajendra,Mess,01:43 PM,02:37 PM,0,0,0,0,541.91,179,45.99,Lunch,0,0,0,8
S3450,2026-04-20,07:17 AM,Yamuna,Mess,07:14 AM,07:36 AM,0,0,0,0,437.6,170,48.29,Breakfast,0,0,1,3
S3451,2026-04-19,12:03 PM,Yamuna,Outside,0,0,0,0,11:03 AM,01:32 PM,375.35,91,5.13,None,1,0,0,8
S3452,2026-04-20,07:15 AM,Ganga,Outside,0,0,0,0,06:43 AM,08:27 AM,206.16,182,9.48,None,0,0,1,7
S3453,2026-04-28,04:56 PM,Sarojini,Classroom,0,0,0,0,04:40 PM,06:03 PM,191.82,86,9.31,None,1,1,1,6
S3454,2026-04-05,08:13 AM,Yamuna,Mess,08:01 AM,08:55 AM,0,0,0,0,472.72,135,42.82,Breakfast,0,0,0,9
S3455,2026-04-18,07:01 PM,Rajendra,Library,0,0,05:24 PM,07:37 PM,05:18 PM,08:06 PM,955.55,71,13.97,None,0,0,0,9
S3456,2026-04-23,08:17 PM,Ganga,Hostel,0,0,0,0,0,0,1080.73,59,18.96,None,0,0,1,5
S3457,2026-04-01,09:46 AM,Yamuna,Classroom,0,0,0,0,09:11 AM,11:00 AM,127.9,183,25.5,None,1,1,0,4
S3458,2026-04-29,10:33 AM,Azad,Classroom,0,0,0,0,10:12 AM,11:11 AM,290.64,196,19.27,None,1,1,1,4
S3459,2026-04-03,08:49 AM,Sarojini,Mess,08:27 AM,08:53 AM,0,0,0,0,575.38,53,45.05,Breakfast,0,0,0,6
S3460,2026-04-24,08:16 AM,Yamuna,Outside,0,0,0,0,06:31 AM,09:31 AM,281.81,128,16.58,None,0,0,1,3
S3461,2026-04-17,09:35 PM,Sarojini,Mess,09:28 PM,09:59 PM,0,0,0,0,456.49,51,45.2,Dinner,0,0,0,10
S3462,2026-04-20,11:30 PM,Sarojini,Library,0,0,03:47 PM,11:54 PM,03:28 PM,11:59 PM,852.46,102,23.91,None,0,0,1,4
S3463,2026-04-14,08:34 AM,Azad,Classroom,0,0,0,0,08:05 AM,09:42 AM,295.77,192,16.46,None,1,1,0,3
S3464,2026-04-27,01:34 PM,Azad,Library,0,0,10:19 AM,03:21 PM,09:57 AM,04:11 PM,680.76,57,9.68,None,1,0,1,4
S3465,2026-04-13,11:12 PM,Rajendra,Library,0,0,10:18 PM,11:29 PM,09:52 PM,11:59 PM,905.19,74,16.29,None,0,0,0,8
S3466,2026-04-12,10:37 PM,Sarojini,Outside,0,0,0,0,08:39 PM,11:46 PM,238.21,156,11.55,None,0,0,0,8
S3467,2026-04-22,09:59 PM,Yamuna,Mess,09:53 PM,10:16 PM,0,0,0,0,432.66,146,47.1,Dinner,0,0,1,4
S3468,2026-04-30,07:58 PM,Sarojini,Library,0,0,05:45 PM,11:59 PM,05:30 PM,11:59 PM,543.06,54,12.59,None,0,0,1,5
S3469,2026-04-01,01:35 AM,Rajendra,Hostel,0,0,0,0,0,0,112.5,123,31.99,None,0,0,0,8
S3470,2026-04-23,10:11 AM,Yamuna,Mess,09:56 AM,10:36 AM,0,0,0,0,356.78,195,32.85,Breakfast,0,0,1,6
S3471,2026-04-19,05:46 PM,Ganga,Outside,0,0,0,0,04:30 PM,06:46 PM,216.52,107,13.71,None,0,0,0,8
S3472,2026-04-14,04:17 PM,Ganga,Hostel,0,0,0,0,0,0,398.05,78,30.9,None,0,0,0,6
S3473,2026-04-04,01:27 PM,Sarojini,Library,0,0,12:28 PM,03:03 PM,12:07 PM,03:30 PM,794.89,186,32.18,None,0,0,0,4
S3474,2026-04-05,01:11 PM,Azad,Mess,12:31 PM,01:23 PM,0,0,0,0,568.52,133,55.09,Lunch,1,0,0,7
S3475,2026-04-27,08:23 PM,Yamuna,Library,0,0,05:07 PM,11:59 PM,04:40 PM,11:59 PM,989.99,118,13.41,None,0,0,1,5
S3476,2026-04-11,07:55 AM,Yamuna,Mess,07:09 AM,08:01 AM,0,0,0,0,522.89,77,43.82,Breakfast,0,0,0,7
S3477,2026-04-09,07:55 AM,Rajendra,Hostel,0,0,0,0,0,0,274.96,105,34.03,None,0,0,0,15
S3478,2026-04-01,10:06 PM,Rajendra,Outside,0,0,0,0,08:46 PM,11:52 PM,179.11,140,9.48,None,0,0,0,11
S3479,2026-04-22,10:25 PM,Ganga,Mess,09:43 PM,10:41 PM,0,0,0,0,491.72,14,23.47,Dinner,0,0,1,4
S3480,2026-04-04,10:29 AM,Yamuna,Library,0,0,10:28 AM,11:30 AM,10:07 AM,12:04 PM,602.56,40,10.6,None,1,1,0,12
S3481,2026-04-12,11:54 PM,Yamuna,Outside,0,0,0,0,11:03 PM,11:59 PM,386.97,73,6.47,None,0,0,0,7
S3482,2026-04-13,03:07 PM,Rajendra,Library,0,0,02:40 PM,03:32 PM,02:14 PM,03:52 PM,825.78,11,12.28,None,0,0,0,6
S3483,2026-04-07,01:37 AM,Azad,Hostel,0,0,0,0,0,0,185.53,200,26.23,None,0,0,0,7
S3484,2026-04-16,03:47 PM,Yamuna,Library,0,0,02:16 PM,03:48 PM,01:47 PM,04:25 PM,806.41,113,15.42,None,0,0,0,4
S3485,2026-04-22,09:18 PM,Azad,Mess,09:07 PM,09:40 PM,0,0,0,0,425.99,103,50.87,Dinner,0,0,1,4
S3486,2026-04-03,01:33 PM,Sarojini,Mess,12:57 PM,01:49 PM,0,0,0,0,473.38,12,26.19,Lunch,1,0,0,15
S3487,2026-04-28,09:37 PM,Azad,Library,0,0,05:26 PM,11:59 PM,05:03 PM,11:59 PM,862.77,55,21.03,None,0,0,1,8
S3488,2026-04-10,12:16 PM,Rajendra,Mess,12:15 PM,12:54 PM,0,0,0,0,335.24,173,43.37,Lunch,0,0,0,7
S3489,2026-04-26,08:07 PM,Ganga,Library,0,0,06:54 PM,11:59 PM,06:40 PM,11:59 PM,844.12,107,10.92,None,0,0,1,7
S3490,2026-04-25,11:11 PM,Sarojini,Library,0,0,10:08 PM,11:59 PM,10:01 PM,11:59 PM,746.14,120,15.6,None,0,0,1,4
S3491,2026-04-25,07:21 PM,Yamuna,Hostel,0,0,0,0,0,0,392.35,64,15.27,None,0,0,1,5
S3492,2026-04-28,08:32 PM,Ganga,Library,0,0,01:25 PM,10:12 PM,12:56 PM,10:40 PM,752.71,144,29.25,None,0,0,1,3
S3493,2026-04-14,11:21 PM,Sarojini,Library,0,0,10:23 PM,11:59 PM,09:57 PM,11:59 PM,625.25,134,16.99,None,0,0,0,8
S3494,2026-04-01,12:26 PM,Sarojini,Mess,12:18 PM,01:00 PM,0,0,0,0,426.58,58,42.51,Lunch,1,0,0,7
S3495,2026-04-01,08:14 PM,Rajendra,Mess,07:34 PM,08:21 PM,0,0,0,0,600.55,151,52.85,Dinner,0,0,0,8
S3496,2026-04-13,01:42 PM,Sarojini,Mess,01:22 PM,01:43 PM,0,0,0,0,620.17,37,36.7,Lunch,0,0,0,8
S3497,2026-04-07,08:51 AM,Sarojini,Outside,0,0,0,0,07:43 AM,10:09 AM,399.53,26,2.1,None,0,0,0,8
S3498,2026-04-23,08:37 AM,Ganga,Mess,08:08 AM,09:01 AM,0,0,0,0,267.48,164,42.37,Breakfast,0,0,1,7
S3499,2026-05-01,07:47 PM,Azad,Mess,07:22 PM,08:10 PM,0,0,0,0,300.06,104,43.89,Dinner,0,0,0,6
S3500,2026-04-10,06:42 PM,Azad,Library,0,0,05:07 PM,06:50 PM,05:00 PM,07:46 PM,577.81,99,13.52,None,0,0,0,7
S3501,2026-05-01,09:35 PM,Ganga,Mess,08:47 PM,09:37 PM,0,0,0,0,521.43,44,27.52,Dinner,0,0,0,8
S3502,2026-04-28,04:00 PM,Yamuna,Library,0,0,03:29 PM,08:38 PM,03:05 PM,09:26 PM,486.75,92,19.42,None,0,0,1,4
S3503,2026-04-03,06:50 PM,Rajendra,Library,0,0,05:09 PM,07:49 PM,04:53 PM,08:31 PM,910.55,93,12.57,None,0,0,0,7
S3504,2026-04-14,06:41 PM,Sarojini,Hostel,0,0,0,0,0,0,352.43,189,27.0,None,0,0,0,8
S3505,2026-04-10,02:17 PM,Ganga,Mess,01:32 PM,02:17 PM,0,0,0,0,478.82,47,44.15,Lunch,1,0,0,4
S3506,2026-04-28,09:46 AM,Sarojini,Mess,09:37 AM,10:06 AM,0,0,0,0,378.19,137,39.39,Breakfast,1,1,1,4
S3507,2026-04-05,02:30 PM,Yamuna,Hostel,0,0,0,0,0,0,296.28,48,14.96,None,1,0,0,8
S3508,2026-04-30,10:15 PM,Sarojini,Mess,09:50 PM,10:17 PM,0,0,0,0,562.82,183,36.61,Dinner,0,0,1,5
S3509,2026-04-23,02:43 PM,Ganga,Mess,02:35 PM,03:16 PM,0,0,0,0,569.98,61,45.85,Lunch,1,0,1,5
S3510,2026-04-06,05:45 PM,Ganga,Hostel,0,0,0,0,0,0,376.23,14,24.57,None,0,0,0,4
S3511,2026-04-02,05:58 PM,Rajendra,Library,0,0,05:53 PM,07:45 PM,05:39 PM,07:56 PM,1068.49,173,18.52,None,0,0,0,7
S3512,2026-04-23,10:35 AM,Ganga,Mess,09:47 AM,10:36 AM,0,0,0,0,648.66,151,34.27,Breakfast,1,1,1,5
S3513,2026-04-10,09:14 PM,Azad,Library,0,0,08:21 PM,09:17 PM,07:52 PM,09:51 PM,836.73,20,12.0,None,0,0,0,12
S3514,2026-04-02,07:27 PM,Rajendra,Mess,07:11 PM,08:04 PM,0,0,0,0,420.49,127,32.18,Dinner,0,0,0,6
S3515,2026-04-30,10:06 AM,Ganga,Classroom,0,0,0,0,09:32 AM,10:36 AM,304.87,150,15.01,None,1,1,1,5
S3516,2026-04-01,06:51 PM,Ganga,Library,0,0,05:59 PM,07:06 PM,05:49 PM,07:54 PM,687.46,92,24.32,None,0,0,0,7
S3517,2026-04-30,12:51 PM,Yamuna,Mess,12:37 PM,01:12 PM,0,0,0,0,422.66,87,42.54,Lunch,0,0,1,5
S3518,2026-04-25,10:34 PM,Azad,Library,0,0,10:01 PM,11:59 PM,09:55 PM,11:59 PM,688.67,71,17.19,None,0,0,1,7
S3519,2026-04-23,07:24 PM,Yamuna,Mess,07:13 PM,07:39 PM,0,0,0,0,515.91,164,34.2,Dinner,0,0,1,7
S3520,2026-04-02,10:01 AM,Ganga,Mess,09:13 AM,10:02 AM,0,0,0,0,321.65,191,52.33,Breakfast,0,0,0,8
S3521,2026-04-08,10:09 PM,Azad,Mess,09:56 PM,10:25 PM,0,0,0,0,362.42,167,37.37,Dinner,0,0,0,7
S3522,2026-04-25,04:32 AM,Yamuna,Hostel,0,0,0,0,0,0,178.62,78,20.34,None,0,0,1,6
S3523,2026-04-12,04:35 PM,Sarojini,Library,0,0,04:34 PM,05:14 PM,04:20 PM,05:58 PM,563.29,108,19.03,None,1,1,0,8
S3524,2026-04-18,11:08 PM,Rajendra,Library,0,0,10:07 PM,11:16 PM,09:48 PM,11:59 PM,733.26,71,12.76,None,0,0,0,7
S3525,2026-04-22,07:41 PM,Rajendra,Mess,07:20 PM,08:06 PM,0,0,0,0,515.35,164,52.12,Dinner,0,0,1,5
S3526,2026-04-26,08:34 PM,Sarojini,Library,0,0,05:40 PM,11:35 PM,05:34 PM,11:56 PM,709.25,170,26.99,None,0,0,1,4
S3527,2026-04-28,11:44 PM,Rajendra,Library,0,0,06:42 PM,11:59 PM,06:20 PM,11:59 PM,893.85,170,26.51,None,0,0,1,8
S3528,2026-04-08,02:50 PM,Sarojini,Hostel,0,0,0,0,0,0,350.47,10,18.54,None,1,0,0,7
S3529,2026-04-05,11:19 AM,Rajendra,Library,0,0,09:24 AM,11:55 AM,08:57 AM,12:54 PM,849.72,43,12.96,None,1,0,0,8
S3530,2026-04-20,07:08 AM,Sarojini,Mess,07:02 AM,07:24 AM,0,0,0,0,324.55,59,27.21,Breakfast,0,0,1,5
S3531,2026-04-22,01:18 AM,Yamuna,Outside,0,0,0,0,12:42 AM,03:27 AM,275.42,39,3.39,None,0,0,1,8
S3532,2026-04-11,01:52 PM,Rajendra,Mess,01:04 PM,01:52 PM,0,0,0,0,370.75,123,45.52,Lunch,1,0,0,6
S3533,2026-04-05,10:05 AM,Yamuna,Library,0,0,09:23 AM,12:14 PM,09:11 AM,12:47 PM,604.24,138,17.61,None,1,1,0,8
S3534,2026-04-20,07:04 AM,Azad,Hostel,0,0,0,0,0,0,195.91,179,48.32,None,0,0,1,3
S3535,2026-04-10,10:32 PM,Sarojini,Library,0,0,09:44 PM,11:18 PM,09:26 PM,11:59 PM,818.23,82,20.97,None,0,0,0,7
S3536,2026-04-17,05:44 PM,Sarojini,Library,0,0,04:50 PM,05:45 PM,04:32 PM,06:35 PM,911.83,124,23.97,None,0,0,0,6
S3537,2026-04-25,11:20 PM,Azad,Outside,0,0,0,0,09:30 PM,11:59 PM,249.86,101,14.08,None,0,0,1,5
S3538,2026-04-24,08:33 AM,Rajendra,Mess,07:52 AM,08:43 AM,0,0,0,0,466.02,33,24.2,Breakfast,0,0,1,7
S3539,2026-04-07,04:53 PM,Yamuna,Library,0,0,04:21 PM,05:06 PM,04:09 PM,06:03 PM,565.91,12,14.99,None,0,0,0,5
S3540,2026-04-22,06:36 PM,Rajendra,Library,0,0,05:56 PM,11:59 PM,05:43 PM,11:59 PM,774.55,151,20.54,None,0,0,1,5
S3541,2026-04-29,07:07 AM,Rajendra,Outside,0,0,0,0,06:33 AM,08:27 AM,112.59,164,12.65,None,0,0,1,5
S3542,2026-04-08,08:51 PM,Sarojini,Mess,08:48 PM,09:21 PM,0,0,0,0,576.97,165,47.78,Dinner,0,0,0,7
S3543,2026-04-13,07:10 PM,Yamuna,Library,0,0,04:20 PM,07:12 PM,04:08 PM,07:52 PM,756.86,122,26.18,None,0,0,0,8
S3544,2026-05-01,11:02 AM,Azad,Library,0,0,10:28 AM,11:27 AM,10:06 AM,12:18 PM,878.41,119,27.14,None,0,0,0,8
S3545,2026-04-13,08:44 AM,Sarojini,Mess,08:29 AM,08:53 AM,0,0,0,0,345.95,156,53.94,Breakfast,0,0,0,9
S3546,2026-04-27,02:15 PM,Rajendra,Library,0,0,10:29 AM,03:46 PM,10:21 AM,04:14 PM,895.79,155,20.36,None,1,0,1,5
S3547,2026-04-18,09:38 PM,Rajendra,Library,0,0,08:52 PM,10:57 PM,08:44 PM,11:15 PM,534.85,184,25.26,None,0,0,0,7
S3548,2026-04-25,10:21 PM,Azad,Hostel,0,0,0,0,0,0,859.09,20,18.39,None,0,0,1,4
S3549,2026-05-01,12:42 PM,Yamuna,Mess,12:37 PM,01:35 PM,0,0,0,0,363.66,155,36.48,Lunch,0,0,0,8
S3550,2026-04-17,08:25 AM,Yamuna,Mess,08:02 AM,08:53 AM,0,0,0,0,524.55,103,40.82,Breakfast,0,0,0,6
S3551,2026-04-30,10:32 AM,Yamuna,Hostel,0,0,0,0,0,0,320.53,25,21.79,None,1,1,1,5
S3552,2026-04-08,10:08 AM,Rajendra,Library,0,0,09:20 AM,10:47 AM,08:53 AM,11:13 AM,707.65,192,31.28,None,0,0,0,9
S3553,2026-04-02,04:01 AM,Rajendra,Outside,0,0,0,0,02:11 AM,05:34 AM,392.39,64,6.93,None,0,0,0,8
S3554,2026-04-13,10:48 PM,Rajendra,Library,0,0,08:46 PM,10:53 PM,08:38 PM,11:50 PM,768.51,77,15.9,None,0,0,0,9
S3555,2026-04-05,08:34 PM,Rajendra,Library,0,0,07:13 PM,08:54 PM,06:43 PM,09:06 PM,627.89,29,12.16,None,0,0,0,7
S3556,2026-04-13,11:35 PM,Azad,Library,0,0,10:25 PM,11:54 PM,10:17 PM,11:59 PM,1020.32,30,11.03,None,0,0,0,8
S3557,2026-04-09,06:57 PM,Sarojini,Library,0,0,06:12 PM,07:16 PM,06:02 PM,07:29 PM,588.64,83,15.7,None,0,0,0,7
S3558,2026-04-01,05:46 AM,Ganga,Outside,0,0,0,0,04:00 AM,08:13 AM,190.62,48,5.52,None,0,0,0,7
S3559,2026-04-12,08:51 PM,Azad,Mess,08:27 PM,09:18 PM,0,0,0,0,499.23,75,42.48,Dinner,0,0,0,4
S3560,2026-04-10,08:58 PM,Ganga,Mess,08:33 PM,09:05 PM,0,0,0,0,445.49,24,42.47,Dinner,0,0,0,8
S3561,2026-04-26,08:59 PM,Yamuna,Mess,08:57 PM,09:21 PM,0,0,0,0,437.71,122,48.53,Dinner,0,0,1,5
S3562,2026-04-10,08:53 AM,Yamuna,Mess,08:44 AM,09:09 AM,0,0,0,0,383.89,155,47.1,Breakfast,0,0,0,6
S3563,2026-04-02,07:44 AM,Yamuna,Mess,07:30 AM,07:53 AM,0,0,0,0,413.51,132,38.96,Breakfast,0,0,0,6
S3564,2026-04-17,01:51 PM,Ganga,Mess,01:51 PM,02:50 PM,0,0,0,0,358.74,128,38.69,Lunch,1,0,0,8
S3565,2026-04-23,12:15 PM,Azad,Library,0,0,09:58 AM,06:49 PM,09:38 AM,07:28 PM,907.27,37,9.49,None,0,0,1,7
S3566,2026-04-27,11:21 PM,Yamuna,Library,0,0,09:08 PM,11:59 PM,08:44 PM,11:59 PM,614.95,90,12.78,None,0,0,1,4
S3567,2026-04-23,02:01 PM,Azad,Mess,01:32 PM,02:12 PM,0,0,0,0,494.05,116,37.45,Lunch,1,0,1,3
S3568,2026-04-23,08:42 PM,Yamuna,Mess,08:17 PM,08:47 PM,0,0,0,0,407.44,82,36.3,Dinner,0,0,1,8
S3569,2026-04-27,10:24 PM,Azad,Library,0,0,09:56 PM,11:59 PM,09:27 PM,11:59 PM,936.08,177,29.89,None,0,0,1,6
S3570,2026-04-30,09:32 AM,Azad,Mess,08:52 AM,09:32 AM,0,0,0,0,463.52,90,44.43,Breakfast,1,1,1,4
S3571,2026-04-25,08:54 PM,Ganga,Mess,08:23 PM,09:00 PM,0,0,0,0,343.14,28,30.77,Dinner,0,0,1,8
S3572,2026-04-21,11:38 PM,Ganga,Hostel,0,0,0,0,0,0,1545.54,124,33.54,None,0,0,1,6
S3573,2026-04-09,02:58 PM,Azad,Library,0,0,02:42 PM,03:56 PM,02:26 PM,04:36 PM,584.93,194,24.44,None,0,0,0,8
S3574,2026-04-10,02:30 PM,Azad,Mess,01:47 PM,02:34 PM,0,0,0,0,386.33,13,31.94,Lunch,1,0,0,6
S3575,2026-04-30,03:37 PM,Sarojini,Classroom,0,0,0,0,03:12 PM,05:36 PM,261.09,95,10.32,None,1,0,1,7
S3576,2026-04-06,04:58 AM,Rajendra,Hostel,0,0,0,0,0,0,140.43,80,20.05,None,0,0,0,9
S3577,2026-04-29,08:34 AM,Sarojini,Mess,07:48 AM,08:48 AM,0,0,0,0,277.32,144,47.93,Breakfast,0,0,1,7
S3578,2026-04-15,08:34 PM,Yamuna,Mess,08:20 PM,08:45 PM,0,0,0,0,434.47,118,37.41,Dinner,0,0,0,7
S3579,2026-04-09,02:25 PM,Yamuna,Classroom,0,0,0,0,02:10 PM,04:16 PM,210.55,150,15.93,None,1,0,0,9
S3580,2026-04-14,10:14 AM,Rajendra,Mess,09:56 AM,10:24 AM,0,0,0,0,499.46,47,31.69,Breakfast,1,1,0,3
S3581,2026-04-30,11:18 AM,Rajendra,Outside,0,0,0,0,09:53 AM,02:11 PM,130.58,194,15.42,None,0,0,1,7
S3582,2026-04-21,09:32 PM,Ganga,Mess,08:55 PM,09:50 PM,0,0,0,0,364.22,100,46.91,Dinner,0,0,1,6
S3583,2026-04-17,08:23 PM,Azad,Library,0,0,06:18 PM,08:30 PM,05:50 PM,09:18 PM,523.87,125,23.1,None,0,0,0,9
S3584,2026-04-09,10:33 AM,Ganga,Library,0,0,09:48 AM,11:05 AM,09:31 AM,12:05 PM,809.12,192,32.72,None,1,1,0,8
S3585,2026-04-25,11:16 AM,Rajendra,Hostel,0,0,0,0,0,0,224.1,75,25.05,None,1,0,1,5
S3586,2026-04-16,11:01 AM,Ganga,Library,0,0,09:09 AM,11:18 AM,09:02 AM,11:57 AM,1044.67,11,11.74,None,0,0,0,8
S3587,2026-04-03,04:42 PM,Yamuna,Hostel,0,0,0,0,0,0,148.25,10,16.7,None,0,0,0,6
S3588,2026-04-03,05:02 PM,Yamuna,Classroom,0,0,0,0,04:38 PM,06:04 PM,103.87,135,19.71,None,1,1,0,8
S3589,2026-04-22,02:29 PM,Azad,Mess,02:28 PM,03:06 PM,0,0,0,0,678.25,10,38.99,Lunch,0,0,1,5
S3590,2026-04-08,02:38 PM,Sarojini,Mess,02:23 PM,02:51 PM,0,0,0,0,237.53,150,36.4,Lunch,0,0,0,7
S3591,2026-04-23,08:38 AM,Rajendra,Outside,0,0,0,0,07:24 AM,10:50 AM,156.09,130,14.84,None,0,0,1,5
S3592,2026-04-29,08:15 AM,Sarojini,Mess,07:55 AM,08:47 AM,0,0,0,0,427.17,143,55.93,Breakfast,0,0,1,4
S3593,2026-04-07,06:48 PM,Yamuna,Library,0,0,05:39 PM,08:17 PM,05:23 PM,09:04 PM,771.47,173,25.41,None,0,0,0,9
S3594,2026-04-16,01:06 PM,Azad,Mess,12:53 PM,01:37 PM,0,0,0,0,594.58,58,44.29,Lunch,1,0,0,8
S3595,2026-04-07,03:03 PM,Yamuna,Mess,02:50 PM,03:33 PM,0,0,0,0,400.88,78,40.66,Lunch,1,0,0,8
S3596,2026-04-21,03:22 PM,Sarojini,Mess,02:56 PM,03:24 PM,0,0,0,0,467.07,27,36.1,Lunch,1,0,1,6
S3597,2026-05-01,03:13 PM,Ganga,Library,0,0,02:27 PM,03:57 PM,02:08 PM,04:37 PM,754.52,195,40.53,None,0,0,0,6
S3598,2026-04-17,01:00 PM,Ganga,Mess,12:27 PM,01:04 PM,0,0,0,0,507.55,154,46.53,Lunch,0,0,0,8
S3599,2026-04-11,03:06 PM,Sarojini,Mess,02:39 PM,03:26 PM,0,0,0,0,551.58,80,40.18,Lunch,0,0,0,6
S3600,2026-04-15,08:30 PM,Azad,Library,0,0,06:16 PM,09:14 PM,05:58 PM,09:53 PM,828.35,11,13.74,None,0,0,0,6
S3601,2026-04-13,07:31 PM,Yamuna,Library,0,0,07:28 PM,09:51 PM,07:00 PM,10:13 PM,959.98,145,25.87,None,0,0,0,5
S3602,2026-04-01,09:03 PM,Ganga,Mess,08:49 PM,09:47 PM,0,0,0,0,535.58,50,28.34,Dinner,0,0,0,4
S3603,2026-04-29,05:55 PM,Azad,Library,0,0,01:10 PM,06:57 PM,12:41 PM,07:22 PM,883.39,186,35.97,None,0,0,1,7
S3604,2026-04-27,07:01 PM,Ganga,Hostel,0,0,0,0,0,0,394.11,20,23.84,None,0,0,1,7
S3605,2026-04-03,05:04 PM,Azad,Library,0,0,04:16 PM,05:15 PM,04:06 PM,05:34 PM,706.06,191,32.0,None,0,0,0,8
S3606,2026-04-25,09:45 PM,Yamuna,Mess,09:15 PM,09:50 PM,0,0,0,0,640.78,136,53.23,Dinner,0,0,1,6
S3607,2026-04-15,04:01 PM,Sarojini,Outside,0,0,0,0,02:50 PM,06:11 PM,139.36,144,16.57,None,0,0,0,8
S3608,2026-04-29,08:55 AM,Ganga,Mess,08:13 AM,08:57 AM,0,0,0,0,458.1,139,36.73,Breakfast,0,0,1,6
S3609,2026-04-26,07:57 PM,Ganga,Library,0,0,04:30 PM,10:53 PM,04:06 PM,11:24 PM,708.29,11,15.08,None,0,0,1,3
S3610,2026-04-23,01:06 PM,Sarojini,Mess,01:04 PM,01:46 PM,0,0,0,0,482.65,149,41.68,Lunch,0,0,1,4
S3611,2026-04-18,07:21 AM,Yamuna,Mess,07:13 AM,07:33 AM,0,0,0,0,430.74,187,43.09,Breakfast,0,0,0,8
S3612,2026-04-21,07:19 AM,Ganga,Mess,07:02 AM,07:29 AM,0,0,0,0,399.0,100,28.28,Breakfast,0,0,1,6
S3613,2026-04-19,08:08 PM,Ganga,Mess,08:03 PM,08:41 PM,0,0,0,0,559.84,192,46.59,Dinner,0,0,0,3
S3614,2026-04-12,01:03 AM,Yamuna,Hostel,0,0,0,0,0,0,141.64,82,25.54,None,0,0,0,8
S3615,2026-04-24,02:05 PM,Azad,Mess,01:49 PM,02:13 PM,0,0,0,0,307.17,20,32.76,Lunch,1,0,1,6
S3616,2026-04-16,10:05 AM,Sarojini,Mess,09:58 AM,10:22 AM,0,0,0,0,434.52,41,39.19,Breakfast,1,1,0,7
S3617,2026-04-15,11:51 AM,Rajendra,Library,0,0,11:20 AM,11:58 AM,10:55 AM,12:31 PM,841.8,156,26.78,None,1,0,0,6
S3618,2026-04-07,09:00 PM,Sarojini,Mess,08:45 PM,09:06 PM,0,0,0,0,434.85,183,44.1,Dinner,0,0,0,8
S3619,2026-04-09,06:41 PM,Yamuna,Library,0,0,06:17 PM,08:13 PM,05:54 PM,08:47 PM,930.04,197,34.88,None,0,0,0,8
S3620,2026-04-18,11:41 AM,Yamuna,Hostel,0,0,0,0,0,0,348.65,138,27.37,None,1,0,0,7
S3621,2026-04-24,06:51 PM,Ganga,Classroom,0,0,0,0,06:39 PM,08:43 PM,384.31,86,9.43,None,1,1,1,6
S3622,2026-04-30,11:55 AM,Yamuna,Hostel,0,0,0,0,0,0,381.11,194,25.44,None,0,0,1,5
S3623,2026-04-01,01:38 PM,Rajendra,Library,0,0,12:57 PM,01:42 PM,12:47 PM,02:33 PM,696.02,162,15.1,None,0,0,0,7
S3624,2026-04-02,09:30 AM,Ganga,Library,0,0,09:21 AM,10:42 AM,09:08 AM,11:02 AM,642.06,191,27.42,None,0,0,0,8
S3625,2026-04-23,07:29 PM,Sarojini,Mess,07:15 PM,07:35 PM,0,0,0,0,364.86,13,37.25,Dinner,0,0,1,5
S3626,2026-04-22,12:32 PM,Rajendra,Mess,12:20 PM,12:44 PM,0,0,0,0,275.65,21,41.23,Lunch,1,0,1,4
S3627,2026-04-30,02:43 PM,Ganga,Classroom,0,0,0,0,02:06 PM,04:17 PM,213.61,58,3.99,None,1,0,1,5
S3628,2026-04-14,09:20 AM,Sarojini,Library,0,0,09:11 AM,10:48 AM,09:01 AM,11:47 AM,474.88,112,19.24,None,1,1,0,7
S3629,2026-04-16,03:16 PM,Yamuna,Mess,02:48 PM,03:33 PM,0,0,0,0,323.66,156,33.05,Lunch,0,0,0,6
S3630,2026-04-29,07:44 PM,Rajendra,Library,0,0,07:44 PM,11:59 PM,07:21 PM,11:59 PM,817.4,113,23.35,None,0,0,1,3
S3631,2026-04-08,03:42 PM,Sarojini,Library,0,0,02:49 PM,04:28 PM,02:30 PM,04:45 PM,812.41,137,23.26,None,0,0,0,5
S3632,2026-04-24,12:49 PM,Sarojini,Mess,12:31 PM,12:53 PM,0,0,0,0,607.08,200,48.86,Lunch,1,0,1,5
S3633,2026-04-25,09:21 PM,Rajendra,Mess,09:15 PM,10:08 PM,0,0,0,0,466.86,108,36.74,Dinner,0,0,1,4
S3634,2026-04-27,10:50 PM,Sarojini,Library,0,0,10:37 PM,11:59 PM,10:25 PM,11:59 PM,743.81,26,9.06,None,0,0,1,3
S3635,2026-04-04,11:58 AM,Ganga,Library,0,0,10:49 AM,01:00 PM,10:34 AM,01:16 PM,727.44,11,10.77,None,1,0,0,11
S3636,2026-04-30,07:03 AM,Sarojini,Outside,0,0,0,0,05:27 AM,08:03 AM,280.57,76,4.42,None,0,0,1,8
S3637,2026-04-09,01:17 PM,Azad,Hostel,0,0,0,0,0,0,352.49,121,28.98,None,0,0,0,6
S3638,2026-04-23,08:32 AM,Sarojini,Mess,08:16 AM,08:42 AM,0,0,0,0,382.45,12,29.24,Breakfast,0,0,1,5
S3639,2026-04-23,11:51 PM,Rajendra,Library,0,0,05:52 PM,11:59 PM,05:32 PM,11:59 PM,775.8,152,33.58,None,0,0,1,5
S3640,2026-04-16,08:39 PM,Ganga,Mess,08:16 PM,08:46 PM,0,0,0,0,661.03,68,45.71,Dinner,0,0,0,6
S3641,2026-04-12,08:47 AM,Yamuna,Hostel,0,0,0,0,0,0,297.28,109,28.89,None,0,0,0,10
S3642,2026-04-25,01:00 PM,Azad,Hostel,0,0,0,0,0,0,114.19,145,29.25,None,1,0,1,7
S3643,2026-04-08,08:52 PM,Sarojini,Mess,08:42 PM,09:05 PM,0,0,0,0,482.05,38,33.46,Dinner,0,0,0,7
S3644,2026-04-05,09:22 AM,Azad,Library,0,0,09:05 AM,11:06 AM,08:46 AM,11:47 AM,841.97,112,24.37,None,1,1,0,8
S3645,2026-04-29,02:45 PM,Rajendra,Mess,01:51 PM,02:49 PM,0,0,0,0,424.09,16,35.77,Lunch,0,0,1,4
S3646,2026-04-11,08:01 AM,Ganga,Mess,07:23 AM,08:03 AM,0,0,0,0,441.15,27,30.85,Breakfast,0,0,0,8
S3647,2026-04-22,11:13 PM,Ganga,Hostel,0,0,0,0,0,0,699.71,156,34.14,None,0,0,1,4
S3648,2026-04-26,08:56 PM,Azad,Mess,08:14 PM,09:03 PM,0,0,0,0,651.65,72,29.6,Dinner,0,0,1,6
S3649,2026-04-08,08:52 AM,Rajendra,Outside,0,0,0,0,07:08 AM,11:21 AM,177.58,136,19.96,None,0,0,0,6
S3650,2026-04-24,12:00 PM,Azad,Outside,0,0,0,0,11:11 AM,01:59 PM,111.29,73,3.79,None,1,0,1,6
S3651,2026-04-28,08:30 AM,Ganga,Mess,08:16 AM,09:05 AM,0,0,0,0,409.81,164,33.84,Breakfast,0,0,1,4
S3652,2026-04-03,12:37 PM,Azad,Library,0,0,12:34 PM,03:21 PM,12:06 PM,03:32 PM,574.75,148,19.56,None,1,0,0,5
S3653,2026-04-02,02:23 PM,Sarojini,Library,0,0,11:58 AM,02:29 PM,11:31 AM,03:15 PM,514.5,93,14.48,None,0,0,0,7
S3654,2026-04-18,10:36 PM,Yamuna,Mess,09:57 PM,10:36 PM,0,0,0,0,534.16,35,32.98,Dinner,0,0,0,7
S3655,2026-04-06,10:57 AM,Yamuna,Library,0,0,09:01 AM,11:43 AM,08:47 AM,12:01 PM,948.57,200,24.46,None,0,0,0,9
S3656,2026-04-17,07:13 PM,Sarojini,Library,0,0,05:23 PM,07:16 PM,05:08 PM,07:49 PM,758.92,158,21.03,None,0,0,0,8
S3657,2026-04-26,02:11 PM,Azad,Library,0,0,09:17 AM,03:12 PM,08:52 AM,03:23 PM,673.57,104,22.96,None,0,0,1,4
S3658,2026-04-02,07:17 AM,Rajendra,Outside,0,0,0,0,05:21 AM,08:36 AM,151.67,200,13.65,None,0,0,0,11
S3659,2026-04-21,08:15 PM,Rajendra,Mess,07:59 PM,08:47 PM,0,0,0,0,235.92,118,42.96,Dinner,0,0,1,4
S3660,2026-05-01,06:51 AM,Ganga,Hostel,0,0,0,0,0,0,272.09,173,28.14,None,0,0,0,8
S3661,2026-04-11,12:14 AM,Rajendra,Hostel,0,0,0,0,0,0,242.08,65,15.7,None,0,0,0,6
S3662,2026-04-01,08:33 PM,Yamuna,Library,0,0,07:33 PM,09:02 PM,07:27 PM,09:39 PM,770.55,29,15.43,None,0,0,0,10
S3663,2026-04-15,07:46 PM,Rajendra,Outside,0,0,0,0,07:05 PM,09:18 PM,320.92,23,2.81,None,0,0,0,7
S3664,2026-04-27,09:55 AM,Ganga,Hostel,0,0,0,0,0,0,101.99,126,32.02,None,0,0,1,7
S3665,2026-04-04,09:02 AM,Sarojini,Mess,08:34 AM,09:17 AM,0,0,0,0,474.32,175,56.43,Breakfast,1,1,0,9
S3666,2026-04-30,11:42 PM,Rajendra,Hostel,0,0,0,0,0,0,680.88,46,17.56,None,0,0,1,5
S3667,2026-05-01,11:21 PM,Ganga,Hostel,0,0,0,0,0,0,716.59,175,40.18,None,0,0,0,5
S3668,2026-04-17,01:30 PM,Azad,Library,0,0,12:57 PM,01:34 PM,12:51 PM,01:58 PM,845.25,118,16.06,None,0,0,0,7
S3669,2026-04-20,12:15 PM,Rajendra,Hostel,0,0,0,0,0,0,286.97,89,25.38,None,1,0,1,4
S3670,2026-04-14,01:01 AM,Yamuna,Hostel,0,0,0,0,0,0,233.62,74,25.82,None,0,0,0,6
S3671,2026-04-18,10:29 AM,Rajendra,Library,0,0,09:30 AM,11:09 AM,09:18 AM,11:34 AM,623.95,49,18.1,None,0,0,0,6
S3672,2026-04-20,02:03 AM,Rajendra,Outside,0,0,0,0,12:44 AM,03:43 AM,320.82,26,2.55,None,0,0,1,4
S3673,2026-04-23,09:41 PM,Rajendra,Mess,09:41 PM,10:04 PM,0,0,0,0,612.51,15,38.48,Dinner,0,0,1,4
S3674,2026-04-05,10:14 AM,Azad,Library,0,0,09:40 AM,10:54 AM,09:25 AM,11:09 AM,885.19,140,29.57,None,1,1,0,6
S3675,2026-04-03,07:51 AM,Azad,Mess,07:33 AM,08:30 AM,0,0,0,0,492.64,56,34.43,Breakfast,0,0,0,3
S3676,2026-04-03,11:47 AM,Yamuna,Classroom,0,0,0,0,11:24 AM,12:18 PM,391.37,192,16.11,None,1,0,0,6
S3677,2026-04-22,05:29 PM,Yamuna,Library,0,0,03:39 PM,11:48 PM,03:21 PM,11:59 PM,515.91,123,25.0,None,0,0,1,6
S3678,2026-04-16,08:47 PM,Ganga,Mess,08:45 PM,09:09 PM,0,0,0,0,442.06,10,25.96,Dinner,0,0,0,5
S3679,2026-04-03,02:45 PM,Sarojini,Classroom,0,0,0,0,02:07 PM,04:45 PM,159.72,140,17.28,None,1,0,0,8
S3680,2026-04-27,09:15 PM,Ganga,Mess,08:40 PM,09:22 PM,0,0,0,0,269.26,26,23.95,Dinner,0,0,1,4
S3681,2026-04-27,04:52 PM,Sarojini,Library,0,0,02:27 PM,09:59 PM,02:10 PM,10:28 PM,881.26,109,22.59,None,0,0,1,7
S3682,2026-04-22,12:14 PM,Sarojini,Mess,12:09 PM,12:32 PM,0,0,0,0,517.22,199,46.04,Lunch,1,0,1,4
S3683,2026-04-26,08:43 PM,Yamuna,Library,0,0,03:00 PM,10:37 PM,02:44 PM,11:23 PM,664.03,98,23.03,None,0,0,1,3
S3684,2026-05-01,05:09 AM,Sarojini,Hostel,0,0,0,0,0,0,175.35,146,32.66,None,0,0,0,8
S3685,2026-04-24,08:27 AM,Sarojini,Hostel,0,0,0,0,0,0,298.92,196,33.41,None,0,0,1,4
S3686,2026-04-25,02:44 PM,Yamuna,Library,0,0,01:46 PM,07:16 PM,01:34 PM,08:01 PM,669.88,36,13.57,None,1,0,1,5
S3687,2026-04-12,12:55 PM,Sarojini,Library,0,0,12:34 PM,02:35 PM,12:04 PM,03:23 PM,895.2,158,25.71,None,0,0,0,6
S3688,2026-04-11,06:26 AM,Ganga,Hostel,0,0,0,0,0,0,329.08,155,27.99,None,0,0,0,7
S3689,2026-04-01,04:57 PM,Rajendra,Library,0,0,04:33 PM,05:58 PM,04:05 PM,06:50 PM,819.1,49,16.43,None,1,1,0,6
S3690,2026-04-29,01:02 PM,Azad,Mess,12:46 PM,01:15 PM,0,0,0,0,448.65,165,57.83,Lunch,1,0,1,5
S3691,2026-04-01,04:02 AM,Sarojini,Hostel,0,0,0,0,0,0,207.53,170,28.45,None,0,0,0,6
S3692,2026-04-04,09:10 AM,Ganga,Library,0,0,09:09 AM,11:20 AM,09:04 AM,11:59 AM,643.36,174,31.98,None,1,1,0,7
S3693,2026-04-17,07:44 AM,Yamuna,Mess,07:03 AM,07:58 AM,0,0,0,0,472.32,20,28.46,Breakfast,0,0,0,9
S3694,2026-04-14,07:32 PM,Azad,Library,0,0,05:39 PM,08:19 PM,05:14 PM,08:46 PM,872.48,104,19.98,None,0,0,0,4
S3695,2026-04-19,10:58 AM,Sarojini,Library,0,0,10:18 AM,12:50 PM,09:57 AM,01:30 PM,608.9,190,21.69,None,1,1,0,3
S3696,2026-04-20,08:07 PM,Rajendra,Mess,07:28 PM,08:26 PM,0,0,0,0,570.82,40,29.43,Dinner,0,0,1,4
S3697,2026-04-08,04:38 PM,Sarojini,Library,0,0,03:40 PM,05:44 PM,03:26 PM,06:08 PM,623.51,71,19.57,None,1,1,0,6
S3698,2026-04-28,08:15 AM,Yamuna,Mess,08:12 AM,08:39 AM,0,0,0,0,436.04,118,34.79,Breakfast,0,0,1,8
S3699,2026-04-01,09:24 AM,Rajendra,Mess,09:01 AM,09:43 AM,0,0,0,0,603.52,24,34.95,Breakfast,0,0,0,7
S3700,2026-04-22,09:04 PM,Yamuna,Hostel,0,0,0,0,0,0,1453.07,131,36.79,None,0,0,1,5
S3701,2026-04-12,04:14 PM,Azad,Outside,0,0,0,0,03:27 PM,05:24 PM,253.32,124,11.25,None,1,1,0,9
S3702,2026-04-18,08:32 PM,Rajendra,Mess,08:11 PM,08:32 PM,0,0,0,0,453.4,140,43.74,Dinner,0,0,0,8
S3703,2026-04-09,10:30 PM,Rajendra,Library,0,0,10:26 PM,11:59 PM,10:09 PM,11:59 PM,583.34,49,17.52,None,0,0,0,8
S3704,2026-04-04,08:28 PM,Yamuna,Mess,07:48 PM,08:40 PM,0,0,0,0,407.79,71,40.77,Dinner,0,0,0,8
S3705,2026-04-25,07:50 PM,Yamuna,Hostel,0,0,0,0,0,0,207.81,148,32.53,None,0,0,1,5
S3706,2026-04-21,02:54 PM,Rajendra,Library,0,0,11:31 AM,08:27 PM,11:01 AM,09:22 PM,713.71,135,19.09,None,0,0,1,4
S3707,2026-04-26,10:25 PM,Ganga,Mess,09:29 PM,10:29 PM,0,0,0,0,498.94,117,41.29,Dinner,0,0,1,6
S3708,2026-04-20,06:21 PM,Ganga,Library,0,0,02:20 PM,09:14 PM,02:00 PM,10:12 PM,931.47,129,19.63,None,0,0,1,3
S3709,2026-04-28,03:23 PM,Ganga,Library,0,0,12:54 PM,07:53 PM,12:44 PM,08:14 PM,725.21,166,15.57,None,1,0,1,7
S3710,2026-04-13,04:17 PM,Azad,Outside,0,0,0,0,02:34 PM,06:25 PM,179.16,33,4.07,None,0,0,0,8
S3711,2026-04-07,12:29 PM,Azad,Mess,12:18 PM,12:48 PM,0,0,0,0,333.1,146,43.92,Lunch,0,0,0,7
S3712,2026-04-09,04:33 AM,Sarojini,Hostel,0,0,0,0,0,0,214.51,79,25.74,None,0,0,0,4
S3713,2026-04-27,08:50 PM,Sarojini,Library,0,0,05:08 PM,11:59 PM,04:50 PM,11:59 PM,840.21,73,22.02,None,0,0,1,5
S3714,2026-04-28,04:29 PM,Rajendra,Library,0,0,02:12 PM,08:19 PM,02:02 PM,09:05 PM,598.54,109,16.45,None,1,1,1,8
S3715,2026-04-24,10:25 AM,Rajendra,Mess,09:31 AM,10:29 AM,0,0,0,0,313.84,42,44.04,Breakfast,1,1,1,3
S3716,2026-04-12,07:13 PM,Sarojini,Library,0,0,05:51 PM,07:22 PM,05:39 PM,07:37 PM,1014.9,91,17.17,None,0,0,0,8
S3717,2026-04-01,12:31 PM,Ganga,Hostel,0,0,0,0,0,0,197.62,187,38.27,None,1,0,0,4
S3718,2026-04-24,03:07 PM,Sarojini,Mess,02:34 PM,03:26 PM,0,0,0,0,380.5,101,27.53,Lunch,1,0,1,6
S3719,2026-04-15,01:13 PM,Ganga,Library,0,0,01:06 PM,01:39 PM,12:37 PM,02:16 PM,590.46,89,22.69,None,0,0,0,6
S3720,2026-04-05,10:48 PM,Sarojini,Library,0,0,10:05 PM,11:59 PM,09:51 PM,11:59 PM,686.67,62,17.82,None,0,0,0,10
S3721,2026-04-27,11:43 PM,Ganga,Hostel,0,0,0,0,0,0,803.81,85,25.7,None,0,0,1,4
S3722,2026-04-24,11:45 PM,Ganga,Hostel,0,0,0,0,0,0,1027.37,176,36.47,None,0,0,1,5
S3723,2026-04-29,07:17 PM,Sarojini,Mess,07:13 PM,07:38 PM,0,0,0,0,372.49,110,40.04,Dinner,0,0,1,8
S3724,2026-04-09,07:23 AM,Sarojini,Mess,07:08 AM,07:56 AM,0,0,0,0,559.71,136,42.53,Breakfast,0,0,0,4
S3725,2026-04-14,07:03 AM,Rajendra,Outside,0,0,0,0,05:21 AM,09:22 AM,129.6,197,13.93,None,0,0,0,8
S3726,2026-04-22,12:03 PM,Azad,Library,0,0,11:33 AM,06:09 PM,11:10 AM,06:22 PM,625.4,164,30.48,None,1,0,1,3
S3727,2026-04-26,09:35 PM,Yamuna,Mess,09:19 PM,10:15 PM,0,0,0,0,403.23,106,32.99,Dinner,0,0,1,5
S3728,2026-04-24,01:59 PM,Rajendra,Mess,01:02 PM,02:01 PM,0,0,0,0,269.82,173,46.85,Lunch,0,0,1,5
S3729,2026-04-13,12:23 PM,Ganga,Mess,12:13 PM,12:55 PM,0,0,0,0,306.0,77,35.37,Lunch,1,0,0,7
S3730,2026-04-11,09:05 PM,Azad,Library,0,0,08:33 PM,09:55 PM,08:19 PM,10:21 PM,564.93,21,13.01,None,0,0,0,7
S3731,2026-04-22,05:07 AM,Yamuna,Outside,0,0,0,0,04:08 AM,06:19 AM,288.49,19,1.36,None,0,0,1,8
S3732,2026-04-25,07:08 PM,Yamuna,Mess,07:06 PM,07:27 PM,0,0,0,0,372.39,173,52.21,Dinner,0,0,1,5
S3733,2026-04-22,01:12 PM,Ganga,Library,0,0,10:32 AM,04:04 PM,10:12 AM,04:34 PM,828.6,122,27.56,None,1,0,1,5
S3734,2026-04-06,12:08 AM,Sarojini,Outside,0,0,0,0,0,01:54 AM,331.64,119,7.93,None,0,0,0,8
S3735,2026-04-28,10:08 AM,Rajendra,Mess,09:35 AM,10:22 AM,0,0,0,0,398.75,81,36.78,Breakfast,0,0,1,5
S3736,2026-04-11,02:48 PM,Azad,Library,0,0,02:15 PM,04:30 PM,02:05 PM,04:56 PM,877.02,59,19.73,None,1,0,0,7
S3737,2026-04-11,04:32 PM,Ganga,Library,0,0,03:57 PM,05:52 PM,03:46 PM,06:46 PM,756.99,15,6.06,None,0,0,0,6
S3738,2026-04-29,12:26 PM,Rajendra,Library,0,0,12:24 PM,07:52 PM,11:59 AM,08:47 PM,1054.54,187,32.29,None,0,0,1,3
S3739,2026-04-01,05:41 AM,Azad,Hostel,0,0,0,0,0,0,361.61,31,13.79,None,0,0,0,7
S3740,2026-04-03,06:33 PM,Ganga,Library,0,0,06:30 PM,07:30 PM,06:14 PM,08:05 PM,477.31,143,32.34,None,0,0,0,7
S3741,2026-04-25,09:00 AM,Yamuna,Classroom,0,0,0,0,08:39 AM,09:47 AM,202.47,80,8.25,None,1,1,1,4
S3742,2026-04-01,03:52 PM,Azad,Outside,0,0,0,0,02:55 PM,05:49 PM,257.83,28,1.82,None,1,0,0,8
S3743,2026-04-01,07:01 PM,Rajendra,Library,0,0,05:26 PM,08:22 PM,05:15 PM,08:48 PM,673.85,86,14.66,None,0,0,0,7
S3744,2026-05-01,07:36 PM,Yamuna,Library,0,0,06:53 PM,09:00 PM,06:44 PM,09:38 PM,678.96,79,13.11,None,0,0,0,8
S3745,2026-04-22,07:40 PM,Yamuna,Library,0,0,05:19 PM,11:59 PM,04:57 PM,11:59 PM,685.21,171,31.56,None,0,0,1,6
S3746,2026-04-02,10:04 AM,Azad,Mess,09:44 AM,10:18 AM,0,0,0,0,549.88,155,54.76,Breakfast,1,1,0,7
S3747,2026-04-08,12:05 PM,Ganga,Library,0,0,11:32 AM,01:13 PM,11:21 AM,01:37 PM,796.14,175,28.62,None,0,0,0,6
S3748,2026-04-15,08:25 PM,Yamuna,Library,0,0,08:16 PM,09:58 PM,08:04 PM,10:14 PM,769.6,125,25.63,None,0,0,0,4
S3749,2026-04-07,08:12 PM,Ganga,Hostel,0,0,0,0,0,0,1374.03,105,31.58,None,0,0,0,6
S3750,2026-04-11,08:25 AM,Yamuna,Mess,08:04 AM,08:44 AM,0,0,0,0,610.41,91,31.71,Breakfast,0,0,0,6
S3751,2026-04-21,07:36 AM,Yamuna,Hostel,0,0,0,0,0,0,165.92,149,34.03,None,0,0,1,5
S3752,2026-04-07,09:36 AM,Rajendra,Library,0,0,09:29 AM,10:33 AM,09:05 AM,11:01 AM,671.26,23,8.86,None,1,1,0,5
S3753,2026-04-14,08:09 PM,Ganga,Mess,07:53 PM,08:34 PM,0,0,0,0,431.78,92,46.11,Dinner,0,0,0,6
S3754,2026-04-22,07:35 PM,Ganga,Mess,07:22 PM,07:50 PM,0,0,0,0,457.72,31,39.6,Dinner,0,0,1,4
S3755,2026-04-28,03:08 PM,Ganga,Outside,0,0,0,0,01:13 PM,04:46 PM,353.67,99,14.75,None,0,0,1,4
S3756,2026-04-07,09:35 PM,Azad,Hostel,0,0,0,0,0,0,1013.56,19,13.33,None,0,0,0,8
S3757,2026-04-02,03:02 PM,Yamuna,Outside,0,0,0,0,01:50 PM,05:22 PM,332.72,115,13.36,None,0,0,0,4
S3758,2026-04-29,09:40 AM,Rajendra,Mess,09:32 AM,09:52 AM,0,0,0,0,358.88,47,26.81,Breakfast,1,1,1,5
S3759,2026-04-18,04:24 PM,Yamuna,Classroom,0,0,0,0,04:06 PM,06:05 PM,375.37,194,19.55,None,1,1,0,6
S3760,2026-04-26,07:26 PM,Azad,Mess,07:12 PM,07:40 PM,0,0,0,0,582.64,27,39.42,Dinner,0,0,1,5
S3761,2026-04-28,10:06 PM,Ganga,Library,0,0,09:07 PM,11:59 PM,08:37 PM,11:59 PM,755.19,196,28.09,None,0,0,1,5
S3762,2026-04-18,07:58 AM,Yamuna,Mess,07:42 AM,08:12 AM,0,0,0,0,264.22,183,35.36,Breakfast,0,0,0,8
S3763,2026-04-17,07:47 AM,Sarojini,Mess,07:36 AM,08:05 AM,0,0,0,0,467.27,92,36.02,Breakfast,0,0,0,10
S3764,2026-04-13,08:46 PM,Rajendra,Library,0,0,08:13 PM,09:58 PM,07:49 PM,10:35 PM,825.36,138,19.81,None,0,0,0,7
S3765,2026-04-02,08:18 AM,Sarojini,Mess,07:52 AM,08:34 AM,0,0,0,0,421.63,169,43.99,Breakfast,0,0,0,9
S3766,2026-04-18,12:28 PM,Azad,Mess,12:27 PM,01:17 PM,0,0,0,0,515.71,108,29.95,Lunch,1,0,0,7
S3767,2026-04-19,12:31 PM,Sarojini,Library,0,0,11:47 AM,12:51 PM,11:40 AM,01:43 PM,730.4,43,15.15,None,0,0,0,7
S3768,2026-04-30,08:58 AM,Yamuna,Mess,08:47 AM,09:07 AM,0,0,0,0,431.55,186,47.3,Breakfast,0,0,1,4
S3769,2026-04-05,03:55 PM,Sarojini,Library,0,0,03:42 PM,05:35 PM,03:31 PM,05:47 PM,745.61,11,12.21,None,0,0,0,6
S3770,2026-04-27,09:46 AM,Ganga,Mess,09:08 AM,09:53 AM,0,0,0,0,508.77,134,37.64,Breakfast,0,0,1,7
S3771,2026-04-27,11:45 PM,Yamuna,Outside,0,0,0,0,10:06 PM,11:59 PM,126.57,149,19.6,None,0,0,1,6
S3772,2026-04-23,11:22 PM,Azad,Library,0,0,03:36 PM,11:59 PM,03:18 PM,11:59 PM,1014.05,191,40.46,None,0,0,1,6
S3773,2026-04-27,02:34 AM,Ganga,Outside,0,0,0,0,01:58 AM,05:19 AM,277.56,26,1.61,None,0,0,1,4
S3774,2026-04-30,11:38 PM,Sarojini,Library,0,0,09:32 PM,11:59 PM,09:13 PM,11:59 PM,511.0,161,26.95,None,0,0,1,8
S3775,2026-04-17,10:11 PM,Ganga,Mess,09:30 PM,10:18 PM,0,0,0,0,302.03,48,40.7,Dinner,0,0,0,7
S3776,2026-04-08,05:28 AM,Sarojini,Outside,0,0,0,0,03:42 AM,06:59 AM,272.28,182,16.71,None,0,0,0,7
S3777,2026-04-27,11:43 AM,Sarojini,Classroom,0,0,0,0,11:10 AM,01:32 PM,130.06,32,2.27,None,1,0,1,4
S3778,2026-04-17,04:49 PM,Rajendra,Library,0,0,03:54 PM,06:54 PM,03:24 PM,07:47 PM,804.15,187,25.52,None,1,1,0,6
S3779,2026-04-19,08:23 PM,Yamuna,Library,0,0,08:02 PM,09:19 PM,07:35 PM,09:40 PM,772.64,57,21.01,None,0,0,0,7
S3780,2026-04-21,03:51 PM,Ganga,Library,0,0,02:10 PM,08:12 PM,01:58 PM,08:54 PM,679.59,130,21.15,None,1,0,1,7
S3781,2026-04-02,09:35 PM,Yamuna,Mess,08:49 PM,09:43 PM,0,0,0,0,493.49,136,43.81,Dinner,0,0,0,3
S3782,2026-04-27,08:56 AM,Azad,Mess,08:25 AM,09:04 AM,0,0,0,0,520.4,87,39.02,Breakfast,0,0,1,6
S3783,2026-04-11,10:11 PM,Ganga,Mess,09:24 PM,10:22 PM,0,0,0,0,526.89,64,32.44,Dinner,0,0,0,4
S3784,2026-04-06,08:21 AM,Azad,Mess,08:16 AM,08:58 AM,0,0,0,0,617.01,158,37.64,Breakfast,0,0,0,7
S3785,2026-04-16,09:58 PM,Rajendra,Mess,09:10 PM,10:07 PM,0,0,0,0,548.81,195,52.51,Dinner,0,0,0,6
S3786,2026-04-12,05:58 AM,Azad,Outside,0,0,0,0,04:56 AM,08:39 AM,261.39,18,0.98,None,0,0,0,6
S3787,2026-04-29,02:13 AM,Rajendra,Hostel,0,0,0,0,0,0,144.44,71,19.55,None,0,0,1,6
S3788,2026-04-06,09:42 AM,Sarojini,Hostel,0,0,0,0,0,0,237.43,131,28.68,None,1,1,0,7
S3789,2026-04-22,08:55 AM,Sarojini,Mess,08:34 AM,09:16 AM,0,0,0,0,632.09,150,54.78,Breakfast,0,0,1,4
S3790,2026-04-16,03:21 PM,Ganga,Library,0,0,01:43 PM,03:26 PM,01:27 PM,03:58 PM,1042.79,24,15.47,None,0,0,0,12
S3791,2026-04-07,11:26 AM,Yamuna,Outside,0,0,0,0,10:56 AM,01:03 PM,322.21,88,11.09,None,0,0,0,5
S3792,2026-04-17,12:24 PM,Yamuna,Outside,0,0,0,0,11:04 AM,01:35 PM,332.28,105,10.4,None,0,0,0,7
S3793,2026-04-13,08:42 PM,Yamuna,Library,0,0,08:36 PM,09:06 PM,08:29 PM,09:46 PM,452.63,110,22.04,None,0,0,0,5
S3794,2026-04-16,07:59 AM,Ganga,Mess,07:47 AM,08:38 AM,0,0,0,0,594.64,126,38.38,Breakfast,0,0,0,4
S3795,2026-04-24,10:06 PM,Ganga,Library,0,0,03:54 PM,10:59 PM,03:44 PM,11:18 PM,613.09,81,21.09,None,0,0,1,4
S3796,2026-04-07,02:40 PM,Ganga,Mess,02:09 PM,03:00 PM,0,0,0,0,496.31,62,32.44,Lunch,0,0,0,8
S3797,2026-04-14,09:55 AM,Ganga,Outside,0,0,0,0,08:13 AM,12:05 PM,139.27,177,13.91,None,0,0,0,8
S3798,2026-04-09,06:03 PM,Rajendra,Library,0,0,05:36 PM,06:10 PM,05:14 PM,06:31 PM,467.61,181,32.19,None,0,0,0,8
S3799,2026-04-01,05:41 AM,Rajendra,Outside,0,0,0,0,04:52 AM,07:05 AM,134.69,41,2.8,None,0,0,0,7
S3800,2026-04-26,02:24 PM,Azad,Mess,02:19 PM,02:58 PM,0,0,0,0,561.67,89,41.95,Lunch,1,0,1,4
S3801,2026-04-14,09:28 PM,Rajendra,Hostel,0,0,0,0,0,0,940.5,26,18.08,None,0,0,0,10
S3802,2026-04-14,03:51 AM,Azad,Outside,0,0,0,0,02:30 AM,05:13 AM,373.91,45,5.81,None,0,0,0,7
S3803,2026-04-14,12:38 PM,Yamuna,Mess,12:37 PM,12:58 PM,0,0,0,0,434.76,102,38.99,Lunch,1,0,0,7
S3804,2026-04-17,07:59 AM,Rajendra,Outside,0,0,0,0,07:06 AM,09:53 AM,315.17,191,17.07,None,0,0,0,8
S3805,2026-05-01,06:23 AM,Azad,Hostel,0,0,0,0,0,0,192.15,144,38.54,None,0,0,0,7
S3806,2026-04-20,09:01 PM,Ganga,Library,0,0,04:49 PM,11:59 PM,04:43 PM,11:59 PM,785.58,71,16.26,None,0,0,1,6
S3807,2026-04-28,06:43 PM,Ganga,Classroom,0,0,0,0,06:08 PM,08:40 PM,285.69,178,18.52,None,1,1,1,7
S3808,2026-04-13,08:21 PM,Sarojini,Hostel,0,0,0,0,0,0,1134.9,184,31.38,None,0,0,0,7
S3809,2026-04-22,10:17 AM,Yamuna,Classroom,0,0,0,0,09:41 AM,11:18 AM,111.18,59,4.07,None,1,1,1,4
S3810,2026-04-04,10:57 AM,Yamuna,Hostel,0,0,0,0,0,0,288.6,24,15.8,None,0,0,0,4
S3811,2026-04-26,09:55 PM,Ganga,Mess,09:36 PM,10:26 PM,0,0,0,0,661.99,40,39.79,Dinner,0,0,1,5
S3812,2026-04-07,10:58 AM,Ganga,Library,0,0,10:40 AM,12:41 PM,10:18 AM,01:18 PM,837.48,96,24.86,None,1,1,0,7
S3813,2026-04-29,02:12 PM,Sarojini,Library,0,0,09:35 AM,02:43 PM,09:13 AM,03:07 PM,1013.9,65,12.88,None,1,0,1,6
S3814,2026-04-07,09:55 PM,Rajendra,Library,0,0,09:11 PM,11:21 PM,08:53 PM,11:57 PM,624.46,136,22.33,None,0,0,0,8
S3815,2026-04-26,07:53 AM,Yamuna,Mess,07:39 AM,08:19 AM,0,0,0,0,427.24,61,34.35,Breakfast,0,0,1,4
S3816,2026-04-13,08:16 AM,Sarojini,Mess,07:55 AM,08:29 AM,0,0,0,0,668.96,55,29.17,Breakfast,0,0,0,8
S3817,2026-04-03,02:39 PM,Rajendra,Library,0,0,02:31 PM,05:01 PM,02:02 PM,05:37 PM,865.21,118,20.83,None,0,0,0,13
S3818,2026-04-26,10:26 PM,Rajendra,Library,0,0,06:39 PM,11:59 PM,06:12 PM,11:59 PM,685.28,15,17.22,None,0,0,1,4
S3819,2026-04-27,01:38 PM,Yamuna,Library,0,0,11:13 AM,04:47 PM,10:53 AM,05:16 PM,704.16,47,13.66,None,1,0,1,4
S3820,2026-04-21,04:46 PM,Sarojini,Library,0,0,10:19 AM,06:51 PM,09:54 AM,07:22 PM,866.68,104,25.89,None,1,1,1,7
S3821,2026-04-08,01:29 PM,Yamuna,Mess,01:04 PM,01:35 PM,0,0,0,0,328.64,177,41.24,Lunch,1,0,0,5
S3822,2026-04-04,07:22 AM,Yamuna,Mess,07:18 AM,07:42 AM,0,0,0,0,464.36,28,32.38,Breakfast,0,0,0,7
S3823,2026-04-23,04:09 AM,Rajendra,Hostel,0,0,0,0,0,0,278.02,97,22.95,None,0,0,1,5
S3824,2026-04-02,07:35 AM,Azad,Mess,07:30 AM,07:51 AM,0,0,0,0,530.39,79,39.63,Breakfast,0,0,0,6
S3825,2026-04-01,01:04 PM,Ganga,Hostel,0,0,0,0,0,0,281.81,182,38.63,None,1,0,0,8
S3826,2026-04-03,08:07 AM,Sarojini,Mess,07:37 AM,08:27 AM,0,0,0,0,458.69,41,42.14,Breakfast,0,0,0,5
S3827,2026-04-29,08:40 PM,Sarojini,Mess,08:14 PM,09:09 PM,0,0,0,0,545.01,68,44.5,Dinner,0,0,1,4
S3828,2026-04-24,09:23 PM,Azad,Library,0,0,03:46 PM,10:59 PM,03:39 PM,11:53 PM,749.58,116,21.15,None,0,0,1,8
S3829,2026-04-30,03:49 PM,Rajendra,Outside,0,0,0,0,02:47 PM,05:37 PM,330.4,129,14.32,None,1,0,1,8
S3830,2026-04-09,05:06 AM,Sarojini,Hostel,0,0,0,0,0,0,265.07,157,37.66,None,0,0,0,8
S3831,2026-04-16,04:18 PM,Ganga,Library,0,0,03:46 PM,05:20 PM,03:17 PM,05:48 PM,510.5,28,14.26,None,0,0,0,8
S3832,2026-04-19,11:18 AM,Yamuna,Hostel,0,0,0,0,0,0,340.0,172,23.49,None,1,0,0,6
S3833,2026-04-04,08:53 PM,Yamuna,Mess,08:48 PM,09:30 PM,0,0,0,0,437.04,15,40.06,Dinner,0,0,0,4
S3834,2026-04-18,02:26 PM,Sarojini,Classroom,0,0,0,0,02:16 PM,04:19 PM,172.02,88,12.68,None,1,0,0,10
S3835,2026-04-13,12:31 PM,Azad,Outside,0,0,0,0,10:45 AM,02:05 PM,155.11,49,4.52,None,0,0,0,9
S3836,2026-04-08,02:34 AM,Ganga,Hostel,0,0,0,0,0,0,384.48,66,21.03,None,0,0,0,3
S3837,2026-04-06,02:21 PM,Rajendra,Library,0,0,02:07 PM,04:47 PM,01:48 PM,05:39 PM,702.32,62,20.49,None,0,0,0,8
S3838,2026-04-18,09:55 PM,Rajendra,Outside,0,0,0,0,07:58 PM,11:59 PM,286.26,66,7.77,None,0,0,0,7
S3839,2026-04-23,08:48 PM,Azad,Library,0,0,06:11 PM,11:59 PM,06:01 PM,11:59 PM,612.44,47,12.5,None,0,0,1,7
S3840,2026-04-30,10:17 PM,Sarojini,Library,0,0,08:15 PM,11:59 PM,08:08 PM,11:59 PM,798.28,44,19.69,None,0,0,1,6
S3841,2026-04-30,07:05 PM,Ganga,Library,0,0,02:43 PM,08:39 PM,02:16 PM,09:02 PM,700.25,156,24.78,None,0,0,1,4
S3842,2026-04-14,06:35 PM,Sarojini,Library,0,0,06:33 PM,07:33 PM,06:03 PM,08:24 PM,850.19,35,14.95,None,0,0,0,17
S3843,2026-04-21,11:02 AM,Yamuna,Classroom,0,0,0,0,10:48 AM,12:28 PM,366.93,103,5.69,None,1,0,1,5
S3844,2026-04-21,08:01 AM,Rajendra,Mess,07:54 AM,08:45 AM,0,0,0,0,436.32,33,26.47,Breakfast,0,0,1,6
S3845,2026-04-15,07:08 PM,Ganga,Library,0,0,06:12 PM,08:55 PM,06:07 PM,09:06 PM,599.48,123,14.69,None,0,0,0,13
S3846,2026-04-21,03:51 PM,Rajendra,Outside,0,0,0,0,02:25 PM,05:15 PM,256.4,89,9.52,None,0,0,1,5
S3847,2026-04-10,02:21 PM,Ganga,Library,0,0,01:10 PM,03:21 PM,12:46 PM,03:42 PM,856.39,82,18.37,None,0,0,0,7
S3848,2026-04-12,05:02 AM,Ganga,Outside,0,0,0,0,03:04 AM,07:44 AM,128.67,122,14.59,None,0,0,0,8
S3849,2026-04-11,10:04 PM,Ganga,Hostel,0,0,0,0,0,0,935.17,147,33.62,None,0,0,0,8
S3850,2026-04-13,08:31 PM,Rajendra,Mess,08:07 PM,08:46 PM,0,0,0,0,366.1,166,45.35,Dinner,0,0,0,7
S3851,2026-04-13,08:03 PM,Azad,Mess,07:47 PM,08:10 PM,0,0,0,0,465.33,123,36.69,Dinner,0,0,0,7
S3852,2026-04-28,10:54 PM,Sarojini,Library,0,0,10:22 PM,11:59 PM,10:08 PM,11:59 PM,744.91,140,22.57,None,0,0,1,4
S3853,2026-04-22,11:14 PM,Ganga,Library,0,0,10:35 PM,11:59 PM,10:10 PM,11:59 PM,494.87,140,29.63,None,0,0,1,5
S3854,2026-04-07,08:41 PM,Sarojini,Library,0,0,06:53 PM,08:53 PM,06:28 PM,09:52 PM,813.33,73,13.39,None,0,0,0,7
S3855,2026-04-07,11:48 AM,Ganga,Library,0,0,10:36 AM,12:09 PM,10:15 AM,12:20 PM,630.84,29,9.39,None,0,0,0,9
S3856,2026-04-16,10:35 PM,Ganga,Mess,09:46 PM,10:41 PM,0,0,0,0,538.37,161,42.75,Dinner,0,0,0,7
S3857,2026-04-18,08:21 AM,Yamuna,Classroom,0,0,0,0,08:10 AM,09:35 AM,387.3,182,19.86,None,1,1,0,7
S3858,2026-04-14,02:46 PM,Azad,Library,0,0,01:42 PM,04:28 PM,01:24 PM,05:28 PM,972.11,136,31.93,None,1,0,0,9
S3859,2026-04-25,02:13 AM,Sarojini,Hostel,0,0,0,0,0,0,353.01,63,18.8,None,0,0,1,7
S3860,2026-04-28,07:26 PM,Rajendra,Library,0,0,06:40 PM,11:59 PM,06:19 PM,11:59 PM,676.73,150,16.76,None,0,0,1,5
S3861,2026-04-12,11:43 PM,Sarojini,Library,0,0,10:22 PM,11:59 PM,09:57 PM,11:59 PM,696.16,84,16.56,None,0,0,0,7
S3862,2026-05-01,11:51 AM,Azad,Library,0,0,11:27 AM,12:46 PM,11:04 AM,01:27 PM,825.42,137,25.3,None,1,0,0,8
S3863,2026-04-29,07:51 PM,Rajendra,Mess,07:32 PM,08:17 PM,0,0,0,0,440.22,143,57.57,Dinner,0,0,1,7
S3864,2026-04-23,02:10 PM,Sarojini,Mess,01:36 PM,02:10 PM,0,0,0,0,484.27,43,34.67,Lunch,1,0,1,5
S3865,2026-04-10,02:42 PM,Yamuna,Mess,02:21 PM,03:10 PM,0,0,0,0,437.46,12,22.33,Lunch,0,0,0,8
S3866,2026-05-01,12:12 AM,Yamuna,Outside,0,0,0,0,0,02:12 AM,337.99,91,9.11,None,0,0,0,6
S3867,2026-04-05,11:22 AM,Yamuna,Outside,0,0,0,0,09:32 AM,12:48 PM,383.8,184,15.56,None,1,0,0,7
S3868,2026-04-15,04:25 PM,Ganga,Outside,0,0,0,0,02:40 PM,06:29 PM,165.61,66,3.8,None,0,0,0,7
S3869,2026-04-09,10:46 PM,Rajendra,Library,0,0,10:09 PM,11:13 PM,09:59 PM,11:24 PM,743.65,59,17.76,None,0,0,0,7
S3870,2026-04-13,09:36 AM,Sarojini,Mess,09:08 AM,09:38 AM,0,0,0,0,397.5,145,45.14,Breakfast,1,1,0,6
S3871,2026-04-18,07:27 PM,Sarojini,Outside,0,0,0,0,06:09 PM,08:52 PM,283.62,176,12.02,None,0,0,0,8
S3872,2026-04-27,09:34 PM,Yamuna,Mess,09:07 PM,09:55 PM,0,0,0,0,266.24,146,45.09,Dinner,0,0,1,4
S3873,2026-04-11,09:21 AM,Ganga,Outside,0,0,0,0,08:46 AM,11:49 AM,163.2,64,5.29,None,0,0,0,8
S3874,2026-04-18,06:48 PM,Sarojini,Library,0,0,04:57 PM,06:54 PM,04:35 PM,07:09 PM,862.85,116,31.17,None,0,0,0,6
S3875,2026-05-01,05:55 PM,Yamuna,Outside,0,0,0,0,04:55 PM,07:26 PM,285.81,177,19.19,None,0,0,0,13
S3876,2026-04-26,02:33 PM,Yamuna,Hostel,0,0,0,0,0,0,346.11,60,31.2,None,0,0,1,6
S3877,2026-04-29,05:23 PM,Yamuna,Library,0,0,11:18 AM,07:51 PM,11:01 AM,08:07 PM,481.23,169,28.48,None,0,0,1,5
S3878,2026-04-01,01:06 PM,Azad,Mess,12:59 PM,01:36 PM,0,0,0,0,285.15,176,42.25,Lunch,1,0,0,6
S3879,2026-04-20,01:18 AM,Yamuna,Hostel,0,0,0,0,0,0,335.98,14,20.73,None,0,0,1,5
S3880,2026-04-23,06:46 PM,Rajendra,Classroom,0,0,0,0,06:34 PM,08:02 PM,289.24,174,24.34,None,1,1,1,4
S3881,2026-04-06,04:13 PM,Azad,Library,0,0,03:53 PM,04:26 PM,03:38 PM,05:15 PM,632.66,83,16.0,None,0,0,0,6
S3882,2026-04-09,09:07 PM,Sarojini,Library,0,0,08:47 PM,09:37 PM,08:34 PM,10:30 PM,671.85,62,19.47,None,0,0,0,10
S3883,2026-04-10,02:14 PM,Rajendra,Mess,02:09 PM,02:42 PM,0,0,0,0,297.24,99,43.44,Lunch,1,0,0,6
S3884,2026-04-04,05:02 PM,Yamuna,Library,0,0,04:34 PM,05:15 PM,04:12 PM,05:37 PM,811.08,107,13.71,None,0,0,0,7
S3885,2026-04-25,08:36 AM,Rajendra,Outside,0,0,0,0,06:52 AM,10:45 AM,377.12,31,2.91,None,0,0,1,6
S3886,2026-04-04,01:29 PM,Rajendra,Mess,12:53 PM,01:44 PM,0,0,0,0,554.39,162,46.77,Lunch,0,0,0,8
S3887,2026-04-29,01:42 PM,Ganga,Library,0,0,11:47 AM,05:08 PM,11:33 AM,05:56 PM,588.52,154,32.85,None,0,0,1,5
S3888,2026-04-16,07:22 AM,Ganga,Mess,07:16 AM,07:51 AM,0,0,0,0,273.28,196,55.24,Breakfast,0,0,0,6
S3889,2026-04-03,10:01 AM,Sarojini,Library,0,0,09:20 AM,11:43 AM,08:50 AM,12:36 PM,991.58,28,13.4,None,1,1,0,7
S3890,2026-04-15,11:01 PM,Azad,Library,0,0,09:43 PM,11:19 PM,09:32 PM,11:47 PM,575.32,175,20.27,None,0,0,0,10
S3891,2026-04-20,01:08 PM,Azad,Library,0,0,09:02 AM,04:27 PM,08:40 AM,04:42 PM,728.39,139,22.75,None,1,0,1,6
S3892,2026-04-26,11:11 PM,Azad,Outside,0,0,0,0,10:20 PM,11:59 PM,113.5,78,6.42,None,0,0,1,5
S3893,2026-04-25,10:42 PM,Rajendra,Library,0,0,04:36 PM,11:48 PM,04:19 PM,11:59 PM,936.81,177,21.15,None,0,0,1,4
S3894,2026-04-29,09:56 PM,Azad,Library,0,0,09:52 PM,11:59 PM,09:44 PM,11:59 PM,643.1,164,27.24,None,0,0,1,4
S3895,2026-04-29,11:49 PM,Ganga,Library,0,0,09:51 PM,11:59 PM,09:46 PM,11:59 PM,745.81,39,15.71,None,0,0,1,4
S3896,2026-04-01,12:51 PM,Azad,Hostel,0,0,0,0,0,0,231.13,133,27.75,None,1,0,0,6
S3897,2026-04-16,09:29 PM,Sarojini,Library,0,0,09:15 PM,10:40 PM,08:52 PM,10:57 PM,954.91,117,23.21,None,0,0,0,9
S3898,2026-04-30,02:57 PM,Sarojini,Library,0,0,09:17 AM,02:57 PM,09:09 AM,03:45 PM,816.81,69,21.66,None,0,0,1,4
S3899,2026-04-12,06:59 PM,Sarojini,Library,0,0,06:26 PM,08:14 PM,06:18 PM,08:35 PM,474.32,101,18.34,None,0,0,0,6
S3900,2026-04-09,10:23 PM,Yamuna,Mess,09:53 PM,10:38 PM,0,0,0,0,479.83,198,58.96,Dinner,0,0,0,4
S3901,2026-04-27,04:39 PM,Azad,Outside,0,0,0,0,03:53 PM,07:37 PM,236.53,161,21.02,None,0,0,1,4
S3902,2026-04-25,08:23 AM,Yamuna,Mess,08:16 AM,09:12 AM,0,0,0,0,386.56,93,42.14,Breakfast,0,0,1,7
S3903,2026-04-10,02:54 PM,Ganga,Library,0,0,02:16 PM,03:01 PM,02:04 PM,03:13 PM,847.73,127,26.06,None,1,0,0,3
S3904,2026-04-03,08:54 PM,Rajendra,Mess,08:26 PM,09:08 PM,0,0,0,0,397.79,31,23.69,Dinner,0,0,0,8
S3905,2026-04-06,03:38 AM,Rajendra,Outside,0,0,0,0,01:45 AM,06:00 AM,352.87,28,2.68,None,0,0,0,7
S3906,2026-04-11,08:18 PM,Yamuna,Mess,08:00 PM,08:55 PM,0,0,0,0,425.68,84,44.79,Dinner,0,0,0,7
S3907,2026-04-28,09:01 PM,Azad,Library,0,0,12:41 PM,09:31 PM,12:18 PM,09:58 PM,797.12,55,16.61,None,0,0,1,4
S3908,2026-04-12,10:04 PM,Rajendra,Mess,09:17 PM,10:13 PM,0,0,0,0,334.54,161,43.95,Dinner,0,0,0,3
S3909,2026-04-02,02:07 AM,Ganga,Hostel,0,0,0,0,0,0,118.59,102,23.98,None,0,0,0,7
S3910,2026-05-01,08:57 AM,Sarojini,Mess,08:32 AM,08:59 AM,0,0,0,0,343.23,159,51.54,Breakfast,0,0,0,10
S3911,2026-04-13,09:35 PM,Ganga,Library,0,0,09:10 PM,11:11 PM,09:05 PM,11:36 PM,702.3,28,9.39,None,0,0,0,7
S3912,2026-04-26,10:40 AM,Azad,Hostel,0,0,0,0,0,0,233.74,141,28.45,None,1,1,1,4
S3913,2026-04-16,05:42 PM,Azad,Outside,0,0,0,0,04:17 PM,07:04 PM,178.78,166,20.33,None,0,0,0,8
S3914,2026-04-03,09:42 AM,Sarojini,Mess,09:18 AM,09:47 AM,0,0,0,0,219.99,49,43.02,Breakfast,0,0,0,4
S3915,2026-04-30,12:35 PM,Ganga,Outside,0,0,0,0,11:23 AM,02:35 PM,382.53,29,2.81,None,1,0,1,4
S3916,2026-04-08,01:11 PM,Rajendra,Library,0,0,12:43 PM,02:30 PM,12:27 PM,02:47 PM,585.66,46,11.13,None,1,0,0,7
S3917,2026-04-05,09:09 AM,Ganga,Mess,08:45 AM,09:34 AM,0,0,0,0,488.64,97,49.44,Breakfast,0,0,0,8
S3918,2026-04-04,11:57 AM,Yamuna,Library,0,0,09:12 AM,11:58 AM,09:06 AM,12:14 PM,753.31,166,22.53,None,1,0,0,7
S3919,2026-04-13,02:36 PM,Rajendra,Outside,0,0,0,0,01:24 PM,05:35 PM,198.87,94,13.59,None,0,0,0,7
S3920,2026-04-20,03:43 PM,Ganga,Library,0,0,10:22 AM,04:00 PM,10:12 AM,04:31 PM,951.28,46,14.94,None,1,0,1,6
S3921,2026-04-06,09:49 PM,Sarojini,Library,0,0,09:16 PM,10:40 PM,09:04 PM,10:57 PM,625.28,159,18.68,None,0,0,0,6
S3922,2026-04-17,11:34 PM,Ganga,Library,0,0,10:43 PM,11:59 PM,10:31 PM,11:59 PM,692.24,13,8.92,None,0,0,0,8
S3923,2026-04-03,01:33 PM,Yamuna,Hostel,0,0,0,0,0,0,296.49,151,41.62,None,0,0,0,7
S3924,2026-04-30,06:25 AM,Yamuna,Outside,0,0,0,0,05:22 AM,07:47 AM,295.5,148,10.26,None,0,0,1,4
S3925,2026-04-09,08:31 AM,Azad,Mess,08:09 AM,08:58 AM,0,0,0,0,565.24,188,44.36,Breakfast,0,0,0,7
S3926,2026-04-19,12:33 PM,Yamuna,Mess,12:15 PM,01:05 PM,0,0,0,0,490.37,58,39.54,Lunch,1,0,0,7
S3927,2026-04-02,05:51 PM,Rajendra,Classroom,0,0,0,0,05:18 PM,07:40 PM,388.42,93,10.34,None,1,1,0,9
S3928,2026-04-03,08:09 PM,Ganga,Mess,08:09 PM,08:29 PM,0,0,0,0,435.86,131,39.31,Dinner,0,0,0,10
S3929,2026-04-05,08:17 AM,Yamuna,Mess,08:04 AM,08:40 AM,0,0,0,0,372.17,181,41.5,Breakfast,0,0,0,7
S3930,2026-04-24,02:13 PM,Ganga,Hostel,0,0,0,0,0,0,206.97,40,25.72,None,1,0,1,6
S3931,2026-04-28,09:06 PM,Yamuna,Mess,09:00 PM,09:53 PM,0,0,0,0,390.7,129,31.32,Dinner,0,0,1,4
S3932,2026-05-01,08:11 PM,Azad,Mess,07:53 PM,08:18 PM,0,0,0,0,342.03,136,48.93,Dinner,0,0,0,5
S3933,2026-04-27,11:35 PM,Yamuna,Library,0,0,10:24 PM,11:59 PM,10:17 PM,11:59 PM,674.79,36,17.26,None,0,0,1,4
S3934,2026-04-06,08:05 AM,Yamuna,Outside,0,0,0,0,06:25 AM,11:04 AM,132.73,193,13.0,None,0,0,0,7
S3935,2026-04-10,01:17 PM,Yamuna,Library,0,0,12:21 PM,02:06 PM,12:15 PM,02:19 PM,933.69,173,29.1,None,0,0,0,6
S3936,2026-04-12,12:02 PM,Ganga,Classroom,0,0,0,0,11:25 AM,01:27 PM,178.59,69,4.41,None,1,0,0,7
S3937,2026-04-21,02:37 PM,Yamuna,Library,0,0,09:56 AM,04:01 PM,09:47 AM,04:56 PM,772.89,186,35.27,None,0,0,1,7
S3938,2026-04-23,05:59 PM,Azad,Hostel,0,0,0,0,0,0,373.67,111,26.68,None,0,0,1,7
S3939,2026-04-24,11:52 PM,Ganga,Hostel,0,0,0,0,0,0,1253.75,137,35.37,None,0,0,1,6
S3940,2026-04-16,09:27 AM,Yamuna,Mess,09:26 AM,10:05 AM,0,0,0,0,460.13,172,56.96,Breakfast,1,1,0,7
S3941,2026-04-02,06:55 AM,Sarojini,Hostel,0,0,0,0,0,0,383.1,113,23.97,None,0,0,0,3
S3942,2026-04-19,08:08 PM,Rajendra,Mess,08:08 PM,08:28 PM,0,0,0,0,443.77,111,37.57,Dinner,0,0,0,7
S3943,2026-04-07,08:45 AM,Azad,Mess,08:19 AM,08:50 AM,0,0,0,0,503.69,136,41.38,Breakfast,0,0,0,6
S3944,2026-04-03,01:37 PM,Yamuna,Library,0,0,12:16 PM,01:41 PM,11:59 AM,02:05 PM,853.88,122,14.03,None,1,0,0,7
S3945,2026-04-15,08:44 PM,Ganga,Library,0,0,08:05 PM,08:44 PM,07:47 PM,09:00 PM,771.08,61,19.15,None,0,0,0,7
S3946,2026-04-20,02:50 AM,Yamuna,Outside,0,0,0,0,01:10 AM,05:42 AM,278.34,142,19.54,None,0,0,1,6
S3947,2026-04-25,10:16 PM,Azad,Library,0,0,09:10 PM,11:59 PM,08:59 PM,11:59 PM,663.64,188,32.28,None,0,0,1,8
S3948,2026-04-12,09:16 PM,Rajendra,Outside,0,0,0,0,08:14 PM,11:59 PM,360.59,110,8.52,None,0,0,0,9
S3949,2026-04-08,08:54 PM,Ganga,Library,0,0,08:17 PM,10:03 PM,08:03 PM,10:58 PM,826.02,42,12.88,None,0,0,0,8
S3950,2026-04-29,04:50 PM,Rajendra,Library,0,0,03:17 PM,11:52 PM,03:07 PM,11:59 PM,822.33,158,25.08,None,0,0,1,6
S3951,2026-04-10,06:37 AM,Azad,Outside,0,0,0,0,04:58 AM,08:54 AM,233.0,71,4.97,None,0,0,0,6
S3952,2026-04-02,07:01 PM,Ganga,Library,0,0,06:04 PM,07:41 PM,05:50 PM,08:24 PM,936.16,140,18.15,None,0,0,0,8
S3953,2026-04-25,08:12 AM,Sarojini,Hostel,0,0,0,0,0,0,122.62,157,19.51,None,0,0,1,4
S3954,2026-04-22,04:57 AM,Azad,Outside,0,0,0,0,04:15 AM,07:26 AM,329.03,183,25.36,None,0,0,1,8
S3955,2026-04-17,04:51 AM,Azad,Hostel,0,0,0,0,0,0,155.12,127,43.61,None,0,0,0,8
S3956,2026-04-29,03:42 AM,Ganga,Outside,0,0,0,0,02:35 AM,05:00 AM,375.51,177,26.37,None,0,0,1,4
S3957,2026-04-11,07:47 AM,Azad,Mess,07:22 AM,08:11 AM,0,0,0,0,583.9,29,31.9,Breakfast,0,0,0,7
S3958,2026-04-17,07:32 PM,Yamuna,Library,0,0,05:14 PM,07:32 PM,04:47 PM,07:52 PM,492.49,136,26.69,None,0,0,0,7
S3959,2026-04-04,07:31 AM,Rajendra,Outside,0,0,0,0,06:02 AM,10:26 AM,221.84,137,17.24,None,0,0,0,6
S3960,2026-04-09,08:48 PM,Yamuna,Mess,08:01 PM,08:51 PM,0,0,0,0,569.94,195,55.02,Dinner,0,0,0,3
S3961,2026-04-09,02:36 PM,Sarojini,Mess,02:14 PM,02:49 PM,0,0,0,0,525.02,154,42.1,Lunch,0,0,0,7
S3962,2026-04-06,07:08 PM,Ganga,Library,0,0,06:22 PM,08:21 PM,06:12 PM,09:09 PM,1012.01,41,12.26,None,0,0,0,8
S3963,2026-04-11,09:41 PM,Yamuna,Mess,09:12 PM,10:01 PM,0,0,0,0,623.08,46,28.09,Dinner,0,0,0,8
S3964,2026-04-07,09:27 AM,Azad,Outside,0,0,0,0,08:43 AM,10:37 AM,283.27,138,10.79,None,1,1,0,11
S3965,2026-04-25,05:05 PM,Azad,Library,0,0,11:30 AM,07:42 PM,11:22 AM,08:27 PM,768.42,23,14.99,None,0,0,1,5
S3966,2026-04-11,08:07 AM,Yamuna,Outside,0,0,0,0,07:36 AM,10:24 AM,237.43,149,16.09,None,0,0,0,5
S3967,2026-04-06,07:09 PM,Ganga,Outside,0,0,0,0,06:26 PM,09:22 PM,177.07,124,16.21,None,0,0,0,3
S3968,2026-04-19,07:57 AM,Yamuna,Hostel,0,0,0,0,0,0,280.98,18,21.13,None,0,0,0,6
S3969,2026-04-01,07:59 PM,Yamuna,Mess,07:29 PM,08:18 PM,0,0,0,0,653.64,107,44.44,Dinner,0,0,0,4
S3970,2026-04-04,02:59 PM,Azad,Mess,02:38 PM,03:24 PM,0,0,0,0,541.06,26,34.5,Lunch,1,0,0,8
S3971,2026-05-01,05:00 PM,Ganga,Library,0,0,04:27 PM,06:37 PM,03:58 PM,07:01 PM,747.79,91,19.97,None,0,0,0,7
S3972,2026-04-30,01:43 PM,Sarojini,Mess,12:54 PM,01:53 PM,0,0,0,0,417.06,99,46.55,Lunch,0,0,1,5
S3973,2026-04-24,07:53 AM,Ganga,Mess,07:43 AM,08:32 AM,0,0,0,0,415.34,110,39.96,Breakfast,0,0,1,3
S3974,2026-04-02,07:22 PM,Rajendra,Mess,07:05 PM,07:26 PM,0,0,0,0,658.86,96,35.81,Dinner,0,0,0,7
S3975,2026-04-22,05:26 PM,Sarojini,Outside,0,0,0,0,04:46 PM,08:03 PM,156.97,43,3.36,None,0,0,1,3
S3976,2026-04-24,07:29 PM,Ganga,Library,0,0,06:06 PM,11:59 PM,05:53 PM,11:59 PM,581.98,12,15.1,None,0,0,1,3
S3977,2026-04-29,09:58 PM,Yamuna,Library,0,0,09:20 PM,11:59 PM,08:57 PM,11:59 PM,682.35,121,18.6,None,0,0,1,5
S3978,2026-04-22,11:53 PM,Ganga,Library,0,0,08:36 PM,11:59 PM,08:09 PM,11:59 PM,551.76,179,26.3,None,0,0,1,5
S3979,2026-04-05,02:32 PM,Azad,Library,0,0,02:09 PM,03:12 PM,01:47 PM,04:06 PM,992.36,94,19.04,None,1,0,0,10
S3980,2026-04-12,12:41 PM,Yamuna,Mess,12:17 PM,12:56 PM,0,0,0,0,463.72,52,38.46,Lunch,1,0,0,8
S3981,2026-04-04,02:48 PM,Rajendra,Mess,02:46 PM,03:22 PM,0,0,0,0,559.89,50,26.21,Lunch,1,0,0,7
S3982,2026-04-02,09:53 PM,Sarojini,Outside,0,0,0,0,08:33 PM,11:57 PM,239.28,171,11.11,None,0,0,0,4
S3983,2026-04-14,09:43 AM,Sarojini,Hostel,0,0,0,0,0,0,247.82,151,33.16,None,0,0,0,8
S3984,2026-04-10,07:38 AM,Ganga,Mess,07:10 AM,07:41 AM,0,0,0,0,609.46,187,55.28,Breakfast,0,0,0,7
S3985,2026-05-01,06:34 PM,Rajendra,Classroom,0,0,0,0,06:21 PM,07:23 PM,270.09,173,15.01,None,1,1,0,8
S3986,2026-04-20,09:34 AM,Azad,Mess,08:47 AM,09:47 AM,0,0,0,0,602.08,129,44.63,Breakfast,1,1,1,6
S3987,2026-04-05,11:44 AM,Ganga,Outside,0,0,0,0,10:28 AM,02:15 PM,383.0,162,19.62,None,0,0,0,9
S3988,2026-04-04,04:43 PM,Azad,Outside,0,0,0,0,03:53 PM,07:35 PM,300.61,139,18.89,None,1,1,0,6
S3989,2026-04-26,08:46 AM,Sarojini,Mess,08:27 AM,08:58 AM,0,0,0,0,632.22,58,32.93,Breakfast,0,0,1,5
S3990,2026-04-13,08:47 PM,Sarojini,Mess,08:27 PM,08:54 PM,0,0,0,0,509.73,121,29.32,Dinner,0,0,0,5
S3991,2026-04-23,09:04 PM,Ganga,Library,0,0,07:51 PM,11:59 PM,07:26 PM,11:59 PM,649.3,116,30.61,None,0,0,1,5
S3992,2026-04-21,07:33 PM,Rajendra,Mess,07:21 PM,08:06 PM,0,0,0,0,321.01,154,43.37,Dinner,0,0,1,3
S3993,2026-04-06,04:02 AM,Rajendra,Outside,0,0,0,0,02:14 AM,06:23 AM,280.83,57,5.04,None,0,0,0,10
S3994,2026-04-06,11:32 PM,Yamuna,Library,0,0,10:25 PM,11:59 PM,10:01 PM,11:59 PM,805.39,123,17.13,None,0,0,0,8
S3995,2026-04-18,01:30 PM,Yamuna,Library,0,0,01:27 PM,02:23 PM,01:10 PM,03:17 PM,488.41,63,16.96,None,1,0,0,4
S3996,2026-04-20,09:31 AM,Ganga,Hostel,0,0,0,0,0,0,346.42,75,33.01,None,0,0,1,8
S3997,2026-04-02,11:41 AM,Yamuna,Library,0,0,09:56 AM,12:07 PM,09:50 AM,12:49 PM,520.38,73,23.3,None,0,0,0,8
S3998,2026-04-17,12:30 PM,Rajendra,Mess,12:21 PM,01:03 PM,0,0,0,0,525.34,63,36.84,Lunch,0,0,0,8
S3999,2026-04-28,08:38 AM,Rajendra,Mess,08:14 AM,08:45 AM,0,0,0,0,450.46,69,38.1,Breakfast,0,0,1,4
S4000,2026-04-03,05:56 PM,Yamuna,Outside,0,0,0,0,04:21 PM,08:46 PM,212.73,152,7.84,None,0,0,0,7
S4001,2026-04-28,02:56 PM,Sarojini,Mess,02:40 PM,03:13 PM,0,0,0,0,360.7,88,30.6,Lunch,0,0,1,4
S4002,2026-04-29,04:27 PM,Azad,Hostel,0,0,0,0,0,0,319.55,44,17.49,None,1,1,1,7
S4003,2026-04-01,02:55 PM,Yamuna,Library,0,0,12:30 PM,03:18 PM,12:00 PM,03:56 PM,729.05,14,11.32,None,1,0,0,5
S4004,2026-04-12,04:55 PM,Yamuna,Hostel,0,0,0,0,0,0,191.63,30,16.5,None,0,0,0,8
S4005,2026-04-02,05:59 PM,Yamuna,Library,0,0,04:24 PM,05:59 PM,03:57 PM,06:36 PM,836.27,181,22.65,None,0,0,0,7
S4006,2026-04-08,10:05 PM,Ganga,Outside,0,0,0,0,09:00 PM,11:27 PM,367.97,19,1.0,None,0,0,0,5
S4007,2026-04-16,08:18 AM,Yamuna,Mess,07:44 AM,08:23 AM,0,0,0,0,281.2,59,36.54,Breakfast,0,0,0,6
S4008,2026-04-26,03:02 PM,Ganga,Mess,02:27 PM,03:17 PM,0,0,0,0,441.24,14,25.77,Lunch,1,0,1,5
S4009,2026-04-14,01:24 PM,Ganga,Library,0,0,10:58 AM,01:30 PM,10:44 AM,02:13 PM,762.35,116,15.1,None,1,0,0,8
S4010,2026-04-13,01:22 PM,Azad,Mess,12:53 PM,01:52 PM,0,0,0,0,268.67,185,52.76,Lunch,0,0,0,6
S4011,2026-04-03,04:03 PM,Ganga,Library,0,0,03:00 PM,04:29 PM,02:51 PM,04:48 PM,656.21,51,19.97,None,0,0,0,7
S4012,2026-04-21,02:24 PM,Rajendra,Mess,02:13 PM,02:33 PM,0,0,0,0,689.74,118,36.77,Lunch,0,0,1,6
S4013,2026-04-10,08:45 PM,Azad,Mess,08:43 PM,09:21 PM,0,0,0,0,540.55,125,39.29,Dinner,0,0,0,5
S4014,2026-04-06,02:02 PM,Rajendra,Mess,01:46 PM,02:26 PM,0,0,0,0,482.66,14,31.32,Lunch,1,0,0,10
S4015,2026-04-24,06:41 PM,Yamuna,Hostel,0,0,0,0,0,0,140.8,132,33.59,None,0,0,1,6
S4016,2026-05-01,08:12 PM,Sarojini,Hostel,0,0,0,0,0,0,1086.08,35,25.8,None,0,0,0,6
S4017,2026-04-10,11:36 AM,Azad,Library,0,0,11:28 AM,01:31 PM,11:00 AM,02:16 PM,748.09,130,30.83,None,0,0,0,8
S4018,2026-04-09,07:48 PM,Rajendra,Mess,07:37 PM,08:16 PM,0,0,0,0,505.94,105,40.17,Dinner,0,0,0,4
S4019,2026-04-12,09:20 PM,Azad,Mess,09:14 PM,10:04 PM,0,0,0,0,273.08,30,40.97,Dinner,0,0,0,5
S4020,2026-04-23,04:01 AM,Sarojini,Hostel,0,0,0,0,0,0,338.27,81,22.86,None,0,0,1,5
S4021,2026-04-23,09:13 PM,Sarojini,Library,0,0,02:49 PM,09:31 PM,02:39 PM,10:21 PM,432.43,153,16.81,None,0,0,1,4
S4022,2026-04-18,11:35 AM,Sarojini,Outside,0,0,0,0,10:53 AM,02:12 PM,332.62,93,10.44,None,1,0,0,8
S4023,2026-04-04,05:57 PM,Ganga,Library,0,0,04:50 PM,06:17 PM,04:36 PM,07:00 PM,927.16,161,21.55,None,0,0,0,3
S4024,2026-04-17,07:57 PM,Sarojini,Hostel,0,0,0,0,0,0,346.08,39,20.98,None,0,0,0,7
S4025,2026-04-07,02:45 PM,Yamuna,Mess,02:38 PM,03:01 PM,0,0,0,0,446.81,159,39.77,Lunch,1,0,0,7
S4026,2026-04-14,02:42 PM,Yamuna,Hostel,0,0,0,0,0,0,170.55,162,47.04,None,0,0,0,7
S4027,2026-04-16,11:54 AM,Azad,Hostel,0,0,0,0,0,0,232.54,25,24.39,None,1,0,0,6
S4028,2026-04-01,02:48 PM,Yamuna,Library,0,0,02:02 PM,02:59 PM,01:42 PM,03:47 PM,756.15,148,32.92,None,0,0,0,4
S4029,2026-04-13,10:10 PM,Azad,Mess,09:33 PM,10:10 PM,0,0,0,0,396.12,86,38.95,Dinner,0,0,0,6
S4030,2026-04-07,04:56 PM,Ganga,Library,0,0,04:53 PM,05:35 PM,04:24 PM,05:52 PM,1013.82,42,13.73,None,1,1,0,6
S4031,2026-04-17,12:35 AM,Rajendra,Hostel,0,0,0,0,0,0,180.33,121,31.41,None,0,0,0,7
S4032,2026-04-27,12:59 PM,Sarojini,Classroom,0,0,0,0,12:21 PM,02:21 PM,155.17,74,8.2,None,1,0,1,4
S4033,2026-04-29,05:14 PM,Yamuna,Outside,0,0,0,0,04:21 PM,06:30 PM,351.92,40,2.52,None,0,0,1,7
S4034,2026-04-05,09:10 PM,Yamuna,Hostel,0,0,0,0,0,0,1493.62,94,20.4,None,0,0,0,7
S4035,2026-04-10,12:56 PM,Ganga,Mess,12:41 PM,01:15 PM,0,0,0,0,470.45,90,38.32,Lunch,1,0,0,6
S4036,2026-04-10,08:16 PM,Sarojini,Outside,0,0,0,0,07:07 PM,09:32 PM,391.26,199,11.03,None,0,0,0,9
S4037,2026-04-22,10:59 PM,Azad,Library,0,0,10:21 PM,11:59 PM,10:13 PM,11:59 PM,534.05,38,10.45,None,0,0,1,7
S4038,2026-04-12,09:57 PM,Ganga,Hostel,0,0,0,0,0,0,1185.1,106,32.07,None,0,0,0,4
S4039,2026-04-13,06:11 PM,Sarojini,Library,0,0,05:10 PM,06:49 PM,04:47 PM,07:49 PM,551.84,173,22.02,None,0,0,0,6
S4040,2026-04-22,02:54 PM,Rajendra,Library,0,0,01:50 PM,09:09 PM,01:30 PM,09:24 PM,835.28,111,25.25,None,0,0,1,6
S4041,2026-04-03,11:31 PM,Sarojini,Library,0,0,10:42 PM,11:59 PM,10:36 PM,11:59 PM,817.42,107,20.44,None,0,0,0,7
S4042,2026-04-13,09:26 PM,Sarojini,Outside,0,0,0,0,07:46 PM,11:51 PM,356.4,174,17.22,None,0,0,0,8
S4043,2026-04-17,09:24 PM,Rajendra,Library,0,0,08:36 PM,09:27 PM,08:15 PM,10:03 PM,739.77,169,25.67,None,0,0,0,7
S4044,2026-04-04,09:15 AM,Ganga,Outside,0,0,0,0,07:17 AM,10:31 AM,252.67,161,18.73,None,1,1,0,4
S4045,2026-04-14,08:18 AM,Yamuna,Mess,08:02 AM,08:37 AM,0,0,0,0,294.85,139,49.32,Breakfast,0,0,0,8
S4046,2026-04-21,11:30 PM,Sarojini,Outside,0,0,0,0,10:38 PM,11:59 PM,243.32,133,19.17,None,0,0,1,5
S4047,2026-04-09,07:46 PM,Azad,Mess,07:35 PM,08:00 PM,0,0,0,0,420.54,18,41.67,Dinner,0,0,0,5
S4048,2026-04-21,09:54 PM,Sarojini,Outside,0,0,0,0,08:46 PM,10:59 PM,386.0,127,7.05,None,0,0,1,7
S4049,2026-04-06,03:55 PM,Yamuna,Library,0,0,03:08 PM,05:09 PM,02:52 PM,05:56 PM,590.35,153,26.12,None,0,0,0,7
S4050,2026-04-12,07:01 PM,Rajendra,Hostel,0,0,0,0,0,0,174.74,29,20.21,None,0,0,0,7
S4051,2026-04-20,03:09 PM,Ganga,Mess,02:35 PM,03:09 PM,0,0,0,0,590.86,21,35.76,Lunch,1,0,1,5
S4052,2026-04-05,02:44 PM,Yamuna,Mess,02:35 PM,03:26 PM,0,0,0,0,358.58,78,36.24,Lunch,0,0,0,7
S4053,2026-04-29,09:18 PM,Rajendra,Library,0,0,08:17 PM,11:59 PM,08:04 PM,11:59 PM,826.3,19,14.21,None,0,0,1,6
S4054,2026-04-06,01:53 PM,Azad,Mess,01:45 PM,02:08 PM,0,0,0,0,489.47,127,46.75,Lunch,1,0,0,7
S4055,2026-04-18,06:10 PM,Yamuna,Outside,0,0,0,0,04:30 PM,07:18 PM,152.25,92,8.26,None,0,0,0,8
S4056,2026-04-18,08:53 AM,Azad,Mess,08:35 AM,09:13 AM,0,0,0,0,381.09,153,36.86,Breakfast,0,0,0,7
S4057,2026-04-03,02:58 PM,Sarojini,Library,0,0,12:09 PM,03:05 PM,12:00 PM,03:53 PM,864.01,164,30.6,None,1,0,0,7
S4058,2026-04-15,05:24 AM,Sarojini,Hostel,0,0,0,0,0,0,232.37,165,24.87,None,0,0,0,7
S4059,2026-04-26,08:58 PM,Azad,Library,0,0,07:03 PM,11:59 PM,06:54 PM,11:59 PM,696.18,19,8.25,None,0,0,1,5
S4060,2026-04-25,01:06 AM,Rajendra,Outside,0,0,0,0,0,03:41 AM,318.53,66,4.09,None,0,0,1,3
S4061,2026-04-05,11:09 PM,Rajendra,Library,0,0,10:23 PM,11:43 PM,09:59 PM,11:59 PM,847.14,33,11.12,None,0,0,0,6
S4062,2026-04-03,07:34 PM,Sarojini,Mess,07:22 PM,08:11 PM,0,0,0,0,401.58,155,41.86,Dinner,0,0,0,8
S4063,2026-04-01,10:53 PM,Ganga,Library,0,0,10:53 PM,11:59 PM,10:27 PM,11:59 PM,602.98,55,12.53,None,0,0,0,9
S4064,2026-04-27,02:27 PM,Azad,Outside,0,0,0,0,01:47 PM,03:45 PM,100.9,27,3.55,None,1,0,1,3
S4065,2026-04-01,06:18 PM,Rajendra,Hostel,0,0,0,0,0,0,137.91,195,36.36,None,0,0,0,5
S4066,2026-04-11,11:32 AM,Ganga,Hostel,0,0,0,0,0,0,154.28,70,22.85,None,1,0,0,7
S4067,2026-04-12,05:18 PM,Ganga,Classroom,0,0,0,0,04:41 PM,06:22 PM,315.4,157,20.26,None,1,1,0,6
S4068,2026-04-02,09:44 AM,Ganga,Mess,09:11 AM,09:53 AM,0,0,0,0,282.45,186,53.61,Breakfast,0,0,0,5
S4069,2026-04-25,12:25 PM,Azad,Library,0,0,10:11 AM,04:34 PM,10:03 AM,05:03 PM,815.34,55,16.67,None,0,0,1,7
S4070,2026-04-25,12:13 PM,Azad,Library,0,0,11:46 AM,05:32 PM,11:40 AM,06:16 PM,743.29,172,37.61,None,1,0,1,4
S4071,2026-04-16,11:03 PM,Sarojini,Hostel,0,0,0,0,0,0,1384.04,151,21.76,None,0,0,0,6
S4072,2026-04-26,08:55 PM,Ganga,Library,0,0,04:27 PM,10:49 PM,04:08 PM,11:09 PM,989.71,31,12.13,None,0,0,1,6
S4073,2026-04-05,01:53 PM,Rajendra,Library,0,0,01:17 PM,02:26 PM,01:02 PM,03:18 PM,805.12,148,21.7,None,0,0,0,6
S4074,2026-04-23,08:59 AM,Sarojini,Mess,08:42 AM,09:36 AM,0,0,0,0,515.98,62,41.5,Breakfast,0,0,1,3
S4075,2026-04-06,06:36 PM,Rajendra,Classroom,0,0,0,0,06:21 PM,08:32 PM,207.22,141,13.94,None,1,1,0,16
S4076,2026-04-26,11:02 PM,Rajendra,Hostel,0,0,0,0,0,0,1112.5,200,40.89,None,0,0,1,5
S4077,2026-04-07,05:12 PM,Sarojini,Library,0,0,04:26 PM,05:53 PM,04:02 PM,06:42 PM,748.02,59,15.07,None,0,0,0,6
S4078,2026-04-21,07:37 PM,Rajendra,Outside,0,0,0,0,06:09 PM,10:21 PM,231.72,76,10.77,None,0,0,1,4
S4079,2026-04-06,09:34 PM,Ganga,Library,0,0,07:55 PM,10:11 PM,07:30 PM,10:33 PM,514.48,190,28.19,None,0,0,0,6
S4080,2026-04-04,11:57 AM,Sarojini,Hostel,0,0,0,0,0,0,234.53,119,30.29,None,0,0,0,6
S4081,2026-04-19,01:40 PM,Rajendra,Library,0,0,01:29 PM,02:33 PM,01:06 PM,03:10 PM,710.4,133,20.77,None,1,0,0,8
S4082,2026-04-21,08:42 AM,Rajendra,Mess,08:23 AM,08:46 AM,0,0,0,0,580.7,190,54.45,Breakfast,0,0,1,3
S4083,2026-04-17,03:00 PM,Rajendra,Library,0,0,02:44 PM,03:47 PM,02:18 PM,04:32 PM,540.7,114,15.47,None,0,0,0,6
S4084,2026-04-26,12:20 AM,Ganga,Outside,0,0,0,0,0,01:59 AM,303.06,118,7.31,None,0,0,1,6
S4085,2026-04-03,02:39 PM,Rajendra,Mess,01:53 PM,02:53 PM,0,0,0,0,543.56,176,40.51,Lunch,0,0,0,7
S4086,2026-04-02,08:14 AM,Azad,Mess,07:59 AM,08:50 AM,0,0,0,0,478.45,78,30.21,Breakfast,0,0,0,7
S4087,2026-04-28,10:27 AM,Ganga,Classroom,0,0,0,0,09:51 AM,11:34 AM,348.79,155,11.3,None,1,1,1,7
S4088,2026-04-22,09:04 PM,Yamuna,Mess,08:34 PM,09:23 PM,0,0,0,0,319.46,139,36.92,Dinner,0,0,1,4
S4089,2026-04-15,01:56 PM,Ganga,Mess,01:30 PM,02:05 PM,0,0,0,0,353.03,38,32.52,Lunch,0,0,0,8
S4090,2026-04-05,08:51 AM,Yamuna,Hostel,0,0,0,0,0,0,181.51,50,27.79,None,0,0,0,8
S4091,2026-04-24,06:12 PM,Sarojini,Library,0,0,11:40 AM,06:59 PM,11:25 AM,07:14 PM,989.68,138,23.57,None,0,0,1,6
S4092,2026-04-26,07:54 AM,Sarojini,Mess,07:45 AM,08:38 AM,0,0,0,0,342.93,181,39.53,Breakfast,0,0,1,8
S4093,2026-04-29,03:52 AM,Sarojini,Outside,0,0,0,0,01:56 AM,06:21 AM,279.55,156,14.03,None,0,0,1,4
S4094,2026-04-24,12:56 PM,Sarojini,Hostel,0,0,0,0,0,0,396.35,183,31.23,None,1,0,1,4
S4095,2026-04-11,09:21 PM,Ganga,Hostel,0,0,0,0,0,0,1131.42,85,19.55,None,0,0,0,8
S4096,2026-04-22,09:50 PM,Yamuna,Mess,09:14 PM,09:54 PM,0,0,0,0,376.43,112,39.55,Dinner,0,0,1,5
S4097,2026-04-17,08:44 AM,Azad,Mess,07:59 AM,08:54 AM,0,0,0,0,455.45,99,36.84,Breakfast,0,0,0,6
S4098,2026-04-16,12:29 PM,Yamuna,Mess,12:27 PM,12:49 PM,0,0,0,0,598.87,132,46.16,Lunch,1,0,0,7
S4099,2026-04-15,11:13 PM,Ganga,Hostel,0,0,0,0,0,0,1330.82,151,21.78,None,0,0,0,8
S4100,2026-04-04,12:53 PM,Azad,Library,0,0,12:32 PM,01:42 PM,12:19 PM,02:13 PM,720.0,43,13.2,None,1,0,0,8
S4101,2026-04-15,11:38 PM,Azad,Outside,0,0,0,0,11:03 PM,11:59 PM,332.38,125,13.11,None,0,0,0,3
S4102,2026-04-01,02:41 AM,Azad,Hostel,0,0,0,0,0,0,108.71,121,22.31,None,0,0,0,7
S4103,2026-04-17,02:32 AM,Azad,Outside,0,0,0,0,01:47 AM,05:02 AM,284.08,194,20.8,None,0,0,0,7
S4104,2026-04-06,03:11 PM,Ganga,Mess,02:34 PM,03:14 PM,0,0,0,0,380.9,38,35.51,Lunch,1,0,0,3
S4105,2026-04-24,09:29 PM,Ganga,Mess,09:03 PM,09:41 PM,0,0,0,0,270.78,25,29.85,Dinner,0,0,1,6
S4106,2026-04-21,02:58 PM,Sarojini,Library,0,0,01:37 PM,10:13 PM,01:29 PM,10:58 PM,486.43,10,14.76,None,0,0,1,8
S4107,2026-04-09,08:57 AM,Azad,Mess,08:23 AM,09:09 AM,0,0,0,0,544.59,99,38.2,Breakfast,0,0,0,8
S4108,2026-04-28,01:24 PM,Azad,Mess,12:43 PM,01:27 PM,0,0,0,0,435.45,189,39.54,Lunch,0,0,1,6
S4109,2026-04-24,10:24 AM,Rajendra,Mess,09:41 AM,10:30 AM,0,0,0,0,400.16,113,38.87,Breakfast,0,0,1,6
S4110,2026-04-24,08:52 PM,Rajendra,Mess,08:24 PM,09:15 PM,0,0,0,0,650.98,193,55.76,Dinner,0,0,1,7
S4111,2026-04-25,11:48 PM,Ganga,Outside,0,0,0,0,10:46 PM,11:59 PM,309.77,33,1.67,None,0,0,1,4
S4112,2026-04-13,10:38 AM,Yamuna,Library,0,0,09:28 AM,10:55 AM,09:04 AM,11:55 AM,1001.94,137,23.32,None,1,1,0,8
S4113,2026-04-24,12:36 PM,Rajendra,Outside,0,0,0,0,11:45 AM,03:29 PM,202.21,65,7.05,None,1,0,1,4
S4114,2026-04-29,07:28 AM,Yamuna,Hostel,0,0,0,0,0,0,159.65,142,28.41,None,0,0,1,4
S4115,2026-04-16,03:05 PM,Ganga,Library,0,0,12:41 PM,03:37 PM,12:30 PM,03:51 PM,675.22,39,18.15,None,0,0,0,6
S4116,2026-04-08,07:40 PM,Yamuna,Library,0,0,07:15 PM,09:51 PM,06:56 PM,10:35 PM,593.7,161,23.71,None,0,0,0,6
S4117,2026-04-18,01:12 PM,Ganga,Mess,01:03 PM,01:44 PM,0,0,0,0,532.84,65,37.85,Lunch,1,0,0,7
S4118,2026-04-26,06:23 PM,Sarojini,Library,0,0,12:32 PM,07:22 PM,12:05 PM,07:53 PM,900.15,71,17.18,None,0,0,1,3
S4119,2026-04-15,10:42 AM,Sarojini,Library,0,0,10:12 AM,01:11 PM,09:51 AM,02:06 PM,572.38,159,26.8,None,0,0,0,6
S4120,2026-04-22,11:51 PM,Rajendra,Outside,0,0,0,0,09:54 PM,11:59 PM,138.1,120,7.83,None,0,0,1,8
S4121,2026-04-17,05:29 PM,Sarojini,Library,0,0,04:42 PM,06:10 PM,04:35 PM,06:25 PM,748.04,113,25.34,None,0,0,0,8
S4122,2026-04-19,11:37 PM,Ganga,Library,0,0,10:52 PM,11:59 PM,10:45 PM,11:59 PM,882.08,196,22.29,None,0,0,0,10
S4123,2026-04-02,09:34 PM,Rajendra,Mess,09:12 PM,09:35 PM,0,0,0,0,397.73,74,42.66,Dinner,0,0,0,17
S4124,2026-04-01,12:39 PM,Ganga,Library,0,0,10:26 AM,12:40 PM,10:17 AM,01:22 PM,979.81,113,19.85,None,0,0,0,7
S4125,2026-04-12,10:29 AM,Yamuna,Mess,09:55 AM,10:30 AM,0,0,0,0,574.49,47,32.98,Breakfast,1,1,0,3
S4126,2026-04-17,02:08 PM,Yamuna,Mess,01:54 PM,02:46 PM,0,0,0,0,597.41,117,32.82,Lunch,0,0,0,3
S4127,2026-04-11,07:54 PM,Sarojini,Mess,07:25 PM,08:05 PM,0,0,0,0,526.39,52,34.05,Dinner,0,0,0,4
S4128,2026-04-21,08:09 AM,Yamuna,Mess,07:53 AM,08:20 AM,0,0,0,0,291.36,14,33.32,Breakfast,0,0,1,6
S4129,2026-04-05,12:30 PM,Azad,Library,0,0,12:20 PM,01:37 PM,11:54 AM,01:47 PM,781.43,187,32.67,None,0,0,0,11
S4130,2026-04-07,01:46 PM,Sarojini,Outside,0,0,0,0,12:32 PM,03:04 PM,129.64,85,11.68,None,0,0,0,7
S4131,2026-04-26,01:39 PM,Sarojini,Mess,01:00 PM,01:51 PM,0,0,0,0,487.82,174,47.87,Lunch,0,0,1,3
S4132,2026-04-29,05:15 AM,Sarojini,Hostel,0,0,0,0,0,0,114.62,18,21.72,None,0,0,1,5
S4133,2026-04-15,12:59 AM,Ganga,Outside,0,0,0,0,0,02:44 AM,187.34,199,26.11,None,0,0,0,7
S4134,2026-04-02,07:05 PM,Ganga,Library,0,0,06:41 PM,07:16 PM,06:27 PM,07:58 PM,721.37,168,30.08,None,0,0,0,8
S4135,2026-04-10,08:36 AM,Yamuna,Mess,07:45 AM,08:37 AM,0,0,0,0,405.09,57,27.87,Breakfast,0,0,0,7
S4136,2026-04-08,11:47 PM,Yamuna,Library,0,0,09:42 PM,11:59 PM,09:20 PM,11:59 PM,993.61,100,18.18,None,0,0,0,10
S4137,2026-04-13,07:33 AM,Rajendra,Mess,07:13 AM,07:33 AM,0,0,0,0,558.92,58,39.32,Breakfast,0,0,0,6
S4138,2026-04-10,01:32 PM,Ganga,Mess,01:08 PM,01:41 PM,0,0,0,0,384.49,92,35.04,Lunch,1,0,0,5
S4139,2026-04-02,12:25 PM,Sarojini,Classroom,0,0,0,0,12:14 PM,01:08 PM,280.62,30,2.98,None,1,0,0,7
S4140,2026-04-11,08:36 PM,Rajendra,Mess,08:18 PM,08:51 PM,0,0,0,0,640.55,48,39.64,Dinner,0,0,0,8
S4141,2026-04-05,08:26 AM,Rajendra,Mess,08:12 AM,08:40 AM,0,0,0,0,584.84,163,37.12,Breakfast,0,0,0,8
S4142,2026-04-02,07:19 PM,Yamuna,Mess,07:06 PM,07:38 PM,0,0,0,0,595.34,147,50.5,Dinner,0,0,0,6
S4143,2026-04-13,11:03 PM,Azad,Hostel,0,0,0,0,0,0,1053.05,150,37.31,None,0,0,0,6
S4144,2026-04-13,10:23 PM,Ganga,Library,0,0,09:19 PM,11:11 PM,08:59 PM,11:59 PM,941.19,96,19.94,None,0,0,0,7
S4145,2026-04-06,09:45 AM,Azad,Library,0,0,09:19 AM,10:09 AM,09:00 AM,10:48 AM,891.32,109,19.82,None,1,1,0,8
S4146,2026-04-07,06:49 AM,Sarojini,Hostel,0,0,0,0,0,0,332.53,103,25.96,None,0,0,0,10
S4147,2026-04-17,06:04 PM,Ganga,Classroom,0,0,0,0,05:43 PM,07:01 PM,136.01,57,4.94,None,1,1,0,7
S4148,2026-04-11,10:05 PM,Yamuna,Mess,09:59 PM,10:51 PM,0,0,0,0,395.33,35,34.38,Dinner,0,0,0,7
S4149,2026-04-13,06:08 AM,Ganga,Outside,0,0,0,0,05:33 AM,07:23 AM,339.79,57,4.82,None,0,0,0,4
S4150,2026-04-10,08:16 PM,Yamuna,Library,0,0,06:49 PM,08:23 PM,06:35 PM,08:50 PM,796.19,11,8.55,None,0,0,0,7
S4151,2026-04-09,09:51 PM,Sarojini,Hostel,0,0,0,0,0,0,1084.07,143,30.96,None,0,0,0,6
S4152,2026-04-29,09:49 PM,Ganga,Library,0,0,07:55 PM,11:59 PM,07:32 PM,11:59 PM,884.38,145,35.04,None,0,0,1,5
S4153,2026-04-15,03:33 PM,Rajendra,Mess,02:54 PM,03:45 PM,0,0,0,0,596.98,184,37.93,Lunch,1,0,0,8
S4154,2026-04-01,09:55 PM,Yamuna,Library,0,0,07:26 PM,10:13 PM,06:58 PM,10:36 PM,751.95,147,20.43,None,0,0,0,8
S4155,2026-04-23,08:16 PM,Ganga,Mess,07:56 PM,08:31 PM,0,0,0,0,406.35,62,46.15,Dinner,0,0,1,4
S4156,2026-04-25,01:50 PM,Sarojini,Library,0,0,10:39 AM,03:59 PM,10:18 AM,04:16 PM,870.72,79,19.64,None,1,0,1,8
S4157,2026-04-15,07:59 PM,Rajendra,Mess,07:44 PM,08:13 PM,0,0,0,0,582.62,187,38.34,Dinner,0,0,0,7
S4158,2026-04-17,06:09 PM,Rajendra,Outside,0,0,0,0,04:22 PM,07:24 PM,108.04,82,6.39,None,0,0,0,7
S4159,2026-04-10,01:09 PM,Yamuna,Mess,12:53 PM,01:50 PM,0,0,0,0,597.58,33,37.69,Lunch,1,0,0,7
S4160,2026-05-01,11:45 AM,Sarojini,Classroom,0,0,0,0,11:17 AM,12:18 PM,375.71,152,14.39,None,1,0,0,7
S4161,2026-05-01,06:06 AM,Rajendra,Hostel,0,0,0,0,0,0,280.14,56,27.46,None,0,0,0,6
S4162,2026-04-01,10:38 PM,Rajendra,Library,0,0,07:55 PM,10:50 PM,07:50 PM,11:06 PM,759.98,62,8.22,None,0,0,0,7
S4163,2026-04-30,11:29 PM,Yamuna,Library,0,0,07:00 PM,11:59 PM,06:39 PM,11:59 PM,694.3,54,19.9,None,0,0,1,6
S4164,2026-04-13,10:37 AM,Sarojini,Library,0,0,10:16 AM,11:01 AM,10:04 AM,11:36 AM,973.44,144,13.97,None,1,1,0,4
S4165,2026-04-26,09:44 PM,Ganga,Library,0,0,05:05 PM,11:59 PM,04:51 PM,11:59 PM,732.68,174,23.48,None,0,0,1,5
S4166,2026-04-20,07:52 AM,Azad,Outside,0,0,0,0,06:32 AM,09:06 AM,216.35,162,22.18,None,0,0,1,5
S4167,2026-04-23,03:20 PM,Rajendra,Mess,02:59 PM,03:36 PM,0,0,0,0,323.49,61,45.58,Lunch,0,0,1,5
S4168,2026-04-05,07:42 PM,Sarojini,Library,0,0,07:21 PM,08:59 PM,07:03 PM,09:30 PM,714.33,127,21.59,None,0,0,0,7
S4169,2026-04-15,08:01 AM,Rajendra,Hostel,0,0,0,0,0,0,150.09,120,29.73,None,0,0,0,6
S4170,2026-04-23,07:30 PM,Yamuna,Mess,07:20 PM,08:04 PM,0,0,0,0,249.95,194,55.59,Dinner,0,0,1,5
S4171,2026-04-11,02:31 AM,Sarojini,Hostel,0,0,0,0,0,0,267.96,24,26.72,None,0,0,0,7
S4172,2026-04-17,02:43 PM,Sarojini,Mess,02:17 PM,02:50 PM,0,0,0,0,255.9,103,36.67,Lunch,1,0,0,4
S4173,2026-04-23,10:14 AM,Rajendra,Mess,09:54 AM,10:16 AM,0,0,0,0,656.39,156,49.43,Breakfast,0,0,1,3
S4174,2026-04-25,02:16 PM,Sarojini,Mess,01:59 PM,02:29 PM,0,0,0,0,403.2,176,53.18,Lunch,1,0,1,4
S4175,2026-04-20,04:48 PM,Azad,Classroom,0,0,0,0,04:13 PM,05:44 PM,118.48,87,10.92,None,1,1,1,3
S4176,2026-04-21,10:05 PM,Yamuna,Hostel,0,0,0,0,0,0,1199.09,41,15.93,None,0,0,1,5
S4177,2026-04-05,11:54 AM,Ganga,Hostel,0,0,0,0,0,0,385.49,123,26.76,None,0,0,0,8
S4178,2026-04-30,03:41 PM,Azad,Hostel,0,0,0,0,0,0,160.25,34,14.65,None,0,0,1,5
S4179,2026-04-27,02:50 PM,Ganga,Classroom,0,0,0,0,02:22 PM,04:41 PM,199.92,45,3.84,None,1,0,1,4
S4180,2026-04-19,04:14 PM,Sarojini,Classroom,0,0,0,0,04:01 PM,05:55 PM,164.29,131,18.64,None,1,1,0,6
S4181,2026-04-29,11:05 PM,Rajendra,Library,0,0,10:58 PM,11:59 PM,10:29 PM,11:59 PM,960.48,165,37.05,None,0,0,1,5
S4182,2026-04-01,09:33 PM,Rajendra,Mess,09:11 PM,09:33 PM,0,0,0,0,405.85,93,33.29,Dinner,0,0,0,7
S4183,2026-04-22,06:09 AM,Ganga,Hostel,0,0,0,0,0,0,158.13,22,12.95,None,0,0,1,5
S4184,2026-04-20,09:02 PM,Azad,Library,0,0,05:04 PM,11:59 PM,04:56 PM,11:59 PM,873.65,130,19.38,None,0,0,1,5
S4185,2026-04-18,10:37 AM,Yamuna,Hostel,0,0,0,0,0,0,309.85,74,27.55,None,1,1,0,8
S4186,2026-04-21,03:41 PM,Sarojini,Library,0,0,01:38 PM,08:23 PM,01:14 PM,08:44 PM,834.3,59,22.29,None,1,0,1,6
S4187,2026-04-15,11:03 PM,Sarojini,Library,0,0,08:57 PM,11:33 PM,08:36 PM,11:47 PM,824.43,161,37.76,None,0,0,0,8
S4188,2026-04-29,07:38 AM,Yamuna,Mess,07:10 AM,07:38 AM,0,0,0,0,305.86,52,36.11,Breakfast,0,0,1,8
S4189,2026-04-01,12:17 AM,Rajendra,Hostel,0,0,0,0,0,0,267.22,16,25.69,None,0,0,0,7
S4190,2026-04-16,10:55 AM,Sarojini,Classroom,0,0,0,0,10:31 AM,11:26 AM,214.47,32,2.73,None,1,1,0,8
S4191,2026-04-10,02:38 PM,Yamuna,Outside,0,0,0,0,01:08 PM,05:09 PM,269.73,16,0.85,None,0,0,0,8
S4192,2026-04-18,07:45 PM,Ganga,Hostel,0,0,0,0,0,0,386.37,180,30.93,None,0,0,0,7
S4193,2026-04-22,04:27 AM,Azad,Outside,0,0,0,0,02:52 AM,06:31 AM,136.48,102,10.65,None,0,0,1,4
S4194,2026-04-12,03:35 PM,Azad,Classroom,0,0,0,0,03:15 PM,04:53 PM,247.75,161,15.74,None,1,0,0,7
S4195,2026-04-22,01:31 PM,Sarojini,Library,0,0,10:37 AM,05:28 PM,10:10 AM,06:26 PM,624.99,104,19.9,None,0,0,1,6
S4196,2026-04-27,02:20 PM,Ganga,Library,0,0,10:30 AM,04:35 PM,10:16 AM,05:23 PM,791.04,121,31.59,None,0,0,1,3
S4197,2026-04-05,10:11 AM,Rajendra,Mess,09:38 AM,10:27 AM,0,0,0,0,356.13,196,47.13,Breakfast,0,0,0,7
S4198,2026-04-02,03:03 PM,Rajendra,Mess,02:48 PM,03:45 PM,0,0,0,0,507.6,108,52.79,Lunch,0,0,0,9
S4199,2026-04-22,12:29 PM,Azad,Mess,12:21 PM,12:42 PM,0,0,0,0,389.55,182,34.99,Lunch,1,0,1,4
S4200,2026-04-30,11:49 AM,Sarojini,Hostel,0,0,0,0,0,0,352.54,181,41.95,None,1,0,1,8
S4201,2026-04-23,11:49 PM,Ganga,Library,0,0,09:31 PM,11:59 PM,09:23 PM,11:59 PM,788.23,94,19.94,None,0,0,1,5
S4202,2026-04-26,07:38 PM,Rajendra,Outside,0,0,0,0,06:04 PM,09:39 PM,349.92,138,11.86,None,0,0,1,8
S4203,2026-04-01,11:55 AM,Rajendra,Outside,0,0,0,0,10:31 AM,02:40 PM,353.25,199,24.38,None,0,0,0,8
S4204,2026-04-03,12:35 PM,Yamuna,Library,0,0,12:09 PM,02:18 PM,11:41 AM,03:04 PM,623.96,62,12.96,None,1,0,0,4
S4205,2026-04-02,05:03 PM,Sarojini,Library,0,0,04:30 PM,07:02 PM,04:06 PM,07:50 PM,969.47,96,19.02,None,0,0,0,7
S4206,2026-04-22,01:26 PM,Yamuna,Library,0,0,10:37 AM,05:11 PM,10:23 AM,05:35 PM,693.39,64,21.89,None,0,0,1,5
S4207,2026-04-07,09:40 AM,Sarojini,Outside,0,0,0,0,08:47 AM,12:06 PM,244.81,121,16.41,None,0,0,0,7
S4208,2026-04-02,02:35 PM,Ganga,Outside,0,0,0,0,01:36 PM,04:42 PM,261.2,191,20.62,None,0,0,0,7
S4209,2026-04-23,01:22 PM,Ganga,Library,0,0,11:33 AM,07:38 PM,11:28 AM,08:31 PM,678.9,63,12.56,None,1,0,1,6
S4210,2026-04-23,11:46 PM,Sarojini,Outside,0,0,0,0,10:35 PM,11:59 PM,347.2,70,7.5,None,0,0,1,7
S4211,2026-04-21,08:51 AM,Ganga,Mess,08:47 AM,09:34 AM,0,0,0,0,377.59,37,22.9,Breakfast,0,0,1,4
S4212,2026-04-16,12:27 PM,Rajendra,Mess,12:11 PM,12:33 PM,0,0,0,0,518.89,157,45.83,Lunch,0,0,0,8
S4213,2026-04-01,12:07 PM,Ganga,Library,0,0,11:34 AM,12:29 PM,11:19 AM,01:29 PM,954.8,173,22.03,None,0,0,0,7
S4214,2026-04-11,03:32 PM,Yamuna,Library,0,0,03:00 PM,05:35 PM,02:46 PM,06:19 PM,756.66,168,27.58,None,0,0,0,9
S4215,2026-04-11,05:31 PM,Yamuna,Library,0,0,05:14 PM,06:47 PM,04:49 PM,07:04 PM,774.89,146,20.91,None,0,0,0,7
S4216,2026-04-11,05:00 PM,Rajendra,Library,0,0,04:49 PM,05:23 PM,04:32 PM,05:36 PM,970.53,130,28.11,None,0,0,0,6
S4217,2026-04-03,10:02 AM,Rajendra,Mess,09:41 AM,10:08 AM,0,0,0,0,436.31,185,46.43,Breakfast,1,1,0,16
S4218,2026-04-20,08:46 AM,Sarojini,Classroom,0,0,0,0,08:09 AM,09:57 AM,199.57,54,3.99,None,1,1,1,3
S4219,2026-04-23,03:55 PM,Azad,Library,0,0,12:26 PM,08:47 PM,12:02 PM,09:15 PM,855.01,72,15.69,None,1,0,1,8
S4220,2026-04-03,05:10 PM,Sarojini,Classroom,0,0,0,0,04:38 PM,06:12 PM,160.92,160,21.88,None,1,1,0,3
S4221,2026-04-23,03:53 PM,Yamuna,Library,0,0,02:02 PM,08:37 PM,01:41 PM,09:09 PM,682.34,158,36.68,None,1,0,1,3
S4222,2026-04-21,06:12 PM,Azad,Classroom,0,0,0,0,05:33 PM,06:59 PM,148.25,137,9.63,None,1,1,1,4
S4223,2026-04-19,03:29 PM,Rajendra,Library,0,0,03:02 PM,03:44 PM,02:45 PM,04:35 PM,659.91,112,20.14,None,0,0,0,8
S4224,2026-04-29,09:42 PM,Yamuna,Mess,09:33 PM,10:25 PM,0,0,0,0,479.21,122,48.27,Dinner,0,0,1,3
S4225,2026-04-03,03:24 PM,Azad,Mess,02:40 PM,03:37 PM,0,0,0,0,533.32,50,43.43,Lunch,1,0,0,7
S4226,2026-04-12,07:27 PM,Rajendra,Mess,07:05 PM,07:28 PM,0,0,0,0,684.67,78,33.83,Dinner,0,0,0,5
S4227,2026-04-27,11:47 PM,Ganga,Hostel,0,0,0,0,0,0,985.0,88,27.81,None,0,0,1,6
S4228,2026-04-27,08:52 AM,Azad,Mess,08:39 AM,09:34 AM,0,0,0,0,412.06,198,63.56,Breakfast,0,0,1,4
S4229,2026-04-08,12:01 PM,Yamuna,Library,0,0,11:57 AM,02:34 PM,11:38 AM,03:30 PM,1000.59,197,33.85,None,0,0,0,6
S4230,2026-04-07,02:53 PM,Yamuna,Outside,0,0,0,0,12:56 PM,04:36 PM,269.28,72,7.77,None,0,0,0,6
S4231,2026-04-21,01:47 PM,Azad,Mess,01:13 PM,02:07 PM,0,0,0,0,588.1,117,41.65,Lunch,1,0,1,8
S4232,2026-04-11,02:07 PM,Azad,Library,0,0,01:35 PM,03:55 PM,01:16 PM,04:45 PM,762.14,104,19.7,None,1,0,0,7
S4233,2026-04-17,09:30 PM,Yamuna,Hostel,0,0,0,0,0,0,1169.65,101,26.15,None,0,0,0,6
S4234,2026-04-08,09:44 AM,Rajendra,Mess,09:27 AM,10:00 AM,0,0,0,0,382.02,21,28.51,Breakfast,1,1,0,8
S4235,2026-04-22,11:49 PM,Azad,Library,0,0,10:57 PM,11:59 PM,10:44 PM,11:59 PM,455.97,149,20.56,None,0,0,1,4
S4236,2026-04-16,07:26 AM,Yamuna,Hostel,0,0,0,0,0,0,233.47,65,23.07,None,0,0,0,8
S4237,2026-04-20,03:57 PM,Yamuna,Library,0,0,09:55 AM,04:56 PM,09:34 AM,05:13 PM,850.91,26,12.1,None,0,0,1,3
S4238,2026-04-07,09:43 AM,Rajendra,Mess,09:07 AM,09:46 AM,0,0,0,0,532.79,139,41.03,Breakfast,0,0,0,8
S4239,2026-04-03,09:20 PM,Sarojini,Library,0,0,09:13 PM,10:36 PM,08:46 PM,10:55 PM,793.4,65,15.8,None,0,0,0,9
S4240,2026-04-05,02:57 AM,Yamuna,Outside,0,0,0,0,01:08 AM,04:41 AM,210.0,133,18.36,None,0,0,0,10
S4241,2026-04-20,09:15 AM,Sarojini,Mess,08:55 AM,09:51 AM,0,0,0,0,342.67,15,25.04,Breakfast,1,1,1,6
S4242,2026-04-07,06:32 PM,Sarojini,Library,0,0,06:23 PM,08:18 PM,06:14 PM,09:03 PM,514.52,130,29.57,None,0,0,0,10
S4243,2026-04-24,10:19 PM,Azad,Hostel,0,0,0,0,0,0,1169.02,85,29.42,None,0,0,1,5
S4244,2026-04-11,04:29 PM,Azad,Library,0,0,04:06 PM,05:00 PM,03:51 PM,05:47 PM,855.57,22,8.8,None,0,0,0,8
S4245,2026-04-24,05:00 PM,Rajendra,Classroom,0,0,0,0,04:38 PM,06:56 PM,235.3,114,11.71,None,1,1,1,4
S4246,2026-04-05,02:49 AM,Yamuna,Hostel,0,0,0,0,0,0,245.44,59,24.33,None,0,0,0,8
S4247,2026-04-30,01:28 PM,Ganga,Mess,12:54 PM,01:38 PM,0,0,0,0,388.31,55,39.17,Lunch,1,0,1,4
S4248,2026-04-09,02:59 PM,Yamuna,Library,0,0,02:30 PM,04:20 PM,02:18 PM,05:18 PM,526.49,23,12.05,None,1,0,0,7
S4249,2026-04-15,08:45 PM,Sarojini,Hostel,0,0,0,0,0,0,1414.88,162,24.83,None,0,0,0,8
S4250,2026-04-05,09:54 AM,Azad,Library,0,0,09:43 AM,10:41 AM,09:22 AM,10:54 AM,745.57,119,16.54,None,1,1,0,4
S4251,2026-04-06,04:16 PM,Azad,Library,0,0,04:16 PM,07:09 PM,03:58 PM,08:08 PM,795.9,127,27.53,None,0,0,0,8
S4252,2026-04-11,06:19 PM,Sarojini,Library,0,0,05:42 PM,06:26 PM,05:25 PM,06:54 PM,613.78,65,19.79,None,0,0,0,9
S4253,2026-04-06,03:45 PM,Sarojini,Library,0,0,03:43 PM,05:44 PM,03:29 PM,06:08 PM,746.67,64,11.81,None,1,0,0,3
S4254,2026-04-02,09:58 AM,Yamuna,Mess,09:38 AM,10:00 AM,0,0,0,0,565.72,130,42.61,Breakfast,0,0,0,7
S4255,2026-04-06,09:52 PM,Yamuna,Mess,09:38 PM,10:34 PM,0,0,0,0,453.63,139,44.45,Dinner,0,0,0,7
S4256,2026-04-13,07:18 AM,Ganga,Hostel,0,0,0,0,0,0,346.33,175,31.66,None,0,0,0,8
S4257,2026-05-01,08:08 PM,Sarojini,Library,0,0,08:01 PM,08:31 PM,07:44 PM,09:12 PM,904.08,22,12.11,None,0,0,0,4
S4258,2026-04-22,02:06 PM,Azad,Library,0,0,11:06 AM,05:00 PM,10:51 AM,05:37 PM,684.79,17,14.59,None,1,0,1,3
S4259,2026-04-12,10:13 AM,Ganga,Mess,09:54 AM,10:21 AM,0,0,0,0,419.05,144,38.19,Breakfast,0,0,0,8
S4260,2026-04-10,08:48 PM,Sarojini,Mess,08:38 PM,08:59 PM,0,0,0,0,512.39,59,29.87,Dinner,0,0,0,8
S4261,2026-05-01,10:57 AM,Rajendra,Library,0,0,09:55 AM,12:45 PM,09:26 AM,01:18 PM,728.51,10,7.01,None,0,0,0,9
S4262,2026-04-05,10:04 PM,Yamuna,Mess,09:40 PM,10:14 PM,0,0,0,0,591.09,18,33.23,Dinner,0,0,0,3
S4263,2026-04-12,01:50 PM,Rajendra,Mess,01:07 PM,02:04 PM,0,0,0,0,381.83,35,39.94,Lunch,0,0,0,8
S4264,2026-04-04,10:06 PM,Rajendra,Library,0,0,07:57 PM,10:53 PM,07:48 PM,11:52 PM,719.98,184,21.49,None,0,0,0,6
S4265,2026-04-17,10:08 AM,Ganga,Mess,09:51 AM,10:11 AM,0,0,0,0,323.85,157,42.62,Breakfast,1,1,0,6
S4266,2026-04-11,02:03 AM,Yamuna,Outside,0,0,0,0,12:08 AM,04:47 AM,100.18,157,15.63,None,0,0,0,6
S4267,2026-04-29,08:56 AM,Azad,Mess,08:39 AM,09:07 AM,0,0,0,0,632.69,12,31.41,Breakfast,0,0,1,3
S4268,2026-04-09,11:23 AM,Azad,Classroom,0,0,0,0,10:46 AM,01:13 PM,237.98,183,23.65,None,1,0,0,8
S4269,2026-04-03,12:52 PM,Sarojini,Mess,12:26 PM,01:15 PM,0,0,0,0,345.96,111,42.28,Lunch,1,0,0,6
S4270,2026-04-14,08:41 PM,Rajendra,Hostel,0,0,0,0,0,0,1179.16,197,42.89,None,0,0,0,6
S4271,2026-04-03,01:50 PM,Ganga,Library,0,0,01:43 PM,02:51 PM,01:30 PM,03:45 PM,1084.31,150,20.08,None,0,0,0,7
S4272,2026-04-27,07:49 AM,Rajendra,Outside,0,0,0,0,05:51 AM,09:30 AM,318.45,54,5.09,None,0,0,1,4
S4273,2026-04-18,03:27 PM,Azad,Mess,02:57 PM,03:41 PM,0,0,0,0,226.66,156,36.12,Lunch,0,0,0,9
S4274,2026-04-26,12:41 PM,Yamuna,Mess,12:38 PM,01:27 PM,0,0,0,0,334.41,101,32.77,Lunch,0,0,1,7
S4275,2026-04-16,10:50 AM,Azad,Library,0,0,10:24 AM,10:59 AM,09:56 AM,11:31 AM,857.44,14,8.33,None,0,0,0,4
S4276,2026-04-22,09:59 PM,Sarojini,Hostel,0,0,0,0,0,0,783.76,104,31.43,None,0,0,1,8
S4277,2026-04-02,08:45 PM,Sarojini,Outside,0,0,0,0,07:35 PM,09:48 PM,262.62,12,1.52,None,0,0,0,8
S4278,2026-04-19,07:18 PM,Ganga,Mess,07:16 PM,07:37 PM,0,0,0,0,341.83,71,27.27,Dinner,0,0,0,4
S4279,2026-04-24,09:57 PM,Yamuna,Library,0,0,04:16 PM,11:59 PM,03:55 PM,11:59 PM,935.79,63,9.32,None,0,0,1,5
S4280,2026-04-14,02:42 PM,Azad,Library,0,0,02:21 PM,05:19 PM,02:05 PM,05:50 PM,753.05,75,11.04,None,1,0,0,14
S4281,2026-04-22,02:34 AM,Rajendra,Outside,0,0,0,0,01:45 AM,04:26 AM,198.43,55,7.24,None,0,0,1,4
S4282,2026-04-01,02:17 PM,Sarojini,Mess,02:04 PM,02:36 PM,0,0,0,0,444.63,164,32.49,Lunch,1,0,0,4
S4283,2026-04-05,09:27 PM,Ganga,Hostel,0,0,0,0,0,0,1474.05,32,19.31,None,0,0,0,7
S4284,2026-04-14,11:34 PM,Sarojini,Hostel,0,0,0,0,0,0,962.09,69,28.33,None,0,0,0,7
S4285,2026-04-06,01:59 PM,Sarojini,Library,0,0,01:06 PM,02:01 PM,12:46 PM,02:57 PM,802.98,37,17.97,None,1,0,0,8
S4286,2026-04-04,07:33 AM,Ganga,Outside,0,0,0,0,07:01 AM,09:19 AM,309.91,64,4.82,None,0,0,0,8
S4287,2026-04-19,07:20 AM,Yamuna,Mess,07:04 AM,07:24 AM,0,0,0,0,613.06,34,29.59,Breakfast,0,0,0,6
S4288,2026-04-17,10:16 PM,Ganga,Mess,09:51 PM,10:35 PM,0,0,0,0,599.6,124,33.29,Dinner,0,0,0,10
S4289,2026-04-11,10:18 PM,Azad,Mess,09:58 PM,10:19 PM,0,0,0,0,460.42,184,35.44,Dinner,0,0,0,7
S4290,2026-04-30,08:42 PM,Yamuna,Mess,07:55 PM,08:47 PM,0,0,0,0,634.61,95,33.84,Dinner,0,0,1,6
S4291,2026-04-05,02:48 PM,Rajendra,Mess,02:38 PM,03:25 PM,0,0,0,0,282.6,166,47.54,Lunch,0,0,0,8
S4292,2026-04-15,10:34 PM,Ganga,Mess,09:59 PM,10:59 PM,0,0,0,0,484.93,87,48.97,Dinner,0,0,0,10
S4293,2026-04-27,08:43 PM,Azad,Outside,0,0,0,0,07:58 PM,10:08 PM,165.84,196,28.84,None,0,0,1,6
S4294,2026-04-03,04:18 AM,Rajendra,Hostel,0,0,0,0,0,0,121.05,119,20.22,None,0,0,0,7
S4295,2026-04-03,02:40 PM,Sarojini,Mess,02:28 PM,02:55 PM,0,0,0,0,528.1,119,50.91,Lunch,0,0,0,7
S4296,2026-04-03,04:12 PM,Azad,Library,0,0,03:30 PM,05:13 PM,03:13 PM,05:56 PM,656.87,189,23.72,None,0,0,0,7
S4297,2026-04-18,08:18 PM,Rajendra,Mess,07:39 PM,08:29 PM,0,0,0,0,547.1,195,45.01,Dinner,0,0,0,9
S4298,2026-04-21,09:24 AM,Ganga,Mess,08:31 AM,09:29 AM,0,0,0,0,330.17,90,41.31,Breakfast,0,0,1,6
S4299,2026-04-07,06:14 PM,Azad,Outside,0,0,0,0,04:47 PM,07:55 PM,317.89,89,9.78,None,0,0,0,7
S4300,2026-04-23,11:27 AM,Rajendra,Hostel,0,0,0,0,0,0,181.87,22,25.99,None,1,0,1,6
S4301,2026-04-05,12:08 PM,Rajendra,Outside,0,0,0,0,11:27 AM,01:27 PM,390.87,92,12.79,None,0,0,0,8
S4302,2026-04-23,08:19 PM,Sarojini,Hostel,0,0,0,0,0,0,920.9,53,27.19,None,0,0,1,4
S4303,2026-04-01,02:29 PM,Ganga,Library,0,0,02:03 PM,03:30 PM,01:38 PM,03:41 PM,591.18,195,30.24,None,0,0,0,6
S4304,2026-04-04,09:23 PM,Yamuna,Library,0,0,08:41 PM,11:39 PM,08:33 PM,11:59 PM,619.4,131,18.72,None,0,0,0,6
S4305,2026-04-07,10:28 AM,Sarojini,Outside,0,0,0,0,09:55 AM,12:36 PM,383.03,74,7.31,None,1,1,0,6
S4306,2026-04-03,02:19 AM,Sarojini,Outside,0,0,0,0,12:25 AM,04:40 AM,383.15,66,7.61,None,0,0,0,9
S4307,2026-04-04,10:00 PM,Rajendra,Mess,09:31 PM,10:05 PM,0,0,0,0,415.76,117,40.78,Dinner,0,0,0,6
S4308,2026-04-25,11:51 PM,Rajendra,Library,0,0,10:47 PM,11:59 PM,10:35 PM,11:59 PM,949.24,122,24.95,None,0,0,1,4
S4309,2026-04-12,01:36 AM,Yamuna,Hostel,0,0,0,0,0,0,384.22,136,30.6,None,0,0,0,7
S4310,2026-04-27,10:12 AM,Yamuna,Classroom,0,0,0,0,09:37 AM,10:50 AM,310.56,26,3.43,None,1,1,1,7
S4311,2026-04-21,08:16 PM,Ganga,Mess,07:51 PM,08:29 PM,0,0,0,0,612.58,147,33.18,Dinner,0,0,1,5
S4312,2026-04-28,07:25 PM,Azad,Outside,0,0,0,0,05:38 PM,10:04 PM,347.52,196,10.53,None,0,0,1,5
S4313,2026-04-05,10:48 PM,Sarojini,Hostel,0,0,0,0,0,0,1109.98,164,22.09,None,0,0,0,6
S4314,2026-04-13,06:13 PM,Sarojini,Library,0,0,05:36 PM,06:37 PM,05:06 PM,07:32 PM,919.99,28,15.78,None,0,0,0,7
S4315,2026-04-27,01:07 PM,Ganga,Mess,12:33 PM,01:17 PM,0,0,0,0,484.9,163,58.11,Lunch,1,0,1,5
S4316,2026-04-24,07:29 AM,Sarojini,Hostel,0,0,0,0,0,0,300.48,89,22.95,None,0,0,1,4
S4317,2026-04-23,07:23 PM,Azad,Library,0,0,05:29 PM,11:59 PM,05:02 PM,11:59 PM,799.1,92,18.86,None,0,0,1,4
S4318,2026-04-22,01:31 PM,Azad,Mess,01:22 PM,01:49 PM,0,0,0,0,527.56,198,58.76,Lunch,1,0,1,3
S4319,2026-04-21,01:01 PM,Azad,Mess,01:01 PM,01:25 PM,0,0,0,0,624.52,91,33.04,Lunch,1,0,1,4
S4320,2026-04-04,05:56 PM,Azad,Classroom,0,0,0,0,05:26 PM,07:46 PM,348.06,149,8.1,None,1,1,0,8
S4321,2026-04-03,02:04 PM,Yamuna,Mess,01:40 PM,02:07 PM,0,0,0,0,427.19,182,43.27,Lunch,0,0,0,7
S4322,2026-04-17,06:14 PM,Ganga,Outside,0,0,0,0,05:24 PM,08:17 PM,324.38,147,12.97,None,0,0,0,7
S4323,2026-04-06,07:20 PM,Rajendra,Library,0,0,07:08 PM,08:33 PM,06:40 PM,09:22 PM,820.44,96,11.28,None,0,0,0,7
S4324,2026-04-17,03:12 PM,Ganga,Mess,02:54 PM,03:16 PM,0,0,0,0,451.62,64,28.38,Lunch,0,0,0,14
S4325,2026-04-16,07:48 PM,Ganga,Mess,07:10 PM,08:03 PM,0,0,0,0,513.91,27,35.84,Dinner,0,0,0,5
S4326,2026-04-14,05:03 AM,Ganga,Outside,0,0,0,0,03:50 AM,07:25 AM,140.08,140,14.81,None,0,0,0,8
S4327,2026-05-01,09:06 AM,Azad,Mess,08:54 AM,09:19 AM,0,0,0,0,447.63,153,47.81,Breakfast,1,1,0,8
S4328,2026-04-17,10:55 AM,Ganga,Classroom,0,0,0,0,10:28 AM,11:25 AM,212.35,34,4.66,None,1,1,0,6
S4329,2026-04-08,12:20 PM,Yamuna,Library,0,0,11:36 AM,12:45 PM,11:13 AM,12:55 PM,837.78,118,27.69,None,1,0,0,8
S4330,2026-04-07,12:13 PM,Ganga,Library,0,0,12:10 PM,12:40 PM,11:50 AM,01:06 PM,668.5,19,8.11,None,0,0,0,8
S4331,2026-04-25,07:32 PM,Rajendra,Mess,07:04 PM,07:35 PM,0,0,0,0,387.36,106,47.72,Dinner,0,0,1,8
S4332,2026-04-30,10:48 PM,Yamuna,Library,0,0,09:36 PM,11:59 PM,09:30 PM,11:59 PM,541.3,45,10.19,None,0,0,1,8
S4333,2026-04-28,10:35 AM,Rajendra,Outside,0,0,0,0,09:07 AM,12:38 PM,120.29,122,13.38,None,0,0,1,4
S4334,2026-04-11,07:31 PM,Azad,Mess,07:02 PM,07:59 PM,0,0,0,0,546.91,157,36.71,Dinner,0,0,0,7
S4335,2026-04-21,08:51 PM,Azad,Mess,08:37 PM,09:13 PM,0,0,0,0,360.44,105,46.47,Dinner,0,0,1,6
S4336,2026-04-26,02:16 PM,Azad,Library,0,0,09:13 AM,04:28 PM,08:54 AM,05:15 PM,830.08,84,13.75,None,0,0,1,3
S4337,2026-04-30,08:18 AM,Azad,Mess,07:39 AM,08:35 AM,0,0,0,0,495.2,27,21.76,Breakfast,0,0,1,5
S4338,2026-04-08,06:41 AM,Sarojini,Hostel,0,0,0,0,0,0,102.45,198,29.21,None,0,0,0,7
S4339,2026-04-08,12:31 PM,Sarojini,Mess,12:10 PM,12:45 PM,0,0,0,0,431.4,11,36.78,Lunch,0,0,0,7
S4340,2026-04-29,05:54 AM,Rajendra,Outside,0,0,0,0,05:08 AM,08:36 AM,270.18,199,18.45,None,0,0,1,5
S4341,2026-04-24,07:06 PM,Azad,Library,0,0,01:09 PM,07:24 PM,01:02 PM,07:35 PM,464.22,56,12.61,None,0,0,1,5
S4342,2026-04-04,12:07 AM,Ganga,Outside,0,0,0,0,0,01:10 AM,324.59,75,7.79,None,0,0,0,7
S4343,2026-04-25,01:53 PM,Azad,Library,0,0,11:54 AM,06:07 PM,11:34 AM,06:19 PM,535.62,144,31.75,None,1,0,1,5
S4344,2026-04-19,11:01 AM,Azad,Classroom,0,0,0,0,10:42 AM,12:10 PM,203.44,54,5.15,None,1,0,0,7
S4345,2026-04-29,02:16 PM,Azad,Classroom,0,0,0,0,01:54 PM,03:49 PM,210.61,133,12.74,None,1,0,1,4
S4346,2026-04-25,02:27 PM,Ganga,Mess,02:05 PM,02:53 PM,0,0,0,0,583.5,12,28.9,Lunch,1,0,1,6
S4347,2026-04-01,12:50 PM,Yamuna,Mess,12:28 PM,01:21 PM,0,0,0,0,372.67,27,35.43,Lunch,1,0,0,9
S4348,2026-04-11,06:57 AM,Rajendra,Hostel,0,0,0,0,0,0,388.6,148,29.38,None,0,0,0,8
S4349,2026-04-02,05:18 AM,Sarojini,Hostel,0,0,0,0,0,0,194.15,10,24.51,None,0,0,0,7
S4350,2026-04-17,05:35 PM,Sarojini,Library,0,0,05:09 PM,07:53 PM,04:49 PM,08:23 PM,760.3,119,14.59,None,0,0,0,6
S4351,2026-04-13,02:25 PM,Yamuna,Mess,02:15 PM,02:45 PM,0,0,0,0,471.65,157,40.59,Lunch,0,0,0,7
S4352,2026-04-04,08:18 PM,Azad,Mess,07:49 PM,08:35 PM,0,0,0,0,358.05,145,53.27,Dinner,0,0,0,15
S4353,2026-04-04,10:17 PM,Rajendra,Library,0,0,09:14 PM,11:34 PM,08:46 PM,11:59 PM,729.61,113,24.47,None,0,0,0,10
S4354,2026-04-28,07:31 AM,Sarojini,Outside,0,0,0,0,06:23 AM,09:42 AM,397.35,163,21.69,None,0,0,1,3
S4355,2026-04-29,01:15 PM,Rajendra,Classroom,0,0,0,0,12:58 PM,02:47 PM,326.65,157,15.95,None,1,0,1,5
S4356,2026-04-18,03:51 AM,Yamuna,Outside,0,0,0,0,03:14 AM,06:28 AM,122.96,196,23.32,None,0,0,0,4
S4357,2026-04-19,01:43 PM,Yamuna,Library,0,0,01:14 PM,01:44 PM,01:00 PM,02:36 PM,742.96,100,12.86,None,0,0,0,8
S4358,2026-04-24,08:43 PM,Sarojini,Library,0,0,08:22 PM,11:59 PM,08:08 PM,11:59 PM,912.58,185,26.11,None,0,0,1,4
S4359,2026-04-20,07:50 PM,Ganga,Library,0,0,02:16 PM,10:48 PM,02:10 PM,11:42 PM,981.73,142,27.64,None,0,0,1,6
S4360,2026-04-07,05:02 AM,Yamuna,Hostel,0,0,0,0,0,0,319.92,163,22.29,None,0,0,0,8
S4361,2026-04-05,08:17 PM,Ganga,Library,0,0,06:44 PM,09:15 PM,06:39 PM,09:57 PM,928.14,194,32.57,None,0,0,0,4
S4362,2026-04-25,04:13 PM,Sarojini,Library,0,0,04:00 PM,09:47 PM,03:43 PM,09:59 PM,896.67,136,26.76,None,0,0,1,5
S4363,2026-04-29,08:29 PM,Yamuna,Library,0,0,04:12 PM,09:46 PM,04:07 PM,10:00 PM,670.16,16,9.65,None,0,0,1,4
S4364,2026-04-23,02:57 PM,Azad,Library,0,0,10:37 AM,04:58 PM,10:15 AM,05:47 PM,818.0,156,30.66,None,0,0,1,3
S4365,2026-04-10,08:40 PM,Azad,Library,0,0,08:04 PM,08:48 PM,07:54 PM,09:10 PM,407.53,195,26.53,None,0,0,0,3
S4366,2026-04-07,08:04 PM,Azad,Mess,07:39 PM,08:05 PM,0,0,0,0,454.48,175,41.41,Dinner,0,0,0,8
S4367,2026-04-12,01:45 PM,Azad,Library,0,0,12:32 PM,02:29 PM,12:16 PM,03:15 PM,856.98,103,19.89,None,1,0,0,8
S4368,2026-04-01,11:42 AM,Ganga,Library,0,0,11:08 AM,11:47 AM,10:52 AM,12:45 PM,554.78,51,10.67,None,1,0,0,5
S4369,2026-04-22,09:20 AM,Azad,Hostel,0,0,0,0,0,0,218.84,61,18.21,None,0,0,1,4
S4370,2026-04-15,09:19 AM,Sarojini,Hostel,0,0,0,0,0,0,290.87,61,23.73,None,0,0,0,8
S4371,2026-04-24,08:22 PM,Azad,Outside,0,0,0,0,06:56 PM,09:42 PM,208.21,164,14.68,None,0,0,1,7
S4372,2026-04-11,08:42 AM,Rajendra,Hostel,0,0,0,0,0,0,154.5,78,28.43,None,0,0,0,6
S4373,2026-04-20,09:45 AM,Sarojini,Classroom,0,0,0,0,09:34 AM,10:16 AM,116.85,68,6.25,None,1,1,1,4
S4374,2026-04-22,08:08 AM,Azad,Hostel,0,0,0,0,0,0,179.6,21,23.92,None,0,0,1,7
S4375,2026-04-09,06:36 PM,Rajendra,Library,0,0,05:55 PM,08:14 PM,05:34 PM,09:05 PM,697.15,186,33.95,None,0,0,0,5
S4376,2026-04-27,09:23 PM,Ganga,Library,0,0,04:37 PM,10:41 PM,04:25 PM,11:26 PM,866.99,115,25.18,None,0,0,1,6
S4377,2026-04-06,10:40 PM,Azad,Hostel,0,0,0,0,0,0,932.15,24,18.9,None,0,0,0,6
S4378,2026-04-20,07:42 PM,Yamuna,Library,0,0,04:10 PM,11:59 PM,04:00 PM,11:59 PM,632.92,47,9.81,None,0,0,1,5
S4379,2026-04-21,04:10 AM,Yamuna,Outside,0,0,0,0,03:16 AM,05:18 AM,340.83,48,3.28,None,0,0,1,5
S4380,2026-04-24,06:32 PM,Rajendra,Library,0,0,06:32 PM,11:59 PM,06:19 PM,11:59 PM,830.08,158,24.6,None,0,0,1,4
S4381,2026-04-11,11:49 PM,Rajendra,Library,0,0,10:54 PM,11:59 PM,10:49 PM,11:59 PM,865.47,17,10.38,None,0,0,0,9
S4382,2026-04-06,12:21 PM,Rajendra,Library,0,0,10:43 AM,12:32 PM,10:13 AM,01:24 PM,652.87,198,18.78,None,1,0,0,6
S4383,2026-04-09,03:54 PM,Sarojini,Library,0,0,02:07 PM,04:24 PM,01:56 PM,04:55 PM,985.68,11,12.84,None,1,0,0,16
S4384,2026-04-09,12:34 PM,Ganga,Outside,0,0,0,0,11:34 AM,02:19 PM,163.3,140,16.83,None,1,0,0,7
S4385,2026-04-03,07:15 PM,Sarojini,Library,0,0,05:30 PM,08:08 PM,05:25 PM,08:44 PM,999.85,43,12.06,None,0,0,0,7
S4386,2026-04-09,06:18 PM,Azad,Library,0,0,04:42 PM,06:18 PM,04:37 PM,07:04 PM,881.2,115,20.43,None,0,0,0,7
S4387,2026-04-16,01:16 PM,Yamuna,Mess,12:26 PM,01:19 PM,0,0,0,0,485.35,193,50.5,Lunch,1,0,0,7
S4388,2026-04-15,05:43 PM,Ganga,Library,0,0,03:25 PM,05:46 PM,02:57 PM,06:21 PM,591.94,56,11.45,None,0,0,0,4
S4389,2026-04-21,06:42 PM,Rajendra,Library,0,0,04:42 PM,10:21 PM,04:13 PM,11:05 PM,908.94,46,11.47,None,0,0,1,5
S4390,2026-04-13,12:35 PM,Ganga,Hostel,0,0,0,0,0,0,189.16,177,38.09,None,0,0,0,7
S4391,2026-04-05,03:08 AM,Yamuna,Outside,0,0,0,0,01:09 AM,05:31 AM,188.64,174,14.04,None,0,0,0,8
S4392,2026-04-09,09:26 PM,Azad,Mess,08:49 PM,09:39 PM,0,0,0,0,396.13,193,51.03,Dinner,0,0,0,7
S4393,2026-05-01,10:56 AM,Yamuna,Library,0,0,10:32 AM,11:17 AM,10:24 AM,11:37 AM,614.32,158,23.03,None,0,0,0,4
S4394,2026-04-19,08:36 PM,Rajendra,Library,0,0,08:06 PM,09:01 PM,07:36 PM,09:26 PM,446.58,105,15.43,None,0,0,0,6
S4395,2026-04-08,07:46 PM,Ganga,Mess,07:41 PM,08:17 PM,0,0,0,0,581.06,178,47.72,Dinner,0,0,0,7
S4396,2026-04-28,01:58 PM,Yamuna,Library,0,0,09:17 AM,02:47 PM,09:06 AM,03:20 PM,613.56,54,18.42,None,0,0,1,7
S4397,2026-04-21,01:48 PM,Rajendra,Mess,01:33 PM,01:53 PM,0,0,0,0,546.53,78,35.08,Lunch,1,0,1,3
S4398,2026-04-16,09:09 AM,Sarojini,Mess,08:42 AM,09:19 AM,0,0,0,0,461.4,108,38.11,Breakfast,1,1,0,6
S4399,2026-04-10,08:27 AM,Yamuna,Classroom,0,0,0,0,08:12 AM,08:59 AM,140.84,129,7.27,None,1,1,0,8
S4400,2026-04-29,02:21 PM,Yamuna,Library,0,0,01:04 PM,09:32 PM,12:41 PM,09:48 PM,788.88,102,16.7,None,1,0,1,8
S4401,2026-04-10,09:42 PM,Sarojini,Mess,09:41 PM,10:38 PM,0,0,0,0,449.74,102,33.12,Dinner,0,0,0,6
S4402,2026-04-20,01:31 PM,Yamuna,Classroom,0,0,0,0,12:54 PM,02:15 PM,230.89,113,11.13,None,1,0,1,4
S4403,2026-04-06,02:40 PM,Ganga,Mess,02:30 PM,03:13 PM,0,0,0,0,534.34,103,28.47,Lunch,0,0,0,7
S4404,2026-04-22,07:17 AM,Rajendra,Mess,07:16 AM,08:04 AM,0,0,0,0,421.98,15,24.24,Breakfast,0,0,1,4
S4405,2026-04-24,08:26 AM,Yamuna,Mess,08:11 AM,08:42 AM,0,0,0,0,327.57,148,45.83,Breakfast,0,0,1,3
S4406,2026-05-01,07:16 AM,Rajendra,Mess,07:04 AM,07:39 AM,0,0,0,0,513.83,166,44.37,Breakfast,0,0,0,9
S4407,2026-04-13,09:15 PM,Azad,Mess,09:07 PM,10:06 PM,0,0,0,0,462.95,152,47.25,Dinner,0,0,0,6
S4408,2026-05-01,07:55 AM,Azad,Mess,07:42 AM,08:13 AM,0,0,0,0,485.1,77,47.64,Breakfast,0,0,0,7
S4409,2026-04-21,02:59 AM,Sarojini,Outside,0,0,0,0,02:18 AM,05:02 AM,388.55,47,4.56,None,0,0,1,5
S4410,2026-04-24,07:21 PM,Ganga,Hostel,0,0,0,0,0,0,380.24,29,25.62,None,0,0,1,5
S4411,2026-04-04,07:44 PM,Yamuna,Mess,07:08 PM,08:05 PM,0,0,0,0,608.71,176,49.35,Dinner,0,0,0,7
S4412,2026-04-18,04:39 PM,Ganga,Library,0,0,04:39 PM,05:52 PM,04:14 PM,06:07 PM,899.43,81,11.25,None,0,0,0,6
S4413,2026-05-01,07:34 PM,Yamuna,Outside,0,0,0,0,05:53 PM,09:38 PM,164.25,91,13.17,None,0,0,0,6
S4414,2026-04-12,10:00 AM,Rajendra,Mess,09:37 AM,10:14 AM,0,0,0,0,493.61,141,34.52,Breakfast,1,1,0,8
S4415,2026-04-07,01:35 PM,Ganga,Mess,01:12 PM,01:41 PM,0,0,0,0,274.8,46,25.79,Lunch,1,0,0,6
S4416,2026-04-01,04:37 PM,Rajendra,Library,0,0,03:36 PM,04:59 PM,03:10 PM,05:47 PM,919.61,192,25.78,None,1,1,0,3
S4417,2026-04-24,07:08 AM,Rajendra,Hostel,0,0,0,0,0,0,237.63,53,19.31,None,0,0,1,3
S4418,2026-04-09,09:49 AM,Yamuna,Library,0,0,09:48 AM,11:13 AM,09:30 AM,11:59 AM,802.36,168,30.69,None,0,0,0,9
S4419,2026-04-16,11:40 PM,Sarojini,Library,0,0,10:52 PM,11:59 PM,10:35 PM,11:59 PM,851.04,118,18.29,None,0,0,0,9
S4420,2026-04-24,09:09 PM,Azad,Library,0,0,08:28 PM,11:59 PM,08:00 PM,11:59 PM,772.29,40,20.14,None,0,0,1,7
S4421,2026-04-03,02:16 PM,Sarojini,Library,0,0,02:02 PM,04:49 PM,01:40 PM,05:41 PM,830.85,35,13.0,None,1,0,0,6
S4422,2026-04-06,09:41 PM,Rajendra,Mess,09:17 PM,09:42 PM,0,0,0,0,419.65,137,46.77,Dinner,0,0,0,7
S4423,2026-04-26,08:08 PM,Yamuna,Mess,08:00 PM,08:27 PM,0,0,0,0,542.84,22,38.63,Dinner,0,0,1,8
S4424,2026-04-20,11:50 PM,Azad,Library,0,0,10:54 PM,11:59 PM,10:24 PM,11:59 PM,762.16,119,25.15,None,0,0,1,4
S4425,2026-04-18,04:53 PM,Ganga,Library,0,0,04:07 PM,05:24 PM,03:48 PM,06:08 PM,886.88,40,13.77,None,1,1,0,6
S4426,2026-04-16,08:16 AM,Sarojini,Mess,07:33 AM,08:17 AM,0,0,0,0,467.91,143,47.62,Breakfast,0,0,0,15
S4427,2026-04-17,07:59 AM,Yamuna,Outside,0,0,0,0,06:59 AM,09:37 AM,240.71,97,12.56,None,0,0,0,7
S4428,2026-04-14,06:18 AM,Azad,Outside,0,0,0,0,04:34 AM,07:43 AM,303.19,192,18.69,None,0,0,0,9
S4429,2026-04-03,01:39 PM,Azad,Library,0,0,12:45 PM,02:45 PM,12:20 PM,03:01 PM,807.4,127,19.41,None,1,0,0,6
S4430,2026-04-15,07:12 PM,Yamuna,Library,0,0,06:11 PM,07:19 PM,06:05 PM,07:50 PM,839.2,11,11.92,None,0,0,0,7
S4431,2026-04-11,10:31 PM,Yamuna,Outside,0,0,0,0,09:08 PM,11:59 PM,194.42,200,28.35,None,0,0,0,4
S4432,2026-04-05,01:49 AM,Azad,Outside,0,0,0,0,01:09 AM,03:01 AM,150.57,138,18.72,None,0,0,0,7
S4433,2026-04-15,11:51 AM,Yamuna,Library,0,0,11:06 AM,01:00 PM,10:44 AM,01:16 PM,600.29,83,13.73,None,1,0,0,7
S4434,2026-04-18,04:38 PM,Azad,Hostel,0,0,0,0,0,0,243.94,73,34.35,None,0,0,0,6
S4435,2026-04-10,09:25 AM,Yamuna,Mess,09:02 AM,09:30 AM,0,0,0,0,312.74,179,56.5,Breakfast,0,0,0,7
S4436,2026-04-21,09:28 PM,Ganga,Mess,08:50 PM,09:44 PM,0,0,0,0,491.26,65,27.3,Dinner,0,0,1,4
S4437,2026-04-20,09:36 PM,Ganga,Library,0,0,09:09 PM,11:59 PM,08:41 PM,11:59 PM,625.09,112,27.09,None,0,0,1,7
S4438,2026-04-07,02:18 PM,Sarojini,Mess,02:05 PM,02:39 PM,0,0,0,0,354.19,188,49.11,Lunch,0,0,0,5
S4439,2026-04-13,04:48 PM,Rajendra,Library,0,0,04:39 PM,06:34 PM,04:34 PM,07:14 PM,782.9,168,35.36,None,1,1,0,4
S4440,2026-04-04,10:28 PM,Sarojini,Hostel,0,0,0,0,0,0,1461.92,94,27.14,None,0,0,0,8
S4441,2026-05-01,12:58 AM,Sarojini,Outside,0,0,0,0,0,03:01 AM,212.14,181,22.38,None,0,0,0,4
S4442,2026-04-28,10:10 AM,Yamuna,Mess,09:43 AM,10:16 AM,0,0,0,0,301.63,122,49.73,Breakfast,1,1,1,7
S4443,2026-04-01,09:35 AM,Yamuna,Classroom,0,0,0,0,08:56 AM,10:47 AM,165.3,68,3.51,None,1,1,0,6
S4444,2026-04-26,12:35 PM,Yamuna,Mess,12:27 PM,01:17 PM,0,0,0,0,462.75,56,36.44,Lunch,0,0,1,6
S4445,2026-04-06,05:45 AM,Yamuna,Outside,0,0,0,0,04:02 AM,08:22 AM,131.07,73,9.55,None,0,0,0,7
S4446,2026-04-01,02:45 PM,Azad,Library,0,0,02:26 PM,03:20 PM,02:21 PM,03:37 PM,854.69,88,24.57,None,0,0,0,5
S4447,2026-04-04,01:50 PM,Yamuna,Mess,01:50 PM,02:32 PM,0,0,0,0,318.36,62,43.62,Lunch,0,0,0,8
S4448,2026-04-12,07:10 PM,Azad,Library,0,0,06:43 PM,08:35 PM,06:20 PM,09:01 PM,548.55,64,16.33,None,0,0,0,9
S4449,2026-04-02,02:11 PM,Rajendra,Outside,0,0,0,0,01:21 PM,03:20 PM,306.0,158,14.55,None,1,0,0,4
S4450,2026-04-18,11:08 AM,Rajendra,Library,0,0,10:20 AM,12:00 PM,09:53 AM,12:29 PM,596.13,109,24.03,None,1,0,0,9
S4451,2026-04-12,12:55 PM,Yamuna,Mess,12:51 PM,01:21 PM,0,0,0,0,400.89,17,35.49,Lunch,0,0,0,7
S4452,2026-04-25,12:57 AM,Rajendra,Outside,0,0,0,0,0,02:26 AM,262.68,146,11.39,None,0,0,1,4
S4453,2026-05-01,08:17 AM,Yamuna,Mess,07:57 AM,08:37 AM,0,0,0,0,260.64,80,43.79,Breakfast,0,0,0,8
S4454,2026-04-20,08:15 AM,Yamuna,Mess,07:48 AM,08:32 AM,0,0,0,0,664.13,35,36.5,Breakfast,0,0,1,6
S4455,2026-04-18,12:41 PM,Yamuna,Library,0,0,09:44 AM,12:43 PM,09:19 AM,01:13 PM,563.88,63,17.56,None,1,0,0,8
S4456,2026-04-11,10:14 PM,Ganga,Hostel,0,0,0,0,0,0,1293.14,81,33.16,None,0,0,0,9
S4457,2026-04-08,12:01 PM,Sarojini,Outside,0,0,0,0,10:55 AM,02:16 PM,106.55,145,7.74,None,0,0,0,8
S4458,2026-04-19,11:28 AM,Ganga,Library,0,0,09:50 AM,12:33 PM,09:38 AM,01:15 PM,621.73,121,26.63,None,1,0,0,7
S4459,2026-04-02,06:42 PM,Rajendra,Library,0,0,06:24 PM,08:53 PM,06:00 PM,09:51 PM,608.28,41,11.59,None,0,0,0,6
S4460,2026-04-22,08:43 AM,Sarojini,Mess,08:12 AM,08:44 AM,0,0,0,0,371.67,18,29.75,Breakfast,0,0,1,6
S4461,2026-04-09,08:32 PM,Rajendra,Mess,08:19 PM,09:18 PM,0,0,0,0,325.03,13,33.03,Dinner,0,0,0,8
S4462,2026-04-27,11:52 PM,Sarojini,Library,0,0,08:36 PM,11:59 PM,08:25 PM,11:59 PM,796.83,85,15.23,None,0,0,1,3
S4463,2026-04-22,12:52 PM,Ganga,Mess,12:35 PM,01:25 PM,0,0,0,0,334.01,117,46.59,Lunch,0,0,1,8
S4464,2026-04-13,09:08 PM,Ganga,Mess,08:49 PM,09:15 PM,0,0,0,0,449.14,132,41.63,Dinner,0,0,0,7
S4465,2026-04-20,11:36 AM,Ganga,Classroom,0,0,0,0,11:19 AM,12:51 PM,145.76,149,13.36,None,1,0,1,5
S4466,2026-05-01,03:04 AM,Yamuna,Hostel,0,0,0,0,0,0,390.62,16,12.79,None,0,0,0,8
S4467,2026-04-18,08:07 PM,Rajendra,Library,0,0,07:05 PM,09:02 PM,06:41 PM,09:31 PM,943.37,191,24.76,None,0,0,0,7
S4468,2026-04-21,02:44 PM,Yamuna,Mess,02:33 PM,03:22 PM,0,0,0,0,337.23,23,37.36,Lunch,0,0,1,4
S4469,2026-04-21,02:45 PM,Yamuna,Mess,02:15 PM,02:48 PM,0,0,0,0,473.58,37,36.2,Lunch,1,0,1,3
S4470,2026-04-16,09:16 AM,Yamuna,Classroom,0,0,0,0,08:51 AM,10:43 AM,250.61,69,3.82,None,1,1,0,6
S4471,2026-04-05,12:55 AM,Yamuna,Outside,0,0,0,0,12:05 AM,02:26 AM,292.79,131,15.27,None,0,0,0,8
S4472,2026-04-10,06:26 PM,Ganga,Hostel,0,0,0,0,0,0,333.74,34,19.46,None,0,0,0,8
S4473,2026-04-02,01:44 PM,Ganga,Mess,01:32 PM,02:13 PM,0,0,0,0,662.85,84,33.9,Lunch,0,0,0,6
S4474,2026-04-15,04:10 PM,Rajendra,Hostel,0,0,0,0,0,0,165.47,37,25.26,None,1,1,0,8
S4475,2026-04-28,12:34 PM,Ganga,Mess,12:24 PM,01:16 PM,0,0,0,0,656.04,53,42.21,Lunch,0,0,1,5
S4476,2026-04-15,01:09 PM,Ganga,Mess,12:48 PM,01:16 PM,0,0,0,0,481.91,127,51.9,Lunch,1,0,0,7
S4477,2026-04-14,09:46 AM,Sarojini,Classroom,0,0,0,0,09:12 AM,10:56 AM,323.44,136,8.46,None,1,1,0,7
S4478,2026-04-30,01:18 PM,Azad,Mess,01:01 PM,01:37 PM,0,0,0,0,389.29,183,61.41,Lunch,0,0,1,4
S4479,2026-04-08,10:13 AM,Ganga,Library,0,0,09:53 AM,11:17 AM,09:38 AM,12:16 PM,897.48,157,26.73,None,0,0,0,7
S4480,2026-04-28,09:32 PM,Ganga,Library,0,0,06:30 PM,11:59 PM,06:17 PM,11:59 PM,796.0,18,14.21,None,0,0,1,3
S4481,2026-04-13,11:44 AM,Ganga,Outside,0,0,0,0,11:08 AM,01:28 PM,193.62,83,9.55,None,1,0,0,8
S4482,2026-04-27,10:51 AM,Sarojini,Hostel,0,0,0,0,0,0,377.73,55,23.64,None,1,1,1,6
S4483,2026-04-17,01:40 PM,Ganga,Library,0,0,12:32 PM,02:47 PM,12:07 PM,03:16 PM,698.59,194,29.17,None,1,0,0,7
S4484,2026-04-22,06:38 PM,Yamuna,Library,0,0,11:36 AM,07:57 PM,11:25 AM,08:16 PM,1046.54,41,17.88,None,0,0,1,5
S4485,2026-04-15,04:22 PM,Sarojini,Library,0,0,02:08 PM,04:23 PM,01:41 PM,04:33 PM,970.22,98,26.11,None,0,0,0,6
S4486,2026-04-29,03:32 AM,Sarojini,Hostel,0,0,0,0,0,0,362.96,100,23.12,None,0,0,1,8
S4487,2026-04-19,02:19 PM,Ganga,Library,0,0,02:11 PM,03:44 PM,01:49 PM,04:28 PM,529.09,100,24.0,None,0,0,0,6
S4488,2026-04-16,08:27 PM,Rajendra,Outside,0,0,0,0,07:15 PM,09:38 PM,155.14,168,11.5,None,0,0,0,9
S4489,2026-04-17,10:51 PM,Ganga,Library,0,0,10:23 PM,11:12 PM,10:09 PM,11:48 PM,611.03,79,15.39,None,0,0,0,6
S4490,2026-04-03,06:26 AM,Sarojini,Outside,0,0,0,0,05:08 AM,07:54 AM,223.81,199,28.29,None,0,0,0,6
S4491,2026-04-05,12:59 PM,Azad,Library,0,0,12:24 PM,02:54 PM,12:19 PM,03:37 PM,606.28,197,37.25,None,0,0,0,8
S4492,2026-04-17,10:15 PM,Azad,Library,0,0,09:11 PM,10:17 PM,08:53 PM,10:34 PM,740.5,14,12.24,None,0,0,0,9
S4493,2026-04-05,09:17 PM,Azad,Hostel,0,0,0,0,0,0,1091.1,58,21.72,None,0,0,0,7
S4494,2026-04-08,01:48 PM,Yamuna,Library,0,0,01:42 PM,02:37 PM,01:23 PM,03:37 PM,776.94,187,24.24,None,0,0,0,6
S4495,2026-04-02,03:31 PM,Sarojini,Library,0,0,03:06 PM,03:36 PM,02:44 PM,03:47 PM,852.82,159,29.32,None,0,0,0,7
S4496,2026-04-29,05:35 PM,Yamuna,Classroom,0,0,0,0,05:05 PM,06:28 PM,397.99,169,13.91,None,1,1,1,6
S4497,2026-04-08,09:42 AM,Azad,Mess,09:32 AM,09:55 AM,0,0,0,0,402.29,116,51.81,Breakfast,0,0,0,7
S4498,2026-04-01,12:58 AM,Azad,Hostel,0,0,0,0,0,0,271.21,11,22.02,None,0,0,0,7
S4499,2026-04-03,08:25 PM,Sarojini,Library,0,0,08:03 PM,10:32 PM,07:45 PM,11:05 PM,973.1,175,30.42,None,0,0,0,6
S4500,2026-04-04,11:00 AM,Azad,Classroom,0,0,0,0,10:45 AM,11:58 AM,370.58,150,17.97,None,1,0,0,7
S4501,2026-04-24,07:42 AM,Sarojini,Hostel,0,0,0,0,0,0,355.96,130,41.07,None,0,0,1,5
S4502,2026-04-30,11:53 PM,Azad,Library,0,0,10:47 PM,11:59 PM,10:37 PM,11:59 PM,801.76,193,21.36,None,0,0,1,6
S4503,2026-04-29,10:31 AM,Azad,Classroom,0,0,0,0,10:00 AM,12:13 PM,201.97,107,7.61,None,1,1,1,7
S4504,2026-04-07,01:59 PM,Yamuna,Mess,01:13 PM,02:00 PM,0,0,0,0,410.14,55,41.01,Lunch,0,0,0,6
S4505,2026-04-09,10:27 PM,Ganga,Library,0,0,10:14 PM,11:09 PM,10:06 PM,11:25 PM,753.81,184,29.69,None,0,0,0,8
S4506,2026-04-29,02:20 PM,Ganga,Library,0,0,09:29 AM,03:07 PM,09:15 AM,03:27 PM,870.5,61,17.73,None,0,0,1,3
S4507,2026-04-13,01:50 PM,Rajendra,Library,0,0,12:57 PM,03:55 PM,12:46 PM,04:24 PM,753.98,182,20.08,None,0,0,0,4
S4508,2026-04-28,03:19 AM,Ganga,Hostel,0,0,0,0,0,0,216.76,100,30.65,None,0,0,1,6
S4509,2026-04-07,12:36 PM,Sarojini,Outside,0,0,0,0,11:50 AM,01:54 PM,129.76,75,9.15,None,1,0,0,5
S4510,2026-04-25,01:05 PM,Azad,Outside,0,0,0,0,12:26 PM,03:50 PM,267.36,49,3.1,None,0,0,1,3
S4511,2026-04-28,10:10 PM,Azad,Mess,09:11 PM,10:11 PM,0,0,0,0,322.36,79,39.45,Dinner,0,0,1,3
S4512,2026-04-10,12:50 PM,Rajendra,Mess,12:25 PM,01:08 PM,0,0,0,0,382.66,68,32.54,Lunch,1,0,0,7
S4513,2026-04-21,08:57 PM,Rajendra,Mess,08:32 PM,09:23 PM,0,0,0,0,473.82,88,30.74,Dinner,0,0,1,4
S4514,2026-04-29,08:23 PM,Rajendra,Mess,08:20 PM,08:54 PM,0,0,0,0,589.26,46,29.74,Dinner,0,0,1,4
S4515,2026-04-20,01:30 PM,Ganga,Library,0,0,11:43 AM,06:27 PM,11:23 AM,07:03 PM,866.15,147,28.03,None,0,0,1,4
S4516,2026-04-28,04:40 AM,Azad,Hostel,0,0,0,0,0,0,300.87,169,38.18,None,0,0,1,8
S4517,2026-04-29,06:14 PM,Yamuna,Classroom,0,0,0,0,05:49 PM,07:52 PM,356.96,194,22.06,None,1,1,1,6
S4518,2026-04-27,08:44 AM,Azad,Mess,08:37 AM,09:21 AM,0,0,0,0,484.75,141,47.75,Breakfast,0,0,1,7
S4519,2026-05-01,02:17 PM,Sarojini,Mess,01:40 PM,02:24 PM,0,0,0,0,407.34,182,55.82,Lunch,1,0,0,6
S4520,2026-04-06,09:48 AM,Rajendra,Mess,09:39 AM,10:24 AM,0,0,0,0,528.44,59,36.8,Breakfast,1,1,0,7
S4521,2026-04-14,08:45 PM,Sarojini,Hostel,0,0,0,0,0,0,826.31,72,26.01,None,0,0,0,7
S4522,2026-04-20,12:24 AM,Azad,Outside,0,0,0,0,0,02:05 AM,300.92,102,9.49,None,0,0,1,6
S4523,2026-04-27,09:54 PM,Ganga,Hostel,0,0,0,0,0,0,1481.59,76,20.43,None,0,0,1,3
S4524,2026-04-25,10:49 AM,Rajendra,Classroom,0,0,0,0,10:14 AM,12:18 PM,342.17,42,4.48,None,1,1,1,5
S4525,2026-04-20,01:58 PM,Ganga,Library,0,0,09:58 AM,04:59 PM,09:53 AM,05:56 PM,825.61,34,8.75,None,1,0,1,6
S4526,2026-04-29,03:37 PM,Azad,Mess,02:53 PM,03:52 PM,0,0,0,0,544.22,173,56.72,Lunch,1,0,1,4
S4527,2026-04-06,06:18 PM,Ganga,Library,0,0,06:08 PM,06:39 PM,06:03 PM,07:02 PM,652.06,197,30.88,None,0,0,0,7
S4528,2026-04-06,11:01 PM,Ganga,Library,0,0,09:41 PM,11:28 PM,09:24 PM,11:59 PM,656.3,107,28.54,None,0,0,0,6
S4529,2026-04-23,09:31 AM,Sarojini,Mess,09:23 AM,10:10 AM,0,0,0,0,459.76,193,52.02,Breakfast,0,0,1,3
S4530,2026-04-07,12:36 PM,Azad,Classroom,0,0,0,0,12:16 PM,02:06 PM,363.3,41,4.08,None,1,0,0,8
S4531,2026-04-11,08:38 PM,Azad,Library,0,0,08:09 PM,08:48 PM,07:43 PM,09:48 PM,716.63,56,14.56,None,0,0,0,3
S4532,2026-04-05,09:14 AM,Yamuna,Mess,09:14 AM,09:46 AM,0,0,0,0,599.67,156,50.06,Breakfast,1,1,0,7
S4533,2026-04-06,06:37 AM,Yamuna,Hostel,0,0,0,0,0,0,273.54,146,38.07,None,0,0,0,6
S4534,2026-04-03,11:17 AM,Rajendra,Classroom,0,0,0,0,10:50 AM,12:45 PM,103.22,11,0.79,None,1,0,0,7
S4535,2026-04-13,06:36 PM,Ganga,Classroom,0,0,0,0,06:10 PM,07:57 PM,226.6,24,1.64,None,1,1,0,7
S4536,2026-04-09,08:36 PM,Sarojini,Library,0,0,08:26 PM,11:05 PM,08:21 PM,11:58 PM,435.55,129,13.75,None,0,0,0,7
S4537,2026-04-21,11:44 PM,Azad,Outside,0,0,0,0,11:10 PM,11:59 PM,107.25,25,2.29,None,0,0,1,5
S4538,2026-04-24,08:12 AM,Azad,Mess,08:07 AM,09:00 AM,0,0,0,0,486.17,176,53.78,Breakfast,0,0,1,5
S4539,2026-04-25,09:40 AM,Yamuna,Mess,09:12 AM,10:07 AM,0,0,0,0,603.73,105,48.8,Breakfast,0,0,1,6
S4540,2026-04-08,09:34 PM,Azad,Mess,09:03 PM,09:34 PM,0,0,0,0,496.35,177,49.02,Dinner,0,0,0,6
S4541,2026-04-19,10:22 PM,Ganga,Mess,09:58 PM,10:40 PM,0,0,0,0,464.77,168,46.28,Dinner,0,0,0,7
S4542,2026-04-13,09:37 PM,Azad,Mess,09:03 PM,09:41 PM,0,0,0,0,506.58,111,37.65,Dinner,0,0,0,7
S4543,2026-04-22,08:17 PM,Azad,Mess,07:57 PM,08:50 PM,0,0,0,0,422.72,175,32.03,Dinner,0,0,1,7
S4544,2026-04-23,09:20 PM,Ganga,Library,0,0,07:30 PM,11:59 PM,07:07 PM,11:59 PM,761.2,155,28.02,None,0,0,1,7
S4545,2026-04-18,06:09 PM,Yamuna,Classroom,0,0,0,0,05:29 PM,07:53 PM,254.07,149,17.81,None,1,1,0,3
S4546,2026-04-21,05:38 PM,Yamuna,Classroom,0,0,0,0,05:03 PM,06:41 PM,167.69,30,2.72,None,1,1,1,7
S4547,2026-04-05,09:41 PM,Yamuna,Outside,0,0,0,0,09:02 PM,11:59 PM,376.59,83,8.59,None,0,0,0,7
S4548,2026-04-29,10:18 AM,Azad,Outside,0,0,0,0,09:24 AM,12:05 PM,111.49,195,27.95,None,1,1,1,8
S4549,2026-04-02,06:45 PM,Yamuna,Classroom,0,0,0,0,06:19 PM,07:59 PM,387.33,107,8.76,None,1,1,0,10
S4550,2026-04-03,07:47 AM,Ganga,Mess,07:25 AM,08:18 AM,0,0,0,0,312.28,126,35.56,Breakfast,0,0,0,9
S4551,2026-04-26,10:16 PM,Azad,Library,0,0,07:55 PM,11:59 PM,07:37 PM,11:59 PM,772.74,180,31.63,None,0,0,1,6
S4552,2026-04-05,10:49 AM,Rajendra,Library,0,0,10:07 AM,11:04 AM,09:50 AM,11:31 AM,579.97,61,13.28,None,1,1,0,7
S4553,2026-04-25,01:00 PM,Azad,Classroom,0,0,0,0,12:48 PM,02:48 PM,381.78,162,20.42,None,1,0,1,5
S4554,2026-04-17,09:39 AM,Yamuna,Mess,09:36 AM,10:21 AM,0,0,0,0,344.06,114,45.77,Breakfast,1,1,0,9
S4555,2026-04-30,11:43 PM,Sarojini,Library,0,0,09:55 PM,11:59 PM,09:35 PM,11:59 PM,960.1,80,13.24,None,0,0,1,4
S4556,2026-04-14,10:42 PM,Azad,Library,0,0,10:25 PM,11:50 PM,10:03 PM,11:59 PM,611.49,181,29.23,None,0,0,0,9
S4557,2026-04-26,04:14 AM,Azad,Hostel,0,0,0,0,0,0,329.01,91,30.53,None,0,0,1,6
S4558,2026-04-23,07:47 PM,Sarojini,Library,0,0,05:16 PM,11:59 PM,04:56 PM,11:59 PM,777.94,160,22.72,None,0,0,1,7
S4559,2026-04-07,08:39 PM,Yamuna,Library,0,0,08:37 PM,11:34 PM,08:19 PM,11:59 PM,715.25,40,12.68,None,0,0,0,7
S4560,2026-04-17,02:05 PM,Ganga,Mess,01:46 PM,02:13 PM,0,0,0,0,326.8,139,54.56,Lunch,0,0,0,6
S4561,2026-04-22,10:28 AM,Azad,Classroom,0,0,0,0,10:13 AM,11:53 AM,390.5,181,18.15,None,1,1,1,4
S4562,2026-04-21,08:36 PM,Rajendra,Mess,07:56 PM,08:36 PM,0,0,0,0,370.16,192,56.94,Dinner,0,0,1,4
S4563,2026-04-29,11:04 PM,Ganga,Library,0,0,09:15 PM,11:59 PM,08:49 PM,11:59 PM,891.86,55,13.92,None,0,0,1,5
S4564,2026-04-08,09:28 PM,Ganga,Mess,09:24 PM,09:53 PM,0,0,0,0,336.87,130,51.39,Dinner,0,0,0,6
S4565,2026-04-04,01:25 PM,Sarojini,Mess,01:25 PM,01:49 PM,0,0,0,0,371.33,77,50.58,Lunch,0,0,0,8
S4566,2026-04-12,12:57 PM,Azad,Library,0,0,10:56 AM,01:47 PM,10:32 AM,02:10 PM,737.3,35,12.39,None,0,0,0,10
S4567,2026-04-14,02:31 PM,Rajendra,Mess,02:05 PM,02:40 PM,0,0,0,0,465.98,74,38.86,Lunch,0,0,0,5
S4568,2026-04-26,09:19 AM,Sarojini,Classroom,0,0,0,0,08:53 AM,10:38 AM,161.51,14,1.62,None,1,1,1,6
S4569,2026-04-24,09:00 PM,Rajendra,Mess,08:55 PM,09:16 PM,0,0,0,0,514.5,191,35.33,Dinner,0,0,1,5
S4570,2026-04-07,01:13 AM,Yamuna,Outside,0,0,0,0,12:11 AM,03:54 AM,137.42,183,12.57,None,0,0,0,5
S4571,2026-04-19,10:08 PM,Azad,Library,0,0,09:48 PM,10:27 PM,09:39 PM,10:39 PM,891.28,168,35.92,None,0,0,0,8
S4572,2026-04-07,06:51 PM,Sarojini,Outside,0,0,0,0,06:03 PM,08:32 PM,135.37,74,4.98,None,0,0,0,7
S4573,2026-04-24,04:06 PM,Rajendra,Library,0,0,11:18 AM,08:04 PM,10:59 AM,08:41 PM,827.07,146,19.9,None,0,0,1,5
S4574,2026-04-27,08:12 AM,Ganga,Mess,08:07 AM,08:43 AM,0,0,0,0,411.7,58,40.82,Breakfast,0,0,1,7
S4575,2026-04-16,12:32 PM,Azad,Mess,12:16 PM,12:55 PM,0,0,0,0,434.53,154,42.09,Lunch,1,0,0,6
S4576,2026-04-30,04:08 PM,Sarojini,Library,0,0,01:49 PM,09:08 PM,01:23 PM,09:28 PM,472.98,128,22.94,None,1,1,1,5
S4577,2026-04-11,11:16 AM,Rajendra,Library,0,0,10:40 AM,11:55 AM,10:13 AM,12:20 PM,473.22,175,29.44,None,0,0,0,10
S4578,2026-05-01,07:51 PM,Azad,Mess,07:47 PM,08:17 PM,0,0,0,0,329.7,108,50.33,Dinner,0,0,0,8
S4579,2026-04-26,11:40 AM,Yamuna,Classroom,0,0,0,0,11:05 AM,01:34 PM,246.4,172,11.08,None,1,0,1,4
S4580,2026-04-20,11:37 PM,Rajendra,Library,0,0,10:33 PM,11:59 PM,10:16 PM,11:59 PM,759.37,177,31.28,None,0,0,1,7
S4581,2026-04-06,01:43 PM,Ganga,Mess,01:24 PM,01:50 PM,0,0,0,0,559.79,15,38.31,Lunch,0,0,0,4
S4582,2026-04-18,04:03 AM,Ganga,Outside,0,0,0,0,02:53 AM,06:46 AM,369.2,73,5.79,None,0,0,0,8
S4583,2026-04-06,10:51 PM,Ganga,Library,0,0,09:54 PM,11:17 PM,09:47 PM,11:30 PM,567.75,153,29.08,None,0,0,0,3
S4584,2026-04-19,01:12 PM,Ganga,Mess,12:56 PM,01:27 PM,0,0,0,0,441.53,144,39.74,Lunch,1,0,0,8
S4585,2026-04-05,11:11 PM,Sarojini,Outside,0,0,0,0,10:11 PM,11:59 PM,343.77,99,7.5,None,0,0,0,6
S4586,2026-04-14,08:27 AM,Ganga,Mess,07:57 AM,08:43 AM,0,0,0,0,508.72,92,31.06,Breakfast,0,0,0,6
S4587,2026-04-24,01:00 PM,Azad,Mess,12:39 PM,01:18 PM,0,0,0,0,609.71,165,46.27,Lunch,1,0,1,6
S4588,2026-04-15,03:38 AM,Yamuna,Outside,0,0,0,0,03:05 AM,04:48 AM,238.81,18,2.48,None,0,0,0,10
S4589,2026-04-22,08:29 AM,Azad,Mess,08:09 AM,08:48 AM,0,0,0,0,517.23,114,41.59,Breakfast,0,0,1,7
S4590,2026-04-24,07:08 AM,Sarojini,Outside,0,0,0,0,05:32 AM,08:36 AM,119.8,190,25.77,None,0,0,1,8
S4591,2026-04-16,12:27 PM,Azad,Mess,12:23 PM,12:45 PM,0,0,0,0,426.08,84,44.06,Lunch,0,0,0,8
S4592,2026-04-09,06:38 PM,Yamuna,Classroom,0,0,0,0,06:21 PM,07:19 PM,380.02,29,3.5,None,1,1,0,4
S4593,2026-04-14,10:29 AM,Azad,Library,0,0,09:40 AM,10:33 AM,09:19 AM,11:03 AM,532.32,14,8.21,None,0,0,0,8
S4594,2026-04-06,08:10 PM,Rajendra,Library,0,0,07:38 PM,10:17 PM,07:23 PM,10:48 PM,740.94,82,24.69,None,0,0,0,4
S4595,2026-04-15,08:58 AM,Sarojini,Mess,08:53 AM,09:53 AM,0,0,0,0,218.25,194,45.72,Breakfast,0,0,0,6
S4596,2026-04-18,09:51 AM,Sarojini,Mess,09:13 AM,10:03 AM,0,0,0,0,560.78,33,40.77,Breakfast,1,1,0,6
S4597,2026-04-01,10:49 PM,Azad,Library,0,0,10:25 PM,11:30 PM,10:17 PM,11:59 PM,836.49,130,23.5,None,0,0,0,6
S4598,2026-04-26,02:22 AM,Sarojini,Outside,0,0,0,0,01:15 AM,04:03 AM,174.79,61,4.81,None,0,0,1,6
S4599,2026-04-05,08:13 PM,Ganga,Mess,07:35 PM,08:29 PM,0,0,0,0,447.93,177,54.09,Dinner,0,0,0,7
S4600,2026-04-30,09:28 PM,Sarojini,Library,0,0,07:36 PM,11:59 PM,07:22 PM,11:59 PM,741.87,174,22.17,None,0,0,1,4
S4601,2026-04-28,06:33 PM,Ganga,Library,0,0,04:38 PM,09:47 PM,04:25 PM,10:45 PM,770.68,178,31.19,None,0,0,1,4
S4602,2026-04-01,08:22 PM,Sarojini,Mess,08:16 PM,08:50 PM,0,0,0,0,535.23,73,30.36,Dinner,0,0,0,9
S4603,2026-04-27,02:04 PM,Azad,Library,0,0,01:09 PM,06:19 PM,12:49 PM,06:40 PM,901.81,156,27.82,None,0,0,1,4
S4604,2026-04-02,06:42 AM,Sarojini,Hostel,0,0,0,0,0,0,149.72,127,35.68,None,0,0,0,14
S4605,2026-04-04,12:54 PM,Azad,Library,0,0,12:10 PM,01:31 PM,12:05 PM,02:31 PM,735.67,166,25.51,None,1,0,0,8
S4606,2026-04-23,07:53 PM,Yamuna,Mess,07:28 PM,08:13 PM,0,0,0,0,520.9,48,39.5,Dinner,0,0,1,4
S4607,2026-04-13,09:42 AM,Ganga,Mess,09:18 AM,09:42 AM,0,0,0,0,581.35,42,33.45,Breakfast,0,0,0,4
S4608,2026-04-03,09:15 PM,Rajendra,Mess,08:48 PM,09:30 PM,0,0,0,0,437.35,148,43.26,Dinner,0,0,0,8
S4609,2026-04-24,07:52 AM,Sarojini,Mess,07:33 AM,08:05 AM,0,0,0,0,450.75,174,44.28,Breakfast,0,0,1,5
S4610,2026-04-14,08:46 AM,Sarojini,Mess,08:46 AM,09:18 AM,0,0,0,0,520.47,72,33.62,Breakfast,0,0,0,10
S4611,2026-04-09,05:56 PM,Yamuna,Library,0,0,04:09 PM,06:50 PM,03:42 PM,07:25 PM,758.77,162,18.88,None,0,0,0,7
S4612,2026-04-22,06:14 AM,Yamuna,Hostel,0,0,0,0,0,0,235.99,198,26.52,None,0,0,1,6
S4613,2026-04-29,05:02 PM,Ganga,Outside,0,0,0,0,03:09 PM,06:38 PM,371.18,51,5.93,None,0,0,1,4
S4614,2026-04-10,04:57 AM,Yamuna,Outside,0,0,0,0,03:55 AM,07:12 AM,182.27,42,6.11,None,0,0,0,6
S4615,2026-04-15,10:00 AM,Yamuna,Mess,09:36 AM,10:10 AM,0,0,0,0,364.87,61,29.44,Breakfast,1,1,0,7
S4616,2026-04-12,03:51 AM,Ganga,Hostel,0,0,0,0,0,0,170.67,31,20.99,None,0,0,0,3
S4617,2026-04-15,04:30 PM,Azad,Library,0,0,04:07 PM,06:07 PM,03:38 PM,06:21 PM,864.46,46,10.2,None,1,1,0,7
S4618,2026-04-27,09:44 PM,Rajendra,Mess,09:24 PM,09:44 PM,0,0,0,0,456.54,88,43.15,Dinner,0,0,1,6
S4619,2026-04-25,12:51 PM,Ganga,Library,0,0,10:31 AM,05:46 PM,10:13 AM,06:14 PM,695.27,64,17.71,None,0,0,1,4
S4620,2026-04-21,03:29 PM,Azad,Outside,0,0,0,0,02:02 PM,04:53 PM,393.88,58,8.27,None,0,0,1,3
S4621,2026-04-05,03:06 PM,Sarojini,Library,0,0,03:06 PM,04:29 PM,02:47 PM,05:14 PM,501.47,160,35.34,None,0,0,0,9
S4622,2026-04-12,08:03 AM,Ganga,Mess,07:49 AM,08:09 AM,0,0,0,0,625.0,139,42.18,Breakfast,0,0,0,4
S4623,2026-04-30,03:11 AM,Rajendra,Hostel,0,0,0,0,0,0,197.35,13,13.28,None,0,0,1,3
S4624,2026-04-04,09:48 AM,Rajendra,Library,0,0,09:04 AM,11:32 AM,08:46 AM,12:24 PM,842.95,123,21.76,None,1,1,0,7
S4625,2026-04-15,09:49 PM,Sarojini,Mess,09:28 PM,09:57 PM,0,0,0,0,531.93,185,56.72,Dinner,0,0,0,6
S4626,2026-04-05,05:20 PM,Sarojini,Classroom,0,0,0,0,04:43 PM,07:20 PM,231.43,164,16.45,None,1,1,0,4
S4627,2026-04-03,05:55 AM,Rajendra,Hostel,0,0,0,0,0,0,198.81,93,25.2,None,0,0,0,8
S4628,2026-04-28,07:53 PM,Sarojini,Library,0,0,03:06 PM,09:34 PM,02:54 PM,10:07 PM,969.1,154,27.41,None,0,0,1,4
S4629,2026-04-30,03:11 PM,Sarojini,Mess,02:50 PM,03:14 PM,0,0,0,0,298.13,86,38.27,Lunch,0,0,1,5
S4630,2026-04-18,07:32 AM,Ganga,Mess,07:32 AM,08:21 AM,0,0,0,0,370.11,186,55.77,Breakfast,0,0,0,7
S4631,2026-04-28,09:33 AM,Azad,Classroom,0,0,0,0,08:53 AM,10:30 AM,243.3,186,13.45,None,1,1,1,6
S4632,2026-04-15,10:04 PM,Ganga,Library,0,0,09:56 PM,11:59 PM,09:37 PM,11:59 PM,539.09,28,12.07,None,0,0,0,7
S4633,2026-04-07,04:46 PM,Ganga,Library,0,0,03:17 PM,05:07 PM,02:51 PM,05:43 PM,649.32,119,20.44,None,0,0,0,6
S4634,2026-04-26,04:42 PM,Rajendra,Classroom,0,0,0,0,04:21 PM,05:44 PM,137.84,45,6.65,None,1,1,1,3
S4635,2026-04-07,08:34 AM,Rajendra,Mess,08:24 AM,08:59 AM,0,0,0,0,471.14,183,60.49,Breakfast,0,0,0,10
S4636,2026-04-10,01:32 PM,Rajendra,Mess,01:05 PM,02:03 PM,0,0,0,0,375.8,171,56.43,Lunch,0,0,0,10
S4637,2026-05-01,07:58 AM,Sarojini,Mess,07:06 AM,07:58 AM,0,0,0,0,334.13,107,36.03,Breakfast,0,0,0,5
S4638,2026-04-30,10:41 PM,Azad,Library,0,0,08:43 PM,11:59 PM,08:19 PM,11:59 PM,659.8,104,16.21,None,0,0,1,4
S4639,2026-04-21,08:59 PM,Rajendra,Mess,08:51 PM,09:19 PM,0,0,0,0,534.87,118,51.43,Dinner,0,0,1,3
S4640,2026-04-25,09:17 AM,Sarojini,Classroom,0,0,0,0,09:02 AM,10:14 AM,225.81,71,5.64,None,1,1,1,5
S4641,2026-04-14,03:12 PM,Sarojini,Classroom,0,0,0,0,02:55 PM,04:32 PM,365.71,27,2.49,None,1,0,0,6
S4642,2026-04-26,11:23 PM,Azad,Library,0,0,06:24 PM,11:59 PM,06:12 PM,11:59 PM,778.32,147,21.03,None,0,0,1,6
S4643,2026-04-09,09:35 PM,Yamuna,Mess,09:34 PM,09:57 PM,0,0,0,0,667.04,74,35.71,Dinner,0,0,0,7
S4644,2026-04-25,04:16 PM,Sarojini,Library,0,0,09:13 AM,04:51 PM,08:57 AM,05:48 PM,828.44,18,11.84,None,0,0,1,5
S4645,2026-04-28,04:47 PM,Ganga,Hostel,0,0,0,0,0,0,378.42,72,20.98,None,0,0,1,4
S4646,2026-04-02,12:12 PM,Yamuna,Outside,0,0,0,0,11:34 AM,01:44 PM,300.71,107,10.33,None,0,0,0,7
S4647,2026-04-22,05:02 PM,Azad,Library,0,0,04:09 PM,11:59 PM,03:51 PM,11:59 PM,787.02,11,12.92,None,0,0,1,7
S4648,2026-04-11,01:11 PM,Sarojini,Library,0,0,10:58 AM,01:18 PM,10:51 AM,02:08 PM,621.56,165,29.45,None,1,0,0,9
S4649,2026-04-20,01:31 AM,Azad,Outside,0,0,0,0,0,04:04 AM,288.93,141,20.13,None,0,0,1,6
S4650,2026-04-05,09:02 PM,Sarojini,Library,0,0,08:42 PM,10:39 PM,08:17 PM,11:02 PM,840.45,171,27.65,None,0,0,0,8
S4651,2026-04-26,09:11 AM,Yamuna,Outside,0,0,0,0,08:07 AM,10:50 AM,239.95,100,11.15,None,0,0,1,4
S4652,2026-04-23,07:05 AM,Yamuna,Hostel,0,0,0,0,0,0,242.22,200,43.15,None,0,0,1,5
S4653,2026-04-13,01:29 AM,Yamuna,Outside,0,0,0,0,12:28 AM,04:05 AM,298.72,81,11.41,None,0,0,0,8
S4654,2026-04-17,08:49 PM,Ganga,Library,0,0,07:51 PM,08:55 PM,07:41 PM,09:12 PM,893.14,48,14.38,None,0,0,0,8
S4655,2026-04-10,09:42 AM,Rajendra,Mess,09:04 AM,09:56 AM,0,0,0,0,481.68,181,44.07,Breakfast,1,1,0,7
S4656,2026-04-06,09:48 PM,Rajendra,Mess,09:24 PM,10:24 PM,0,0,0,0,359.01,39,45.26,Dinner,0,0,0,6
S4657,2026-04-24,03:09 PM,Rajendra,Mess,02:51 PM,03:27 PM,0,0,0,0,376.54,174,49.43,Lunch,0,0,1,6
S4658,2026-04-21,01:08 PM,Rajendra,Mess,01:00 PM,01:54 PM,0,0,0,0,562.18,36,40.65,Lunch,0,0,1,5
S4659,2026-04-12,10:24 AM,Yamuna,Mess,09:42 AM,10:28 AM,0,0,0,0,514.9,95,40.04,Breakfast,1,1,0,7
S4660,2026-04-17,12:21 PM,Ganga,Library,0,0,11:13 AM,02:07 PM,11:07 AM,02:49 PM,821.46,26,12.37,None,1,0,0,7
S4661,2026-04-28,11:28 PM,Yamuna,Library,0,0,05:51 PM,11:59 PM,05:29 PM,11:59 PM,542.22,175,34.02,None,0,0,1,3
S4662,2026-04-16,09:28 AM,Sarojini,Mess,09:16 AM,09:57 AM,0,0,0,0,358.65,189,42.46,Breakfast,1,1,0,3
S4663,2026-04-19,04:55 PM,Rajendra,Library,0,0,04:05 PM,06:10 PM,03:57 PM,06:30 PM,834.25,13,13.46,None,0,0,0,6
S4664,2026-04-01,10:15 AM,Rajendra,Mess,09:41 AM,10:23 AM,0,0,0,0,313.14,105,44.32,Breakfast,1,1,0,8
S4665,2026-04-02,04:30 PM,Azad,Classroom,0,0,0,0,04:08 PM,06:28 PM,170.56,118,17.19,None,1,1,0,8
S4666,2026-04-29,09:55 AM,Ganga,Mess,09:42 AM,10:06 AM,0,0,0,0,307.22,90,38.35,Breakfast,0,0,1,4
S4667,2026-04-17,05:51 AM,Ganga,Hostel,0,0,0,0,0,0,121.64,46,16.63,None,0,0,0,7
S4668,2026-04-27,11:31 PM,Sarojini,Library,0,0,08:03 PM,11:59 PM,07:35 PM,11:59 PM,788.08,184,26.07,None,0,0,1,7
S4669,2026-04-13,10:38 AM,Rajendra,Library,0,0,09:04 AM,11:27 AM,08:49 AM,12:01 PM,847.11,147,15.71,None,1,1,0,8
S4670,2026-04-12,08:13 PM,Ganga,Mess,07:39 PM,08:17 PM,0,0,0,0,467.39,133,35.99,Dinner,0,0,0,8
S4671,2026-04-16,11:27 PM,Yamuna,Library,0,0,10:10 PM,11:59 PM,09:59 PM,11:59 PM,691.71,29,16.24,None,0,0,0,6
S4672,2026-04-22,05:24 AM,Ganga,Hostel,0,0,0,0,0,0,174.23,91,18.93,None,0,0,1,6
S4673,2026-04-15,05:34 PM,Yamuna,Library,0,0,03:54 PM,05:36 PM,03:40 PM,06:16 PM,1049.67,176,17.62,None,0,0,0,16
S4674,2026-04-29,02:01 PM,Rajendra,Mess,01:37 PM,02:13 PM,0,0,0,0,650.25,172,44.61,Lunch,1,0,1,4
S4675,2026-04-20,07:55 PM,Yamuna,Library,0,0,01:25 PM,09:46 PM,01:19 PM,10:34 PM,947.65,172,28.25,None,0,0,1,3
S4676,2026-04-15,10:50 AM,Sarojini,Library,0,0,10:31 AM,11:03 AM,10:14 AM,11:55 AM,606.77,199,19.67,None,1,1,0,6
S4677,2026-04-14,09:37 PM,Azad,Outside,0,0,0,0,08:03 PM,11:59 PM,361.23,68,5.82,None,0,0,0,7
S4678,2026-04-27,07:33 PM,Ganga,Library,0,0,04:26 PM,10:27 PM,04:17 PM,10:46 PM,818.18,145,24.71,None,0,0,1,7
S4679,2026-04-22,09:15 AM,Yamuna,Classroom,0,0,0,0,08:57 AM,10:45 AM,228.22,36,4.17,None,1,1,1,5
S4680,2026-04-28,08:39 PM,Azad,Mess,08:12 PM,08:49 PM,0,0,0,0,625.3,84,42.91,Dinner,0,0,1,5
S4681,2026-04-15,08:25 AM,Sarojini,Mess,08:19 AM,09:05 AM,0,0,0,0,441.39,99,32.48,Breakfast,0,0,0,7
S4682,2026-04-23,06:16 AM,Sarojini,Hostel,0,0,0,0,0,0,282.02,48,19.44,None,0,0,1,6
S4683,2026-04-30,01:32 PM,Azad,Outside,0,0,0,0,12:45 PM,04:28 PM,298.56,194,26.73,None,1,0,1,4
S4684,2026-04-13,01:45 PM,Sarojini,Mess,01:39 PM,02:27 PM,0,0,0,0,579.06,65,33.72,Lunch,1,0,0,9
S4685,2026-04-24,12:37 PM,Yamuna,Library,0,0,09:13 AM,03:53 PM,09:07 AM,04:29 PM,980.91,93,17.17,None,1,0,1,4
S4686,2026-04-05,02:30 PM,Azad,Library,0,0,01:24 PM,02:57 PM,01:08 PM,03:19 PM,821.43,56,13.31,None,1,0,0,7
S4687,2026-04-29,08:52 AM,Azad,Mess,08:45 AM,09:37 AM,0,0,0,0,549.37,119,41.26,Breakfast,0,0,1,6
S4688,2026-04-16,10:27 AM,Ganga,Library,0,0,10:27 AM,11:57 AM,10:03 AM,12:25 PM,870.75,49,15.06,None,1,1,0,6
S4689,2026-04-20,07:44 AM,Azad,Outside,0,0,0,0,06:35 AM,10:15 AM,280.36,24,3.24,None,0,0,1,4
S4690,2026-04-19,12:58 PM,Rajendra,Outside,0,0,0,0,11:00 AM,02:17 PM,173.28,65,5.9,None,1,0,0,8
S4691,2026-04-16,12:19 PM,Yamuna,Library,0,0,10:29 AM,01:16 PM,10:12 AM,01:58 PM,873.91,189,18.88,None,0,0,0,5
S4692,2026-04-28,10:40 PM,Yamuna,Library,0,0,07:01 PM,11:59 PM,06:51 PM,11:59 PM,652.38,69,11.96,None,0,0,1,8
S4693,2026-04-09,09:19 PM,Yamuna,Hostel,0,0,0,0,0,0,978.92,103,38.26,None,0,0,0,6
S4694,2026-04-20,04:17 AM,Ganga,Outside,0,0,0,0,03:41 AM,06:43 AM,315.12,22,1.3,None,0,0,1,6
S4695,2026-04-14,09:20 PM,Rajendra,Mess,08:58 PM,09:42 PM,0,0,0,0,596.88,115,29.9,Dinner,0,0,0,5
S4696,2026-04-13,09:55 PM,Yamuna,Mess,09:36 PM,09:58 PM,0,0,0,0,347.61,161,46.23,Dinner,0,0,0,4
S4697,2026-04-04,09:22 AM,Yamuna,Mess,08:44 AM,09:44 AM,0,0,0,0,659.45,171,55.59,Breakfast,1,1,0,6
S4698,2026-04-24,10:56 PM,Azad,Hostel,0,0,0,0,0,0,1084.03,143,38.85,None,0,0,1,5
S4699,2026-04-16,06:55 PM,Yamuna,Library,0,0,06:25 PM,08:56 PM,06:17 PM,09:21 PM,548.9,152,18.65,None,0,0,0,10
S4700,2026-04-30,05:31 AM,Ganga,Hostel,0,0,0,0,0,0,388.68,45,22.39,None,0,0,1,3
S4701,2026-04-14,09:47 PM,Sarojini,Mess,09:30 PM,10:17 PM,0,0,0,0,422.26,18,30.95,Dinner,0,0,0,7
S4702,2026-04-09,09:44 PM,Yamuna,Mess,09:42 PM,10:11 PM,0,0,0,0,520.99,44,32.57,Dinner,0,0,0,7
S4703,2026-04-27,08:01 AM,Rajendra,Hostel,0,0,0,0,0,0,303.24,10,15.88,None,0,0,1,5
S4704,2026-04-23,12:27 AM,Ganga,Outside,0,0,0,0,0,02:03 AM,235.83,24,1.33,None,0,0,1,5
S4705,2026-04-21,09:38 PM,Sarojini,Mess,09:24 PM,09:55 PM,0,0,0,0,461.34,170,37.69,Dinner,0,0,1,3
S4706,2026-04-29,05:11 AM,Yamuna,Hostel,0,0,0,0,0,0,292.76,142,38.27,None,0,0,1,6
S4707,2026-04-24,02:46 PM,Ganga,Library,0,0,02:41 PM,08:15 PM,02:15 PM,08:40 PM,793.62,80,19.06,None,0,0,1,3
S4708,2026-04-22,06:51 AM,Ganga,Outside,0,0,0,0,06:12 AM,09:14 AM,285.55,79,8.13,None,0,0,1,5
S4709,2026-04-19,01:03 PM,Ganga,Mess,01:01 PM,01:40 PM,0,0,0,0,257.74,72,29.57,Lunch,1,0,0,5
S4710,2026-04-28,07:43 PM,Rajendra,Mess,07:29 PM,07:55 PM,0,0,0,0,421.44,157,49.69,Dinner,0,0,1,4
S4711,2026-04-12,09:41 AM,Ganga,Library,0,0,09:32 AM,10:28 AM,09:13 AM,11:13 AM,742.47,158,21.05,None,1,1,0,5
S4712,2026-04-04,11:37 AM,Yamuna,Library,0,0,11:09 AM,01:51 PM,10:53 AM,02:40 PM,746.55,198,28.27,None,1,0,0,6
S4713,2026-04-05,01:38 AM,Azad,Hostel,0,0,0,0,0,0,262.16,105,20.55,None,0,0,0,7
S4714,2026-04-19,03:32 AM,Ganga,Hostel,0,0,0,0,0,0,308.1,87,27.85,None,0,0,0,7
S4715,2026-04-17,08:40 PM,Sarojini,Library,0,0,08:10 PM,11:06 PM,07:49 PM,11:39 PM,719.95,20,11.16,None,0,0,0,8
S4716,2026-04-30,08:23 AM,Ganga,Mess,08:09 AM,08:57 AM,0,0,0,0,371.84,81,40.44,Breakfast,0,0,1,4
S4717,2026-04-02,10:20 AM,Rajendra,Outside,0,0,0,0,09:50 AM,12:19 PM,303.33,42,4.42,None,1,1,0,6
S4718,2026-04-01,08:36 AM,Yamuna,Mess,08:14 AM,09:11 AM,0,0,0,0,452.79,15,23.78,Breakfast,0,0,0,14
S4719,2026-04-29,08:54 PM,Azad,Mess,08:34 PM,08:54 PM,0,0,0,0,524.32,150,44.82,Dinner,0,0,1,3
S4720,2026-04-30,01:53 PM,Azad,Library,0,0,11:11 AM,07:27 PM,11:05 AM,07:53 PM,903.29,73,16.39,None,0,0,1,4
S4721,2026-04-21,11:02 PM,Yamuna,Library,0,0,10:10 PM,11:59 PM,09:54 PM,11:59 PM,723.09,119,23.71,None,0,0,1,3
S4722,2026-04-14,07:06 PM,Azad,Mess,07:05 PM,07:34 PM,0,0,0,0,445.79,129,51.4,Dinner,0,0,0,7
S4723,2026-04-26,09:25 PM,Ganga,Library,0,0,04:23 PM,10:20 PM,04:04 PM,10:43 PM,761.74,90,16.66,None,0,0,1,4
S4724,2026-04-09,02:20 PM,Azad,Mess,02:14 PM,02:50 PM,0,0,0,0,388.69,51,30.05,Lunch,0,0,0,7
S4725,2026-04-06,09:43 PM,Ganga,Library,0,0,09:28 PM,09:59 PM,09:19 PM,10:22 PM,726.95,55,16.37,None,0,0,0,16
S4726,2026-04-15,09:37 PM,Rajendra,Outside,0,0,0,0,07:54 PM,11:59 PM,359.08,194,23.93,None,0,0,0,6
S4727,2026-04-10,01:46 PM,Azad,Mess,01:24 PM,02:01 PM,0,0,0,0,350.33,72,41.01,Lunch,1,0,0,8
S4728,2026-04-17,08:19 PM,Azad,Library,0,0,07:02 PM,09:37 PM,06:34 PM,10:22 PM,442.28,87,13.92,None,0,0,0,7
S4729,2026-04-17,09:21 AM,Azad,Mess,09:11 AM,09:48 AM,0,0,0,0,484.99,103,33.42,Breakfast,1,1,0,7
S4730,2026-04-13,09:25 PM,Yamuna,Library,0,0,09:17 PM,11:59 PM,08:59 PM,11:59 PM,869.65,103,30.23,None,0,0,0,7
S4731,2026-04-27,12:43 PM,Rajendra,Mess,12:23 PM,12:50 PM,0,0,0,0,496.82,146,51.42,Lunch,0,0,1,4
S4732,2026-04-13,12:51 AM,Sarojini,Outside,0,0,0,0,12:18 AM,02:38 AM,322.45,73,4.24,None,0,0,0,4
S4733,2026-05-01,12:03 PM,Azad,Mess,12:00 PM,12:30 PM,0,0,0,0,289.16,33,27.21,Lunch,1,0,0,8
S4734,2026-04-13,12:12 PM,Yamuna,Library,0,0,12:05 PM,01:17 PM,11:40 AM,02:04 PM,961.81,151,21.09,None,0,0,0,7
S4735,2026-04-27,03:34 PM,Yamuna,Classroom,0,0,0,0,03:11 PM,04:30 PM,156.08,76,4.69,None,1,0,1,6
S4736,2026-04-10,11:47 AM,Sarojini,Hostel,0,0,0,0,0,0,277.3,44,26.53,None,1,0,0,5
S4737,2026-04-12,07:42 PM,Sarojini,Mess,07:03 PM,07:44 PM,0,0,0,0,280.15,97,40.4,Dinner,0,0,0,5
S4738,2026-04-10,08:38 PM,Rajendra,Library,0,0,08:23 PM,09:15 PM,08:18 PM,09:35 PM,945.22,188,35.89,None,0,0,0,7
S4739,2026-04-27,07:24 PM,Sarojini,Outside,0,0,0,0,06:43 PM,09:15 PM,291.94,104,12.39,None,0,0,1,4
S4740,2026-04-07,06:34 PM,Sarojini,Hostel,0,0,0,0,0,0,268.38,156,39.16,None,0,0,0,17
S4741,2026-04-22,01:30 PM,Rajendra,Mess,01:28 PM,01:55 PM,0,0,0,0,516.25,85,31.33,Lunch,0,0,1,4
S4742,2026-04-09,06:00 PM,Ganga,Hostel,0,0,0,0,0,0,120.18,27,14.3,None,0,0,0,7
S4743,2026-04-30,04:09 AM,Ganga,Hostel,0,0,0,0,0,0,315.71,135,36.46,None,0,0,1,6
S4744,2026-04-15,05:52 AM,Sarojini,Outside,0,0,0,0,05:12 AM,07:38 AM,339.57,47,3.3,None,0,0,0,10
S4745,2026-04-07,10:32 AM,Sarojini,Library,0,0,09:12 AM,10:48 AM,08:53 AM,11:40 AM,698.46,41,13.76,None,1,1,0,13
S4746,2026-04-07,05:24 PM,Yamuna,Library,0,0,04:31 PM,05:28 PM,04:01 PM,06:15 PM,952.27,198,40.56,None,0,0,0,8
S4747,2026-04-27,01:55 PM,Sarojini,Outside,0,0,0,0,01:04 PM,04:31 PM,235.38,169,22.4,None,1,0,1,8
S4748,2026-04-16,07:04 AM,Rajendra,Mess,07:00 AM,07:34 AM,0,0,0,0,623.74,189,56.81,Breakfast,0,0,0,6
S4749,2026-04-22,05:58 PM,Rajendra,Outside,0,0,0,0,04:53 PM,07:02 PM,134.01,126,12.45,None,0,0,1,4
S4750,2026-04-28,03:58 PM,Sarojini,Library,0,0,02:57 PM,08:18 PM,02:34 PM,08:30 PM,638.83,14,7.21,None,1,0,1,7
S4751,2026-04-24,04:15 PM,Rajendra,Library,0,0,03:48 PM,09:36 PM,03:20 PM,09:46 PM,814.33,110,14.52,None,1,1,1,7
S4752,2026-04-21,12:42 PM,Sarojini,Mess,12:25 PM,12:48 PM,0,0,0,0,549.81,165,50.51,Lunch,1,0,1,4
S4753,2026-04-30,09:16 AM,Sarojini,Mess,09:08 AM,09:52 AM,0,0,0,0,423.12,197,58.53,Breakfast,0,0,1,6
S4754,2026-04-10,02:29 PM,Sarojini,Library,0,0,02:20 PM,03:29 PM,01:52 PM,04:25 PM,723.01,200,24.59,None,0,0,0,4
S4755,2026-04-04,09:10 AM,Ganga,Mess,08:56 AM,09:47 AM,0,0,0,0,576.89,79,37.29,Breakfast,1,1,0,6
S4756,2026-04-25,03:46 PM,Yamuna,Hostel,0,0,0,0,0,0,364.62,114,36.79,None,1,0,1,3
S4757,2026-04-08,11:14 AM,Azad,Hostel,0,0,0,0,0,0,241.91,16,12.11,None,0,0,0,7
S4758,2026-04-05,01:59 PM,Ganga,Mess,01:43 PM,02:04 PM,0,0,0,0,482.22,125,42.19,Lunch,1,0,0,7
S4759,2026-04-18,04:02 PM,Yamuna,Library,0,0,03:49 PM,04:37 PM,03:21 PM,05:06 PM,906.31,185,25.13,None,0,0,0,6
S4760,2026-04-23,10:16 PM,Ganga,Mess,09:53 PM,10:22 PM,0,0,0,0,489.26,59,46.77,Dinner,0,0,1,5
S4761,2026-04-02,04:04 PM,Yamuna,Classroom,0,0,0,0,03:32 PM,05:26 PM,346.78,36,4.69,None,1,1,0,9
S4762,2026-04-20,07:54 AM,Rajendra,Mess,07:36 AM,07:57 AM,0,0,0,0,568.26,122,52.9,Breakfast,0,0,1,7
S4763,2026-04-16,12:01 PM,Azad,Library,0,0,11:16 AM,01:41 PM,10:51 AM,02:11 PM,715.87,156,27.64,None,1,0,0,7
S4764,2026-04-22,08:18 PM,Sarojini,Mess,08:15 PM,08:54 PM,0,0,0,0,431.5,87,36.25,Dinner,0,0,1,4
S4765,2026-04-18,10:17 PM,Ganga,Outside,0,0,0,0,08:56 PM,11:57 PM,363.58,18,2.6,None,0,0,0,6
S4766,2026-04-16,12:19 PM,Azad,Mess,12:02 PM,12:41 PM,0,0,0,0,579.7,157,44.54,Lunch,1,0,0,8
S4767,2026-04-25,11:59 PM,Ganga,Library,0,0,05:55 PM,11:59 PM,05:45 PM,11:59 PM,538.61,69,17.26,None,0,0,1,6
S4768,2026-04-20,09:13 AM,Rajendra,Mess,09:02 AM,09:47 AM,0,0,0,0,351.94,159,45.35,Breakfast,1,1,1,3
S4769,2026-04-03,05:37 AM,Rajendra,Outside,0,0,0,0,04:56 AM,08:33 AM,342.83,152,9.53,None,0,0,0,7
S4770,2026-04-05,01:04 PM,Sarojini,Hostel,0,0,0,0,0,0,326.96,29,18.02,None,0,0,0,7
S4771,2026-04-30,08:49 AM,Sarojini,Mess,08:38 AM,09:14 AM,0,0,0,0,390.83,195,65.52,Breakfast,0,0,1,6
S4772,2026-04-03,04:17 AM,Yamuna,Outside,0,0,0,0,03:26 AM,06:27 AM,372.69,177,14.95,None,0,0,0,7
S4773,2026-04-24,12:24 PM,Sarojini,Mess,12:07 PM,12:55 PM,0,0,0,0,500.04,141,41.47,Lunch,0,0,1,4
S4774,2026-04-06,09:37 AM,Rajendra,Mess,09:05 AM,10:04 AM,0,0,0,0,401.2,111,38.5,Breakfast,0,0,0,6
S4775,2026-04-15,01:49 PM,Yamuna,Mess,01:27 PM,01:51 PM,0,0,0,0,409.18,104,43.84,Lunch,1,0,0,7
S4776,2026-04-20,03:11 PM,Ganga,Library,0,0,12:59 PM,07:42 PM,12:34 PM,08:05 PM,848.96,124,24.56,None,0,0,1,6
S4777,2026-04-02,11:53 PM,Yamuna,Outside,0,0,0,0,11:03 PM,11:59 PM,243.34,53,3.48,None,0,0,0,4
S4778,2026-04-19,08:58 AM,Azad,Mess,08:42 AM,09:25 AM,0,0,0,0,231.36,183,47.0,Breakfast,0,0,0,3
S4779,2026-04-29,02:07 PM,Yamuna,Hostel,0,0,0,0,0,0,365.13,182,37.4,None,1,0,1,3
S4780,2026-04-09,07:15 PM,Sarojini,Mess,07:04 PM,07:48 PM,0,0,0,0,551.39,80,32.72,Dinner,0,0,0,7
S4781,2026-04-19,01:55 PM,Ganga,Mess,01:49 PM,02:18 PM,0,0,0,0,455.02,102,48.75,Lunch,1,0,0,8
S4782,2026-04-02,06:23 AM,Sarojini,Outside,0,0,0,0,05:52 AM,08:37 AM,296.73,106,11.53,None,0,0,0,7
S4783,2026-04-01,02:18 PM,Azad,Mess,02:06 PM,02:55 PM,0,0,0,0,412.82,120,32.39,Lunch,0,0,0,6
S4784,2026-04-02,01:21 PM,Rajendra,Classroom,0,0,0,0,01:00 PM,02:41 PM,394.95,34,3.67,None,1,0,0,7
S4785,2026-04-08,09:43 AM,Yamuna,Mess,09:41 AM,10:33 AM,0,0,0,0,513.57,63,30.31,Breakfast,1,1,0,6
S4786,2026-04-13,08:37 PM,Azad,Mess,08:33 PM,09:26 PM,0,0,0,0,611.94,73,34.14,Dinner,0,0,0,4
S4787,2026-04-05,09:55 PM,Ganga,Outside,0,0,0,0,08:46 PM,11:59 PM,181.57,188,25.64,None,0,0,0,7
S4788,2026-04-21,09:38 PM,Yamuna,Library,0,0,04:22 PM,10:07 PM,04:16 PM,10:49 PM,808.4,185,27.1,None,0,0,1,5
S4789,2026-04-24,06:36 PM,Yamuna,Outside,0,0,0,0,04:55 PM,09:07 PM,363.72,112,11.25,None,0,0,1,3
S4790,2026-05-01,12:44 PM,Rajendra,Library,0,0,10:01 AM,01:01 PM,09:41 AM,01:41 PM,817.54,54,12.71,None,1,0,0,7
S4791,2026-04-26,02:45 PM,Azad,Library,0,0,09:42 AM,05:38 PM,09:37 AM,06:34 PM,831.76,62,16.09,None,1,0,1,6
S4792,2026-04-25,04:06 PM,Azad,Library,0,0,10:47 AM,05:17 PM,10:32 AM,05:34 PM,1050.73,170,29.27,None,0,0,1,5
S4793,2026-04-25,02:46 AM,Sarojini,Outside,0,0,0,0,01:26 AM,05:43 AM,150.51,183,20.01,None,0,0,1,6
S4794,2026-04-09,12:42 PM,Yamuna,Library,0,0,10:13 AM,01:02 PM,09:50 AM,02:02 PM,596.58,40,18.81,None,1,0,0,7
S4795,2026-04-10,10:09 PM,Ganga,Mess,09:48 PM,10:14 PM,0,0,0,0,395.25,50,46.36,Dinner,0,0,0,7
S4796,2026-04-16,01:18 AM,Rajendra,Hostel,0,0,0,0,0,0,177.96,191,40.31,None,0,0,0,8
S4797,2026-04-01,09:42 AM,Rajendra,Hostel,0,0,0,0,0,0,252.41,105,33.5,None,1,1,0,6
S4798,2026-04-04,11:34 AM,Rajendra,Outside,0,0,0,0,10:19 AM,12:39 PM,219.9,25,1.39,None,1,0,0,10
S4799,2026-04-25,05:22 AM,Yamuna,Outside,0,0,0,0,03:44 AM,07:27 AM,234.52,101,5.11,None,0,0,1,5
S4800,2026-04-26,10:52 PM,Sarojini,Library,0,0,08:22 PM,11:59 PM,08:11 PM,11:59 PM,1051.1,133,17.79,None,0,0,1,8
S4801,2026-04-27,01:31 PM,Azad,Mess,01:06 PM,02:00 PM,0,0,0,0,583.15,47,33.59,Lunch,1,0,1,3
S4802,2026-04-03,11:21 PM,Azad,Library,0,0,09:03 PM,11:21 PM,08:40 PM,11:57 PM,950.25,67,23.0,None,0,0,0,6
S4803,2026-04-29,08:35 AM,Rajendra,Mess,08:10 AM,08:56 AM,0,0,0,0,404.73,132,32.69,Breakfast,0,0,1,3
S4804,2026-04-29,11:18 PM,Rajendra,Library,0,0,07:58 PM,11:59 PM,07:45 PM,11:59 PM,535.75,39,17.21,None,0,0,1,4
S4805,2026-04-25,09:54 AM,Rajendra,Mess,09:53 AM,10:41 AM,0,0,0,0,304.1,134,44.3,Breakfast,1,1,1,8
S4806,2026-04-03,09:13 PM,Ganga,Mess,09:01 PM,09:22 PM,0,0,0,0,486.84,50,41.76,Dinner,0,0,0,6
S4807,2026-04-21,07:55 PM,Ganga,Library,0,0,01:31 PM,09:51 PM,01:08 PM,10:51 PM,574.18,107,20.69,None,0,0,1,5
S4808,2026-04-04,08:53 PM,Ganga,Mess,08:29 PM,09:19 PM,0,0,0,0,441.26,121,38.22,Dinner,0,0,0,6
S4809,2026-04-25,02:47 PM,Rajendra,Mess,02:40 PM,03:19 PM,0,0,0,0,632.22,145,39.57,Lunch,0,0,1,4
S4810,2026-04-19,08:26 AM,Ganga,Mess,08:09 AM,08:35 AM,0,0,0,0,405.77,96,37.65,Breakfast,0,0,0,7
S4811,2026-04-11,03:12 PM,Ganga,Mess,02:58 PM,03:34 PM,0,0,0,0,394.33,133,43.2,Lunch,1,0,0,10
S4812,2026-04-14,07:14 PM,Sarojini,Library,0,0,06:13 PM,08:52 PM,06:03 PM,09:03 PM,716.8,112,22.95,None,0,0,0,12
S4813,2026-04-18,07:52 AM,Sarojini,Mess,07:28 AM,08:01 AM,0,0,0,0,353.76,178,40.65,Breakfast,0,0,0,5
S4814,2026-04-25,08:46 AM,Sarojini,Mess,08:06 AM,08:56 AM,0,0,0,0,269.15,175,55.73,Breakfast,0,0,1,5
S4815,2026-04-06,10:19 AM,Sarojini,Mess,09:27 AM,10:20 AM,0,0,0,0,578.74,141,36.11,Breakfast,1,1,0,7
S4816,2026-04-27,02:36 PM,Ganga,Mess,02:18 PM,02:55 PM,0,0,0,0,322.52,85,26.05,Lunch,0,0,1,8
S4817,2026-04-30,09:09 PM,Rajendra,Library,0,0,08:36 PM,11:59 PM,08:23 PM,11:59 PM,588.23,37,10.36,None,0,0,1,6
S4818,2026-04-08,06:04 AM,Ganga,Hostel,0,0,0,0,0,0,137.16,165,29.85,None,0,0,0,9
S4819,2026-04-06,11:57 PM,Azad,Library,0,0,10:46 PM,11:59 PM,10:23 PM,11:59 PM,635.53,39,19.69,None,0,0,0,4
S4820,2026-04-02,06:50 PM,Yamuna,Library,0,0,06:19 PM,08:42 PM,06:06 PM,09:06 PM,827.91,78,19.33,None,0,0,0,6
S4821,2026-04-19,06:59 AM,Azad,Hostel,0,0,0,0,0,0,173.37,46,26.84,None,0,0,0,8
S4822,2026-04-03,05:13 PM,Sarojini,Hostel,0,0,0,0,0,0,125.35,85,24.21,None,0,0,0,7
S4823,2026-04-02,08:04 AM,Azad,Mess,07:49 AM,08:43 AM,0,0,0,0,481.39,113,30.3,Breakfast,0,0,0,7
S4824,2026-04-23,04:11 PM,Azad,Library,0,0,10:06 AM,05:03 PM,09:50 AM,05:55 PM,772.22,170,34.55,None,0,0,1,4
S4825,2026-04-30,08:27 PM,Sarojini,Library,0,0,07:38 PM,11:59 PM,07:22 PM,11:59 PM,583.11,99,19.26,None,0,0,1,4
S4826,2026-05-01,01:34 PM,Yamuna,Mess,12:55 PM,01:36 PM,0,0,0,0,543.27,64,31.91,Lunch,1,0,0,8
S4827,2026-04-18,10:42 PM,Sarojini,Outside,0,0,0,0,09:25 PM,11:59 PM,173.99,89,7.44,None,0,0,0,4
S4828,2026-04-04,10:30 AM,Yamuna,Mess,09:51 AM,10:38 AM,0,0,0,0,236.71,120,47.24,Breakfast,1,1,0,7
S4829,2026-04-26,04:17 AM,Ganga,Outside,0,0,0,0,03:03 AM,05:24 AM,313.23,109,6.6,None,0,0,1,5
S4830,2026-04-26,10:21 AM,Yamuna,Mess,09:41 AM,10:23 AM,0,0,0,0,425.83,200,44.09,Breakfast,1,1,1,6
S4831,2026-04-18,01:17 PM,Ganga,Library,0,0,11:17 AM,01:29 PM,11:02 AM,02:11 PM,563.35,44,19.44,None,0,0,0,6
S4832,2026-04-14,06:51 PM,Azad,Library,0,0,05:23 PM,06:55 PM,05:17 PM,07:43 PM,656.37,141,19.41,None,0,0,0,7
S4833,2026-04-27,09:20 PM,Sarojini,Library,0,0,09:11 PM,11:59 PM,08:59 PM,11:59 PM,808.29,18,9.88,None,0,0,1,7
S4834,2026-04-23,02:04 AM,Sarojini,Outside,0,0,0,0,12:10 AM,05:00 AM,107.63,115,9.88,None,0,0,1,5
S4835,2026-04-12,02:35 PM,Rajendra,Mess,02:34 PM,03:05 PM,0,0,0,0,280.07,98,39.81,Lunch,0,0,0,5
S4836,2026-04-15,08:36 PM,Azad,Mess,08:27 PM,08:52 PM,0,0,0,0,487.68,109,37.77,Dinner,0,0,0,6
S4837,2026-04-30,04:13 PM,Azad,Outside,0,0,0,0,03:13 PM,05:22 PM,285.93,81,9.67,None,1,1,1,7
S4838,2026-04-15,11:54 PM,Azad,Hostel,0,0,0,0,0,0,1391.35,87,26.81,None,0,0,0,15
S4839,2026-04-21,07:30 PM,Ganga,Hostel,0,0,0,0,0,0,239.39,182,39.98,None,0,0,1,6
S4840,2026-04-09,09:03 PM,Ganga,Outside,0,0,0,0,07:25 PM,10:23 PM,100.84,128,12.81,None,0,0,0,7
S4841,2026-04-17,12:45 PM,Rajendra,Mess,12:32 PM,01:11 PM,0,0,0,0,568.14,46,30.06,Lunch,0,0,0,7
S4842,2026-04-26,06:06 AM,Ganga,Outside,0,0,0,0,05:29 AM,07:34 AM,127.14,120,7.69,None,0,0,1,5
S4843,2026-04-08,02:15 PM,Yamuna,Mess,01:56 PM,02:37 PM,0,0,0,0,594.63,80,43.64,Lunch,0,0,0,9
S4844,2026-04-30,02:45 PM,Ganga,Mess,02:33 PM,03:06 PM,0,0,0,0,357.03,167,43.0,Lunch,0,0,1,6
S4845,2026-04-22,08:03 PM,Ganga,Library,0,0,05:32 PM,10:39 PM,05:21 PM,11:32 PM,880.87,98,21.86,None,0,0,1,5
S4846,2026-04-05,12:31 PM,Sarojini,Classroom,0,0,0,0,11:56 AM,01:09 PM,386.88,125,13.41,None,1,0,0,10
S4847,2026-04-02,03:00 PM,Azad,Mess,02:54 PM,03:26 PM,0,0,0,0,347.11,34,26.01,Lunch,1,0,0,4
S4848,2026-04-04,12:52 PM,Azad,Library,0,0,12:29 PM,01:10 PM,12:10 PM,02:01 PM,781.75,20,11.09,None,1,0,0,9
S4849,2026-04-29,06:33 AM,Ganga,Outside,0,0,0,0,05:01 AM,08:50 AM,320.25,118,13.82,None,0,0,1,4
S4850,2026-04-09,10:05 PM,Ganga,Mess,09:58 PM,10:32 PM,0,0,0,0,578.67,20,27.94,Dinner,0,0,0,7
S4851,2026-04-08,07:30 AM,Sarojini,Mess,07:29 AM,08:03 AM,0,0,0,0,332.7,12,28.69,Breakfast,0,0,0,4
S4852,2026-04-26,04:44 AM,Ganga,Hostel,0,0,0,0,0,0,114.95,143,40.32,None,0,0,1,6
S4853,2026-04-17,10:05 AM,Yamuna,Outside,0,0,0,0,08:32 AM,12:25 PM,315.12,188,20.12,None,0,0,0,6
S4854,2026-04-18,10:54 PM,Ganga,Library,0,0,10:43 PM,11:59 PM,10:38 PM,11:59 PM,701.93,195,23.52,None,0,0,0,7
S4855,2026-04-20,10:35 AM,Sarojini,Library,0,0,10:19 AM,03:42 PM,10:11 AM,04:01 PM,804.69,20,17.15,None,0,0,1,7
S4856,2026-04-30,09:42 AM,Yamuna,Mess,09:31 AM,10:17 AM,0,0,0,0,498.89,178,36.05,Breakfast,1,1,1,3
S4857,2026-04-24,10:26 PM,Rajendra,Library,0,0,08:50 PM,11:59 PM,08:30 PM,11:59 PM,729.39,41,14.43,None,0,0,1,6
S4858,2026-04-02,09:39 PM,Ganga,Mess,09:17 PM,10:12 PM,0,0,0,0,359.26,113,42.23,Dinner,0,0,0,7
S4859,2026-04-26,09:15 AM,Ganga,Mess,08:59 AM,09:22 AM,0,0,0,0,582.72,143,37.39,Breakfast,0,0,1,4
S4860,2026-04-27,09:37 PM,Sarojini,Library,0,0,02:26 PM,10:11 PM,02:04 PM,10:23 PM,548.29,56,13.67,None,0,0,1,4
S4861,2026-04-13,03:06 PM,Rajendra,Mess,02:46 PM,03:27 PM,0,0,0,0,262.31,159,41.61,Lunch,1,0,0,6
S4862,2026-04-01,02:10 PM,Azad,Hostel,0,0,0,0,0,0,316.23,114,25.14,None,1,0,0,11
S4863,2026-04-20,11:20 AM,Azad,Library,0,0,09:52 AM,03:10 PM,09:37 AM,03:37 PM,981.39,38,17.19,None,1,0,1,7
S4864,2026-04-22,12:16 PM,Yamuna,Hostel,0,0,0,0,0,0,119.59,160,29.3,None,1,0,1,4
S4865,2026-04-13,12:55 PM,Rajendra,Mess,12:00 PM,12:56 PM,0,0,0,0,506.33,177,31.73,Lunch,1,0,0,6
S4866,2026-04-28,07:39 AM,Sarojini,Mess,07:30 AM,08:16 AM,0,0,0,0,366.52,136,34.88,Breakfast,0,0,1,7
S4867,2026-04-25,09:10 AM,Yamuna,Mess,08:25 AM,09:23 AM,0,0,0,0,464.06,104,51.14,Breakfast,1,1,1,3
S4868,2026-04-22,07:17 PM,Azad,Hostel,0,0,0,0,0,0,397.66,81,24.78,None,0,0,1,5
S4869,2026-04-03,05:54 AM,Azad,Outside,0,0,0,0,04:41 AM,08:14 AM,160.87,38,4.27,None,0,0,0,6
S4870,2026-04-30,02:41 AM,Rajendra,Outside,0,0,0,0,01:34 AM,04:24 AM,343.36,136,19.49,None,0,0,1,6
S4871,2026-04-05,09:38 AM,Sarojini,Mess,09:15 AM,09:50 AM,0,0,0,0,470.8,93,41.36,Breakfast,0,0,0,4
S4872,2026-04-24,05:05 PM,Yamuna,Library,0,0,11:04 AM,05:47 PM,10:56 AM,06:18 PM,947.08,184,31.75,None,0,0,1,5
S4873,2026-04-10,05:19 PM,Rajendra,Library,0,0,04:26 PM,06:44 PM,03:59 PM,07:23 PM,709.86,45,10.7,None,0,0,0,7
S4874,2026-04-09,03:59 PM,Rajendra,Library,0,0,03:54 PM,06:11 PM,03:32 PM,07:08 PM,692.17,157,24.47,None,1,0,0,7
S4875,2026-04-21,04:06 PM,Azad,Library,0,0,12:51 PM,06:00 PM,12:24 PM,06:39 PM,752.77,46,12.98,None,0,0,1,6
S4876,2026-04-04,10:14 PM,Ganga,Hostel,0,0,0,0,0,0,1323.68,113,38.26,None,0,0,0,7
S4877,2026-04-09,06:29 PM,Sarojini,Library,0,0,05:44 PM,08:12 PM,05:28 PM,08:38 PM,591.73,93,23.9,None,0,0,0,7
S4878,2026-04-22,12:35 PM,Sarojini,Mess,12:26 PM,12:58 PM,0,0,0,0,534.04,156,43.46,Lunch,1,0,1,4
S4879,2026-04-12,03:39 PM,Azad,Hostel,0,0,0,0,0,0,192.64,169,40.18,None,1,0,0,7
S4880,2026-04-08,07:50 AM,Ganga,Mess,07:33 AM,07:56 AM,0,0,0,0,277.87,107,39.66,Breakfast,0,0,0,7
S4881,2026-04-11,06:22 PM,Rajendra,Library,0,0,05:15 PM,07:15 PM,04:57 PM,08:01 PM,697.11,47,9.17,None,0,0,0,9
S4882,2026-04-29,09:05 AM,Ganga,Hostel,0,0,0,0,0,0,257.34,110,37.13,None,1,1,1,4
S4883,2026-04-29,02:47 PM,Ganga,Mess,02:30 PM,03:29 PM,0,0,0,0,463.45,117,31.79,Lunch,0,0,1,3
S4884,2026-04-13,12:12 PM,Yamuna,Library,0,0,11:05 AM,12:15 PM,10:48 AM,12:47 PM,897.64,32,11.86,None,1,0,0,5
S4885,2026-04-04,08:24 PM,Azad,Mess,08:19 PM,08:40 PM,0,0,0,0,403.51,168,49.61,Dinner,0,0,0,8
S4886,2026-04-12,03:37 PM,Ganga,Library,0,0,02:07 PM,04:25 PM,01:39 PM,04:46 PM,911.64,105,20.71,None,0,0,0,7
S4887,2026-04-25,02:09 AM,Yamuna,Outside,0,0,0,0,12:57 AM,04:43 AM,137.23,99,5.37,None,0,0,1,6
S4888,2026-04-03,08:20 AM,Ganga,Mess,07:54 AM,08:21 AM,0,0,0,0,365.1,183,47.74,Breakfast,0,0,0,8
S4889,2026-04-23,01:48 PM,Azad,Mess,01:31 PM,01:53 PM,0,0,0,0,419.7,15,27.28,Lunch,1,0,1,5
S4890,2026-04-14,08:20 AM,Sarojini,Classroom,0,0,0,0,07:58 AM,09:28 AM,188.89,75,4.45,None,1,1,0,6
S4891,2026-04-25,08:38 PM,Rajendra,Library,0,0,02:16 PM,10:19 PM,01:46 PM,11:14 PM,592.66,81,20.78,None,0,0,1,4
S4892,2026-04-29,11:43 AM,Sarojini,Library,0,0,09:04 AM,02:39 PM,08:34 AM,03:35 PM,736.24,123,12.61,None,1,0,1,6
S4893,2026-04-29,02:30 PM,Ganga,Library,0,0,09:17 AM,02:58 PM,09:08 AM,03:20 PM,871.32,38,10.94,None,1,0,1,3
S4894,2026-04-13,08:30 PM,Sarojini,Mess,08:16 PM,09:08 PM,0,0,0,0,571.96,15,35.94,Dinner,0,0,0,9
S4895,2026-04-29,08:06 PM,Azad,Library,0,0,03:44 PM,11:59 PM,03:33 PM,11:59 PM,766.02,126,24.69,None,0,0,1,6
S4896,2026-04-04,02:57 PM,Yamuna,Mess,02:36 PM,03:21 PM,0,0,0,0,279.12,176,41.02,Lunch,1,0,0,7
S4897,2026-04-27,07:33 PM,Ganga,Mess,07:06 PM,08:02 PM,0,0,0,0,409.02,128,43.0,Dinner,0,0,1,4
S4898,2026-04-22,01:03 PM,Azad,Mess,01:00 PM,01:25 PM,0,0,0,0,579.75,185,60.75,Lunch,1,0,1,4
S4899,2026-04-11,03:57 PM,Rajendra,Library,0,0,02:08 PM,03:57 PM,01:46 PM,04:24 PM,876.41,147,28.73,None,1,0,0,8
S4900,2026-04-24,11:39 PM,Yamuna,Hostel,0,0,0,0,0,0,1165.08,63,26.6,None,0,0,1,4
S4901,2026-04-12,12:31 AM,Rajendra,Outside,0,0,0,0,0,03:12 AM,320.07,180,11.69,None,0,0,0,5
S4902,2026-04-03,07:07 AM,Yamuna,Hostel,0,0,0,0,0,0,138.47,52,21.85,None,0,0,0,8
S4903,2026-05-01,06:14 AM,Azad,Outside,0,0,0,0,05:29 AM,07:54 AM,154.08,111,8.34,None,0,0,0,7
S4904,2026-04-22,08:25 AM,Sarojini,Mess,08:08 AM,08:42 AM,0,0,0,0,477.16,112,42.15,Breakfast,0,0,1,8
S4905,2026-04-19,11:04 AM,Azad,Library,0,0,10:48 AM,01:05 PM,10:30 AM,01:35 PM,1072.19,143,26.95,None,0,0,0,7
S4906,2026-04-26,09:58 AM,Ganga,Classroom,0,0,0,0,09:21 AM,11:01 AM,293.63,90,10.26,None,1,1,1,5
S4907,2026-04-24,03:18 AM,Yamuna,Outside,0,0,0,0,02:16 AM,05:19 AM,300.62,73,4.36,None,0,0,1,4
S4908,2026-04-27,10:51 PM,Sarojini,Library,0,0,10:09 PM,11:59 PM,10:04 PM,11:59 PM,576.98,157,28.88,None,0,0,1,6
S4909,2026-04-13,04:00 PM,Rajendra,Outside,0,0,0,0,02:38 PM,06:26 PM,226.84,100,5.99,None,1,1,0,10
S4910,2026-04-18,10:34 PM,Ganga,Library,0,0,09:55 PM,11:58 PM,09:33 PM,11:59 PM,632.37,185,23.25,None,0,0,0,6
S4911,2026-04-02,03:59 PM,Ganga,Library,0,0,01:45 PM,04:23 PM,01:22 PM,05:17 PM,1011.32,51,14.91,None,1,0,0,6
S4912,2026-04-12,09:12 PM,Azad,Library,0,0,08:38 PM,11:33 PM,08:09 PM,11:59 PM,794.95,180,39.4,None,0,0,0,7
S4913,2026-04-18,01:41 PM,Ganga,Mess,12:58 PM,01:56 PM,0,0,0,0,628.89,128,50.27,Lunch,0,0,0,4
S4914,2026-04-15,11:36 AM,Yamuna,Library,0,0,10:23 AM,12:01 PM,10:17 AM,12:42 PM,668.42,152,24.71,None,1,0,0,6
S4915,2026-04-17,08:48 PM,Sarojini,Mess,08:03 PM,08:50 PM,0,0,0,0,347.63,42,32.02,Dinner,0,0,0,8
S4916,2026-04-18,09:47 AM,Azad,Library,0,0,09:44 AM,10:48 AM,09:14 AM,11:10 AM,739.79,140,18.15,None,0,0,0,6
S4917,2026-04-18,03:40 AM,Rajendra,Hostel,0,0,0,0,0,0,260.75,20,12.57,None,0,0,0,10
S4918,2026-04-21,03:08 AM,Rajendra,Outside,0,0,0,0,02:11 AM,04:41 AM,108.59,43,4.19,None,0,0,1,5
S4919,2026-04-28,06:18 AM,Ganga,Outside,0,0,0,0,05:05 AM,07:24 AM,168.81,149,21.2,None,0,0,1,3
S4920,2026-04-13,01:14 PM,Rajendra,Mess,01:02 PM,01:26 PM,0,0,0,0,487.36,159,34.0,Lunch,1,0,0,7
S4921,2026-04-22,03:03 PM,Rajendra,Library,0,0,09:36 AM,04:54 PM,09:16 AM,05:53 PM,714.92,126,24.22,None,0,0,1,7
S4922,2026-04-10,11:33 AM,Sarojini,Library,0,0,10:58 AM,01:37 PM,10:52 AM,01:50 PM,445.51,27,9.14,None,0,0,0,8
S4923,2026-04-03,11:30 AM,Rajendra,Library,0,0,11:05 AM,12:30 PM,10:48 AM,01:26 PM,779.52,194,27.9,None,0,0,0,7
S4924,2026-04-13,12:09 AM,Sarojini,Outside,0,0,0,0,0,02:52 AM,398.12,186,23.1,None,0,0,0,8
S4925,2026-04-22,03:48 PM,Yamuna,Library,0,0,09:06 AM,05:13 PM,08:52 AM,05:31 PM,809.1,32,8.81,None,1,0,1,7
S4926,2026-04-03,03:17 PM,Ganga,Classroom,0,0,0,0,02:56 PM,04:27 PM,199.0,178,14.74,None,1,0,0,9
S4927,2026-04-11,07:27 PM,Yamuna,Mess,07:18 PM,07:54 PM,0,0,0,0,544.38,178,40.82,Dinner,0,0,0,7
S4928,2026-04-16,02:17 PM,Rajendra,Mess,02:15 PM,03:08 PM,0,0,0,0,426.81,64,32.15,Lunch,1,0,0,7
S4929,2026-04-28,12:50 AM,Ganga,Hostel,0,0,0,0,0,0,263.86,179,33.91,None,0,0,1,4
S4930,2026-04-11,03:39 PM,Azad,Library,0,0,03:03 PM,03:46 PM,02:36 PM,04:45 PM,588.89,139,18.1,None,1,0,0,8
S4931,2026-04-10,12:05 PM,Rajendra,Library,0,0,10:46 AM,01:42 PM,10:41 AM,02:03 PM,1072.13,199,22.78,None,0,0,0,6
S4932,2026-04-27,07:30 AM,Ganga,Mess,07:23 AM,08:12 AM,0,0,0,0,652.99,179,53.67,Breakfast,0,0,1,4
S4933,2026-04-13,12:11 PM,Ganga,Mess,12:07 PM,12:57 PM,0,0,0,0,452.86,171,52.39,Lunch,1,0,0,8
S4934,2026-04-27,12:23 PM,Ganga,Hostel,0,0,0,0,0,0,212.66,59,17.34,None,1,0,1,4
S4935,2026-04-22,01:03 PM,Sarojini,Library,0,0,11:34 AM,08:10 PM,11:11 AM,08:41 PM,817.53,83,16.0,None,0,0,1,4
S4936,2026-04-03,07:18 PM,Azad,Library,0,0,05:52 PM,07:23 PM,05:47 PM,08:18 PM,903.81,97,19.81,None,0,0,0,7
S4937,2026-04-21,11:13 PM,Yamuna,Library,0,0,10:34 PM,11:59 PM,10:28 PM,11:59 PM,830.85,64,14.0,None,0,0,1,5
S4938,2026-04-19,06:21 PM,Azad,Library,0,0,05:53 PM,07:43 PM,05:36 PM,08:16 PM,914.89,185,30.63,None,0,0,0,8
S4939,2026-04-27,07:36 PM,Azad,Library,0,0,02:08 PM,08:17 PM,01:38 PM,08:34 PM,759.96,140,29.17,None,0,0,1,4
S4940,2026-04-30,08:34 PM,Sarojini,Mess,08:26 PM,08:50 PM,0,0,0,0,409.29,30,37.17,Dinner,0,0,1,5
S4941,2026-04-12,09:10 PM,Yamuna,Mess,08:29 PM,09:20 PM,0,0,0,0,467.62,66,43.7,Dinner,0,0,0,7
S4942,2026-04-30,01:11 PM,Sarojini,Library,0,0,12:32 PM,06:16 PM,12:24 PM,06:36 PM,653.56,185,38.22,None,0,0,1,3
S4943,2026-04-30,01:28 AM,Azad,Hostel,0,0,0,0,0,0,327.28,68,22.13,None,0,0,1,8
S4944,2026-04-07,08:17 PM,Yamuna,Library,0,0,06:35 PM,08:35 PM,06:21 PM,09:23 PM,759.96,123,24.97,None,0,0,0,10
S4945,2026-04-13,05:40 AM,Azad,Outside,0,0,0,0,03:45 AM,07:51 AM,331.01,13,1.66,None,0,0,0,8
S4946,2026-04-18,10:43 AM,Ganga,Library,0,0,09:41 AM,11:05 AM,09:12 AM,11:26 AM,934.58,51,14.83,None,0,0,0,8
S4947,2026-04-21,08:41 AM,Rajendra,Mess,08:09 AM,08:56 AM,0,0,0,0,485.69,154,40.29,Breakfast,0,0,1,7
S4948,2026-04-07,09:24 AM,Ganga,Library,0,0,09:24 AM,10:32 AM,09:06 AM,11:13 AM,643.81,130,32.77,None,0,0,0,13
S4949,2026-04-08,02:53 PM,Rajendra,Mess,02:30 PM,03:24 PM,0,0,0,0,346.85,29,23.29,Lunch,0,0,0,5
S4950,2026-04-19,12:32 PM,Rajendra,Library,0,0,12:23 PM,02:30 PM,11:58 AM,03:15 PM,840.59,120,29.91,None,1,0,0,8
S4951,2026-04-25,08:18 AM,Ganga,Outside,0,0,0,0,06:55 AM,10:10 AM,209.11,105,15.6,None,0,0,1,4
S4952,2026-04-29,03:19 PM,Rajendra,Outside,0,0,0,0,01:32 PM,04:57 PM,147.99,177,11.46,None,1,0,1,5
S4953,2026-04-01,03:10 PM,Yamuna,Library,0,0,01:51 PM,03:29 PM,01:29 PM,03:54 PM,453.28,154,28.71,None,1,0,0,6
S4954,2026-04-18,09:15 AM,Azad,Classroom,0,0,0,0,08:35 AM,10:07 AM,391.54,62,6.49,None,1,1,0,7
S4955,2026-04-23,09:24 PM,Sarojini,Mess,09:12 PM,09:34 PM,0,0,0,0,376.57,90,34.08,Dinner,0,0,1,5
S4956,2026-04-06,09:37 PM,Rajendra,Mess,09:11 PM,09:39 PM,0,0,0,0,434.46,22,24.08,Dinner,0,0,0,9
S4957,2026-04-09,08:01 PM,Sarojini,Mess,07:55 PM,08:55 PM,0,0,0,0,323.68,144,38.97,Dinner,0,0,0,4
S4958,2026-04-26,07:13 PM,Ganga,Outside,0,0,0,0,05:29 PM,09:38 PM,354.49,156,19.87,None,0,0,1,6
S4959,2026-04-25,09:49 PM,Sarojini,Library,0,0,08:33 PM,11:59 PM,08:11 PM,11:59 PM,619.53,126,19.9,None,0,0,1,5
S4960,2026-04-27,07:49 PM,Rajendra,Mess,07:47 PM,08:45 PM,0,0,0,0,582.89,175,37.05,Dinner,0,0,1,3
S4961,2026-04-11,09:16 AM,Rajendra,Hostel,0,0,0,0,0,0,151.72,163,34.69,None,0,0,0,8
S4962,2026-04-28,01:00 PM,Sarojini,Mess,12:52 PM,01:46 PM,0,0,0,0,388.53,89,34.91,Lunch,1,0,1,4
S4963,2026-04-04,04:22 PM,Sarojini,Library,0,0,04:20 PM,04:56 PM,04:12 PM,05:09 PM,565.6,94,19.36,None,0,0,0,8
S4964,2026-04-30,08:56 AM,Azad,Mess,08:38 AM,09:31 AM,0,0,0,0,519.45,98,41.12,Breakfast,0,0,1,4
S4965,2026-04-28,07:55 AM,Yamuna,Hostel,0,0,0,0,0,0,210.62,54,24.86,None,0,0,1,5
S4966,2026-04-03,08:33 PM,Ganga,Hostel,0,0,0,0,0,0,1327.6,76,28.36,None,0,0,0,7
S4967,2026-04-01,10:30 PM,Sarojini,Library,0,0,10:20 PM,11:59 PM,09:58 PM,11:59 PM,672.09,62,14.03,None,0,0,0,5
S4968,2026-04-12,09:26 PM,Rajendra,Mess,08:57 PM,09:26 PM,0,0,0,0,648.82,112,44.65,Dinner,0,0,0,6
S4969,2026-04-27,09:30 PM,Yamuna,Mess,09:22 PM,09:59 PM,0,0,0,0,405.82,128,33.35,Dinner,0,0,1,5
S4970,2026-04-04,08:06 PM,Yamuna,Library,0,0,07:29 PM,09:11 PM,07:13 PM,09:44 PM,993.55,152,20.09,None,0,0,0,8
S4971,2026-04-26,10:52 PM,Ganga,Library,0,0,04:43 PM,11:35 PM,04:13 PM,11:59 PM,723.28,38,17.76,None,0,0,1,6
S4972,2026-04-03,11:24 AM,Sarojini,Hostel,0,0,0,0,0,0,192.79,147,28.71,None,0,0,0,8
S4973,2026-04-04,08:17 PM,Rajendra,Library,0,0,07:08 PM,08:29 PM,06:38 PM,08:50 PM,947.58,179,32.43,None,0,0,0,7
S4974,2026-04-25,02:56 PM,Azad,Library,0,0,12:03 PM,08:15 PM,11:43 AM,08:42 PM,625.66,145,31.45,None,1,0,1,3
S4975,2026-04-04,09:23 AM,Rajendra,Library,0,0,09:11 AM,10:00 AM,08:56 AM,10:33 AM,557.45,29,12.92,None,0,0,0,4
S4976,2026-04-10,01:44 PM,Azad,Mess,01:37 PM,02:10 PM,0,0,0,0,307.77,59,41.65,Lunch,0,0,0,8
S4977,2026-04-19,09:41 PM,Azad,Mess,09:08 PM,09:45 PM,0,0,0,0,259.81,142,52.88,Dinner,0,0,0,7
S4978,2026-04-17,05:26 PM,Sarojini,Library,0,0,05:16 PM,08:08 PM,04:56 PM,09:02 PM,892.01,109,13.73,None,0,0,0,7
S4979,2026-04-30,01:55 PM,Rajendra,Library,0,0,01:01 PM,09:32 PM,12:35 PM,10:18 PM,659.14,49,12.14,None,1,0,1,6
S4980,2026-04-28,08:25 AM,Azad,Mess,07:58 AM,08:48 AM,0,0,0,0,282.26,125,36.13,Breakfast,0,0,1,6
S4981,2026-04-25,04:38 AM,Azad,Outside,0,0,0,0,02:38 AM,06:14 AM,243.52,66,6.98,None,0,0,1,6
S4982,2026-04-15,09:10 PM,Sarojini,Outside,0,0,0,0,08:11 PM,10:27 PM,377.1,66,4.66,None,0,0,0,8
S4983,2026-04-11,07:47 AM,Yamuna,Mess,07:44 AM,08:41 AM,0,0,0,0,438.75,38,31.43,Breakfast,0,0,0,8
S4984,2026-04-16,08:39 PM,Azad,Outside,0,0,0,0,06:53 PM,10:12 PM,224.95,155,17.94,None,0,0,0,15
S4985,2026-04-08,11:42 AM,Yamuna,Hostel,0,0,0,0,0,0,224.89,159,27.47,None,0,0,0,8
S4986,2026-04-08,09:54 PM,Rajendra,Library,0,0,08:53 PM,11:32 PM,08:32 PM,11:59 PM,913.58,121,21.84,None,0,0,0,8
S4987,2026-04-26,12:57 PM,Rajendra,Mess,12:36 PM,01:22 PM,0,0,0,0,345.54,116,41.66,Lunch,0,0,1,5
S4988,2026-04-17,01:52 PM,Ganga,Library,0,0,12:44 PM,03:12 PM,12:27 PM,03:41 PM,506.19,178,28.37,None,1,0,0,6
S4989,2026-04-13,10:11 PM,Ganga,Mess,09:52 PM,10:22 PM,0,0,0,0,561.04,136,47.6,Dinner,0,0,0,6
S4990,2026-04-22,01:06 PM,Ganga,Mess,12:40 PM,01:15 PM,0,0,0,0,550.93,140,44.33,Lunch,0,0,1,4
S4991,2026-04-05,08:39 AM,Yamuna,Mess,08:35 AM,09:06 AM,0,0,0,0,440.55,111,27.31,Breakfast,0,0,0,8
S4992,2026-04-26,09:44 AM,Sarojini,Library,0,0,09:20 AM,04:32 PM,09:15 AM,05:10 PM,553.52,113,22.01,None,0,0,1,6
S4993,2026-04-26,10:18 PM,Azad,Mess,09:50 PM,10:18 PM,0,0,0,0,328.5,73,38.76,Dinner,0,0,1,4
S4994,2026-04-17,02:26 PM,Ganga,Mess,02:21 PM,03:17 PM,0,0,0,0,595.74,82,47.76,Lunch,1,0,0,8
S4995,2026-04-16,07:09 PM,Yamuna,Mess,07:01 PM,07:50 PM,0,0,0,0,506.71,106,32.9,Dinner,0,0,0,7
S4996,2026-04-17,07:07 AM,Ganga,Mess,07:02 AM,07:25 AM,0,0,0,0,277.85,128,52.74,Breakfast,0,0,0,9
S4997,2026-05-01,02:56 PM,Azad,Library,0,0,01:54 PM,03:12 PM,01:29 PM,03:41 PM,724.2,181,23.91,None,0,0,0,8
S4998,2026-04-18,10:39 PM,Yamuna,Hostel,0,0,0,0,0,0,1161.71,90,37.11,None,0,0,0,8
S4999,2026-04-10,08:52 PM,Yamuna,Mess,08:00 PM,08:55 PM,0,0,0,0,576.32,15,26.13,Dinner,0,0,0,6
S5000,2026-04-16,04:51 AM,Ganga,Hostel,0,0,0,0,0,0,267.66,20,15.47,None,0,0,0,6
S5001,2026-04-29,12:46 PM,Ganga,Hostel,0,0,0,0,0,0,122.44,86,27.54,None,0,0,1,4
S5002,2026-04-21,01:02 PM,Azad,Library,0,0,12:29 PM,05:30 PM,12:14 PM,05:54 PM,678.95,139,20.03,None,0,0,1,4
S5003,2026-04-03,02:17 PM,Sarojini,Mess,02:06 PM,02:27 PM,0,0,0,0,442.83,190,56.41,Lunch,0,0,0,7
S5004,2026-04-22,05:38 PM,Azad,Library,0,0,05:06 PM,11:59 PM,04:47 PM,11:59 PM,572.42,139,23.06,None,0,0,1,3
S5005,2026-04-27,09:46 AM,Rajendra,Mess,09:45 AM,10:08 AM,0,0,0,0,499.49,92,41.35,Breakfast,1,1,1,4
S5006,2026-04-25,07:32 AM,Rajendra,Mess,07:08 AM,07:34 AM,0,0,0,0,323.26,196,33.7,Breakfast,0,0,1,7
S5007,2026-04-14,02:17 AM,Azad,Outside,0,0,0,0,12:24 AM,04:31 AM,159.94,151,17.63,None,0,0,0,7
S5008,2026-04-09,07:58 PM,Azad,Mess,07:32 PM,08:27 PM,0,0,0,0,454.44,50,28.3,Dinner,0,0,0,8
S5009,2026-04-03,04:01 PM,Rajendra,Classroom,0,0,0,0,03:49 PM,05:58 PM,357.05,123,15.72,None,1,1,0,10
S5010,2026-04-02,07:43 AM,Sarojini,Hostel,0,0,0,0,0,0,275.95,40,22.24,None,0,0,0,8
S5011,2026-04-12,09:38 PM,Ganga,Hostel,0,0,0,0,0,0,955.8,65,27.76,None,0,0,0,5
S5012,2026-04-17,01:56 AM,Yamuna,Outside,0,0,0,0,01:02 AM,03:09 AM,164.92,121,17.01,None,0,0,0,6
S5013,2026-04-20,02:19 PM,Yamuna,Mess,02:19 PM,02:42 PM,0,0,0,0,418.88,148,47.86,Lunch,1,0,1,5
S5014,2026-05-01,06:05 AM,Sarojini,Outside,0,0,0,0,04:43 AM,08:41 AM,287.79,62,4.24,None,0,0,0,5
S5015,2026-05-01,07:22 PM,Sarojini,Library,0,0,06:12 PM,07:41 PM,05:57 PM,07:59 PM,858.53,48,12.53,None,0,0,0,7
S5016,2026-04-28,09:24 AM,Rajendra,Mess,09:01 AM,09:44 AM,0,0,0,0,669.3,129,33.6,Breakfast,1,1,1,4
S5017,2026-04-13,02:15 PM,Sarojini,Mess,01:32 PM,02:19 PM,0,0,0,0,485.81,64,36.56,Lunch,1,0,0,4
S5018,2026-04-14,08:58 PM,Sarojini,Mess,08:14 PM,09:09 PM,0,0,0,0,473.33,12,30.83,Dinner,0,0,0,7
S5019,2026-04-05,06:04 PM,Rajendra,Library,0,0,05:33 PM,06:10 PM,05:10 PM,07:00 PM,474.41,25,9.22,None,0,0,0,7
S5020,2026-04-12,01:21 PM,Rajendra,Classroom,0,0,0,0,12:49 PM,02:58 PM,262.22,85,10.15,None,1,0,0,4
S5021,2026-04-26,07:59 PM,Azad,Mess,07:43 PM,08:14 PM,0,0,0,0,585.58,38,24.61,Dinner,0,0,1,4
S5022,2026-04-11,09:16 PM,Azad,Mess,08:33 PM,09:31 PM,0,0,0,0,285.37,172,42.45,Dinner,0,0,0,7
S5023,2026-04-07,12:13 PM,Rajendra,Mess,12:01 PM,12:46 PM,0,0,0,0,385.1,29,35.0,Lunch,0,0,0,6
S5024,2026-04-16,07:32 PM,Sarojini,Outside,0,0,0,0,05:46 PM,08:32 PM,396.3,181,20.61,None,0,0,0,5
S5025,2026-04-10,06:30 AM,Rajendra,Outside,0,0,0,0,05:39 AM,08:50 AM,285.12,165,21.43,None,0,0,0,7
S5026,2026-04-15,01:24 PM,Yamuna,Library,0,0,12:10 PM,03:08 PM,11:50 AM,03:54 PM,684.57,126,22.84,None,1,0,0,6
S5027,2026-04-18,08:51 PM,Azad,Library,0,0,08:47 PM,09:58 PM,08:28 PM,10:29 PM,921.99,111,17.75,None,0,0,0,10
S5028,2026-04-18,08:45 AM,Sarojini,Mess,08:44 AM,09:13 AM,0,0,0,0,519.01,12,36.44,Breakfast,0,0,0,6
S5029,2026-04-09,09:07 AM,Sarojini,Mess,08:42 AM,09:14 AM,0,0,0,0,465.63,88,29.93,Breakfast,0,0,0,8
S5030,2026-04-27,02:05 PM,Azad,Mess,01:20 PM,02:11 PM,0,0,0,0,337.75,132,39.61,Lunch,1,0,1,6
S5031,2026-04-06,10:44 PM,Yamuna,Mess,09:59 PM,10:50 PM,0,0,0,0,604.8,117,52.76,Dinner,0,0,0,8
S5032,2026-04-13,12:57 PM,Sarojini,Outside,0,0,0,0,11:39 AM,02:53 PM,294.49,107,11.71,None,0,0,0,5
S5033,2026-04-14,05:52 PM,Sarojini,Library,0,0,05:31 PM,07:12 PM,05:05 PM,07:52 PM,661.2,194,22.51,None,0,0,0,6
S5034,2026-04-17,10:07 AM,Ganga,Classroom,0,0,0,0,09:42 AM,11:28 AM,261.22,54,7.06,None,1,1,0,6
S5035,2026-04-25,05:38 PM,Yamuna,Classroom,0,0,0,0,05:20 PM,07:20 PM,296.42,53,3.57,None,1,1,1,4
S5036,2026-04-21,08:24 PM,Sarojini,Outside,0,0,0,0,07:25 PM,10:17 PM,106.46,101,11.95,None,0,0,1,6
S5037,2026-04-10,08:22 AM,Azad,Mess,07:50 AM,08:29 AM,0,0,0,0,612.46,24,31.56,Breakfast,0,0,0,7
S5038,2026-04-15,07:33 AM,Yamuna,Mess,07:33 AM,08:09 AM,0,0,0,0,436.88,196,66.55,Breakfast,0,0,0,10
S5039,2026-04-09,08:33 PM,Azad,Library,0,0,08:13 PM,10:02 PM,07:47 PM,10:31 PM,801.52,60,20.97,None,0,0,0,7
S5040,2026-04-27,07:35 PM,Yamuna,Library,0,0,12:38 PM,08:52 PM,12:15 PM,09:02 PM,549.77,152,20.72,None,0,0,1,6
S5041,2026-04-07,10:16 PM,Ganga,Library,0,0,09:22 PM,10:17 PM,09:01 PM,10:51 PM,924.76,63,17.61,None,0,0,0,6
S5042,2026-04-19,01:23 PM,Sarojini,Library,0,0,01:16 PM,02:01 PM,12:58 PM,02:13 PM,673.92,194,36.92,None,0,0,0,9
S5043,2026-04-04,03:42 PM,Sarojini,Outside,0,0,0,0,03:10 PM,06:09 PM,324.94,58,7.11,None,1,0,0,7
S5044,2026-04-23,08:19 PM,Azad,Library,0,0,07:13 PM,11:59 PM,06:46 PM,11:59 PM,860.83,28,11.86,None,0,0,1,3
S5045,2026-04-26,01:21 PM,Azad,Mess,01:08 PM,02:00 PM,0,0,0,0,265.57,78,50.34,Lunch,1,0,1,7
S5046,2026-04-01,05:21 PM,Yamuna,Library,0,0,04:29 PM,05:52 PM,04:19 PM,06:27 PM,684.12,134,26.93,None,0,0,0,8
S5047,2026-04-27,06:59 PM,Yamuna,Library,0,0,04:42 PM,11:37 PM,04:31 PM,11:59 PM,775.87,48,16.72,None,0,0,1,6
S5048,2026-04-18,05:37 PM,Ganga,Hostel,0,0,0,0,0,0,209.38,169,37.43,None,0,0,0,6
S5049,2026-04-19,11:04 PM,Azad,Library,0,0,10:46 PM,11:59 PM,10:29 PM,11:59 PM,749.93,102,15.29,None,0,0,0,4
S5050,2026-05-01,09:16 PM,Ganga,Library,0,0,08:59 PM,10:02 PM,08:34 PM,10:27 PM,621.66,127,23.67,None,0,0,0,7
S5051,2026-04-18,03:56 PM,Rajendra,Library,0,0,03:42 PM,04:23 PM,03:20 PM,04:48 PM,785.09,112,20.51,None,1,0,0,6
S5052,2026-04-22,07:56 PM,Sarojini,Outside,0,0,0,0,07:10 PM,08:59 PM,295.56,193,14.6,None,0,0,1,5
S5053,2026-04-13,10:31 AM,Sarojini,Library,0,0,09:17 AM,10:38 AM,08:58 AM,11:38 AM,751.7,182,31.21,None,0,0,0,5
S5054,2026-04-06,04:15 AM,Sarojini,Hostel,0,0,0,0,0,0,295.73,55,30.55,None,0,0,0,7
S5055,2026-04-09,12:38 PM,Sarojini,Mess,12:11 PM,12:46 PM,0,0,0,0,360.44,59,46.18,Lunch,0,0,0,9
S5056,2026-04-27,09:33 AM,Azad,Mess,09:13 AM,09:38 AM,0,0,0,0,449.14,174,63.06,Breakfast,0,0,1,6
S5057,2026-04-02,08:22 AM,Azad,Mess,07:55 AM,08:26 AM,0,0,0,0,602.59,35,28.97,Breakfast,0,0,0,6
S5058,2026-04-30,10:17 PM,Sarojini,Library,0,0,09:12 PM,11:59 PM,08:48 PM,11:59 PM,871.99,180,22.04,None,0,0,1,4
S5059,2026-04-02,07:33 AM,Yamuna,Mess,07:11 AM,08:10 AM,0,0,0,0,540.51,121,50.47,Breakfast,0,0,0,7
S5060,2026-04-16,08:11 PM,Azad,Mess,07:32 PM,08:24 PM,0,0,0,0,575.81,138,54.96,Dinner,0,0,0,6
S5061,2026-04-17,03:44 PM,Sarojini,Classroom,0,0,0,0,03:23 PM,05:07 PM,361.31,145,18.82,None,1,0,0,7
S5062,2026-04-14,11:37 AM,Azad,Classroom,0,0,0,0,11:21 AM,01:24 PM,311.5,87,5.75,None,1,0,0,9
S5063,2026-04-29,10:45 PM,Azad,Library,0,0,08:15 PM,11:59 PM,08:07 PM,11:59 PM,1027.66,192,34.44,None,0,0,1,3
S5064,2026-04-13,02:07 AM,Sarojini,Hostel,0,0,0,0,0,0,206.39,72,32.59,None,0,0,0,8
S5065,2026-04-04,09:27 PM,Rajendra,Library,0,0,09:18 PM,11:59 PM,09:01 PM,11:59 PM,567.12,128,16.68,None,0,0,0,9
S5066,2026-04-30,09:08 AM,Azad,Hostel,0,0,0,0,0,0,257.81,66,17.12,None,1,1,1,6
S5067,2026-04-10,09:02 PM,Sarojini,Mess,08:38 PM,09:32 PM,0,0,0,0,397.48,28,40.66,Dinner,0,0,0,8
S5068,2026-04-17,07:11 AM,Yamuna,Hostel,0,0,0,0,0,0,326.8,188,35.8,None,0,0,0,8
S5069,2026-04-14,12:47 PM,Rajendra,Mess,12:21 PM,12:50 PM,0,0,0,0,282.32,79,44.08,Lunch,1,0,0,7
S5070,2026-04-03,09:38 PM,Rajendra,Library,0,0,08:55 PM,11:36 PM,08:33 PM,11:57 PM,911.76,123,20.03,None,0,0,0,10
S5071,2026-04-05,03:33 AM,Ganga,Outside,0,0,0,0,02:40 AM,06:11 AM,294.53,37,2.24,None,0,0,0,6
S5072,2026-04-23,02:57 PM,Azad,Mess,02:10 PM,03:10 PM,0,0,0,0,607.64,42,42.35,Lunch,0,0,1,5
S5073,2026-04-28,01:19 PM,Ganga,Classroom,0,0,0,0,12:53 PM,02:53 PM,277.9,30,3.97,None,1,0,1,4
S5074,2026-04-16,06:36 PM,Sarojini,Library,0,0,05:51 PM,07:07 PM,05:32 PM,07:35 PM,575.29,183,22.01,None,0,0,0,10
S5075,2026-04-07,09:39 AM,Rajendra,Mess,08:52 AM,09:45 AM,0,0,0,0,605.07,191,36.34,Breakfast,1,1,0,8
S5076,2026-04-11,03:13 PM,Sarojini,Library,0,0,02:05 PM,04:56 PM,01:48 PM,05:52 PM,675.71,112,15.3,None,1,0,0,8
S5077,2026-04-08,08:24 PM,Sarojini,Mess,07:37 PM,08:35 PM,0,0,0,0,375.45,183,39.6,Dinner,0,0,0,4
S5078,2026-04-23,09:54 PM,Rajendra,Library,0,0,05:20 PM,10:29 PM,04:59 PM,11:17 PM,726.8,68,15.79,None,0,0,1,3
S5079,2026-04-27,11:09 PM,Rajendra,Library,0,0,08:17 PM,11:59 PM,08:06 PM,11:59 PM,921.91,51,13.12,None,0,0,1,4
S5080,2026-04-23,06:28 PM,Yamuna,Library,0,0,06:25 PM,11:59 PM,06:00 PM,11:59 PM,746.74,62,16.66,None,0,0,1,8
S5081,2026-04-24,08:55 PM,Rajendra,Mess,08:48 PM,09:12 PM,0,0,0,0,298.41,101,45.88,Dinner,0,0,1,6
S5082,2026-04-07,04:21 PM,Sarojini,Library,0,0,01:47 PM,04:34 PM,01:35 PM,05:08 PM,886.43,58,15.25,None,1,1,0,7
S5083,2026-04-28,03:31 AM,Yamuna,Outside,0,0,0,0,02:03 AM,05:51 AM,254.1,189,16.05,None,0,0,1,5
S5084,2026-04-09,09:21 PM,Rajendra,Mess,09:00 PM,09:25 PM,0,0,0,0,403.59,11,31.85,Dinner,0,0,0,8
S5085,2026-04-15,09:28 AM,Yamuna,Mess,09:06 AM,09:29 AM,0,0,0,0,306.09,25,37.5,Breakfast,1,1,0,6
S5086,2026-04-09,05:13 PM,Yamuna,Library,0,0,05:12 PM,06:42 PM,05:03 PM,07:29 PM,561.61,90,15.44,None,0,0,0,4
S5087,2026-04-16,08:43 PM,Yamuna,Library,0,0,07:26 PM,08:54 PM,07:06 PM,09:13 PM,573.78,140,21.03,None,0,0,0,8
S5088,2026-04-14,08:21 PM,Yamuna,Library,0,0,07:22 PM,09:04 PM,07:17 PM,09:25 PM,602.8,78,13.64,None,0,0,0,7
S5089,2026-04-07,01:54 PM,Rajendra,Library,0,0,01:15 PM,02:02 PM,01:01 PM,02:38 PM,724.81,68,16.95,None,1,0,0,4
S5090,2026-04-12,05:48 AM,Sarojini,Outside,0,0,0,0,05:13 AM,08:39 AM,112.2,40,5.91,None,0,0,0,3
S5091,2026-04-15,05:28 PM,Rajendra,Library,0,0,05:06 PM,06:15 PM,04:57 PM,07:10 PM,754.08,180,26.57,None,0,0,0,10
S5092,2026-04-06,07:58 AM,Yamuna,Outside,0,0,0,0,07:06 AM,09:44 AM,179.11,165,21.37,None,0,0,0,7
S5093,2026-04-11,02:40 PM,Rajendra,Mess,02:05 PM,02:48 PM,0,0,0,0,426.39,162,52.19,Lunch,0,0,0,4
S5094,2026-04-18,03:08 PM,Sarojini,Mess,02:52 PM,03:32 PM,0,0,0,0,620.62,172,36.32,Lunch,1,0,0,9
S5095,2026-04-06,02:24 AM,Yamuna,Outside,0,0,0,0,12:53 AM,05:16 AM,313.62,106,12.96,None,0,0,0,7
S5096,2026-04-04,09:35 AM,Rajendra,Classroom,0,0,0,0,09:18 AM,11:11 AM,363.26,149,10.26,None,1,1,0,9
S5097,2026-04-21,08:06 AM,Yamuna,Mess,07:42 AM,08:31 AM,0,0,0,0,388.52,44,32.5,Breakfast,0,0,1,7
S5098,2026-04-21,10:18 PM,Azad,Mess,09:28 PM,10:28 PM,0,0,0,0,362.25,185,50.27,Dinner,0,0,1,7
S5099,2026-04-29,07:19 AM,Yamuna,Mess,07:16 AM,08:04 AM,0,0,0,0,496.05,174,39.89,Breakfast,0,0,1,4
S5100,2026-04-26,07:49 PM,Yamuna,Library,0,0,05:32 PM,11:59 PM,05:07 PM,11:59 PM,759.39,93,14.31,None,0,0,1,4
S5101,2026-04-22,01:14 PM,Yamuna,Library,0,0,11:42 AM,07:05 PM,11:12 AM,07:22 PM,559.32,82,20.05,None,1,0,1,4
S5102,2026-04-30,08:26 AM,Yamuna,Mess,08:20 AM,09:07 AM,0,0,0,0,408.27,171,57.51,Breakfast,0,0,1,6
S5103,2026-04-12,06:33 PM,Rajendra,Library,0,0,04:46 PM,07:39 PM,04:40 PM,08:09 PM,712.31,12,10.74,None,0,0,0,3
S5104,2026-04-10,02:52 PM,Sarojini,Mess,02:19 PM,03:06 PM,0,0,0,0,292.05,79,41.67,Lunch,1,0,0,10
S5105,2026-04-20,07:29 PM,Ganga,Library,0,0,02:50 PM,08:57 PM,02:26 PM,09:52 PM,748.58,179,39.26,None,0,0,1,5
S5106,2026-04-07,11:49 AM,Yamuna,Hostel,0,0,0,0,0,0,215.5,24,19.59,None,0,0,0,10
S5107,2026-04-23,09:20 PM,Yamuna,Hostel,0,0,0,0,0,0,1054.44,32,14.48,None,0,0,1,6
S5108,2026-04-25,07:10 AM,Yamuna,Mess,07:04 AM,07:32 AM,0,0,0,0,466.41,110,41.94,Breakfast,0,0,1,5
S5109,2026-04-12,09:26 AM,Yamuna,Mess,09:14 AM,10:12 AM,0,0,0,0,275.81,117,43.34,Breakfast,1,1,0,5
S5110,2026-04-10,04:00 PM,Ganga,Library,0,0,02:52 PM,04:29 PM,02:34 PM,05:15 PM,843.35,30,8.92,None,1,1,0,6
S5111,2026-04-14,01:40 PM,Sarojini,Classroom,0,0,0,0,01:03 PM,02:20 PM,273.21,60,5.78,None,1,0,0,7
S5112,2026-04-07,11:57 PM,Ganga,Library,0,0,10:55 PM,11:59 PM,10:30 PM,11:59 PM,491.12,52,14.98,None,0,0,0,10
S5113,2026-04-18,10:11 AM,Azad,Library,0,0,09:27 AM,10:13 AM,09:05 AM,10:46 AM,822.82,196,28.12,None,1,1,0,7
S5114,2026-04-11,09:52 AM,Azad,Mess,09:48 AM,10:12 AM,0,0,0,0,330.33,197,61.79,Breakfast,0,0,0,8
S5115,2026-04-04,01:12 PM,Rajendra,Hostel,0,0,0,0,0,0,262.75,191,21.34,None,0,0,0,6
S5116,2026-04-01,10:18 AM,Azad,Library,0,0,10:00 AM,10:38 AM,09:45 AM,11:26 AM,550.06,158,36.74,None,0,0,0,7
S5117,2026-04-26,02:54 PM,Ganga,Library,0,0,12:50 PM,06:39 PM,12:24 PM,07:00 PM,871.75,56,16.51,None,1,0,1,6
S5118,2026-04-25,02:43 PM,Ganga,Mess,02:32 PM,03:19 PM,0,0,0,0,394.62,199,48.59,Lunch,1,0,1,3
S5119,2026-04-18,01:43 PM,Rajendra,Classroom,0,0,0,0,01:16 PM,02:52 PM,376.19,94,5.23,None,1,0,0,11
S5120,2026-04-23,11:46 PM,Azad,Outside,0,0,0,0,09:53 PM,11:59 PM,159.88,155,15.53,None,0,0,1,5
S5121,2026-04-05,11:46 AM,Ganga,Hostel,0,0,0,0,0,0,163.68,123,31.53,None,0,0,0,8
S5122,2026-04-20,07:33 AM,Yamuna,Mess,07:32 AM,08:11 AM,0,0,0,0,311.43,134,39.35,Breakfast,0,0,1,6
S5123,2026-04-22,11:52 PM,Yamuna,Library,0,0,07:38 PM,11:59 PM,07:31 PM,11:59 PM,512.37,46,16.34,None,0,0,1,7
S5124,2026-04-01,12:05 PM,Rajendra,Library,0,0,10:47 AM,01:07 PM,10:37 AM,01:47 PM,645.06,108,20.85,None,1,0,0,8
S5125,2026-04-13,01:05 PM,Yamuna,Library,0,0,12:45 PM,02:46 PM,12:28 PM,02:57 PM,636.73,120,21.54,None,1,0,0,6
S5126,2026-04-30,06:03 PM,Azad,Outside,0,0,0,0,05:17 PM,07:56 PM,333.31,200,15.7,None,0,0,1,6
S5127,2026-04-12,08:52 AM,Rajendra,Mess,08:18 AM,09:08 AM,0,0,0,0,314.14,140,45.57,Breakfast,0,0,0,5
S5128,2026-04-16,08:10 AM,Azad,Hostel,0,0,0,0,0,0,119.44,113,35.13,None,0,0,0,3
S5129,2026-04-23,01:14 PM,Ganga,Mess,01:00 PM,01:38 PM,0,0,0,0,546.68,167,46.14,Lunch,0,0,1,5
S5130,2026-04-23,09:13 AM,Azad,Classroom,0,0,0,0,08:42 AM,10:33 AM,359.45,182,27.13,None,1,1,1,5
S5131,2026-04-04,04:59 AM,Azad,Hostel,0,0,0,0,0,0,216.59,61,27.19,None,0,0,0,6
S5132,2026-04-26,10:19 AM,Rajendra,Hostel,0,0,0,0,0,0,348.79,29,16.21,None,1,1,1,4
S5133,2026-04-03,07:21 PM,Rajendra,Outside,0,0,0,0,06:07 PM,09:51 PM,119.79,12,0.77,None,0,0,0,7
S5134,2026-04-23,01:06 PM,Rajendra,Mess,01:02 PM,01:27 PM,0,0,0,0,411.01,113,47.27,Lunch,0,0,1,7
S5135,2026-05-01,06:22 AM,Azad,Outside,0,0,0,0,05:29 AM,08:00 AM,152.49,103,8.28,None,0,0,0,7
S5136,2026-04-19,09:41 PM,Sarojini,Mess,09:38 PM,10:10 PM,0,0,0,0,467.28,106,32.63,Dinner,0,0,0,6
S5137,2026-04-02,03:20 PM,Sarojini,Mess,02:57 PM,03:51 PM,0,0,0,0,445.76,17,34.68,Lunch,1,0,0,5
S5138,2026-04-09,09:40 AM,Rajendra,Mess,09:27 AM,09:47 AM,0,0,0,0,466.75,102,42.57,Breakfast,1,1,0,7
S5139,2026-04-15,09:26 AM,Azad,Mess,08:49 AM,09:47 AM,0,0,0,0,439.81,116,47.76,Breakfast,0,0,0,10
S5140,2026-04-25,07:58 PM,Ganga,Library,0,0,04:46 PM,11:59 PM,04:34 PM,11:59 PM,959.86,38,15.2,None,0,0,1,6
S5141,2026-04-15,10:44 AM,Yamuna,Classroom,0,0,0,0,10:23 AM,12:12 PM,193.46,129,11.54,None,1,1,0,9
S5142,2026-04-28,12:39 PM,Yamuna,Library,0,0,09:53 AM,06:41 PM,09:25 AM,07:08 PM,617.43,17,7.3,None,0,0,1,5
S5143,2026-04-30,02:07 PM,Azad,Mess,01:48 PM,02:32 PM,0,0,0,0,380.29,101,36.03,Lunch,0,0,1,4
S5144,2026-04-25,02:56 PM,Yamuna,Mess,02:28 PM,02:58 PM,0,0,0,0,388.07,188,50.45,Lunch,0,0,1,6
S5145,2026-04-10,01:56 AM,Azad,Hostel,0,0,0,0,0,0,231.32,59,22.58,None,0,0,0,8
S5146,2026-05-01,04:05 PM,Yamuna,Library,0,0,02:12 PM,04:18 PM,01:50 PM,04:31 PM,538.35,22,15.36,None,0,0,0,7
S5147,2026-04-10,03:32 PM,Yamuna,Hostel,0,0,0,0,0,0,310.52,78,33.38,None,1,0,0,7
S5148,2026-04-24,11:08 PM,Yamuna,Hostel,0,0,0,0,0,0,962.82,45,14.69,None,0,0,1,5
S5149,2026-04-16,12:56 PM,Azad,Library,0,0,12:06 PM,01:28 PM,12:01 PM,01:46 PM,864.6,173,25.38,None,1,0,0,12
S5150,2026-04-21,12:20 PM,Yamuna,Library,0,0,09:30 AM,06:04 PM,09:05 AM,06:15 PM,560.7,101,14.21,None,1,0,1,5
S5151,2026-04-21,07:20 AM,Azad,Outside,0,0,0,0,05:42 AM,09:54 AM,126.23,19,1.54,None,0,0,1,3
S5152,2026-04-14,11:41 AM,Rajendra,Library,0,0,11:22 AM,01:19 PM,11:15 AM,01:39 PM,891.86,163,34.48,None,1,0,0,7
S5153,2026-04-12,10:51 AM,Azad,Classroom,0,0,0,0,10:38 AM,12:33 PM,146.57,186,25.01,None,1,1,0,8
S5154,2026-04-09,06:54 PM,Yamuna,Hostel,0,0,0,0,0,0,266.64,183,47.05,None,0,0,0,8
S5155,2026-04-08,09:48 AM,Yamuna,Mess,09:21 AM,09:58 AM,0,0,0,0,284.6,105,48.65,Breakfast,1,1,0,7
S5156,2026-04-03,09:17 PM,Azad,Hostel,0,0,0,0,0,0,1328.73,130,30.4,None,0,0,0,6
S5157,2026-04-08,08:05 PM,Yamuna,Library,0,0,06:14 PM,08:10 PM,05:46 PM,08:23 PM,950.82,99,15.32,None,0,0,0,7
S5158,2026-04-21,07:31 AM,Sarojini,Mess,07:23 AM,08:10 AM,0,0,0,0,322.51,185,29.98,Breakfast,0,0,1,7
S5159,2026-05-01,10:25 AM,Rajendra,Mess,09:56 AM,10:39 AM,0,0,0,0,413.59,159,38.22,Breakfast,0,0,0,7
S5160,2026-04-14,10:03 AM,Ganga,Mess,09:38 AM,10:20 AM,0,0,0,0,398.05,148,42.16,Breakfast,1,1,0,6
S5161,2026-04-30,01:22 PM,Azad,Mess,01:06 PM,01:36 PM,0,0,0,0,426.43,145,41.92,Lunch,0,0,1,5
S5162,2026-04-05,08:07 PM,Ganga,Mess,08:01 PM,08:23 PM,0,0,0,0,432.09,69,48.59,Dinner,0,0,0,3
S5163,2026-04-04,11:42 AM,Yamuna,Library,0,0,10:31 AM,12:14 PM,10:08 AM,12:26 PM,704.74,109,14.49,None,0,0,0,15
S5164,2026-04-17,07:01 PM,Yamuna,Hostel,0,0,0,0,0,0,133.38,184,32.52,None,0,0,0,6
S5165,2026-04-14,10:42 PM,Ganga,Outside,0,0,0,0,09:50 PM,11:45 PM,315.96,162,15.55,None,0,0,0,7
S5166,2026-04-28,12:15 PM,Rajendra,Library,0,0,10:17 AM,06:28 PM,09:53 AM,06:56 PM,596.48,196,35.98,None,0,0,1,7
S5167,2026-04-18,10:01 AM,Sarojini,Mess,09:30 AM,10:30 AM,0,0,0,0,341.26,12,32.14,Breakfast,0,0,0,9
S5168,2026-04-09,02:18 PM,Sarojini,Library,0,0,02:13 PM,04:15 PM,02:04 PM,04:57 PM,973.34,149,27.46,None,1,0,0,8
S5169,2026-04-17,08:35 PM,Yamuna,Library,0,0,08:35 PM,10:54 PM,08:21 PM,11:35 PM,814.64,88,12.89,None,0,0,0,9
S5170,2026-04-01,11:44 AM,Rajendra,Library,0,0,11:24 AM,12:54 PM,11:01 AM,01:36 PM,944.42,112,27.86,None,1,0,0,7
S5171,2026-04-01,08:16 PM,Ganga,Hostel,0,0,0,0,0,0,925.05,142,27.99,None,0,0,0,3
S5172,2026-04-11,11:43 PM,Rajendra,Library,0,0,09:29 PM,11:59 PM,09:14 PM,11:59 PM,691.37,175,24.11,None,0,0,0,6
S5173,2026-04-06,12:41 PM,Sarojini,Mess,12:35 PM,01:01 PM,0,0,0,0,502.2,127,35.2,Lunch,1,0,0,5
S5174,2026-04-15,07:51 PM,Rajendra,Mess,07:29 PM,08:22 PM,0,0,0,0,404.25,26,38.38,Dinner,0,0,0,8
S5175,2026-04-15,02:08 PM,Rajendra,Mess,01:51 PM,02:14 PM,0,0,0,0,397.59,150,35.22,Lunch,0,0,0,8
S5176,2026-04-06,08:39 AM,Ganga,Mess,08:34 AM,08:57 AM,0,0,0,0,397.28,127,40.89,Breakfast,0,0,0,7
S5177,2026-04-14,02:51 AM,Sarojini,Hostel,0,0,0,0,0,0,217.63,59,17.95,None,0,0,0,14
S5178,2026-04-03,08:32 PM,Rajendra,Library,0,0,06:58 PM,08:44 PM,06:51 PM,09:14 PM,952.41,193,21.19,None,0,0,0,6
S5179,2026-04-18,09:58 AM,Sarojini,Mess,09:51 AM,10:26 AM,0,0,0,0,422.57,123,33.78,Breakfast,1,1,0,6
S5180,2026-04-22,09:09 PM,Yamuna,Mess,08:27 PM,09:18 PM,0,0,0,0,564.72,191,32.64,Dinner,0,0,1,4
S5181,2026-04-05,02:10 PM,Yamuna,Outside,0,0,0,0,12:30 PM,04:23 PM,390.22,181,14.64,None,0,0,0,6
S5182,2026-04-28,05:37 PM,Azad,Library,0,0,02:27 PM,08:59 PM,02:09 PM,09:55 PM,971.36,138,19.27,None,0,0,1,7
S5183,2026-04-29,09:28 PM,Azad,Library,0,0,05:21 PM,11:59 PM,04:55 PM,11:59 PM,673.41,62,19.11,None,0,0,1,4
S5184,2026-04-07,04:43 AM,Sarojini,Hostel,0,0,0,0,0,0,172.39,29,24.6,None,0,0,0,6
S5185,2026-04-13,05:26 AM,Yamuna,Hostel,0,0,0,0,0,0,132.54,16,15.17,None,0,0,0,8
S5186,2026-04-10,02:23 PM,Azad,Library,0,0,01:18 PM,03:13 PM,01:07 PM,03:37 PM,769.58,169,22.69,None,1,0,0,7
S5187,2026-04-04,09:14 AM,Azad,Mess,08:37 AM,09:30 AM,0,0,0,0,441.21,76,48.54,Breakfast,0,0,0,6
S5188,2026-04-02,10:27 PM,Ganga,Library,0,0,08:28 PM,11:00 PM,08:16 PM,11:19 PM,892.54,182,30.15,None,0,0,0,7
S5189,2026-04-15,07:44 PM,Yamuna,Library,0,0,06:32 PM,07:56 PM,06:25 PM,08:34 PM,745.79,91,12.65,None,0,0,0,9
S5190,2026-04-18,08:05 AM,Yamuna,Mess,07:42 AM,08:21 AM,0,0,0,0,527.28,183,33.6,Breakfast,0,0,0,7
S5191,2026-04-01,09:20 AM,Ganga,Mess,08:52 AM,09:48 AM,0,0,0,0,351.15,173,50.02,Breakfast,1,1,0,6
S5192,2026-04-10,10:03 PM,Ganga,Library,0,0,09:47 PM,11:59 PM,09:19 PM,11:59 PM,765.88,18,12.74,None,0,0,0,9
S5193,2026-04-27,08:59 AM,Rajendra,Mess,08:49 AM,09:11 AM,0,0,0,0,339.43,88,42.75,Breakfast,0,0,1,7
S5194,2026-04-30,07:21 PM,Azad,Library,0,0,03:12 PM,10:03 PM,02:46 PM,10:39 PM,825.77,147,31.17,None,0,0,1,7
S5195,2026-04-21,11:35 PM,Yamuna,Library,0,0,02:39 PM,11:39 PM,02:32 PM,11:56 PM,670.05,187,27.01,None,0,0,1,4
S5196,2026-04-11,01:37 PM,Ganga,Mess,01:13 PM,01:38 PM,0,0,0,0,384.38,168,37.65,Lunch,1,0,0,8
S5197,2026-04-09,07:51 PM,Yamuna,Hostel,0,0,0,0,0,0,360.08,56,17.86,None,0,0,0,6
S5198,2026-04-17,09:26 PM,Ganga,Hostel,0,0,0,0,0,0,1286.91,174,36.23,None,0,0,0,7
S5199,2026-04-15,05:41 AM,Sarojini,Hostel,0,0,0,0,0,0,167.01,49,25.03,None,0,0,0,6
S5200,2026-04-13,01:55 PM,Yamuna,Hostel,0,0,0,0,0,0,276.21,69,30.83,None,1,0,0,8
S5201,2026-04-03,11:06 AM,Rajendra,Hostel,0,0,0,0,0,0,249.59,197,20.43,None,0,0,0,7
S5202,2026-04-19,07:43 PM,Yamuna,Mess,07:20 PM,07:50 PM,0,0,0,0,462.33,154,48.63,Dinner,0,0,0,7
S5203,2026-04-25,08:26 AM,Ganga,Mess,08:06 AM,08:31 AM,0,0,0,0,442.24,75,48.78,Breakfast,0,0,1,7
S5204,2026-04-11,09:40 AM,Azad,Hostel,0,0,0,0,0,0,371.87,133,21.21,None,1,1,0,6
S5205,2026-04-11,03:07 PM,Ganga,Hostel,0,0,0,0,0,0,103.66,79,22.03,None,1,0,0,9
S5206,2026-04-27,06:36 PM,Azad,Library,0,0,05:21 PM,11:28 PM,04:57 PM,11:59 PM,571.39,161,26.93,None,0,0,1,5
S5207,2026-04-07,12:50 PM,Yamuna,Library,0,0,12:26 PM,02:17 PM,12:04 PM,03:16 PM,650.44,126,28.25,None,1,0,0,7
S5208,2026-04-26,02:02 PM,Rajendra,Mess,01:36 PM,02:19 PM,0,0,0,0,485.18,68,34.53,Lunch,1,0,1,6
S5209,2026-04-12,09:28 AM,Ganga,Classroom,0,0,0,0,09:08 AM,10:12 AM,330.12,99,11.71,None,1,1,0,12
S5210,2026-04-10,03:47 PM,Ganga,Hostel,0,0,0,0,0,0,302.27,153,30.76,None,0,0,0,7
S5211,2026-04-09,03:41 PM,Yamuna,Library,0,0,02:20 PM,04:12 PM,02:07 PM,04:56 PM,856.65,90,15.66,None,0,0,0,6
S5212,2026-04-25,08:40 PM,Yamuna,Mess,08:02 PM,08:50 PM,0,0,0,0,478.81,84,31.51,Dinner,0,0,1,7
S5213,2026-04-11,05:57 AM,Ganga,Outside,0,0,0,0,05:16 AM,08:04 AM,343.97,155,22.27,None,0,0,0,8
S5214,2026-04-18,09:29 PM,Azad,Mess,09:13 PM,09:48 PM,0,0,0,0,422.22,197,56.1,Dinner,0,0,0,6
S5215,2026-04-14,08:53 PM,Azad,Mess,08:18 PM,08:55 PM,0,0,0,0,372.65,106,29.95,Dinner,0,0,0,6
S5216,2026-04-02,09:45 PM,Ganga,Library,0,0,09:32 PM,10:13 PM,09:14 PM,10:50 PM,1055.92,70,12.97,None,0,0,0,7
S5217,2026-04-29,10:28 PM,Yamuna,Library,0,0,06:36 PM,11:59 PM,06:25 PM,11:59 PM,795.3,115,27.81,None,0,0,1,5
S5218,2026-04-27,03:19 PM,Ganga,Library,0,0,09:58 AM,04:38 PM,09:29 AM,05:33 PM,780.86,11,11.61,None,1,0,1,6
S5219,2026-04-01,03:43 PM,Rajendra,Library,0,0,02:42 PM,04:04 PM,02:14 PM,04:58 PM,814.03,35,14.62,None,0,0,0,9
S5220,2026-04-28,07:49 PM,Yamuna,Mess,07:29 PM,08:09 PM,0,0,0,0,478.18,137,49.11,Dinner,0,0,1,6
S5221,2026-04-28,06:46 AM,Sarojini,Outside,0,0,0,0,06:01 AM,09:14 AM,160.46,86,12.06,None,0,0,1,5
S5222,2026-04-04,01:26 PM,Sarojini,Mess,01:22 PM,02:09 PM,0,0,0,0,637.94,40,30.1,Lunch,1,0,0,7
S5223,2026-04-23,03:16 PM,Ganga,Hostel,0,0,0,0,0,0,269.13,56,22.24,None,1,0,1,7
S5224,2026-04-03,06:42 PM,Rajendra,Library,0,0,06:11 PM,06:46 PM,06:03 PM,07:12 PM,454.62,195,29.89,None,0,0,0,8
S5225,2026-04-01,02:17 PM,Rajendra,Library,0,0,01:15 PM,03:10 PM,01:06 PM,04:07 PM,944.54,85,14.59,None,0,0,0,8
S5226,2026-04-09,07:53 AM,Ganga,Hostel,0,0,0,0,0,0,117.85,188,39.45,None,0,0,0,6
S5227,2026-04-21,05:59 AM,Ganga,Hostel,0,0,0,0,0,0,203.65,131,21.42,None,0,0,1,4
S5228,2026-04-08,09:54 PM,Sarojini,Mess,09:52 PM,10:24 PM,0,0,0,0,408.6,90,47.37,Dinner,0,0,0,7
S5229,2026-04-03,02:11 PM,Ganga,Mess,01:49 PM,02:36 PM,0,0,0,0,583.42,182,41.45,Lunch,1,0,0,5
S5230,2026-04-06,12:09 PM,Rajendra,Library,0,0,10:58 AM,12:15 PM,10:31 AM,01:00 PM,703.37,142,21.73,None,0,0,0,6
S5231,2026-04-05,07:22 AM,Azad,Mess,07:00 AM,07:49 AM,0,0,0,0,384.14,163,38.88,Breakfast,0,0,0,8
S5232,2026-04-07,01:04 PM,Rajendra,Mess,12:24 PM,01:24 PM,0,0,0,0,479.86,88,41.17,Lunch,0,0,0,7
S5233,2026-04-24,07:31 PM,Yamuna,Mess,07:07 PM,07:42 PM,0,0,0,0,559.34,59,41.59,Dinner,0,0,1,4
S5234,2026-04-26,07:09 PM,Yamuna,Library,0,0,05:34 PM,10:52 PM,05:24 PM,11:37 PM,497.34,74,18.96,None,0,0,1,5
S5235,2026-04-04,08:04 PM,Sarojini,Outside,0,0,0,0,06:09 PM,09:48 PM,134.31,85,7.65,None,0,0,0,8
S5236,2026-04-14,06:27 AM,Ganga,Hostel,0,0,0,0,0,0,295.24,90,31.73,None,0,0,0,7
S5237,2026-04-14,06:57 PM,Sarojini,Library,0,0,06:37 PM,09:17 PM,06:25 PM,09:34 PM,870.38,146,18.81,None,0,0,0,7
S5238,2026-04-28,07:21 AM,Azad,Mess,07:11 AM,08:03 AM,0,0,0,0,551.99,191,56.27,Breakfast,0,0,1,6
S5239,2026-04-20,07:36 AM,Sarojini,Mess,07:10 AM,08:09 AM,0,0,0,0,407.41,28,31.41,Breakfast,0,0,1,7
S5240,2026-04-16,01:51 AM,Yamuna,Outside,0,0,0,0,01:18 AM,04:12 AM,207.87,78,8.18,None,0,0,0,7
S5241,2026-04-23,09:23 PM,Rajendra,Mess,09:14 PM,10:06 PM,0,0,0,0,537.59,192,39.31,Dinner,0,0,1,4
S5242,2026-04-04,03:13 PM,Ganga,Mess,02:51 PM,03:18 PM,0,0,0,0,440.53,195,49.62,Lunch,0,0,0,7
S5243,2026-04-14,07:11 AM,Sarojini,Outside,0,0,0,0,05:56 AM,08:30 AM,257.81,107,11.7,None,0,0,0,9
S5244,2026-04-05,11:53 AM,Ganga,Library,0,0,09:54 AM,12:13 PM,09:37 AM,12:37 PM,707.9,166,34.26,None,0,0,0,7
S5245,2026-04-03,12:48 PM,Yamuna,Hostel,0,0,0,0,0,0,215.85,136,32.0,None,1,0,0,10
S5246,2026-04-28,09:34 AM,Yamuna,Mess,09:27 AM,09:52 AM,0,0,0,0,429.29,151,44.51,Breakfast,1,1,1,8
S5247,2026-04-19,07:41 AM,Azad,Mess,07:17 AM,08:16 AM,0,0,0,0,370.03,120,46.31,Breakfast,0,0,0,9
S5248,2026-04-28,08:45 AM,Rajendra,Mess,08:40 AM,09:26 AM,0,0,0,0,666.99,28,36.07,Breakfast,0,0,1,4
S5249,2026-04-11,11:15 AM,Rajendra,Hostel,0,0,0,0,0,0,317.75,51,24.78,None,0,0,0,6
S5250,2026-04-21,05:34 PM,Ganga,Library,0,0,11:58 AM,08:32 PM,11:48 AM,09:23 PM,896.32,143,23.26,None,0,0,1,5
S5251,2026-04-05,11:23 AM,Sarojini,Library,0,0,11:08 AM,12:00 PM,10:43 AM,12:57 PM,430.1,29,16.76,None,0,0,0,10
S5252,2026-04-26,05:02 PM,Ganga,Library,0,0,03:13 PM,08:58 PM,03:03 PM,09:38 PM,655.53,144,21.29,None,0,0,1,5
S5253,2026-04-20,11:39 PM,Azad,Outside,0,0,0,0,10:47 PM,11:59 PM,210.47,195,12.69,None,0,0,1,6
S5254,2026-04-16,02:11 PM,Ganga,Mess,01:49 PM,02:26 PM,0,0,0,0,567.84,123,50.29,Lunch,1,0,0,8
S5255,2026-04-17,05:34 PM,Sarojini,Classroom,0,0,0,0,05:24 PM,06:41 PM,305.59,142,11.07,None,1,1,0,6
S5256,2026-04-03,09:27 AM,Yamuna,Hostel,0,0,0,0,0,0,210.3,79,33.08,None,0,0,0,6
S5257,2026-05-01,09:11 PM,Sarojini,Mess,08:51 PM,09:29 PM,0,0,0,0,381.73,157,36.64,Dinner,0,0,0,7
S5258,2026-04-12,08:20 PM,Ganga,Hostel,0,0,0,0,0,0,922.13,102,30.4,None,0,0,0,7
S5259,2026-04-24,10:23 PM,Rajendra,Mess,09:55 PM,10:38 PM,0,0,0,0,535.42,121,49.33,Dinner,0,0,1,5
S5260,2026-04-17,07:23 PM,Sarojini,Outside,0,0,0,0,06:42 PM,09:25 PM,356.03,63,8.54,None,0,0,0,7
S5261,2026-04-03,02:43 PM,Azad,Mess,02:42 PM,03:23 PM,0,0,0,0,519.98,66,28.2,Lunch,1,0,0,7
S5262,2026-04-20,03:49 PM,Sarojini,Classroom,0,0,0,0,03:28 PM,04:21 PM,387.93,92,5.55,None,1,0,1,6
S5263,2026-04-11,08:10 AM,Yamuna,Mess,07:55 AM,08:31 AM,0,0,0,0,271.93,49,35.48,Breakfast,0,0,0,6
S5264,2026-04-21,03:01 PM,Sarojini,Outside,0,0,0,0,01:30 PM,05:42 PM,356.96,135,13.56,None,1,0,1,3
S5265,2026-04-24,08:29 PM,Sarojini,Library,0,0,06:55 PM,11:59 PM,06:32 PM,11:59 PM,997.94,200,33.76,None,0,0,1,5
S5266,2026-04-01,03:41 AM,Rajendra,Outside,0,0,0,0,01:54 AM,04:44 AM,384.64,139,16.15,None,0,0,0,8
S5267,2026-04-08,09:16 PM,Ganga,Library,0,0,06:42 PM,09:27 PM,06:25 PM,09:48 PM,1031.86,152,25.06,None,0,0,0,7
S5268,2026-04-13,01:55 AM,Azad,Hostel,0,0,0,0,0,0,269.04,100,30.09,None,0,0,0,7
S5269,2026-04-02,03:07 PM,Yamuna,Outside,0,0,0,0,01:58 PM,04:19 PM,372.59,96,11.66,None,1,0,0,7
S5270,2026-04-07,08:01 PM,Ganga,Library,0,0,07:59 PM,08:38 PM,07:49 PM,09:16 PM,828.66,144,25.68,None,0,0,0,6
S5271,2026-04-11,08:23 AM,Rajendra,Mess,08:21 AM,08:58 AM,0,0,0,0,331.78,91,42.61,Breakfast,0,0,0,7
S5272,2026-04-26,11:55 AM,Yamuna,Hostel,0,0,0,0,0,0,382.23,189,27.63,None,0,0,1,4
S5273,2026-04-03,02:03 PM,Yamuna,Library,0,0,12:01 PM,02:07 PM,11:34 AM,02:40 PM,607.81,18,8.58,None,1,0,0,9
S5274,2026-04-28,07:58 AM,Sarojini,Mess,07:32 AM,08:20 AM,0,0,0,0,225.21,161,50.57,Breakfast,0,0,1,6
S5275,2026-05-01,03:12 PM,Azad,Mess,02:29 PM,03:17 PM,0,0,0,0,231.94,168,45.54,Lunch,0,0,0,10
S5276,2026-04-14,08:42 PM,Ganga,Outside,0,0,0,0,07:54 PM,11:32 PM,177.63,52,6.09,None,0,0,0,5
S5277,2026-04-24,09:00 AM,Yamuna,Mess,08:56 AM,09:31 AM,0,0,0,0,361.9,63,30.11,Breakfast,1,1,1,4
S5278,2026-04-15,03:56 PM,Sarojini,Library,0,0,03:28 PM,05:54 PM,03:18 PM,06:50 PM,702.02,69,16.59,None,0,0,0,6
S5279,2026-04-12,10:39 PM,Azad,Library,0,0,09:07 PM,11:36 PM,08:41 PM,11:59 PM,468.42,23,16.36,None,0,0,0,7
S5280,2026-04-15,03:01 PM,Azad,Mess,02:44 PM,03:23 PM,0,0,0,0,326.56,17,28.99,Lunch,1,0,0,9
S5281,2026-04-23,08:08 AM,Rajendra,Mess,08:08 AM,08:36 AM,0,0,0,0,485.55,49,26.2,Breakfast,0,0,1,4
S5282,2026-04-30,11:29 PM,Ganga,Library,0,0,04:42 PM,11:59 PM,04:23 PM,11:59 PM,796.73,146,34.66,None,0,0,1,4
S5283,2026-04-03,11:53 AM,Ganga,Hostel,0,0,0,0,0,0,148.29,114,17.76,None,1,0,0,7
S5284,2026-04-29,07:07 PM,Yamuna,Library,0,0,01:59 PM,09:22 PM,01:30 PM,10:22 PM,845.54,23,11.96,None,0,0,1,4
S5285,2026-04-16,06:11 PM,Sarojini,Library,0,0,06:07 PM,06:40 PM,05:53 PM,07:06 PM,795.2,103,26.0,None,0,0,0,7
S5286,2026-04-13,07:55 PM,Sarojini,Mess,07:25 PM,08:05 PM,0,0,0,0,376.45,50,44.21,Dinner,0,0,0,7
S5287,2026-04-05,09:54 PM,Yamuna,Mess,09:44 PM,10:37 PM,0,0,0,0,498.0,75,39.18,Dinner,0,0,0,7
S5288,2026-04-25,03:02 PM,Azad,Mess,02:54 PM,03:52 PM,0,0,0,0,401.1,125,32.72,Lunch,1,0,1,5
S5289,2026-04-17,07:31 PM,Sarojini,Library,0,0,07:03 PM,07:50 PM,06:47 PM,08:49 PM,651.48,103,15.13,None,0,0,0,8
S5290,2026-04-30,02:18 PM,Yamuna,Library,0,0,12:13 PM,07:09 PM,12:00 PM,07:38 PM,847.37,44,12.05,None,0,0,1,6
S5291,2026-04-01,09:46 AM,Azad,Hostel,0,0,0,0,0,0,156.51,144,39.8,None,0,0,0,5
S5292,2026-04-08,07:04 PM,Yamuna,Library,0,0,06:56 PM,07:41 PM,06:45 PM,08:35 PM,786.37,184,19.24,None,0,0,0,8
S5293,2026-04-10,04:35 PM,Yamuna,Hostel,0,0,0,0,0,0,360.83,96,21.92,None,0,0,0,5
S5294,2026-04-09,04:34 PM,Rajendra,Library,0,0,04:07 PM,04:43 PM,04:01 PM,05:28 PM,983.7,12,13.0,None,0,0,0,7
S5295,2026-04-14,08:57 AM,Ganga,Mess,08:47 AM,09:25 AM,0,0,0,0,473.42,52,42.35,Breakfast,0,0,0,6
S5296,2026-04-14,08:06 PM,Azad,Mess,07:52 PM,08:50 PM,0,0,0,0,670.85,128,42.79,Dinner,0,0,0,7
S5297,2026-04-02,02:56 PM,Ganga,Classroom,0,0,0,0,02:21 PM,04:05 PM,363.62,91,6.93,None,1,0,0,9
S5298,2026-04-19,12:06 PM,Sarojini,Library,0,0,11:36 AM,12:40 PM,11:31 AM,12:55 PM,697.54,81,12.91,None,0,0,0,15
S5299,2026-04-09,02:30 AM,Rajendra,Hostel,0,0,0,0,0,0,359.79,52,20.43,None,0,0,0,10
S5300,2026-04-12,09:18 AM,Ganga,Mess,09:03 AM,09:33 AM,0,0,0,0,592.97,113,33.16,Breakfast,0,0,0,7
S5301,2026-04-30,08:43 PM,Yamuna,Library,0,0,05:05 PM,11:02 PM,05:00 PM,11:28 PM,548.26,85,23.76,None,0,0,1,5
S5302,2026-04-24,08:45 AM,Yamuna,Mess,08:13 AM,08:46 AM,0,0,0,0,585.8,99,32.76,Breakfast,0,0,1,7
S5303,2026-04-03,11:25 PM,Yamuna,Library,0,0,10:44 PM,11:59 PM,10:22 PM,11:59 PM,700.56,50,16.33,None,0,0,0,7
S5304,2026-05-01,04:20 AM,Yamuna,Outside,0,0,0,0,03:43 AM,06:49 AM,365.19,198,28.02,None,0,0,0,5
S5305,2026-04-04,02:54 PM,Yamuna,Library,0,0,02:12 PM,03:21 PM,01:56 PM,03:36 PM,512.2,85,20.96,None,0,0,0,11
S5306,2026-04-24,11:44 PM,Sarojini,Library,0,0,08:54 PM,11:59 PM,08:46 PM,11:59 PM,864.27,164,19.26,None,0,0,1,6
S5307,2026-04-04,05:56 PM,Rajendra,Library,0,0,03:28 PM,05:56 PM,03:06 PM,06:38 PM,654.98,70,17.89,None,0,0,0,7
S5308,2026-04-20,01:01 PM,Ganga,Mess,12:55 PM,01:51 PM,0,0,0,0,245.32,151,48.11,Lunch,0,0,1,3
S5309,2026-04-25,07:24 AM,Rajendra,Mess,07:19 AM,07:51 AM,0,0,0,0,323.21,161,39.77,Breakfast,0,0,1,6
S5310,2026-04-06,08:06 AM,Yamuna,Mess,07:52 AM,08:20 AM,0,0,0,0,611.31,83,36.72,Breakfast,0,0,0,7
S5311,2026-04-12,09:46 PM,Sarojini,Hostel,0,0,0,0,0,0,860.74,70,26.82,None,0,0,0,4
S5312,2026-04-23,02:40 PM,Ganga,Classroom,0,0,0,0,02:10 PM,03:11 PM,187.96,153,13.99,None,1,0,1,3
S5313,2026-04-18,08:01 AM,Sarojini,Classroom,0,0,0,0,07:49 AM,08:58 AM,268.96,32,1.76,None,1,1,0,8
S5314,2026-04-03,01:05 PM,Azad,Library,0,0,11:52 AM,02:46 PM,11:41 AM,03:26 PM,1004.68,75,22.12,None,1,0,0,4
S5315,2026-04-03,06:19 AM,Yamuna,Outside,0,0,0,0,05:11 AM,08:43 AM,107.27,166,19.33,None,0,0,0,6
S5316,2026-04-01,05:13 PM,Azad,Library,0,0,04:53 PM,05:25 PM,04:29 PM,05:53 PM,760.82,72,24.45,None,0,0,0,7
S5317,2026-05-01,01:04 PM,Rajendra,Classroom,0,0,0,0,12:50 PM,01:52 PM,371.31,25,1.3,None,1,0,0,7
S5318,2026-04-17,09:44 PM,Ganga,Hostel,0,0,0,0,0,0,830.33,166,34.2,None,0,0,0,8
S5319,2026-04-15,09:54 AM,Ganga,Classroom,0,0,0,0,09:23 AM,11:03 AM,251.48,101,10.89,None,1,1,0,7
S5320,2026-04-03,11:46 AM,Sarojini,Outside,0,0,0,0,10:49 AM,01:09 PM,221.61,179,20.19,None,0,0,0,7
S5321,2026-04-14,10:28 PM,Sarojini,Library,0,0,08:49 PM,11:29 PM,08:42 PM,11:59 PM,816.3,79,19.34,None,0,0,0,9
S5322,2026-04-05,05:06 PM,Yamuna,Classroom,0,0,0,0,04:55 PM,06:28 PM,273.06,80,7.89,None,1,1,0,8
S5323,2026-04-08,01:47 PM,Sarojini,Mess,01:21 PM,01:50 PM,0,0,0,0,627.05,21,31.46,Lunch,1,0,0,7
S5324,2026-04-04,10:23 PM,Sarojini,Mess,09:34 PM,10:29 PM,0,0,0,0,489.87,196,46.31,Dinner,0,0,0,6
S5325,2026-04-05,01:35 PM,Yamuna,Mess,01:19 PM,01:41 PM,0,0,0,0,494.18,130,53.42,Lunch,1,0,0,6
S5326,2026-04-23,02:18 AM,Yamuna,Outside,0,0,0,0,12:41 AM,04:19 AM,331.5,128,16.01,None,0,0,1,5
S5327,2026-05-01,05:08 PM,Azad,Library,0,0,03:52 PM,05:42 PM,03:30 PM,06:28 PM,929.06,97,20.62,None,0,0,0,7
S5328,2026-04-28,05:38 AM,Azad,Hostel,0,0,0,0,0,0,398.93,132,22.71,None,0,0,1,8
S5329,2026-04-12,10:55 PM,Yamuna,Library,0,0,10:30 PM,11:59 PM,10:00 PM,11:59 PM,739.41,188,27.4,None,0,0,0,7
S5330,2026-05-01,05:26 AM,Rajendra,Outside,0,0,0,0,03:50 AM,08:05 AM,169.23,86,5.17,None,0,0,0,7
S5331,2026-04-12,06:10 AM,Yamuna,Outside,0,0,0,0,04:58 AM,07:48 AM,219.37,184,15.63,None,0,0,0,8
S5332,2026-04-24,12:50 AM,Sarojini,Outside,0,0,0,0,12:14 AM,02:17 AM,234.28,171,10.59,None,0,0,1,3
S5333,2026-04-30,06:28 PM,Rajendra,Library,0,0,06:03 PM,11:27 PM,05:46 PM,11:46 PM,735.11,81,24.49,None,0,0,1,6
S5334,2026-04-18,07:29 AM,Azad,Mess,07:16 AM,08:11 AM,0,0,0,0,369.88,49,36.49,Breakfast,0,0,0,7
S5335,2026-04-12,09:31 AM,Sarojini,Mess,09:31 AM,09:58 AM,0,0,0,0,501.96,114,42.05,Breakfast,0,0,0,6
S5336,2026-04-11,06:56 PM,Azad,Library,0,0,05:21 PM,07:11 PM,04:52 PM,07:54 PM,860.56,46,19.51,None,0,0,0,7
S5337,2026-04-26,01:02 PM,Sarojini,Library,0,0,10:05 AM,05:53 PM,09:39 AM,06:39 PM,891.12,33,10.08,None,0,0,1,6
S5338,2026-04-26,08:22 PM,Sarojini,Mess,08:10 PM,08:42 PM,0,0,0,0,438.53,123,43.97,Dinner,0,0,1,5
S5339,2026-04-25,02:46 AM,Sarojini,Outside,0,0,0,0,01:21 AM,04:35 AM,102.59,133,10.81,None,0,0,1,6
S5340,2026-04-13,03:11 PM,Azad,Mess,02:16 PM,03:11 PM,0,0,0,0,547.05,145,39.98,Lunch,0,0,0,6
S5341,2026-04-09,02:35 PM,Ganga,Library,0,0,02:25 PM,03:37 PM,02:04 PM,04:03 PM,739.53,32,8.73,None,1,0,0,7
S5342,2026-04-20,02:29 PM,Rajendra,Library,0,0,01:35 PM,07:05 PM,01:25 PM,08:04 PM,754.82,12,7.03,None,0,0,1,6
S5343,2026-04-13,08:31 PM,Yamuna,Mess,08:16 PM,08:45 PM,0,0,0,0,574.12,162,43.75,Dinner,0,0,0,7
S5344,2026-04-09,11:33 AM,Rajendra,Classroom,0,0,0,0,11:14 AM,01:18 PM,188.16,149,12.62,None,1,0,0,6
S5345,2026-04-01,03:56 PM,Azad,Library,0,0,02:57 PM,04:04 PM,02:39 PM,04:20 PM,618.6,126,28.29,None,0,0,0,8
S5346,2026-04-01,11:15 AM,Rajendra,Library,0,0,10:50 AM,11:51 AM,10:36 AM,12:13 PM,700.47,84,20.41,None,0,0,0,10
S5347,2026-04-30,02:19 PM,Azad,Mess,02:07 PM,02:57 PM,0,0,0,0,395.09,133,41.97,Lunch,1,0,1,6
S5348,2026-04-12,10:09 AM,Sarojini,Library,0,0,09:38 AM,11:59 AM,09:31 AM,12:20 PM,701.6,194,27.97,None,1,1,0,7
S5349,2026-04-19,10:44 AM,Ganga,Hostel,0,0,0,0,0,0,291.99,105,22.1,None,0,0,0,7
S5350,2026-04-20,04:25 PM,Ganga,Library,0,0,01:27 PM,06:54 PM,12:58 PM,07:29 PM,565.08,129,19.16,None,0,0,1,4
S5351,2026-04-05,08:31 PM,Rajendra,Mess,08:12 PM,08:48 PM,0,0,0,0,569.48,167,57.05,Dinner,0,0,0,6
S5352,2026-04-23,07:55 AM,Azad,Outside,0,0,0,0,06:14 AM,09:28 AM,388.95,11,0.91,None,0,0,1,6
S5353,2026-04-20,04:19 PM,Yamuna,Hostel,0,0,0,0,0,0,364.81,25,16.73,None,0,0,1,6
S5354,2026-04-21,11:00 PM,Azad,Hostel,0,0,0,0,0,0,1323.24,178,25.5,None,0,0,1,4
S5355,2026-04-12,08:31 PM,Yamuna,Library,0,0,07:55 PM,10:27 PM,07:30 PM,11:03 PM,634.26,92,12.69,None,0,0,0,7
S5356,2026-04-22,09:38 PM,Sarojini,Mess,09:28 PM,10:26 PM,0,0,0,0,400.7,31,34.14,Dinner,0,0,1,6
S5357,2026-04-27,01:38 PM,Yamuna,Mess,01:30 PM,02:09 PM,0,0,0,0,307.56,193,48.26,Lunch,1,0,1,4
S5358,2026-04-21,07:53 PM,Yamuna,Library,0,0,11:59 AM,08:59 PM,11:53 AM,09:42 PM,837.42,62,10.75,None,0,0,1,6
S5359,2026-04-09,11:45 AM,Azad,Library,0,0,11:33 AM,12:31 PM,11:06 AM,12:59 PM,965.08,45,8.72,None,1,0,0,12
S5360,2026-04-28,09:30 AM,Sarojini,Mess,09:23 AM,10:15 AM,0,0,0,0,398.99,51,42.47,Breakfast,0,0,1,5
S5361,2026-04-23,06:17 PM,Azad,Outside,0,0,0,0,04:50 PM,08:15 PM,201.95,40,5.52,None,0,0,1,3
S5362,2026-04-15,04:55 PM,Sarojini,Library,0,0,04:05 PM,06:10 PM,03:54 PM,06:34 PM,860.23,163,30.94,None,1,1,0,7
S5363,2026-04-15,11:00 AM,Yamuna,Classroom,0,0,0,0,10:42 AM,12:07 PM,174.04,84,8.15,None,1,0,0,9
S5364,2026-04-27,06:25 PM,Ganga,Classroom,0,0,0,0,06:09 PM,07:11 PM,262.58,49,5.08,None,1,1,1,6
S5365,2026-04-22,04:28 PM,Rajendra,Library,0,0,12:54 PM,09:16 PM,12:40 PM,09:48 PM,961.64,99,22.11,None,1,1,1,5
S5366,2026-04-08,04:38 PM,Sarojini,Classroom,0,0,0,0,04:18 PM,05:37 PM,133.13,91,12.53,None,1,1,0,7
S5367,2026-04-05,07:53 AM,Azad,Mess,07:34 AM,08:04 AM,0,0,0,0,511.06,148,36.94,Breakfast,0,0,0,5
S5368,2026-04-01,03:43 PM,Ganga,Library,0,0,02:35 PM,03:59 PM,02:19 PM,04:50 PM,746.55,74,24.71,None,0,0,0,6
S5369,2026-04-24,05:18 PM,Rajendra,Classroom,0,0,0,0,05:04 PM,05:52 PM,324.8,179,11.83,None,1,1,1,8
S5370,2026-04-14,09:33 PM,Yamuna,Outside,0,0,0,0,08:53 PM,10:55 PM,124.2,73,5.32,None,0,0,0,9
S5371,2026-04-13,02:00 PM,Ganga,Mess,01:30 PM,02:16 PM,0,0,0,0,402.53,97,30.49,Lunch,1,0,0,12
S5372,2026-04-05,12:51 PM,Ganga,Mess,12:27 PM,12:52 PM,0,0,0,0,543.94,64,31.83,Lunch,0,0,0,8
S5373,2026-04-16,07:16 PM,Yamuna,Library,0,0,06:21 PM,08:11 PM,06:08 PM,08:33 PM,825.36,29,9.29,None,0,0,0,7
S5374,2026-04-04,11:12 PM,Yamuna,Library,0,0,09:51 PM,11:12 PM,09:39 PM,11:24 PM,717.41,181,27.57,None,0,0,0,11
S5375,2026-04-17,08:42 AM,Ganga,Mess,08:22 AM,08:45 AM,0,0,0,0,591.78,131,39.43,Breakfast,0,0,0,13
S5376,2026-04-12,07:02 PM,Azad,Library,0,0,05:25 PM,07:08 PM,05:01 PM,07:32 PM,680.94,21,7.57,None,0,0,0,7
S5377,2026-04-01,08:15 PM,Ganga,Mess,08:12 PM,09:08 PM,0,0,0,0,504.71,121,45.19,Dinner,0,0,0,8
S5378,2026-04-25,03:28 AM,Sarojini,Hostel,0,0,0,0,0,0,109.99,150,29.47,None,0,0,1,5
S5379,2026-04-24,08:48 PM,Azad,Mess,08:24 PM,08:57 PM,0,0,0,0,367.97,169,46.6,Dinner,0,0,1,5
S5380,2026-04-14,11:29 AM,Ganga,Outside,0,0,0,0,10:39 AM,01:38 PM,188.9,23,2.25,None,0,0,0,7
S5381,2026-04-15,11:12 AM,Yamuna,Library,0,0,10:59 AM,12:54 PM,10:29 AM,01:45 PM,951.93,193,22.42,None,0,0,0,6
S5382,2026-04-22,11:52 PM,Sarojini,Library,0,0,10:33 PM,11:59 PM,10:09 PM,11:59 PM,792.16,47,18.28,None,0,0,1,6
S5383,2026-04-18,09:57 AM,Azad,Mess,09:46 AM,10:17 AM,0,0,0,0,452.21,41,36.39,Breakfast,0,0,0,5
S5384,2026-04-18,03:17 PM,Ganga,Library,0,0,02:02 PM,03:17 PM,01:57 PM,03:30 PM,1066.04,91,17.87,None,1,0,0,6
S5385,2026-04-12,10:23 PM,Rajendra,Library,0,0,08:30 PM,11:13 PM,08:20 PM,11:44 PM,754.92,195,36.18,None,0,0,0,8
S5386,2026-04-08,01:26 PM,Azad,Mess,01:16 PM,01:42 PM,0,0,0,0,551.7,27,23.66,Lunch,0,0,0,14
S5387,2026-04-17,08:36 AM,Rajendra,Mess,08:23 AM,09:15 AM,0,0,0,0,541.1,66,35.2,Breakfast,0,0,0,7
S5388,2026-04-21,06:54 PM,Ganga,Hostel,0,0,0,0,0,0,169.08,196,38.53,None,0,0,1,5
S5389,2026-04-08,07:52 PM,Sarojini,Mess,07:51 PM,08:11 PM,0,0,0,0,324.45,69,27.11,Dinner,0,0,0,8
S5390,2026-04-02,08:24 AM,Ganga,Mess,07:46 AM,08:35 AM,0,0,0,0,582.48,95,48.94,Breakfast,0,0,0,3
S5391,2026-04-21,11:56 PM,Azad,Library,0,0,10:47 PM,11:59 PM,10:35 PM,11:59 PM,1024.91,124,13.39,None,0,0,1,7
S5392,2026-04-27,05:39 PM,Sarojini,Library,0,0,12:59 PM,07:46 PM,12:54 PM,08:32 PM,632.7,97,24.97,None,0,0,1,6
S5393,2026-04-12,04:07 PM,Yamuna,Outside,0,0,0,0,02:36 PM,05:22 PM,121.07,106,14.24,None,0,0,0,8
S5394,2026-04-29,09:16 PM,Ganga,Mess,08:56 PM,09:29 PM,0,0,0,0,435.56,188,58.11,Dinner,0,0,1,5
S5395,2026-04-15,09:57 PM,Azad,Outside,0,0,0,0,08:33 PM,11:59 PM,200.52,150,11.81,None,0,0,0,8
S5396,2026-04-14,09:51 AM,Sarojini,Mess,09:32 AM,10:19 AM,0,0,0,0,608.48,137,44.43,Breakfast,0,0,0,7
S5397,2026-04-08,09:21 AM,Ganga,Classroom,0,0,0,0,09:05 AM,10:17 AM,151.46,122,14.92,None,1,1,0,5
S5398,2026-04-27,08:19 AM,Rajendra,Mess,07:44 AM,08:34 AM,0,0,0,0,415.71,175,49.58,Breakfast,0,0,1,8
S5399,2026-04-26,10:55 PM,Yamuna,Library,0,0,08:57 PM,11:59 PM,08:38 PM,11:59 PM,568.86,48,12.72,None,0,0,1,4
S5400,2026-04-03,06:40 PM,Azad,Hostel,0,0,0,0,0,0,125.9,188,37.61,None,0,0,0,5
S5401,2026-04-22,10:22 AM,Sarojini,Mess,09:47 AM,10:38 AM,0,0,0,0,475.15,179,38.73,Breakfast,1,1,1,6
S5402,2026-04-10,07:37 PM,Ganga,Mess,07:35 PM,07:56 PM,0,0,0,0,401.01,95,42.56,Dinner,0,0,0,7
S5403,2026-04-21,07:35 PM,Sarojini,Library,0,0,01:42 PM,10:35 PM,01:22 PM,11:13 PM,568.6,164,38.71,None,0,0,1,5
S5404,2026-04-30,07:19 AM,Azad,Hostel,0,0,0,0,0,0,117.56,188,34.86,None,0,0,1,5
S5405,2026-04-10,10:17 PM,Rajendra,Library,0,0,08:38 PM,10:37 PM,08:11 PM,11:29 PM,1084.78,45,16.16,None,0,0,0,7
S5406,2026-04-15,01:28 PM,Sarojini,Mess,01:20 PM,02:01 PM,0,0,0,0,561.43,45,29.53,Lunch,0,0,0,4
S5407,2026-04-18,10:26 PM,Yamuna,Library,0,0,10:17 PM,11:49 PM,09:48 PM,11:59 PM,692.8,80,17.54,None,0,0,0,8
S5408,2026-04-06,11:06 PM,Azad,Outside,0,0,0,0,09:38 PM,11:59 PM,364.18,153,21.6,None,0,0,0,9
S5409,2026-04-03,09:22 AM,Ganga,Hostel,0,0,0,0,0,0,384.47,146,38.1,None,1,1,0,13
S5410,2026-04-21,03:33 PM,Ganga,Library,0,0,11:29 AM,07:41 PM,11:07 AM,07:55 PM,822.53,194,24.63,None,0,0,1,6
S5411,2026-04-22,07:47 PM,Rajendra,Mess,07:46 PM,08:36 PM,0,0,0,0,406.81,118,41.74,Dinner,0,0,1,5
S5412,2026-04-04,01:09 PM,Rajendra,Library,0,0,11:12 AM,01:44 PM,11:00 AM,02:34 PM,1084.43,176,37.91,None,1,0,0,7
S5413,2026-04-07,02:54 PM,Azad,Mess,02:41 PM,03:37 PM,0,0,0,0,566.79,97,32.33,Lunch,1,0,0,7
S5414,2026-05-01,12:09 PM,Ganga,Library,0,0,11:26 AM,01:02 PM,11:01 AM,01:36 PM,801.71,160,31.31,None,1,0,0,8
S5415,2026-04-21,08:13 AM,Rajendra,Hostel,0,0,0,0,0,0,234.3,55,22.66,None,0,0,1,5
S5416,2026-04-04,10:51 PM,Rajendra,Library,0,0,10:23 PM,11:19 PM,10:09 PM,11:57 PM,646.59,66,14.43,None,0,0,0,6
S5417,2026-04-27,05:31 PM,Rajendra,Outside,0,0,0,0,04:21 PM,06:33 PM,294.06,119,8.98,None,0,0,1,4
S5418,2026-04-22,08:26 AM,Sarojini,Hostel,0,0,0,0,0,0,174.78,53,27.51,None,0,0,1,6
S5419,2026-04-03,01:48 AM,Yamuna,Outside,0,0,0,0,01:11 AM,04:46 AM,346.25,83,5.59,None,0,0,0,7
S5420,2026-04-07,07:11 AM,Sarojini,Outside,0,0,0,0,05:37 AM,09:11 AM,186.15,119,15.84,None,0,0,0,6
S5421,2026-04-17,07:11 PM,Rajendra,Library,0,0,06:48 PM,07:33 PM,06:26 PM,08:10 PM,1046.47,143,29.24,None,0,0,0,8
S5422,2026-04-22,08:57 PM,Ganga,Mess,08:45 PM,09:08 PM,0,0,0,0,413.49,195,41.13,Dinner,0,0,1,6
S5423,2026-04-11,09:01 PM,Yamuna,Mess,08:28 PM,09:27 PM,0,0,0,0,401.31,14,36.39,Dinner,0,0,0,6
S5424,2026-04-27,11:12 PM,Rajendra,Library,0,0,08:48 PM,11:59 PM,08:19 PM,11:59 PM,530.38,12,9.2,None,0,0,1,5
S5425,2026-04-11,03:22 PM,Sarojini,Mess,02:48 PM,03:28 PM,0,0,0,0,421.53,174,42.62,Lunch,1,0,0,8
S5426,2026-04-08,11:25 PM,Ganga,Outside,0,0,0,0,09:31 PM,11:59 PM,324.1,174,25.43,None,0,0,0,8
S5427,2026-04-09,12:36 PM,Yamuna,Outside,0,0,0,0,10:58 AM,01:40 PM,251.48,136,16.49,None,1,0,0,7
S5428,2026-04-06,07:48 AM,Azad,Outside,0,0,0,0,06:17 AM,10:19 AM,381.81,159,16.87,None,0,0,0,6
S5429,2026-04-07,01:23 PM,Rajendra,Library,0,0,11:14 AM,02:10 PM,10:48 AM,02:46 PM,620.29,160,24.47,None,1,0,0,3
S5430,2026-04-18,09:05 PM,Rajendra,Mess,08:52 PM,09:16 PM,0,0,0,0,601.88,68,41.43,Dinner,0,0,0,7
S5431,2026-04-23,10:21 AM,Rajendra,Mess,09:54 AM,10:49 AM,0,0,0,0,311.66,26,39.7,Breakfast,1,1,1,7
S5432,2026-04-30,02:27 PM,Azad,Mess,02:02 PM,02:50 PM,0,0,0,0,529.25,189,39.45,Lunch,0,0,1,8
S5433,2026-04-21,07:17 PM,Rajendra,Library,0,0,02:00 PM,07:28 PM,01:43 PM,07:42 PM,869.89,106,20.5,None,0,0,1,4
S5434,2026-04-10,06:36 PM,Azad,Classroom,0,0,0,0,06:18 PM,07:43 PM,155.35,178,16.46,None,1,1,0,8
S5435,2026-04-05,03:10 AM,Ganga,Hostel,0,0,0,0,0,0,371.95,58,25.13,None,0,0,0,7
S5436,2026-04-12,07:27 PM,Azad,Mess,07:14 PM,07:51 PM,0,0,0,0,391.44,57,35.83,Dinner,0,0,0,7
S5437,2026-04-10,01:40 AM,Yamuna,Hostel,0,0,0,0,0,0,230.93,78,21.79,None,0,0,0,7
S5438,2026-04-04,08:10 PM,Ganga,Library,0,0,06:36 PM,08:49 PM,06:14 PM,09:40 PM,872.58,115,22.82,None,0,0,0,6
S5439,2026-04-19,04:29 PM,Yamuna,Library,0,0,03:26 PM,05:15 PM,02:59 PM,05:39 PM,1092.26,90,15.64,None,0,0,0,10
S5440,2026-04-25,02:58 PM,Azad,Library,0,0,10:32 AM,06:51 PM,10:18 AM,07:10 PM,599.79,96,26.21,None,0,0,1,6
S5441,2026-04-10,08:34 AM,Ganga,Mess,08:20 AM,08:40 AM,0,0,0,0,613.79,47,40.1,Breakfast,0,0,0,7
S5442,2026-04-13,09:53 AM,Sarojini,Mess,09:44 AM,10:29 AM,0,0,0,0,602.94,63,39.59,Breakfast,0,0,0,7
S5443,2026-04-15,12:00 PM,Yamuna,Library,0,0,10:35 AM,01:13 PM,10:17 AM,01:32 PM,868.75,39,15.75,None,1,0,0,15
S5444,2026-04-23,11:52 AM,Sarojini,Outside,0,0,0,0,10:16 AM,01:25 PM,365.12,35,3.75,None,0,0,1,5
S5445,2026-04-25,07:56 PM,Yamuna,Hostel,0,0,0,0,0,0,398.14,164,25.91,None,0,0,1,7
S5446,2026-04-05,08:09 AM,Rajendra,Mess,07:48 AM,08:29 AM,0,0,0,0,412.02,42,36.06,Breakfast,0,0,0,6
S5447,2026-04-07,10:02 PM,Ganga,Mess,09:44 PM,10:11 PM,0,0,0,0,656.41,64,31.0,Dinner,0,0,0,7
S5448,2026-05-01,07:02 PM,Azad,Library,0,0,04:16 PM,07:16 PM,03:46 PM,07:31 PM,883.8,66,13.27,None,0,0,0,8
S5449,2026-04-26,02:59 PM,Ganga,Library,0,0,01:37 PM,06:41 PM,01:26 PM,07:36 PM,762.18,190,35.43,None,1,0,1,3
S5450,2026-05-01,08:04 PM,Azad,Mess,08:04 PM,08:29 PM,0,0,0,0,583.43,171,32.91,Dinner,0,0,0,7
S5451,2026-04-08,04:19 PM,Yamuna,Classroom,0,0,0,0,03:57 PM,05:33 PM,216.84,98,9.47,None,1,1,0,8
S5452,2026-04-04,01:51 PM,Yamuna,Library,0,0,01:33 PM,02:03 PM,01:23 PM,02:40 PM,733.31,66,22.12,None,1,0,0,9
S5453,2026-04-24,01:15 AM,Sarojini,Hostel,0,0,0,0,0,0,283.04,42,25.47,None,0,0,1,5
S5454,2026-04-04,11:14 AM,Sarojini,Library,0,0,10:59 AM,01:06 PM,10:32 AM,02:00 PM,615.4,89,21.32,None,0,0,0,6
S5455,2026-04-01,02:32 AM,Rajendra,Outside,0,0,0,0,01:18 AM,03:45 AM,214.9,27,3.41,None,0,0,0,5
S5456,2026-04-23,02:55 PM,Ganga,Classroom,0,0,0,0,02:20 PM,04:51 PM,196.39,44,6.23,None,1,0,1,5
S5457,2026-04-20,08:29 PM,Ganga,Hostel,0,0,0,0,0,0,968.74,145,18.61,None,0,0,1,3
S5458,2026-04-22,11:17 PM,Ganga,Hostel,0,0,0,0,0,0,1341.32,162,36.91,None,0,0,1,4
S5459,2026-04-12,01:48 PM,Azad,Mess,01:20 PM,01:57 PM,0,0,0,0,606.41,190,54.77,Lunch,0,0,0,10
S5460,2026-04-06,11:51 PM,Rajendra,Library,0,0,10:24 PM,11:59 PM,10:07 PM,11:59 PM,984.17,95,22.64,None,0,0,0,6
S5461,2026-04-17,09:01 PM,Rajendra,Mess,08:26 PM,09:02 PM,0,0,0,0,366.09,129,46.46,Dinner,0,0,0,12
S5462,2026-05-01,03:15 PM,Yamuna,Mess,02:33 PM,03:21 PM,0,0,0,0,447.11,182,57.32,Lunch,0,0,0,6
S5463,2026-04-30,01:30 PM,Sarojini,Mess,12:46 PM,01:31 PM,0,0,0,0,568.89,43,39.25,Lunch,0,0,1,6
S5464,2026-04-22,01:21 PM,Azad,Mess,12:39 PM,01:26 PM,0,0,0,0,621.57,147,47.92,Lunch,1,0,1,6
S5465,2026-04-22,03:13 PM,Azad,Mess,02:46 PM,03:45 PM,0,0,0,0,453.08,41,30.02,Lunch,0,0,1,3
S5466,2026-04-10,07:58 AM,Sarojini,Mess,07:33 AM,08:14 AM,0,0,0,0,535.96,70,42.48,Breakfast,0,0,0,7
S5467,2026-04-02,04:48 AM,Sarojini,Outside,0,0,0,0,02:54 AM,06:27 AM,214.69,94,9.03,None,0,0,0,7
S5468,2026-04-13,09:41 PM,Ganga,Mess,09:20 PM,09:46 PM,0,0,0,0,621.05,25,29.37,Dinner,0,0,0,10
S5469,2026-04-24,07:32 PM,Yamuna,Mess,07:12 PM,07:44 PM,0,0,0,0,474.96,121,42.57,Dinner,0,0,1,7
S5470,2026-04-14,10:44 AM,Rajendra,Library,0,0,10:16 AM,10:54 AM,09:54 AM,11:04 AM,650.75,43,11.24,None,1,1,0,7
S5471,2026-04-11,09:24 PM,Sarojini,Library,0,0,09:02 PM,09:45 PM,08:40 PM,10:00 PM,562.71,159,23.71,None,0,0,0,7
S5472,2026-04-03,12:27 PM,Sarojini,Hostel,0,0,0,0,0,0,319.37,36,20.84,None,1,0,0,4
S5473,2026-04-24,09:43 AM,Azad,Mess,09:06 AM,09:46 AM,0,0,0,0,340.69,145,47.71,Breakfast,1,1,1,3
S5474,2026-04-19,05:16 PM,Yamuna,Library,0,0,03:47 PM,05:43 PM,03:28 PM,06:07 PM,851.29,163,32.63,None,0,0,0,8
S5475,2026-04-05,11:30 PM,Azad,Library,0,0,10:38 PM,11:59 PM,10:14 PM,11:59 PM,991.61,60,10.49,None,0,0,0,5
S5476,2026-04-25,01:31 PM,Ganga,Library,0,0,12:25 PM,05:50 PM,12:19 PM,06:14 PM,793.69,53,16.23,None,0,0,1,4
S5477,2026-04-06,08:57 PM,Ganga,Library,0,0,08:28 PM,10:24 PM,07:59 PM,11:01 PM,969.19,50,10.74,None,0,0,0,9
S5478,2026-04-04,01:26 AM,Ganga,Hostel,0,0,0,0,0,0,326.55,172,39.28,None,0,0,0,7
S5479,2026-04-25,07:01 PM,Rajendra,Mess,07:01 PM,07:37 PM,0,0,0,0,530.72,34,26.84,Dinner,0,0,1,4
S5480,2026-04-08,04:30 PM,Rajendra,Hostel,0,0,0,0,0,0,208.7,137,32.26,None,0,0,0,9
S5481,2026-04-04,01:43 PM,Ganga,Mess,01:32 PM,02:04 PM,0,0,0,0,506.08,65,37.25,Lunch,0,0,0,6
S5482,2026-04-18,09:50 AM,Rajendra,Mess,09:23 AM,10:08 AM,0,0,0,0,396.75,90,46.26,Breakfast,0,0,0,6
S5483,2026-04-26,04:35 PM,Sarojini,Library,0,0,02:20 PM,10:12 PM,02:08 PM,11:04 PM,819.29,116,27.73,None,1,1,1,6
S5484,2026-04-27,08:57 PM,Ganga,Outside,0,0,0,0,07:41 PM,11:56 PM,269.28,122,14.1,None,0,0,1,7
S5485,2026-04-15,09:24 AM,Sarojini,Mess,09:16 AM,09:59 AM,0,0,0,0,310.6,126,36.11,Breakfast,0,0,0,7
S5486,2026-04-13,05:55 PM,Rajendra,Library,0,0,05:28 PM,06:34 PM,05:11 PM,07:20 PM,741.13,183,37.48,None,0,0,0,7
S5487,2026-04-27,12:25 AM,Azad,Outside,0,0,0,0,0,02:42 AM,397.74,150,13.95,None,0,0,1,4
S5488,2026-04-05,01:38 PM,Sarojini,Mess,12:42 PM,01:39 PM,0,0,0,0,476.38,170,47.9,Lunch,0,0,0,7
S5489,2026-04-10,07:23 PM,Yamuna,Library,0,0,06:25 PM,07:44 PM,06:16 PM,08:11 PM,711.67,58,11.88,None,0,0,0,7
S5490,2026-04-06,08:16 PM,Ganga,Mess,07:55 PM,08:31 PM,0,0,0,0,465.36,97,39.49,Dinner,0,0,0,7
S5491,2026-04-09,02:12 AM,Sarojini,Hostel,0,0,0,0,0,0,216.01,129,27.03,None,0,0,0,10
S5492,2026-04-30,11:06 PM,Azad,Hostel,0,0,0,0,0,0,1163.36,45,20.94,None,0,0,1,6
S5493,2026-04-08,02:24 PM,Yamuna,Mess,02:17 PM,02:38 PM,0,0,0,0,342.86,42,31.7,Lunch,0,0,0,7
S5494,2026-04-29,03:12 AM,Yamuna,Hostel,0,0,0,0,0,0,265.08,72,22.37,None,0,0,1,5
S5495,2026-04-02,10:59 AM,Azad,Outside,0,0,0,0,09:14 AM,12:59 PM,112.05,103,7.6,None,0,0,0,5
S5496,2026-04-28,10:01 AM,Rajendra,Classroom,0,0,0,0,09:31 AM,10:52 AM,339.12,29,3.43,None,1,1,1,3
S5497,2026-04-05,10:58 AM,Ganga,Classroom,0,0,0,0,10:27 AM,12:08 PM,302.04,154,8.47,None,1,1,0,10
S5498,2026-04-28,07:55 PM,Yamuna,Mess,07:34 PM,08:24 PM,0,0,0,0,378.47,40,26.26,Dinner,0,0,1,4
S5499,2026-04-29,09:36 PM,Sarojini,Mess,08:49 PM,09:36 PM,0,0,0,0,668.71,11,34.94,Dinner,0,0,1,5
S5500,2026-04-02,04:25 PM,Rajendra,Library,0,0,02:52 PM,04:54 PM,02:44 PM,05:10 PM,617.22,194,28.94,None,1,1,0,8
S5501,2026-04-21,07:20 AM,Rajendra,Outside,0,0,0,0,05:40 AM,10:12 AM,233.33,108,15.07,None,0,0,1,6
S5502,2026-04-22,07:22 AM,Sarojini,Mess,07:21 AM,07:45 AM,0,0,0,0,456.04,49,34.57,Breakfast,0,0,1,4
S5503,2026-04-05,10:29 AM,Ganga,Library,0,0,09:57 AM,10:30 AM,09:51 AM,10:44 AM,453.21,103,16.09,None,0,0,0,6
S5504,2026-04-07,03:00 PM,Sarojini,Mess,02:35 PM,03:25 PM,0,0,0,0,363.48,16,33.53,Lunch,1,0,0,5
S5505,2026-04-17,03:55 PM,Rajendra,Library,0,0,03:52 PM,05:18 PM,03:38 PM,05:49 PM,979.93,53,18.47,None,0,0,0,7
S5506,2026-04-26,07:58 AM,Ganga,Mess,07:54 AM,08:15 AM,0,0,0,0,406.39,80,29.09,Breakfast,0,0,1,3
S5507,2026-04-25,02:31 AM,Yamuna,Outside,0,0,0,0,01:00 AM,04:19 AM,135.43,55,8.22,None,0,0,1,3
S5508,2026-04-07,05:15 AM,Rajendra,Outside,0,0,0,0,04:12 AM,06:16 AM,199.94,188,21.59,None,0,0,0,6
S5509,2026-04-13,03:58 PM,Sarojini,Outside,0,0,0,0,02:13 PM,05:35 PM,388.99,100,14.49,None,0,0,0,10
S5510,2026-04-17,08:59 PM,Ganga,Library,0,0,08:23 PM,09:48 PM,08:17 PM,10:41 PM,645.38,144,24.25,None,0,0,0,8
S5511,2026-04-23,09:53 PM,Yamuna,Library,0,0,09:16 PM,11:59 PM,09:01 PM,11:59 PM,902.45,143,24.49,None,0,0,1,7
S5512,2026-04-22,01:50 PM,Ganga,Library,0,0,10:52 AM,04:27 PM,10:22 AM,04:46 PM,826.37,133,12.63,None,0,0,1,3
S5513,2026-04-24,12:51 PM,Rajendra,Mess,12:08 PM,12:57 PM,0,0,0,0,276.65,185,48.89,Lunch,1,0,1,6
S5514,2026-04-23,08:20 PM,Rajendra,Mess,07:54 PM,08:27 PM,0,0,0,0,358.89,122,46.35,Dinner,0,0,1,6
S5515,2026-04-16,09:37 PM,Sarojini,Library,0,0,08:55 PM,10:38 PM,08:45 PM,11:34 PM,860.31,31,14.8,None,0,0,0,9
S5516,2026-04-28,11:05 PM,Ganga,Library,0,0,10:49 PM,11:59 PM,10:29 PM,11:59 PM,756.2,53,9.21,None,0,0,1,5
S5517,2026-04-09,02:18 PM,Sarojini,Classroom,0,0,0,0,01:45 PM,04:13 PM,268.13,197,17.47,None,1,0,0,4
S5518,2026-04-28,01:17 AM,Ganga,Outside,0,0,0,0,12:26 AM,04:07 AM,383.13,64,8.14,None,0,0,1,3
S5519,2026-04-11,02:49 PM,Yamuna,Mess,02:23 PM,02:50 PM,0,0,0,0,608.98,125,41.08,Lunch,1,0,0,8
S5520,2026-04-17,10:47 PM,Yamuna,Outside,0,0,0,0,09:12 PM,11:59 PM,126.74,41,5.83,None,0,0,0,7
S5521,2026-04-15,08:07 PM,Ganga,Mess,07:55 PM,08:37 PM,0,0,0,0,544.5,188,62.81,Dinner,0,0,0,10
S5522,2026-05-01,09:47 AM,Sarojini,Mess,09:31 AM,10:10 AM,0,0,0,0,316.32,100,42.35,Breakfast,1,1,0,8
S5523,2026-04-02,10:23 AM,Sarojini,Library,0,0,10:11 AM,12:35 PM,09:59 AM,01:31 PM,480.51,26,16.02,None,0,0,0,3
S5524,2026-04-27,04:16 PM,Sarojini,Classroom,0,0,0,0,03:42 PM,05:36 PM,101.94,182,26.85,None,1,1,1,3
S5525,2026-04-06,11:54 AM,Azad,Classroom,0,0,0,0,11:20 AM,12:45 PM,140.69,16,1.67,None,1,0,0,9
S5526,2026-04-29,01:16 PM,Azad,Mess,01:04 PM,02:02 PM,0,0,0,0,423.55,191,61.79,Lunch,0,0,1,4
S5527,2026-04-20,06:01 PM,Rajendra,Library,0,0,03:15 PM,11:08 PM,02:58 PM,11:27 PM,712.47,163,25.43,None,0,0,1,6
S5528,2026-04-02,10:02 PM,Azad,Library,0,0,09:18 PM,10:05 PM,09:12 PM,10:43 PM,601.73,36,19.36,None,0,0,0,6
S5529,2026-04-20,02:04 PM,Yamuna,Mess,01:52 PM,02:37 PM,0,0,0,0,564.88,194,50.38,Lunch,1,0,1,6
S5530,2026-04-11,02:53 PM,Azad,Library,0,0,01:52 PM,03:35 PM,01:30 PM,04:15 PM,682.68,178,31.08,None,0,0,0,3
S5531,2026-04-02,10:35 PM,Yamuna,Outside,0,0,0,0,10:00 PM,11:59 PM,283.17,182,13.77,None,0,0,0,7
S5532,2026-04-16,08:33 PM,Azad,Mess,08:22 PM,08:44 PM,0,0,0,0,412.83,143,43.29,Dinner,0,0,0,8
S5533,2026-04-22,10:17 AM,Ganga,Mess,09:41 AM,10:26 AM,0,0,0,0,405.6,187,50.44,Breakfast,1,1,1,3
S5534,2026-04-14,09:29 PM,Yamuna,Mess,08:43 PM,09:35 PM,0,0,0,0,427.12,106,39.77,Dinner,0,0,0,4
S5535,2026-04-20,09:12 PM,Azad,Library,0,0,05:05 PM,10:07 PM,04:58 PM,10:38 PM,933.69,197,32.37,None,0,0,1,5
S5536,2026-04-08,03:36 PM,Yamuna,Library,0,0,03:14 PM,04:07 PM,02:52 PM,04:35 PM,558.95,138,23.67,None,1,0,0,6
S5537,2026-04-11,09:14 PM,Sarojini,Library,0,0,06:44 PM,09:29 PM,06:20 PM,10:16 PM,946.42,39,10.21,None,0,0,0,7
S5538,2026-04-20,07:44 AM,Yamuna,Mess,07:41 AM,08:01 AM,0,0,0,0,416.45,66,28.24,Breakfast,0,0,1,8
S5539,2026-04-22,07:40 PM,Ganga,Library,0,0,04:29 PM,11:29 PM,04:12 PM,11:59 PM,929.21,24,7.05,None,0,0,1,5
S5540,2026-04-12,01:36 PM,Ganga,Outside,0,0,0,0,12:43 PM,03:36 PM,263.44,135,10.54,None,1,0,0,5
S5541,2026-04-08,07:37 PM,Ganga,Mess,07:32 PM,07:56 PM,0,0,0,0,534.73,119,44.54,Dinner,0,0,0,5
S5542,2026-04-03,10:08 AM,Yamuna,Mess,09:40 AM,10:08 AM,0,0,0,0,448.45,70,46.19,Breakfast,1,1,0,8
S5543,2026-04-15,09:21 PM,Ganga,Mess,08:39 PM,09:33 PM,0,0,0,0,575.71,110,44.78,Dinner,0,0,0,7
S5544,2026-04-02,04:42 PM,Azad,Library,0,0,04:24 PM,05:52 PM,04:10 PM,06:26 PM,697.56,29,15.02,None,1,1,0,7
S5545,2026-04-01,03:02 PM,Yamuna,Library,0,0,01:03 PM,03:54 PM,12:54 PM,04:07 PM,703.65,133,27.37,None,1,0,0,15
S5546,2026-04-23,06:24 PM,Azad,Library,0,0,03:40 PM,08:40 PM,03:34 PM,09:12 PM,815.75,191,37.97,None,0,0,1,3
S5547,2026-04-27,07:10 PM,Yamuna,Mess,07:00 PM,07:25 PM,0,0,0,0,348.81,195,59.72,Dinner,0,0,1,7
S5548,2026-04-08,07:24 AM,Yamuna,Mess,07:18 AM,07:38 AM,0,0,0,0,522.54,18,41.04,Breakfast,0,0,0,7
S5549,2026-04-08,04:58 AM,Yamuna,Hostel,0,0,0,0,0,0,159.7,127,31.84,None,0,0,0,6
S5550,2026-04-12,10:22 AM,Rajendra,Mess,09:51 AM,10:39 AM,0,0,0,0,236.66,172,51.81,Breakfast,1,1,0,6
S5551,2026-04-02,09:57 AM,Rajendra,Library,0,0,09:43 AM,12:20 PM,09:33 AM,12:57 PM,893.83,98,21.41,None,1,1,0,7
S5552,2026-04-02,12:37 PM,Yamuna,Mess,12:08 PM,12:45 PM,0,0,0,0,551.31,25,28.45,Lunch,0,0,0,8
S5553,2026-04-02,08:51 AM,Yamuna,Hostel,0,0,0,0,0,0,261.14,157,37.96,None,0,0,0,7
S5554,2026-04-29,09:49 AM,Sarojini,Mess,09:38 AM,10:13 AM,0,0,0,0,638.75,184,48.39,Breakfast,1,1,1,3
S5555,2026-04-14,08:15 PM,Azad,Mess,08:06 PM,08:36 PM,0,0,0,0,461.07,31,31.08,Dinner,0,0,0,7
S5556,2026-04-20,07:06 AM,Rajendra,Mess,07:04 AM,07:26 AM,0,0,0,0,378.54,195,33.96,Breakfast,0,0,1,5
S5557,2026-04-16,02:43 PM,Sarojini,Mess,02:25 PM,02:59 PM,0,0,0,0,228.92,119,48.67,Lunch,0,0,0,8
S5558,2026-04-26,10:15 PM,Yamuna,Library,0,0,09:10 PM,11:59 PM,08:54 PM,11:59 PM,662.14,79,22.79,None,0,0,1,7
S5559,2026-04-08,08:36 PM,Yamuna,Hostel,0,0,0,0,0,0,952.43,146,27.1,None,0,0,0,6
S5560,2026-04-10,12:32 PM,Azad,Mess,12:06 PM,12:40 PM,0,0,0,0,352.83,71,30.35,Lunch,1,0,0,6
S5561,2026-04-03,09:06 AM,Sarojini,Mess,08:54 AM,09:40 AM,0,0,0,0,591.6,123,48.07,Breakfast,0,0,0,7
S5562,2026-04-21,12:51 PM,Rajendra,Mess,12:25 PM,01:00 PM,0,0,0,0,297.08,98,31.78,Lunch,0,0,1,3
S5563,2026-04-08,08:31 AM,Azad,Mess,08:20 AM,08:47 AM,0,0,0,0,313.1,85,43.8,Breakfast,0,0,0,6
S5564,2026-04-06,10:55 AM,Rajendra,Outside,0,0,0,0,09:44 AM,01:02 PM,181.88,80,7.58,None,0,0,0,9
S5565,2026-04-08,02:34 AM,Ganga,Hostel,0,0,0,0,0,0,110.9,51,16.17,None,0,0,0,8
S5566,2026-04-17,08:30 AM,Sarojini,Mess,08:26 AM,09:10 AM,0,0,0,0,354.28,130,47.74,Breakfast,0,0,0,7
S5567,2026-04-29,07:50 AM,Rajendra,Mess,07:40 AM,08:35 AM,0,0,0,0,412.68,121,34.8,Breakfast,0,0,1,4
S5568,2026-04-04,08:03 AM,Azad,Mess,07:38 AM,08:04 AM,0,0,0,0,534.29,68,34.45,Breakfast,0,0,0,7
S5569,2026-04-11,03:22 PM,Yamuna,Library,0,0,02:07 PM,04:57 PM,01:52 PM,05:12 PM,852.22,46,11.04,None,1,0,0,7
S5570,2026-04-19,07:34 AM,Ganga,Mess,07:10 AM,07:39 AM,0,0,0,0,411.49,187,44.15,Breakfast,0,0,0,3
S5571,2026-04-14,10:01 PM,Azad,Mess,09:56 PM,10:21 PM,0,0,0,0,376.17,94,30.86,Dinner,0,0,0,8
S5572,2026-04-07,09:55 AM,Sarojini,Mess,09:26 AM,09:57 AM,0,0,0,0,452.56,94,28.43,Breakfast,1,1,0,9
S5573,2026-04-29,09:11 PM,Rajendra,Library,0,0,05:53 PM,11:59 PM,05:40 PM,11:59 PM,775.67,22,12.0,None,0,0,1,7
S5574,2026-04-01,09:18 PM,Rajendra,Library,0,0,08:35 PM,11:11 PM,08:17 PM,11:26 PM,761.03,16,9.59,None,0,0,0,4
S5575,2026-04-01,06:45 PM,Sarojini,Library,0,0,06:31 PM,07:01 PM,06:07 PM,07:29 PM,999.64,171,16.21,None,0,0,0,6
S5576,2026-04-07,09:16 AM,Yamuna,Mess,09:00 AM,09:32 AM,0,0,0,0,517.87,118,37.53,Breakfast,1,1,0,7
S5577,2026-04-21,01:42 PM,Yamuna,Library,0,0,12:32 PM,08:58 PM,12:24 PM,09:10 PM,432.61,46,12.29,None,1,0,1,6
S5578,2026-04-08,07:55 AM,Azad,Mess,07:22 AM,08:15 AM,0,0,0,0,521.52,135,46.33,Breakfast,0,0,0,6
S5579,2026-04-09,09:49 PM,Sarojini,Library,0,0,07:43 PM,10:07 PM,07:27 PM,10:47 PM,927.47,160,24.14,None,0,0,0,6
S5580,2026-04-11,08:27 PM,Azad,Mess,08:11 PM,08:34 PM,0,0,0,0,491.93,129,36.56,Dinner,0,0,0,6
S5581,2026-04-02,10:24 AM,Rajendra,Library,0,0,09:29 AM,11:19 AM,09:22 AM,12:08 PM,828.52,35,15.94,None,0,0,0,15
S5582,2026-04-23,12:06 PM,Ganga,Library,0,0,09:02 AM,05:49 PM,08:35 AM,06:40 PM,621.44,169,22.8,None,1,0,1,6
S5583,2026-04-19,10:17 AM,Sarojini,Library,0,0,10:09 AM,10:51 AM,09:42 AM,11:02 AM,745.26,187,37.08,None,0,0,0,7
S5584,2026-04-29,01:55 PM,Ganga,Classroom,0,0,0,0,01:33 PM,03:55 PM,171.01,182,21.85,None,1,0,1,4
S5585,2026-04-26,08:02 PM,Yamuna,Mess,07:53 PM,08:24 PM,0,0,0,0,419.59,53,26.75,Dinner,0,0,1,8
S5586,2026-04-16,09:23 AM,Yamuna,Mess,09:11 AM,09:31 AM,0,0,0,0,474.38,26,28.42,Breakfast,1,1,0,8
S5587,2026-04-21,02:58 AM,Sarojini,Outside,0,0,0,0,01:11 AM,04:46 AM,352.75,29,1.69,None,0,0,1,6
S5588,2026-04-21,08:34 PM,Rajendra,Library,0,0,07:19 PM,11:59 PM,07:03 PM,11:59 PM,624.78,126,23.03,None,0,0,1,4
S5589,2026-04-11,10:38 PM,Azad,Outside,0,0,0,0,08:49 PM,11:59 PM,249.53,66,4.18,None,0,0,0,7
S5590,2026-04-14,02:25 PM,Sarojini,Classroom,0,0,0,0,01:46 PM,03:27 PM,391.61,132,6.75,None,1,0,0,9
S5591,2026-04-24,03:18 PM,Ganga,Outside,0,0,0,0,01:48 PM,04:18 PM,107.21,129,18.01,None,1,0,1,7
S5592,2026-04-11,09:54 AM,Yamuna,Library,0,0,09:46 AM,10:44 AM,09:30 AM,11:24 AM,450.01,181,23.84,None,1,1,0,6
S5593,2026-04-01,08:30 AM,Azad,Mess,07:51 AM,08:33 AM,0,0,0,0,471.73,63,40.58,Breakfast,0,0,0,7
S5594,2026-04-18,01:45 PM,Yamuna,Library,0,0,12:25 PM,01:59 PM,11:57 AM,02:40 PM,956.38,134,14.52,None,0,0,0,8
S5595,2026-04-03,01:23 PM,Rajendra,Library,0,0,12:59 PM,03:33 PM,12:40 PM,03:52 PM,784.83,88,26.79,None,0,0,0,7
S5596,2026-04-22,02:49 PM,Sarojini,Mess,02:18 PM,02:56 PM,0,0,0,0,676.36,171,44.76,Lunch,0,0,1,7
S5597,2026-04-23,07:57 PM,Sarojini,Library,0,0,02:35 PM,08:47 PM,02:05 PM,09:02 PM,737.76,186,26.76,None,0,0,1,4
S5598,2026-04-17,10:09 AM,Rajendra,Outside,0,0,0,0,08:23 AM,12:26 PM,125.02,98,10.91,None,1,1,0,8
S5599,2026-04-30,08:50 AM,Sarojini,Mess,08:49 AM,09:15 AM,0,0,0,0,602.06,200,61.36,Breakfast,0,0,1,3
S5600,2026-04-28,10:52 PM,Ganga,Library,0,0,10:38 PM,11:59 PM,10:30 PM,11:59 PM,597.04,190,35.25,None,0,0,1,4
S5601,2026-04-22,07:19 AM,Azad,Mess,07:16 AM,07:46 AM,0,0,0,0,415.9,35,26.56,Breakfast,0,0,1,6
S5602,2026-04-18,10:22 AM,Yamuna,Library,0,0,09:49 AM,10:32 AM,09:29 AM,11:18 AM,879.01,199,29.47,None,0,0,0,4
S5603,2026-04-16,01:42 AM,Yamuna,Outside,0,0,0,0,12:39 AM,04:01 AM,233.3,164,22.89,None,0,0,0,4
S5604,2026-04-04,12:00 PM,Ganga,Classroom,0,0,0,0,11:40 AM,12:36 PM,218.97,139,20.18,None,1,0,0,3
S5605,2026-04-29,10:18 PM,Ganga,Library,0,0,09:30 PM,11:59 PM,09:23 PM,11:59 PM,982.65,130,20.51,None,0,0,1,3
S5606,2026-04-05,09:01 AM,Ganga,Mess,08:37 AM,09:19 AM,0,0,0,0,276.7,108,28.6,Breakfast,1,1,0,6
S5607,2026-04-11,11:16 PM,Ganga,Library,0,0,08:46 PM,11:22 PM,08:26 PM,11:43 PM,591.44,88,24.28,None,0,0,0,7
S5608,2026-04-27,09:14 AM,Azad,Mess,08:26 AM,09:20 AM,0,0,0,0,541.24,54,41.86,Breakfast,0,0,1,7
S5609,2026-05-01,12:52 AM,Azad,Outside,0,0,0,0,0,03:03 AM,196.07,57,8.5,None,0,0,0,6
S5610,2026-04-08,03:18 PM,Rajendra,Classroom,0,0,0,0,03:02 PM,05:05 PM,296.4,44,2.78,None,1,0,0,9
S5611,2026-04-01,02:27 PM,Yamuna,Mess,02:19 PM,03:02 PM,0,0,0,0,557.74,19,28.63,Lunch,0,0,0,7
S5612,2026-04-09,02:37 PM,Yamuna,Library,0,0,01:44 PM,02:39 PM,01:22 PM,03:35 PM,675.84,51,9.94,None,1,0,0,7
S5613,2026-04-19,10:43 AM,Yamuna,Library,0,0,09:23 AM,11:39 AM,08:57 AM,12:07 PM,757.71,181,20.65,None,0,0,0,8
S5614,2026-04-04,08:34 PM,Sarojini,Library,0,0,08:05 PM,08:52 PM,07:39 PM,09:04 PM,813.77,54,10.19,None,0,0,0,7
S5615,2026-04-24,09:44 PM,Azad,Mess,09:00 PM,09:48 PM,0,0,0,0,486.79,106,28.86,Dinner,0,0,1,3
S5616,2026-04-11,12:58 PM,Rajendra,Outside,0,0,0,0,11:55 AM,03:47 PM,105.84,161,14.15,None,1,0,0,8
S5617,2026-04-22,11:31 PM,Sarojini,Library,0,0,09:33 PM,11:59 PM,09:14 PM,11:59 PM,694.73,164,18.61,None,0,0,1,4
S5618,2026-04-04,08:33 PM,Sarojini,Outside,0,0,0,0,07:12 PM,11:20 PM,268.07,98,10.72,None,0,0,0,9
S5619,2026-04-09,09:38 PM,Sarojini,Mess,09:12 PM,09:40 PM,0,0,0,0,474.62,188,55.73,Dinner,0,0,0,7
S5620,2026-04-24,06:36 AM,Yamuna,Hostel,0,0,0,0,0,0,168.77,35,28.31,None,0,0,1,6
S5621,2026-04-18,09:09 AM,Azad,Mess,09:09 AM,10:02 AM,0,0,0,0,482.1,200,58.38,Breakfast,1,1,0,8
S5622,2026-04-11,08:02 PM,Yamuna,Library,0,0,07:58 PM,09:45 PM,07:28 PM,10:06 PM,766.11,174,30.01,None,0,0,0,9
S5623,2026-04-22,06:28 PM,Yamuna,Library,0,0,02:23 PM,08:42 PM,01:59 PM,09:09 PM,751.38,184,32.13,None,0,0,1,6
S5624,2026-04-09,05:17 PM,Azad,Library,0,0,04:37 PM,05:52 PM,04:26 PM,06:20 PM,649.9,154,23.44,None,0,0,0,7
S5625,2026-04-24,09:17 PM,Azad,Library,0,0,09:02 PM,11:59 PM,08:35 PM,11:59 PM,680.36,200,27.29,None,0,0,1,6
S5626,2026-04-24,11:09 AM,Azad,Classroom,0,0,0,0,10:41 AM,12:41 PM,339.77,113,6.6,None,1,0,1,5
S5627,2026-04-02,05:01 PM,Rajendra,Classroom,0,0,0,0,04:48 PM,06:22 PM,131.43,155,20.72,None,1,1,0,5
S5628,2026-04-19,07:30 PM,Rajendra,Mess,07:23 PM,07:57 PM,0,0,0,0,390.72,187,52.73,Dinner,0,0,0,5
S5629,2026-04-23,12:28 PM,Sarojini,Outside,0,0,0,0,11:18 AM,02:33 PM,190.08,32,2.1,None,1,0,1,5
S5630,2026-05-01,11:48 AM,Ganga,Library,0,0,11:25 AM,12:03 PM,11:10 AM,12:41 PM,947.29,67,19.38,None,1,0,0,11
S5631,2026-04-23,11:53 AM,Yamuna,Library,0,0,10:45 AM,03:51 PM,10:23 AM,04:17 PM,812.92,148,32.18,None,0,0,1,4
S5632,2026-04-17,06:06 PM,Azad,Library,0,0,03:57 PM,06:18 PM,03:33 PM,06:33 PM,611.12,37,11.12,None,0,0,0,8
S5633,2026-04-24,04:47 PM,Yamuna,Classroom,0,0,0,0,04:30 PM,06:38 PM,123.65,172,18.68,None,1,1,1,5
S5634,2026-04-12,08:40 PM,Ganga,Library,0,0,08:24 PM,10:31 PM,08:11 PM,11:31 PM,627.05,95,20.47,None,0,0,0,6
S5635,2026-04-14,08:28 AM,Azad,Mess,08:01 AM,08:41 AM,0,0,0,0,352.74,62,30.27,Breakfast,0,0,0,8
S5636,2026-04-15,08:06 AM,Ganga,Mess,07:42 AM,08:35 AM,0,0,0,0,521.3,114,39.46,Breakfast,0,0,0,4
S5637,2026-04-25,09:50 AM,Rajendra,Mess,09:39 AM,10:05 AM,0,0,0,0,612.52,197,41.83,Breakfast,1,1,1,5
S5638,2026-04-19,08:06 AM,Ganga,Outside,0,0,0,0,06:06 AM,10:25 AM,192.27,21,3.04,None,0,0,0,8
S5639,2026-04-23,05:30 AM,Yamuna,Hostel,0,0,0,0,0,0,154.76,14,25.59,None,0,0,1,7
S5640,2026-05-01,01:42 PM,Ganga,Mess,01:39 PM,02:16 PM,0,0,0,0,432.05,160,48.37,Lunch,1,0,0,7
S5641,2026-04-04,12:01 AM,Rajendra,Outside,0,0,0,0,0,01:46 AM,330.75,193,17.48,None,0,0,0,6
S5642,2026-04-10,02:02 PM,Ganga,Mess,01:58 PM,02:27 PM,0,0,0,0,581.79,157,56.0,Lunch,0,0,0,6
S5643,2026-04-02,06:24 PM,Rajendra,Hostel,0,0,0,0,0,0,248.15,127,33.3,None,0,0,0,8
S5644,2026-04-21,01:14 PM,Yamuna,Library,0,0,10:57 AM,07:54 PM,10:37 AM,08:39 PM,922.54,82,22.42,None,0,0,1,8
S5645,2026-04-03,08:52 AM,Rajendra,Mess,08:11 AM,08:52 AM,0,0,0,0,288.54,125,31.69,Breakfast,0,0,0,4
S5646,2026-04-07,09:01 AM,Yamuna,Mess,08:49 AM,09:17 AM,0,0,0,0,477.02,193,57.69,Breakfast,1,1,0,12
S5647,2026-04-13,05:25 PM,Yamuna,Library,0,0,05:20 PM,06:01 PM,04:55 PM,06:48 PM,686.84,152,27.82,None,0,0,0,6
S5648,2026-04-21,12:29 PM,Yamuna,Mess,12:07 PM,12:50 PM,0,0,0,0,438.03,69,43.94,Lunch,1,0,1,7
S5649,2026-04-12,10:32 PM,Azad,Outside,0,0,0,0,09:56 PM,11:52 PM,134.18,154,9.98,None,0,0,0,6
S5650,2026-04-26,07:15 AM,Sarojini,Hostel,0,0,0,0,0,0,275.58,47,23.39,None,0,0,1,4
S5651,2026-04-07,08:30 PM,Ganga,Mess,08:19 PM,09:15 PM,0,0,0,0,366.29,41,44.78,Dinner,0,0,0,7
S5652,2026-04-21,03:26 PM,Ganga,Mess,02:43 PM,03:27 PM,0,0,0,0,445.37,37,32.15,Lunch,0,0,1,4
S5653,2026-04-19,11:36 PM,Yamuna,Outside,0,0,0,0,09:56 PM,11:59 PM,202.68,172,17.87,None,0,0,0,6
S5654,2026-04-25,06:03 PM,Rajendra,Classroom,0,0,0,0,05:26 PM,07:22 PM,277.91,161,16.39,None,1,1,1,6
S5655,2026-04-18,08:55 AM,Sarojini,Mess,08:27 AM,09:21 AM,0,0,0,0,335.54,173,53.93,Breakfast,0,0,0,8
S5656,2026-04-19,10:38 AM,Ganga,Library,0,0,10:08 AM,10:39 AM,09:40 AM,11:35 AM,855.62,75,18.47,None,0,0,0,8
S5657,2026-04-30,09:26 PM,Azad,Mess,09:19 PM,09:39 PM,0,0,0,0,483.52,27,26.86,Dinner,0,0,1,8
S5658,2026-04-07,01:13 AM,Yamuna,Hostel,0,0,0,0,0,0,101.61,153,40.36,None,0,0,0,8
S5659,2026-04-03,05:33 PM,Rajendra,Library,0,0,05:30 PM,08:16 PM,05:20 PM,08:31 PM,554.79,198,30.08,None,0,0,0,10
S5660,2026-04-11,12:48 PM,Ganga,Classroom,0,0,0,0,12:11 PM,01:40 PM,386.82,192,9.85,None,1,0,0,7
S5661,2026-04-02,05:50 PM,Sarojini,Library,0,0,05:07 PM,07:07 PM,04:51 PM,07:25 PM,536.75,195,23.22,None,0,0,0,10
S5662,2026-04-30,09:03 AM,Azad,Mess,08:53 AM,09:20 AM,0,0,0,0,411.35,119,44.08,Breakfast,0,0,1,8
S5663,2026-04-12,09:10 PM,Rajendra,Mess,08:28 PM,09:25 PM,0,0,0,0,364.53,34,38.98,Dinner,0,0,0,6
S5664,2026-04-29,02:08 AM,Rajendra,Hostel,0,0,0,0,0,0,343.5,187,36.4,None,0,0,1,4
S5665,2026-04-28,08:08 AM,Yamuna,Mess,07:57 AM,08:24 AM,0,0,0,0,346.4,30,35.82,Breakfast,0,0,1,6
S5666,2026-04-08,04:05 AM,Ganga,Outside,0,0,0,0,02:32 AM,05:38 AM,340.29,13,1.69,None,0,0,0,7
S5667,2026-04-18,03:41 PM,Ganga,Library,0,0,02:50 PM,05:06 PM,02:44 PM,05:36 PM,1034.89,193,24.7,None,1,0,0,7
S5668,2026-05-01,10:58 PM,Ganga,Library,0,0,10:18 PM,11:59 PM,10:05 PM,11:59 PM,826.61,97,18.63,None,0,0,0,9
S5669,2026-04-04,04:42 PM,Rajendra,Library,0,0,03:11 PM,05:56 PM,03:04 PM,06:10 PM,684.12,194,20.82,None,0,0,0,6
S5670,2026-05-01,09:10 PM,Ganga,Mess,08:42 PM,09:26 PM,0,0,0,0,496.84,125,47.97,Dinner,0,0,0,10
S5671,2026-04-13,04:59 PM,Ganga,Library,0,0,04:53 PM,07:53 PM,04:45 PM,08:47 PM,510.77,28,14.52,None,1,1,0,8
S5672,2026-04-02,07:01 PM,Yamuna,Outside,0,0,0,0,05:01 PM,09:24 PM,124.88,38,5.34,None,0,0,0,9
S5673,2026-04-18,08:47 PM,Rajendra,Mess,08:21 PM,09:07 PM,0,0,0,0,237.95,155,58.7,Dinner,0,0,0,7
S5674,2026-04-04,01:29 PM,Azad,Mess,12:50 PM,01:49 PM,0,0,0,0,375.24,188,47.96,Lunch,0,0,0,8
S5675,2026-04-09,02:23 PM,Ganga,Classroom,0,0,0,0,02:09 PM,03:06 PM,110.43,127,16.14,None,1,0,0,7
S5676,2026-04-11,12:33 PM,Rajendra,Library,0,0,12:17 PM,02:03 PM,12:08 PM,02:24 PM,493.87,179,19.95,None,1,0,0,9
S5677,2026-04-08,02:42 PM,Yamuna,Outside,0,0,0,0,01:13 PM,03:53 PM,332.01,47,2.53,None,0,0,0,9
S5678,2026-04-15,02:09 PM,Ganga,Mess,01:34 PM,02:20 PM,0,0,0,0,418.69,135,44.42,Lunch,1,0,0,6
S5679,2026-04-25,01:57 PM,Azad,Mess,01:20 PM,02:17 PM,0,0,0,0,550.28,164,33.37,Lunch,1,0,1,5
S5680,2026-04-08,02:45 PM,Yamuna,Library,0,0,02:10 PM,03:24 PM,01:47 PM,04:20 PM,691.4,54,15.07,None,0,0,0,3
S5681,2026-04-26,07:33 PM,Yamuna,Mess,07:12 PM,07:34 PM,0,0,0,0,657.19,27,30.46,Dinner,0,0,1,4
S5682,2026-04-24,09:14 AM,Yamuna,Mess,08:46 AM,09:43 AM,0,0,0,0,678.57,67,38.86,Breakfast,0,0,1,8
S5683,2026-04-14,01:55 AM,Azad,Outside,0,0,0,0,12:21 AM,03:51 AM,146.25,70,5.12,None,0,0,0,9
S5684,2026-04-04,01:59 PM,Yamuna,Library,0,0,12:19 PM,02:36 PM,11:51 AM,03:21 PM,738.12,138,25.24,None,1,0,0,8
S5685,2026-04-20,07:06 PM,Azad,Hostel,0,0,0,0,0,0,284.21,76,30.95,None,0,0,1,6
S5686,2026-04-13,10:22 PM,Ganga,Hostel,0,0,0,0,0,0,812.44,176,36.47,None,0,0,0,7
S5687,2026-04-05,05:31 PM,Yamuna,Library,0,0,04:00 PM,06:00 PM,03:47 PM,06:19 PM,569.1,13,15.02,None,0,0,0,7
S5688,2026-04-06,02:49 PM,Yamuna,Mess,02:47 PM,03:22 PM,0,0,0,0,393.23,176,46.89,Lunch,0,0,0,8
S5689,2026-04-25,09:48 PM,Rajendra,Mess,09:34 PM,09:56 PM,0,0,0,0,211.6,63,44.82,Dinner,0,0,1,4
S5690,2026-04-20,12:51 AM,Yamuna,Outside,0,0,0,0,0,03:30 AM,388.79,107,15.74,None,0,0,1,6
S5691,2026-04-01,05:12 PM,Rajendra,Library,0,0,04:37 PM,07:11 PM,04:25 PM,07:26 PM,908.5,38,17.34,None,0,0,0,8
S5692,2026-04-14,01:26 PM,Rajendra,Mess,12:53 PM,01:43 PM,0,0,0,0,484.3,20,29.18,Lunch,1,0,0,9
S5693,2026-04-23,11:46 PM,Yamuna,Library,0,0,07:27 PM,11:59 PM,07:09 PM,11:59 PM,880.32,20,16.39,None,0,0,1,4
S5694,2026-04-28,12:26 AM,Azad,Outside,0,0,0,0,0,02:49 AM,322.38,187,18.62,None,0,0,1,5
S5695,2026-04-05,07:46 AM,Yamuna,Mess,07:28 AM,07:48 AM,0,0,0,0,371.33,91,42.7,Breakfast,0,0,0,7
S5696,2026-04-06,09:19 AM,Yamuna,Hostel,0,0,0,0,0,0,257.55,101,29.52,None,1,1,0,8
S5697,2026-04-16,06:55 PM,Sarojini,Outside,0,0,0,0,05:25 PM,09:09 PM,257.0,176,13.24,None,0,0,0,7
S5698,2026-04-06,02:41 PM,Sarojini,Library,0,0,02:17 PM,02:59 PM,02:01 PM,03:40 PM,875.18,125,19.42,None,0,0,0,7
S5699,2026-04-19,02:20 AM,Azad,Outside,0,0,0,0,01:44 AM,04:16 AM,351.54,25,1.8,None,0,0,0,9
S5700,2026-04-23,07:42 PM,Rajendra,Library,0,0,02:45 PM,08:47 PM,02:36 PM,09:20 PM,527.54,61,18.95,None,0,0,1,4
S5701,2026-04-22,09:07 PM,Azad,Hostel,0,0,0,0,0,0,1462.96,147,32.78,None,0,0,1,3
S5702,2026-04-06,02:18 PM,Rajendra,Outside,0,0,0,0,01:16 PM,03:19 PM,226.03,79,5.51,None,1,0,0,7
S5703,2026-04-28,07:19 AM,Azad,Hostel,0,0,0,0,0,0,104.77,32,25.49,None,0,0,1,7
S5704,2026-04-26,07:28 PM,Azad,Hostel,0,0,0,0,0,0,194.85,80,26.94,None,0,0,1,5
S5705,2026-04-04,12:29 PM,Rajendra,Library,0,0,11:11 AM,12:35 PM,11:02 AM,01:33 PM,815.46,33,12.4,None,1,0,0,14
S5706,2026-04-25,03:52 PM,Azad,Library,0,0,10:32 AM,06:56 PM,10:08 AM,07:06 PM,830.12,136,19.41,None,0,0,1,3
S5707,2026-04-13,11:18 PM,Ganga,Library,0,0,10:28 PM,11:59 PM,10:22 PM,11:59 PM,727.85,16,15.67,None,0,0,0,9
S5708,2026-04-29,10:45 PM,Yamuna,Library,0,0,05:34 PM,11:59 PM,05:11 PM,11:59 PM,621.44,159,31.47,None,0,0,1,6
S5709,2026-04-22,04:05 PM,Rajendra,Library,0,0,09:03 AM,04:25 PM,08:43 AM,05:12 PM,485.08,107,24.0,None,0,0,1,4
S5710,2026-04-16,12:35 PM,Sarojini,Mess,12:07 PM,12:52 PM,0,0,0,0,418.01,168,44.95,Lunch,0,0,0,10
S5711,2026-04-05,01:24 PM,Yamuna,Mess,12:55 PM,01:25 PM,0,0,0,0,328.81,107,30.63,Lunch,0,0,0,9
S5712,2026-04-05,10:07 AM,Ganga,Library,0,0,09:28 AM,10:11 AM,09:13 AM,11:11 AM,851.7,74,22.93,None,1,1,0,8
S5713,2026-04-27,04:43 AM,Yamuna,Outside,0,0,0,0,03:52 AM,05:59 AM,294.23,50,5.07,None,0,0,1,5
S5714,2026-04-04,04:14 PM,Ganga,Classroom,0,0,0,0,03:48 PM,05:35 PM,218.07,142,13.2,None,1,1,0,8
S5715,2026-04-24,03:25 PM,Yamuna,Mess,02:53 PM,03:28 PM,0,0,0,0,397.66,44,27.82,Lunch,1,0,1,6
S5716,2026-04-07,07:22 AM,Ganga,Mess,07:04 AM,07:52 AM,0,0,0,0,474.38,176,40.82,Breakfast,0,0,0,10
S5717,2026-04-13,01:39 PM,Ganga,Mess,01:23 PM,02:16 PM,0,0,0,0,293.2,171,32.26,Lunch,1,0,0,4
S5718,2026-04-30,01:06 AM,Sarojini,Hostel,0,0,0,0,0,0,112.96,93,28.23,None,0,0,1,7
S5719,2026-04-10,05:36 AM,Sarojini,Outside,0,0,0,0,04:56 AM,06:49 AM,385.51,17,1.02,None,0,0,0,8
S5720,2026-04-17,12:30 PM,Azad,Hostel,0,0,0,0,0,0,246.95,27,24.58,None,1,0,0,5
S5721,2026-04-24,10:02 AM,Ganga,Mess,09:52 AM,10:22 AM,0,0,0,0,560.88,187,47.16,Breakfast,1,1,1,6
S5722,2026-04-23,07:30 PM,Azad,Library,0,0,05:18 PM,11:59 PM,04:51 PM,11:59 PM,414.99,61,11.21,None,0,0,1,5
S5723,2026-04-14,03:49 AM,Sarojini,Outside,0,0,0,0,03:15 AM,05:46 AM,299.04,131,15.22,None,0,0,0,7
S5724,2026-05-01,01:58 PM,Azad,Library,0,0,01:03 PM,03:26 PM,12:48 PM,04:07 PM,788.71,146,25.87,None,0,0,0,9
S5725,2026-04-10,10:57 PM,Rajendra,Library,0,0,09:07 PM,11:02 PM,08:51 PM,11:20 PM,841.86,95,24.09,None,0,0,0,6
S5726,2026-04-20,10:27 PM,Rajendra,Library,0,0,06:36 PM,11:59 PM,06:23 PM,11:59 PM,849.77,55,11.25,None,0,0,1,6
S5727,2026-05-01,02:16 PM,Yamuna,Library,0,0,01:40 PM,02:19 PM,01:30 PM,03:01 PM,502.86,188,28.4,None,0,0,0,5
S5728,2026-04-22,09:22 AM,Ganga,Mess,09:11 AM,09:49 AM,0,0,0,0,311.98,97,36.53,Breakfast,1,1,1,4
S5729,2026-04-20,11:58 AM,Rajendra,Classroom,0,0,0,0,11:32 AM,12:45 PM,229.67,122,16.13,None,1,0,1,6
S5730,2026-04-21,11:16 AM,Azad,Hostel,0,0,0,0,0,0,130.1,62,25.67,None,0,0,1,6
S5731,2026-04-14,09:17 PM,Rajendra,Library,0,0,08:34 PM,09:25 PM,08:09 PM,09:47 PM,548.55,163,27.65,None,0,0,0,8
S5732,2026-04-05,06:20 PM,Azad,Library,0,0,04:28 PM,06:26 PM,04:23 PM,07:18 PM,955.57,148,29.28,None,0,0,0,7
S5733,2026-04-13,09:47 AM,Azad,Mess,09:03 AM,09:54 AM,0,0,0,0,503.15,162,48.06,Breakfast,0,0,0,6
S5734,2026-04-27,07:43 PM,Yamuna,Outside,0,0,0,0,06:33 PM,10:17 PM,172.3,84,4.55,None,0,0,1,5
S5735,2026-04-25,12:29 AM,Azad,Outside,0,0,0,0,0,02:49 AM,368.14,40,5.41,None,0,0,1,4
S5736,2026-04-15,10:03 AM,Rajendra,Mess,09:47 AM,10:29 AM,0,0,0,0,353.05,188,51.85,Breakfast,0,0,0,14
S5737,2026-04-07,10:03 PM,Ganga,Mess,09:46 PM,10:24 PM,0,0,0,0,355.71,130,42.21,Dinner,0,0,0,7
S5738,2026-04-13,12:14 PM,Ganga,Library,0,0,10:10 AM,12:35 PM,09:46 AM,01:09 PM,1060.96,136,26.38,None,0,0,0,6
S5739,2026-04-24,07:57 PM,Rajendra,Mess,07:57 PM,08:19 PM,0,0,0,0,471.94,116,54.6,Dinner,0,0,1,4
S5740,2026-04-04,09:17 PM,Sarojini,Hostel,0,0,0,0,0,0,1178.88,79,20.9,None,0,0,0,8
S5741,2026-04-17,10:33 PM,Sarojini,Library,0,0,10:10 PM,11:59 PM,10:02 PM,11:59 PM,751.17,56,22.26,None,0,0,0,8
S5742,2026-04-14,12:04 PM,Azad,Library,0,0,09:41 AM,12:30 PM,09:16 AM,01:04 PM,785.08,40,9.2,None,0,0,0,7
S5743,2026-04-06,08:43 AM,Rajendra,Mess,08:32 AM,09:30 AM,0,0,0,0,423.27,149,53.05,Breakfast,0,0,0,8
S5744,2026-04-02,08:00 AM,Sarojini,Mess,07:55 AM,08:53 AM,0,0,0,0,429.89,177,58.57,Breakfast,0,0,0,11
S5745,2026-04-11,05:46 PM,Azad,Library,0,0,03:05 PM,05:56 PM,02:56 PM,06:41 PM,473.39,173,15.87,None,0,0,0,7
S5746,2026-04-12,11:25 AM,Rajendra,Outside,0,0,0,0,10:27 AM,01:01 PM,342.69,27,3.65,None,1,0,0,6
S5747,2026-04-18,02:36 PM,Rajendra,Library,0,0,02:09 PM,03:17 PM,01:44 PM,03:35 PM,634.99,26,15.13,None,0,0,0,8
S5748,2026-04-15,01:02 PM,Ganga,Mess,12:36 PM,01:05 PM,0,0,0,0,394.01,73,32.54,Lunch,0,0,0,15
S5749,2026-04-04,05:57 PM,Sarojini,Library,0,0,05:14 PM,06:15 PM,05:01 PM,06:58 PM,716.28,19,10.35,None,0,0,0,5
S5750,2026-04-13,08:56 PM,Azad,Library,0,0,07:30 PM,09:43 PM,07:10 PM,10:23 PM,492.95,106,15.11,None,0,0,0,7
S5751,2026-04-07,09:21 AM,Rajendra,Library,0,0,09:05 AM,09:38 AM,08:35 AM,09:49 AM,648.02,42,19.23,None,1,1,0,8
S5752,2026-04-05,08:06 PM,Rajendra,Library,0,0,06:27 PM,09:04 PM,06:02 PM,09:53 PM,735.24,52,16.35,None,0,0,0,7
S5753,2026-04-23,04:01 PM,Yamuna,Library,0,0,03:41 PM,10:44 PM,03:22 PM,11:14 PM,957.63,78,20.4,None,1,1,1,6
S5754,2026-04-07,01:06 AM,Ganga,Outside,0,0,0,0,0,03:36 AM,307.28,108,5.77,None,0,0,0,5
S5755,2026-04-23,02:43 PM,Azad,Mess,02:32 PM,03:07 PM,0,0,0,0,451.49,186,49.39,Lunch,0,0,1,6
S5756,2026-04-22,08:12 PM,Rajendra,Hostel,0,0,0,0,0,0,1037.02,20,12.86,None,0,0,1,7
S5757,2026-04-04,01:22 PM,Yamuna,Library,0,0,11:32 AM,01:27 PM,11:17 AM,02:22 PM,603.26,169,22.0,None,1,0,0,9
S5758,2026-04-02,01:47 PM,Rajendra,Library,0,0,01:33 PM,02:49 PM,01:22 PM,03:18 PM,636.64,166,25.94,None,1,0,0,7
S5759,2026-04-17,03:11 PM,Azad,Mess,02:40 PM,03:16 PM,0,0,0,0,380.18,28,41.34,Lunch,0,0,0,7
S5760,2026-04-17,09:21 PM,Yamuna,Outside,0,0,0,0,08:34 PM,11:01 PM,130.45,51,4.8,None,0,0,0,7
S5761,2026-04-02,07:49 PM,Azad,Mess,07:47 PM,08:15 PM,0,0,0,0,446.13,25,27.03,Dinner,0,0,0,15
S5762,2026-04-22,10:16 AM,Yamuna,Mess,09:51 AM,10:46 AM,0,0,0,0,378.21,83,38.03,Breakfast,0,0,1,7
S5763,2026-04-23,03:47 PM,Sarojini,Outside,0,0,0,0,03:01 PM,06:23 PM,286.61,90,13.39,None,1,0,1,6
S5764,2026-04-29,09:43 AM,Rajendra,Outside,0,0,0,0,08:38 AM,12:04 PM,143.55,171,25.04,None,0,0,1,3
S5765,2026-04-08,07:55 PM,Yamuna,Hostel,0,0,0,0,0,0,103.29,32,16.95,None,0,0,0,14
S5766,2026-04-27,08:53 PM,Ganga,Library,0,0,08:38 PM,11:59 PM,08:31 PM,11:59 PM,669.04,121,23.01,None,0,0,1,4
S5767,2026-04-29,04:55 PM,Rajendra,Library,0,0,01:12 PM,07:53 PM,12:47 PM,08:13 PM,792.06,65,13.82,None,1,1,1,5
S5768,2026-04-21,08:08 PM,Rajendra,Mess,07:39 PM,08:19 PM,0,0,0,0,268.3,190,54.18,Dinner,0,0,1,6
S5769,2026-04-26,02:12 PM,Sarojini,Outside,0,0,0,0,01:04 PM,04:53 PM,145.47,191,25.53,None,0,0,1,3
S5770,2026-04-06,08:14 AM,Azad,Outside,0,0,0,0,06:42 AM,10:49 AM,169.4,159,12.06,None,0,0,0,8
S5771,2026-04-08,10:21 PM,Yamuna,Mess,09:41 PM,10:25 PM,0,0,0,0,334.26,57,36.67,Dinner,0,0,0,8
S5772,2026-04-08,01:17 PM,Sarojini,Hostel,0,0,0,0,0,0,380.88,147,30.91,None,0,0,0,8
S5773,2026-04-08,04:39 PM,Rajendra,Library,0,0,04:10 PM,05:33 PM,04:04 PM,06:26 PM,996.21,96,21.49,None,1,1,0,6
S5774,2026-04-06,06:06 PM,Azad,Library,0,0,05:46 PM,06:18 PM,05:32 PM,07:00 PM,793.46,119,21.73,None,0,0,0,8
S5775,2026-04-15,08:09 PM,Sarojini,Library,0,0,07:42 PM,09:50 PM,07:28 PM,10:21 PM,1019.49,67,16.24,None,0,0,0,5
S5776,2026-04-01,09:39 AM,Ganga,Mess,09:19 AM,09:59 AM,0,0,0,0,353.12,26,26.19,Breakfast,0,0,0,5
S5777,2026-04-11,02:28 AM,Azad,Hostel,0,0,0,0,0,0,135.11,21,19.15,None,0,0,0,5
S5778,2026-04-12,03:03 PM,Sarojini,Outside,0,0,0,0,02:28 PM,05:45 PM,142.7,36,1.84,None,1,0,0,6
S5779,2026-04-08,01:39 PM,Sarojini,Outside,0,0,0,0,12:03 PM,03:45 PM,323.63,101,14.13,None,0,0,0,14
S5780,2026-04-23,06:05 PM,Azad,Classroom,0,0,0,0,05:33 PM,07:10 PM,251.59,94,8.84,None,1,1,1,6
S5781,2026-04-24,08:03 AM,Sarojini,Mess,07:35 AM,08:18 AM,0,0,0,0,247.17,33,26.63,Breakfast,0,0,1,4
S5782,2026-04-08,03:14 PM,Sarojini,Mess,02:54 PM,03:18 PM,0,0,0,0,368.57,58,39.4,Lunch,0,0,0,6
S5783,2026-04-03,06:13 PM,Yamuna,Library,0,0,04:46 PM,06:23 PM,04:34 PM,07:03 PM,977.24,151,31.01,None,0,0,0,6
S5784,2026-04-02,11:54 PM,Yamuna,Library,0,0,10:55 PM,11:59 PM,10:37 PM,11:59 PM,949.43,121,22.01,None,0,0,0,15
S5785,2026-04-07,09:19 PM,Rajendra,Library,0,0,08:28 PM,09:34 PM,08:09 PM,10:11 PM,641.49,156,32.96,None,0,0,0,4
S5786,2026-04-05,02:44 PM,Rajendra,Mess,02:32 PM,03:29 PM,0,0,0,0,318.26,128,48.63,Lunch,1,0,0,6
S5787,2026-04-28,01:06 PM,Yamuna,Mess,12:48 PM,01:47 PM,0,0,0,0,373.2,184,46.13,Lunch,1,0,1,4
S5788,2026-04-02,03:46 AM,Yamuna,Hostel,0,0,0,0,0,0,240.63,160,35.28,None,0,0,0,9
S5789,2026-04-23,05:28 PM,Rajendra,Library,0,0,11:03 AM,05:31 PM,10:56 AM,05:47 PM,765.41,99,16.47,None,0,0,1,4
S5790,2026-04-21,10:39 PM,Azad,Library,0,0,09:27 PM,11:59 PM,09:01 PM,11:59 PM,703.1,131,23.06,None,0,0,1,4
S5791,2026-04-03,08:13 AM,Yamuna,Mess,07:30 AM,08:19 AM,0,0,0,0,273.51,107,43.75,Breakfast,0,0,0,5
S5792,2026-04-29,08:51 PM,Azad,Mess,08:41 PM,09:34 PM,0,0,0,0,326.09,13,34.55,Dinner,0,0,1,4
S5793,2026-04-04,11:52 AM,Rajendra,Hostel,0,0,0,0,0,0,214.99,13,13.24,None,1,0,0,3
S5794,2026-04-20,12:40 PM,Ganga,Mess,12:16 PM,01:01 PM,0,0,0,0,598.64,103,48.21,Lunch,0,0,1,5
S5795,2026-04-21,10:36 PM,Rajendra,Library,0,0,05:37 PM,10:39 PM,05:25 PM,11:39 PM,803.01,40,11.02,None,0,0,1,7
S5796,2026-04-13,12:45 PM,Ganga,Mess,12:04 PM,01:01 PM,0,0,0,0,410.38,157,55.1,Lunch,0,0,0,8
S5797,2026-04-23,04:04 PM,Ganga,Library,0,0,02:58 PM,09:06 PM,02:30 PM,10:01 PM,553.16,190,29.13,None,1,1,1,4
S5798,2026-04-08,09:16 AM,Rajendra,Mess,09:11 AM,10:01 AM,0,0,0,0,479.91,197,39.86,Breakfast,0,0,0,7
S5799,2026-04-28,01:39 PM,Rajendra,Mess,01:37 PM,02:00 PM,0,0,0,0,411.62,130,39.07,Lunch,0,0,1,3
S5800,2026-04-03,10:56 PM,Rajendra,Outside,0,0,0,0,10:03 PM,11:59 PM,257.75,79,11.64,None,0,0,0,8
S5801,2026-04-13,11:26 AM,Azad,Library,0,0,09:09 AM,11:54 AM,08:59 AM,12:08 PM,753.8,79,11.6,None,0,0,0,13
S5802,2026-04-06,04:58 AM,Azad,Outside,0,0,0,0,04:16 AM,06:26 AM,281.61,150,9.18,None,0,0,0,8
S5803,2026-04-11,12:48 PM,Ganga,Classroom,0,0,0,0,12:22 PM,01:53 PM,230.01,26,3.88,None,1,0,0,7
S5804,2026-04-23,09:54 PM,Azad,Library,0,0,08:15 PM,11:59 PM,07:52 PM,11:59 PM,702.05,100,16.29,None,0,0,1,4
S5805,2026-04-29,04:16 PM,Sarojini,Library,0,0,12:57 PM,07:07 PM,12:37 PM,07:57 PM,848.51,199,40.27,None,1,1,1,6
S5806,2026-04-13,10:06 PM,Azad,Hostel,0,0,0,0,0,0,1063.42,77,25.11,None,0,0,0,8
S5807,2026-04-08,01:21 AM,Azad,Outside,0,0,0,0,12:49 AM,02:22 AM,398.08,100,9.43,None,0,0,0,7
S5808,2026-04-22,05:57 PM,Sarojini,Library,0,0,04:50 PM,10:01 PM,04:28 PM,10:21 PM,657.28,36,13.79,None,0,0,1,5
S5809,2026-04-23,07:42 AM,Ganga,Outside,0,0,0,0,06:05 AM,10:04 AM,117.23,195,13.05,None,0,0,1,4
S5810,2026-04-12,09:06 PM,Rajendra,Library,0,0,08:09 PM,10:30 PM,07:40 PM,11:19 PM,754.04,115,24.56,None,0,0,0,6
S5811,2026-04-25,08:01 AM,Yamuna,Mess,07:39 AM,08:12 AM,0,0,0,0,464.3,37,38.0,Breakfast,0,0,1,7
S5812,2026-04-15,10:33 PM,Rajendra,Mess,09:45 PM,10:39 PM,0,0,0,0,402.35,183,49.73,Dinner,0,0,0,8
S5813,2026-04-04,08:40 AM,Ganga,Outside,0,0,0,0,06:49 AM,09:49 AM,220.0,135,16.62,None,0,0,0,6
S5814,2026-04-25,08:32 PM,Ganga,Library,0,0,07:00 PM,11:59 PM,06:34 PM,11:59 PM,741.65,182,24.15,None,0,0,1,7
S5815,2026-05-01,06:16 AM,Ganga,Outside,0,0,0,0,05:39 AM,07:21 AM,325.36,126,12.64,None,0,0,0,9
S5816,2026-04-02,09:54 AM,Sarojini,Mess,09:36 AM,09:56 AM,0,0,0,0,219.43,75,33.81,Breakfast,0,0,0,7
S5817,2026-04-09,07:35 PM,Sarojini,Mess,07:17 PM,08:01 PM,0,0,0,0,596.13,128,46.54,Dinner,0,0,0,7
S5818,2026-04-19,02:42 PM,Rajendra,Mess,02:34 PM,03:27 PM,0,0,0,0,426.31,150,37.82,Lunch,1,0,0,5
S5819,2026-04-25,09:05 PM,Yamuna,Mess,09:01 PM,09:44 PM,0,0,0,0,497.19,184,38.84,Dinner,0,0,1,4
S5820,2026-04-30,11:45 PM,Azad,Library,0,0,06:29 PM,11:59 PM,06:15 PM,11:59 PM,479.92,44,16.18,None,0,0,1,3
S5821,2026-04-14,06:56 AM,Rajendra,Hostel,0,0,0,0,0,0,141.11,166,29.5,None,0,0,0,5
S5822,2026-04-28,09:27 AM,Sarojini,Classroom,0,0,0,0,09:17 AM,10:12 AM,249.59,194,26.7,None,1,1,1,3
S5823,2026-04-13,07:52 AM,Yamuna,Mess,07:29 AM,07:57 AM,0,0,0,0,406.8,129,52.77,Breakfast,0,0,0,9
S5824,2026-04-08,12:35 PM,Yamuna,Library,0,0,12:33 PM,02:42 PM,12:17 PM,03:15 PM,768.63,173,34.18,None,1,0,0,10
S5825,2026-04-11,06:13 PM,Azad,Outside,0,0,0,0,05:05 PM,07:56 PM,273.11,107,8.38,None,0,0,0,7
S5826,2026-04-16,03:52 PM,Sarojini,Library,0,0,02:29 PM,04:53 PM,02:19 PM,05:20 PM,802.65,54,11.39,None,0,0,0,7
S5827,2026-04-28,04:37 PM,Ganga,Hostel,0,0,0,0,0,0,166.44,137,36.94,None,0,0,1,6
S5828,2026-04-18,12:41 PM,Rajendra,Library,0,0,11:58 AM,01:47 PM,11:40 AM,02:22 PM,891.55,64,18.71,None,0,0,0,8
S5829,2026-04-01,08:46 PM,Sarojini,Mess,08:20 PM,08:56 PM,0,0,0,0,654.75,191,51.03,Dinner,0,0,0,4
S5830,2026-04-03,09:19 PM,Rajendra,Library,0,0,08:36 PM,10:27 PM,08:08 PM,10:49 PM,901.15,144,35.76,None,0,0,0,6
S5831,2026-05-01,08:36 PM,Yamuna,Mess,08:35 PM,08:56 PM,0,0,0,0,652.01,111,46.73,Dinner,0,0,0,7
S5832,2026-04-14,07:35 PM,Sarojini,Library,0,0,05:14 PM,07:43 PM,04:58 PM,08:40 PM,734.84,172,29.17,None,0,0,0,7
S5833,2026-04-24,01:32 PM,Rajendra,Classroom,0,0,0,0,01:01 PM,02:11 PM,381.2,149,13.41,None,1,0,1,7
S5834,2026-04-05,12:41 PM,Yamuna,Mess,12:13 PM,12:46 PM,0,0,0,0,478.65,23,26.77,Lunch,0,0,0,7
S5835,2026-04-22,06:01 AM,Yamuna,Hostel,0,0,0,0,0,0,357.44,128,34.92,None,0,0,1,7
S5836,2026-04-12,09:03 PM,Azad,Library,0,0,06:33 PM,09:09 PM,06:10 PM,09:45 PM,591.74,170,34.04,None,0,0,0,3
S5837,2026-04-15,05:30 AM,Yamuna,Outside,0,0,0,0,04:55 AM,07:11 AM,232.2,148,18.49,None,0,0,0,8
S5838,2026-04-18,09:31 PM,Sarojini,Mess,09:08 PM,09:56 PM,0,0,0,0,599.05,61,35.03,Dinner,0,0,0,7
S5839,2026-05-01,08:34 PM,Azad,Mess,08:31 PM,09:26 PM,0,0,0,0,504.96,139,36.91,Dinner,0,0,0,8
S5840,2026-04-21,09:42 PM,Ganga,Mess,09:32 PM,10:25 PM,0,0,0,0,293.81,12,32.81,Dinner,0,0,1,4
S5841,2026-04-02,04:13 PM,Azad,Library,0,0,03:37 PM,04:56 PM,03:20 PM,05:49 PM,869.37,12,14.18,None,0,0,0,8
S5842,2026-04-28,09:37 PM,Azad,Library,0,0,02:52 PM,09:45 PM,02:27 PM,10:01 PM,898.33,175,26.06,None,0,0,1,7
S5843,2026-04-25,12:00 AM,Rajendra,Hostel,0,0,0,0,0,0,204.67,26,26.52,None,0,0,1,4
S5844,2026-04-04,06:47 PM,Rajendra,Hostel,0,0,0,0,0,0,220.66,179,34.34,None,0,0,0,8
S5845,2026-04-04,12:18 PM,Azad,Library,0,0,11:16 AM,01:20 PM,11:06 AM,01:52 PM,893.69,136,17.91,None,0,0,0,9
S5846,2026-04-15,02:49 PM,Rajendra,Mess,02:24 PM,02:49 PM,0,0,0,0,524.91,15,27.67,Lunch,0,0,0,9
S5847,2026-04-24,01:21 AM,Yamuna,Outside,0,0,0,0,12:15 AM,04:09 AM,173.61,137,13.47,None,0,0,1,5
S5848,2026-04-18,12:06 AM,Azad,Outside,0,0,0,0,0,02:39 AM,382.75,15,1.79,None,0,0,0,7
S5849,2026-04-05,06:32 PM,Sarojini,Hostel,0,0,0,0,0,0,339.47,94,24.7,None,0,0,0,6
S5850,2026-04-12,10:18 PM,Ganga,Library,0,0,09:42 PM,10:34 PM,09:33 PM,11:06 PM,709.05,36,18.88,None,0,0,0,8
S5851,2026-04-23,12:31 PM,Ganga,Mess,12:14 PM,12:41 PM,0,0,0,0,375.31,151,42.17,Lunch,1,0,1,4
S5852,2026-04-12,11:27 PM,Sarojini,Library,0,0,09:48 PM,11:59 PM,09:37 PM,11:59 PM,1056.86,52,13.58,None,0,0,0,6
S5853,2026-04-03,07:47 PM,Sarojini,Library,0,0,06:57 PM,09:10 PM,06:37 PM,09:37 PM,735.71,72,12.17,None,0,0,0,10
S5854,2026-04-05,12:47 PM,Rajendra,Library,0,0,10:54 AM,01:51 PM,10:41 AM,02:49 PM,833.31,168,25.9,None,1,0,0,7
S5855,2026-05-01,04:10 AM,Sarojini,Outside,0,0,0,0,03:25 AM,06:41 AM,205.73,103,12.28,None,0,0,0,5
S5856,2026-04-26,11:25 AM,Sarojini,Outside,0,0,0,0,09:35 AM,01:26 PM,117.06,13,1.76,None,0,0,1,5
S5857,2026-04-23,12:56 PM,Yamuna,Library,0,0,09:18 AM,05:32 PM,08:55 AM,05:43 PM,906.78,92,12.56,None,0,0,1,5
S5858,2026-04-18,10:24 PM,Azad,Mess,09:40 PM,10:30 PM,0,0,0,0,403.24,183,52.47,Dinner,0,0,0,8
S5859,2026-04-10,08:05 PM,Ganga,Hostel,0,0,0,0,0,0,865.78,165,47.19,None,0,0,0,10
S5860,2026-04-09,10:06 PM,Yamuna,Library,0,0,09:27 PM,11:25 PM,09:14 PM,11:59 PM,901.53,58,16.29,None,0,0,0,9
S5861,2026-04-05,10:21 PM,Ganga,Library,0,0,08:42 PM,10:35 PM,08:30 PM,11:33 PM,979.33,167,32.29,None,0,0,0,7
S5862,2026-04-22,11:42 PM,Rajendra,Library,0,0,09:22 PM,11:59 PM,09:14 PM,11:59 PM,1044.95,97,17.51,None,0,0,1,5
S5863,2026-04-20,08:16 PM,Yamuna,Mess,08:15 PM,08:42 PM,0,0,0,0,636.07,65,26.85,Dinner,0,0,1,6
S5864,2026-04-28,01:03 PM,Sarojini,Mess,12:47 PM,01:42 PM,0,0,0,0,547.73,17,23.06,Lunch,0,0,1,8
S5865,2026-04-06,02:41 PM,Ganga,Hostel,0,0,0,0,0,0,240.09,183,41.6,None,0,0,0,6
S5866,2026-04-09,07:49 AM,Ganga,Mess,07:21 AM,08:07 AM,0,0,0,0,579.29,188,38.1,Breakfast,0,0,0,9
S5867,2026-04-12,08:00 PM,Sarojini,Mess,07:44 PM,08:18 PM,0,0,0,0,377.15,152,33.88,Dinner,0,0,0,6
S5868,2026-04-23,02:21 PM,Rajendra,Mess,02:21 PM,02:46 PM,0,0,0,0,312.53,24,31.58,Lunch,0,0,1,6
S5869,2026-04-04,10:25 AM,Rajendra,Library,0,0,10:06 AM,10:57 AM,09:52 AM,11:53 AM,636.06,57,9.88,None,1,1,0,8
S5870,2026-04-08,04:29 PM,Azad,Library,0,0,02:05 PM,04:39 PM,01:50 PM,05:35 PM,555.56,198,33.58,None,0,0,0,6
S5871,2026-04-07,09:29 PM,Rajendra,Mess,09:09 PM,09:49 PM,0,0,0,0,543.02,152,56.72,Dinner,0,0,0,7
S5872,2026-04-20,08:14 AM,Rajendra,Outside,0,0,0,0,07:09 AM,10:42 AM,171.39,172,13.3,None,0,0,1,3
S5873,2026-04-05,08:53 PM,Yamuna,Library,0,0,08:40 PM,09:16 PM,08:22 PM,09:35 PM,813.26,39,15.21,None,0,0,0,7
S5874,2026-04-04,03:10 PM,Yamuna,Library,0,0,03:01 PM,03:41 PM,02:54 PM,03:59 PM,841.69,29,11.26,None,0,0,0,7
S5875,2026-05-01,07:26 PM,Ganga,Mess,07:07 PM,07:38 PM,0,0,0,0,378.41,157,42.31,Dinner,0,0,0,5
S5876,2026-04-11,03:14 PM,Yamuna,Library,0,0,01:47 PM,03:25 PM,01:28 PM,03:48 PM,621.71,57,11.98,None,0,0,0,6
S5877,2026-04-19,12:45 PM,Yamuna,Outside,0,0,0,0,11:41 AM,03:32 PM,304.96,90,5.94,None,0,0,0,7
S5878,2026-04-17,01:40 PM,Rajendra,Mess,01:37 PM,02:06 PM,0,0,0,0,454.78,96,41.56,Lunch,0,0,0,4
S5879,2026-04-20,08:28 PM,Rajendra,Mess,08:15 PM,08:47 PM,0,0,0,0,330.67,27,37.41,Dinner,0,0,1,5
S5880,2026-04-09,08:31 AM,Rajendra,Mess,07:46 AM,08:31 AM,0,0,0,0,303.03,28,29.32,Breakfast,0,0,0,10
S5881,2026-04-23,11:45 PM,Ganga,Library,0,0,09:23 PM,11:59 PM,08:55 PM,11:59 PM,580.43,143,21.94,None,0,0,1,6
S5882,2026-04-06,08:19 AM,Sarojini,Mess,07:43 AM,08:43 AM,0,0,0,0,532.12,80,45.03,Breakfast,0,0,0,7
S5883,2026-04-23,11:25 PM,Sarojini,Library,0,0,09:14 PM,11:59 PM,09:05 PM,11:59 PM,821.89,102,26.43,None,0,0,1,7
S5884,2026-04-07,07:25 PM,Rajendra,Library,0,0,07:22 PM,10:10 PM,06:56 PM,10:55 PM,668.88,18,6.99,None,0,0,0,7
S5885,2026-04-04,10:00 AM,Rajendra,Mess,09:25 AM,10:19 AM,0,0,0,0,490.7,40,41.06,Breakfast,0,0,0,7
S5886,2026-04-24,10:01 PM,Yamuna,Hostel,0,0,0,0,0,0,1220.45,90,20.81,None,0,0,1,6
S5887,2026-04-01,08:58 PM,Azad,Mess,08:48 PM,09:44 PM,0,0,0,0,629.71,89,39.84,Dinner,0,0,0,6
S5888,2026-04-09,11:43 AM,Rajendra,Hostel,0,0,0,0,0,0,384.97,87,26.33,None,1,0,0,6
S5889,2026-04-27,05:18 AM,Ganga,Hostel,0,0,0,0,0,0,216.5,66,27.02,None,0,0,1,7
S5890,2026-04-26,03:45 AM,Ganga,Outside,0,0,0,0,03:03 AM,06:28 AM,312.35,16,1.77,None,0,0,1,5
S5891,2026-04-19,02:14 PM,Sarojini,Mess,01:33 PM,02:18 PM,0,0,0,0,425.72,127,29.9,Lunch,1,0,0,6
S5892,2026-04-26,11:32 AM,Rajendra,Hostel,0,0,0,0,0,0,282.99,30,25.86,None,1,0,1,6
S5893,2026-04-02,05:06 AM,Rajendra,Outside,0,0,0,0,03:13 AM,07:38 AM,162.03,50,4.38,None,0,0,0,6
S5894,2026-04-05,01:21 PM,Ganga,Outside,0,0,0,0,12:10 PM,03:25 PM,204.93,137,16.36,None,0,0,0,5
S5895,2026-04-12,03:05 PM,Ganga,Mess,02:47 PM,03:08 PM,0,0,0,0,441.03,103,40.47,Lunch,0,0,0,11
S5896,2026-04-18,01:40 AM,Ganga,Outside,0,0,0,0,0,04:28 AM,233.26,40,4.46,None,0,0,0,7
S5897,2026-04-19,08:35 PM,Ganga,Mess,08:29 PM,08:53 PM,0,0,0,0,448.08,109,33.1,Dinner,0,0,0,7
S5898,2026-04-23,05:12 PM,Ganga,Library,0,0,11:17 AM,08:09 PM,10:59 AM,08:30 PM,529.85,172,27.71,None,0,0,1,7
S5899,2026-04-30,08:48 PM,Azad,Mess,08:37 PM,09:15 PM,0,0,0,0,469.85,185,44.98,Dinner,0,0,1,5
S5900,2026-04-19,01:25 PM,Ganga,Mess,12:56 PM,01:34 PM,0,0,0,0,458.4,81,31.51,Lunch,1,0,0,7
S5901,2026-04-22,08:57 PM,Azad,Mess,08:43 PM,09:28 PM,0,0,0,0,551.4,59,38.42,Dinner,0,0,1,6
S5902,2026-04-08,07:52 PM,Azad,Mess,07:41 PM,08:05 PM,0,0,0,0,624.62,120,37.78,Dinner,0,0,0,8
S5903,2026-04-22,07:14 PM,Ganga,Mess,07:00 PM,07:34 PM,0,0,0,0,295.11,199,51.18,Dinner,0,0,1,3
S5904,2026-04-11,09:47 AM,Ganga,Mess,09:47 AM,10:32 AM,0,0,0,0,263.11,131,49.84,Breakfast,0,0,0,6
S5905,2026-04-16,03:40 PM,Sarojini,Hostel,0,0,0,0,0,0,271.4,91,27.78,None,1,0,0,6
S5906,2026-04-08,09:57 PM,Sarojini,Library,0,0,09:51 PM,11:41 PM,09:44 PM,11:59 PM,752.9,86,20.32,None,0,0,0,7
S5907,2026-04-28,04:28 AM,Yamuna,Outside,0,0,0,0,03:08 AM,07:19 AM,329.81,191,15.55,None,0,0,1,5
S5908,2026-04-11,05:09 PM,Sarojini,Hostel,0,0,0,0,0,0,304.33,114,32.14,None,0,0,0,3
S5909,2026-04-24,09:54 AM,Sarojini,Mess,09:52 AM,10:43 AM,0,0,0,0,429.03,155,33.82,Breakfast,1,1,1,5
S5910,2026-04-13,04:21 PM,Yamuna,Library,0,0,03:56 PM,04:41 PM,03:30 PM,05:08 PM,844.52,124,15.36,None,1,1,0,6
S5911,2026-04-01,10:58 PM,Rajendra,Library,0,0,10:35 PM,11:59 PM,10:06 PM,11:59 PM,515.55,96,19.22,None,0,0,0,7
S5912,2026-04-05,07:10 AM,Sarojini,Outside,0,0,0,0,06:23 AM,08:24 AM,356.59,154,15.08,None,0,0,0,8
S5913,2026-04-03,09:47 PM,Yamuna,Mess,09:11 PM,09:58 PM,0,0,0,0,508.54,184,41.85,Dinner,0,0,0,12
S5914,2026-04-24,04:55 PM,Rajendra,Outside,0,0,0,0,03:16 PM,06:34 PM,216.26,11,1.46,None,1,1,1,5
S5915,2026-04-26,08:23 AM,Azad,Mess,07:48 AM,08:30 AM,0,0,0,0,450.82,45,44.65,Breakfast,0,0,1,4
S5916,2026-04-03,11:10 PM,Azad,Outside,0,0,0,0,10:17 PM,11:59 PM,243.9,94,7.15,None,0,0,0,4
S5917,2026-04-08,12:37 PM,Yamuna,Mess,12:24 PM,12:56 PM,0,0,0,0,563.79,152,33.38,Lunch,0,0,0,7
S5918,2026-04-26,10:06 PM,Azad,Library,0,0,09:22 PM,11:59 PM,08:54 PM,11:59 PM,537.89,44,17.72,None,0,0,1,3
S5919,2026-04-10,12:55 PM,Ganga,Mess,12:28 PM,01:00 PM,0,0,0,0,584.91,121,49.1,Lunch,0,0,0,4
S5920,2026-04-09,08:02 PM,Ganga,Outside,0,0,0,0,06:57 PM,10:30 PM,324.13,136,16.78,None,0,0,0,7
S5921,2026-04-20,08:36 AM,Rajendra,Mess,07:56 AM,08:56 AM,0,0,0,0,364.1,78,39.99,Breakfast,0,0,1,6
S5922,2026-04-25,10:41 PM,Sarojini,Library,0,0,07:13 PM,11:59 PM,06:46 PM,11:59 PM,700.38,49,19.22,None,0,0,1,3
S5923,2026-04-07,02:16 PM,Yamuna,Hostel,0,0,0,0,0,0,364.86,99,25.24,None,0,0,0,8
S5924,2026-04-16,12:23 PM,Rajendra,Mess,12:00 PM,12:30 PM,0,0,0,0,225.81,139,33.82,Lunch,1,0,0,8
S5925,2026-04-11,10:55 PM,Sarojini,Outside,0,0,0,0,09:01 PM,11:59 PM,329.77,192,15.49,None,0,0,0,7
S5926,2026-04-28,08:21 PM,Sarojini,Library,0,0,04:50 PM,11:59 PM,04:27 PM,11:59 PM,563.9,124,28.4,None,0,0,1,6
S5927,2026-04-02,02:35 PM,Azad,Library,0,0,12:57 PM,03:33 PM,12:52 PM,04:02 PM,461.17,60,17.43,None,0,0,0,6
S5928,2026-04-08,01:21 AM,Azad,Hostel,0,0,0,0,0,0,186.48,26,14.22,None,0,0,0,6
S5929,2026-04-09,04:29 AM,Yamuna,Hostel,0,0,0,0,0,0,319.47,81,31.31,None,0,0,0,8
S5930,2026-04-22,07:03 PM,Yamuna,Outside,0,0,0,0,06:14 PM,09:02 PM,205.17,175,15.98,None,0,0,1,5
S5931,2026-04-17,04:43 PM,Sarojini,Classroom,0,0,0,0,04:21 PM,06:03 PM,173.23,42,5.32,None,1,1,0,4
S5932,2026-04-05,09:33 AM,Rajendra,Library,0,0,09:26 AM,12:04 PM,09:01 AM,12:51 PM,629.8,125,25.14,None,0,0,0,7
S5933,2026-04-17,02:55 AM,Yamuna,Outside,0,0,0,0,02:21 AM,03:58 AM,324.89,39,4.95,None,0,0,0,6
S5934,2026-04-22,11:58 PM,Yamuna,Library,0,0,08:49 PM,11:59 PM,08:44 PM,11:59 PM,641.81,28,15.9,None,0,0,1,5
S5935,2026-04-24,02:13 AM,Azad,Hostel,0,0,0,0,0,0,258.73,120,28.56,None,0,0,1,6
S5936,2026-04-29,10:16 AM,Azad,Mess,09:51 AM,10:19 AM,0,0,0,0,435.23,131,46.19,Breakfast,1,1,1,3
S5937,2026-05-01,01:07 PM,Sarojini,Library,0,0,12:24 PM,02:51 PM,12:09 PM,03:33 PM,615.22,119,23.38,None,0,0,0,7
S5938,2026-04-29,01:35 PM,Sarojini,Classroom,0,0,0,0,01:15 PM,02:31 PM,117.6,31,4.3,None,1,0,1,4
S5939,2026-04-25,07:51 AM,Rajendra,Mess,07:25 AM,08:14 AM,0,0,0,0,559.75,196,40.02,Breakfast,0,0,1,7
S5940,2026-04-23,05:45 PM,Ganga,Outside,0,0,0,0,04:29 PM,07:09 PM,198.93,65,4.85,None,0,0,1,6
S5941,2026-05-01,05:28 PM,Yamuna,Library,0,0,04:17 PM,05:29 PM,03:56 PM,06:17 PM,694.7,30,13.83,None,0,0,0,5
S5942,2026-04-03,02:05 PM,Azad,Library,0,0,01:44 PM,02:28 PM,01:29 PM,02:47 PM,662.83,34,8.44,None,0,0,0,8
S5943,2026-04-24,10:07 AM,Ganga,Mess,09:26 AM,10:08 AM,0,0,0,0,588.28,19,33.56,Breakfast,1,1,1,6
S5944,2026-04-17,12:28 PM,Sarojini,Mess,12:18 PM,01:04 PM,0,0,0,0,238.96,101,32.18,Lunch,0,0,0,7
S5945,2026-04-09,03:11 PM,Ganga,Library,0,0,01:20 PM,03:19 PM,01:04 PM,03:57 PM,691.83,16,12.89,None,1,0,0,7
S5946,2026-04-07,02:28 PM,Yamuna,Hostel,0,0,0,0,0,0,292.42,134,24.39,None,0,0,0,6
S5947,2026-04-05,09:24 AM,Yamuna,Mess,09:06 AM,10:02 AM,0,0,0,0,391.99,94,42.87,Breakfast,1,1,0,7
S5948,2026-04-07,06:33 AM,Rajendra,Outside,0,0,0,0,05:12 AM,08:50 AM,204.21,129,9.93,None,0,0,0,9
S5949,2026-04-25,01:28 PM,Ganga,Mess,01:27 PM,02:15 PM,0,0,0,0,376.03,194,52.48,Lunch,0,0,1,5
S5950,2026-04-27,08:50 AM,Yamuna,Mess,08:46 AM,09:12 AM,0,0,0,0,476.11,171,50.75,Breakfast,0,0,1,7
S5951,2026-04-04,07:40 PM,Ganga,Library,0,0,07:13 PM,07:49 PM,06:45 PM,08:44 PM,652.5,179,23.17,None,0,0,0,8
S5952,2026-04-16,04:59 PM,Azad,Outside,0,0,0,0,04:01 PM,06:13 PM,326.69,180,9.3,None,1,1,0,8
S5953,2026-04-01,10:53 PM,Rajendra,Outside,0,0,0,0,09:20 PM,11:59 PM,346.27,19,1.12,None,0,0,0,5
S5954,2026-04-01,06:53 PM,Rajendra,Library,0,0,05:55 PM,07:04 PM,05:37 PM,07:50 PM,744.86,18,8.24,None,0,0,0,9
S5955,2026-04-29,11:33 PM,Yamuna,Hostel,0,0,0,0,0,0,1528.38,158,33.5,None,0,0,1,4
S5956,2026-04-22,03:45 PM,Sarojini,Classroom,0,0,0,0,03:20 PM,05:23 PM,288.87,31,3.96,None,1,0,1,7
S5957,2026-04-04,06:14 PM,Azad,Library,0,0,04:44 PM,07:31 PM,04:20 PM,08:23 PM,709.12,60,18.62,None,0,0,0,16
S5958,2026-04-01,07:30 AM,Yamuna,Hostel,0,0,0,0,0,0,371.31,166,30.9,None,0,0,0,5
S5959,2026-04-15,11:20 PM,Azad,Library,0,0,10:34 PM,11:42 PM,10:28 PM,11:59 PM,842.13,125,25.83,None,0,0,0,4
S5960,2026-04-18,02:15 PM,Sarojini,Mess,01:45 PM,02:34 PM,0,0,0,0,645.48,147,54.8,Lunch,0,0,0,8
S5961,2026-05-01,09:05 AM,Yamuna,Library,0,0,09:04 AM,09:49 AM,08:44 AM,10:45 AM,749.56,124,23.38,None,0,0,0,8
S5962,2026-04-18,04:48 PM,Ganga,Library,0,0,04:31 PM,06:51 PM,04:24 PM,07:01 PM,839.49,143,19.15,None,0,0,0,8
S5963,2026-04-17,04:29 PM,Yamuna,Library,0,0,03:28 PM,05:08 PM,03:04 PM,05:27 PM,850.52,160,32.05,None,1,1,0,6
S5964,2026-04-11,01:16 PM,Ganga,Mess,01:06 PM,02:03 PM,0,0,0,0,548.38,199,39.54,Lunch,0,0,0,5
S5965,2026-04-22,11:00 PM,Rajendra,Library,0,0,10:12 PM,11:59 PM,09:49 PM,11:59 PM,714.1,83,16.95,None,0,0,1,6
S5966,2026-04-18,08:40 PM,Rajendra,Library,0,0,06:59 PM,08:52 PM,06:31 PM,09:17 PM,810.44,84,25.38,None,0,0,0,5
S5967,2026-04-14,04:12 PM,Rajendra,Library,0,0,03:59 PM,06:22 PM,03:47 PM,06:55 PM,715.62,29,10.0,None,1,1,0,8
S5968,2026-04-12,06:24 PM,Rajendra,Library,0,0,06:06 PM,06:42 PM,05:54 PM,07:00 PM,585.17,164,36.61,None,0,0,0,8
S5969,2026-04-26,06:25 PM,Rajendra,Library,0,0,05:10 PM,10:14 PM,04:53 PM,10:59 PM,610.66,70,13.18,None,0,0,1,3
S5970,2026-04-28,11:52 AM,Rajendra,Classroom,0,0,0,0,11:32 AM,12:48 PM,311.42,109,8.63,None,1,0,1,6
S5971,2026-04-26,12:14 PM,Azad,Outside,0,0,0,0,10:17 AM,02:11 PM,250.82,137,12.65,None,1,0,1,6
S5972,2026-04-18,02:36 PM,Yamuna,Mess,02:09 PM,03:00 PM,0,0,0,0,468.79,63,45.64,Lunch,1,0,0,7
S5973,2026-04-03,12:42 AM,Azad,Hostel,0,0,0,0,0,0,392.29,28,16.78,None,0,0,0,10
S5974,2026-04-15,03:08 PM,Sarojini,Library,0,0,03:08 PM,05:46 PM,02:57 PM,06:38 PM,530.8,55,12.75,None,1,0,0,8
S5975,2026-04-23,09:07 AM,Azad,Mess,08:40 AM,09:19 AM,0,0,0,0,574.84,149,47.9,Breakfast,1,1,1,3
S5976,2026-04-27,08:29 PM,Sarojini,Mess,08:08 PM,08:52 PM,0,0,0,0,273.2,20,35.06,Dinner,0,0,1,6
S5977,2026-04-13,10:57 PM,Ganga,Library,0,0,10:30 PM,11:03 PM,10:10 PM,11:23 PM,658.75,143,30.39,None,0,0,0,8
S5978,2026-05-01,01:30 PM,Ganga,Mess,12:52 PM,01:44 PM,0,0,0,0,577.05,24,42.19,Lunch,0,0,0,7
S5979,2026-04-24,09:32 AM,Yamuna,Hostel,0,0,0,0,0,0,231.66,22,26.7,None,1,1,1,7
S5980,2026-04-08,04:00 PM,Rajendra,Library,0,0,03:40 PM,04:19 PM,03:33 PM,05:05 PM,691.14,122,27.6,None,1,1,0,7
S5981,2026-04-26,09:07 PM,Yamuna,Hostel,0,0,0,0,0,0,1075.19,53,27.93,None,0,0,1,4
S5982,2026-04-27,08:03 AM,Rajendra,Hostel,0,0,0,0,0,0,300.58,146,40.78,None,0,0,1,3
S5983,2026-04-03,03:18 PM,Rajendra,Mess,02:44 PM,03:19 PM,0,0,0,0,328.05,21,27.67,Lunch,0,0,0,6
S5984,2026-04-11,07:21 AM,Rajendra,Mess,07:00 AM,07:25 AM,0,0,0,0,271.92,110,30.83,Breakfast,0,0,0,5
S5985,2026-04-12,09:06 PM,Azad,Mess,09:03 PM,09:56 PM,0,0,0,0,581.55,14,33.11,Dinner,0,0,0,8
S5986,2026-04-01,10:15 AM,Ganga,Hostel,0,0,0,0,0,0,318.1,140,28.05,None,1,1,0,6
S5987,2026-04-03,07:33 AM,Azad,Mess,07:07 AM,07:33 AM,0,0,0,0,361.86,168,50.83,Breakfast,0,0,0,10
S5988,2026-04-15,08:41 PM,Azad,Library,0,0,08:26 PM,10:17 PM,08:08 PM,10:47 PM,642.58,81,15.96,None,0,0,0,8
S5989,2026-04-16,06:48 PM,Azad,Library,0,0,06:19 PM,08:37 PM,05:49 PM,09:09 PM,789.68,192,35.03,None,0,0,0,6
S5990,2026-04-10,05:52 PM,Azad,Hostel,0,0,0,0,0,0,239.38,99,27.31,None,0,0,0,7
S5991,2026-04-15,09:18 PM,Azad,Library,0,0,08:34 PM,11:20 PM,08:07 PM,11:59 PM,779.31,53,12.58,None,0,0,0,8
S5992,2026-04-12,07:10 AM,Ganga,Mess,07:05 AM,07:51 AM,0,0,0,0,615.16,63,27.81,Breakfast,0,0,0,6
S5993,2026-04-04,09:12 PM,Yamuna,Library,0,0,09:07 PM,10:09 PM,08:39 PM,10:39 PM,638.27,159,26.21,None,0,0,0,9
S5994,2026-04-21,01:25 PM,Azad,Classroom,0,0,0,0,01:02 PM,03:05 PM,148.77,103,12.13,None,1,0,1,7
S5995,2026-04-06,01:35 AM,Ganga,Outside,0,0,0,0,12:17 AM,03:34 AM,183.75,166,23.44,None,0,0,0,7
S5996,2026-04-07,10:10 PM,Sarojini,Hostel,0,0,0,0,0,0,1075.05,112,27.44,None,0,0,0,8
S5997,2026-04-08,09:39 PM,Sarojini,Outside,0,0,0,0,08:22 PM,11:23 PM,354.36,105,8.12,None,0,0,0,6
S5998,2026-04-14,08:31 PM,Ganga,Library,0,0,07:41 PM,08:52 PM,07:28 PM,09:03 PM,738.2,85,14.79,None,0,0,0,7
S5999,2026-04-18,04:50 PM,Rajendra,Library,0,0,04:36 PM,06:32 PM,04:11 PM,06:55 PM,902.88,12,6.8,None,0,0,0,6
S6000,2026-04-16,02:00 AM,Yamuna,Outside,0,0,0,0,01:11 AM,04:21 AM,230.82,47,5.4,None,0,0,0,11
S6001,2026-04-02,09:32 AM,Yamuna,Mess,09:21 AM,10:08 AM,0,0,0,0,423.95,139,47.28,Breakfast,1,1,0,8
S6002,2026-04-18,08:25 PM,Ganga,Mess,08:20 PM,09:16 PM,0,0,0,0,535.17,10,35.07,Dinner,0,0,0,7
S6003,2026-04-16,10:21 AM,Azad,Mess,09:56 AM,10:49 AM,0,0,0,0,609.11,105,45.19,Breakfast,1,1,0,4
S6004,2026-04-29,04:30 PM,Azad,Library,0,0,03:16 PM,10:17 PM,02:49 PM,10:29 PM,868.46,115,22.67,None,1,1,1,4
S6005,2026-04-11,07:46 PM,Ganga,Library,0,0,06:45 PM,09:04 PM,06:32 PM,09:33 PM,473.49,170,27.44,None,0,0,0,7
S6006,2026-04-30,06:59 PM,Yamuna,Classroom,0,0,0,0,06:25 PM,08:28 PM,128.62,146,16.57,None,1,1,1,6
S6007,2026-04-25,08:28 PM,Azad,Outside,0,0,0,0,07:21 PM,11:01 PM,388.89,27,1.72,None,0,0,1,7
S6008,2026-04-02,05:28 PM,Ganga,Library,0,0,04:39 PM,06:23 PM,04:13 PM,07:10 PM,853.45,134,23.15,None,0,0,0,3
S6009,2026-04-26,11:27 AM,Yamuna,Hostel,0,0,0,0,0,0,210.21,170,34.59,None,0,0,1,5
S6010,2026-04-16,12:26 PM,Ganga,Library,0,0,12:07 PM,02:38 PM,11:40 AM,03:01 PM,995.75,23,17.51,None,0,0,0,10
S6011,2026-04-11,08:35 PM,Rajendra,Hostel,0,0,0,0,0,0,1241.41,27,25.06,None,0,0,0,9
S6012,2026-04-25,09:18 AM,Azad,Mess,09:05 AM,09:55 AM,0,0,0,0,575.1,142,51.94,Breakfast,0,0,1,5
S6013,2026-04-21,08:57 AM,Sarojini,Hostel,0,0,0,0,0,0,221.28,187,30.53,None,0,0,1,4
S6014,2026-04-23,12:27 PM,Ganga,Mess,12:13 PM,12:37 PM,0,0,0,0,422.68,30,32.36,Lunch,0,0,1,4
S6015,2026-04-25,05:00 PM,Azad,Library,0,0,04:16 PM,10:14 PM,04:00 PM,11:05 PM,868.17,142,24.89,None,0,0,1,5
S6016,2026-04-06,12:18 PM,Rajendra,Library,0,0,09:51 AM,12:19 PM,09:35 AM,12:53 PM,1028.63,162,33.39,None,0,0,0,3
S6017,2026-04-01,05:50 PM,Azad,Library,0,0,04:54 PM,06:07 PM,04:49 PM,06:57 PM,621.74,180,32.42,None,0,0,0,6
S6018,2026-04-13,04:16 PM,Ganga,Library,0,0,03:15 PM,04:21 PM,02:49 PM,04:43 PM,567.65,44,12.54,None,0,0,0,7
S6019,2026-04-16,03:20 AM,Sarojini,Outside,0,0,0,0,02:22 AM,05:15 AM,363.93,23,2.55,None,0,0,0,3
S6020,2026-04-25,02:59 AM,Yamuna,Outside,0,0,0,0,01:22 AM,05:33 AM,360.32,40,5.46,None,0,0,1,7
S6021,2026-04-23,02:40 PM,Rajendra,Library,0,0,12:13 PM,07:33 PM,12:08 PM,07:48 PM,767.7,192,39.19,None,0,0,1,7
S6022,2026-04-29,11:00 AM,Ganga,Library,0,0,09:03 AM,03:02 PM,08:38 AM,03:15 PM,606.12,41,13.15,None,0,0,1,3
S6023,2026-04-15,09:10 PM,Azad,Outside,0,0,0,0,07:34 PM,11:59 PM,180.7,95,13.35,None,0,0,0,9
S6024,2026-04-01,05:42 AM,Yamuna,Hostel,0,0,0,0,0,0,374.2,30,20.46,None,0,0,0,6
S6025,2026-04-19,06:44 PM,Ganga,Hostel,0,0,0,0,0,0,187.01,29,16.48,None,0,0,0,6
S6026,2026-04-30,06:26 PM,Ganga,Library,0,0,12:47 PM,09:36 PM,12:28 PM,10:35 PM,762.7,18,8.83,None,0,0,1,4
S6027,2026-04-28,04:05 PM,Rajendra,Library,0,0,12:16 PM,06:08 PM,11:54 AM,06:44 PM,507.95,37,15.74,None,0,0,1,5
S6028,2026-04-21,09:23 AM,Rajendra,Mess,08:54 AM,09:35 AM,0,0,0,0,341.88,115,50.79,Breakfast,0,0,1,6
S6029,2026-04-08,11:05 PM,Yamuna,Outside,0,0,0,0,09:57 PM,11:59 PM,311.45,176,13.51,None,0,0,0,8
S6030,2026-04-06,11:43 AM,Rajendra,Classroom,0,0,0,0,11:06 AM,01:26 PM,269.36,124,14.36,None,1,0,0,7
S6031,2026-04-20,02:48 PM,Sarojini,Hostel,0,0,0,0,0,0,147.64,50,14.61,None,1,0,1,4
S6032,2026-04-23,09:58 AM,Sarojini,Mess,09:58 AM,10:32 AM,0,0,0,0,376.32,167,48.09,Breakfast,0,0,1,7
S6033,2026-04-20,05:45 AM,Rajendra,Outside,0,0,0,0,04:20 AM,08:07 AM,244.69,184,26.09,None,0,0,1,4
S6034,2026-04-07,06:19 PM,Yamuna,Classroom,0,0,0,0,06:07 PM,06:58 PM,259.37,33,2.89,None,1,1,0,7
S6035,2026-04-12,02:50 AM,Ganga,Hostel,0,0,0,0,0,0,302.57,89,32.09,None,0,0,0,6
S6036,2026-05-01,05:47 PM,Rajendra,Library,0,0,04:32 PM,07:02 PM,04:24 PM,07:42 PM,838.05,36,10.54,None,0,0,0,6
S6037,2026-04-25,08:49 PM,Ganga,Library,0,0,03:12 PM,10:43 PM,02:58 PM,11:34 PM,712.97,164,28.22,None,0,0,1,3
S6038,2026-04-26,08:08 PM,Yamuna,Mess,07:57 PM,08:19 PM,0,0,0,0,364.95,199,50.57,Dinner,0,0,1,3
S6039,2026-04-28,05:15 PM,Ganga,Library,0,0,04:04 PM,10:20 PM,03:59 PM,10:34 PM,716.74,122,18.04,None,0,0,1,4
S6040,2026-04-16,08:36 PM,Azad,Hostel,0,0,0,0,0,0,1209.04,23,14.93,None,0,0,0,6
S6041,2026-04-07,09:53 AM,Ganga,Library,0,0,09:26 AM,10:34 AM,09:13 AM,11:31 AM,784.65,172,32.96,None,1,1,0,8
S6042,2026-04-19,09:50 PM,Sarojini,Outside,0,0,0,0,08:01 PM,11:45 PM,240.74,63,9.03,None,0,0,0,6
S6043,2026-04-29,06:32 PM,Sarojini,Library,0,0,03:04 PM,09:11 PM,02:40 PM,10:06 PM,613.42,146,20.77,None,0,0,1,5
S6044,2026-04-28,07:24 AM,Yamuna,Hostel,0,0,0,0,0,0,314.32,91,33.02,None,0,0,1,7
S6045,2026-04-28,01:20 PM,Yamuna,Mess,01:20 PM,02:12 PM,0,0,0,0,325.71,52,32.18,Lunch,1,0,1,4
S6046,2026-04-07,03:05 PM,Ganga,Library,0,0,02:35 PM,04:02 PM,02:12 PM,04:56 PM,936.9,188,34.99,None,0,0,0,8
S6047,2026-04-17,04:41 PM,Sarojini,Hostel,0,0,0,0,0,0,298.5,67,25.0,None,0,0,0,7
S6048,2026-04-30,12:56 PM,Yamuna,Hostel,0,0,0,0,0,0,324.51,128,27.93,None,1,0,1,7
S6049,2026-04-11,09:40 AM,Sarojini,Library,0,0,09:26 AM,10:54 AM,09:11 AM,11:05 AM,711.05,188,40.97,None,1,1,0,5
S6050,2026-04-15,11:08 AM,Yamuna,Classroom,0,0,0,0,10:39 AM,01:03 PM,274.24,144,12.42,None,1,0,0,8
S6051,2026-04-19,09:09 PM,Azad,Mess,08:43 PM,09:15 PM,0,0,0,0,598.06,105,28.86,Dinner,0,0,0,7
S6052,2026-04-04,01:21 PM,Yamuna,Mess,01:15 PM,01:36 PM,0,0,0,0,426.63,197,46.2,Lunch,1,0,0,7
S6053,2026-04-23,12:10 AM,Sarojini,Outside,0,0,0,0,0,01:53 AM,119.31,54,8.01,None,0,0,1,5
S6054,2026-04-10,09:26 AM,Sarojini,Classroom,0,0,0,0,09:06 AM,10:10 AM,352.03,136,10.46,None,1,1,0,9
S6055,2026-04-11,10:56 PM,Azad,Library,0,0,10:47 PM,11:28 PM,10:24 PM,11:59 PM,725.19,44,18.02,None,0,0,0,7
S6056,2026-04-15,08:31 PM,Yamuna,Mess,08:07 PM,08:35 PM,0,0,0,0,501.85,176,48.72,Dinner,0,0,0,7
S6057,2026-04-24,09:16 AM,Sarojini,Hostel,0,0,0,0,0,0,359.71,86,25.65,None,0,0,1,4
S6058,2026-04-26,08:38 PM,Sarojini,Mess,08:10 PM,08:55 PM,0,0,0,0,510.69,122,38.18,Dinner,0,0,1,7
S6059,2026-04-11,08:06 PM,Rajendra,Hostel,0,0,0,0,0,0,1025.37,37,19.08,None,0,0,0,8
S6060,2026-04-27,02:37 PM,Yamuna,Mess,02:04 PM,03:00 PM,0,0,0,0,442.14,172,58.32,Lunch,0,0,1,5
S6061,2026-04-11,06:18 PM,Ganga,Library,0,0,06:14 PM,06:44 PM,05:49 PM,07:25 PM,501.73,70,17.43,None,0,0,0,8
S6062,2026-04-25,07:51 PM,Yamuna,Hostel,0,0,0,0,0,0,318.72,179,32.19,None,0,0,1,7
S6063,2026-04-12,02:54 PM,Ganga,Classroom,0,0,0,0,02:17 PM,04:12 PM,389.91,173,13.33,None,1,0,0,8
S6064,2026-04-25,12:22 PM,Azad,Mess,12:09 PM,12:37 PM,0,0,0,0,508.59,29,34.38,Lunch,1,0,1,5
S6065,2026-04-21,02:40 PM,Rajendra,Mess,02:16 PM,02:43 PM,0,0,0,0,660.41,63,37.8,Lunch,1,0,1,7
S6066,2026-04-27,08:20 PM,Azad,Library,0,0,07:56 PM,11:59 PM,07:51 PM,11:59 PM,768.16,165,29.97,None,0,0,1,6
S6067,2026-04-23,04:52 PM,Rajendra,Library,0,0,12:01 PM,07:26 PM,11:37 AM,08:07 PM,954.67,200,34.38,None,1,1,1,6
S6068,2026-04-09,08:30 PM,Yamuna,Mess,08:15 PM,09:01 PM,0,0,0,0,685.34,169,44.73,Dinner,0,0,0,8
S6069,2026-04-15,01:22 AM,Yamuna,Hostel,0,0,0,0,0,0,113.98,81,20.18,None,0,0,0,7
S6070,2026-04-28,09:59 PM,Sarojini,Mess,09:46 PM,10:06 PM,0,0,0,0,574.42,71,41.31,Dinner,0,0,1,3
S6071,2026-04-16,07:09 AM,Sarojini,Outside,0,0,0,0,06:36 AM,09:14 AM,233.92,146,9.31,None,0,0,0,3
S6072,2026-04-24,02:52 AM,Ganga,Outside,0,0,0,0,01:54 AM,04:45 AM,183.92,64,3.95,None,0,0,1,8
S6073,2026-04-02,02:44 PM,Rajendra,Mess,02:27 PM,02:55 PM,0,0,0,0,390.12,88,38.98,Lunch,0,0,0,5
S6074,2026-04-15,05:00 PM,Rajendra,Classroom,0,0,0,0,04:46 PM,05:40 PM,159.62,157,17.66,None,1,1,0,7
S6075,2026-04-02,10:06 AM,Yamuna,Mess,09:41 AM,10:16 AM,0,0,0,0,409.38,157,43.64,Breakfast,0,0,0,7
S6076,2026-04-02,08:53 AM,Rajendra,Mess,08:38 AM,08:59 AM,0,0,0,0,432.88,81,30.92,Breakfast,0,0,0,7
S6077,2026-04-09,07:09 AM,Azad,Mess,07:00 AM,07:25 AM,0,0,0,0,632.1,175,52.11,Breakfast,0,0,0,9
S6078,2026-04-13,11:21 PM,Sarojini,Outside,0,0,0,0,10:04 PM,11:59 PM,194.18,144,18.21,None,0,0,0,7
S6079,2026-04-11,08:22 AM,Yamuna,Mess,07:40 AM,08:30 AM,0,0,0,0,402.96,135,52.4,Breakfast,0,0,0,6
S6080,2026-04-28,06:55 PM,Azad,Library,0,0,05:10 PM,11:59 PM,04:50 PM,11:59 PM,974.43,189,20.1,None,0,0,1,4
S6081,2026-04-04,03:20 AM,Rajendra,Outside,0,0,0,0,02:43 AM,06:11 AM,147.34,99,8.04,None,0,0,0,10
S6082,2026-04-05,07:33 PM,Rajendra,Library,0,0,06:36 PM,08:46 PM,06:07 PM,08:57 PM,785.08,158,26.86,None,0,0,0,7
S6083,2026-04-07,02:15 PM,Sarojini,Mess,02:04 PM,02:55 PM,0,0,0,0,492.22,10,30.82,Lunch,1,0,0,8
S6084,2026-04-01,12:49 PM,Yamuna,Library,0,0,11:43 AM,02:23 PM,11:25 AM,03:03 PM,981.77,124,19.89,None,1,0,0,8
S6085,2026-04-29,06:22 PM,Yamuna,Library,0,0,11:37 AM,07:02 PM,11:12 AM,07:27 PM,815.5,10,12.61,None,0,0,1,3
S6086,2026-04-14,12:09 AM,Azad,Outside,0,0,0,0,0,03:04 AM,340.6,153,22.07,None,0,0,0,15
S6087,2026-04-12,10:56 AM,Yamuna,Library,0,0,09:02 AM,10:56 AM,08:49 AM,11:43 AM,802.17,117,27.09,None,0,0,0,7
S6088,2026-04-22,08:25 PM,Rajendra,Mess,08:07 PM,08:45 PM,0,0,0,0,483.69,150,32.58,Dinner,0,0,1,4
S6089,2026-04-05,02:01 PM,Azad,Classroom,0,0,0,0,01:25 PM,03:11 PM,121.05,164,13.52,None,1,0,0,17
S6090,2026-04-24,05:16 AM,Yamuna,Outside,0,0,0,0,03:48 AM,08:15 AM,265.61,124,13.66,None,0,0,1,4
S6091,2026-04-05,11:42 PM,Ganga,Library,0,0,10:48 PM,11:52 PM,10:25 PM,11:59 PM,711.74,180,23.87,None,0,0,0,4
S6092,2026-04-21,09:51 PM,Sarojini,Library,0,0,08:52 PM,11:59 PM,08:29 PM,11:59 PM,983.03,40,13.46,None,0,0,1,4
S6093,2026-05-01,11:56 AM,Azad,Outside,0,0,0,0,10:38 AM,02:32 PM,123.2,49,4.23,None,0,0,0,7
S6094,2026-04-05,03:31 AM,Yamuna,Hostel,0,0,0,0,0,0,169.6,171,35.01,None,0,0,0,15
S6095,2026-04-14,02:52 PM,Ganga,Mess,02:11 PM,03:11 PM,0,0,0,0,463.13,78,36.86,Lunch,0,0,0,8
S6096,2026-04-05,07:17 PM,Rajendra,Hostel,0,0,0,0,0,0,383.72,86,22.55,None,0,0,0,7
S6097,2026-04-28,09:52 AM,Azad,Outside,0,0,0,0,08:06 AM,12:09 PM,210.24,120,13.63,None,0,0,1,5
S6098,2026-04-26,04:13 PM,Rajendra,Library,0,0,12:42 PM,07:24 PM,12:28 PM,07:58 PM,579.53,76,17.68,None,0,0,1,7
S6099,2026-04-02,01:58 PM,Ganga,Mess,01:45 PM,02:21 PM,0,0,0,0,494.09,115,45.85,Lunch,0,0,0,7
S6100,2026-04-20,08:57 PM,Sarojini,Library,0,0,08:04 PM,11:59 PM,07:34 PM,11:59 PM,624.63,50,11.51,None,0,0,1,4
S6101,2026-04-27,12:03 PM,Sarojini,Library,0,0,10:08 AM,07:00 PM,10:01 AM,07:18 PM,1073.88,71,14.7,None,0,0,1,4
S6102,2026-04-02,08:22 PM,Rajendra,Mess,08:07 PM,08:40 PM,0,0,0,0,680.15,152,56.44,Dinner,0,0,0,7
S6103,2026-04-17,04:43 PM,Yamuna,Library,0,0,03:23 PM,05:11 PM,02:58 PM,06:01 PM,615.22,96,24.1,None,1,1,0,8
S6104,2026-04-27,11:14 PM,Azad,Library,0,0,10:15 PM,11:59 PM,10:01 PM,11:59 PM,580.63,71,17.86,None,0,0,1,5
S6105,2026-04-28,11:06 PM,Sarojini,Library,0,0,08:26 PM,11:59 PM,07:58 PM,11:59 PM,476.65,97,15.03,None,0,0,1,5
S6106,2026-04-21,08:49 PM,Ganga,Mess,08:46 PM,09:06 PM,0,0,0,0,525.01,153,45.83,Dinner,0,0,1,5
S6107,2026-04-17,10:04 PM,Azad,Hostel,0,0,0,0,0,0,1317.08,15,19.01,None,0,0,0,5
S6108,2026-04-13,12:35 PM,Yamuna,Mess,12:31 PM,01:03 PM,0,0,0,0,548.07,136,39.74,Lunch,1,0,0,6
S6109,2026-04-27,07:12 PM,Yamuna,Outside,0,0,0,0,05:48 PM,09:11 PM,380.0,107,12.14,None,0,0,1,3
S6110,2026-04-25,07:20 PM,Rajendra,Library,0,0,06:53 PM,11:59 PM,06:24 PM,11:59 PM,777.02,148,33.88,None,0,0,1,7
S6111,2026-04-02,08:14 PM,Yamuna,Mess,08:06 PM,08:26 PM,0,0,0,0,403.03,12,26.09,Dinner,0,0,0,7
S6112,2026-04-15,10:15 AM,Yamuna,Library,0,0,09:53 AM,10:51 AM,09:35 AM,11:21 AM,584.54,83,12.92,None,0,0,0,7
S6113,2026-04-22,10:58 PM,Azad,Library,0,0,04:58 PM,11:59 PM,04:40 PM,11:59 PM,874.65,60,14.93,None,0,0,1,7
S6114,2026-04-26,10:31 PM,Rajendra,Hostel,0,0,0,0,0,0,1257.33,172,28.69,None,0,0,1,8
S6115,2026-04-05,09:10 PM,Ganga,Outside,0,0,0,0,08:39 PM,11:45 PM,335.89,18,1.74,None,0,0,0,4
S6116,2026-04-03,12:50 PM,Yamuna,Classroom,0,0,0,0,12:37 PM,01:24 PM,247.82,122,12.3,None,1,0,0,6
S6117,2026-04-03,08:46 PM,Azad,Mess,08:45 PM,09:32 PM,0,0,0,0,463.18,179,45.15,Dinner,0,0,0,7
S6118,2026-04-29,04:51 PM,Yamuna,Hostel,0,0,0,0,0,0,217.69,93,22.74,None,1,1,1,7
S6119,2026-04-09,04:24 AM,Ganga,Hostel,0,0,0,0,0,0,149.32,164,32.5,None,0,0,0,8
S6120,2026-04-11,08:39 AM,Rajendra,Hostel,0,0,0,0,0,0,315.83,190,23.05,None,0,0,0,5
S6121,2026-04-15,12:54 PM,Rajendra,Outside,0,0,0,0,11:56 AM,03:26 PM,339.06,78,9.97,None,1,0,0,7
S6122,2026-04-20,09:17 PM,Sarojini,Hostel,0,0,0,0,0,0,1144.63,88,18.07,None,0,0,1,5
S6123,2026-04-05,10:34 AM,Rajendra,Library,0,0,10:06 AM,12:35 PM,09:53 AM,01:06 PM,820.84,88,20.89,None,0,0,0,9
S6124,2026-04-23,05:29 PM,Yamuna,Library,0,0,04:33 PM,11:59 PM,04:26 PM,11:59 PM,631.53,111,26.23,None,0,0,1,4
S6125,2026-04-05,08:21 AM,Ganga,Outside,0,0,0,0,07:15 AM,09:30 AM,172.3,118,16.34,None,0,0,0,8
S6126,2026-04-01,09:44 AM,Sarojini,Mess,09:42 AM,10:10 AM,0,0,0,0,481.28,113,44.1,Breakfast,0,0,0,6
S6127,2026-04-06,06:31 AM,Ganga,Outside,0,0,0,0,05:55 AM,08:32 AM,347.65,137,16.55,None,0,0,0,7
S6128,2026-04-09,12:29 PM,Azad,Library,0,0,11:21 AM,12:51 PM,11:03 AM,01:01 PM,700.2,144,25.84,None,0,0,0,6
S6129,2026-04-15,10:26 PM,Ganga,Hostel,0,0,0,0,0,0,1072.51,172,34.31,None,0,0,0,7
S6130,2026-04-14,01:03 PM,Sarojini,Library,0,0,11:42 AM,01:46 PM,11:29 AM,02:02 PM,896.29,98,24.28,None,1,0,0,7
S6131,2026-04-11,08:49 AM,Sarojini,Mess,08:42 AM,09:19 AM,0,0,0,0,403.87,167,56.42,Breakfast,0,0,0,7
S6132,2026-04-26,09:27 PM,Ganga,Library,0,0,06:33 PM,11:59 PM,06:11 PM,11:59 PM,753.94,141,24.46,None,0,0,1,5
S6133,2026-04-20,01:56 PM,Yamuna,Mess,01:17 PM,02:02 PM,0,0,0,0,548.77,11,40.48,Lunch,0,0,1,3
S6134,2026-04-06,03:39 AM,Yamuna,Hostel,0,0,0,0,0,0,330.21,74,22.94,None,0,0,0,9
S6135,2026-04-26,10:02 AM,Ganga,Mess,09:57 AM,10:28 AM,0,0,0,0,530.04,163,46.9,Breakfast,0,0,1,6
S6136,2026-04-21,03:27 PM,Ganga,Hostel,0,0,0,0,0,0,101.74,15,15.81,None,0,0,1,4
S6137,2026-04-07,10:54 PM,Rajendra,Library,0,0,10:34 PM,11:11 PM,10:16 PM,11:36 PM,927.7,54,21.81,None,0,0,0,8
S6138,2026-04-13,09:23 PM,Rajendra,Mess,09:00 PM,09:24 PM,0,0,0,0,572.87,11,40.41,Dinner,0,0,0,7
S6139,2026-04-22,01:47 AM,Rajendra,Outside,0,0,0,0,0,04:21 AM,218.74,61,8.88,None,0,0,1,3
S6140,2026-04-07,03:11 PM,Azad,Mess,02:45 PM,03:37 PM,0,0,0,0,394.81,14,33.27,Lunch,1,0,0,7
S6141,2026-04-11,12:04 AM,Ganga,Hostel,0,0,0,0,0,0,228.65,69,28.61,None,0,0,0,8
S6142,2026-04-25,08:52 AM,Sarojini,Mess,08:23 AM,09:02 AM,0,0,0,0,635.74,117,49.1,Breakfast,0,0,1,7
S6143,2026-04-30,09:51 PM,Azad,Mess,09:35 PM,10:28 PM,0,0,0,0,401.27,129,36.28,Dinner,0,0,1,5
S6144,2026-04-10,09:39 PM,Yamuna,Mess,09:24 PM,10:06 PM,0,0,0,0,395.99,44,29.43,Dinner,0,0,0,11
S6145,2026-04-26,10:20 AM,Yamuna,Mess,09:27 AM,10:20 AM,0,0,0,0,373.09,198,52.24,Breakfast,0,0,1,4
S6146,2026-04-21,02:51 PM,Rajendra,Mess,02:41 PM,03:01 PM,0,0,0,0,488.75,89,32.2,Lunch,1,0,1,4
S6147,2026-04-12,08:37 PM,Sarojini,Mess,08:30 PM,08:55 PM,0,0,0,0,294.25,166,48.09,Dinner,0,0,0,7
S6148,2026-04-28,09:56 AM,Rajendra,Mess,09:48 AM,10:31 AM,0,0,0,0,451.54,48,38.08,Breakfast,1,1,1,8
S6149,2026-04-03,02:51 PM,Rajendra,Library,0,0,02:35 PM,03:22 PM,02:25 PM,04:13 PM,730.66,154,26.02,None,0,0,0,5
S6150,2026-04-28,06:41 PM,Rajendra,Library,0,0,04:09 PM,11:04 PM,03:59 PM,11:30 PM,957.79,126,26.09,None,0,0,1,6
S6151,2026-04-29,11:17 PM,Ganga,Library,0,0,10:34 PM,11:59 PM,10:29 PM,11:59 PM,695.13,184,34.84,None,0,0,1,4
S6152,2026-04-06,11:51 PM,Rajendra,Outside,0,0,0,0,10:38 PM,11:59 PM,146.07,89,7.3,None,0,0,0,7
S6153,2026-04-17,10:38 AM,Azad,Library,0,0,09:42 AM,11:00 AM,09:12 AM,11:20 AM,978.96,91,18.89,None,0,0,0,8
S6154,2026-04-23,12:49 PM,Sarojini,Library,0,0,11:00 AM,04:47 PM,10:37 AM,05:17 PM,671.87,62,20.34,None,0,0,1,3
S6155,2026-04-20,08:38 AM,Sarojini,Mess,08:35 AM,09:25 AM,0,0,0,0,569.86,55,33.61,Breakfast,0,0,1,4
S6156,2026-04-20,07:46 AM,Azad,Hostel,0,0,0,0,0,0,315.75,122,27.29,None,0,0,1,7
S6157,2026-04-08,10:51 PM,Yamuna,Library,0,0,10:50 PM,11:59 PM,10:37 PM,11:59 PM,902.82,12,9.64,None,0,0,0,9
S6158,2026-04-20,03:03 AM,Ganga,Outside,0,0,0,0,01:23 AM,05:00 AM,231.55,167,17.29,None,0,0,1,5
S6159,2026-04-15,02:35 AM,Ganga,Hostel,0,0,0,0,0,0,329.65,39,23.07,None,0,0,0,8
S6160,2026-04-06,03:24 PM,Ganga,Mess,02:46 PM,03:30 PM,0,0,0,0,496.36,92,27.68,Lunch,1,0,0,8
S6161,2026-04-17,04:07 AM,Rajendra,Outside,0,0,0,0,02:25 AM,05:27 AM,372.97,131,17.94,None,0,0,0,16
S6162,2026-04-06,11:56 AM,Yamuna,Library,0,0,11:18 AM,01:34 PM,10:57 AM,02:22 PM,630.21,188,25.22,None,0,0,0,8
S6163,2026-04-25,08:29 PM,Ganga,Mess,07:56 PM,08:34 PM,0,0,0,0,667.49,39,39.53,Dinner,0,0,1,4
S6164,2026-04-13,04:46 PM,Yamuna,Library,0,0,04:17 PM,04:50 PM,04:00 PM,05:45 PM,647.0,37,11.78,None,1,1,0,8
S6165,2026-04-14,04:52 PM,Rajendra,Library,0,0,03:47 PM,05:32 PM,03:29 PM,06:06 PM,616.68,148,33.29,None,0,0,0,8
S6166,2026-04-26,11:00 PM,Rajendra,Hostel,0,0,0,0,0,0,1284.87,174,39.06,None,0,0,1,8
S6167,2026-04-06,07:38 AM,Azad,Mess,07:37 AM,08:22 AM,0,0,0,0,460.48,109,43.21,Breakfast,0,0,0,4
S6168,2026-04-19,10:03 PM,Azad,Mess,09:51 PM,10:43 PM,0,0,0,0,410.04,118,37.91,Dinner,0,0,0,7
S6169,2026-04-08,01:13 PM,Azad,Mess,12:31 PM,01:23 PM,0,0,0,0,308.26,79,25.36,Lunch,1,0,0,6
S6170,2026-04-27,05:19 PM,Rajendra,Outside,0,0,0,0,03:34 PM,07:41 PM,214.42,67,9.61,None,0,0,1,4
S6171,2026-04-05,03:28 PM,Ganga,Hostel,0,0,0,0,0,0,263.82,32,27.69,None,1,0,0,6
S6172,2026-04-30,09:36 AM,Sarojini,Hostel,0,0,0,0,0,0,251.53,149,34.19,None,0,0,1,7
S6173,2026-04-10,03:17 PM,Rajendra,Library,0,0,02:30 PM,04:45 PM,02:12 PM,05:27 PM,641.92,66,15.2,None,0,0,0,10
S6174,2026-04-15,07:33 AM,Rajendra,Outside,0,0,0,0,06:07 AM,10:24 AM,208.4,22,2.99,None,0,0,0,9
S6175,2026-04-19,01:36 PM,Azad,Hostel,0,0,0,0,0,0,164.83,49,27.22,None,0,0,0,7
S6176,2026-04-07,07:42 AM,Ganga,Mess,07:25 AM,07:49 AM,0,0,0,0,451.99,179,43.59,Breakfast,0,0,0,7
S6177,2026-04-10,12:11 AM,Yamuna,Hostel,0,0,0,0,0,0,135.83,151,29.74,None,0,0,0,8
S6178,2026-04-12,10:53 AM,Yamuna,Library,0,0,10:01 AM,11:09 AM,09:37 AM,11:23 AM,607.18,130,21.29,None,1,1,0,7
S6179,2026-04-20,12:23 PM,Ganga,Mess,12:17 PM,12:55 PM,0,0,0,0,220.26,165,47.88,Lunch,1,0,1,7
S6180,2026-05-01,06:57 PM,Sarojini,Library,0,0,06:04 PM,07:02 PM,05:53 PM,08:00 PM,947.7,24,15.03,None,0,0,0,15
S6181,2026-04-21,02:02 PM,Azad,Outside,0,0,0,0,12:25 PM,03:41 PM,133.05,72,3.74,None,0,0,1,4
S6182,2026-05-01,05:24 PM,Rajendra,Library,0,0,04:19 PM,06:48 PM,03:56 PM,07:43 PM,570.5,26,16.55,None,0,0,0,6
S6183,2026-04-04,10:02 PM,Rajendra,Mess,09:20 PM,10:07 PM,0,0,0,0,466.81,96,31.06,Dinner,0,0,0,6
S6184,2026-04-04,11:55 AM,Sarojini,Library,0,0,11:28 AM,01:17 PM,11:21 AM,01:49 PM,997.57,10,8.96,None,1,0,0,6
S6185,2026-04-29,10:09 PM,Azad,Mess,09:46 PM,10:13 PM,0,0,0,0,443.46,90,47.95,Dinner,0,0,1,7
S6186,2026-04-17,11:15 PM,Ganga,Hostel,0,0,0,0,0,0,1093.65,200,45.71,None,0,0,0,6
S6187,2026-04-24,10:53 PM,Rajendra,Library,0,0,10:25 PM,11:59 PM,10:04 PM,11:59 PM,674.14,163,26.86,None,0,0,1,6
S6188,2026-04-06,03:31 PM,Yamuna,Library,0,0,01:51 PM,03:37 PM,01:30 PM,03:57 PM,783.33,77,11.7,None,0,0,0,8
S6189,2026-04-07,09:14 PM,Yamuna,Mess,09:12 PM,09:48 PM,0,0,0,0,633.82,114,32.45,Dinner,0,0,0,7
S6190,2026-04-06,05:11 PM,Yamuna,Library,0,0,04:14 PM,05:38 PM,03:51 PM,05:50 PM,937.04,24,15.35,None,0,0,0,8
S6191,2026-04-20,08:52 PM,Sarojini,Mess,08:44 PM,09:06 PM,0,0,0,0,444.22,89,31.41,Dinner,0,0,1,4
S6192,2026-04-19,01:36 PM,Rajendra,Mess,01:10 PM,02:04 PM,0,0,0,0,258.09,75,26.41,Lunch,0,0,0,8
S6193,2026-04-05,03:59 PM,Azad,Outside,0,0,0,0,02:36 PM,06:44 PM,152.4,98,5.09,None,1,0,0,6
S6194,2026-04-27,09:57 PM,Ganga,Library,0,0,05:30 PM,10:30 PM,05:07 PM,11:28 PM,1047.79,184,28.03,None,0,0,1,5
S6195,2026-04-19,11:49 AM,Rajendra,Hostel,0,0,0,0,0,0,330.5,170,36.04,None,1,0,0,6
S6196,2026-04-17,02:43 PM,Ganga,Mess,02:23 PM,02:57 PM,0,0,0,0,257.1,165,51.21,Lunch,0,0,0,6
S6197,2026-04-18,05:59 AM,Rajendra,Hostel,0,0,0,0,0,0,223.27,134,35.27,None,0,0,0,8
S6198,2026-04-22,01:59 PM,Sarojini,Library,0,0,11:43 AM,08:21 PM,11:15 AM,09:06 PM,621.61,140,27.47,None,1,0,1,4
S6199,2026-04-16,08:46 PM,Sarojini,Library,0,0,08:08 PM,09:23 PM,07:51 PM,10:14 PM,885.14,135,20.9,None,0,0,0,8
S6200,2026-04-05,05:05 PM,Ganga,Library,0,0,05:02 PM,05:40 PM,04:40 PM,06:04 PM,690.16,97,23.21,None,0,0,0,6
S6201,2026-04-04,02:55 PM,Ganga,Mess,02:29 PM,02:57 PM,0,0,0,0,498.2,172,44.07,Lunch,1,0,0,6
S6202,2026-04-01,09:32 PM,Yamuna,Mess,09:30 PM,09:51 PM,0,0,0,0,518.18,65,36.14,Dinner,0,0,0,7
S6203,2026-04-13,04:15 PM,Rajendra,Library,0,0,03:05 PM,04:22 PM,02:46 PM,04:53 PM,792.71,99,15.47,None,0,0,0,6
S6204,2026-04-10,03:43 PM,Rajendra,Classroom,0,0,0,0,03:05 PM,04:23 PM,166.51,118,8.24,None,1,0,0,8
S6205,2026-04-11,01:12 AM,Ganga,Hostel,0,0,0,0,0,0,336.55,162,22.09,None,0,0,0,8
S6206,2026-04-05,04:02 AM,Azad,Hostel,0,0,0,0,0,0,172.88,135,34.52,None,0,0,0,13
S6207,2026-04-26,07:52 PM,Sarojini,Mess,07:39 PM,08:07 PM,0,0,0,0,675.99,171,37.42,Dinner,0,0,1,5
S6208,2026-04-30,10:34 PM,Azad,Hostel,0,0,0,0,0,0,891.95,189,33.29,None,0,0,1,4
S6209,2026-04-23,07:07 AM,Yamuna,Hostel,0,0,0,0,0,0,384.4,76,20.99,None,0,0,1,4
S6210,2026-04-01,02:06 PM,Rajendra,Outside,0,0,0,0,01:34 PM,04:18 PM,363.52,14,1.79,None,0,0,0,7
S6211,2026-04-05,08:23 PM,Ganga,Mess,08:11 PM,08:32 PM,0,0,0,0,380.28,88,31.31,Dinner,0,0,0,13
S6212,2026-04-03,01:08 PM,Azad,Outside,0,0,0,0,11:38 AM,03:03 PM,206.87,51,2.87,None,1,0,0,6
S6213,2026-04-19,07:54 AM,Rajendra,Mess,07:25 AM,07:59 AM,0,0,0,0,497.32,31,27.09,Breakfast,0,0,0,10
S6214,2026-04-14,02:27 PM,Yamuna,Hostel,0,0,0,0,0,0,246.0,122,28.34,None,0,0,0,9
S6215,2026-05-01,09:07 PM,Sarojini,Library,0,0,07:46 PM,10:10 PM,07:34 PM,10:44 PM,625.97,36,16.3,None,0,0,0,10
S6216,2026-04-17,02:12 PM,Azad,Mess,01:48 PM,02:40 PM,0,0,0,0,485.07,99,53.29,Lunch,1,0,0,8
S6217,2026-04-16,01:40 PM,Yamuna,Outside,0,0,0,0,12:43 PM,03:28 PM,314.51,93,8.81,None,0,0,0,7
S6218,2026-04-22,12:32 AM,Sarojini,Outside,0,0,0,0,0,02:08 AM,269.48,104,10.28,None,0,0,1,4
S6219,2026-04-23,10:12 PM,Rajendra,Mess,09:49 PM,10:32 PM,0,0,0,0,515.81,162,44.56,Dinner,0,0,1,8
S6220,2026-04-04,10:36 PM,Yamuna,Library,0,0,10:14 PM,11:59 PM,10:07 PM,11:59 PM,600.68,166,22.77,None,0,0,0,7
S6221,2026-04-11,09:37 PM,Yamuna,Mess,09:36 PM,10:00 PM,0,0,0,0,386.19,62,33.47,Dinner,0,0,0,10
S6222,2026-04-28,06:41 AM,Sarojini,Hostel,0,0,0,0,0,0,368.51,119,23.33,None,0,0,1,6
S6223,2026-04-07,08:36 PM,Azad,Mess,08:31 PM,09:12 PM,0,0,0,0,622.23,179,49.58,Dinner,0,0,0,10
S6224,2026-04-29,07:49 PM,Ganga,Hostel,0,0,0,0,0,0,166.27,132,39.19,None,0,0,1,5
S6225,2026-04-07,08:24 AM,Sarojini,Mess,08:23 AM,08:45 AM,0,0,0,0,500.28,143,35.44,Breakfast,0,0,0,9
S6226,2026-04-14,11:05 AM,Rajendra,Hostel,0,0,0,0,0,0,182.22,136,30.19,None,0,0,0,17
S6227,2026-04-18,03:13 PM,Ganga,Mess,02:55 PM,03:25 PM,0,0,0,0,395.94,126,44.96,Lunch,1,0,0,8
S6228,2026-04-10,09:59 PM,Azad,Mess,09:06 PM,10:05 PM,0,0,0,0,331.71,58,31.53,Dinner,0,0,0,10
S6229,2026-04-28,07:36 PM,Yamuna,Mess,07:18 PM,07:41 PM,0,0,0,0,430.35,119,42.43,Dinner,0,0,1,6
S6230,2026-04-24,10:06 PM,Yamuna,Library,0,0,08:52 PM,11:59 PM,08:25 PM,11:59 PM,713.0,19,13.79,None,0,0,1,4
S6231,2026-04-26,06:20 AM,Azad,Outside,0,0,0,0,05:08 AM,08:32 AM,373.06,18,1.93,None,0,0,1,5
S6232,2026-04-01,09:21 PM,Yamuna,Mess,09:20 PM,10:00 PM,0,0,0,0,472.2,197,43.67,Dinner,0,0,0,6
S6233,2026-04-01,05:20 PM,Yamuna,Outside,0,0,0,0,04:37 PM,07:22 PM,357.06,119,8.66,None,0,0,0,10
S6234,2026-04-23,07:02 PM,Azad,Library,0,0,11:53 AM,08:32 PM,11:35 AM,08:42 PM,698.29,192,28.19,None,0,0,1,8
S6235,2026-04-01,04:20 PM,Rajendra,Library,0,0,04:20 PM,05:23 PM,04:04 PM,06:00 PM,792.72,14,7.63,None,1,1,0,7
S6236,2026-04-16,04:55 PM,Azad,Library,0,0,04:03 PM,05:16 PM,03:37 PM,05:45 PM,700.55,131,24.14,None,0,0,0,9
S6237,2026-04-03,01:20 PM,Ganga,Mess,01:02 PM,01:40 PM,0,0,0,0,580.84,136,40.48,Lunch,0,0,0,4
S6238,2026-04-09,09:58 PM,Azad,Mess,09:37 PM,10:06 PM,0,0,0,0,618.06,128,31.53,Dinner,0,0,0,7
S6239,2026-04-04,06:30 PM,Azad,Outside,0,0,0,0,04:58 PM,08:38 PM,297.79,106,12.67,None,0,0,0,8
S6240,2026-04-11,07:22 AM,Ganga,Hostel,0,0,0,0,0,0,344.58,101,26.38,None,0,0,0,6
S6241,2026-04-02,07:26 AM,Azad,Mess,07:19 AM,08:14 AM,0,0,0,0,508.33,108,50.55,Breakfast,0,0,0,8
S6242,2026-04-27,09:32 AM,Sarojini,Mess,09:24 AM,10:09 AM,0,0,0,0,356.87,200,49.85,Breakfast,1,1,1,3
S6243,2026-04-26,09:09 PM,Sarojini,Mess,08:49 PM,09:23 PM,0,0,0,0,476.53,13,36.38,Dinner,0,0,1,7
S6244,2026-04-02,04:24 AM,Yamuna,Hostel,0,0,0,0,0,0,173.47,147,29.84,None,0,0,0,7
S6245,2026-04-10,03:14 PM,Rajendra,Library,0,0,02:50 PM,03:50 PM,02:34 PM,04:12 PM,675.83,52,16.96,None,0,0,0,8
S6246,2026-04-11,10:10 PM,Ganga,Library,0,0,09:41 PM,10:35 PM,09:24 PM,10:56 PM,820.83,160,23.3,None,0,0,0,6
S6247,2026-04-18,08:09 PM,Azad,Mess,08:01 PM,08:59 PM,0,0,0,0,378.83,167,40.65,Dinner,0,0,0,7
S6248,2026-04-14,10:12 PM,Yamuna,Library,0,0,09:02 PM,11:13 PM,08:40 PM,11:53 PM,874.93,102,23.25,None,0,0,0,6
S6249,2026-04-17,02:00 AM,Rajendra,Hostel,0,0,0,0,0,0,198.41,111,32.96,None,0,0,0,9
S6250,2026-04-07,09:28 AM,Sarojini,Mess,08:40 AM,09:29 AM,0,0,0,0,375.77,177,35.62,Breakfast,1,1,0,7
S6251,2026-04-18,03:07 AM,Azad,Outside,0,0,0,0,01:53 AM,05:19 AM,121.41,199,21.6,None,0,0,0,6
S6252,2026-04-27,06:59 PM,Ganga,Library,0,0,03:12 PM,10:32 PM,03:03 PM,10:44 PM,977.82,78,20.82,None,0,0,1,4
S6253,2026-04-06,11:19 AM,Yamuna,Classroom,0,0,0,0,11:05 AM,01:01 PM,324.03,60,6.89,None,1,0,0,8
S6254,2026-04-04,01:55 PM,Sarojini,Library,0,0,01:55 PM,03:21 PM,01:27 PM,03:43 PM,798.84,29,11.7,None,0,0,0,6
S6255,2026-04-04,11:21 PM,Rajendra,Hostel,0,0,0,0,0,0,1041.55,171,36.11,None,0,0,0,7
S6256,2026-04-05,09:43 PM,Rajendra,Library,0,0,09:02 PM,09:54 PM,08:40 PM,10:09 PM,539.12,177,32.04,None,0,0,0,10
S6257,2026-04-23,11:37 AM,Rajendra,Hostel,0,0,0,0,0,0,301.42,59,24.6,None,0,0,1,4
S6258,2026-04-18,09:31 PM,Sarojini,Library,0,0,06:53 PM,09:47 PM,06:23 PM,10:06 PM,547.92,171,18.42,None,0,0,0,6
S6259,2026-05-01,08:16 PM,Sarojini,Outside,0,0,0,0,07:18 PM,09:42 PM,211.22,182,18.31,None,0,0,0,5
S6260,2026-04-20,04:01 PM,Sarojini,Library,0,0,01:04 PM,08:34 PM,12:34 PM,08:56 PM,886.16,75,19.56,None,0,0,1,5
S6261,2026-04-09,09:37 PM,Yamuna,Mess,09:36 PM,10:10 PM,0,0,0,0,440.68,56,38.05,Dinner,0,0,0,8
S6262,2026-04-10,01:48 PM,Azad,Hostel,0,0,0,0,0,0,229.55,20,19.79,None,0,0,0,9
S6263,2026-04-29,07:28 PM,Yamuna,Library,0,0,03:59 PM,10:50 PM,03:49 PM,11:47 PM,1078.59,82,19.55,None,0,0,1,3
S6264,2026-04-01,02:47 PM,Sarojini,Mess,02:30 PM,03:09 PM,0,0,0,0,415.35,16,23.2,Lunch,1,0,0,8
S6265,2026-04-16,07:50 PM,Yamuna,Mess,07:44 PM,08:08 PM,0,0,0,0,549.49,134,44.28,Dinner,0,0,0,8
S6266,2026-05-01,02:20 PM,Azad,Library,0,0,02:12 PM,02:48 PM,01:46 PM,03:42 PM,748.3,166,28.65,None,0,0,0,8
S6267,2026-04-06,07:42 AM,Rajendra,Hostel,0,0,0,0,0,0,200.98,14,23.27,None,0,0,0,7
S6268,2026-04-07,09:15 AM,Ganga,Mess,08:40 AM,09:39 AM,0,0,0,0,508.64,71,30.87,Breakfast,0,0,0,7
S6269,2026-04-05,07:43 AM,Yamuna,Hostel,0,0,0,0,0,0,331.47,30,25.71,None,0,0,0,7
S6270,2026-04-01,12:35 AM,Yamuna,Hostel,0,0,0,0,0,0,177.55,52,18.5,None,0,0,0,7
S6271,2026-05-01,11:31 AM,Rajendra,Classroom,0,0,0,0,11:06 AM,12:03 PM,380.74,162,15.2,None,1,0,0,7
S6272,2026-04-15,07:33 PM,Yamuna,Library,0,0,05:58 PM,08:00 PM,05:43 PM,08:21 PM,621.08,69,16.16,None,0,0,0,7
S6273,2026-04-11,09:15 PM,Yamuna,Library,0,0,08:34 PM,09:31 PM,08:22 PM,10:27 PM,1043.98,108,21.63,None,0,0,0,9
S6274,2026-04-06,11:17 AM,Azad,Classroom,0,0,0,0,10:55 AM,01:07 PM,236.57,119,16.26,None,1,0,0,8
S6275,2026-04-02,08:00 AM,Sarojini,Mess,07:38 AM,08:02 AM,0,0,0,0,427.54,172,48.53,Breakfast,0,0,0,6
S6276,2026-04-08,05:15 PM,Sarojini,Library,0,0,04:27 PM,05:50 PM,04:20 PM,06:21 PM,921.3,18,9.11,None,0,0,0,6
S6277,2026-04-20,04:03 AM,Yamuna,Outside,0,0,0,0,03:33 AM,06:47 AM,162.49,85,6.82,None,0,0,1,7
S6278,2026-04-16,07:05 PM,Rajendra,Library,0,0,06:37 PM,07:35 PM,06:24 PM,07:46 PM,687.59,161,32.28,None,0,0,0,6
S6279,2026-04-09,12:59 PM,Sarojini,Mess,12:31 PM,01:01 PM,0,0,0,0,268.6,159,44.84,Lunch,1,0,0,7
S6280,2026-04-11,10:34 AM,Rajendra,Library,0,0,09:28 AM,11:08 AM,09:10 AM,12:05 PM,463.81,136,31.77,None,1,1,0,7
S6281,2026-04-23,02:59 PM,Rajendra,Library,0,0,09:28 AM,06:10 PM,09:06 AM,06:42 PM,673.5,144,21.27,None,1,0,1,6
S6282,2026-04-11,12:19 PM,Sarojini,Library,0,0,10:58 AM,12:26 PM,10:33 AM,01:21 PM,746.31,175,25.7,None,1,0,0,8
S6283,2026-04-03,10:16 PM,Azad,Library,0,0,09:43 PM,11:59 PM,09:30 PM,11:59 PM,908.48,21,12.74,None,0,0,0,9
S6284,2026-04-22,02:44 PM,Ganga,Classroom,0,0,0,0,02:13 PM,04:20 PM,123.12,107,15.0,None,1,0,1,6
S6285,2026-04-14,08:22 PM,Ganga,Mess,08:09 PM,08:41 PM,0,0,0,0,408.12,68,32.1,Dinner,0,0,0,7
S6286,2026-04-08,09:45 PM,Sarojini,Mess,09:33 PM,09:55 PM,0,0,0,0,367.82,67,32.53,Dinner,0,0,0,7
S6287,2026-04-08,09:02 PM,Yamuna,Mess,08:40 PM,09:10 PM,0,0,0,0,523.18,159,45.75,Dinner,0,0,0,7
S6288,2026-04-29,07:44 PM,Yamuna,Mess,07:32 PM,08:26 PM,0,0,0,0,506.06,148,36.03,Dinner,0,0,1,4
S6289,2026-04-18,10:14 AM,Rajendra,Library,0,0,10:04 AM,10:55 AM,09:59 AM,11:13 AM,907.96,106,25.24,None,1,1,0,5
S6290,2026-04-10,01:40 PM,Yamuna,Mess,01:01 PM,01:56 PM,0,0,0,0,559.13,132,38.89,Lunch,1,0,0,6
S6291,2026-04-07,05:03 AM,Azad,Outside,0,0,0,0,03:55 AM,06:26 AM,130.11,18,1.51,None,0,0,0,8
S6292,2026-04-16,02:01 PM,Azad,Mess,01:47 PM,02:37 PM,0,0,0,0,223.62,49,26.16,Lunch,1,0,0,10
S6293,2026-04-05,10:49 AM,Ganga,Library,0,0,09:25 AM,12:19 PM,09:10 AM,01:16 PM,841.01,95,16.83,None,0,0,0,7
S6294,2026-04-12,02:21 PM,Sarojini,Library,0,0,12:46 PM,03:09 PM,12:35 PM,03:51 PM,669.08,71,17.4,None,0,0,0,8
S6295,2026-04-28,11:02 PM,Yamuna,Library,0,0,10:26 PM,11:59 PM,10:07 PM,11:59 PM,672.3,23,9.54,None,0,0,1,4
S6296,2026-04-03,05:06 AM,Ganga,Outside,0,0,0,0,03:47 AM,07:44 AM,174.91,87,9.77,None,0,0,0,4
S6297,2026-04-23,10:28 PM,Azad,Outside,0,0,0,0,09:10 PM,11:43 PM,296.58,64,5.14,None,0,0,1,4
S6298,2026-04-04,11:39 AM,Ganga,Classroom,0,0,0,0,11:05 AM,12:57 PM,119.14,97,12.21,None,1,0,0,6
S6299,2026-04-12,03:49 AM,Yamuna,Outside,0,0,0,0,02:17 AM,05:46 AM,172.63,40,3.31,None,0,0,0,7
S6300,2026-04-05,08:36 AM,Azad,Mess,07:51 AM,08:41 AM,0,0,0,0,504.26,19,38.73,Breakfast,0,0,0,7
S6301,2026-04-27,04:00 PM,Sarojini,Library,0,0,03:42 PM,10:33 PM,03:28 PM,11:32 PM,806.23,173,23.16,None,1,1,1,8
S6302,2026-04-08,04:48 PM,Yamuna,Library,0,0,03:53 PM,05:02 PM,03:34 PM,05:36 PM,681.65,182,38.5,None,0,0,0,7
S6303,2026-05-01,05:23 PM,Azad,Library,0,0,05:05 PM,06:49 PM,04:44 PM,07:31 PM,806.46,33,11.79,None,0,0,0,6
S6304,2026-04-02,03:32 PM,Rajendra,Classroom,0,0,0,0,03:09 PM,05:15 PM,356.94,144,7.21,None,1,0,0,6
S6305,2026-04-22,06:20 AM,Yamuna,Hostel,0,0,0,0,0,0,301.16,93,34.48,None,0,0,1,6
S6306,2026-04-13,02:00 PM,Ganga,Mess,01:51 PM,02:13 PM,0,0,0,0,633.21,143,53.65,Lunch,1,0,0,7
S6307,2026-04-26,03:27 PM,Ganga,Library,0,0,02:25 PM,07:43 PM,02:17 PM,08:03 PM,535.08,24,9.02,None,1,0,1,5
S6308,2026-04-17,05:34 PM,Yamuna,Library,0,0,05:02 PM,06:09 PM,04:37 PM,06:49 PM,626.87,17,7.5,None,0,0,0,7
S6309,2026-04-16,01:58 PM,Sarojini,Hostel,0,0,0,0,0,0,264.63,170,23.68,None,0,0,0,6
S6310,2026-04-03,08:29 PM,Yamuna,Mess,07:43 PM,08:40 PM,0,0,0,0,362.68,95,32.18,Dinner,0,0,0,7
S6311,2026-04-28,06:46 PM,Sarojini,Outside,0,0,0,0,06:15 PM,08:08 PM,309.1,166,20.26,None,0,0,1,4
S6312,2026-04-22,08:10 AM,Yamuna,Classroom,0,0,0,0,07:50 AM,09:32 AM,316.72,88,5.33,None,1,1,1,5
S6313,2026-04-25,08:25 PM,Azad,Library,0,0,03:21 PM,09:58 PM,03:04 PM,10:38 PM,806.4,71,12.3,None,0,0,1,4
S6314,2026-04-04,12:31 AM,Yamuna,Hostel,0,0,0,0,0,0,376.01,28,12.79,None,0,0,0,5
S6315,2026-04-22,08:23 AM,Ganga,Mess,08:12 AM,08:40 AM,0,0,0,0,488.97,193,37.18,Breakfast,0,0,1,5
S6316,2026-04-02,04:27 AM,Yamuna,Outside,0,0,0,0,02:46 AM,05:36 AM,146.44,82,5.78,None,0,0,0,7
S6317,2026-04-21,09:08 PM,Azad,Mess,08:22 PM,09:18 PM,0,0,0,0,599.88,85,33.98,Dinner,0,0,1,8
S6318,2026-04-22,02:47 AM,Sarojini,Hostel,0,0,0,0,0,0,279.34,143,28.05,None,0,0,1,7
S6319,2026-04-28,05:33 PM,Yamuna,Library,0,0,12:15 PM,08:57 PM,11:51 AM,09:34 PM,801.14,141,27.45,None,0,0,1,3
S6320,2026-04-27,05:05 PM,Yamuna,Library,0,0,05:04 PM,10:29 PM,04:42 PM,11:28 PM,953.17,47,15.75,None,0,0,1,4
S6321,2026-04-14,06:05 AM,Azad,Outside,0,0,0,0,05:18 AM,08:53 AM,281.46,170,15.71,None,0,0,0,6
S6322,2026-05-01,10:18 PM,Ganga,Mess,09:57 PM,10:33 PM,0,0,0,0,530.83,125,41.86,Dinner,0,0,0,6
S6323,2026-04-27,09:37 PM,Ganga,Library,0,0,03:23 PM,10:38 PM,03:01 PM,11:17 PM,680.69,199,39.42,None,0,0,1,7
S6324,2026-04-18,09:44 PM,Yamuna,Mess,09:13 PM,09:52 PM,0,0,0,0,361.24,45,43.28,Dinner,0,0,0,8
S6325,2026-04-22,02:55 PM,Yamuna,Mess,02:53 PM,03:16 PM,0,0,0,0,386.46,89,41.89,Lunch,0,0,1,6
S6326,2026-04-12,10:51 PM,Yamuna,Library,0,0,10:35 PM,11:59 PM,10:06 PM,11:59 PM,852.55,109,22.51,None,0,0,0,6
S6327,2026-04-07,09:15 AM,Azad,Mess,08:31 AM,09:24 AM,0,0,0,0,396.55,172,39.25,Breakfast,0,0,0,6
S6328,2026-04-01,09:12 AM,Azad,Mess,08:43 AM,09:23 AM,0,0,0,0,257.27,115,39.25,Breakfast,1,1,0,8
S6329,2026-04-10,02:43 PM,Ganga,Mess,02:39 PM,03:27 PM,0,0,0,0,494.04,92,46.98,Lunch,0,0,0,8
S6330,2026-04-04,01:01 PM,Yamuna,Library,0,0,12:30 PM,02:34 PM,12:20 PM,03:13 PM,747.66,68,21.72,None,0,0,0,13
S6331,2026-04-25,08:27 AM,Ganga,Mess,08:12 AM,08:34 AM,0,0,0,0,429.23,31,41.07,Breakfast,0,0,1,8
S6332,2026-04-21,08:17 PM,Sarojini,Mess,07:38 PM,08:26 PM,0,0,0,0,535.84,169,31.28,Dinner,0,0,1,5
S6333,2026-05-01,11:20 AM,Yamuna,Classroom,0,0,0,0,10:53 AM,12:21 PM,303.51,138,12.59,None,1,0,0,8
S6334,2026-04-29,07:52 PM,Azad,Mess,07:16 PM,08:15 PM,0,0,0,0,482.63,20,28.2,Dinner,0,0,1,5
S6335,2026-04-23,09:03 PM,Sarojini,Mess,08:24 PM,09:03 PM,0,0,0,0,353.15,104,34.18,Dinner,0,0,1,6
S6336,2026-04-27,03:51 AM,Azad,Outside,0,0,0,0,03:21 AM,04:57 AM,277.08,56,4.92,None,0,0,1,4
S6337,2026-04-01,08:55 AM,Rajendra,Hostel,0,0,0,0,0,0,153.6,96,21.82,None,0,0,0,5
S6338,2026-04-09,05:25 PM,Azad,Library,0,0,05:21 PM,05:54 PM,05:07 PM,06:13 PM,626.29,132,17.77,None,0,0,0,7
S6339,2026-04-18,01:20 AM,Yamuna,Hostel,0,0,0,0,0,0,278.79,192,35.73,None,0,0,0,7
S6340,2026-04-05,01:45 PM,Azad,Classroom,0,0,0,0,01:20 PM,02:24 PM,258.49,127,17.48,None,1,0,0,8
S6341,2026-04-16,07:46 AM,Rajendra,Hostel,0,0,0,0,0,0,244.27,114,27.77,None,0,0,0,7
S6342,2026-05-01,04:44 AM,Ganga,Outside,0,0,0,0,03:55 AM,07:20 AM,151.06,118,6.74,None,0,0,0,7
S6343,2026-04-12,06:18 AM,Rajendra,Hostel,0,0,0,0,0,0,367.34,161,41.38,None,0,0,0,8
S6344,2026-04-05,12:30 AM,Azad,Hostel,0,0,0,0,0,0,170.36,24,24.65,None,0,0,0,3
S6345,2026-04-08,03:16 PM,Sarojini,Mess,02:57 PM,03:53 PM,0,0,0,0,466.12,88,39.33,Lunch,0,0,0,8
S6346,2026-04-21,10:09 PM,Ganga,Outside,0,0,0,0,09:08 PM,11:59 PM,205.43,60,3.85,None,0,0,1,7
S6347,2026-04-06,06:12 PM,Azad,Library,0,0,05:35 PM,06:33 PM,05:28 PM,06:51 PM,760.42,140,24.39,None,0,0,0,6
S6348,2026-04-09,02:59 PM,Rajendra,Outside,0,0,0,0,01:12 PM,05:17 PM,310.06,107,13.7,None,0,0,0,4
S6349,2026-04-08,11:06 PM,Ganga,Library,0,0,10:48 PM,11:20 PM,10:22 PM,11:34 PM,852.11,75,19.38,None,0,0,0,8
S6350,2026-04-17,01:27 PM,Ganga,Mess,01:06 PM,01:40 PM,0,0,0,0,379.59,71,32.48,Lunch,0,0,0,6
S6351,2026-04-24,09:48 AM,Ganga,Mess,09:20 AM,09:57 AM,0,0,0,0,498.65,55,32.21,Breakfast,1,1,1,7
S6352,2026-04-10,03:54 PM,Rajendra,Library,0,0,03:49 PM,05:05 PM,03:22 PM,05:36 PM,779.58,103,21.46,None,0,0,0,16
S6353,2026-04-20,07:38 PM,Yamuna,Mess,07:35 PM,08:33 PM,0,0,0,0,487.63,135,37.34,Dinner,0,0,1,4
S6354,2026-04-25,07:54 PM,Ganga,Mess,07:36 PM,07:59 PM,0,0,0,0,332.79,65,23.74,Dinner,0,0,1,6
S6355,2026-04-09,08:52 AM,Sarojini,Mess,08:25 AM,08:59 AM,0,0,0,0,468.6,113,34.15,Breakfast,0,0,0,9
S6356,2026-04-10,07:56 PM,Azad,Library,0,0,07:53 PM,10:42 PM,07:40 PM,10:55 PM,743.25,90,23.82,None,0,0,0,7
S6357,2026-04-07,09:29 AM,Azad,Library,0,0,09:04 AM,11:53 AM,08:43 AM,12:38 PM,574.67,55,11.36,None,1,1,0,9
S6358,2026-04-11,06:31 PM,Sarojini,Library,0,0,05:32 PM,06:31 PM,05:16 PM,07:10 PM,758.92,10,15.97,None,0,0,0,8
S6359,2026-04-13,10:06 PM,Yamuna,Library,0,0,09:41 PM,10:56 PM,09:12 PM,11:37 PM,598.62,44,19.58,None,0,0,0,8
S6360,2026-04-25,08:53 PM,Ganga,Library,0,0,06:46 PM,11:59 PM,06:38 PM,11:59 PM,633.47,28,16.79,None,0,0,1,4
S6361,2026-04-01,10:56 PM,Rajendra,Outside,0,0,0,0,10:22 PM,11:59 PM,144.16,59,6.23,None,0,0,0,8
S6362,2026-04-05,05:34 PM,Ganga,Classroom,0,0,0,0,05:19 PM,07:13 PM,234.85,96,6.72,None,1,1,0,8
S6363,2026-04-06,02:31 AM,Azad,Outside,0,0,0,0,12:45 AM,04:02 AM,375.31,156,10.95,None,0,0,0,9
S6364,2026-04-26,04:26 PM,Sarojini,Library,0,0,02:36 PM,10:16 PM,02:20 PM,11:10 PM,754.86,165,26.93,None,0,0,1,7
S6365,2026-05-01,04:12 PM,Ganga,Outside,0,0,0,0,02:42 PM,06:01 PM,327.78,159,18.52,None,1,1,0,9
S6366,2026-04-17,02:57 PM,Sarojini,Library,0,0,01:08 PM,03:21 PM,12:39 PM,03:47 PM,913.81,198,35.41,None,0,0,0,7
S6367,2026-04-14,09:25 PM,Azad,Library,0,0,08:53 PM,11:10 PM,08:27 PM,11:50 PM,810.49,103,22.1,None,0,0,0,9
S6368,2026-04-18,07:37 PM,Rajendra,Library,0,0,07:31 PM,08:31 PM,07:25 PM,08:53 PM,774.9,129,30.26,None,0,0,0,4
S6369,2026-04-20,09:25 PM,Rajendra,Outside,0,0,0,0,07:36 PM,11:10 PM,125.61,131,7.19,None,0,0,1,6
S6370,2026-04-17,09:11 PM,Ganga,Library,0,0,08:56 PM,10:27 PM,08:39 PM,11:27 PM,711.39,105,26.24,None,0,0,0,6
S6371,2026-04-26,09:17 AM,Azad,Mess,08:59 AM,09:51 AM,0,0,0,0,517.23,122,47.81,Breakfast,1,1,1,3
S6372,2026-04-28,10:54 PM,Sarojini,Library,0,0,09:50 PM,11:59 PM,09:21 PM,11:59 PM,727.56,81,22.38,None,0,0,1,5
S6373,2026-04-05,01:49 PM,Ganga,Outside,0,0,0,0,12:37 PM,03:10 PM,329.43,176,15.91,None,0,0,0,7
S6374,2026-04-08,08:04 AM,Yamuna,Mess,07:51 AM,08:18 AM,0,0,0,0,509.77,114,47.62,Breakfast,0,0,0,7
S6375,2026-04-27,05:50 PM,Rajendra,Library,0,0,01:35 PM,09:19 PM,01:25 PM,10:04 PM,446.38,21,12.48,None,0,0,1,4
S6376,2026-04-17,07:38 PM,Rajendra,Hostel,0,0,0,0,0,0,351.66,128,23.96,None,0,0,0,6
S6377,2026-04-30,05:03 PM,Sarojini,Library,0,0,03:36 PM,09:17 PM,03:19 PM,09:42 PM,1043.49,151,17.76,None,0,0,1,3
S6378,2026-04-07,02:02 PM,Azad,Mess,01:22 PM,02:10 PM,0,0,0,0,353.53,130,42.53,Lunch,0,0,0,6
S6379,2026-04-15,09:42 AM,Sarojini,Mess,09:24 AM,09:49 AM,0,0,0,0,428.14,200,46.13,Breakfast,0,0,0,13
S6380,2026-05-01,09:59 PM,Sarojini,Mess,09:52 PM,10:33 PM,0,0,0,0,569.62,194,36.51,Dinner,0,0,0,8
S6381,2026-04-29,05:03 AM,Ganga,Hostel,0,0,0,0,0,0,377.55,194,28.03,None,0,0,1,3
S6382,2026-04-11,11:31 AM,Sarojini,Library,0,0,10:40 AM,12:14 PM,10:23 AM,12:45 PM,732.28,167,24.62,None,1,0,0,14
S6383,2026-04-30,05:40 PM,Azad,Library,0,0,01:33 PM,08:51 PM,01:07 PM,09:12 PM,710.37,140,22.7,None,0,0,1,6
S6384,2026-04-05,09:50 AM,Azad,Library,0,0,09:48 AM,11:56 AM,09:34 AM,12:15 PM,521.08,45,10.65,None,0,0,0,6
S6385,2026-04-16,09:03 PM,Ganga,Outside,0,0,0,0,07:28 PM,11:35 PM,110.56,114,12.18,None,0,0,0,8
S6386,2026-04-04,09:51 AM,Rajendra,Mess,09:35 AM,10:34 AM,0,0,0,0,451.33,176,54.6,Breakfast,0,0,0,7
S6387,2026-04-15,01:57 PM,Ganga,Library,0,0,12:52 PM,02:59 PM,12:30 PM,03:20 PM,896.96,185,38.06,None,1,0,0,8
S6388,2026-04-10,12:00 AM,Yamuna,Hostel,0,0,0,0,0,0,309.19,63,19.98,None,0,0,0,8
S6389,2026-04-07,02:46 PM,Sarojini,Library,0,0,01:33 PM,04:28 PM,01:07 PM,05:11 PM,829.0,137,21.9,None,1,0,0,6
S6390,2026-04-02,12:01 PM,Yamuna,Library,0,0,10:50 AM,12:19 PM,10:45 AM,12:30 PM,961.61,27,12.32,None,1,0,0,7
S6391,2026-04-27,01:42 PM,Azad,Mess,01:24 PM,02:15 PM,0,0,0,0,324.47,66,39.14,Lunch,1,0,1,7
S6392,2026-04-28,11:46 PM,Yamuna,Library,0,0,09:18 PM,11:59 PM,08:59 PM,11:59 PM,807.29,187,34.01,None,0,0,1,6
S6393,2026-04-05,07:24 PM,Yamuna,Hostel,0,0,0,0,0,0,294.64,110,35.63,None,0,0,0,7
S6394,2026-04-17,04:16 PM,Rajendra,Hostel,0,0,0,0,0,0,276.7,157,39.46,None,1,1,0,9
S6395,2026-04-14,08:19 AM,Sarojini,Mess,08:16 AM,08:47 AM,0,0,0,0,490.43,106,35.84,Breakfast,0,0,0,9
S6396,2026-05-01,08:12 AM,Ganga,Mess,08:07 AM,08:32 AM,0,0,0,0,410.9,168,52.85,Breakfast,0,0,0,16
S6397,2026-04-27,01:03 PM,Rajendra,Outside,0,0,0,0,11:48 AM,03:08 PM,161.91,107,15.11,None,1,0,1,6
S6398,2026-04-01,11:00 AM,Yamuna,Outside,0,0,0,0,10:08 AM,12:24 PM,212.12,193,20.81,None,0,0,0,4
S6399,2026-04-26,01:51 AM,Yamuna,Hostel,0,0,0,0,0,0,198.35,169,48.49,None,0,0,1,8
S6400,2026-04-02,06:02 PM,Rajendra,Library,0,0,04:43 PM,07:13 PM,04:16 PM,07:38 PM,934.04,88,22.59,None,0,0,0,6
S6401,2026-04-05,09:52 AM,Rajendra,Classroom,0,0,0,0,09:23 AM,11:31 AM,250.21,26,3.75,None,1,1,0,3
S6402,2026-04-23,05:08 PM,Rajendra,Library,0,0,04:39 PM,10:19 PM,04:11 PM,11:17 PM,801.42,76,16.73,None,0,0,1,7
S6403,2026-04-23,12:51 PM,Azad,Outside,0,0,0,0,11:06 AM,03:03 PM,220.2,52,5.28,None,0,0,1,4
S6404,2026-04-18,09:14 PM,Sarojini,Mess,08:34 PM,09:20 PM,0,0,0,0,443.4,37,27.37,Dinner,0,0,0,6
S6405,2026-04-26,06:41 PM,Yamuna,Library,0,0,06:01 PM,11:59 PM,05:44 PM,11:59 PM,652.27,194,27.85,None,0,0,1,6
S6406,2026-04-18,09:43 PM,Azad,Mess,09:43 PM,10:14 PM,0,0,0,0,226.22,153,43.71,Dinner,0,0,0,7
S6407,2026-04-17,02:04 PM,Ganga,Mess,01:49 PM,02:14 PM,0,0,0,0,465.69,75,28.44,Lunch,1,0,0,9
S6408,2026-04-14,09:20 AM,Ganga,Mess,08:35 AM,09:25 AM,0,0,0,0,291.46,13,39.96,Breakfast,0,0,0,6
S6409,2026-04-18,08:15 AM,Azad,Mess,07:54 AM,08:24 AM,0,0,0,0,591.56,21,27.4,Breakfast,0,0,0,5
S6410,2026-04-29,04:24 PM,Azad,Library,0,0,12:50 PM,06:45 PM,12:35 PM,07:08 PM,668.95,13,15.87,None,1,1,1,7
S6411,2026-04-05,10:49 PM,Rajendra,Hostel,0,0,0,0,0,0,776.39,26,21.92,None,0,0,0,4
S6412,2026-04-09,11:35 AM,Azad,Outside,0,0,0,0,10:26 AM,02:20 PM,397.92,51,4.26,None,0,0,0,7
S6413,2026-04-28,09:56 PM,Rajendra,Mess,09:51 PM,10:41 PM,0,0,0,0,483.75,46,43.18,Dinner,0,0,1,4
S6414,2026-04-16,11:02 AM,Sarojini,Outside,0,0,0,0,10:03 AM,12:11 PM,185.22,62,5.57,None,1,0,0,8
S6415,2026-04-26,07:38 PM,Yamuna,Hostel,0,0,0,0,0,0,342.91,186,41.53,None,0,0,1,5
S6416,2026-04-06,07:55 AM,Yamuna,Hostel,0,0,0,0,0,0,192.94,161,38.28,None,0,0,0,16
S6417,2026-04-21,12:54 PM,Yamuna,Mess,12:27 PM,01:01 PM,0,0,0,0,580.69,110,40.85,Lunch,1,0,1,3
S6418,2026-04-27,04:45 PM,Sarojini,Hostel,0,0,0,0,0,0,103.82,113,37.69,None,1,1,1,4
S6419,2026-04-04,02:00 PM,Sarojini,Library,0,0,12:38 PM,02:35 PM,12:30 PM,03:35 PM,871.86,147,17.62,None,0,0,0,8
S6420,2026-04-14,01:08 PM,Azad,Mess,12:59 PM,01:20 PM,0,0,0,0,342.42,61,26.83,Lunch,0,0,0,7
S6421,2026-04-10,05:16 AM,Azad,Hostel,0,0,0,0,0,0,390.83,18,23.21,None,0,0,0,3
S6422,2026-04-26,10:02 PM,Sarojini,Mess,09:42 PM,10:37 PM,0,0,0,0,450.23,118,44.71,Dinner,0,0,1,4
S6423,2026-04-26,12:21 PM,Sarojini,Mess,12:04 PM,12:56 PM,0,0,0,0,244.15,157,45.05,Lunch,0,0,1,4
S6424,2026-04-18,11:04 AM,Sarojini,Library,0,0,09:54 AM,11:52 AM,09:42 AM,12:05 PM,624.27,121,21.86,None,1,0,0,7
S6425,2026-04-12,09:33 PM,Rajendra,Mess,09:07 PM,09:33 PM,0,0,0,0,438.6,130,47.96,Dinner,0,0,0,8
S6426,2026-04-16,03:19 PM,Sarojini,Library,0,0,03:01 PM,05:33 PM,02:56 PM,06:17 PM,750.46,32,13.19,None,0,0,0,6
S6427,2026-04-24,08:05 AM,Sarojini,Outside,0,0,0,0,06:53 AM,09:20 AM,251.11,13,1.57,None,0,0,1,4
S6428,2026-04-13,10:26 PM,Yamuna,Library,0,0,10:14 PM,11:38 PM,10:08 PM,11:59 PM,771.67,158,37.05,None,0,0,0,9
S6429,2026-04-01,08:25 PM,Rajendra,Mess,08:19 PM,08:42 PM,0,0,0,0,389.08,165,60.76,Dinner,0,0,0,6
S6430,2026-04-07,02:21 AM,Rajendra,Outside,0,0,0,0,01:03 AM,04:01 AM,216.64,91,6.03,None,0,0,0,7
S6431,2026-04-02,03:21 PM,Ganga,Classroom,0,0,0,0,02:47 PM,04:53 PM,280.57,130,11.98,None,1,0,0,4
S6432,2026-04-07,08:25 PM,Yamuna,Outside,0,0,0,0,07:43 PM,10:19 PM,197.02,46,3.99,None,0,0,0,9
S6433,2026-04-29,10:17 PM,Yamuna,Outside,0,0,0,0,08:51 PM,11:27 PM,273.24,47,3.03,None,0,0,1,4
S6434,2026-04-19,12:38 PM,Rajendra,Classroom,0,0,0,0,12:28 PM,02:01 PM,341.55,130,19.24,None,1,0,0,8
S6435,2026-04-21,07:37 AM,Yamuna,Outside,0,0,0,0,05:47 AM,09:48 AM,110.72,141,12.53,None,0,0,1,4
S6436,2026-04-27,12:53 PM,Sarojini,Mess,12:22 PM,01:20 PM,0,0,0,0,471.12,171,36.26,Lunch,1,0,1,5
S6437,2026-04-09,03:10 PM,Rajendra,Mess,02:22 PM,03:18 PM,0,0,0,0,557.69,200,56.87,Lunch,0,0,0,8
S6438,2026-04-22,09:54 AM,Yamuna,Mess,09:42 AM,10:19 AM,0,0,0,0,407.69,200,44.02,Breakfast,0,0,1,8
S6439,2026-04-10,10:21 PM,Yamuna,Outside,0,0,0,0,09:07 PM,11:59 PM,295.95,83,6.97,None,0,0,0,7
S6440,2026-04-21,07:05 AM,Yamuna,Outside,0,0,0,0,06:32 AM,09:05 AM,368.31,42,4.43,None,0,0,1,4
S6441,2026-05-01,01:32 PM,Sarojini,Mess,12:55 PM,01:48 PM,0,0,0,0,344.12,111,38.87,Lunch,1,0,0,7
S6442,2026-04-21,04:36 PM,Ganga,Library,0,0,12:15 PM,07:59 PM,11:53 AM,08:31 PM,912.87,163,24.9,None,1,1,1,6
S6443,2026-04-12,08:57 PM,Sarojini,Outside,0,0,0,0,08:26 PM,10:14 PM,232.93,87,4.9,None,0,0,0,6
S6444,2026-04-26,06:11 PM,Yamuna,Classroom,0,0,0,0,05:34 PM,07:06 PM,223.49,170,13.54,None,1,1,1,3
S6445,2026-04-24,12:42 PM,Sarojini,Library,0,0,11:08 AM,07:25 PM,10:41 AM,07:59 PM,759.14,111,14.53,None,1,0,1,4
S6446,2026-04-07,10:30 PM,Yamuna,Library,0,0,09:05 PM,11:47 PM,08:35 PM,11:59 PM,707.99,101,22.54,None,0,0,0,8
S6447,2026-04-13,06:13 AM,Ganga,Hostel,0,0,0,0,0,0,116.04,40,25.32,None,0,0,0,7
S6448,2026-04-09,09:04 PM,Yamuna,Hostel,0,0,0,0,0,0,1082.91,147,37.46,None,0,0,0,7
S6449,2026-04-30,09:10 PM,Yamuna,Mess,08:59 PM,09:59 PM,0,0,0,0,598.76,175,41.23,Dinner,0,0,1,4
S6450,2026-04-05,02:09 PM,Sarojini,Library,0,0,01:54 PM,02:57 PM,01:33 PM,03:12 PM,696.91,149,25.36,None,1,0,0,7
S6451,2026-04-18,10:33 PM,Sarojini,Hostel,0,0,0,0,0,0,1087.96,200,31.97,None,0,0,0,7
S6452,2026-04-14,10:00 AM,Rajendra,Mess,09:48 AM,10:13 AM,0,0,0,0,612.06,188,39.88,Breakfast,1,1,0,9
S6453,2026-04-25,06:56 AM,Sarojini,Outside,0,0,0,0,04:56 AM,08:30 AM,288.22,169,17.12,None,0,0,1,4
S6454,2026-04-02,06:49 PM,Azad,Library,0,0,05:54 PM,06:57 PM,05:49 PM,07:51 PM,603.42,171,26.93,None,0,0,0,9
S6455,2026-04-10,02:02 PM,Yamuna,Library,0,0,01:16 PM,02:16 PM,01:02 PM,02:46 PM,681.79,96,16.48,None,1,0,0,7
S6456,2026-04-09,12:36 PM,Azad,Mess,12:30 PM,01:00 PM,0,0,0,0,693.13,180,52.75,Lunch,0,0,0,7
S6457,2026-04-15,03:05 PM,Rajendra,Mess,02:45 PM,03:15 PM,0,0,0,0,482.5,95,45.91,Lunch,1,0,0,7
S6458,2026-04-12,08:04 PM,Ganga,Library,0,0,07:55 PM,08:25 PM,07:25 PM,09:18 PM,828.0,80,15.45,None,0,0,0,9
S6459,2026-04-26,04:21 PM,Yamuna,Hostel,0,0,0,0,0,0,178.06,51,20.08,None,1,1,1,4
S6460,2026-04-11,06:44 PM,Ganga,Library,0,0,06:24 PM,07:45 PM,06:19 PM,08:01 PM,702.65,70,15.61,None,0,0,0,7
S6461,2026-04-01,10:03 PM,Ganga,Library,0,0,09:09 PM,10:22 PM,08:39 PM,11:10 PM,892.41,156,23.54,None,0,0,0,7
S6462,2026-04-05,08:39 PM,Yamuna,Mess,08:32 PM,08:55 PM,0,0,0,0,552.15,14,36.38,Dinner,0,0,0,8
S6463,2026-04-13,02:49 PM,Sarojini,Mess,02:18 PM,02:55 PM,0,0,0,0,507.82,152,49.13,Lunch,0,0,0,5
S6464,2026-04-10,09:33 PM,Azad,Outside,0,0,0,0,07:51 PM,11:31 PM,135.96,17,2.54,None,0,0,0,4
S6465,2026-04-17,10:10 PM,Sarojini,Outside,0,0,0,0,09:06 PM,11:54 PM,356.09,185,24.61,None,0,0,0,3
S6466,2026-04-01,07:30 AM,Sarojini,Mess,07:25 AM,08:02 AM,0,0,0,0,581.89,101,36.37,Breakfast,0,0,0,7
S6467,2026-04-09,05:07 AM,Ganga,Hostel,0,0,0,0,0,0,209.9,106,25.09,None,0,0,0,6
S6468,2026-04-07,02:08 PM,Sarojini,Mess,01:41 PM,02:11 PM,0,0,0,0,582.02,37,25.42,Lunch,1,0,0,7
S6469,2026-04-03,08:47 PM,Azad,Mess,08:14 PM,09:07 PM,0,0,0,0,457.38,132,39.95,Dinner,0,0,0,8
S6470,2026-04-24,09:23 AM,Azad,Hostel,0,0,0,0,0,0,301.33,165,31.81,None,1,1,1,6
S6471,2026-04-30,01:08 PM,Rajendra,Mess,12:54 PM,01:38 PM,0,0,0,0,556.07,33,28.12,Lunch,0,0,1,4
S6472,2026-04-10,10:02 PM,Ganga,Mess,09:40 PM,10:04 PM,0,0,0,0,284.37,12,25.04,Dinner,0,0,0,9
S6473,2026-04-17,08:23 AM,Azad,Mess,08:14 AM,08:38 AM,0,0,0,0,432.46,97,26.59,Breakfast,0,0,0,4
S6474,2026-04-04,12:46 AM,Rajendra,Hostel,0,0,0,0,0,0,385.57,144,29.43,None,0,0,0,7
S6475,2026-04-03,01:28 PM,Yamuna,Mess,12:58 PM,01:39 PM,0,0,0,0,320.14,152,57.83,Lunch,0,0,0,8
S6476,2026-04-14,10:01 PM,Azad,Outside,0,0,0,0,08:59 PM,11:27 PM,386.95,55,3.74,None,0,0,0,7
S6477,2026-04-04,02:19 PM,Azad,Classroom,0,0,0,0,01:49 PM,02:54 PM,341.93,70,7.0,None,1,0,0,9
S6478,2026-04-27,07:52 PM,Rajendra,Hostel,0,0,0,0,0,0,177.23,167,29.79,None,0,0,1,6
S6479,2026-04-16,12:43 AM,Sarojini,Hostel,0,0,0,0,0,0,339.72,126,26.84,None,0,0,0,6
S6480,2026-04-09,11:32 PM,Azad,Outside,0,0,0,0,10:37 PM,11:59 PM,328.88,84,4.85,None,0,0,0,6
S6481,2026-04-17,10:42 PM,Yamuna,Library,0,0,10:26 PM,11:12 PM,10:16 PM,11:59 PM,626.35,143,22.94,None,0,0,0,10
S6482,2026-04-28,08:01 AM,Rajendra,Classroom,0,0,0,0,07:41 AM,09:13 AM,292.42,75,8.12,None,1,1,1,3
S6483,2026-04-18,04:15 AM,Yamuna,Hostel,0,0,0,0,0,0,302.26,67,22.4,None,0,0,0,7
S6484,2026-04-22,01:05 AM,Yamuna,Outside,0,0,0,0,0,02:30 AM,356.33,127,7.21,None,0,0,1,3
S6485,2026-04-15,01:53 PM,Ganga,Library,0,0,01:31 PM,02:18 PM,01:06 PM,03:17 PM,554.17,124,24.63,None,1,0,0,7
S6486,2026-04-19,03:40 PM,Ganga,Library,0,0,03:31 PM,04:23 PM,03:15 PM,05:14 PM,816.74,28,13.21,None,0,0,0,7
S6487,2026-04-21,07:14 PM,Rajendra,Hostel,0,0,0,0,0,0,303.41,148,26.73,None,0,0,1,4
S6488,2026-04-15,08:03 AM,Rajendra,Mess,07:56 AM,08:29 AM,0,0,0,0,523.06,178,42.93,Breakfast,0,0,0,7
S6489,2026-04-11,10:58 AM,Rajendra,Library,0,0,09:10 AM,11:00 AM,09:02 AM,11:10 AM,523.17,35,18.19,None,0,0,0,9
S6490,2026-04-13,09:55 AM,Azad,Mess,09:13 AM,10:07 AM,0,0,0,0,434.84,198,39.78,Breakfast,0,0,0,8
S6491,2026-04-29,04:13 PM,Yamuna,Outside,0,0,0,0,02:46 PM,06:28 PM,215.13,157,13.35,None,1,1,1,7
S6492,2026-04-24,05:30 AM,Ganga,Hostel,0,0,0,0,0,0,131.14,34,15.96,None,0,0,1,3
S6493,2026-04-21,09:53 PM,Azad,Library,0,0,05:20 PM,11:59 PM,05:14 PM,11:59 PM,709.32,92,14.04,None,0,0,1,4
S6494,2026-04-28,10:23 PM,Yamuna,Outside,0,0,0,0,09:13 PM,11:59 PM,383.44,56,5.12,None,0,0,1,3
S6495,2026-05-01,10:11 PM,Rajendra,Library,0,0,09:03 PM,11:14 PM,08:40 PM,11:37 PM,744.15,186,31.19,None,0,0,0,10
S6496,2026-04-10,06:59 PM,Azad,Classroom,0,0,0,0,06:41 PM,07:31 PM,381.45,40,5.01,None,1,1,0,7
S6497,2026-04-03,09:50 AM,Azad,Mess,09:11 AM,09:51 AM,0,0,0,0,420.53,158,34.09,Breakfast,0,0,0,7
S6498,2026-04-29,10:19 PM,Sarojini,Mess,09:37 PM,10:24 PM,0,0,0,0,371.54,200,58.08,Dinner,0,0,1,4
S6499,2026-04-26,06:20 PM,Rajendra,Library,0,0,04:57 PM,11:25 PM,04:33 PM,11:44 PM,668.69,118,21.18,None,0,0,1,5
S6500,2026-04-25,07:10 AM,Sarojini,Mess,07:00 AM,07:20 AM,0,0,0,0,246.48,107,45.56,Breakfast,0,0,1,3
S6501,2026-04-06,08:29 PM,Rajendra,Mess,07:33 PM,08:29 PM,0,0,0,0,383.77,191,43.6,Dinner,0,0,0,6
S6502,2026-04-10,12:55 PM,Azad,Mess,12:28 PM,01:00 PM,0,0,0,0,489.87,61,46.78,Lunch,1,0,0,5
S6503,2026-04-03,04:19 AM,Yamuna,Outside,0,0,0,0,02:32 AM,05:26 AM,275.77,67,7.68,None,0,0,0,9
S6504,2026-04-11,10:04 PM,Rajendra,Mess,09:29 PM,10:20 PM,0,0,0,0,627.01,100,41.01,Dinner,0,0,0,8
S6505,2026-04-11,09:21 PM,Rajendra,Library,0,0,08:44 PM,10:59 PM,08:38 PM,11:39 PM,574.05,53,13.9,None,0,0,0,9
S6506,2026-04-15,02:59 PM,Sarojini,Mess,02:57 PM,03:31 PM,0,0,0,0,440.39,82,29.18,Lunch,0,0,0,6
S6507,2026-04-10,07:47 PM,Yamuna,Library,0,0,07:32 PM,08:32 PM,07:20 PM,08:58 PM,618.67,130,24.43,None,0,0,0,8
S6508,2026-04-30,03:18 AM,Sarojini,Outside,0,0,0,0,02:15 AM,05:26 AM,369.01,93,8.59,None,0,0,1,3
S6509,2026-04-25,02:54 AM,Rajendra,Hostel,0,0,0,0,0,0,189.73,27,25.2,None,0,0,1,4
S6510,2026-04-05,10:35 PM,Ganga,Outside,0,0,0,0,08:38 PM,11:59 PM,389.14,172,19.01,None,0,0,0,6
S6511,2026-04-05,07:39 PM,Sarojini,Mess,07:11 PM,08:08 PM,0,0,0,0,300.56,179,52.12,Dinner,0,0,0,7
S6512,2026-04-19,10:06 PM,Rajendra,Outside,0,0,0,0,09:26 PM,11:41 PM,371.64,74,10.24,None,0,0,0,9
S6513,2026-04-04,11:02 PM,Azad,Library,0,0,09:09 PM,11:59 PM,08:51 PM,11:59 PM,1000.9,194,18.64,None,0,0,0,3
S6514,2026-04-09,10:24 AM,Azad,Library,0,0,09:45 AM,10:32 AM,09:17 AM,10:56 AM,1002.41,37,16.89,None,0,0,0,7
S6515,2026-04-01,11:40 PM,Rajendra,Outside,0,0,0,0,10:03 PM,11:59 PM,358.27,17,1.72,None,0,0,0,6
S6516,2026-04-12,04:12 PM,Azad,Library,0,0,02:45 PM,05:45 PM,02:20 PM,06:39 PM,665.08,154,22.41,None,0,0,0,7
S6517,2026-04-30,12:42 PM,Ganga,Library,0,0,10:41 AM,05:53 PM,10:32 AM,06:05 PM,720.6,40,17.14,None,0,0,1,4
S6518,2026-04-11,07:29 AM,Sarojini,Mess,07:17 AM,07:41 AM,0,0,0,0,393.67,68,37.51,Breakfast,0,0,0,8
S6519,2026-04-03,10:23 AM,Yamuna,Mess,09:58 AM,10:28 AM,0,0,0,0,671.22,194,43.06,Breakfast,1,1,0,7
S6520,2026-04-19,03:57 PM,Rajendra,Library,0,0,03:23 PM,04:01 PM,03:03 PM,04:35 PM,959.09,130,33.53,None,1,0,0,8
S6521,2026-04-06,12:42 PM,Azad,Library,0,0,12:37 PM,01:43 PM,12:18 PM,02:30 PM,661.77,163,19.86,None,0,0,0,6
S6522,2026-04-19,06:18 AM,Yamuna,Outside,0,0,0,0,05:16 AM,08:24 AM,185.24,100,12.9,None,0,0,0,8
S6523,2026-04-07,08:20 AM,Ganga,Mess,08:06 AM,08:29 AM,0,0,0,0,640.38,92,42.44,Breakfast,0,0,0,8
S6524,2026-04-19,12:09 AM,Azad,Outside,0,0,0,0,0,02:38 AM,312.15,11,1.09,None,0,0,0,7
S6525,2026-04-07,02:45 AM,Rajendra,Hostel,0,0,0,0,0,0,293.68,90,19.77,None,0,0,0,8
S6526,2026-04-30,11:53 AM,Azad,Library,0,0,11:08 AM,04:19 PM,11:02 AM,05:05 PM,744.95,15,7.83,None,1,0,1,6
S6527,2026-04-04,12:33 PM,Ganga,Mess,12:10 PM,01:00 PM,0,0,0,0,653.57,17,28.25,Lunch,0,0,0,6
S6528,2026-04-20,10:54 PM,Azad,Library,0,0,06:11 PM,11:59 PM,05:53 PM,11:59 PM,900.49,164,28.29,None,0,0,1,6
S6529,2026-04-17,05:30 PM,Rajendra,Library,0,0,04:29 PM,07:27 PM,04:17 PM,08:04 PM,695.06,130,17.78,None,0,0,0,7
S6530,2026-04-30,03:56 AM,Azad,Outside,0,0,0,0,03:06 AM,06:55 AM,362.25,63,6.89,None,0,0,1,4
S6531,2026-04-30,08:47 PM,Azad,Mess,08:32 PM,09:28 PM,0,0,0,0,502.31,117,36.96,Dinner,0,0,1,4
S6532,2026-04-15,07:06 PM,Rajendra,Outside,0,0,0,0,05:10 PM,09:52 PM,102.19,110,11.5,None,0,0,0,6
S6533,2026-04-10,11:57 PM,Sarojini,Hostel,0,0,0,0,0,0,1112.85,115,39.96,None,0,0,0,10
S6534,2026-04-19,10:21 PM,Yamuna,Hostel,0,0,0,0,0,0,872.6,168,30.41,None,0,0,0,6
S6535,2026-04-02,11:33 AM,Yamuna,Outside,0,0,0,0,10:15 AM,12:47 PM,336.83,150,20.82,None,1,0,0,7
S6536,2026-04-07,10:52 PM,Rajendra,Library,0,0,10:16 PM,11:59 PM,10:08 PM,11:59 PM,761.36,15,14.96,None,0,0,0,10
S6537,2026-05-01,11:31 AM,Sarojini,Hostel,0,0,0,0,0,0,257.17,190,47.13,None,1,0,0,7
S6538,2026-04-28,03:18 PM,Ganga,Library,0,0,09:56 AM,04:47 PM,09:26 AM,05:15 PM,647.02,36,16.47,None,0,0,1,4
S6539,2026-04-09,10:30 AM,Yamuna,Library,0,0,10:27 AM,01:20 PM,10:11 AM,02:19 PM,808.45,161,27.59,None,1,1,0,7
S6540,2026-04-25,08:38 AM,Rajendra,Hostel,0,0,0,0,0,0,216.74,80,29.01,None,0,0,1,3
S6541,2026-04-23,09:37 AM,Azad,Mess,09:30 AM,10:03 AM,0,0,0,0,445.15,83,47.48,Breakfast,1,1,1,5
S6542,2026-04-30,03:06 AM,Ganga,Hostel,0,0,0,0,0,0,396.26,115,37.26,None,0,0,1,6
S6543,2026-04-22,11:16 PM,Azad,Hostel,0,0,0,0,0,0,1177.94,115,38.71,None,0,0,1,5
S6544,2026-04-25,07:38 AM,Azad,Mess,07:27 AM,07:56 AM,0,0,0,0,503.88,179,54.47,Breakfast,0,0,1,4
S6545,2026-04-02,07:56 PM,Azad,Outside,0,0,0,0,05:56 PM,10:08 PM,381.64,126,17.64,None,0,0,0,7
S6546,2026-04-14,08:00 AM,Sarojini,Mess,07:34 AM,08:13 AM,0,0,0,0,422.79,149,38.97,Breakfast,0,0,0,9
S6547,2026-04-03,08:10 PM,Sarojini,Library,0,0,07:54 PM,08:33 PM,07:25 PM,09:09 PM,755.39,10,12.14,None,0,0,0,5
S6548,2026-04-30,12:10 PM,Yamuna,Hostel,0,0,0,0,0,0,156.24,33,21.86,None,1,0,1,7
S6549,2026-04-29,03:38 PM,Azad,Outside,0,0,0,0,02:34 PM,05:42 PM,272.21,61,6.09,None,1,0,1,5
S6550,2026-04-24,06:31 PM,Ganga,Hostel,0,0,0,0,0,0,332.29,159,39.54,None,0,0,1,3
S6551,2026-04-10,11:53 PM,Sarojini,Library,0,0,10:49 PM,11:59 PM,10:26 PM,11:59 PM,862.72,41,12.15,None,0,0,0,6
S6552,2026-04-30,04:01 PM,Rajendra,Classroom,0,0,0,0,03:32 PM,05:42 PM,332.02,10,0.87,None,1,1,1,4
S6553,2026-04-03,07:40 PM,Yamuna,Library,0,0,05:47 PM,08:39 PM,05:22 PM,08:57 PM,595.47,200,18.05,None,0,0,0,11
S6554,2026-04-03,11:19 PM,Rajendra,Library,0,0,10:36 PM,11:59 PM,10:24 PM,11:59 PM,766.31,182,29.94,None,0,0,0,7
S6555,2026-04-01,09:49 PM,Rajendra,Mess,09:34 PM,10:25 PM,0,0,0,0,474.56,101,35.51,Dinner,0,0,0,5
S6556,2026-04-08,10:18 AM,Ganga,Mess,09:53 AM,10:18 AM,0,0,0,0,640.87,151,43.39,Breakfast,0,0,0,6
S6557,2026-04-27,01:55 PM,Ganga,Classroom,0,0,0,0,01:29 PM,03:27 PM,342.36,191,21.96,None,1,0,1,6
S6558,2026-04-04,04:26 PM,Ganga,Outside,0,0,0,0,03:47 PM,05:36 PM,358.61,198,21.55,None,1,1,0,6
S6559,2026-04-05,01:20 PM,Yamuna,Mess,01:20 PM,02:17 PM,0,0,0,0,576.21,112,49.04,Lunch,1,0,0,10
S6560,2026-04-29,01:01 PM,Sarojini,Library,0,0,09:11 AM,03:07 PM,08:44 AM,03:44 PM,870.9,38,12.4,None,0,0,1,7
S6561,2026-04-01,07:05 AM,Ganga,Mess,07:01 AM,07:25 AM,0,0,0,0,466.62,22,36.36,Breakfast,0,0,0,8
S6562,2026-04-14,07:17 AM,Ganga,Hostel,0,0,0,0,0,0,110.34,177,35.93,None,0,0,0,7
S6563,2026-04-27,02:52 PM,Sarojini,Classroom,0,0,0,0,02:41 PM,04:45 PM,120.58,74,10.4,None,1,0,1,4
S6564,2026-04-15,07:12 PM,Ganga,Mess,07:06 PM,08:06 PM,0,0,0,0,607.21,128,44.13,Dinner,0,0,0,5
S6565,2026-04-26,07:28 PM,Ganga,Mess,07:18 PM,08:03 PM,0,0,0,0,450.31,149,37.28,Dinner,0,0,1,7
S6566,2026-04-19,08:26 PM,Sarojini,Library,0,0,07:23 PM,09:56 PM,07:09 PM,10:15 PM,813.73,145,29.58,None,0,0,0,10
S6567,2026-04-01,02:24 AM,Yamuna,Outside,0,0,0,0,01:12 AM,05:00 AM,114.33,79,9.94,None,0,0,0,8
S6568,2026-04-14,01:11 AM,Rajendra,Outside,0,0,0,0,12:39 AM,02:36 AM,302.2,155,11.77,None,0,0,0,4
S6569,2026-04-14,11:41 AM,Rajendra,Classroom,0,0,0,0,11:03 AM,01:03 PM,224.43,60,7.39,None,1,0,0,8
S6570,2026-04-09,06:49 PM,Rajendra,Library,0,0,05:52 PM,07:32 PM,05:35 PM,08:05 PM,836.38,132,20.8,None,0,0,0,8
S6571,2026-04-03,08:17 AM,Azad,Mess,07:48 AM,08:30 AM,0,0,0,0,520.71,195,40.21,Breakfast,0,0,0,6
S6572,2026-04-13,06:12 PM,Ganga,Library,0,0,06:10 PM,07:37 PM,06:02 PM,08:20 PM,1013.71,57,16.39,None,0,0,0,8
S6573,2026-04-29,12:55 PM,Azad,Library,0,0,12:37 PM,07:31 PM,12:19 PM,07:45 PM,922.38,157,24.24,None,1,0,1,6
S6574,2026-04-26,09:31 PM,Sarojini,Mess,09:17 PM,09:38 PM,0,0,0,0,522.68,123,42.41,Dinner,0,0,1,5
S6575,2026-04-12,09:48 AM,Sarojini,Mess,09:42 AM,10:42 AM,0,0,0,0,435.29,65,41.87,Breakfast,0,0,0,6
S6576,2026-04-04,12:08 PM,Rajendra,Hostel,0,0,0,0,0,0,397.02,136,25.71,None,1,0,0,6
S6577,2026-04-11,10:21 AM,Rajendra,Mess,09:42 AM,10:25 AM,0,0,0,0,340.61,95,38.79,Breakfast,1,1,0,7
S6578,2026-04-28,09:06 AM,Rajendra,Mess,08:58 AM,09:22 AM,0,0,0,0,404.96,156,59.49,Breakfast,0,0,1,5
S6579,2026-04-15,10:37 PM,Rajendra,Outside,0,0,0,0,09:43 PM,11:59 PM,175.06,142,11.32,None,0,0,0,8
S6580,2026-04-09,08:16 PM,Sarojini,Outside,0,0,0,0,07:08 PM,10:03 PM,309.98,51,5.8,None,0,0,0,5
S6581,2026-04-30,09:20 PM,Azad,Mess,09:19 PM,10:07 PM,0,0,0,0,375.21,67,43.07,Dinner,0,0,1,4
S6582,2026-04-11,12:28 PM,Yamuna,Library,0,0,12:17 PM,12:59 PM,12:07 PM,01:27 PM,736.56,105,17.45,None,0,0,0,7
S6583,2026-04-17,09:50 PM,Ganga,Mess,09:48 PM,10:12 PM,0,0,0,0,399.89,118,42.94,Dinner,0,0,0,7
S6584,2026-04-13,11:40 AM,Ganga,Hostel,0,0,0,0,0,0,346.19,61,19.63,None,0,0,0,4
S6585,2026-04-04,10:18 PM,Rajendra,Mess,09:53 PM,10:44 PM,0,0,0,0,415.29,60,38.32,Dinner,0,0,0,6
S6586,2026-04-10,03:47 PM,Ganga,Classroom,0,0,0,0,03:34 PM,04:41 PM,209.62,97,11.91,None,1,0,0,4
S6587,2026-04-11,02:00 PM,Ganga,Library,0,0,12:49 PM,03:17 PM,12:19 PM,03:41 PM,588.77,132,30.49,None,1,0,0,7
S6588,2026-04-29,07:46 PM,Yamuna,Hostel,0,0,0,0,0,0,135.24,66,20.58,None,0,0,1,5
S6589,2026-04-25,05:56 AM,Rajendra,Outside,0,0,0,0,05:02 AM,08:43 AM,396.93,168,12.85,None,0,0,1,5
S6590,2026-04-03,01:22 PM,Yamuna,Library,0,0,12:42 PM,02:21 PM,12:18 PM,02:31 PM,567.36,119,21.71,None,0,0,0,9
S6591,2026-04-17,10:23 PM,Yamuna,Mess,09:35 PM,10:28 PM,0,0,0,0,484.52,198,46.24,Dinner,0,0,0,7
S6592,2026-04-03,07:31 AM,Yamuna,Mess,07:24 AM,08:23 AM,0,0,0,0,371.06,10,29.54,Breakfast,0,0,0,8
S6593,2026-04-02,08:39 PM,Yamuna,Library,0,0,07:19 PM,09:39 PM,07:01 PM,10:15 PM,756.01,47,13.01,None,0,0,0,7
S6594,2026-04-22,02:13 PM,Azad,Library,0,0,09:56 AM,04:30 PM,09:30 AM,04:47 PM,707.21,62,14.28,None,0,0,1,6
S6595,2026-04-26,07:35 AM,Azad,Hostel,0,0,0,0,0,0,115.59,195,49.67,None,0,0,1,6
S6596,2026-04-10,01:32 PM,Yamuna,Mess,01:27 PM,01:58 PM,0,0,0,0,405.06,104,29.8,Lunch,0,0,0,8
S6597,2026-04-17,08:36 AM,Rajendra,Mess,08:20 AM,09:13 AM,0,0,0,0,532.26,56,40.38,Breakfast,0,0,0,5
S6598,2026-04-27,01:15 PM,Yamuna,Mess,12:51 PM,01:22 PM,0,0,0,0,673.53,54,40.93,Lunch,0,0,1,6
S6599,2026-04-19,02:44 AM,Azad,Hostel,0,0,0,0,0,0,215.98,26,25.99,None,0,0,0,7
S6600,2026-04-17,02:01 PM,Azad,Library,0,0,01:47 PM,03:45 PM,01:21 PM,04:22 PM,857.04,172,23.53,None,1,0,0,6
S6601,2026-04-08,07:43 PM,Sarojini,Library,0,0,07:03 PM,09:18 PM,06:48 PM,09:56 PM,922.02,118,28.2,None,0,0,0,7
S6602,2026-04-09,05:09 PM,Yamuna,Library,0,0,05:06 PM,05:39 PM,04:54 PM,06:31 PM,817.12,176,33.69,None,0,0,0,6
S6603,2026-04-28,08:51 PM,Yamuna,Mess,08:33 PM,08:54 PM,0,0,0,0,302.75,12,36.26,Dinner,0,0,1,8
S6604,2026-04-24,07:58 AM,Yamuna,Mess,07:41 AM,08:08 AM,0,0,0,0,271.18,191,54.22,Breakfast,0,0,1,6
S6605,2026-04-13,01:01 PM,Ganga,Mess,12:50 PM,01:49 PM,0,0,0,0,329.47,125,45.72,Lunch,1,0,0,4
S6606,2026-04-27,02:40 AM,Ganga,Hostel,0,0,0,0,0,0,252.1,40,24.8,None,0,0,1,5
S6607,2026-04-14,09:40 PM,Ganga,Mess,09:27 PM,09:48 PM,0,0,0,0,421.96,50,42.57,Dinner,0,0,0,7
S6608,2026-04-20,12:13 AM,Rajendra,Hostel,0,0,0,0,0,0,382.2,187,38.14,None,0,0,1,6
S6609,2026-04-28,01:15 PM,Ganga,Mess,01:13 PM,01:45 PM,0,0,0,0,372.54,40,39.11,Lunch,0,0,1,5
S6610,2026-04-09,07:44 AM,Yamuna,Outside,0,0,0,0,06:32 AM,09:10 AM,356.61,121,15.55,None,0,0,0,7
S6611,2026-04-25,02:41 PM,Ganga,Mess,02:04 PM,02:53 PM,0,0,0,0,455.04,57,39.42,Lunch,1,0,1,3
S6612,2026-04-22,12:07 PM,Azad,Hostel,0,0,0,0,0,0,163.08,54,16.78,None,0,0,1,4
S6613,2026-04-29,09:34 PM,Azad,Outside,0,0,0,0,08:11 PM,11:59 PM,351.45,184,27.25,None,0,0,1,4
S6614,2026-04-18,10:22 AM,Ganga,Library,0,0,09:40 AM,12:03 PM,09:27 AM,12:21 PM,673.22,156,28.7,None,0,0,0,8
S6615,2026-04-24,09:27 AM,Sarojini,Mess,09:06 AM,09:36 AM,0,0,0,0,541.48,35,32.89,Breakfast,1,1,1,6
S6616,2026-04-12,08:44 AM,Ganga,Mess,08:26 AM,08:49 AM,0,0,0,0,471.63,169,57.79,Breakfast,0,0,0,11
S6617,2026-04-18,10:56 PM,Sarojini,Library,0,0,09:08 PM,11:51 PM,09:01 PM,11:59 PM,701.33,148,30.1,None,0,0,0,9
S6618,2026-04-14,05:43 PM,Rajendra,Hostel,0,0,0,0,0,0,250.72,76,26.32,None,0,0,0,6
S6619,2026-04-06,12:49 PM,Sarojini,Library,0,0,12:22 PM,12:54 PM,11:53 AM,01:41 PM,651.4,116,24.19,None,1,0,0,3
S6620,2026-04-05,10:15 PM,Azad,Hostel,0,0,0,0,0,0,925.34,128,30.07,None,0,0,0,6
S6621,2026-04-21,09:08 AM,Rajendra,Hostel,0,0,0,0,0,0,231.86,102,31.54,None,0,0,1,7
S6622,2026-04-05,12:00 AM,Sarojini,Outside,0,0,0,0,0,02:29 AM,349.12,178,9.75,None,0,0,0,8
S6623,2026-04-27,01:10 PM,Azad,Mess,12:53 PM,01:30 PM,0,0,0,0,638.23,134,45.23,Lunch,1,0,1,5
S6624,2026-04-13,10:44 PM,Sarojini,Hostel,0,0,0,0,0,0,1482.92,147,32.27,None,0,0,0,8
S6625,2026-04-05,06:32 PM,Sarojini,Library,0,0,06:05 PM,07:17 PM,05:53 PM,08:14 PM,471.87,99,20.95,None,0,0,0,4
S6626,2026-04-28,09:13 PM,Ganga,Mess,08:57 PM,09:21 PM,0,0,0,0,531.31,53,34.72,Dinner,0,0,1,7
S6627,2026-04-04,04:26 AM,Sarojini,Outside,0,0,0,0,03:03 AM,06:11 AM,260.66,180,25.78,None,0,0,0,7
S6628,2026-04-22,03:10 PM,Rajendra,Classroom,0,0,0,0,02:31 PM,03:40 PM,128.56,65,7.57,None,1,0,1,6
S6629,2026-04-28,03:01 AM,Rajendra,Hostel,0,0,0,0,0,0,102.38,62,26.05,None,0,0,1,7
S6630,2026-04-08,10:55 PM,Azad,Outside,0,0,0,0,09:54 PM,11:59 PM,288.02,118,14.35,None,0,0,0,7
S6631,2026-04-28,11:02 PM,Ganga,Library,0,0,08:32 PM,11:59 PM,08:26 PM,11:59 PM,769.26,90,16.58,None,0,0,1,7
S6632,2026-04-21,08:20 PM,Azad,Library,0,0,04:33 PM,11:20 PM,04:13 PM,11:59 PM,697.61,62,22.81,None,0,0,1,5
S6633,2026-04-12,10:10 PM,Rajendra,Mess,09:43 PM,10:40 PM,0,0,0,0,504.52,179,40.62,Dinner,0,0,0,11
S6634,2026-04-10,10:07 AM,Ganga,Mess,09:54 AM,10:45 AM,0,0,0,0,568.96,110,35.63,Breakfast,1,1,0,8
S6635,2026-04-22,12:40 PM,Azad,Mess,12:25 PM,12:55 PM,0,0,0,0,348.81,138,34.73,Lunch,1,0,1,6
S6636,2026-04-05,10:15 PM,Azad,Mess,09:52 PM,10:18 PM,0,0,0,0,415.46,176,44.95,Dinner,0,0,0,7
S6637,2026-04-27,08:26 PM,Yamuna,Mess,07:56 PM,08:49 PM,0,0,0,0,256.95,61,32.78,Dinner,0,0,1,5
S6638,2026-04-24,02:50 PM,Azad,Mess,02:00 PM,02:55 PM,0,0,0,0,462.51,48,26.73,Lunch,0,0,1,6
S6639,2026-04-28,03:31 PM,Yamuna,Hostel,0,0,0,0,0,0,141.62,93,32.19,None,0,0,1,6
S6640,2026-04-17,08:59 AM,Yamuna,Mess,08:25 AM,09:06 AM,0,0,0,0,368.99,49,23.15,Breakfast,0,0,0,7
S6641,2026-04-17,08:35 PM,Azad,Library,0,0,08:16 PM,10:55 PM,07:50 PM,11:10 PM,984.72,40,12.44,None,0,0,0,8
S6642,2026-04-13,01:32 PM,Yamuna,Library,0,0,12:35 PM,01:50 PM,12:16 PM,02:15 PM,754.88,169,28.42,None,0,0,0,6
S6643,2026-04-16,11:39 AM,Rajendra,Library,0,0,11:05 AM,12:35 PM,10:39 AM,12:46 PM,670.14,57,20.83,None,1,0,0,7
S6644,2026-04-29,07:52 PM,Azad,Mess,07:43 PM,08:05 PM,0,0,0,0,470.09,88,46.37,Dinner,0,0,1,8
S6645,2026-04-19,03:53 PM,Rajendra,Library,0,0,01:47 PM,04:21 PM,01:17 PM,05:20 PM,916.22,116,14.53,None,1,0,0,6
S6646,2026-04-23,05:21 PM,Ganga,Outside,0,0,0,0,04:26 PM,06:40 PM,248.06,60,6.87,None,0,0,1,5
S6647,2026-04-04,04:20 PM,Azad,Library,0,0,04:17 PM,05:12 PM,03:50 PM,05:53 PM,875.99,141,21.24,None,0,0,0,5
S6648,2026-04-12,08:37 PM,Yamuna,Library,0,0,08:23 PM,10:05 PM,08:10 PM,10:48 PM,817.06,19,6.43,None,0,0,0,4
S6649,2026-04-24,08:37 AM,Yamuna,Mess,08:08 AM,08:47 AM,0,0,0,0,284.31,136,44.0,Breakfast,0,0,1,3
S6650,2026-04-23,10:06 PM,Yamuna,Library,0,0,09:21 PM,11:59 PM,09:16 PM,11:59 PM,554.53,55,14.01,None,0,0,1,4
S6651,2026-04-13,11:52 AM,Sarojini,Library,0,0,10:54 AM,12:05 PM,10:47 AM,01:02 PM,439.8,191,37.08,None,1,0,0,9
S6652,2026-04-17,05:28 PM,Ganga,Library,0,0,05:13 PM,08:11 PM,05:02 PM,08:51 PM,558.57,200,30.5,None,0,0,0,9
S6653,2026-04-16,12:51 PM,Ganga,Library,0,0,10:39 AM,01:01 PM,10:23 AM,01:58 PM,983.73,82,17.63,None,1,0,0,7
S6654,2026-04-27,10:27 PM,Rajendra,Library,0,0,07:50 PM,11:59 PM,07:30 PM,11:59 PM,769.45,188,35.42,None,0,0,1,4
S6655,2026-04-28,08:45 PM,Azad,Library,0,0,07:38 PM,11:59 PM,07:08 PM,11:59 PM,524.89,84,20.24,None,0,0,1,7
S6656,2026-05-01,02:42 PM,Sarojini,Mess,02:23 PM,03:00 PM,0,0,0,0,629.29,112,34.18,Lunch,0,0,0,5
S6657,2026-04-18,02:40 AM,Sarojini,Outside,0,0,0,0,01:03 AM,05:31 AM,302.14,39,5.67,None,0,0,0,8
S6658,2026-04-22,01:11 PM,Rajendra,Hostel,0,0,0,0,0,0,263.36,81,17.49,None,0,0,1,5
S6659,2026-04-04,09:55 AM,Azad,Mess,09:19 AM,10:13 AM,0,0,0,0,418.38,73,40.02,Breakfast,0,0,0,7
S6660,2026-04-21,07:20 AM,Rajendra,Mess,07:10 AM,07:58 AM,0,0,0,0,395.64,153,46.7,Breakfast,0,0,1,5
S6661,2026-04-22,01:58 PM,Azad,Mess,01:36 PM,02:07 PM,0,0,0,0,402.42,176,50.29,Lunch,1,0,1,5
S6662,2026-04-23,09:56 AM,Yamuna,Mess,09:51 AM,10:14 AM,0,0,0,0,294.0,155,41.69,Breakfast,1,1,1,6
S6663,2026-04-30,07:43 PM,Rajendra,Library,0,0,05:32 PM,10:59 PM,05:13 PM,11:19 PM,759.3,61,20.08,None,0,0,1,7
S6664,2026-04-25,10:54 PM,Azad,Library,0,0,09:52 PM,11:59 PM,09:26 PM,11:59 PM,566.86,37,13.17,None,0,0,1,5
S6665,2026-04-15,03:02 PM,Rajendra,Library,0,0,01:55 PM,03:05 PM,01:39 PM,03:54 PM,568.62,97,13.37,None,0,0,0,6
S6666,2026-04-07,09:25 AM,Rajendra,Mess,09:14 AM,09:40 AM,0,0,0,0,460.72,144,36.27,Breakfast,0,0,0,10
S6667,2026-04-14,09:10 PM,Sarojini,Library,0,0,07:02 PM,09:48 PM,06:42 PM,10:15 PM,484.13,50,16.96,None,0,0,0,8
S6668,2026-04-04,12:58 AM,Sarojini,Hostel,0,0,0,0,0,0,135.44,168,28.17,None,0,0,0,8
S6669,2026-04-15,07:40 AM,Sarojini,Mess,07:04 AM,07:40 AM,0,0,0,0,372.17,199,44.4,Breakfast,0,0,0,6
S6670,2026-04-02,08:46 PM,Yamuna,Mess,08:21 PM,09:03 PM,0,0,0,0,479.25,36,41.57,Dinner,0,0,0,7
S6671,2026-04-05,11:35 AM,Azad,Library,0,0,11:06 AM,11:46 AM,10:44 AM,12:40 PM,936.63,69,18.47,None,1,0,0,8
S6672,2026-04-19,07:11 AM,Azad,Outside,0,0,0,0,06:02 AM,09:35 AM,354.8,109,14.01,None,0,0,0,7
S6673,2026-04-11,02:53 PM,Azad,Mess,02:35 PM,03:03 PM,0,0,0,0,460.92,196,50.66,Lunch,1,0,0,7
S6674,2026-04-20,09:41 AM,Rajendra,Mess,09:34 AM,09:57 AM,0,0,0,0,452.74,106,28.25,Breakfast,0,0,1,5
S6675,2026-04-16,09:22 PM,Yamuna,Mess,08:55 PM,09:32 PM,0,0,0,0,352.45,27,30.26,Dinner,0,0,0,3
S6676,2026-04-24,02:29 PM,Sarojini,Mess,01:47 PM,02:46 PM,0,0,0,0,546.99,182,48.58,Lunch,1,0,1,4
S6677,2026-04-19,12:58 AM,Azad,Hostel,0,0,0,0,0,0,109.38,76,15.5,None,0,0,0,7
S6678,2026-04-07,10:05 PM,Sarojini,Outside,0,0,0,0,08:17 PM,11:24 PM,178.88,79,5.9,None,0,0,0,6
S6679,2026-04-30,12:58 PM,Rajendra,Mess,12:37 PM,01:08 PM,0,0,0,0,579.35,17,23.18,Lunch,1,0,1,6
S6680,2026-04-04,01:18 PM,Sarojini,Library,0,0,12:02 PM,01:34 PM,11:41 AM,02:17 PM,896.18,103,22.34,None,0,0,0,6
S6681,2026-04-21,08:05 AM,Azad,Mess,07:52 AM,08:30 AM,0,0,0,0,544.47,53,29.87,Breakfast,0,0,1,4
S6682,2026-04-10,07:44 PM,Rajendra,Library,0,0,06:41 PM,08:50 PM,06:16 PM,09:15 PM,616.5,24,7.61,None,0,0,0,6
S6683,2026-05-01,03:34 PM,Ganga,Outside,0,0,0,0,02:00 PM,05:55 PM,374.33,109,10.05,None,1,0,0,3
S6684,2026-04-08,03:35 AM,Rajendra,Outside,0,0,0,0,03:01 AM,05:36 AM,294.13,114,13.86,None,0,0,0,10
S6685,2026-04-07,02:19 PM,Ganga,Mess,01:58 PM,02:43 PM,0,0,0,0,589.32,134,40.03,Lunch,0,0,0,4
S6686,2026-04-23,11:36 PM,Yamuna,Hostel,0,0,0,0,0,0,1136.7,27,15.44,None,0,0,1,4
S6687,2026-05-01,08:17 PM,Ganga,Mess,08:02 PM,08:49 PM,0,0,0,0,490.48,67,41.34,Dinner,0,0,0,6
S6688,2026-04-24,08:39 PM,Azad,Library,0,0,07:09 PM,11:59 PM,07:01 PM,11:59 PM,921.26,47,15.75,None,0,0,1,8
S6689,2026-04-13,09:10 AM,Azad,Library,0,0,09:05 AM,09:41 AM,08:56 AM,09:58 AM,527.01,88,17.98,None,1,1,0,7
S6690,2026-04-28,08:46 PM,Sarojini,Outside,0,0,0,0,08:15 PM,11:09 PM,365.28,63,6.2,None,0,0,1,3
S6691,2026-04-28,10:42 AM,Rajendra,Hostel,0,0,0,0,0,0,324.29,44,18.96,None,1,1,1,5
S6692,2026-04-12,02:53 PM,Yamuna,Library,0,0,01:06 PM,03:24 PM,12:36 PM,03:41 PM,874.71,69,14.7,None,1,0,0,7
S6693,2026-05-01,07:46 PM,Sarojini,Outside,0,0,0,0,07:16 PM,10:33 PM,289.98,23,3.42,None,0,0,0,8
S6694,2026-04-21,01:45 PM,Sarojini,Hostel,0,0,0,0,0,0,214.21,62,30.96,None,1,0,1,6
S6695,2026-04-17,03:34 AM,Ganga,Hostel,0,0,0,0,0,0,270.41,95,23.55,None,0,0,0,9
S6696,2026-04-29,07:34 AM,Azad,Mess,07:26 AM,07:54 AM,0,0,0,0,447.11,39,37.03,Breakfast,0,0,1,7
S6697,2026-04-16,08:36 PM,Ganga,Mess,08:33 PM,09:13 PM,0,0,0,0,300.83,186,53.85,Dinner,0,0,0,9
S6698,2026-04-09,01:55 PM,Yamuna,Mess,01:29 PM,01:58 PM,0,0,0,0,349.49,146,40.38,Lunch,0,0,0,6
S6699,2026-04-19,11:20 AM,Ganga,Library,0,0,10:34 AM,11:49 AM,10:16 AM,12:11 PM,709.25,23,6.99,None,1,0,0,8
S6700,2026-04-10,07:18 PM,Sarojini,Hostel,0,0,0,0,0,0,394.27,175,46.17,None,0,0,0,9
S6701,2026-04-23,07:53 PM,Ganga,Hostel,0,0,0,0,0,0,393.77,108,20.03,None,0,0,1,7
S6702,2026-04-03,06:07 PM,Rajendra,Hostel,0,0,0,0,0,0,123.59,189,30.31,None,0,0,0,7
S6703,2026-04-24,08:15 PM,Azad,Library,0,0,04:20 PM,11:59 PM,03:52 PM,11:59 PM,1001.42,158,21.28,None,0,0,1,6
S6704,2026-04-28,08:56 AM,Sarojini,Hostel,0,0,0,0,0,0,162.92,98,31.12,None,0,0,1,3
S6705,2026-04-15,01:42 PM,Yamuna,Hostel,0,0,0,0,0,0,115.29,173,36.32,None,0,0,0,10
S6706,2026-04-26,06:35 AM,Yamuna,Hostel,0,0,0,0,0,0,247.54,53,17.63,None,0,0,1,7
S6707,2026-04-22,07:45 AM,Azad,Outside,0,0,0,0,07:05 AM,08:55 AM,226.41,105,10.7,None,0,0,1,4
S6708,2026-04-22,10:33 AM,Sarojini,Library,0,0,09:37 AM,06:00 PM,09:19 AM,06:30 PM,965.85,173,35.54,None,0,0,1,3
S6709,2026-04-22,08:51 PM,Yamuna,Library,0,0,08:10 PM,11:59 PM,07:55 PM,11:59 PM,860.97,37,11.41,None,0,0,1,4
S6710,2026-04-19,03:01 AM,Yamuna,Outside,0,0,0,0,01:37 AM,04:59 AM,132.81,158,23.14,None,0,0,0,6
S6711,2026-04-02,08:40 AM,Yamuna,Mess,08:33 AM,09:19 AM,0,0,0,0,615.68,176,51.06,Breakfast,0,0,0,6
S6712,2026-04-12,08:52 PM,Rajendra,Library,0,0,08:10 PM,10:51 PM,07:54 PM,11:02 PM,619.6,182,28.82,None,0,0,0,8
S6713,2026-04-07,07:36 PM,Azad,Library,0,0,07:34 PM,08:47 PM,07:14 PM,09:33 PM,507.58,79,13.17,None,0,0,0,6
S6714,2026-04-18,01:10 AM,Yamuna,Hostel,0,0,0,0,0,0,123.43,47,28.62,None,0,0,0,4
S6715,2026-04-07,06:16 PM,Ganga,Library,0,0,04:33 PM,07:19 PM,04:25 PM,08:01 PM,880.58,194,29.9,None,0,0,0,9
S6716,2026-04-10,08:43 PM,Rajendra,Hostel,0,0,0,0,0,0,1114.31,25,11.84,None,0,0,0,8
S6717,2026-04-08,11:12 AM,Yamuna,Library,0,0,09:42 AM,11:55 AM,09:22 AM,12:05 PM,537.8,123,18.22,None,0,0,0,7
S6718,2026-04-16,08:55 AM,Rajendra,Mess,08:48 AM,09:31 AM,0,0,0,0,370.73,123,40.9,Breakfast,0,0,0,7
S6719,2026-04-26,11:21 PM,Rajendra,Library,0,0,05:43 PM,11:59 PM,05:25 PM,11:59 PM,986.07,157,29.34,None,0,0,1,7
S6720,2026-04-28,01:39 PM,Sarojini,Mess,01:18 PM,01:49 PM,0,0,0,0,578.88,147,43.81,Lunch,1,0,1,5
S6721,2026-04-10,10:10 AM,Sarojini,Classroom,0,0,0,0,09:35 AM,11:41 AM,381.83,58,7.67,None,1,1,0,7
S6722,2026-04-17,09:51 AM,Ganga,Mess,09:02 AM,09:56 AM,0,0,0,0,492.95,18,24.82,Breakfast,0,0,0,8
S6723,2026-04-05,04:10 PM,Yamuna,Outside,0,0,0,0,02:57 PM,05:47 PM,160.39,181,21.1,None,0,0,0,5
S6724,2026-04-11,08:35 PM,Rajendra,Outside,0,0,0,0,07:14 PM,10:56 PM,136.02,127,6.48,None,0,0,0,12
S6725,2026-04-02,09:51 PM,Ganga,Mess,09:07 PM,10:00 PM,0,0,0,0,467.32,67,32.98,Dinner,0,0,0,8
S6726,2026-04-01,01:02 AM,Ganga,Hostel,0,0,0,0,0,0,132.52,135,33.95,None,0,0,0,10
S6727,2026-04-24,02:45 AM,Sarojini,Outside,0,0,0,0,12:48 AM,05:04 AM,122.39,12,1.76,None,0,0,1,4
S6728,2026-05-01,05:35 PM,Rajendra,Library,0,0,05:18 PM,06:01 PM,05:11 PM,06:40 PM,1053.83,161,25.55,None,0,0,0,6
S6729,2026-04-14,12:45 PM,Yamuna,Mess,12:23 PM,01:17 PM,0,0,0,0,343.08,109,41.31,Lunch,1,0,0,7
S6730,2026-04-15,05:45 PM,Sarojini,Library,0,0,05:38 PM,06:12 PM,05:26 PM,07:10 PM,884.35,157,27.25,None,0,0,0,7
S6731,2026-04-02,02:35 PM,Azad,Mess,02:23 PM,03:10 PM,0,0,0,0,280.5,57,29.68,Lunch,0,0,0,10
S6732,2026-04-07,11:19 AM,Yamuna,Library,0,0,11:02 AM,11:39 AM,10:57 AM,12:25 PM,675.77,195,21.71,None,1,0,0,9
S6733,2026-04-17,08:10 AM,Ganga,Mess,08:09 AM,08:35 AM,0,0,0,0,515.65,112,28.37,Breakfast,0,0,0,6
S6734,2026-04-05,12:49 PM,Sarojini,Mess,12:43 PM,01:10 PM,0,0,0,0,403.04,18,27.77,Lunch,1,0,0,8
S6735,2026-04-13,09:09 PM,Sarojini,Library,0,0,08:35 PM,09:54 PM,08:05 PM,10:05 PM,609.98,151,22.4,None,0,0,0,8
S6736,2026-04-28,09:26 PM,Yamuna,Mess,08:51 PM,09:43 PM,0,0,0,0,453.46,73,41.96,Dinner,0,0,1,4
S6737,2026-04-25,01:53 PM,Rajendra,Mess,01:34 PM,01:58 PM,0,0,0,0,520.15,62,38.11,Lunch,0,0,1,4
S6738,2026-04-19,05:06 PM,Yamuna,Library,0,0,04:57 PM,07:03 PM,04:51 PM,07:55 PM,754.92,140,28.48,None,0,0,0,5
S6739,2026-04-21,12:26 PM,Ganga,Mess,12:11 PM,12:42 PM,0,0,0,0,434.97,159,51.83,Lunch,0,0,1,6
S6740,2026-04-21,03:23 AM,Sarojini,Hostel,0,0,0,0,0,0,386.12,28,24.07,None,0,0,1,7
S6741,2026-04-24,09:44 AM,Azad,Mess,09:35 AM,09:57 AM,0,0,0,0,570.78,170,53.58,Breakfast,1,1,1,6
S6742,2026-04-09,09:50 PM,Rajendra,Library,0,0,08:56 PM,10:50 PM,08:44 PM,11:44 PM,875.38,100,26.45,None,0,0,0,6
S6743,2026-04-22,09:11 AM,Azad,Mess,08:43 AM,09:16 AM,0,0,0,0,276.77,105,36.0,Breakfast,1,1,1,5
S6744,2026-04-18,12:14 PM,Azad,Library,0,0,11:47 AM,12:17 PM,11:40 AM,12:51 PM,732.07,174,22.57,None,0,0,0,7
S6745,2026-04-20,08:48 PM,Azad,Mess,08:11 PM,09:09 PM,0,0,0,0,433.41,175,42.86,Dinner,0,0,1,5
S6746,2026-04-17,11:52 AM,Yamuna,Library,0,0,11:32 AM,01:09 PM,11:21 AM,01:26 PM,737.42,58,17.91,None,0,0,0,6
S6747,2026-04-21,01:05 AM,Azad,Hostel,0,0,0,0,0,0,385.96,179,38.81,None,0,0,1,6
S6748,2026-04-01,10:18 PM,Azad,Library,0,0,09:37 PM,11:04 PM,09:32 PM,11:59 PM,680.76,101,20.16,None,0,0,0,7
S6749,2026-05-01,03:02 PM,Sarojini,Mess,02:27 PM,03:11 PM,0,0,0,0,420.47,105,44.61,Lunch,0,0,0,7
S6750,2026-04-22,12:02 PM,Sarojini,Library,0,0,10:06 AM,04:02 PM,09:56 AM,04:38 PM,522.93,187,28.14,None,0,0,1,4
S6751,2026-04-30,04:48 AM,Ganga,Outside,0,0,0,0,03:51 AM,07:18 AM,281.08,122,6.41,None,0,0,1,4
S6752,2026-04-22,01:38 PM,Azad,Classroom,0,0,0,0,01:28 PM,02:16 PM,118.72,145,20.71,None,1,0,1,4
S6753,2026-04-24,02:11 PM,Yamuna,Mess,01:37 PM,02:11 PM,0,0,0,0,408.02,138,38.71,Lunch,0,0,1,4
S6754,2026-04-19,09:53 PM,Rajendra,Mess,09:07 PM,10:02 PM,0,0,0,0,482.56,100,30.85,Dinner,0,0,0,4
S6755,2026-04-04,01:40 PM,Yamuna,Classroom,0,0,0,0,01:02 PM,02:12 PM,315.79,127,18.2,None,1,0,0,6
S6756,2026-04-02,11:24 PM,Rajendra,Outside,0,0,0,0,09:53 PM,11:59 PM,173.44,147,21.32,None,0,0,0,7
S6757,2026-04-07,11:38 AM,Ganga,Library,0,0,10:36 AM,01:27 PM,10:18 AM,02:17 PM,568.11,155,28.98,None,1,0,0,8
S6758,2026-04-22,03:28 PM,Rajendra,Hostel,0,0,0,0,0,0,381.1,22,15.21,None,1,0,1,6
S6759,2026-04-15,03:08 AM,Azad,Hostel,0,0,0,0,0,0,106.58,103,24.25,None,0,0,0,8
S6760,2026-04-11,08:51 PM,Sarojini,Hostel,0,0,0,0,0,0,941.27,108,20.16,None,0,0,0,8
S6761,2026-04-09,02:43 PM,Azad,Mess,02:11 PM,02:52 PM,0,0,0,0,554.48,28,40.7,Lunch,0,0,0,6
S6762,2026-04-10,09:26 AM,Yamuna,Mess,08:53 AM,09:43 AM,0,0,0,0,344.84,12,27.02,Breakfast,1,1,0,7
S6763,2026-04-15,03:18 PM,Ganga,Mess,02:57 PM,03:54 PM,0,0,0,0,347.59,120,38.09,Lunch,0,0,0,4
S6764,2026-04-18,03:37 PM,Azad,Library,0,0,03:27 PM,04:55 PM,03:14 PM,05:46 PM,535.96,196,24.62,None,1,0,0,5
S6765,2026-04-15,07:14 PM,Rajendra,Library,0,0,06:45 PM,07:47 PM,06:18 PM,08:38 PM,702.31,146,17.78,None,0,0,0,7
S6766,2026-04-21,04:47 PM,Ganga,Library,0,0,01:15 PM,07:54 PM,12:46 PM,08:35 PM,672.26,17,13.12,None,1,1,1,5
S6767,2026-04-15,05:05 PM,Rajendra,Outside,0,0,0,0,03:13 PM,06:22 PM,309.55,103,10.86,None,0,0,0,8
S6768,2026-04-15,04:41 PM,Azad,Library,0,0,01:45 PM,04:44 PM,01:33 PM,05:02 PM,796.27,198,30.78,None,1,1,0,7
S6769,2026-04-24,07:00 PM,Ganga,Library,0,0,02:36 PM,08:43 PM,02:24 PM,09:34 PM,765.56,113,20.16,None,0,0,1,6
S6770,2026-04-19,01:59 PM,Rajendra,Mess,01:31 PM,02:13 PM,0,0,0,0,508.32,170,39.24,Lunch,0,0,0,11
S6771,2026-04-04,01:42 PM,Azad,Mess,01:25 PM,02:08 PM,0,0,0,0,260.36,117,50.71,Lunch,1,0,0,10
S6772,2026-04-30,10:40 PM,Azad,Mess,09:46 PM,10:42 PM,0,0,0,0,393.5,77,28.5,Dinner,0,0,1,5
S6773,2026-04-15,10:13 AM,Yamuna,Outside,0,0,0,0,08:16 AM,12:11 PM,149.89,119,15.98,None,0,0,0,7
S6774,2026-04-28,09:54 PM,Rajendra,Hostel,0,0,0,0,0,0,1513.69,79,30.39,None,0,0,1,6
S6775,2026-04-26,08:58 AM,Ganga,Hostel,0,0,0,0,0,0,224.62,168,34.0,None,0,0,1,4
S6776,2026-04-10,09:48 PM,Sarojini,Mess,09:27 PM,09:55 PM,0,0,0,0,322.4,200,48.04,Dinner,0,0,0,4
S6777,2026-04-24,04:43 AM,Azad,Hostel,0,0,0,0,0,0,346.79,149,20.23,None,0,0,1,6
S6778,2026-04-26,12:51 PM,Yamuna,Classroom,0,0,0,0,12:34 PM,01:59 PM,345.94,55,3.41,None,1,0,1,7
S6779,2026-04-07,01:45 AM,Ganga,Outside,0,0,0,0,12:47 AM,03:40 AM,354.09,37,2.39,None,0,0,0,7
S6780,2026-04-19,07:34 PM,Rajendra,Library,0,0,07:23 PM,09:21 PM,07:00 PM,09:48 PM,993.69,75,17.47,None,0,0,0,6
S6781,2026-04-27,10:52 PM,Yamuna,Library,0,0,05:04 PM,11:02 PM,04:55 PM,11:55 PM,824.74,49,18.6,None,0,0,1,3
S6782,2026-04-13,07:57 AM,Yamuna,Outside,0,0,0,0,06:45 AM,09:52 AM,260.01,123,14.69,None,0,0,0,4
S6783,2026-04-28,08:54 PM,Yamuna,Hostel,0,0,0,0,0,0,716.52,115,27.05,None,0,0,1,6
S6784,2026-04-05,07:02 PM,Yamuna,Library,0,0,05:45 PM,08:37 PM,05:27 PM,09:03 PM,662.28,60,19.21,None,0,0,0,6
S6785,2026-04-23,02:28 PM,Rajendra,Outside,0,0,0,0,01:37 PM,05:14 PM,265.36,86,8.18,None,0,0,1,5
S6786,2026-04-30,08:33 AM,Azad,Mess,08:13 AM,09:13 AM,0,0,0,0,347.4,119,35.35,Breakfast,0,0,1,3
S6787,2026-04-21,09:18 PM,Rajendra,Hostel,0,0,0,0,0,0,1458.2,126,23.16,None,0,0,1,6
S6788,2026-04-07,07:41 AM,Ganga,Mess,07:38 AM,08:00 AM,0,0,0,0,510.39,77,44.36,Breakfast,0,0,0,7
S6789,2026-04-06,07:38 PM,Azad,Outside,0,0,0,0,06:22 PM,09:19 PM,247.85,189,27.68,None,0,0,0,9
S6790,2026-04-13,12:43 PM,Yamuna,Mess,12:08 PM,12:43 PM,0,0,0,0,539.73,97,43.32,Lunch,0,0,0,7
S6791,2026-04-20,08:53 PM,Azad,Mess,08:52 PM,09:30 PM,0,0,0,0,526.2,191,47.0,Dinner,0,0,1,7
S6792,2026-04-28,09:47 PM,Azad,Library,0,0,09:25 PM,11:59 PM,08:58 PM,11:59 PM,668.43,29,9.48,None,0,0,1,5
S6793,2026-04-23,02:27 AM,Rajendra,Hostel,0,0,0,0,0,0,276.99,191,40.18,None,0,0,1,6
S6794,2026-04-29,08:02 PM,Azad,Hostel,0,0,0,0,0,0,1027.65,30,27.16,None,0,0,1,4
S6795,2026-04-06,09:17 PM,Rajendra,Library,0,0,09:15 PM,11:03 PM,08:48 PM,11:46 PM,586.54,172,28.09,None,0,0,0,7
S6796,2026-04-23,08:32 AM,Azad,Classroom,0,0,0,0,08:02 AM,10:07 AM,360.08,142,21.06,None,1,1,1,7
S6797,2026-04-18,09:11 PM,Sarojini,Library,0,0,08:25 PM,09:12 PM,08:04 PM,09:56 PM,488.64,192,28.39,None,0,0,0,10
S6798,2026-05-01,08:05 PM,Yamuna,Library,0,0,07:39 PM,08:23 PM,07:23 PM,09:17 PM,628.23,12,13.22,None,0,0,0,5
S6799,2026-04-09,02:57 PM,Azad,Mess,02:22 PM,03:04 PM,0,0,0,0,564.18,145,54.63,Lunch,1,0,0,6
S6800,2026-05-01,01:52 PM,Sarojini,Classroom,0,0,0,0,01:38 PM,03:24 PM,206.66,96,9.31,None,1,0,0,7
S6801,2026-04-03,10:39 PM,Rajendra,Library,0,0,10:02 PM,11:59 PM,09:51 PM,11:59 PM,831.37,179,29.27,None,0,0,0,6
S6802,2026-04-24,02:29 PM,Azad,Mess,02:12 PM,02:53 PM,0,0,0,0,495.87,42,30.31,Lunch,0,0,1,6
S6803,2026-04-25,08:02 AM,Azad,Mess,07:44 AM,08:27 AM,0,0,0,0,511.32,38,35.48,Breakfast,0,0,1,5
S6804,2026-05-01,09:05 AM,Ganga,Classroom,0,0,0,0,08:32 AM,10:55 AM,335.68,83,12.37,None,1,1,0,8
S6805,2026-04-03,09:25 AM,Ganga,Mess,09:17 AM,09:43 AM,0,0,0,0,479.15,114,47.33,Breakfast,0,0,0,7
S6806,2026-04-21,09:05 PM,Rajendra,Hostel,0,0,0,0,0,0,854.68,26,13.9,None,0,0,1,5
S6807,2026-04-26,04:14 AM,Ganga,Hostel,0,0,0,0,0,0,121.17,193,44.19,None,0,0,1,4
S6808,2026-04-24,05:59 PM,Yamuna,Library,0,0,03:18 PM,09:39 PM,03:12 PM,09:54 PM,683.05,77,11.6,None,0,0,1,6
S6809,2026-04-28,03:28 AM,Sarojini,Outside,0,0,0,0,01:29 AM,05:26 AM,365.24,100,11.02,None,0,0,1,4
S6810,2026-04-25,06:15 PM,Sarojini,Library,0,0,01:42 PM,08:19 PM,01:37 PM,08:51 PM,812.23,73,17.74,None,0,0,1,6
S6811,2026-04-11,07:58 AM,Rajendra,Hostel,0,0,0,0,0,0,174.98,175,42.01,None,0,0,0,14
S6812,2026-04-25,09:21 AM,Azad,Mess,09:09 AM,10:09 AM,0,0,0,0,507.43,11,36.94,Breakfast,1,1,1,6
S6813,2026-04-15,07:54 AM,Sarojini,Hostel,0,0,0,0,0,0,289.4,46,22.4,None,0,0,0,5
S6814,2026-04-11,07:54 AM,Sarojini,Mess,07:31 AM,08:25 AM,0,0,0,0,617.35,26,37.85,Breakfast,0,0,0,9
S6815,2026-04-20,11:55 PM,Ganga,Library,0,0,10:45 PM,11:59 PM,10:39 PM,11:59 PM,854.1,171,22.64,None,0,0,1,3
S6816,2026-04-11,03:01 PM,Ganga,Mess,02:13 PM,03:11 PM,0,0,0,0,403.03,193,55.55,Lunch,0,0,0,12
S6817,2026-04-09,10:44 PM,Sarojini,Library,0,0,10:41 PM,11:30 PM,10:35 PM,11:59 PM,597.77,52,16.24,None,0,0,0,8
S6818,2026-04-25,07:13 AM,Yamuna,Hostel,0,0,0,0,0,0,167.85,56,27.39,None,0,0,1,6
S6819,2026-04-21,10:01 PM,Yamuna,Library,0,0,08:52 PM,11:59 PM,08:33 PM,11:59 PM,999.35,174,29.34,None,0,0,1,5
S6820,2026-04-13,09:30 AM,Azad,Hostel,0,0,0,0,0,0,177.91,40,13.38,None,1,1,0,9
S6821,2026-04-12,03:47 PM,Sarojini,Mess,02:59 PM,03:49 PM,0,0,0,0,496.64,158,43.93,Lunch,0,0,0,7
S6822,2026-04-26,10:38 PM,Rajendra,Hostel,0,0,0,0,0,0,1232.38,173,43.38,None,0,0,1,4
S6823,2026-04-01,11:52 AM,Azad,Library,0,0,10:15 AM,12:36 PM,10:02 AM,01:32 PM,732.57,34,12.19,None,0,0,0,7
S6824,2026-04-26,10:00 PM,Azad,Library,0,0,08:47 PM,11:59 PM,08:26 PM,11:59 PM,919.78,45,13.16,None,0,0,1,6
S6825,2026-04-15,10:45 AM,Sarojini,Library,0,0,10:38 AM,12:03 PM,10:15 AM,12:22 PM,837.73,118,12.24,None,0,0,0,7
S6826,2026-04-08,08:21 AM,Ganga,Classroom,0,0,0,0,07:49 AM,08:53 AM,297.16,151,15.46,None,1,1,0,10
S6827,2026-04-16,08:30 PM,Sarojini,Mess,08:30 PM,09:17 PM,0,0,0,0,228.46,21,30.93,Dinner,0,0,0,4
S6828,2026-04-17,01:57 PM,Ganga,Outside,0,0,0,0,12:18 PM,03:06 PM,300.51,154,19.89,None,1,0,0,6
S6829,2026-04-19,08:25 PM,Rajendra,Library,0,0,07:46 PM,08:45 PM,07:24 PM,09:09 PM,772.98,105,28.26,None,0,0,0,7
S6830,2026-04-08,05:35 PM,Yamuna,Library,0,0,04:27 PM,05:53 PM,04:09 PM,06:16 PM,974.75,177,20.81,None,0,0,0,5
S6831,2026-04-18,01:25 PM,Sarojini,Library,0,0,12:54 PM,02:44 PM,12:35 PM,02:59 PM,876.77,55,12.68,None,0,0,0,10
S6832,2026-04-14,02:47 PM,Yamuna,Library,0,0,12:25 PM,03:09 PM,12:06 PM,04:04 PM,762.29,183,34.31,None,0,0,0,3
S6833,2026-04-16,05:57 PM,Sarojini,Library,0,0,05:23 PM,06:08 PM,05:08 PM,07:05 PM,782.15,117,25.07,None,0,0,0,7
S6834,2026-04-14,10:48 PM,Ganga,Library,0,0,10:21 PM,11:32 PM,10:12 PM,11:50 PM,967.31,83,12.73,None,0,0,0,9
S6835,2026-04-14,12:24 PM,Azad,Library,0,0,11:03 AM,12:34 PM,10:51 AM,01:11 PM,596.17,98,14.4,None,1,0,0,7
S6836,2026-05-01,09:23 PM,Yamuna,Library,0,0,09:10 PM,10:11 PM,08:51 PM,11:03 PM,758.25,46,12.47,None,0,0,0,7
S6837,2026-04-07,10:25 AM,Yamuna,Mess,09:53 AM,10:43 AM,0,0,0,0,504.32,194,50.16,Breakfast,0,0,0,8
S6838,2026-04-04,09:30 AM,Yamuna,Mess,09:06 AM,09:41 AM,0,0,0,0,556.6,174,42.69,Breakfast,1,1,0,7
S6839,2026-04-01,12:45 PM,Sarojini,Library,0,0,12:38 PM,01:16 PM,12:22 PM,01:59 PM,1000.21,120,21.97,None,0,0,0,7
S6840,2026-04-09,10:48 PM,Sarojini,Library,0,0,09:30 PM,10:48 PM,09:19 PM,11:25 PM,645.6,101,15.91,None,0,0,0,7
S6841,2026-04-25,03:53 PM,Ganga,Hostel,0,0,0,0,0,0,248.45,76,19.52,None,1,0,1,7
S6842,2026-04-05,02:15 PM,Sarojini,Mess,01:57 PM,02:40 PM,0,0,0,0,589.82,72,32.38,Lunch,1,0,0,6
S6843,2026-04-16,08:48 PM,Ganga,Library,0,0,06:51 PM,09:10 PM,06:29 PM,09:26 PM,743.92,100,21.09,None,0,0,0,6
S6844,2026-04-18,03:48 PM,Azad,Mess,02:53 PM,03:53 PM,0,0,0,0,515.44,138,42.92,Lunch,1,0,0,7
S6845,2026-04-05,08:30 PM,Rajendra,Hostel,0,0,0,0,0,0,810.13,78,26.72,None,0,0,0,8
S6846,2026-04-28,06:29 AM,Ganga,Hostel,0,0,0,0,0,0,336.62,118,26.41,None,0,0,1,7
S6847,2026-04-05,12:11 AM,Sarojini,Hostel,0,0,0,0,0,0,212.02,39,17.81,None,0,0,0,6
S6848,2026-04-01,08:19 AM,Sarojini,Mess,07:59 AM,08:28 AM,0,0,0,0,371.47,152,51.14,Breakfast,0,0,0,7
S6849,2026-04-03,07:31 PM,Rajendra,Mess,07:20 PM,07:48 PM,0,0,0,0,529.07,120,35.36,Dinner,0,0,0,3
S6850,2026-04-18,08:35 PM,Rajendra,Mess,08:34 PM,09:05 PM,0,0,0,0,538.47,92,41.29,Dinner,0,0,0,3
S6851,2026-04-01,03:36 AM,Yamuna,Hostel,0,0,0,0,0,0,248.03,45,15.98,None,0,0,0,8
S6852,2026-04-04,09:44 PM,Ganga,Mess,09:12 PM,09:56 PM,0,0,0,0,565.33,183,47.39,Dinner,0,0,0,7
S6853,2026-04-14,10:04 AM,Ganga,Mess,09:36 AM,10:33 AM,0,0,0,0,499.2,110,37.55,Breakfast,0,0,0,6
S6854,2026-04-12,01:25 PM,Yamuna,Mess,01:20 PM,02:07 PM,0,0,0,0,671.97,86,49.91,Lunch,0,0,0,16
S6855,2026-04-29,08:34 PM,Rajendra,Mess,08:29 PM,08:56 PM,0,0,0,0,437.18,184,44.65,Dinner,0,0,1,4
S6856,2026-04-11,11:20 AM,Yamuna,Library,0,0,10:52 AM,01:05 PM,10:46 AM,01:16 PM,474.18,51,16.2,None,1,0,0,7
S6857,2026-04-26,11:45 AM,Rajendra,Library,0,0,09:07 AM,05:44 PM,08:47 AM,06:17 PM,633.19,173,29.2,None,0,0,1,5
S6858,2026-04-11,10:31 AM,Rajendra,Outside,0,0,0,0,09:44 AM,01:06 PM,190.35,84,4.29,None,0,0,0,7
S6859,2026-05-01,09:18 AM,Sarojini,Mess,09:06 AM,09:52 AM,0,0,0,0,605.79,89,34.18,Breakfast,1,1,0,7
S6860,2026-04-19,08:02 PM,Sarojini,Mess,08:00 PM,08:31 PM,0,0,0,0,429.5,150,28.56,Dinner,0,0,0,8
S6861,2026-04-20,09:40 PM,Yamuna,Library,0,0,07:35 PM,11:59 PM,07:27 PM,11:59 PM,668.91,186,33.63,None,0,0,1,5
S6862,2026-04-20,12:57 PM,Yamuna,Mess,12:05 PM,01:05 PM,0,0,0,0,485.75,87,34.7,Lunch,1,0,1,4
S6863,2026-04-17,07:32 AM,Yamuna,Hostel,0,0,0,0,0,0,235.43,155,41.75,None,0,0,0,9
S6864,2026-04-08,02:01 PM,Ganga,Library,0,0,01:21 PM,03:36 PM,01:12 PM,04:23 PM,922.11,64,14.1,None,1,0,0,5
S6865,2026-04-22,06:46 PM,Azad,Library,0,0,12:29 PM,08:02 PM,12:04 PM,08:36 PM,781.44,146,29.76,None,0,0,1,3
S6866,2026-04-18,01:16 AM,Rajendra,Hostel,0,0,0,0,0,0,264.98,26,18.54,None,0,0,0,7
S6867,2026-04-08,01:30 AM,Sarojini,Outside,0,0,0,0,12:40 AM,03:52 AM,263.93,36,4.67,None,0,0,0,8
S6868,2026-04-14,11:24 AM,Rajendra,Outside,0,0,0,0,10:47 AM,12:58 PM,336.91,134,18.16,None,1,0,0,9
S6869,2026-04-30,10:10 PM,Yamuna,Library,0,0,03:53 PM,11:21 PM,03:35 PM,11:42 PM,677.78,155,22.05,None,0,0,1,4
S6870,2026-04-07,07:27 PM,Rajendra,Library,0,0,06:03 PM,07:34 PM,05:42 PM,07:49 PM,653.42,158,24.37,None,0,0,0,9
S6871,2026-04-12,09:00 PM,Sarojini,Library,0,0,08:22 PM,09:11 PM,07:57 PM,09:43 PM,1011.03,148,28.53,None,0,0,0,7
S6872,2026-04-27,04:45 PM,Rajendra,Library,0,0,01:32 PM,09:25 PM,01:14 PM,10:05 PM,708.94,79,21.77,None,0,0,1,3
S6873,2026-04-22,09:15 AM,Rajendra,Mess,08:37 AM,09:16 AM,0,0,0,0,443.4,146,38.91,Breakfast,0,0,1,5
S6874,2026-04-13,08:34 PM,Rajendra,Mess,08:17 PM,08:59 PM,0,0,0,0,347.49,42,25.21,Dinner,0,0,0,4
S6875,2026-04-07,11:07 PM,Sarojini,Library,0,0,10:42 PM,11:59 PM,10:26 PM,11:59 PM,786.03,156,22.71,None,0,0,0,4
S6876,2026-04-15,08:49 PM,Sarojini,Mess,08:45 PM,09:15 PM,0,0,0,0,583.16,95,47.23,Dinner,0,0,0,7
S6877,2026-04-08,03:57 PM,Azad,Library,0,0,03:20 PM,04:26 PM,03:10 PM,04:48 PM,846.42,184,30.22,None,0,0,0,6
S6878,2026-04-20,07:30 AM,Azad,Mess,07:13 AM,08:01 AM,0,0,0,0,554.45,10,29.56,Breakfast,0,0,1,6
S6879,2026-04-01,07:00 PM,Ganga,Library,0,0,04:56 PM,07:30 PM,04:30 PM,08:27 PM,597.9,10,9.18,None,0,0,0,9
S6880,2026-04-17,11:48 AM,Ganga,Library,0,0,09:43 AM,12:22 PM,09:16 AM,12:46 PM,899.75,68,17.14,None,1,0,0,7
S6881,2026-04-02,09:48 AM,Ganga,Classroom,0,0,0,0,09:12 AM,11:19 AM,264.41,35,3.4,None,1,1,0,7
S6882,2026-04-27,10:47 PM,Azad,Library,0,0,08:23 PM,11:59 PM,08:09 PM,11:59 PM,733.2,97,20.56,None,0,0,1,5
S6883,2026-04-18,10:42 AM,Sarojini,Library,0,0,09:36 AM,10:44 AM,09:31 AM,11:06 AM,745.02,100,18.49,None,1,1,0,7
S6884,2026-04-12,04:45 AM,Rajendra,Outside,0,0,0,0,04:05 AM,07:25 AM,297.51,186,26.4,None,0,0,0,16
S6885,2026-04-06,09:14 AM,Ganga,Classroom,0,0,0,0,09:00 AM,10:06 AM,164.76,35,4.75,None,1,1,0,4
S6886,2026-04-04,03:49 AM,Rajendra,Hostel,0,0,0,0,0,0,142.53,153,32.45,None,0,0,0,4
S6887,2026-04-19,07:53 AM,Sarojini,Mess,07:25 AM,08:15 AM,0,0,0,0,398.98,185,35.72,Breakfast,0,0,0,8
S6888,2026-04-01,10:51 PM,Sarojini,Library,0,0,10:23 PM,10:54 PM,10:11 PM,11:37 PM,619.98,76,16.57,None,0,0,0,7
S6889,2026-04-18,02:16 PM,Rajendra,Library,0,0,01:42 PM,03:31 PM,01:36 PM,04:07 PM,506.7,51,14.53,None,0,0,0,7
S6890,2026-04-17,08:14 AM,Sarojini,Mess,07:28 AM,08:22 AM,0,0,0,0,508.03,59,30.74,Breakfast,0,0,0,7
S6891,2026-04-29,11:21 PM,Sarojini,Library,0,0,06:13 PM,11:59 PM,05:47 PM,11:59 PM,987.97,112,29.72,None,0,0,1,6
S6892,2026-04-29,08:51 AM,Azad,Mess,08:51 AM,09:45 AM,0,0,0,0,410.47,159,52.47,Breakfast,0,0,1,3
S6893,2026-04-09,08:50 AM,Yamuna,Mess,08:18 AM,09:18 AM,0,0,0,0,507.87,101,48.42,Breakfast,0,0,0,8
S6894,2026-04-06,08:25 PM,Ganga,Mess,08:23 PM,08:56 PM,0,0,0,0,643.04,199,58.92,Dinner,0,0,0,15
S6895,2026-04-15,09:49 PM,Sarojini,Mess,09:42 PM,10:02 PM,0,0,0,0,466.08,13,21.39,Dinner,0,0,0,3
S6896,2026-04-24,06:03 AM,Sarojini,Outside,0,0,0,0,04:22 AM,07:19 AM,351.06,160,22.24,None,0,0,1,4
S6897,2026-04-05,08:31 AM,Yamuna,Mess,08:15 AM,08:51 AM,0,0,0,0,441.04,44,40.17,Breakfast,0,0,0,7
S6898,2026-04-10,01:01 PM,Azad,Mess,12:10 PM,01:10 PM,0,0,0,0,394.06,168,41.06,Lunch,0,0,0,9
S6899,2026-04-03,09:50 AM,Sarojini,Classroom,0,0,0,0,09:30 AM,10:25 AM,198.01,62,8.57,None,1,1,0,9
S6900,2026-04-15,09:20 PM,Azad,Library,0,0,08:17 PM,09:37 PM,08:05 PM,10:03 PM,998.73,46,13.78,None,0,0,0,4
S6901,2026-04-01,04:24 PM,Rajendra,Library,0,0,01:57 PM,04:36 PM,01:28 PM,04:57 PM,585.61,30,13.02,None,1,1,0,7
S6902,2026-04-13,12:27 PM,Sarojini,Mess,12:27 PM,12:54 PM,0,0,0,0,600.15,112,48.66,Lunch,0,0,0,7
S6903,2026-04-30,09:08 AM,Azad,Mess,08:54 AM,09:32 AM,0,0,0,0,516.66,33,35.4,Breakfast,0,0,1,4
S6904,2026-04-05,08:59 PM,Sarojini,Library,0,0,08:25 PM,09:33 PM,08:09 PM,10:05 PM,495.22,99,16.4,None,0,0,0,7
S6905,2026-04-15,12:31 PM,Azad,Library,0,0,11:24 AM,01:12 PM,11:17 AM,01:46 PM,975.5,151,14.53,None,1,0,0,6
S6906,2026-04-09,06:04 PM,Rajendra,Library,0,0,06:02 PM,07:01 PM,05:45 PM,07:14 PM,559.06,197,31.1,None,0,0,0,7
S6907,2026-04-20,08:26 AM,Rajendra,Hostel,0,0,0,0,0,0,319.84,170,28.38,None,0,0,1,8
S6908,2026-04-25,09:17 AM,Rajendra,Mess,09:15 AM,09:55 AM,0,0,0,0,281.68,166,52.58,Breakfast,1,1,1,4
S6909,2026-04-25,06:17 PM,Yamuna,Library,0,0,10:34 AM,06:27 PM,10:12 AM,06:50 PM,732.26,144,25.35,None,0,0,1,3
S6910,2026-04-15,02:12 PM,Sarojini,Mess,02:09 PM,02:46 PM,0,0,0,0,496.37,166,46.54,Lunch,0,0,0,3
S6911,2026-04-23,10:04 PM,Ganga,Library,0,0,09:45 PM,11:59 PM,09:23 PM,11:59 PM,807.92,105,17.09,None,0,0,1,6
S6912,2026-04-08,09:10 AM,Sarojini,Mess,08:39 AM,09:14 AM,0,0,0,0,470.08,63,38.12,Breakfast,0,0,0,7
S6913,2026-04-09,02:11 PM,Sarojini,Mess,01:54 PM,02:45 PM,0,0,0,0,405.81,74,43.33,Lunch,1,0,0,3
S6914,2026-04-13,02:14 PM,Rajendra,Mess,01:43 PM,02:43 PM,0,0,0,0,337.24,145,46.1,Lunch,1,0,0,8
S6915,2026-04-09,02:34 PM,Azad,Mess,02:30 PM,02:51 PM,0,0,0,0,517.13,65,29.93,Lunch,0,0,0,6
S6916,2026-04-29,09:39 AM,Azad,Mess,09:31 AM,10:07 AM,0,0,0,0,458.7,159,42.95,Breakfast,0,0,1,6
S6917,2026-04-06,08:24 AM,Sarojini,Mess,07:59 AM,08:50 AM,0,0,0,0,450.8,118,43.0,Breakfast,0,0,0,7
S6918,2026-04-28,06:56 AM,Yamuna,Hostel,0,0,0,0,0,0,273.03,125,27.12,None,0,0,1,3
S6919,2026-04-27,01:29 PM,Yamuna,Library,0,0,09:09 AM,02:27 PM,08:50 AM,02:45 PM,612.52,92,21.63,None,1,0,1,5
S6920,2026-04-11,05:24 PM,Yamuna,Library,0,0,03:56 PM,06:26 PM,03:48 PM,06:37 PM,753.21,134,29.99,None,0,0,0,6
S6921,2026-04-02,08:17 AM,Yamuna,Mess,07:58 AM,08:35 AM,0,0,0,0,373.68,192,47.92,Breakfast,0,0,0,6
S6922,2026-04-10,04:39 AM,Rajendra,Hostel,0,0,0,0,0,0,106.98,111,29.13,None,0,0,0,8
S6923,2026-04-27,07:42 PM,Azad,Mess,07:07 PM,07:49 PM,0,0,0,0,256.0,188,59.04,Dinner,0,0,1,3
S6924,2026-04-05,01:29 PM,Rajendra,Classroom,0,0,0,0,12:59 PM,03:12 PM,383.8,157,8.39,None,1,0,0,7
S6925,2026-04-13,08:36 PM,Azad,Mess,08:15 PM,09:08 PM,0,0,0,0,507.03,149,35.93,Dinner,0,0,0,8
S6926,2026-04-06,01:48 PM,Sarojini,Library,0,0,01:08 PM,01:51 PM,12:57 PM,02:12 PM,617.72,113,18.6,None,0,0,0,7
S6927,2026-04-30,08:14 PM,Ganga,Outside,0,0,0,0,06:28 PM,10:36 PM,119.84,56,2.83,None,0,0,1,6
S6928,2026-04-26,04:06 PM,Azad,Hostel,0,0,0,0,0,0,306.4,116,23.46,None,1,1,1,4
S6929,2026-04-06,10:38 PM,Rajendra,Hostel,0,0,0,0,0,0,876.6,32,22.37,None,0,0,0,5
S6930,2026-04-21,02:00 PM,Rajendra,Classroom,0,0,0,0,01:41 PM,03:57 PM,337.05,73,10.5,None,1,0,1,5
S6931,2026-04-17,07:56 PM,Rajendra,Outside,0,0,0,0,07:26 PM,10:44 PM,379.36,154,14.56,None,0,0,0,10
S6932,2026-04-08,02:18 PM,Rajendra,Mess,01:56 PM,02:51 PM,0,0,0,0,426.8,123,47.44,Lunch,1,0,0,6
S6933,2026-04-09,08:36 AM,Yamuna,Outside,0,0,0,0,07:45 AM,09:49 AM,314.48,149,21.6,None,0,0,0,7
S6934,2026-04-22,04:20 AM,Azad,Hostel,0,0,0,0,0,0,299.63,34,18.4,None,0,0,1,8
S6935,2026-04-18,08:36 AM,Yamuna,Mess,07:59 AM,08:50 AM,0,0,0,0,393.25,87,35.59,Breakfast,0,0,0,7
S6936,2026-04-01,08:34 AM,Ganga,Mess,08:28 AM,09:26 AM,0,0,0,0,421.6,115,49.15,Breakfast,0,0,0,6
S6937,2026-04-28,08:51 AM,Sarojini,Hostel,0,0,0,0,0,0,169.11,155,32.09,None,0,0,1,5
S6938,2026-04-03,02:32 PM,Ganga,Classroom,0,0,0,0,01:55 PM,04:08 PM,166.32,15,1.23,None,1,0,0,7
S6939,2026-04-12,02:27 PM,Ganga,Mess,02:19 PM,02:49 PM,0,0,0,0,427.84,137,45.94,Lunch,1,0,0,8
S6940,2026-04-14,01:16 PM,Rajendra,Mess,12:51 PM,01:30 PM,0,0,0,0,432.92,122,53.18,Lunch,1,0,0,10
S6941,2026-04-06,11:45 PM,Sarojini,Library,0,0,10:48 PM,11:59 PM,10:30 PM,11:59 PM,831.49,185,22.69,None,0,0,0,9
S6942,2026-04-26,07:34 PM,Ganga,Hostel,0,0,0,0,0,0,187.1,178,42.41,None,0,0,1,5
S6943,2026-04-04,10:08 AM,Rajendra,Mess,09:57 AM,10:53 AM,0,0,0,0,343.52,200,60.49,Breakfast,1,1,0,14
S6944,2026-04-05,08:37 PM,Azad,Outside,0,0,0,0,08:02 PM,09:53 PM,387.74,49,5.4,None,0,0,0,16
S6945,2026-04-15,01:20 PM,Azad,Library,0,0,12:41 PM,02:08 PM,12:36 PM,02:36 PM,617.01,59,9.7,None,0,0,0,9
S6946,2026-04-23,05:01 PM,Azad,Library,0,0,04:57 PM,11:59 PM,04:27 PM,11:59 PM,682.83,129,21.26,None,0,0,1,5
S6947,2026-04-14,09:35 PM,Ganga,Mess,09:17 PM,10:11 PM,0,0,0,0,478.92,142,52.65,Dinner,0,0,0,6
S6948,2026-04-04,07:51 PM,Yamuna,Mess,07:25 PM,07:56 PM,0,0,0,0,552.83,78,29.68,Dinner,0,0,0,7
S6949,2026-04-03,04:15 PM,Azad,Library,0,0,02:32 PM,04:17 PM,02:10 PM,04:36 PM,882.46,106,26.05,None,0,0,0,6
S6950,2026-04-12,02:51 PM,Azad,Mess,02:31 PM,03:03 PM,0,0,0,0,393.3,191,51.98,Lunch,0,0,0,6
S6951,2026-04-26,01:20 PM,Rajendra,Hostel,0,0,0,0,0,0,292.56,17,22.42,None,0,0,1,4
S6952,2026-04-30,05:11 PM,Ganga,Library,0,0,03:31 PM,09:02 PM,03:25 PM,09:13 PM,831.12,20,14.73,None,0,0,1,6
S6953,2026-04-08,10:54 PM,Ganga,Library,0,0,09:11 PM,11:11 PM,09:05 PM,11:28 PM,791.13,86,10.57,None,0,0,0,3
S6954,2026-04-05,11:24 PM,Yamuna,Outside,0,0,0,0,10:29 PM,11:59 PM,201.58,112,9.66,None,0,0,0,7
S6955,2026-04-16,11:07 PM,Ganga,Outside,0,0,0,0,10:09 PM,11:59 PM,153.11,141,18.87,None,0,0,0,7
S6956,2026-04-02,01:16 PM,Rajendra,Library,0,0,10:24 AM,01:16 PM,10:02 AM,02:11 PM,846.99,10,11.23,None,0,0,0,7
S6957,2026-04-26,01:53 PM,Yamuna,Mess,01:11 PM,01:56 PM,0,0,0,0,530.48,108,31.89,Lunch,0,0,1,6
S6958,2026-04-11,08:47 AM,Azad,Mess,08:08 AM,09:01 AM,0,0,0,0,665.96,40,31.01,Breakfast,0,0,0,6
S6959,2026-04-04,06:21 PM,Ganga,Outside,0,0,0,0,04:42 PM,07:36 PM,118.94,61,3.48,None,0,0,0,7
S6960,2026-04-27,03:44 PM,Sarojini,Library,0,0,10:32 AM,06:01 PM,10:05 AM,06:17 PM,864.65,193,24.79,None,1,0,1,6
S6961,2026-04-11,07:46 PM,Yamuna,Library,0,0,07:35 PM,10:23 PM,07:06 PM,10:48 PM,642.34,12,8.13,None,0,0,0,8
S6962,2026-04-07,11:41 AM,Rajendra,Library,0,0,11:09 AM,11:52 AM,10:43 AM,12:09 PM,1017.37,160,34.83,None,1,0,0,10
S6963,2026-04-17,08:02 PM,Rajendra,Mess,07:29 PM,08:28 PM,0,0,0,0,600.8,78,28.46,Dinner,0,0,0,5
S6964,2026-04-08,01:54 PM,Sarojini,Library,0,0,12:02 PM,02:33 PM,11:50 AM,02:50 PM,748.27,49,19.09,None,1,0,0,9
S6965,2026-04-15,04:07 AM,Sarojini,Hostel,0,0,0,0,0,0,368.15,143,32.71,None,0,0,0,10
S6966,2026-04-01,02:35 PM,Azad,Library,0,0,01:55 PM,03:16 PM,01:37 PM,04:13 PM,676.57,85,15.45,None,1,0,0,7
S6967,2026-04-06,06:09 AM,Ganga,Hostel,0,0,0,0,0,0,138.57,36,28.65,None,0,0,0,4
S6968,2026-04-10,05:42 PM,Yamuna,Classroom,0,0,0,0,05:25 PM,06:15 PM,320.09,21,1.13,None,1,1,0,4
S6969,2026-04-12,08:17 AM,Yamuna,Mess,08:04 AM,08:31 AM,0,0,0,0,429.03,62,44.18,Breakfast,0,0,0,4
S6970,2026-04-24,04:59 PM,Ganga,Outside,0,0,0,0,03:59 PM,06:43 PM,207.88,122,7.56,None,0,0,1,5
S6971,2026-04-21,09:27 AM,Rajendra,Mess,09:15 AM,09:43 AM,0,0,0,0,634.13,86,46.39,Breakfast,1,1,1,5
S6972,2026-04-11,10:43 PM,Ganga,Library,0,0,08:39 PM,11:24 PM,08:29 PM,11:59 PM,662.97,16,9.89,None,0,0,0,7
S6973,2026-04-29,11:45 AM,Azad,Outside,0,0,0,0,10:44 AM,01:56 PM,125.71,61,5.51,None,0,0,1,5
S6974,2026-04-05,12:29 PM,Azad,Mess,12:19 PM,01:03 PM,0,0,0,0,639.93,89,34.27,Lunch,0,0,0,8
S6975,2026-04-13,10:08 AM,Yamuna,Library,0,0,09:46 AM,12:21 PM,09:17 AM,01:09 PM,827.23,158,28.73,None,0,0,0,8
S6976,2026-04-11,11:30 PM,Azad,Library,0,0,10:38 PM,11:54 PM,10:16 PM,11:59 PM,639.29,110,21.42,None,0,0,0,10
S6977,2026-04-16,08:57 AM,Sarojini,Mess,08:16 AM,09:07 AM,0,0,0,0,356.03,195,57.97,Breakfast,0,0,0,12
S6978,2026-04-22,01:25 PM,Ganga,Library,0,0,12:06 PM,06:05 PM,11:52 AM,06:43 PM,851.21,42,14.19,None,0,0,1,8
S6979,2026-04-24,07:53 AM,Azad,Hostel,0,0,0,0,0,0,382.64,119,30.28,None,0,0,1,6
S6980,2026-04-13,10:51 AM,Rajendra,Hostel,0,0,0,0,0,0,259.9,188,28.8,None,1,1,0,3
S6981,2026-04-25,09:59 PM,Azad,Library,0,0,03:29 PM,11:32 PM,03:06 PM,11:59 PM,907.79,160,27.35,None,0,0,1,6
S6982,2026-04-12,10:58 PM,Rajendra,Library,0,0,10:42 PM,11:32 PM,10:32 PM,11:59 PM,895.65,192,41.54,None,0,0,0,7
S6983,2026-04-07,05:21 AM,Ganga,Outside,0,0,0,0,04:51 AM,06:35 AM,184.33,154,15.11,None,0,0,0,6
S6984,2026-04-11,09:05 AM,Ganga,Mess,08:56 AM,09:30 AM,0,0,0,0,403.79,156,36.56,Breakfast,0,0,0,16
S6985,2026-04-02,08:11 AM,Sarojini,Mess,08:02 AM,08:31 AM,0,0,0,0,470.16,63,46.51,Breakfast,0,0,0,8
S6986,2026-04-03,08:45 PM,Azad,Library,0,0,08:44 PM,11:01 PM,08:23 PM,11:38 PM,858.07,75,17.36,None,0,0,0,4
S6987,2026-04-03,08:38 PM,Azad,Library,0,0,08:18 PM,08:56 PM,07:53 PM,09:38 PM,739.25,164,39.04,None,0,0,0,7
S6988,2026-04-27,02:08 PM,Rajendra,Classroom,0,0,0,0,01:37 PM,02:49 PM,191.54,124,8.43,None,1,0,1,5
S6989,2026-04-18,10:08 PM,Sarojini,Mess,09:57 PM,10:25 PM,0,0,0,0,430.96,13,38.36,Dinner,0,0,0,7
S6990,2026-04-03,03:17 AM,Yamuna,Outside,0,0,0,0,02:23 AM,06:12 AM,195.38,195,10.79,None,0,0,0,7
S6991,2026-04-10,10:28 AM,Ganga,Mess,09:58 AM,10:46 AM,0,0,0,0,372.75,147,42.72,Breakfast,1,1,0,7
S6992,2026-04-13,07:33 PM,Yamuna,Mess,07:00 PM,07:50 PM,0,0,0,0,410.35,181,56.34,Dinner,0,0,0,7
S6993,2026-04-08,02:58 AM,Sarojini,Hostel,0,0,0,0,0,0,120.0,32,22.54,None,0,0,0,7
S6994,2026-04-25,04:25 AM,Azad,Hostel,0,0,0,0,0,0,199.86,28,13.45,None,0,0,1,5
S6995,2026-04-17,09:04 PM,Yamuna,Mess,08:36 PM,09:25 PM,0,0,0,0,332.01,10,22.19,Dinner,0,0,0,7
S6996,2026-04-24,05:20 PM,Yamuna,Library,0,0,03:26 PM,11:14 PM,03:13 PM,11:40 PM,568.64,146,30.6,None,0,0,1,4
S6997,2026-04-12,09:23 PM,Azad,Library,0,0,07:38 PM,09:37 PM,07:19 PM,10:03 PM,789.01,173,24.42,None,0,0,0,7
S6998,2026-04-09,12:18 PM,Ganga,Library,0,0,11:32 AM,02:14 PM,11:21 AM,02:54 PM,810.19,154,21.06,None,1,0,0,7
S6999,2026-04-20,04:44 PM,Azad,Library,0,0,02:26 PM,10:29 PM,02:02 PM,11:00 PM,788.0,199,34.62,None,0,0,1,5
S7000,2026-04-02,11:58 AM,Yamuna,Outside,0,0,0,0,11:15 AM,01:00 PM,181.18,176,16.01,None,0,0,0,8
S7001,2026-04-11,02:27 PM,Azad,Hostel,0,0,0,0,0,0,343.85,81,27.4,None,0,0,0,6
S7002,2026-04-13,03:50 PM,Yamuna,Classroom,0,0,0,0,03:10 PM,04:38 PM,125.33,134,6.71,None,1,0,0,8
S7003,2026-04-17,08:38 PM,Ganga,Outside,0,0,0,0,07:49 PM,09:41 PM,187.07,104,15.4,None,0,0,0,8
S7004,2026-04-09,04:20 PM,Ganga,Classroom,0,0,0,0,04:10 PM,05:32 PM,333.15,122,6.43,None,1,1,0,8
S7005,2026-04-19,10:02 PM,Ganga,Mess,09:24 PM,10:06 PM,0,0,0,0,430.83,171,47.15,Dinner,0,0,0,6
S7006,2026-04-24,08:20 PM,Rajendra,Library,0,0,02:06 PM,09:22 PM,01:39 PM,09:37 PM,762.36,71,16.43,None,0,0,1,6
S7007,2026-04-20,12:35 PM,Azad,Mess,12:29 PM,01:16 PM,0,0,0,0,273.65,54,25.12,Lunch,0,0,1,4
S7008,2026-04-13,04:09 PM,Ganga,Library,0,0,03:55 PM,04:34 PM,03:25 PM,04:51 PM,730.44,91,16.49,None,1,1,0,9
S7009,2026-04-30,05:13 PM,Azad,Outside,0,0,0,0,03:29 PM,06:29 PM,247.58,171,20.89,None,0,0,1,4
S7010,2026-04-27,05:57 PM,Ganga,Classroom,0,0,0,0,05:30 PM,07:26 PM,219.29,121,7.23,None,1,1,1,4
S7011,2026-04-30,03:15 PM,Rajendra,Library,0,0,01:07 PM,09:24 PM,01:00 PM,09:47 PM,680.53,155,21.29,None,0,0,1,7
S7012,2026-04-24,10:31 AM,Ganga,Classroom,0,0,0,0,09:55 AM,11:10 AM,320.41,33,3.27,None,1,1,1,6
S7013,2026-04-30,01:46 AM,Azad,Outside,0,0,0,0,12:12 AM,03:47 AM,235.6,57,3.48,None,0,0,1,6
S7014,2026-04-14,02:08 PM,Yamuna,Library,0,0,01:40 PM,03:09 PM,01:34 PM,03:35 PM,611.47,57,18.91,None,0,0,0,7
S7015,2026-04-16,10:36 AM,Azad,Library,0,0,10:33 AM,12:33 PM,10:25 AM,01:33 PM,476.09,172,16.77,None,1,1,0,6
S7016,2026-04-22,12:41 PM,Azad,Library,0,0,12:08 PM,06:59 PM,12:03 PM,07:17 PM,684.07,128,12.82,None,0,0,1,7
S7017,2026-04-14,09:15 AM,Sarojini,Mess,08:54 AM,09:19 AM,0,0,0,0,568.85,60,37.12,Breakfast,0,0,0,5
S7018,2026-04-13,09:46 AM,Rajendra,Mess,09:39 AM,10:07 AM,0,0,0,0,438.72,55,47.57,Breakfast,0,0,0,7
S7019,2026-04-19,05:24 PM,Ganga,Library,0,0,05:16 PM,07:15 PM,05:04 PM,07:32 PM,1054.32,34,15.66,None,0,0,0,6
S7020,2026-04-03,12:07 AM,Yamuna,Hostel,0,0,0,0,0,0,316.0,27,21.81,None,0,0,0,8
S7021,2026-04-12,06:57 PM,Ganga,Library,0,0,05:25 PM,07:41 PM,04:59 PM,08:40 PM,762.76,29,8.11,None,0,0,0,4
S7022,2026-04-17,02:02 PM,Yamuna,Library,0,0,01:39 PM,02:26 PM,01:25 PM,03:02 PM,591.8,39,9.06,None,0,0,0,4
S7023,2026-04-07,09:23 PM,Sarojini,Mess,08:29 PM,09:25 PM,0,0,0,0,650.76,38,38.86,Dinner,0,0,0,5
S7024,2026-04-02,09:15 PM,Ganga,Library,0,0,08:53 PM,09:43 PM,08:47 PM,10:21 PM,858.02,54,14.51,None,0,0,0,8
S7025,2026-04-23,11:32 PM,Sarojini,Library,0,0,09:19 PM,11:59 PM,09:04 PM,11:59 PM,736.8,103,28.06,None,0,0,1,4
S7026,2026-05-01,08:59 AM,Sarojini,Classroom,0,0,0,0,08:29 AM,10:55 AM,142.98,140,19.17,None,1,1,0,9
S7027,2026-04-01,10:18 AM,Azad,Mess,09:54 AM,10:54 AM,0,0,0,0,318.85,30,42.26,Breakfast,1,1,0,7
S7028,2026-04-20,10:42 PM,Sarojini,Library,0,0,07:14 PM,11:59 PM,06:51 PM,11:59 PM,771.93,124,25.22,None,0,0,1,4
S7029,2026-04-23,04:17 PM,Azad,Library,0,0,02:28 PM,10:26 PM,02:15 PM,11:20 PM,570.74,91,13.96,None,0,0,1,4
S7030,2026-04-04,11:27 AM,Yamuna,Library,0,0,11:15 AM,12:47 PM,11:09 AM,01:44 PM,698.75,35,10.73,None,0,0,0,8
S7031,2026-04-17,01:38 PM,Ganga,Hostel,0,0,0,0,0,0,352.56,68,27.04,None,1,0,0,10
S7032,2026-04-12,10:36 AM,Ganga,Library,0,0,10:30 AM,11:02 AM,10:11 AM,11:57 AM,826.44,193,27.81,None,1,1,0,7
S7033,2026-04-04,09:21 AM,Azad,Mess,09:05 AM,09:25 AM,0,0,0,0,499.9,172,46.42,Breakfast,0,0,0,13
S7034,2026-04-30,08:31 AM,Sarojini,Mess,08:27 AM,08:53 AM,0,0,0,0,230.61,166,49.82,Breakfast,0,0,1,6
S7035,2026-04-17,10:00 AM,Sarojini,Mess,09:42 AM,10:27 AM,0,0,0,0,367.21,190,44.71,Breakfast,0,0,0,8
S7036,2026-04-27,08:14 PM,Azad,Mess,08:12 PM,08:41 PM,0,0,0,0,378.6,71,29.27,Dinner,0,0,1,5
S7037,2026-04-29,08:52 AM,Sarojini,Mess,08:30 AM,09:03 AM,0,0,0,0,408.14,144,27.68,Breakfast,0,0,1,8
S7038,2026-04-21,10:41 AM,Yamuna,Hostel,0,0,0,0,0,0,184.43,12,18.94,None,1,1,1,8
S7039,2026-04-09,10:13 PM,Sarojini,Mess,09:35 PM,10:30 PM,0,0,0,0,434.65,96,48.28,Dinner,0,0,0,8
S7040,2026-04-02,06:27 AM,Azad,Outside,0,0,0,0,05:10 AM,08:22 AM,283.71,90,9.34,None,0,0,0,7
S7041,2026-04-17,07:03 PM,Rajendra,Outside,0,0,0,0,05:53 PM,08:29 PM,336.32,142,19.1,None,0,0,0,6
S7042,2026-04-07,07:57 PM,Sarojini,Mess,07:46 PM,08:24 PM,0,0,0,0,531.23,169,44.91,Dinner,0,0,0,8
S7043,2026-04-16,10:51 AM,Ganga,Classroom,0,0,0,0,10:25 AM,12:07 PM,315.21,194,24.69,None,1,1,0,8
S7044,2026-04-30,09:30 PM,Yamuna,Library,0,0,08:12 PM,11:59 PM,08:03 PM,11:59 PM,838.08,107,28.64,None,0,0,1,4
S7045,2026-04-24,11:48 PM,Yamuna,Library,0,0,07:20 PM,11:59 PM,06:56 PM,11:59 PM,728.0,164,35.0,None,0,0,1,8
S7046,2026-04-01,07:35 PM,Yamuna,Mess,07:33 PM,08:26 PM,0,0,0,0,457.72,163,43.68,Dinner,0,0,0,6
S7047,2026-04-06,08:19 AM,Yamuna,Mess,07:59 AM,08:29 AM,0,0,0,0,485.96,62,25.67,Breakfast,0,0,0,7
S7048,2026-04-21,11:09 PM,Yamuna,Library,0,0,09:19 PM,11:59 PM,09:14 PM,11:59 PM,608.38,135,21.25,None,0,0,1,6
S7049,2026-04-03,09:55 PM,Yamuna,Library,0,0,09:45 PM,11:59 PM,09:20 PM,11:59 PM,664.51,35,10.46,None,0,0,0,8
S7050,2026-04-01,08:38 AM,Rajendra,Mess,08:25 AM,08:59 AM,0,0,0,0,608.64,53,40.35,Breakfast,0,0,0,8
S7051,2026-04-03,07:57 PM,Ganga,Mess,07:46 PM,08:22 PM,0,0,0,0,368.85,106,42.5,Dinner,0,0,0,5
S7052,2026-04-28,04:43 PM,Azad,Library,0,0,02:45 PM,07:51 PM,02:28 PM,08:10 PM,768.98,37,13.58,None,0,0,1,4
S7053,2026-04-01,08:21 PM,Ganga,Mess,07:27 PM,08:27 PM,0,0,0,0,442.29,199,43.43,Dinner,0,0,0,7
S7054,2026-04-26,03:54 PM,Ganga,Library,0,0,03:25 PM,11:19 PM,03:06 PM,11:36 PM,879.43,66,14.15,None,0,0,1,5
S7055,2026-04-19,08:10 AM,Ganga,Mess,08:04 AM,08:27 AM,0,0,0,0,429.99,78,24.35,Breakfast,0,0,0,4
S7056,2026-04-19,07:35 PM,Azad,Hostel,0,0,0,0,0,0,114.62,132,30.76,None,0,0,0,10
S7057,2026-04-05,07:54 AM,Rajendra,Hostel,0,0,0,0,0,0,269.7,44,21.26,None,0,0,0,8
S7058,2026-04-09,10:03 PM,Rajendra,Library,0,0,09:30 PM,10:04 PM,09:16 PM,10:42 PM,800.7,132,21.69,None,0,0,0,3
S7059,2026-04-28,11:54 PM,Sarojini,Library,0,0,08:57 PM,11:59 PM,08:32 PM,11:59 PM,498.32,24,12.92,None,0,0,1,5
S7060,2026-04-12,12:02 PM,Ganga,Library,0,0,11:39 AM,12:35 PM,11:15 AM,12:55 PM,713.88,88,20.25,None,0,0,0,8
S7061,2026-04-09,09:00 PM,Azad,Mess,08:28 PM,09:01 PM,0,0,0,0,417.64,81,32.64,Dinner,0,0,0,8
S7062,2026-04-28,04:19 PM,Azad,Library,0,0,12:02 PM,05:19 PM,11:47 AM,05:47 PM,852.74,141,21.14,None,0,0,1,4
S7063,2026-05-01,12:12 PM,Sarojini,Mess,12:12 PM,12:52 PM,0,0,0,0,257.57,54,37.78,Lunch,1,0,0,9
S7064,2026-05-01,03:10 PM,Rajendra,Outside,0,0,0,0,01:43 PM,04:17 PM,240.56,85,8.01,None,0,0,0,7
S7065,2026-04-25,04:23 PM,Yamuna,Classroom,0,0,0,0,04:09 PM,06:14 PM,224.6,83,12.35,None,1,1,1,6
S7066,2026-04-27,07:09 AM,Ganga,Mess,07:01 AM,07:22 AM,0,0,0,0,489.7,36,40.47,Breakfast,0,0,1,6
S7067,2026-04-30,08:16 AM,Ganga,Mess,07:32 AM,08:32 AM,0,0,0,0,451.41,122,53.74,Breakfast,0,0,1,6
S7068,2026-04-03,09:26 PM,Rajendra,Outside,0,0,0,0,08:10 PM,10:52 PM,260.45,72,10.64,None,0,0,0,8
S7069,2026-04-27,07:11 PM,Ganga,Library,0,0,01:15 PM,09:28 PM,12:52 PM,09:51 PM,726.9,82,17.4,None,0,0,1,5
S7070,2026-04-24,08:27 PM,Rajendra,Library,0,0,08:11 PM,11:59 PM,08:00 PM,11:59 PM,533.98,130,25.8,None,0,0,1,3
S7071,2026-04-17,05:27 PM,Azad,Library,0,0,02:53 PM,05:41 PM,02:39 PM,05:59 PM,573.01,96,23.1,None,0,0,0,8
S7072,2026-04-25,10:21 AM,Yamuna,Outside,0,0,0,0,08:57 AM,12:59 PM,392.72,174,9.52,None,0,0,1,7
S7073,2026-04-11,10:12 AM,Sarojini,Classroom,0,0,0,0,09:50 AM,10:59 AM,265.65,160,8.85,None,1,1,0,7
S7074,2026-04-11,04:17 AM,Ganga,Outside,0,0,0,0,03:17 AM,06:07 AM,153.62,142,15.67,None,0,0,0,7
S7075,2026-04-11,12:35 AM,Yamuna,Hostel,0,0,0,0,0,0,274.92,132,29.89,None,0,0,0,7
S7076,2026-04-04,05:43 PM,Rajendra,Library,0,0,04:03 PM,05:46 PM,03:46 PM,06:43 PM,626.45,38,12.81,None,0,0,0,7
S7077,2026-04-25,11:52 AM,Yamuna,Library,0,0,10:11 AM,06:19 PM,10:06 AM,06:50 PM,476.89,169,32.29,None,1,0,1,6
S7078,2026-04-10,10:20 AM,Sarojini,Outside,0,0,0,0,09:02 AM,12:55 PM,290.05,31,2.13,None,1,1,0,15
S7079,2026-04-24,02:15 PM,Rajendra,Hostel,0,0,0,0,0,0,305.4,163,32.77,None,0,0,1,3
S7080,2026-04-02,12:40 AM,Rajendra,Outside,0,0,0,0,0,03:09 AM,385.15,90,4.64,None,0,0,0,8
S7081,2026-04-10,03:37 PM,Yamuna,Mess,02:39 PM,03:37 PM,0,0,0,0,458.39,126,30.88,Lunch,0,0,0,7
S7082,2026-04-10,07:56 PM,Azad,Mess,07:13 PM,07:57 PM,0,0,0,0,431.13,158,52.51,Dinner,0,0,0,6
S7083,2026-04-02,12:56 PM,Sarojini,Mess,12:09 PM,12:58 PM,0,0,0,0,412.94,36,41.03,Lunch,0,0,0,7
S7084,2026-04-22,07:50 AM,Sarojini,Hostel,0,0,0,0,0,0,253.16,54,19.47,None,0,0,1,6
S7085,2026-04-17,09:10 AM,Yamuna,Mess,08:36 AM,09:32 AM,0,0,0,0,532.77,81,32.94,Breakfast,1,1,0,7
S7086,2026-04-23,10:19 PM,Sarojini,Library,0,0,06:09 PM,11:59 PM,05:45 PM,11:59 PM,657.41,99,24.88,None,0,0,1,3
S7087,2026-04-01,09:23 AM,Yamuna,Outside,0,0,0,0,07:53 AM,12:23 PM,120.49,38,2.71,None,1,1,0,9
S7088,2026-04-29,10:37 PM,Rajendra,Mess,09:42 PM,10:39 PM,0,0,0,0,246.2,124,47.11,Dinner,0,0,1,6
S7089,2026-04-15,05:26 AM,Ganga,Hostel,0,0,0,0,0,0,280.09,37,18.88,None,0,0,0,6
S7090,2026-04-06,09:25 AM,Rajendra,Mess,09:24 AM,10:10 AM,0,0,0,0,642.13,195,44.79,Breakfast,1,1,0,8
S7091,2026-04-08,07:19 PM,Azad,Library,0,0,06:18 PM,07:27 PM,06:02 PM,08:16 PM,462.3,38,13.93,None,0,0,0,8
S7092,2026-04-19,08:21 PM,Azad,Library,0,0,07:59 PM,08:55 PM,07:32 PM,09:42 PM,622.9,17,13.72,None,0,0,0,5
S7093,2026-04-23,07:04 PM,Yamuna,Library,0,0,02:14 PM,07:49 PM,02:02 PM,08:21 PM,879.99,156,24.17,None,0,0,1,4
S7094,2026-04-09,09:34 PM,Sarojini,Mess,09:34 PM,10:05 PM,0,0,0,0,546.08,145,49.25,Dinner,0,0,0,5
S7095,2026-04-01,11:08 AM,Ganga,Library,0,0,10:54 AM,12:05 PM,10:29 AM,12:52 PM,906.46,73,15.89,None,0,0,0,8
S7096,2026-04-19,11:27 AM,Rajendra,Library,0,0,09:17 AM,11:57 AM,09:07 AM,12:55 PM,667.53,82,14.54,None,1,0,0,8
S7097,2026-04-18,08:02 PM,Yamuna,Mess,07:45 PM,08:38 PM,0,0,0,0,416.12,139,52.75,Dinner,0,0,0,8
S7098,2026-04-11,12:54 PM,Rajendra,Library,0,0,11:32 AM,01:19 PM,11:16 AM,01:47 PM,912.98,103,22.55,None,0,0,0,7
S7099,2026-04-16,08:46 AM,Azad,Mess,08:13 AM,09:02 AM,0,0,0,0,421.13,148,40.23,Breakfast,0,0,0,9
S7100,2026-04-15,10:37 PM,Ganga,Library,0,0,10:01 PM,11:47 PM,09:31 PM,11:59 PM,809.01,170,27.09,None,0,0,0,10
S7101,2026-04-21,03:20 PM,Yamuna,Library,0,0,01:57 PM,07:50 PM,01:34 PM,08:31 PM,722.63,134,24.42,None,0,0,1,4
S7102,2026-04-03,07:53 PM,Rajendra,Mess,07:45 PM,08:30 PM,0,0,0,0,440.44,72,39.63,Dinner,0,0,0,6
S7103,2026-04-09,06:48 AM,Azad,Outside,0,0,0,0,05:41 AM,08:18 AM,177.41,13,1.38,None,0,0,0,3
S7104,2026-05-01,07:43 AM,Rajendra,Mess,07:30 AM,07:53 AM,0,0,0,0,350.67,54,39.53,Breakfast,0,0,0,7
S7105,2026-04-03,01:48 PM,Ganga,Mess,01:39 PM,02:11 PM,0,0,0,0,421.09,143,40.65,Lunch,1,0,0,17
S7106,2026-04-16,06:29 AM,Rajendra,Outside,0,0,0,0,04:49 AM,08:22 AM,268.35,182,16.93,None,0,0,0,13
S7107,2026-04-20,09:27 AM,Azad,Hostel,0,0,0,0,0,0,194.7,37,28.62,None,0,0,1,4
S7108,2026-04-05,08:02 AM,Azad,Classroom,0,0,0,0,07:30 AM,09:30 AM,241.61,123,13.99,None,1,1,0,8
S7109,2026-04-04,08:29 PM,Sarojini,Mess,08:17 PM,08:54 PM,0,0,0,0,615.34,26,38.22,Dinner,0,0,0,8
S7110,2026-04-26,06:11 PM,Ganga,Library,0,0,03:18 PM,09:15 PM,03:12 PM,09:29 PM,546.21,182,36.95,None,0,0,1,4
S7111,2026-04-06,08:06 AM,Yamuna,Mess,07:44 AM,08:07 AM,0,0,0,0,417.93,107,33.28,Breakfast,0,0,0,6
S7112,2026-04-21,12:39 PM,Azad,Mess,12:38 PM,01:18 PM,0,0,0,0,445.54,152,45.73,Lunch,1,0,1,5
S7113,2026-05-01,06:50 PM,Ganga,Library,0,0,04:38 PM,07:02 PM,04:18 PM,07:15 PM,970.24,95,23.25,None,0,0,0,7
S7114,2026-04-23,02:29 PM,Yamuna,Library,0,0,10:24 AM,03:57 PM,10:01 AM,04:34 PM,736.28,85,21.22,None,0,0,1,4
S7115,2026-04-28,08:39 PM,Rajendra,Library,0,0,01:40 PM,10:16 PM,01:34 PM,10:44 PM,1041.25,174,29.81,None,0,0,1,5
S7116,2026-04-19,01:25 PM,Azad,Hostel,0,0,0,0,0,0,187.46,109,29.45,None,0,0,0,7
S7117,2026-04-15,08:56 PM,Yamuna,Outside,0,0,0,0,07:03 PM,11:35 PM,178.13,175,24.57,None,0,0,0,7
S7118,2026-04-08,09:28 AM,Rajendra,Mess,08:42 AM,09:34 AM,0,0,0,0,545.72,58,37.0,Breakfast,0,0,0,8
S7119,2026-04-07,04:06 PM,Sarojini,Hostel,0,0,0,0,0,0,277.3,77,22.39,None,1,1,0,9
S7120,2026-04-04,07:25 PM,Ganga,Mess,07:11 PM,07:49 PM,0,0,0,0,549.93,156,42.49,Dinner,0,0,0,6
S7121,2026-04-18,07:44 AM,Rajendra,Mess,07:43 AM,08:31 AM,0,0,0,0,427.78,16,23.46,Breakfast,0,0,0,10
S7122,2026-04-04,08:52 AM,Sarojini,Mess,08:33 AM,09:29 AM,0,0,0,0,505.65,26,37.39,Breakfast,0,0,0,7
S7123,2026-04-12,08:37 AM,Sarojini,Outside,0,0,0,0,07:11 AM,11:16 AM,395.8,143,16.59,None,0,0,0,10
S7124,2026-04-25,03:05 PM,Ganga,Library,0,0,12:15 PM,06:42 PM,12:02 PM,07:22 PM,634.28,165,32.06,None,1,0,1,6
S7125,2026-04-03,10:21 PM,Ganga,Mess,09:49 PM,10:23 PM,0,0,0,0,543.01,117,51.26,Dinner,0,0,0,10
S7126,2026-04-08,09:09 PM,Rajendra,Outside,0,0,0,0,07:41 PM,11:14 PM,126.55,36,3.81,None,0,0,0,7
S7127,2026-04-15,08:45 PM,Rajendra,Library,0,0,08:07 PM,08:52 PM,08:00 PM,09:34 PM,863.84,31,11.35,None,0,0,0,8
S7128,2026-04-12,09:00 AM,Yamuna,Mess,08:33 AM,09:04 AM,0,0,0,0,357.88,126,38.51,Breakfast,0,0,0,7
S7129,2026-04-12,12:20 PM,Rajendra,Library,0,0,11:14 AM,12:27 PM,11:04 AM,12:55 PM,818.08,183,20.54,None,0,0,0,7
S7130,2026-04-27,11:16 PM,Azad,Library,0,0,07:50 PM,11:59 PM,07:38 PM,11:59 PM,572.22,200,27.67,None,0,0,1,5
S7131,2026-04-12,12:31 PM,Yamuna,Outside,0,0,0,0,11:05 AM,02:47 PM,301.59,161,13.17,None,1,0,0,7
S7132,2026-04-16,10:37 PM,Ganga,Hostel,0,0,0,0,0,0,1027.65,69,19.67,None,0,0,0,7
S7133,2026-04-16,07:46 AM,Ganga,Mess,07:18 AM,08:18 AM,0,0,0,0,247.49,158,33.98,Breakfast,0,0,0,7
S7134,2026-04-10,12:17 PM,Sarojini,Mess,12:00 PM,12:49 PM,0,0,0,0,405.78,87,43.98,Lunch,1,0,0,10
S7135,2026-04-23,12:21 PM,Azad,Classroom,0,0,0,0,11:41 AM,01:28 PM,373.52,169,23.82,None,1,0,1,7
S7136,2026-04-17,05:27 PM,Ganga,Outside,0,0,0,0,03:58 PM,08:13 PM,292.21,113,14.51,None,0,0,0,14
S7137,2026-04-03,07:46 AM,Ganga,Mess,07:07 AM,08:01 AM,0,0,0,0,594.28,78,38.09,Breakfast,0,0,0,4
S7138,2026-04-10,02:10 PM,Azad,Hostel,0,0,0,0,0,0,249.9,93,23.54,None,1,0,0,6
S7139,2026-04-24,02:04 PM,Sarojini,Mess,01:13 PM,02:04 PM,0,0,0,0,376.1,151,50.21,Lunch,1,0,1,7
S7140,2026-04-03,09:52 PM,Azad,Mess,09:37 PM,10:24 PM,0,0,0,0,566.16,144,36.68,Dinner,0,0,0,6
S7141,2026-04-13,01:46 PM,Yamuna,Library,0,0,01:38 PM,04:38 PM,01:16 PM,05:15 PM,932.49,21,13.4,None,1,0,0,6
S7142,2026-04-07,05:08 PM,Sarojini,Library,0,0,03:32 PM,06:06 PM,03:03 PM,06:34 PM,786.6,137,15.46,None,0,0,0,7
S7143,2026-04-11,05:47 PM,Ganga,Library,0,0,03:37 PM,06:21 PM,03:16 PM,07:01 PM,767.81,130,30.27,None,0,0,0,8
S7144,2026-05-01,05:12 AM,Sarojini,Outside,0,0,0,0,03:29 AM,07:39 AM,212.75,115,6.4,None,0,0,0,7
S7145,2026-04-15,12:49 PM,Ganga,Library,0,0,11:21 AM,01:10 PM,11:08 AM,02:06 PM,768.61,124,21.99,None,0,0,0,4
S7146,2026-04-17,04:38 PM,Ganga,Library,0,0,03:17 PM,05:29 PM,02:49 PM,05:57 PM,722.0,98,17.0,None,0,0,0,8
S7147,2026-04-27,10:10 AM,Yamuna,Mess,09:56 AM,10:34 AM,0,0,0,0,386.15,164,34.32,Breakfast,0,0,1,5
S7148,2026-04-28,09:36 PM,Yamuna,Outside,0,0,0,0,07:45 PM,11:59 PM,312.0,141,17.14,None,0,0,1,5
S7149,2026-04-11,12:13 PM,Sarojini,Library,0,0,10:16 AM,12:15 PM,10:10 AM,12:48 PM,824.97,17,13.28,None,1,0,0,7
S7150,2026-04-29,04:04 PM,Ganga,Outside,0,0,0,0,02:25 PM,06:43 PM,284.03,56,4.37,None,1,1,1,7
S7151,2026-04-14,09:13 PM,Rajendra,Mess,08:48 PM,09:15 PM,0,0,0,0,416.18,76,29.06,Dinner,0,0,0,8
S7152,2026-04-05,10:48 PM,Sarojini,Library,0,0,10:17 PM,10:49 PM,10:04 PM,11:43 PM,718.67,103,17.33,None,0,0,0,6
S7153,2026-04-13,06:26 PM,Yamuna,Library,0,0,06:10 PM,08:59 PM,06:00 PM,09:57 PM,578.31,71,24.16,None,0,0,0,7
S7154,2026-04-14,09:47 AM,Rajendra,Outside,0,0,0,0,08:54 AM,11:13 AM,379.61,176,15.71,None,0,0,0,6
S7155,2026-04-22,02:19 PM,Yamuna,Hostel,0,0,0,0,0,0,220.12,98,35.31,None,1,0,1,8
S7156,2026-04-29,08:39 AM,Yamuna,Mess,07:56 AM,08:41 AM,0,0,0,0,522.93,40,42.11,Breakfast,0,0,1,4
S7157,2026-05-01,07:47 PM,Rajendra,Mess,07:32 PM,08:29 PM,0,0,0,0,454.58,18,24.6,Dinner,0,0,0,6
S7158,2026-04-10,08:41 AM,Azad,Mess,08:39 AM,09:20 AM,0,0,0,0,394.12,40,29.28,Breakfast,0,0,0,9
S7159,2026-04-03,08:42 PM,Sarojini,Mess,08:30 PM,08:58 PM,0,0,0,0,366.5,149,42.29,Dinner,0,0,0,7
S7160,2026-04-11,11:36 PM,Ganga,Library,0,0,10:31 PM,11:59 PM,10:03 PM,11:59 PM,907.07,75,25.91,None,0,0,0,8
S7161,2026-04-28,07:00 PM,Sarojini,Library,0,0,05:55 PM,11:59 PM,05:43 PM,11:59 PM,692.47,30,15.25,None,0,0,1,3
S7162,2026-04-08,08:59 PM,Ganga,Mess,08:45 PM,09:42 PM,0,0,0,0,433.78,107,45.79,Dinner,0,0,0,9
S7163,2026-04-23,01:07 PM,Azad,Library,0,0,11:13 AM,08:04 PM,11:01 AM,08:51 PM,719.32,175,28.77,None,1,0,1,7
S7164,2026-04-15,08:06 PM,Azad,Mess,07:59 PM,08:21 PM,0,0,0,0,424.37,118,47.72,Dinner,0,0,0,7
S7165,2026-04-03,07:25 AM,Ganga,Outside,0,0,0,0,06:49 AM,09:03 AM,341.31,187,27.13,None,0,0,0,7
S7166,2026-04-10,07:02 PM,Ganga,Hostel,0,0,0,0,0,0,366.41,168,40.1,None,0,0,0,9
S7167,2026-04-30,04:20 PM,Azad,Library,0,0,10:22 AM,05:45 PM,09:56 AM,06:43 PM,960.08,142,23.26,None,0,0,1,3
S7168,2026-04-21,09:05 AM,Yamuna,Mess,08:42 AM,09:12 AM,0,0,0,0,378.07,138,39.31,Breakfast,0,0,1,6
S7169,2026-04-01,02:20 PM,Ganga,Classroom,0,0,0,0,02:10 PM,03:54 PM,285.1,155,15.69,None,1,0,0,6
S7170,2026-04-06,07:26 AM,Sarojini,Mess,07:12 AM,08:00 AM,0,0,0,0,535.34,129,44.7,Breakfast,0,0,0,14
S7171,2026-04-11,05:46 AM,Yamuna,Outside,0,0,0,0,04:21 AM,08:12 AM,112.01,185,16.01,None,0,0,0,16
S7172,2026-04-01,10:03 PM,Ganga,Mess,09:44 PM,10:22 PM,0,0,0,0,479.72,109,31.69,Dinner,0,0,0,5
S7173,2026-04-08,12:28 PM,Yamuna,Library,0,0,11:04 AM,01:10 PM,10:49 AM,02:06 PM,802.56,188,33.2,None,1,0,0,9
S7174,2026-04-03,10:08 AM,Rajendra,Library,0,0,09:26 AM,10:23 AM,09:01 AM,11:05 AM,728.75,43,11.02,None,1,1,0,7
S7175,2026-04-14,03:01 PM,Rajendra,Mess,02:54 PM,03:37 PM,0,0,0,0,474.2,130,39.17,Lunch,0,0,0,7
S7176,2026-04-29,07:10 PM,Yamuna,Hostel,0,0,0,0,0,0,348.23,131,37.84,None,0,0,1,6
S7177,2026-04-03,09:14 PM,Azad,Library,0,0,07:55 PM,10:45 PM,07:35 PM,11:04 PM,1009.42,158,23.46,None,0,0,0,8
S7178,2026-04-07,05:49 PM,Rajendra,Library,0,0,04:08 PM,05:50 PM,03:56 PM,06:31 PM,556.81,196,44.08,None,0,0,0,9
S7179,2026-04-24,07:29 PM,Ganga,Library,0,0,06:11 PM,11:59 PM,05:44 PM,11:59 PM,665.37,60,15.01,None,0,0,1,6
S7180,2026-04-20,07:59 PM,Yamuna,Mess,07:48 PM,08:48 PM,0,0,0,0,368.17,24,32.49,Dinner,0,0,1,7
S7181,2026-04-12,08:58 PM,Yamuna,Mess,08:37 PM,09:18 PM,0,0,0,0,493.97,69,31.46,Dinner,0,0,0,8
S7182,2026-04-26,07:53 AM,Ganga,Mess,07:31 AM,07:53 AM,0,0,0,0,619.09,52,26.49,Breakfast,0,0,1,7
S7183,2026-04-17,12:49 PM,Yamuna,Mess,12:24 PM,12:56 PM,0,0,0,0,238.81,93,44.16,Lunch,0,0,0,7
S7184,2026-04-29,12:05 PM,Yamuna,Outside,0,0,0,0,10:39 AM,03:00 PM,209.65,35,3.27,None,1,0,1,5
S7185,2026-04-24,11:13 PM,Sarojini,Hostel,0,0,0,0,0,0,1132.82,17,23.77,None,0,0,1,5
S7186,2026-04-28,11:57 PM,Ganga,Library,0,0,10:37 PM,11:59 PM,10:27 PM,11:59 PM,499.44,104,18.98,None,0,0,1,7
S7187,2026-04-07,03:36 AM,Ganga,Hostel,0,0,0,0,0,0,350.7,112,40.29,None,0,0,0,9
S7188,2026-04-10,10:07 AM,Sarojini,Mess,09:44 AM,10:20 AM,0,0,0,0,498.84,46,42.75,Breakfast,1,1,0,4
S7189,2026-04-27,10:48 PM,Yamuna,Outside,0,0,0,0,10:11 PM,11:59 PM,380.26,165,17.48,None,0,0,1,6
S7190,2026-04-05,10:10 PM,Yamuna,Library,0,0,09:38 PM,10:49 PM,09:08 PM,11:08 PM,690.64,125,26.5,None,0,0,0,7
S7191,2026-04-21,08:32 PM,Sarojini,Library,0,0,06:56 PM,11:59 PM,06:41 PM,11:59 PM,728.04,17,6.63,None,0,0,1,7
S7192,2026-04-09,01:33 PM,Sarojini,Library,0,0,12:36 PM,02:10 PM,12:10 PM,03:04 PM,784.31,40,11.71,None,0,0,0,8
S7193,2026-04-07,12:53 PM,Azad,Hostel,0,0,0,0,0,0,250.92,133,19.54,None,0,0,0,7
S7194,2026-04-19,07:24 AM,Ganga,Outside,0,0,0,0,05:59 AM,08:32 AM,185.18,171,22.58,None,0,0,0,7
S7195,2026-04-05,03:42 AM,Rajendra,Outside,0,0,0,0,02:44 AM,04:52 AM,319.84,53,7.44,None,0,0,0,8
S7196,2026-04-12,02:02 PM,Ganga,Mess,01:27 PM,02:21 PM,0,0,0,0,304.05,104,45.66,Lunch,0,0,0,8
S7197,2026-04-27,12:16 AM,Yamuna,Outside,0,0,0,0,0,02:41 AM,252.57,155,15.61,None,0,0,1,3
S7198,2026-04-08,03:25 AM,Rajendra,Hostel,0,0,0,0,0,0,240.06,143,30.4,None,0,0,0,4
S7199,2026-04-04,04:54 AM,Azad,Outside,0,0,0,0,03:56 AM,07:12 AM,276.82,83,11.4,None,0,0,0,6
S7200,2026-04-29,05:56 PM,Azad,Library,0,0,12:27 PM,06:57 PM,12:12 PM,07:33 PM,847.93,184,30.93,None,0,0,1,7
S7201,2026-04-20,11:49 PM,Rajendra,Library,0,0,09:33 PM,11:59 PM,09:06 PM,11:59 PM,697.06,174,24.95,None,0,0,1,6
S7202,2026-04-25,12:45 PM,Yamuna,Mess,12:40 PM,01:04 PM,0,0,0,0,276.62,104,49.51,Lunch,1,0,1,6
S7203,2026-04-13,09:33 AM,Sarojini,Mess,09:18 AM,09:42 AM,0,0,0,0,553.8,70,28.5,Breakfast,0,0,0,7
S7204,2026-04-30,08:08 PM,Yamuna,Library,0,0,03:16 PM,10:49 PM,03:02 PM,11:06 PM,839.4,191,36.35,None,0,0,1,6
S7205,2026-04-18,11:59 PM,Azad,Library,0,0,09:52 PM,11:59 PM,09:22 PM,11:59 PM,561.15,140,24.09,None,0,0,0,8
S7206,2026-04-12,02:02 PM,Azad,Library,0,0,12:57 PM,03:43 PM,12:32 PM,04:34 PM,938.25,99,17.63,None,1,0,0,5
S7207,2026-04-09,06:03 PM,Ganga,Library,0,0,05:30 PM,06:30 PM,05:15 PM,06:52 PM,677.23,108,26.13,None,0,0,0,7
S7208,2026-04-08,06:47 PM,Rajendra,Hostel,0,0,0,0,0,0,325.31,182,37.09,None,0,0,0,6
S7209,2026-04-21,12:17 PM,Ganga,Library,0,0,10:19 AM,06:48 PM,10:12 AM,07:07 PM,751.92,79,16.28,None,1,0,1,5
S7210,2026-04-22,03:47 PM,Azad,Library,0,0,11:20 AM,05:28 PM,11:01 AM,06:15 PM,635.4,48,13.62,None,0,0,1,6
S7211,2026-04-16,02:07 PM,Ganga,Library,0,0,12:24 PM,02:27 PM,12:05 PM,03:21 PM,560.11,40,14.94,None,1,0,0,7
S7212,2026-04-27,10:53 PM,Yamuna,Library,0,0,09:26 PM,11:59 PM,09:10 PM,11:59 PM,908.55,77,11.52,None,0,0,1,3
S7213,2026-04-17,02:22 AM,Ganga,Outside,0,0,0,0,01:33 AM,03:28 AM,333.4,41,4.6,None,0,0,0,8
S7214,2026-04-23,07:56 PM,Ganga,Mess,07:12 PM,08:05 PM,0,0,0,0,372.52,193,43.94,Dinner,0,0,1,5
S7215,2026-04-18,09:11 AM,Rajendra,Mess,08:45 AM,09:13 AM,0,0,0,0,567.22,180,42.16,Breakfast,1,1,0,6
S7216,2026-04-06,06:19 AM,Ganga,Hostel,0,0,0,0,0,0,135.41,125,30.3,None,0,0,0,8
S7217,2026-04-11,03:59 PM,Ganga,Library,0,0,03:30 PM,04:18 PM,03:18 PM,04:37 PM,657.43,179,35.98,None,1,0,0,6
S7218,2026-04-18,03:36 PM,Sarojini,Library,0,0,01:35 PM,03:41 PM,01:25 PM,04:14 PM,1032.72,139,18.88,None,0,0,0,6
S7219,2026-04-01,03:02 PM,Ganga,Library,0,0,02:59 PM,05:29 PM,02:38 PM,05:54 PM,893.72,19,9.92,None,1,0,0,4
S7220,2026-04-30,04:58 AM,Yamuna,Hostel,0,0,0,0,0,0,153.88,19,18.53,None,0,0,1,6
S7221,2026-04-24,11:59 AM,Yamuna,Library,0,0,09:13 AM,02:50 PM,08:53 AM,03:45 PM,499.3,58,13.25,None,0,0,1,3
S7222,2026-04-01,03:02 PM,Sarojini,Mess,02:29 PM,03:12 PM,0,0,0,0,584.05,31,30.46,Lunch,1,0,0,9
S7223,2026-04-19,06:14 PM,Rajendra,Outside,0,0,0,0,04:33 PM,08:38 PM,240.34,162,8.35,None,0,0,0,7
S7224,2026-04-03,02:40 PM,Yamuna,Mess,01:58 PM,02:46 PM,0,0,0,0,363.8,123,44.36,Lunch,0,0,0,6
S7225,2026-05-01,04:20 PM,Sarojini,Hostel,0,0,0,0,0,0,390.21,107,22.12,None,1,1,0,7
S7226,2026-04-25,01:02 PM,Yamuna,Outside,0,0,0,0,11:43 AM,02:30 PM,263.39,50,6.27,None,1,0,1,6
S7227,2026-04-17,07:11 PM,Azad,Library,0,0,07:01 PM,08:08 PM,06:53 PM,08:43 PM,770.8,21,16.64,None,0,0,0,7
S7228,2026-04-06,08:50 PM,Azad,Mess,08:41 PM,09:26 PM,0,0,0,0,551.2,165,44.8,Dinner,0,0,0,4
S7229,2026-04-24,09:54 AM,Azad,Mess,09:41 AM,10:14 AM,0,0,0,0,452.31,146,51.38,Breakfast,1,1,1,4
S7230,2026-04-07,12:53 PM,Ganga,Library,0,0,11:43 AM,01:14 PM,11:22 AM,02:04 PM,904.71,196,24.17,None,1,0,0,10
S7231,2026-04-01,10:14 PM,Sarojini,Hostel,0,0,0,0,0,0,1024.23,136,29.81,None,0,0,0,7
S7232,2026-04-02,01:33 PM,Yamuna,Mess,01:18 PM,02:00 PM,0,0,0,0,568.72,100,43.27,Lunch,1,0,0,7
S7233,2026-04-24,07:58 AM,Ganga,Mess,07:53 AM,08:19 AM,0,0,0,0,274.58,54,40.04,Breakfast,0,0,1,4
S7234,2026-04-13,09:36 PM,Rajendra,Outside,0,0,0,0,08:44 PM,11:33 PM,168.91,29,2.92,None,0,0,0,7
S7235,2026-04-20,09:43 AM,Sarojini,Library,0,0,09:12 AM,06:10 PM,09:07 AM,07:07 PM,663.52,127,25.93,None,1,1,1,6
S7236,2026-04-11,07:13 PM,Yamuna,Mess,07:13 PM,08:04 PM,0,0,0,0,598.1,142,41.78,Dinner,0,0,0,9
S7237,2026-04-04,01:19 AM,Sarojini,Hostel,0,0,0,0,0,0,351.41,46,16.6,None,0,0,0,9
S7238,2026-04-16,08:16 AM,Rajendra,Mess,07:44 AM,08:31 AM,0,0,0,0,263.37,46,41.52,Breakfast,0,0,0,4
S7239,2026-04-25,10:10 PM,Yamuna,Hostel,0,0,0,0,0,0,1288.82,106,28.82,None,0,0,1,8
S7240,2026-05-01,10:43 PM,Rajendra,Library,0,0,09:16 PM,11:59 PM,09:05 PM,11:59 PM,852.51,72,12.26,None,0,0,0,7
S7241,2026-04-22,12:53 PM,Azad,Library,0,0,11:18 AM,04:57 PM,10:57 AM,05:37 PM,627.44,132,15.78,None,1,0,1,5
S7242,2026-04-22,09:58 PM,Sarojini,Mess,09:29 PM,10:19 PM,0,0,0,0,459.19,112,40.82,Dinner,0,0,1,7
S7243,2026-04-18,08:02 AM,Ganga,Mess,07:46 AM,08:18 AM,0,0,0,0,486.6,26,36.19,Breakfast,0,0,0,4
S7244,2026-04-22,08:16 PM,Ganga,Library,0,0,04:49 PM,11:38 PM,04:23 PM,11:59 PM,928.02,140,29.51,None,0,0,1,6
S7245,2026-04-09,03:13 AM,Azad,Hostel,0,0,0,0,0,0,274.54,96,24.05,None,0,0,0,7
S7246,2026-04-09,06:09 PM,Sarojini,Library,0,0,04:39 PM,06:15 PM,04:26 PM,06:49 PM,1067.3,27,17.3,None,0,0,0,8
S7247,2026-04-26,09:41 AM,Sarojini,Mess,09:36 AM,10:00 AM,0,0,0,0,263.81,12,36.96,Breakfast,1,1,1,6
S7248,2026-04-21,05:11 PM,Ganga,Classroom,0,0,0,0,04:51 PM,06:22 PM,116.03,50,6.52,None,1,1,1,6
S7249,2026-04-18,09:15 AM,Rajendra,Mess,08:44 AM,09:35 AM,0,0,0,0,668.26,19,25.38,Breakfast,0,0,0,3
S7250,2026-04-18,02:47 PM,Ganga,Mess,02:34 PM,03:28 PM,0,0,0,0,442.38,157,44.25,Lunch,0,0,0,8
S7251,2026-04-23,07:13 PM,Azad,Mess,07:13 PM,07:54 PM,0,0,0,0,453.59,129,44.93,Dinner,0,0,1,6
S7252,2026-04-19,02:12 PM,Ganga,Hostel,0,0,0,0,0,0,318.25,172,42.04,None,0,0,0,7
S7253,2026-04-08,03:25 PM,Ganga,Library,0,0,03:17 PM,04:51 PM,02:51 PM,05:21 PM,739.16,106,20.63,None,0,0,0,7
S7254,2026-04-11,09:21 AM,Azad,Hostel,0,0,0,0,0,0,143.01,35,23.36,None,0,0,0,7
S7255,2026-05-01,01:42 AM,Sarojini,Outside,0,0,0,0,0,03:42 AM,374.88,109,15.93,None,0,0,0,6
S7256,2026-04-04,10:27 PM,Yamuna,Mess,09:48 PM,10:35 PM,0,0,0,0,528.27,148,36.5,Dinner,0,0,0,6
S7257,2026-04-19,10:23 AM,Sarojini,Hostel,0,0,0,0,0,0,270.42,39,17.0,None,0,0,0,6
S7258,2026-04-28,09:13 PM,Yamuna,Hostel,0,0,0,0,0,0,823.75,147,33.73,None,0,0,1,6
S7259,2026-04-09,11:00 PM,Ganga,Library,0,0,10:08 PM,11:08 PM,09:58 PM,11:41 PM,749.25,98,12.67,None,0,0,0,8
S7260,2026-04-07,09:42 PM,Ganga,Library,0,0,08:39 PM,11:05 PM,08:22 PM,11:58 PM,819.22,143,19.85,None,0,0,0,16
S7261,2026-04-25,11:40 PM,Ganga,Library,0,0,10:12 PM,11:59 PM,09:43 PM,11:59 PM,823.1,152,19.63,None,0,0,1,7
S7262,2026-04-20,08:52 PM,Yamuna,Library,0,0,06:58 PM,11:59 PM,06:37 PM,11:59 PM,850.01,102,21.04,None,0,0,1,3
S7263,2026-04-13,02:22 PM,Sarojini,Hostel,0,0,0,0,0,0,213.98,163,34.88,None,1,0,0,9
S7264,2026-04-04,09:51 PM,Yamuna,Mess,09:46 PM,10:07 PM,0,0,0,0,559.75,133,43.04,Dinner,0,0,0,8
S7265,2026-05-01,10:24 AM,Yamuna,Outside,0,0,0,0,08:26 AM,01:06 PM,125.7,70,3.68,None,1,1,0,13
S7266,2026-04-09,09:16 PM,Yamuna,Hostel,0,0,0,0,0,0,660.91,193,36.59,None,0,0,0,9
S7267,2026-04-06,11:06 AM,Yamuna,Classroom,0,0,0,0,10:28 AM,12:04 PM,386.12,148,7.46,None,1,0,0,8
S7268,2026-04-15,02:32 PM,Rajendra,Library,0,0,01:50 PM,02:56 PM,01:45 PM,03:30 PM,752.69,142,18.87,None,0,0,0,10
S7269,2026-04-24,03:20 PM,Sarojini,Library,0,0,02:04 PM,10:28 PM,01:38 PM,10:48 PM,646.65,166,26.24,None,0,0,1,4
S7270,2026-04-23,02:30 AM,Azad,Outside,0,0,0,0,01:41 AM,05:04 AM,115.58,96,9.59,None,0,0,1,6
S7271,2026-04-28,08:18 PM,Azad,Mess,07:54 PM,08:29 PM,0,0,0,0,481.7,134,34.14,Dinner,0,0,1,5
S7272,2026-04-03,12:40 PM,Ganga,Outside,0,0,0,0,11:22 AM,03:22 PM,311.06,79,8.86,None,0,0,0,5
S7273,2026-04-04,05:37 PM,Sarojini,Library,0,0,04:57 PM,07:36 PM,04:46 PM,07:57 PM,667.89,95,13.21,None,0,0,0,8
S7274,2026-04-27,02:11 PM,Sarojini,Classroom,0,0,0,0,01:42 PM,02:53 PM,376.53,57,6.02,None,1,0,1,5
S7275,2026-04-08,03:51 PM,Ganga,Hostel,0,0,0,0,0,0,121.63,54,18.04,None,0,0,0,7
S7276,2026-04-22,08:51 PM,Yamuna,Mess,08:39 PM,09:15 PM,0,0,0,0,269.05,122,28.03,Dinner,0,0,1,6
S7277,2026-04-30,03:10 PM,Ganga,Library,0,0,09:42 AM,04:22 PM,09:12 AM,04:43 PM,482.45,55,17.14,None,0,0,1,6
S7278,2026-04-01,05:02 PM,Azad,Classroom,0,0,0,0,04:41 PM,06:31 PM,387.86,106,13.54,None,1,1,0,7
S7279,2026-04-12,04:41 PM,Rajendra,Outside,0,0,0,0,03:30 PM,06:18 PM,321.58,36,3.71,None,1,1,0,9
S7280,2026-04-02,02:18 PM,Yamuna,Mess,02:13 PM,02:43 PM,0,0,0,0,417.0,189,53.03,Lunch,0,0,0,6
S7281,2026-04-17,08:45 AM,Ganga,Mess,08:42 AM,09:40 AM,0,0,0,0,560.74,157,52.88,Breakfast,0,0,0,5
S7282,2026-04-08,10:44 PM,Rajendra,Mess,09:56 PM,10:54 PM,0,0,0,0,403.9,99,36.7,Dinner,0,0,0,6
S7283,2026-04-12,08:00 PM,Sarojini,Library,0,0,07:13 PM,08:04 PM,06:50 PM,08:53 PM,731.02,164,33.91,None,0,0,0,7
S7284,2026-04-20,10:54 PM,Sarojini,Library,0,0,09:58 PM,11:59 PM,09:47 PM,11:59 PM,954.89,23,16.86,None,0,0,1,3
S7285,2026-04-29,12:17 AM,Ganga,Hostel,0,0,0,0,0,0,239.88,36,15.3,None,0,0,1,5
S7286,2026-04-23,10:39 PM,Azad,Library,0,0,07:05 PM,11:59 PM,06:46 PM,11:59 PM,504.49,19,9.6,None,0,0,1,3
S7287,2026-04-10,07:31 PM,Azad,Library,0,0,06:44 PM,08:46 PM,06:26 PM,09:17 PM,791.85,176,25.95,None,0,0,0,10
S7288,2026-04-04,07:57 PM,Rajendra,Mess,07:48 PM,08:19 PM,0,0,0,0,664.68,167,53.11,Dinner,0,0,0,9
S7289,2026-04-12,04:15 PM,Sarojini,Library,0,0,03:14 PM,05:27 PM,02:46 PM,06:17 PM,854.43,75,23.53,None,0,0,0,6
S7290,2026-04-14,02:23 PM,Rajendra,Mess,02:10 PM,02:41 PM,0,0,0,0,519.01,79,34.65,Lunch,1,0,0,8
S7291,2026-04-10,07:42 PM,Azad,Mess,07:42 PM,08:06 PM,0,0,0,0,378.71,43,44.29,Dinner,0,0,0,8
S7292,2026-04-10,02:59 PM,Sarojini,Hostel,0,0,0,0,0,0,386.15,50,25.92,None,0,0,0,6
S7293,2026-04-16,01:20 PM,Ganga,Mess,12:26 PM,01:22 PM,0,0,0,0,487.77,184,48.31,Lunch,0,0,0,8
S7294,2026-04-14,03:32 PM,Azad,Outside,0,0,0,0,02:43 PM,05:44 PM,165.73,189,15.75,None,0,0,0,7
S7295,2026-04-19,09:24 PM,Ganga,Outside,0,0,0,0,07:50 PM,10:44 PM,282.87,193,20.99,None,0,0,0,8
S7296,2026-04-14,01:44 AM,Sarojini,Outside,0,0,0,0,12:29 AM,03:35 AM,208.3,61,3.78,None,0,0,0,6
S7297,2026-04-20,01:52 PM,Ganga,Mess,01:42 PM,02:19 PM,0,0,0,0,410.76,123,35.66,Lunch,0,0,1,4
S7298,2026-04-09,10:30 PM,Ganga,Library,0,0,10:12 PM,11:59 PM,09:58 PM,11:59 PM,815.41,97,11.11,None,0,0,0,6
S7299,2026-04-17,04:39 PM,Yamuna,Library,0,0,03:45 PM,04:58 PM,03:30 PM,05:52 PM,712.49,167,26.91,None,0,0,0,3
S7300,2026-04-22,03:18 AM,Rajendra,Outside,0,0,0,0,02:14 AM,05:52 AM,142.49,115,13.22,None,0,0,1,5
S7301,2026-04-23,07:59 PM,Rajendra,Library,0,0,05:47 PM,11:59 PM,05:34 PM,11:59 PM,980.25,78,19.79,None,0,0,1,6
S7302,2026-04-02,12:37 PM,Azad,Library,0,0,12:31 PM,02:06 PM,12:12 PM,03:05 PM,812.49,190,38.22,None,0,0,0,4
S7303,2026-04-26,07:48 PM,Yamuna,Library,0,0,05:23 PM,11:59 PM,05:16 PM,11:59 PM,888.83,21,7.83,None,0,0,1,6
S7304,2026-04-28,06:09 AM,Sarojini,Outside,0,0,0,0,05:07 AM,09:06 AM,302.9,78,11.09,None,0,0,1,8
S7305,2026-04-04,10:58 PM,Sarojini,Hostel,0,0,0,0,0,0,1047.58,43,22.61,None,0,0,0,6
S7306,2026-04-20,12:43 PM,Azad,Mess,12:19 PM,01:11 PM,0,0,0,0,514.48,58,31.76,Lunch,1,0,1,6
S7307,2026-04-13,07:31 PM,Yamuna,Library,0,0,07:05 PM,09:27 PM,06:56 PM,09:52 PM,711.69,59,14.65,None,0,0,0,8
S7308,2026-04-22,09:57 PM,Azad,Mess,09:35 PM,10:05 PM,0,0,0,0,614.53,63,35.88,Dinner,0,0,1,6
S7309,2026-04-23,09:45 PM,Yamuna,Library,0,0,07:56 PM,11:59 PM,07:37 PM,11:59 PM,759.37,167,33.1,None,0,0,1,6
S7310,2026-04-09,09:45 AM,Azad,Mess,09:13 AM,10:06 AM,0,0,0,0,368.66,30,34.16,Breakfast,1,1,0,8
S7311,2026-04-29,01:12 PM,Azad,Mess,01:04 PM,01:24 PM,0,0,0,0,496.23,54,40.83,Lunch,0,0,1,3
S7312,2026-04-11,07:27 PM,Azad,Mess,07:06 PM,07:32 PM,0,0,0,0,478.52,186,50.06,Dinner,0,0,0,7
S7313,2026-04-20,08:01 AM,Sarojini,Mess,07:10 AM,08:05 AM,0,0,0,0,471.8,11,28.46,Breakfast,0,0,1,5
S7314,2026-04-12,05:03 AM,Yamuna,Hostel,0,0,0,0,0,0,395.91,109,31.77,None,0,0,0,4
S7315,2026-05-01,11:05 PM,Azad,Library,0,0,09:49 PM,11:59 PM,09:39 PM,11:59 PM,709.51,127,26.7,None,0,0,0,10
S7316,2026-04-02,07:14 PM,Rajendra,Library,0,0,04:58 PM,07:41 PM,04:31 PM,08:20 PM,706.47,110,17.58,None,0,0,0,8
S7317,2026-04-14,01:30 PM,Yamuna,Mess,01:12 PM,01:40 PM,0,0,0,0,516.4,55,41.19,Lunch,0,0,0,7
S7318,2026-04-21,06:02 PM,Sarojini,Hostel,0,0,0,0,0,0,129.24,34,18.37,None,0,0,1,6
S7319,2026-04-27,09:02 PM,Ganga,Library,0,0,01:41 PM,09:58 PM,01:32 PM,10:23 PM,664.88,148,14.46,None,0,0,1,5
S7320,2026-04-11,03:24 AM,Sarojini,Outside,0,0,0,0,01:33 AM,06:24 AM,131.02,31,2.86,None,0,0,0,6
S7321,2026-04-20,02:52 AM,Rajendra,Outside,0,0,0,0,01:26 AM,03:54 AM,387.81,114,14.54,None,0,0,1,6
S7322,2026-04-27,03:17 PM,Ganga,Library,0,0,11:38 AM,04:44 PM,11:13 AM,05:28 PM,896.76,12,12.41,None,1,0,1,3
S7323,2026-04-14,11:54 PM,Yamuna,Outside,0,0,0,0,10:11 PM,11:59 PM,112.06,141,16.11,None,0,0,0,5
S7324,2026-04-03,11:34 AM,Ganga,Library,0,0,10:01 AM,12:52 PM,09:51 AM,01:02 PM,837.87,14,13.49,None,0,0,0,7
S7325,2026-04-28,12:51 AM,Sarojini,Outside,0,0,0,0,12:14 AM,02:41 AM,129.87,113,8.76,None,0,0,1,5
S7326,2026-04-19,03:22 PM,Yamuna,Mess,02:42 PM,03:38 PM,0,0,0,0,408.51,31,36.73,Lunch,1,0,0,9
S7327,2026-04-15,08:35 PM,Ganga,Mess,08:09 PM,08:53 PM,0,0,0,0,496.03,128,32.05,Dinner,0,0,0,7
S7328,2026-04-29,03:25 PM,Azad,Classroom,0,0,0,0,02:56 PM,04:50 PM,113.76,100,13.64,None,1,0,1,6
S7329,2026-04-15,06:31 PM,Rajendra,Hostel,0,0,0,0,0,0,127.36,11,18.87,None,0,0,0,8
S7330,2026-04-09,02:36 PM,Yamuna,Mess,02:24 PM,03:11 PM,0,0,0,0,522.77,149,42.74,Lunch,0,0,0,10
S7331,2026-04-30,06:41 PM,Rajendra,Hostel,0,0,0,0,0,0,204.26,131,30.26,None,0,0,1,4
S7332,2026-04-26,11:34 PM,Yamuna,Library,0,0,10:12 PM,11:59 PM,09:58 PM,11:59 PM,624.78,78,18.49,None,0,0,1,7
S7333,2026-04-02,09:08 PM,Azad,Mess,08:31 PM,09:27 PM,0,0,0,0,325.01,156,48.38,Dinner,0,0,0,5
S7334,2026-04-11,06:49 PM,Ganga,Library,0,0,06:22 PM,07:07 PM,05:58 PM,07:43 PM,945.31,162,27.48,None,0,0,0,3
S7335,2026-04-29,05:41 PM,Azad,Classroom,0,0,0,0,05:24 PM,06:55 PM,291.64,108,13.64,None,1,1,1,3
S7336,2026-04-08,01:14 AM,Azad,Hostel,0,0,0,0,0,0,174.91,132,28.78,None,0,0,0,5
S7337,2026-04-28,07:15 PM,Azad,Library,0,0,06:01 PM,11:59 PM,05:55 PM,11:59 PM,767.89,138,19.45,None,0,0,1,4
S7338,2026-04-18,06:50 PM,Rajendra,Outside,0,0,0,0,05:26 PM,08:03 PM,164.5,99,6.46,None,0,0,0,6
S7339,2026-04-10,09:08 PM,Azad,Mess,08:54 PM,09:28 PM,0,0,0,0,526.6,87,30.41,Dinner,0,0,0,8
S7340,2026-04-26,08:10 PM,Rajendra,Mess,08:00 PM,08:44 PM,0,0,0,0,358.09,126,53.47,Dinner,0,0,1,6
S7341,2026-04-16,08:05 AM,Rajendra,Mess,07:28 AM,08:15 AM,0,0,0,0,295.14,163,42.59,Breakfast,0,0,0,9
S7342,2026-04-18,08:36 PM,Ganga,Mess,08:10 PM,08:43 PM,0,0,0,0,500.38,138,42.38,Dinner,0,0,0,7
S7343,2026-04-22,12:22 PM,Yamuna,Library,0,0,12:22 PM,06:46 PM,11:57 AM,07:08 PM,664.02,51,19.81,None,0,0,1,3
S7344,2026-04-01,09:59 PM,Azad,Mess,09:39 PM,10:05 PM,0,0,0,0,455.65,36,28.5,Dinner,0,0,0,15
S7345,2026-04-23,06:07 AM,Azad,Outside,0,0,0,0,05:20 AM,08:33 AM,185.91,142,9.65,None,0,0,1,6
S7346,2026-04-30,03:48 PM,Azad,Library,0,0,03:39 PM,10:51 PM,03:21 PM,11:29 PM,530.98,191,41.71,None,0,0,1,7
S7347,2026-04-09,03:13 PM,Yamuna,Mess,02:54 PM,03:19 PM,0,0,0,0,333.28,78,31.99,Lunch,1,0,0,8
S7348,2026-04-21,09:16 PM,Ganga,Hostel,0,0,0,0,0,0,981.19,34,17.57,None,0,0,1,5
S7349,2026-04-26,08:32 PM,Sarojini,Hostel,0,0,0,0,0,0,1010.09,78,30.44,None,0,0,1,5
S7350,2026-04-05,11:53 PM,Rajendra,Library,0,0,10:40 PM,11:57 PM,10:14 PM,11:59 PM,756.64,162,22.94,None,0,0,0,8
S7351,2026-04-05,08:06 PM,Azad,Mess,07:55 PM,08:41 PM,0,0,0,0,516.3,103,48.61,Dinner,0,0,0,7
S7352,2026-04-15,11:44 AM,Rajendra,Library,0,0,10:11 AM,12:03 PM,09:57 AM,12:20 PM,750.64,45,15.13,None,1,0,0,7
S7353,2026-04-19,02:30 PM,Ganga,Mess,02:15 PM,03:11 PM,0,0,0,0,493.53,34,32.54,Lunch,0,0,0,6
S7354,2026-04-01,02:27 PM,Azad,Mess,02:21 PM,02:53 PM,0,0,0,0,511.08,185,48.22,Lunch,0,0,0,7
S7355,2026-04-11,12:32 PM,Sarojini,Library,0,0,11:16 AM,12:43 PM,10:57 AM,12:56 PM,867.11,199,20.4,None,0,0,0,6
S7356,2026-04-26,06:08 PM,Azad,Library,0,0,04:22 PM,11:54 PM,04:12 PM,11:59 PM,945.82,131,28.87,None,0,0,1,8
S7357,2026-04-27,10:30 PM,Azad,Library,0,0,10:00 PM,11:59 PM,09:50 PM,11:59 PM,577.01,125,19.44,None,0,0,1,7
S7358,2026-04-08,04:46 AM,Rajendra,Hostel,0,0,0,0,0,0,102.77,133,34.38,None,0,0,0,8
S7359,2026-04-20,08:58 AM,Rajendra,Mess,08:33 AM,09:01 AM,0,0,0,0,388.51,78,46.16,Breakfast,0,0,1,6
S7360,2026-04-03,04:38 AM,Sarojini,Hostel,0,0,0,0,0,0,314.28,155,46.05,None,0,0,0,7
S7361,2026-04-21,09:36 PM,Ganga,Mess,09:08 PM,09:41 PM,0,0,0,0,485.0,160,52.3,Dinner,0,0,1,4
S7362,2026-04-16,10:21 AM,Rajendra,Mess,09:55 AM,10:40 AM,0,0,0,0,673.65,190,66.69,Breakfast,1,1,0,8
S7363,2026-04-09,08:18 AM,Sarojini,Hostel,0,0,0,0,0,0,239.17,150,35.69,None,0,0,0,9
S7364,2026-04-10,08:10 PM,Azad,Library,0,0,07:21 PM,08:18 PM,06:57 PM,08:28 PM,814.89,156,24.99,None,0,0,0,7
S7365,2026-04-03,07:11 PM,Yamuna,Outside,0,0,0,0,05:53 PM,08:38 PM,245.51,49,3.35,None,0,0,0,6
S7366,2026-04-22,05:29 AM,Ganga,Outside,0,0,0,0,04:11 AM,08:03 AM,380.41,48,4.63,None,0,0,1,5
S7367,2026-04-12,01:49 PM,Rajendra,Mess,01:39 PM,02:31 PM,0,0,0,0,323.58,189,48.72,Lunch,0,0,0,12
S7368,2026-04-22,11:27 PM,Azad,Hostel,0,0,0,0,0,0,1458.41,23,21.35,None,0,0,1,4
S7369,2026-04-24,09:23 PM,Azad,Library,0,0,07:41 PM,11:59 PM,07:12 PM,11:59 PM,668.23,32,12.86,None,0,0,1,5
S7370,2026-04-02,09:35 PM,Sarojini,Library,0,0,09:17 PM,11:06 PM,08:51 PM,11:57 PM,916.97,132,21.39,None,0,0,0,7
S7371,2026-04-01,10:40 PM,Rajendra,Library,0,0,09:13 PM,11:12 PM,08:57 PM,11:47 PM,1047.01,171,36.23,None,0,0,0,7
S7372,2026-04-27,04:32 PM,Yamuna,Library,0,0,09:42 AM,06:35 PM,09:21 AM,07:26 PM,935.49,71,15.8,None,1,1,1,6
S7373,2026-04-26,09:44 PM,Yamuna,Outside,0,0,0,0,08:32 PM,11:12 PM,114.99,78,8.24,None,0,0,1,6
S7374,2026-04-17,09:41 PM,Sarojini,Mess,09:31 PM,10:22 PM,0,0,0,0,311.11,96,50.49,Dinner,0,0,0,7
S7375,2026-04-07,12:57 PM,Sarojini,Library,0,0,12:44 PM,01:47 PM,12:16 PM,02:21 PM,478.54,195,27.63,None,1,0,0,8
S7376,2026-04-22,10:03 PM,Rajendra,Library,0,0,09:59 PM,11:59 PM,09:49 PM,11:59 PM,685.56,91,15.19,None,0,0,1,5
S7377,2026-04-08,04:35 PM,Ganga,Library,0,0,04:32 PM,06:05 PM,04:25 PM,06:15 PM,640.53,37,11.65,None,0,0,0,7
S7378,2026-04-14,07:42 AM,Ganga,Mess,07:19 AM,08:16 AM,0,0,0,0,267.44,107,28.88,Breakfast,0,0,0,5
S7379,2026-04-29,11:38 AM,Azad,Hostel,0,0,0,0,0,0,321.74,152,34.41,None,0,0,1,6
S7380,2026-04-09,06:43 PM,Rajendra,Library,0,0,06:37 PM,07:19 PM,06:13 PM,08:05 PM,594.86,158,29.5,None,0,0,0,9
S7381,2026-04-05,05:36 AM,Yamuna,Outside,0,0,0,0,04:59 AM,07:47 AM,174.68,189,20.74,None,0,0,0,10
S7382,2026-05-01,02:56 PM,Ganga,Mess,02:49 PM,03:16 PM,0,0,0,0,460.41,44,30.17,Lunch,1,0,0,8
S7383,2026-04-28,04:02 PM,Azad,Hostel,0,0,0,0,0,0,342.69,100,33.48,None,1,1,1,4
S7384,2026-04-07,03:04 PM,Ganga,Library,0,0,01:11 PM,03:52 PM,12:50 PM,04:23 PM,708.56,142,19.49,None,1,0,0,8
S7385,2026-04-19,06:39 PM,Ganga,Library,0,0,05:48 PM,07:57 PM,05:30 PM,08:09 PM,946.16,105,16.2,None,0,0,0,7
S7386,2026-04-01,12:10 AM,Ganga,Hostel,0,0,0,0,0,0,252.97,41,15.27,None,0,0,0,5
S7387,2026-04-09,07:58 AM,Ganga,Outside,0,0,0,0,07:25 AM,09:32 AM,359.58,48,4.55,None,0,0,0,6
S7388,2026-04-07,11:48 AM,Rajendra,Library,0,0,11:43 AM,12:37 PM,11:17 AM,01:21 PM,1023.27,12,13.34,None,0,0,0,9
S7389,2026-04-07,04:22 PM,Azad,Hostel,0,0,0,0,0,0,296.11,136,22.4,None,0,0,0,7
S7390,2026-04-23,08:15 AM,Sarojini,Outside,0,0,0,0,07:14 AM,11:07 AM,338.11,131,9.17,None,0,0,1,7
S7391,2026-04-22,08:51 AM,Rajendra,Hostel,0,0,0,0,0,0,198.6,79,26.16,None,0,0,1,6
S7392,2026-04-15,09:42 AM,Ganga,Mess,08:56 AM,09:52 AM,0,0,0,0,399.09,133,36.84,Breakfast,1,1,0,6
S7393,2026-04-19,10:03 PM,Yamuna,Mess,09:44 PM,10:04 PM,0,0,0,0,366.07,172,48.76,Dinner,0,0,0,7
S7394,2026-04-26,07:22 AM,Sarojini,Outside,0,0,0,0,05:30 AM,09:38 AM,318.0,113,7.48,None,0,0,1,7
S7395,2026-04-07,02:12 PM,Yamuna,Library,0,0,02:06 PM,02:42 PM,01:52 PM,03:42 PM,574.2,80,17.78,None,0,0,0,7
S7396,2026-04-19,12:07 PM,Azad,Library,0,0,11:39 AM,12:21 PM,11:15 AM,01:09 PM,1014.68,27,9.97,None,0,0,0,10
S7397,2026-04-11,08:18 PM,Ganga,Mess,07:47 PM,08:19 PM,0,0,0,0,357.57,185,44.74,Dinner,0,0,0,15
S7398,2026-04-14,08:29 AM,Yamuna,Classroom,0,0,0,0,08:03 AM,09:48 AM,390.26,162,22.83,None,1,1,0,6
S7399,2026-04-20,06:49 PM,Ganga,Outside,0,0,0,0,05:29 PM,08:25 PM,286.15,103,13.74,None,0,0,1,5
S7400,2026-04-09,05:14 PM,Ganga,Library,0,0,05:07 PM,07:55 PM,04:55 PM,08:54 PM,548.07,43,20.19,None,0,0,0,7
S7401,2026-04-11,07:23 PM,Rajendra,Mess,07:19 PM,07:57 PM,0,0,0,0,506.68,64,46.03,Dinner,0,0,0,7
S7402,2026-04-29,01:41 PM,Sarojini,Mess,01:09 PM,01:53 PM,0,0,0,0,400.5,84,37.08,Lunch,0,0,1,4
S7403,2026-04-09,05:21 AM,Ganga,Outside,0,0,0,0,04:37 AM,07:19 AM,117.1,16,1.05,None,0,0,0,7
S7404,2026-04-14,02:02 PM,Rajendra,Library,0,0,12:41 PM,02:26 PM,12:14 PM,03:26 PM,564.04,31,9.03,None,1,0,0,6
S7405,2026-04-22,09:09 AM,Azad,Classroom,0,0,0,0,08:33 AM,09:40 AM,236.43,33,4.41,None,1,1,1,7
S7406,2026-04-17,02:41 AM,Yamuna,Outside,0,0,0,0,01:20 AM,04:16 AM,119.88,137,8.08,None,0,0,0,7
S7407,2026-04-16,11:45 PM,Sarojini,Library,0,0,10:59 PM,11:59 PM,10:46 PM,11:59 PM,511.29,145,18.46,None,0,0,0,7
S7408,2026-04-17,01:35 AM,Rajendra,Outside,0,0,0,0,0,04:24 AM,131.62,162,23.25,None,0,0,0,6
S7409,2026-04-08,08:24 PM,Ganga,Hostel,0,0,0,0,0,0,1315.56,15,21.89,None,0,0,0,7
S7410,2026-04-29,10:16 AM,Yamuna,Library,0,0,09:42 AM,03:18 PM,09:23 AM,04:07 PM,795.95,154,15.99,None,1,1,1,4
S7411,2026-04-11,04:29 PM,Azad,Classroom,0,0,0,0,04:01 PM,05:38 PM,206.3,200,11.75,None,1,1,0,7
S7412,2026-04-23,02:04 AM,Azad,Outside,0,0,0,0,01:22 AM,04:27 AM,320.82,140,9.59,None,0,0,1,4
S7413,2026-04-14,09:04 PM,Yamuna,Hostel,0,0,0,0,0,0,1327.6,177,23.37,None,0,0,0,9
S7414,2026-04-24,09:44 AM,Ganga,Outside,0,0,0,0,08:09 AM,10:53 AM,272.87,40,4.84,None,0,0,1,6
S7415,2026-04-16,10:33 PM,Ganga,Library,0,0,10:12 PM,10:51 PM,09:52 PM,11:31 PM,656.23,24,8.35,None,0,0,0,7
S7416,2026-04-28,08:40 PM,Yamuna,Mess,07:56 PM,08:52 PM,0,0,0,0,432.23,162,44.17,Dinner,0,0,1,6
S7417,2026-04-30,05:56 AM,Yamuna,Hostel,0,0,0,0,0,0,245.45,109,32.74,None,0,0,1,5
S7418,2026-04-26,08:25 AM,Ganga,Mess,07:57 AM,08:28 AM,0,0,0,0,572.95,41,36.21,Breakfast,0,0,1,6
S7419,2026-04-29,08:53 PM,Azad,Mess,08:21 PM,09:08 PM,0,0,0,0,320.39,34,40.65,Dinner,0,0,1,7
S7420,2026-04-06,01:02 PM,Yamuna,Mess,12:33 PM,01:18 PM,0,0,0,0,369.27,122,40.88,Lunch,1,0,0,6
S7421,2026-04-23,02:45 AM,Rajendra,Hostel,0,0,0,0,0,0,339.54,78,18.35,None,0,0,1,5
S7422,2026-04-14,02:18 AM,Azad,Outside,0,0,0,0,01:03 AM,05:11 AM,358.02,172,13.04,None,0,0,0,4
S7423,2026-04-23,01:58 PM,Yamuna,Mess,01:41 PM,02:05 PM,0,0,0,0,418.82,182,60.12,Lunch,0,0,1,3
S7424,2026-04-10,08:28 AM,Azad,Mess,07:56 AM,08:47 AM,0,0,0,0,399.78,117,30.65,Breakfast,0,0,0,8
S7425,2026-04-09,11:47 AM,Yamuna,Library,0,0,11:47 AM,12:28 PM,11:24 AM,01:24 PM,759.9,79,10.25,None,1,0,0,6
S7426,2026-04-17,01:42 PM,Ganga,Outside,0,0,0,0,11:46 AM,03:54 PM,397.52,46,3.61,None,1,0,0,7
S7427,2026-04-06,01:58 PM,Yamuna,Hostel,0,0,0,0,0,0,253.31,171,36.02,None,0,0,0,8
S7428,2026-04-23,01:59 PM,Sarojini,Mess,01:51 PM,02:42 PM,0,0,0,0,574.01,113,32.78,Lunch,1,0,1,4
S7429,2026-04-29,02:35 PM,Sarojini,Mess,02:20 PM,02:59 PM,0,0,0,0,530.87,15,39.44,Lunch,1,0,1,5
S7430,2026-05-01,08:30 PM,Rajendra,Mess,08:22 PM,09:21 PM,0,0,0,0,439.91,21,32.37,Dinner,0,0,0,7
S7431,2026-04-11,12:43 PM,Yamuna,Library,0,0,12:01 PM,01:51 PM,11:35 AM,02:34 PM,607.85,106,28.58,None,1,0,0,7
S7432,2026-04-18,08:24 PM,Ganga,Library,0,0,08:12 PM,09:57 PM,07:58 PM,10:29 PM,512.87,14,16.71,None,0,0,0,5
S7433,2026-04-23,05:31 AM,Sarojini,Outside,0,0,0,0,04:02 AM,06:55 AM,323.5,28,1.41,None,0,0,1,7
S7434,2026-04-29,07:55 PM,Ganga,Mess,07:38 PM,08:33 PM,0,0,0,0,553.41,98,26.18,Dinner,0,0,1,3
S7435,2026-04-10,07:45 PM,Yamuna,Mess,07:28 PM,08:09 PM,0,0,0,0,396.48,16,30.09,Dinner,0,0,0,7
S7436,2026-04-30,11:25 PM,Sarojini,Hostel,0,0,0,0,0,0,822.15,176,40.8,None,0,0,1,4
S7437,2026-04-26,01:12 PM,Ganga,Mess,12:35 PM,01:28 PM,0,0,0,0,337.39,196,55.8,Lunch,1,0,1,6
S7438,2026-04-14,09:59 AM,Rajendra,Mess,09:34 AM,10:02 AM,0,0,0,0,369.52,30,37.91,Breakfast,1,1,0,6
S7439,2026-05-01,01:47 AM,Yamuna,Outside,0,0,0,0,12:01 AM,04:38 AM,129.09,43,3.63,None,0,0,0,6
S7440,2026-04-08,12:53 PM,Azad,Mess,12:14 PM,12:56 PM,0,0,0,0,441.0,79,42.86,Lunch,0,0,0,7
S7441,2026-04-02,02:57 AM,Ganga,Outside,0,0,0,0,01:07 AM,04:49 AM,157.44,191,24.87,None,0,0,0,7
S7442,2026-04-01,10:05 AM,Ganga,Mess,09:56 AM,10:17 AM,0,0,0,0,598.23,108,38.67,Breakfast,0,0,0,16
S7443,2026-04-03,09:03 AM,Yamuna,Classroom,0,0,0,0,08:26 AM,10:31 AM,276.58,169,18.16,None,1,1,0,5
S7444,2026-04-17,03:20 PM,Yamuna,Classroom,0,0,0,0,02:41 PM,04:47 PM,274.59,50,5.1,None,1,0,0,7
S7445,2026-04-05,08:21 AM,Rajendra,Mess,07:59 AM,08:22 AM,0,0,0,0,422.79,81,36.58,Breakfast,0,0,0,5
S7446,2026-04-29,12:51 PM,Sarojini,Hostel,0,0,0,0,0,0,133.27,50,18.35,None,0,0,1,5
S7447,2026-04-17,08:43 PM,Ganga,Library,0,0,07:38 PM,09:37 PM,07:14 PM,09:47 PM,525.05,168,19.84,None,0,0,0,6
S7448,2026-04-27,11:49 PM,Azad,Outside,0,0,0,0,09:53 PM,11:59 PM,194.92,178,10.76,None,0,0,1,7
S7449,2026-04-06,02:02 PM,Azad,Mess,01:34 PM,02:08 PM,0,0,0,0,594.18,156,45.36,Lunch,1,0,0,8
S7450,2026-04-03,07:06 AM,Azad,Hostel,0,0,0,0,0,0,335.62,105,25.42,None,0,0,0,8
S7451,2026-04-11,07:08 PM,Azad,Library,0,0,06:33 PM,07:58 PM,06:09 PM,08:27 PM,927.48,194,19.23,None,0,0,0,6
S7452,2026-04-24,08:52 AM,Ganga,Mess,08:33 AM,08:53 AM,0,0,0,0,381.83,34,41.51,Breakfast,0,0,1,6
S7453,2026-04-21,06:52 PM,Rajendra,Outside,0,0,0,0,06:15 PM,09:32 PM,193.67,178,20.93,None,0,0,1,3
S7454,2026-04-17,11:27 AM,Azad,Library,0,0,09:46 AM,12:17 PM,09:16 AM,12:48 PM,557.67,197,26.67,None,0,0,0,7
S7455,2026-04-26,01:14 PM,Sarojini,Mess,12:41 PM,01:35 PM,0,0,0,0,493.68,195,47.99,Lunch,1,0,1,6
S7456,2026-04-03,01:30 PM,Azad,Library,0,0,12:18 PM,02:57 PM,11:51 AM,03:56 PM,934.47,186,34.49,None,0,0,0,6
S7457,2026-04-19,08:53 PM,Yamuna,Library,0,0,07:30 PM,09:56 PM,07:15 PM,10:07 PM,742.14,68,15.7,None,0,0,0,8
S7458,2026-04-13,01:27 PM,Yamuna,Mess,01:24 PM,01:48 PM,0,0,0,0,470.87,10,36.81,Lunch,0,0,0,8
S7459,2026-04-14,05:14 PM,Azad,Library,0,0,04:41 PM,06:26 PM,04:22 PM,07:19 PM,842.85,119,27.36,None,0,0,0,7
S7460,2026-04-16,01:30 PM,Ganga,Library,0,0,12:41 PM,02:17 PM,12:22 PM,02:59 PM,689.88,129,18.75,None,1,0,0,6
S7461,2026-04-27,07:37 AM,Yamuna,Mess,07:27 AM,08:25 AM,0,0,0,0,468.12,83,41.47,Breakfast,0,0,1,6
S7462,2026-04-19,08:47 PM,Yamuna,Library,0,0,07:42 PM,09:53 PM,07:30 PM,10:24 PM,539.32,136,23.53,None,0,0,0,7
S7463,2026-04-29,09:58 AM,Sarojini,Mess,09:36 AM,09:58 AM,0,0,0,0,611.58,26,30.57,Breakfast,0,0,1,5
S7464,2026-04-17,02:47 AM,Rajendra,Hostel,0,0,0,0,0,0,323.07,122,30.82,None,0,0,0,3
S7465,2026-04-23,08:33 PM,Ganga,Library,0,0,06:17 PM,11:59 PM,06:04 PM,11:59 PM,854.77,134,28.52,None,0,0,1,4
S7466,2026-04-01,02:12 PM,Azad,Mess,01:41 PM,02:18 PM,0,0,0,0,301.67,83,34.8,Lunch,0,0,0,3
S7467,2026-04-29,09:39 AM,Sarojini,Classroom,0,0,0,0,09:04 AM,11:29 AM,124.78,96,7.23,None,1,1,1,5
S7468,2026-04-11,12:56 PM,Yamuna,Mess,12:43 PM,01:28 PM,0,0,0,0,438.12,145,51.57,Lunch,0,0,0,7
S7469,2026-04-20,10:17 PM,Ganga,Library,0,0,08:49 PM,11:59 PM,08:24 PM,11:59 PM,745.19,173,32.77,None,0,0,1,3
S7470,2026-04-17,02:45 PM,Azad,Outside,0,0,0,0,01:08 PM,03:57 PM,148.31,161,8.96,None,0,0,0,8
S7471,2026-04-28,06:19 PM,Azad,Outside,0,0,0,0,04:36 PM,08:36 PM,325.69,35,4.5,None,0,0,1,8
S7472,2026-04-15,06:49 PM,Sarojini,Outside,0,0,0,0,04:49 PM,09:11 PM,108.49,27,3.52,None,0,0,0,6
S7473,2026-04-10,08:57 PM,Rajendra,Library,0,0,08:27 PM,11:20 PM,08:15 PM,11:59 PM,829.09,197,30.55,None,0,0,0,7
S7474,2026-04-26,12:51 PM,Ganga,Outside,0,0,0,0,11:28 AM,02:46 PM,145.98,16,1.94,None,1,0,1,6
S7475,2026-04-30,01:25 PM,Yamuna,Outside,0,0,0,0,12:28 PM,02:55 PM,198.03,35,1.83,None,0,0,1,7
S7476,2026-04-30,07:57 PM,Rajendra,Library,0,0,06:05 PM,11:59 PM,06:00 PM,11:59 PM,929.0,94,19.21,None,0,0,1,6
S7477,2026-04-26,08:50 AM,Yamuna,Hostel,0,0,0,0,0,0,294.12,87,27.02,None,0,0,1,8
S7478,2026-04-14,10:04 PM,Ganga,Mess,09:48 PM,10:22 PM,0,0,0,0,415.92,13,39.75,Dinner,0,0,0,7
S7479,2026-04-14,07:57 PM,Yamuna,Library,0,0,07:52 PM,09:42 PM,07:41 PM,09:54 PM,724.84,126,23.02,None,0,0,0,7
S7480,2026-05-01,12:35 PM,Rajendra,Mess,12:08 PM,12:45 PM,0,0,0,0,368.37,118,46.38,Lunch,1,0,0,8
S7481,2026-04-09,12:48 AM,Rajendra,Hostel,0,0,0,0,0,0,332.37,145,42.93,None,0,0,0,4
S7482,2026-04-21,09:42 PM,Rajendra,Mess,09:09 PM,10:06 PM,0,0,0,0,559.07,147,46.26,Dinner,0,0,1,4
S7483,2026-04-10,09:18 PM,Yamuna,Hostel,0,0,0,0,0,0,1435.98,77,19.97,None,0,0,0,8
S7484,2026-04-20,01:51 PM,Yamuna,Hostel,0,0,0,0,0,0,113.04,73,24.69,None,1,0,1,6
S7485,2026-04-21,08:00 PM,Rajendra,Library,0,0,05:03 PM,11:59 PM,04:50 PM,11:59 PM,721.82,126,23.05,None,0,0,1,5
S7486,2026-04-07,07:54 PM,Sarojini,Mess,07:46 PM,08:35 PM,0,0,0,0,571.22,191,55.51,Dinner,0,0,0,4
S7487,2026-04-07,09:36 AM,Ganga,Mess,09:33 AM,10:20 AM,0,0,0,0,376.76,89,34.08,Breakfast,1,1,0,7
S7488,2026-04-22,02:30 PM,Ganga,Mess,02:29 PM,02:50 PM,0,0,0,0,461.03,155,55.37,Lunch,0,0,1,6
S7489,2026-04-22,09:59 PM,Ganga,Outside,0,0,0,0,08:13 PM,11:26 PM,134.61,24,1.42,None,0,0,1,4
S7490,2026-04-16,08:26 PM,Sarojini,Library,0,0,08:12 PM,10:16 PM,07:56 PM,11:05 PM,992.95,189,35.28,None,0,0,0,10
S7491,2026-04-16,10:36 PM,Yamuna,Library,0,0,09:22 PM,11:25 PM,09:09 PM,11:59 PM,1026.42,163,17.05,None,0,0,0,6
S7492,2026-04-06,09:05 PM,Ganga,Library,0,0,08:56 PM,10:41 PM,08:38 PM,11:02 PM,762.23,51,17.97,None,0,0,0,5
S7493,2026-04-25,04:37 PM,Azad,Outside,0,0,0,0,03:19 PM,07:13 PM,116.03,158,12.72,None,0,0,1,3
S7494,2026-05-01,11:22 PM,Rajendra,Outside,0,0,0,0,10:30 PM,11:59 PM,189.83,197,14.31,None,0,0,0,7
S7495,2026-04-08,06:06 PM,Azad,Library,0,0,04:14 PM,06:13 PM,03:59 PM,06:30 PM,802.35,196,26.93,None,0,0,0,8
S7496,2026-04-28,07:21 PM,Azad,Library,0,0,06:32 PM,11:59 PM,06:03 PM,11:59 PM,622.84,141,26.43,None,0,0,1,6
S7497,2026-04-01,01:15 PM,Azad,Library,0,0,12:21 PM,01:53 PM,11:53 AM,02:33 PM,752.32,200,40.02,None,1,0,0,7
S7498,2026-04-28,11:44 PM,Rajendra,Hostel,0,0,0,0,0,0,1262.58,88,27.97,None,0,0,1,5
S7499,2026-04-29,08:24 PM,Azad,Mess,08:14 PM,08:43 PM,0,0,0,0,512.62,170,46.09,Dinner,0,0,1,5
S7500,2026-04-25,01:57 PM,Azad,Outside,0,0,0,0,12:16 PM,03:50 PM,233.54,81,8.77,None,1,0,1,3
S7501,2026-04-25,12:41 PM,Yamuna,Library,0,0,10:30 AM,04:15 PM,10:06 AM,04:37 PM,813.04,147,20.64,None,0,0,1,8
S7502,2026-04-05,07:41 PM,Sarojini,Library,0,0,07:17 PM,08:58 PM,06:52 PM,09:52 PM,797.85,147,18.28,None,0,0,0,7
S7503,2026-04-12,06:09 PM,Rajendra,Library,0,0,06:05 PM,08:26 PM,05:57 PM,09:15 PM,455.07,149,29.74,None,0,0,0,9
S7504,2026-04-17,12:38 PM,Azad,Mess,12:18 PM,01:13 PM,0,0,0,0,450.03,60,35.23,Lunch,1,0,0,8
S7505,2026-04-20,05:05 PM,Ganga,Library,0,0,12:03 PM,07:09 PM,11:54 AM,07:54 PM,743.78,43,9.27,None,0,0,1,7
S7506,2026-04-11,02:57 PM,Sarojini,Library,0,0,01:33 PM,03:17 PM,01:04 PM,03:28 PM,700.54,115,17.34,None,1,0,0,14
S7507,2026-04-02,02:29 PM,Ganga,Mess,02:27 PM,03:00 PM,0,0,0,0,403.64,137,45.03,Lunch,0,0,0,3
S7508,2026-04-08,06:27 AM,Yamuna,Hostel,0,0,0,0,0,0,372.64,143,28.36,None,0,0,0,5
S7509,2026-04-13,12:10 PM,Yamuna,Library,0,0,11:19 AM,01:53 PM,11:02 AM,02:51 PM,831.12,192,33.29,None,1,0,0,6
S7510,2026-04-18,07:06 PM,Ganga,Hostel,0,0,0,0,0,0,254.6,34,24.52,None,0,0,0,7
S7511,2026-04-06,05:17 AM,Rajendra,Outside,0,0,0,0,04:27 AM,08:00 AM,310.64,74,6.02,None,0,0,0,8
S7512,2026-04-07,10:21 AM,Azad,Classroom,0,0,0,0,10:01 AM,11:03 AM,319.49,23,2.62,None,1,1,0,7
S7513,2026-04-28,05:41 AM,Sarojini,Outside,0,0,0,0,04:01 AM,07:32 AM,330.73,175,24.28,None,0,0,1,4
S7514,2026-04-12,11:18 PM,Ganga,Hostel,0,0,0,0,0,0,969.44,192,33.48,None,0,0,0,7
S7515,2026-05-01,01:39 PM,Yamuna,Library,0,0,11:04 AM,01:56 PM,10:59 AM,02:22 PM,912.0,86,22.42,None,1,0,0,9
S7516,2026-04-22,08:16 PM,Yamuna,Mess,08:02 PM,08:28 PM,0,0,0,0,450.5,187,50.98,Dinner,0,0,1,4
S7517,2026-04-23,04:16 AM,Rajendra,Hostel,0,0,0,0,0,0,190.8,105,32.78,None,0,0,1,3
S7518,2026-04-14,03:50 PM,Rajendra,Library,0,0,03:19 PM,04:46 PM,03:00 PM,05:44 PM,565.95,127,18.11,None,0,0,0,7
S7519,2026-05-01,05:04 AM,Sarojini,Outside,0,0,0,0,03:38 AM,06:27 AM,133.72,91,7.04,None,0,0,0,9
S7520,2026-04-03,02:08 PM,Sarojini,Mess,01:44 PM,02:32 PM,0,0,0,0,425.34,40,40.98,Lunch,1,0,0,7
S7521,2026-04-16,08:44 PM,Ganga,Mess,08:08 PM,08:45 PM,0,0,0,0,499.78,13,32.92,Dinner,0,0,0,6
S7522,2026-04-17,06:33 PM,Rajendra,Library,0,0,05:00 PM,07:53 PM,04:47 PM,08:32 PM,540.28,92,20.01,None,0,0,0,8
S7523,2026-04-28,01:42 AM,Rajendra,Hostel,0,0,0,0,0,0,371.82,155,23.8,None,0,0,1,8
S7524,2026-04-06,08:25 PM,Rajendra,Mess,08:24 PM,09:23 PM,0,0,0,0,634.81,165,37.68,Dinner,0,0,0,8
S7525,2026-04-16,11:39 AM,Sarojini,Library,0,0,11:23 AM,01:43 PM,10:53 AM,02:05 PM,924.39,87,19.39,None,0,0,0,7
S7526,2026-04-27,01:43 PM,Ganga,Library,0,0,11:31 AM,05:56 PM,11:13 AM,06:50 PM,905.17,16,7.85,None,0,0,1,6
S7527,2026-04-25,08:40 PM,Rajendra,Library,0,0,05:48 PM,11:59 PM,05:38 PM,11:59 PM,724.41,189,21.55,None,0,0,1,4
S7528,2026-04-21,11:44 PM,Sarojini,Library,0,0,06:54 PM,11:59 PM,06:29 PM,11:59 PM,762.96,59,16.72,None,0,0,1,5
S7529,2026-04-15,10:19 PM,Yamuna,Library,0,0,09:38 PM,11:16 PM,09:21 PM,11:42 PM,730.48,113,21.75,None,0,0,0,7
S7530,2026-04-04,02:57 PM,Rajendra,Mess,02:12 PM,03:02 PM,0,0,0,0,477.43,78,40.37,Lunch,0,0,0,8
S7531,2026-04-24,06:54 PM,Ganga,Library,0,0,02:08 PM,10:06 PM,01:48 PM,10:33 PM,686.91,16,14.86,None,0,0,1,4
S7532,2026-04-30,12:04 PM,Azad,Hostel,0,0,0,0,0,0,379.35,116,32.1,None,0,0,1,6
S7533,2026-04-04,09:19 AM,Azad,Mess,08:52 AM,09:33 AM,0,0,0,0,582.08,125,53.27,Breakfast,1,1,0,7
S7534,2026-04-05,10:58 PM,Azad,Hostel,0,0,0,0,0,0,735.63,126,32.46,None,0,0,0,7
S7535,2026-04-23,07:36 AM,Rajendra,Outside,0,0,0,0,06:33 AM,09:28 AM,191.93,24,3.11,None,0,0,1,6
S7536,2026-04-09,02:09 PM,Ganga,Hostel,0,0,0,0,0,0,114.57,50,15.88,None,1,0,0,6
S7537,2026-05-01,06:54 AM,Rajendra,Outside,0,0,0,0,06:08 AM,09:26 AM,350.9,97,10.76,None,0,0,0,8
S7538,2026-04-22,07:43 AM,Rajendra,Mess,07:21 AM,07:54 AM,0,0,0,0,336.92,166,61.26,Breakfast,0,0,1,5
S7539,2026-04-17,12:54 PM,Sarojini,Mess,12:15 PM,12:54 PM,0,0,0,0,610.88,14,36.23,Lunch,0,0,0,10
S7540,2026-04-06,02:12 PM,Azad,Classroom,0,0,0,0,01:41 PM,04:02 PM,358.22,44,6.29,None,1,0,0,6
S7541,2026-04-04,06:23 PM,Yamuna,Library,0,0,05:51 PM,06:37 PM,05:23 PM,06:56 PM,623.75,200,40.14,None,0,0,0,7
S7542,2026-04-29,02:07 PM,Sarojini,Hostel,0,0,0,0,0,0,194.57,43,14.29,None,1,0,1,4
S7543,2026-04-10,08:52 PM,Azad,Mess,08:52 PM,09:23 PM,0,0,0,0,402.99,20,38.17,Dinner,0,0,0,7
S7544,2026-04-19,01:11 PM,Rajendra,Mess,12:35 PM,01:34 PM,0,0,0,0,461.65,72,41.52,Lunch,0,0,0,12
S7545,2026-04-20,01:04 PM,Azad,Outside,0,0,0,0,11:39 AM,02:33 PM,120.24,57,4.96,None,0,0,1,4
S7546,2026-04-06,04:25 PM,Azad,Library,0,0,03:36 PM,06:10 PM,03:16 PM,06:37 PM,942.0,23,12.54,None,0,0,0,7
S7547,2026-04-22,11:31 PM,Azad,Library,0,0,05:51 PM,11:32 PM,05:30 PM,11:59 PM,781.39,70,14.38,None,0,0,1,5
S7548,2026-04-10,07:30 AM,Sarojini,Mess,07:11 AM,07:49 AM,0,0,0,0,404.92,60,34.36,Breakfast,0,0,0,3
S7549,2026-05-01,07:51 PM,Rajendra,Hostel,0,0,0,0,0,0,306.01,141,21.33,None,0,0,0,8
S7550,2026-04-10,10:53 PM,Azad,Library,0,0,10:44 PM,11:45 PM,10:33 PM,11:59 PM,623.98,16,8.2,None,0,0,0,10
S7551,2026-04-17,10:12 PM,Ganga,Mess,09:52 PM,10:52 PM,0,0,0,0,486.84,169,34.42,Dinner,0,0,0,6
S7552,2026-04-23,12:14 PM,Azad,Mess,12:00 PM,12:32 PM,0,0,0,0,448.67,115,37.65,Lunch,0,0,1,7
S7553,2026-04-05,07:26 PM,Rajendra,Mess,07:23 PM,08:21 PM,0,0,0,0,286.33,146,44.17,Dinner,0,0,0,4
S7554,2026-04-13,01:31 AM,Rajendra,Hostel,0,0,0,0,0,0,118.97,57,28.63,None,0,0,0,7
S7555,2026-04-24,05:09 AM,Ganga,Outside,0,0,0,0,04:31 AM,06:10 AM,152.33,187,26.13,None,0,0,1,7
S7556,2026-04-10,12:52 PM,Yamuna,Library,0,0,11:27 AM,01:54 PM,11:14 AM,02:24 PM,930.68,183,25.57,None,0,0,0,8
S7557,2026-04-07,11:30 PM,Ganga,Outside,0,0,0,0,10:18 PM,11:59 PM,398.87,173,15.14,None,0,0,0,6
S7558,2026-04-21,09:59 PM,Ganga,Mess,09:45 PM,10:20 PM,0,0,0,0,229.21,151,44.86,Dinner,0,0,1,4
S7559,2026-04-18,09:54 PM,Yamuna,Hostel,0,0,0,0,0,0,764.29,112,32.24,None,0,0,0,7
S7560,2026-04-13,07:45 PM,Ganga,Library,0,0,07:11 PM,08:23 PM,06:53 PM,08:57 PM,584.11,96,16.23,None,0,0,0,8
S7561,2026-04-29,11:16 PM,Yamuna,Library,0,0,09:41 PM,11:59 PM,09:15 PM,11:59 PM,592.43,113,20.9,None,0,0,1,3
S7562,2026-04-22,11:38 PM,Sarojini,Library,0,0,07:44 PM,11:59 PM,07:26 PM,11:59 PM,857.3,122,20.98,None,0,0,1,5
S7563,2026-04-19,03:16 AM,Sarojini,Hostel,0,0,0,0,0,0,211.4,56,14.91,None,0,0,0,8
S7564,2026-04-20,06:17 PM,Ganga,Library,0,0,02:52 PM,09:08 PM,02:43 PM,09:39 PM,655.35,81,19.01,None,0,0,1,8
S7565,2026-04-13,02:07 PM,Rajendra,Mess,02:04 PM,02:25 PM,0,0,0,0,397.87,141,43.87,Lunch,1,0,0,9
S7566,2026-05-01,02:11 PM,Ganga,Mess,01:32 PM,02:32 PM,0,0,0,0,354.52,176,46.39,Lunch,0,0,0,10
S7567,2026-04-02,12:22 PM,Ganga,Mess,12:10 PM,12:32 PM,0,0,0,0,503.53,152,35.73,Lunch,0,0,0,3
S7568,2026-04-01,11:05 PM,Sarojini,Hostel,0,0,0,0,0,0,922.55,11,24.17,None,0,0,0,8
S7569,2026-04-21,02:52 PM,Rajendra,Mess,02:20 PM,03:00 PM,0,0,0,0,505.7,145,46.63,Lunch,1,0,1,5
S7570,2026-04-02,05:45 PM,Azad,Library,0,0,05:03 PM,06:34 PM,04:40 PM,06:53 PM,861.58,13,7.37,None,0,0,0,7
S7571,2026-04-19,05:54 AM,Ganga,Hostel,0,0,0,0,0,0,282.0,131,41.08,None,0,0,0,7
S7572,2026-04-12,05:08 AM,Yamuna,Outside,0,0,0,0,04:35 AM,06:27 AM,125.13,18,1.85,None,0,0,0,7
S7573,2026-04-12,07:36 AM,Sarojini,Hostel,0,0,0,0,0,0,164.67,108,24.61,None,0,0,0,8
S7574,2026-04-13,07:36 PM,Sarojini,Outside,0,0,0,0,06:14 PM,10:03 PM,172.02,183,22.1,None,0,0,0,6
S7575,2026-05-01,10:04 AM,Yamuna,Mess,09:38 AM,10:29 AM,0,0,0,0,588.39,191,41.35,Breakfast,1,1,0,7
S7576,2026-04-08,08:52 PM,Yamuna,Outside,0,0,0,0,07:20 PM,11:10 PM,289.94,97,9.88,None,0,0,0,7
S7577,2026-04-21,03:15 PM,Rajendra,Hostel,0,0,0,0,0,0,251.62,31,15.12,None,0,0,1,5
S7578,2026-04-16,06:12 PM,Ganga,Library,0,0,05:53 PM,06:50 PM,05:47 PM,07:21 PM,754.79,72,16.8,None,0,0,0,8
S7579,2026-04-06,09:18 AM,Yamuna,Mess,09:13 AM,09:34 AM,0,0,0,0,568.59,94,42.89,Breakfast,1,1,0,8
S7580,2026-04-09,08:07 PM,Ganga,Library,0,0,08:00 PM,08:32 PM,07:50 PM,09:20 PM,573.94,87,20.32,None,0,0,0,10
S7581,2026-04-01,09:09 PM,Ganga,Mess,09:08 PM,09:40 PM,0,0,0,0,407.44,70,29.82,Dinner,0,0,0,9
S7582,2026-04-14,07:51 AM,Yamuna,Mess,07:22 AM,08:17 AM,0,0,0,0,231.43,48,26.24,Breakfast,0,0,0,5
S7583,2026-04-26,09:15 PM,Azad,Library,0,0,06:57 PM,11:59 PM,06:43 PM,11:59 PM,782.15,49,12.46,None,0,0,1,6
S7584,2026-04-24,02:45 PM,Azad,Outside,0,0,0,0,01:31 PM,04:05 PM,208.79,183,20.39,None,0,0,1,6
S7585,2026-04-08,03:20 PM,Rajendra,Library,0,0,02:25 PM,03:59 PM,02:17 PM,04:32 PM,543.7,19,9.7,None,0,0,0,6
S7586,2026-04-26,11:52 AM,Azad,Outside,0,0,0,0,11:08 AM,12:53 PM,190.34,185,26.26,None,1,0,1,3
S7587,2026-05-01,09:30 PM,Azad,Outside,0,0,0,0,07:50 PM,10:36 PM,286.72,28,3.71,None,0,0,0,9
S7588,2026-04-15,11:49 PM,Ganga,Library,0,0,10:38 PM,11:59 PM,10:13 PM,11:59 PM,515.45,157,21.43,None,0,0,0,8
S7589,2026-04-04,10:38 PM,Azad,Library,0,0,10:25 PM,11:13 PM,10:17 PM,11:25 PM,921.8,76,19.28,None,0,0,0,7
S7590,2026-05-01,10:01 AM,Rajendra,Outside,0,0,0,0,09:01 AM,12:57 PM,212.61,129,8.8,None,0,0,0,7
S7591,2026-04-22,08:59 AM,Azad,Mess,08:38 AM,09:25 AM,0,0,0,0,485.8,53,39.47,Breakfast,0,0,1,4
S7592,2026-04-10,07:59 PM,Rajendra,Library,0,0,07:49 PM,10:05 PM,07:30 PM,10:49 PM,879.84,196,33.89,None,0,0,0,6
S7593,2026-04-29,11:46 PM,Yamuna,Library,0,0,10:59 PM,11:59 PM,10:49 PM,11:59 PM,483.84,76,21.88,None,0,0,1,8
S7594,2026-04-05,03:27 AM,Azad,Outside,0,0,0,0,02:03 AM,06:26 AM,207.39,158,14.96,None,0,0,0,6
S7595,2026-04-03,01:19 PM,Ganga,Library,0,0,12:36 PM,01:45 PM,12:06 PM,02:19 PM,719.49,28,9.04,None,1,0,0,9
S7596,2026-04-22,10:27 AM,Rajendra,Classroom,0,0,0,0,10:09 AM,12:02 PM,214.57,52,6.9,None,1,1,1,4
S7597,2026-04-18,01:23 AM,Ganga,Hostel,0,0,0,0,0,0,138.39,199,34.49,None,0,0,0,7
S7598,2026-04-05,04:58 PM,Sarojini,Library,0,0,03:40 PM,05:02 PM,03:34 PM,05:56 PM,819.45,108,22.35,None,1,1,0,7
S7599,2026-04-04,01:50 PM,Ganga,Classroom,0,0,0,0,01:39 PM,02:27 PM,228.41,126,13.8,None,1,0,0,5
S7600,2026-04-13,10:10 PM,Rajendra,Outside,0,0,0,0,08:54 PM,11:59 PM,328.73,127,8.06,None,0,0,0,6
S7601,2026-04-16,12:49 PM,Ganga,Library,0,0,10:23 AM,01:21 PM,09:59 AM,01:55 PM,880.5,22,11.13,None,0,0,0,7
S7602,2026-04-27,09:49 AM,Ganga,Mess,09:33 AM,10:17 AM,0,0,0,0,466.29,35,36.58,Breakfast,1,1,1,3
S7603,2026-04-11,04:58 PM,Yamuna,Classroom,0,0,0,0,04:48 PM,05:37 PM,190.1,134,16.25,None,1,1,0,7
S7604,2026-04-02,02:22 PM,Sarojini,Library,0,0,12:51 PM,03:13 PM,12:36 PM,04:00 PM,676.21,36,17.74,None,0,0,0,7
S7605,2026-04-24,10:31 PM,Sarojini,Hostel,0,0,0,0,0,0,1188.83,114,27.28,None,0,0,1,6
S7606,2026-04-07,08:30 PM,Sarojini,Outside,0,0,0,0,07:00 PM,10:26 PM,288.89,164,13.48,None,0,0,0,7
S7607,2026-04-15,02:22 PM,Rajendra,Mess,02:11 PM,02:45 PM,0,0,0,0,316.32,53,44.84,Lunch,0,0,0,7
S7608,2026-04-05,02:01 PM,Azad,Hostel,0,0,0,0,0,0,300.92,132,24.51,None,0,0,0,3
S7609,2026-04-21,10:17 AM,Ganga,Mess,09:59 AM,10:26 AM,0,0,0,0,556.58,148,47.36,Breakfast,1,1,1,3
S7610,2026-04-03,02:27 AM,Azad,Hostel,0,0,0,0,0,0,203.52,45,27.15,None,0,0,0,8
S7611,2026-04-21,10:32 AM,Yamuna,Mess,09:58 AM,10:55 AM,0,0,0,0,586.4,112,44.7,Breakfast,1,1,1,5
S7612,2026-04-12,08:36 PM,Yamuna,Mess,08:36 PM,09:05 PM,0,0,0,0,462.34,82,43.58,Dinner,0,0,0,6
S7613,2026-04-23,02:04 PM,Yamuna,Mess,02:00 PM,02:57 PM,0,0,0,0,302.29,174,51.44,Lunch,0,0,1,4
S7614,2026-04-23,06:04 PM,Yamuna,Library,0,0,05:24 PM,10:36 PM,05:11 PM,11:19 PM,668.48,95,11.86,None,0,0,1,6
S7615,2026-04-11,07:37 AM,Sarojini,Mess,07:04 AM,07:41 AM,0,0,0,0,414.25,143,45.04,Breakfast,0,0,0,13
S7616,2026-04-03,09:39 PM,Rajendra,Mess,09:20 PM,09:43 PM,0,0,0,0,339.58,88,38.25,Dinner,0,0,0,8
S7617,2026-04-26,10:47 PM,Ganga,Hostel,0,0,0,0,0,0,1094.51,82,29.09,None,0,0,1,6
S7618,2026-04-26,08:40 PM,Rajendra,Library,0,0,05:00 PM,10:57 PM,04:43 PM,11:42 PM,848.58,110,14.37,None,0,0,1,5
S7619,2026-04-07,05:35 PM,Rajendra,Library,0,0,05:19 PM,07:46 PM,04:57 PM,08:25 PM,898.23,173,16.47,None,0,0,0,7
S7620,2026-04-12,12:47 PM,Sarojini,Classroom,0,0,0,0,12:20 PM,01:51 PM,273.34,183,16.06,None,1,0,0,8
S7621,2026-04-28,08:07 PM,Yamuna,Library,0,0,03:49 PM,10:49 PM,03:40 PM,11:00 PM,754.72,197,20.08,None,0,0,1,3
S7622,2026-04-28,05:05 PM,Ganga,Library,0,0,12:44 PM,06:29 PM,12:26 PM,07:11 PM,644.22,179,31.98,None,0,0,1,4
S7623,2026-04-03,02:05 AM,Sarojini,Outside,0,0,0,0,12:47 AM,03:22 AM,328.97,189,27.79,None,0,0,0,7
S7624,2026-04-22,01:35 PM,Rajendra,Mess,01:05 PM,01:36 PM,0,0,0,0,304.54,69,25.79,Lunch,0,0,1,7
S7625,2026-04-23,11:11 PM,Yamuna,Library,0,0,06:40 PM,11:59 PM,06:10 PM,11:59 PM,936.68,86,17.94,None,0,0,1,3
S7626,2026-04-04,09:51 PM,Sarojini,Library,0,0,09:33 PM,10:34 PM,09:25 PM,11:21 PM,864.99,89,20.92,None,0,0,0,7
S7627,2026-04-07,10:14 AM,Ganga,Mess,09:55 AM,10:40 AM,0,0,0,0,546.28,27,34.81,Breakfast,1,1,0,7
S7628,2026-04-08,04:36 AM,Ganga,Hostel,0,0,0,0,0,0,190.46,191,35.99,None,0,0,0,7
S7629,2026-04-04,09:43 AM,Rajendra,Outside,0,0,0,0,08:01 AM,11:39 AM,252.33,119,8.56,None,0,0,0,7
S7630,2026-04-19,03:39 PM,Rajendra,Library,0,0,03:26 PM,04:24 PM,03:00 PM,05:08 PM,918.66,76,18.75,None,1,0,0,7
S7631,2026-04-08,02:44 PM,Ganga,Mess,02:03 PM,02:51 PM,0,0,0,0,360.15,80,45.92,Lunch,1,0,0,6
S7632,2026-04-19,09:53 AM,Yamuna,Mess,09:43 AM,10:20 AM,0,0,0,0,606.11,67,27.84,Breakfast,1,1,0,7
S7633,2026-04-30,02:05 PM,Yamuna,Library,0,0,11:28 AM,07:32 PM,11:13 AM,08:18 PM,783.67,170,20.96,None,1,0,1,6
S7634,2026-04-05,02:55 PM,Rajendra,Mess,02:40 PM,03:27 PM,0,0,0,0,568.6,12,25.53,Lunch,1,0,0,5
S7635,2026-04-14,10:23 PM,Azad,Library,0,0,09:55 PM,11:31 PM,09:48 PM,11:52 PM,757.32,147,24.36,None,0,0,0,6
S7636,2026-04-05,11:17 PM,Ganga,Library,0,0,10:49 PM,11:59 PM,10:22 PM,11:59 PM,671.51,183,21.69,None,0,0,0,7
S7637,2026-04-03,07:52 PM,Azad,Mess,07:39 PM,08:35 PM,0,0,0,0,404.24,133,35.51,Dinner,0,0,0,9
S7638,2026-04-27,03:44 PM,Yamuna,Library,0,0,10:36 AM,05:45 PM,10:23 AM,06:25 PM,1006.28,182,25.69,None,0,0,1,5
S7639,2026-04-29,10:05 PM,Rajendra,Hostel,0,0,0,0,0,0,871.78,136,29.16,None,0,0,1,3
S7640,2026-04-28,01:19 PM,Sarojini,Classroom,0,0,0,0,12:40 PM,02:38 PM,106.42,131,17.46,None,1,0,1,3
S7641,2026-04-03,09:05 PM,Rajendra,Library,0,0,08:29 PM,10:55 PM,08:01 PM,11:26 PM,498.52,72,18.24,None,0,0,0,6
S7642,2026-04-26,07:27 PM,Ganga,Outside,0,0,0,0,06:32 PM,09:46 PM,189.52,101,13.24,None,0,0,1,4
S7643,2026-04-22,10:46 PM,Azad,Library,0,0,03:34 PM,11:00 PM,03:29 PM,11:39 PM,703.27,76,13.11,None,0,0,1,6
S7644,2026-04-02,09:40 AM,Yamuna,Mess,09:39 AM,10:19 AM,0,0,0,0,385.79,175,38.79,Breakfast,0,0,0,8
S7645,2026-04-01,08:08 AM,Yamuna,Mess,08:07 AM,08:27 AM,0,0,0,0,500.43,109,49.26,Breakfast,0,0,0,8
S7646,2026-04-19,01:16 AM,Sarojini,Outside,0,0,0,0,0,03:01 AM,358.74,45,2.76,None,0,0,0,8
S7647,2026-04-05,04:17 PM,Ganga,Outside,0,0,0,0,02:57 PM,05:37 PM,238.87,198,18.62,None,1,1,0,9
S7648,2026-04-15,12:51 PM,Ganga,Mess,12:29 PM,12:55 PM,0,0,0,0,371.88,33,32.55,Lunch,0,0,0,8
S7649,2026-04-15,09:04 AM,Ganga,Mess,08:58 AM,09:23 AM,0,0,0,0,367.4,138,42.69,Breakfast,1,1,0,6
S7650,2026-04-27,09:58 PM,Rajendra,Mess,09:58 PM,10:32 PM,0,0,0,0,639.62,38,40.62,Dinner,0,0,1,5
S7651,2026-05-01,07:17 AM,Yamuna,Outside,0,0,0,0,05:27 AM,08:23 AM,220.96,187,21.57,None,0,0,0,6
S7652,2026-05-01,07:21 AM,Yamuna,Mess,07:16 AM,07:41 AM,0,0,0,0,538.17,165,46.26,Breakfast,0,0,0,7
S7653,2026-04-13,05:46 PM,Ganga,Library,0,0,04:38 PM,06:25 PM,04:29 PM,06:48 PM,584.8,30,16.12,None,0,0,0,7
S7654,2026-04-11,01:31 PM,Azad,Library,0,0,12:02 PM,02:59 PM,11:39 AM,03:46 PM,535.25,120,22.78,None,0,0,0,7
S7655,2026-04-12,01:09 PM,Rajendra,Library,0,0,12:22 PM,02:00 PM,12:09 PM,02:56 PM,547.33,200,42.38,None,0,0,0,7
S7656,2026-04-19,09:05 PM,Azad,Library,0,0,08:06 PM,09:18 PM,07:50 PM,10:09 PM,866.61,15,12.22,None,0,0,0,10
S7657,2026-04-12,12:45 PM,Sarojini,Mess,12:37 PM,01:08 PM,0,0,0,0,533.22,47,37.62,Lunch,1,0,0,9
S7658,2026-04-04,08:26 PM,Yamuna,Mess,08:20 PM,08:40 PM,0,0,0,0,285.02,148,33.73,Dinner,0,0,0,8
S7659,2026-04-08,11:49 AM,Ganga,Library,0,0,10:47 AM,11:54 AM,10:33 AM,12:12 PM,630.38,192,23.55,None,0,0,0,5
S7660,2026-04-11,03:46 PM,Azad,Library,0,0,01:31 PM,04:20 PM,01:25 PM,05:13 PM,714.06,64,11.77,None,0,0,0,7
S7661,2026-04-30,12:26 PM,Azad,Mess,12:18 PM,12:41 PM,0,0,0,0,311.1,75,25.68,Lunch,0,0,1,5
S7662,2026-04-06,06:36 PM,Sarojini,Library,0,0,06:34 PM,07:48 PM,06:26 PM,08:08 PM,772.48,72,17.72,None,0,0,0,10
S7663,2026-04-02,03:19 PM,Yamuna,Outside,0,0,0,0,02:42 PM,04:40 PM,278.23,40,4.46,None,0,0,0,7
S7664,2026-04-16,08:43 AM,Azad,Mess,08:39 AM,09:08 AM,0,0,0,0,463.62,33,27.9,Breakfast,0,0,0,12
S7665,2026-04-10,09:36 PM,Yamuna,Library,0,0,08:55 PM,10:13 PM,08:28 PM,10:59 PM,746.17,167,24.95,None,0,0,0,6
S7666,2026-04-21,02:43 PM,Yamuna,Library,0,0,09:42 AM,02:54 PM,09:29 AM,03:05 PM,952.15,10,10.23,None,1,0,1,6
S7667,2026-04-21,09:12 AM,Ganga,Classroom,0,0,0,0,08:35 AM,10:34 AM,124.96,156,8.29,None,1,1,1,6
S7668,2026-04-06,08:48 PM,Azad,Hostel,0,0,0,0,0,0,1239.56,32,14.82,None,0,0,0,7
S7669,2026-04-09,10:13 AM,Azad,Outside,0,0,0,0,08:59 AM,11:59 AM,347.26,191,17.02,None,0,0,0,8
S7670,2026-04-30,07:50 PM,Rajendra,Mess,07:34 PM,08:03 PM,0,0,0,0,490.98,88,33.31,Dinner,0,0,1,5
S7671,2026-04-26,03:15 AM,Azad,Outside,0,0,0,0,01:45 AM,05:34 AM,294.95,167,12.2,None,0,0,1,5
S7672,2026-04-05,07:19 PM,Azad,Library,0,0,06:46 PM,07:31 PM,06:24 PM,07:43 PM,831.69,11,11.78,None,0,0,0,7
S7673,2026-04-27,09:19 AM,Rajendra,Mess,08:32 AM,09:24 AM,0,0,0,0,523.47,12,25.77,Breakfast,1,1,1,5
S7674,2026-04-23,11:03 PM,Yamuna,Library,0,0,07:31 PM,11:59 PM,07:09 PM,11:59 PM,840.56,142,19.9,None,0,0,1,7
S7675,2026-04-25,08:31 PM,Azad,Mess,08:04 PM,08:38 PM,0,0,0,0,351.13,76,38.58,Dinner,0,0,1,4
S7676,2026-04-09,12:40 PM,Yamuna,Library,0,0,11:57 AM,12:41 PM,11:42 AM,01:21 PM,677.71,91,19.43,None,1,0,0,6
S7677,2026-04-26,11:27 PM,Rajendra,Outside,0,0,0,0,10:28 PM,11:59 PM,325.45,91,7.88,None,0,0,1,5
S7678,2026-04-01,12:46 PM,Rajendra,Hostel,0,0,0,0,0,0,148.64,55,18.18,None,0,0,0,6
S7679,2026-04-04,08:29 PM,Azad,Mess,08:04 PM,08:36 PM,0,0,0,0,450.79,80,33.94,Dinner,0,0,0,11
S7680,2026-04-16,12:35 AM,Rajendra,Hostel,0,0,0,0,0,0,110.47,154,31.99,None,0,0,0,3
S7681,2026-04-20,03:23 PM,Sarojini,Mess,02:56 PM,03:33 PM,0,0,0,0,376.0,54,40.5,Lunch,1,0,1,6
S7682,2026-04-01,09:15 AM,Ganga,Classroom,0,0,0,0,08:54 AM,11:01 AM,265.24,113,13.96,None,1,1,0,7
S7683,2026-04-11,08:47 PM,Yamuna,Mess,08:26 PM,08:50 PM,0,0,0,0,578.82,43,35.87,Dinner,0,0,0,9
S7684,2026-04-18,05:39 PM,Sarojini,Library,0,0,05:15 PM,06:46 PM,04:55 PM,07:31 PM,929.37,187,33.93,None,0,0,0,6
S7685,2026-04-05,03:33 PM,Ganga,Hostel,0,0,0,0,0,0,285.96,91,22.37,None,0,0,0,6
S7686,2026-04-22,04:45 PM,Yamuna,Library,0,0,11:57 AM,06:31 PM,11:49 AM,06:42 PM,705.54,200,29.53,None,0,0,1,6
S7687,2026-04-03,09:28 AM,Ganga,Library,0,0,09:05 AM,10:37 AM,08:45 AM,11:32 AM,771.58,84,13.49,None,1,1,0,10
S7688,2026-04-23,10:28 PM,Rajendra,Outside,0,0,0,0,08:51 PM,11:49 PM,144.5,75,5.93,None,0,0,1,3
S7689,2026-04-19,09:15 AM,Ganga,Mess,09:12 AM,10:01 AM,0,0,0,0,283.86,150,32.8,Breakfast,0,0,0,8
S7690,2026-04-11,10:22 PM,Sarojini,Outside,0,0,0,0,09:50 PM,11:46 PM,288.69,133,11.71,None,0,0,0,4
S7691,2026-04-03,11:36 AM,Yamuna,Library,0,0,11:26 AM,01:10 PM,10:56 AM,01:23 PM,501.96,104,22.58,None,1,0,0,7
S7692,2026-04-20,03:19 PM,Azad,Mess,02:50 PM,03:35 PM,0,0,0,0,504.39,61,28.37,Lunch,0,0,1,5
S7693,2026-04-13,01:01 PM,Yamuna,Library,0,0,11:33 AM,01:16 PM,11:17 AM,01:56 PM,953.69,103,17.33,None,1,0,0,7
S7694,2026-04-04,11:59 AM,Ganga,Hostel,0,0,0,0,0,0,395.28,172,22.64,None,1,0,0,6
S7695,2026-04-14,01:22 PM,Azad,Mess,01:05 PM,01:34 PM,0,0,0,0,404.42,126,46.4,Lunch,1,0,0,6
S7696,2026-04-06,08:58 PM,Rajendra,Outside,0,0,0,0,08:17 PM,11:46 PM,291.61,57,5.38,None,0,0,0,9
S7697,2026-04-04,11:25 PM,Yamuna,Hostel,0,0,0,0,0,0,1199.73,95,30.66,None,0,0,0,7
S7698,2026-04-01,07:27 PM,Yamuna,Hostel,0,0,0,0,0,0,352.67,177,34.81,None,0,0,0,6
S7699,2026-04-09,09:06 PM,Sarojini,Mess,08:52 PM,09:19 PM,0,0,0,0,421.04,175,54.4,Dinner,0,0,0,14
S7700,2026-04-26,08:03 AM,Ganga,Mess,07:23 AM,08:17 AM,0,0,0,0,372.64,82,30.81,Breakfast,0,0,1,4
S7701,2026-04-07,06:02 AM,Azad,Hostel,0,0,0,0,0,0,126.43,85,20.91,None,0,0,0,8
S7702,2026-04-27,09:24 PM,Yamuna,Mess,09:23 PM,09:53 PM,0,0,0,0,576.18,132,42.56,Dinner,0,0,1,7
S7703,2026-04-06,01:10 PM,Yamuna,Mess,12:58 PM,01:42 PM,0,0,0,0,456.69,176,49.7,Lunch,0,0,0,7
S7704,2026-04-17,04:51 PM,Sarojini,Outside,0,0,0,0,03:47 PM,06:27 PM,120.94,49,6.24,None,1,1,0,7
S7705,2026-04-27,09:59 PM,Sarojini,Mess,09:51 PM,10:38 PM,0,0,0,0,603.22,132,39.96,Dinner,0,0,1,6
S7706,2026-04-13,03:18 PM,Sarojini,Library,0,0,02:40 PM,04:56 PM,02:34 PM,05:40 PM,601.47,100,17.56,None,1,0,0,10
S7707,2026-04-05,09:53 AM,Yamuna,Outside,0,0,0,0,09:07 AM,12:13 PM,239.59,88,6.94,None,0,0,0,15
S7708,2026-04-30,11:40 PM,Yamuna,Library,0,0,08:56 PM,11:59 PM,08:28 PM,11:59 PM,601.74,191,22.56,None,0,0,1,3
S7709,2026-04-26,10:52 PM,Azad,Library,0,0,05:04 PM,11:28 PM,04:38 PM,11:53 PM,607.68,78,17.8,None,0,0,1,3
S7710,2026-04-28,02:24 PM,Yamuna,Mess,01:44 PM,02:33 PM,0,0,0,0,580.4,109,44.14,Lunch,0,0,1,5
S7711,2026-04-04,03:03 PM,Rajendra,Mess,02:56 PM,03:20 PM,0,0,0,0,414.33,105,40.48,Lunch,0,0,0,7
S7712,2026-04-08,02:24 AM,Rajendra,Hostel,0,0,0,0,0,0,132.19,103,32.58,None,0,0,0,7
S7713,2026-04-16,08:47 PM,Azad,Mess,08:31 PM,08:57 PM,0,0,0,0,505.3,151,58.81,Dinner,0,0,0,7
S7714,2026-04-14,06:05 AM,Azad,Outside,0,0,0,0,05:24 AM,08:09 AM,169.26,162,22.23,None,0,0,0,9
S7715,2026-04-03,09:54 PM,Sarojini,Mess,09:46 PM,10:12 PM,0,0,0,0,475.04,128,44.71,Dinner,0,0,0,7
S7716,2026-04-17,10:21 AM,Azad,Library,0,0,09:19 AM,11:58 AM,09:05 AM,12:50 PM,801.69,119,20.65,None,1,1,0,6
S7717,2026-04-19,10:58 AM,Yamuna,Library,0,0,10:39 AM,01:06 PM,10:21 AM,01:36 PM,739.1,106,13.2,None,0,0,0,4
S7718,2026-04-10,03:50 PM,Azad,Outside,0,0,0,0,02:13 PM,05:09 PM,138.66,183,9.77,None,0,0,0,7
S7719,2026-05-01,09:06 AM,Sarojini,Outside,0,0,0,0,07:17 AM,11:22 AM,105.01,71,9.59,None,1,1,0,5
S7720,2026-04-28,03:18 PM,Ganga,Library,0,0,01:07 PM,06:52 PM,12:47 PM,07:17 PM,1048.19,87,22.13,None,1,0,1,6
S7721,2026-04-19,12:22 AM,Sarojini,Hostel,0,0,0,0,0,0,232.81,28,26.15,None,0,0,0,15
S7722,2026-04-08,10:23 PM,Rajendra,Library,0,0,10:13 PM,11:32 PM,09:51 PM,11:55 PM,1088.2,179,31.85,None,0,0,0,7
S7723,2026-04-06,12:58 PM,Sarojini,Mess,12:28 PM,12:58 PM,0,0,0,0,269.93,105,48.99,Lunch,0,0,0,16
S7724,2026-04-20,10:23 PM,Ganga,Library,0,0,10:14 PM,11:59 PM,10:00 PM,11:59 PM,875.55,121,17.14,None,0,0,1,6
S7725,2026-04-24,03:01 PM,Ganga,Mess,02:46 PM,03:28 PM,0,0,0,0,248.74,187,46.27,Lunch,1,0,1,3
S7726,2026-04-06,01:33 PM,Ganga,Hostel,0,0,0,0,0,0,366.12,163,24.73,None,0,0,0,8
S7727,2026-04-01,01:45 PM,Ganga,Hostel,0,0,0,0,0,0,159.48,107,23.04,None,0,0,0,8
S7728,2026-04-10,08:35 AM,Azad,Mess,08:01 AM,08:44 AM,0,0,0,0,501.9,60,37.18,Breakfast,0,0,0,4
S7729,2026-04-28,07:44 PM,Sarojini,Library,0,0,01:18 PM,09:57 PM,01:00 PM,10:10 PM,904.34,118,15.96,None,0,0,1,5
S7730,2026-04-24,04:24 PM,Azad,Hostel,0,0,0,0,0,0,393.1,189,35.68,None,0,0,1,4
S7731,2026-04-09,04:34 PM,Ganga,Library,0,0,03:48 PM,04:57 PM,03:28 PM,05:49 PM,623.56,178,33.22,None,0,0,0,7
S7732,2026-04-29,11:34 PM,Azad,Library,0,0,09:02 PM,11:59 PM,08:37 PM,11:59 PM,939.16,193,30.32,None,0,0,1,5
S7733,2026-04-14,04:26 PM,Azad,Library,0,0,03:57 PM,04:47 PM,03:41 PM,05:30 PM,755.45,42,17.92,None,1,1,0,7
S7734,2026-04-24,12:16 PM,Yamuna,Hostel,0,0,0,0,0,0,348.65,172,30.58,None,0,0,1,4
S7735,2026-04-10,01:49 PM,Ganga,Library,0,0,12:32 PM,01:52 PM,12:14 PM,02:20 PM,1066.1,111,24.14,None,1,0,0,7
S7736,2026-04-21,08:53 AM,Ganga,Mess,08:32 AM,08:57 AM,0,0,0,0,557.53,49,38.75,Breakfast,0,0,1,5
S7737,2026-04-20,07:58 AM,Rajendra,Mess,07:57 AM,08:35 AM,0,0,0,0,378.08,178,43.74,Breakfast,0,0,1,3
S7738,2026-04-05,07:51 AM,Rajendra,Mess,07:12 AM,07:51 AM,0,0,0,0,502.81,101,44.86,Breakfast,0,0,0,3
S7739,2026-04-12,12:46 AM,Yamuna,Outside,0,0,0,0,0,03:25 AM,143.91,51,4.4,None,0,0,0,8
S7740,2026-04-25,08:05 PM,Azad,Mess,07:54 PM,08:30 PM,0,0,0,0,435.82,188,39.45,Dinner,0,0,1,3
S7741,2026-04-23,01:21 PM,Yamuna,Hostel,0,0,0,0,0,0,159.75,147,24.38,None,1,0,1,3
S7742,2026-04-18,09:43 AM,Ganga,Mess,09:23 AM,09:55 AM,0,0,0,0,630.48,46,25.3,Breakfast,0,0,0,5
S7743,2026-04-18,10:05 AM,Yamuna,Mess,09:34 AM,10:21 AM,0,0,0,0,453.54,197,64.04,Breakfast,0,0,0,15
S7744,2026-04-09,08:04 PM,Yamuna,Library,0,0,07:47 PM,09:18 PM,07:37 PM,10:08 PM,672.39,28,15.13,None,0,0,0,4
S7745,2026-04-06,08:44 AM,Rajendra,Mess,08:19 AM,09:14 AM,0,0,0,0,565.51,20,27.66,Breakfast,0,0,0,8
S7746,2026-04-19,01:13 PM,Sarojini,Library,0,0,01:06 PM,03:05 PM,01:00 PM,04:04 PM,925.68,61,18.17,None,1,0,0,8
S7747,2026-04-10,07:24 PM,Sarojini,Mess,07:22 PM,07:45 PM,0,0,0,0,486.83,125,40.18,Dinner,0,0,0,6
S7748,2026-04-10,05:50 PM,Rajendra,Library,0,0,05:09 PM,06:30 PM,04:48 PM,06:51 PM,940.76,96,21.22,None,0,0,0,6
S7749,2026-04-26,09:55 AM,Yamuna,Hostel,0,0,0,0,0,0,381.73,193,41.16,None,0,0,1,4
S7750,2026-04-16,05:36 AM,Yamuna,Hostel,0,0,0,0,0,0,330.06,178,22.96,None,0,0,0,7
S7751,2026-04-17,11:51 AM,Rajendra,Library,0,0,10:43 AM,12:55 PM,10:33 AM,01:27 PM,555.58,157,25.93,None,0,0,0,7
S7752,2026-04-07,11:08 PM,Ganga,Library,0,0,09:42 PM,11:19 PM,09:22 PM,11:59 PM,748.74,95,21.06,None,0,0,0,6
S7753,2026-04-30,08:52 PM,Azad,Library,0,0,06:42 PM,11:59 PM,06:15 PM,11:59 PM,1023.58,135,14.12,None,0,0,1,6
S7754,2026-04-08,12:57 AM,Rajendra,Outside,0,0,0,0,0,03:24 AM,188.6,23,1.34,None,0,0,0,6
S7755,2026-04-03,09:49 AM,Yamuna,Mess,09:39 AM,10:29 AM,0,0,0,0,380.71,110,38.91,Breakfast,0,0,0,8
S7756,2026-04-28,10:55 PM,Ganga,Library,0,0,10:15 PM,11:59 PM,09:51 PM,11:59 PM,834.23,132,31.54,None,0,0,1,7
S7757,2026-04-13,09:19 AM,Sarojini,Outside,0,0,0,0,07:30 AM,10:58 AM,206.5,164,19.9,None,0,0,0,8
S7758,2026-04-20,03:21 PM,Sarojini,Library,0,0,02:51 PM,10:41 PM,02:22 PM,11:06 PM,821.6,49,11.38,None,0,0,1,8
S7759,2026-04-05,02:58 PM,Yamuna,Mess,02:56 PM,03:18 PM,0,0,0,0,370.64,37,43.57,Lunch,1,0,0,7
S7760,2026-04-01,09:24 PM,Sarojini,Hostel,0,0,0,0,0,0,1113.6,191,21.04,None,0,0,0,8
S7761,2026-04-28,09:09 PM,Ganga,Library,0,0,05:44 PM,11:59 PM,05:35 PM,11:59 PM,742.26,73,16.57,None,0,0,1,4
S7762,2026-04-15,04:52 PM,Rajendra,Library,0,0,04:48 PM,05:46 PM,04:39 PM,06:16 PM,631.07,112,19.93,None,1,1,0,7
S7763,2026-04-18,02:38 PM,Rajendra,Mess,02:01 PM,02:44 PM,0,0,0,0,226.39,33,31.04,Lunch,0,0,0,7
S7764,2026-04-29,09:27 AM,Sarojini,Outside,0,0,0,0,08:12 AM,12:24 PM,365.04,70,5.62,None,1,1,1,5
S7765,2026-04-21,10:40 AM,Sarojini,Classroom,0,0,0,0,10:15 AM,11:50 AM,251.84,128,14.98,None,1,1,1,4
S7766,2026-04-10,01:53 PM,Sarojini,Mess,01:08 PM,02:05 PM,0,0,0,0,375.92,163,46.29,Lunch,1,0,0,7
S7767,2026-04-01,12:55 PM,Sarojini,Mess,12:18 PM,01:14 PM,0,0,0,0,361.85,146,47.3,Lunch,0,0,0,12
S7768,2026-04-22,09:49 AM,Azad,Mess,09:34 AM,10:33 AM,0,0,0,0,510.27,148,35.37,Breakfast,0,0,1,5
S7769,2026-04-16,12:33 AM,Azad,Hostel,0,0,0,0,0,0,148.26,99,21.56,None,0,0,0,7
S7770,2026-04-10,03:48 PM,Ganga,Library,0,0,03:00 PM,04:12 PM,02:53 PM,05:05 PM,577.2,56,12.1,None,1,0,0,3
S7771,2026-04-09,01:31 PM,Rajendra,Mess,01:24 PM,01:52 PM,0,0,0,0,442.34,93,48.89,Lunch,1,0,0,7
S7772,2026-05-01,09:32 PM,Sarojini,Mess,08:59 PM,09:38 PM,0,0,0,0,364.06,184,42.5,Dinner,0,0,0,7
S7773,2026-04-29,07:24 AM,Yamuna,Hostel,0,0,0,0,0,0,290.5,18,26.2,None,0,0,1,3
S7774,2026-04-28,01:08 PM,Ganga,Mess,12:36 PM,01:13 PM,0,0,0,0,422.45,186,53.41,Lunch,1,0,1,5
S7775,2026-04-07,08:12 PM,Yamuna,Mess,07:44 PM,08:36 PM,0,0,0,0,502.03,48,42.11,Dinner,0,0,0,16
S7776,2026-04-07,02:49 AM,Yamuna,Outside,0,0,0,0,02:00 AM,05:09 AM,373.72,122,10.11,None,0,0,0,8
S7777,2026-04-28,02:03 PM,Yamuna,Library,0,0,01:09 PM,07:19 PM,12:55 PM,07:58 PM,635.2,106,19.18,None,0,0,1,8
S7778,2026-04-30,11:57 PM,Yamuna,Library,0,0,04:08 PM,11:59 PM,03:49 PM,11:59 PM,1047.47,127,16.89,None,0,0,1,6
S7779,2026-05-01,07:57 AM,Ganga,Hostel,0,0,0,0,0,0,157.74,98,30.76,None,0,0,0,9
S7780,2026-04-05,04:05 PM,Ganga,Classroom,0,0,0,0,03:31 PM,05:24 PM,208.93,170,10.67,None,1,1,0,7
S7781,2026-04-24,08:07 PM,Rajendra,Library,0,0,07:54 PM,11:59 PM,07:34 PM,11:59 PM,622.91,167,31.23,None,0,0,1,7
S7782,2026-04-21,09:31 PM,Azad,Mess,08:43 PM,09:37 PM,0,0,0,0,460.89,191,65.35,Dinner,0,0,1,3
S7783,2026-04-08,02:15 PM,Rajendra,Outside,0,0,0,0,12:57 PM,04:12 PM,186.7,188,27.18,None,0,0,0,6
S7784,2026-04-04,02:03 PM,Rajendra,Mess,01:27 PM,02:17 PM,0,0,0,0,504.99,188,35.07,Lunch,1,0,0,5
S7785,2026-04-05,11:29 AM,Ganga,Library,0,0,09:59 AM,12:03 PM,09:48 AM,12:45 PM,752.49,55,20.5,None,1,0,0,7
S7786,2026-04-07,07:33 PM,Sarojini,Mess,07:22 PM,08:02 PM,0,0,0,0,509.6,142,41.53,Dinner,0,0,0,8
S7787,2026-04-11,12:18 AM,Sarojini,Outside,0,0,0,0,0,01:53 AM,344.38,12,0.77,None,0,0,0,7
S7788,2026-04-25,02:37 PM,Ganga,Mess,02:09 PM,02:48 PM,0,0,0,0,356.72,100,37.98,Lunch,0,0,1,5
S7789,2026-04-21,08:52 PM,Ganga,Mess,08:45 PM,09:05 PM,0,0,0,0,458.63,107,39.1,Dinner,0,0,1,4
S7790,2026-04-29,07:51 PM,Azad,Outside,0,0,0,0,06:58 PM,09:51 PM,377.86,141,12.24,None,0,0,1,5
S7791,2026-04-18,02:14 PM,Sarojini,Mess,01:57 PM,02:33 PM,0,0,0,0,359.36,180,40.66,Lunch,0,0,0,7
S7792,2026-04-23,02:08 PM,Rajendra,Mess,01:44 PM,02:43 PM,0,0,0,0,574.2,143,34.15,Lunch,0,0,1,3
S7793,2026-04-03,01:11 PM,Ganga,Mess,12:52 PM,01:17 PM,0,0,0,0,436.7,94,34.02,Lunch,1,0,0,6
S7794,2026-04-27,10:56 PM,Sarojini,Hostel,0,0,0,0,0,0,863.72,53,14.84,None,0,0,1,4
S7795,2026-04-23,08:10 PM,Azad,Mess,07:24 PM,08:11 PM,0,0,0,0,299.53,173,43.3,Dinner,0,0,1,5
S7796,2026-04-04,09:38 PM,Ganga,Hostel,0,0,0,0,0,0,1058.63,88,33.09,None,0,0,0,7
S7797,2026-04-17,03:21 PM,Rajendra,Library,0,0,03:01 PM,05:44 PM,02:41 PM,05:57 PM,926.61,87,16.41,None,0,0,0,10
S7798,2026-04-29,06:16 PM,Yamuna,Outside,0,0,0,0,04:45 PM,07:20 PM,194.23,183,24.27,None,0,0,1,6
S7799,2026-04-25,07:47 PM,Ganga,Mess,07:41 PM,08:41 PM,0,0,0,0,602.8,11,35.52,Dinner,0,0,1,6
S7800,2026-04-08,07:02 PM,Rajendra,Library,0,0,06:33 PM,09:11 PM,06:16 PM,09:31 PM,665.31,63,16.16,None,0,0,0,14
S7801,2026-04-12,10:40 AM,Rajendra,Hostel,0,0,0,0,0,0,308.94,197,30.52,None,0,0,0,7
S7802,2026-04-30,02:44 PM,Azad,Mess,02:18 PM,02:45 PM,0,0,0,0,614.28,140,51.7,Lunch,1,0,1,8
S7803,2026-04-24,04:09 AM,Rajendra,Hostel,0,0,0,0,0,0,182.02,51,26.35,None,0,0,1,6
S7804,2026-04-23,03:13 PM,Rajendra,Library,0,0,03:01 PM,08:19 PM,02:39 PM,08:31 PM,510.46,146,25.51,None,1,0,1,3
S7805,2026-04-19,05:32 PM,Ganga,Hostel,0,0,0,0,0,0,196.37,37,14.69,None,0,0,0,8
S7806,2026-04-30,04:17 PM,Azad,Library,0,0,03:40 PM,11:59 PM,03:11 PM,11:59 PM,578.68,173,33.91,None,0,0,1,4
S7807,2026-04-16,07:44 PM,Ganga,Mess,07:39 PM,08:02 PM,0,0,0,0,525.97,13,37.43,Dinner,0,0,0,6
S7808,2026-04-21,08:52 PM,Yamuna,Library,0,0,05:58 PM,11:59 PM,05:29 PM,11:59 PM,765.74,200,37.56,None,0,0,1,3
S7809,2026-04-13,12:58 PM,Azad,Mess,12:55 PM,01:48 PM,0,0,0,0,587.27,200,46.72,Lunch,0,0,0,7
S7810,2026-04-17,10:34 AM,Azad,Library,0,0,09:53 AM,10:40 AM,09:27 AM,11:26 AM,981.61,111,22.06,None,1,1,0,7
S7811,2026-04-11,01:02 PM,Rajendra,Mess,12:41 PM,01:21 PM,0,0,0,0,417.15,150,48.85,Lunch,1,0,0,7
S7812,2026-04-20,05:34 PM,Rajendra,Library,0,0,05:11 PM,11:59 PM,05:02 PM,11:59 PM,602.43,106,22.82,None,0,0,1,5
S7813,2026-04-04,05:08 PM,Sarojini,Library,0,0,04:12 PM,05:34 PM,03:49 PM,06:27 PM,954.9,78,21.93,None,0,0,0,8
S7814,2026-04-29,01:41 PM,Ganga,Library,0,0,11:36 AM,06:24 PM,11:10 AM,06:49 PM,724.48,142,30.71,None,1,0,1,5
S7815,2026-04-01,09:53 PM,Azad,Hostel,0,0,0,0,0,0,1408.09,77,23.7,None,0,0,0,7
S7816,2026-04-29,02:52 PM,Yamuna,Mess,02:52 PM,03:26 PM,0,0,0,0,474.22,130,45.5,Lunch,0,0,1,4
S7817,2026-04-03,10:31 PM,Ganga,Mess,09:59 PM,10:36 PM,0,0,0,0,312.72,116,33.71,Dinner,0,0,0,7
S7818,2026-04-16,08:25 AM,Yamuna,Mess,07:58 AM,08:55 AM,0,0,0,0,366.54,101,39.92,Breakfast,0,0,0,8
S7819,2026-04-15,10:13 AM,Yamuna,Mess,09:57 AM,10:17 AM,0,0,0,0,539.88,148,59.62,Breakfast,0,0,0,7
S7820,2026-04-14,01:36 AM,Yamuna,Hostel,0,0,0,0,0,0,361.66,22,15.09,None,0,0,0,3
S7821,2026-04-14,04:03 AM,Rajendra,Outside,0,0,0,0,02:56 AM,06:56 AM,164.24,97,12.0,None,0,0,0,16
S7822,2026-04-03,03:10 PM,Ganga,Hostel,0,0,0,0,0,0,329.24,54,17.68,None,0,0,0,7
S7823,2026-04-23,08:54 AM,Sarojini,Mess,08:07 AM,08:57 AM,0,0,0,0,324.21,73,31.76,Breakfast,0,0,1,4
S7824,2026-04-20,01:31 PM,Yamuna,Mess,01:18 PM,01:47 PM,0,0,0,0,521.51,168,43.61,Lunch,1,0,1,5
S7825,2026-04-21,09:55 PM,Yamuna,Library,0,0,04:40 PM,09:59 PM,04:30 PM,10:35 PM,841.22,193,32.32,None,0,0,1,3
S7826,2026-04-22,02:05 PM,Rajendra,Hostel,0,0,0,0,0,0,178.7,171,32.99,None,0,0,1,6
S7827,2026-04-13,09:13 AM,Azad,Mess,08:37 AM,09:32 AM,0,0,0,0,346.66,89,40.65,Breakfast,0,0,0,7
S7828,2026-04-21,06:59 PM,Rajendra,Hostel,0,0,0,0,0,0,268.06,60,17.43,None,0,0,1,4
S7829,2026-04-27,08:20 PM,Yamuna,Mess,07:56 PM,08:46 PM,0,0,0,0,341.25,55,39.42,Dinner,0,0,1,6
S7830,2026-05-01,08:35 PM,Rajendra,Outside,0,0,0,0,07:10 PM,10:49 PM,390.56,42,2.82,None,0,0,0,9
S7831,2026-04-24,01:54 PM,Rajendra,Classroom,0,0,0,0,01:38 PM,02:40 PM,236.48,123,7.25,None,1,0,1,6
S7832,2026-04-05,08:11 AM,Azad,Mess,08:07 AM,08:31 AM,0,0,0,0,511.67,64,39.46,Breakfast,0,0,0,7
S7833,2026-04-30,04:41 PM,Azad,Library,0,0,11:04 AM,05:25 PM,10:43 AM,06:22 PM,844.16,31,15.23,None,1,1,1,4
S7834,2026-04-29,08:43 PM,Ganga,Mess,08:40 PM,09:08 PM,0,0,0,0,415.41,88,30.17,Dinner,0,0,1,7
S7835,2026-04-29,10:05 PM,Yamuna,Mess,09:58 PM,10:23 PM,0,0,0,0,581.51,44,41.48,Dinner,0,0,1,4
S7836,2026-04-17,03:31 PM,Ganga,Library,0,0,02:21 PM,04:36 PM,02:15 PM,05:06 PM,818.33,159,25.49,None,1,0,0,16
S7837,2026-04-09,07:30 AM,Yamuna,Mess,07:20 AM,07:42 AM,0,0,0,0,471.56,193,42.59,Breakfast,0,0,0,7
S7838,2026-04-29,05:07 AM,Sarojini,Outside,0,0,0,0,04:31 AM,07:36 AM,303.1,108,11.12,None,0,0,1,3
S7839,2026-04-16,08:45 PM,Azad,Hostel,0,0,0,0,0,0,1252.4,40,16.04,None,0,0,0,5
S7840,2026-04-06,04:02 PM,Rajendra,Classroom,0,0,0,0,03:48 PM,06:02 PM,156.71,44,6.23,None,1,1,0,7
S7841,2026-04-21,11:34 PM,Rajendra,Outside,0,0,0,0,09:46 PM,11:59 PM,243.93,181,21.78,None,0,0,1,4
S7842,2026-04-12,02:09 PM,Yamuna,Library,0,0,01:58 PM,04:31 PM,01:41 PM,05:04 PM,496.65,133,20.9,None,1,0,0,7
S7843,2026-04-14,02:18 PM,Ganga,Classroom,0,0,0,0,01:44 PM,02:52 PM,249.44,149,17.25,None,1,0,0,7
S7844,2026-04-29,09:42 PM,Ganga,Mess,09:35 PM,10:14 PM,0,0,0,0,433.78,171,53.24,Dinner,0,0,1,6
S7845,2026-04-12,09:34 AM,Rajendra,Library,0,0,09:05 AM,11:33 AM,08:47 AM,12:30 PM,753.59,110,16.48,None,0,0,0,8
S7846,2026-04-02,08:05 PM,Yamuna,Library,0,0,07:23 PM,08:27 PM,07:04 PM,09:18 PM,578.95,136,18.72,None,0,0,0,7
S7847,2026-04-25,08:14 AM,Ganga,Mess,07:52 AM,08:17 AM,0,0,0,0,268.57,128,49.87,Breakfast,0,0,1,6
S7848,2026-04-14,09:51 PM,Ganga,Library,0,0,08:40 PM,10:45 PM,08:32 PM,11:26 PM,669.93,117,16.43,None,0,0,0,8
S7849,2026-04-22,07:58 PM,Yamuna,Mess,07:38 PM,08:15 PM,0,0,0,0,515.11,123,42.32,Dinner,0,0,1,5
S7850,2026-04-25,04:08 AM,Sarojini,Outside,0,0,0,0,02:24 AM,06:18 AM,165.46,65,8.92,None,0,0,1,5
S7851,2026-04-21,08:35 AM,Yamuna,Mess,08:33 AM,09:09 AM,0,0,0,0,488.2,95,47.89,Breakfast,0,0,1,6
S7852,2026-04-28,06:15 PM,Rajendra,Library,0,0,04:26 PM,11:39 PM,04:11 PM,11:59 PM,708.72,122,11.63,None,0,0,1,5
S7853,2026-04-14,03:22 PM,Yamuna,Library,0,0,02:52 PM,03:27 PM,02:32 PM,03:52 PM,1012.38,137,29.25,None,1,0,0,6
S7854,2026-04-15,10:05 AM,Azad,Library,0,0,09:43 AM,10:27 AM,09:13 AM,11:14 AM,939.96,76,13.76,None,1,1,0,7
S7855,2026-04-01,02:35 PM,Rajendra,Library,0,0,12:18 PM,03:13 PM,12:07 PM,04:00 PM,663.94,192,25.61,None,1,0,0,10
S7856,2026-04-10,09:44 AM,Azad,Mess,09:42 AM,10:16 AM,0,0,0,0,528.41,176,42.85,Breakfast,1,1,0,7
S7857,2026-04-08,09:10 PM,Azad,Mess,09:00 PM,09:58 PM,0,0,0,0,537.21,129,42.4,Dinner,0,0,0,7
S7858,2026-04-17,12:38 AM,Ganga,Outside,0,0,0,0,0,03:08 AM,357.72,15,1.01,None,0,0,0,9
S7859,2026-04-19,10:39 PM,Azad,Hostel,0,0,0,0,0,0,878.56,92,29.18,None,0,0,0,6
S7860,2026-04-30,06:19 PM,Sarojini,Library,0,0,06:04 PM,11:59 PM,05:55 PM,11:59 PM,753.14,181,19.59,None,0,0,1,4
S7861,2026-04-03,03:02 PM,Yamuna,Mess,02:32 PM,03:05 PM,0,0,0,0,483.07,57,25.18,Lunch,0,0,0,8
S7862,2026-04-04,01:04 PM,Sarojini,Classroom,0,0,0,0,12:30 PM,02:10 PM,363.12,94,5.69,None,1,0,0,13
S7863,2026-04-30,07:15 AM,Azad,Hostel,0,0,0,0,0,0,179.72,84,31.87,None,0,0,1,6
S7864,2026-04-04,04:24 PM,Yamuna,Hostel,0,0,0,0,0,0,129.58,136,32.38,None,1,1,0,7
S7865,2026-04-30,11:50 PM,Sarojini,Library,0,0,09:23 PM,11:59 PM,09:15 PM,11:59 PM,614.85,111,23.68,None,0,0,1,3
S7866,2026-04-26,08:42 AM,Yamuna,Outside,0,0,0,0,06:59 AM,10:36 AM,172.57,171,24.01,None,0,0,1,5
S7867,2026-04-16,07:42 PM,Sarojini,Library,0,0,07:09 PM,09:39 PM,06:46 PM,10:33 PM,817.05,136,17.52,None,0,0,0,7
S7868,2026-04-30,08:41 AM,Yamuna,Mess,08:41 AM,09:34 AM,0,0,0,0,520.06,102,44.71,Breakfast,0,0,1,7
S7869,2026-04-20,03:34 AM,Ganga,Outside,0,0,0,0,02:28 AM,05:59 AM,313.83,29,2.27,None,0,0,1,5
S7870,2026-04-02,01:37 PM,Rajendra,Library,0,0,12:56 PM,02:54 PM,12:34 PM,03:16 PM,418.35,32,18.33,None,1,0,0,8
S7871,2026-04-07,02:33 PM,Rajendra,Mess,02:21 PM,02:42 PM,0,0,0,0,461.36,33,34.65,Lunch,1,0,0,4
S7872,2026-04-21,12:55 PM,Rajendra,Mess,12:37 PM,01:32 PM,0,0,0,0,443.22,190,45.4,Lunch,1,0,1,6
S7873,2026-04-10,09:16 PM,Yamuna,Mess,08:31 PM,09:24 PM,0,0,0,0,288.06,70,38.57,Dinner,0,0,0,8
S7874,2026-05-01,02:01 PM,Azad,Mess,01:28 PM,02:24 PM,0,0,0,0,391.58,63,39.42,Lunch,0,0,0,7
S7875,2026-04-09,02:49 AM,Rajendra,Outside,0,0,0,0,12:57 AM,04:30 AM,361.96,141,12.6,None,0,0,0,7
S7876,2026-04-28,09:36 PM,Azad,Library,0,0,09:34 PM,11:59 PM,09:20 PM,11:59 PM,597.94,148,35.42,None,0,0,1,5
S7877,2026-04-19,02:25 AM,Ganga,Outside,0,0,0,0,12:57 AM,03:54 AM,290.85,132,8.79,None,0,0,0,4
S7878,2026-04-07,12:20 PM,Yamuna,Hostel,0,0,0,0,0,0,316.18,112,21.24,None,0,0,0,8
S7879,2026-04-18,06:10 PM,Azad,Library,0,0,05:14 PM,06:35 PM,05:07 PM,06:47 PM,800.71,120,23.54,None,0,0,0,7
S7880,2026-04-21,09:47 AM,Sarojini,Mess,09:02 AM,10:00 AM,0,0,0,0,407.4,148,53.11,Breakfast,1,1,1,6
S7881,2026-04-09,11:49 PM,Rajendra,Library,0,0,10:15 PM,11:59 PM,09:55 PM,11:59 PM,1001.61,17,8.56,None,0,0,0,7
S7882,2026-04-25,07:26 PM,Rajendra,Hostel,0,0,0,0,0,0,203.77,23,13.56,None,0,0,1,8
S7883,2026-04-17,05:16 PM,Yamuna,Classroom,0,0,0,0,04:36 PM,06:31 PM,198.96,138,12.35,None,1,1,0,6
S7884,2026-04-22,09:24 PM,Yamuna,Library,0,0,07:35 PM,11:59 PM,07:19 PM,11:59 PM,814.83,109,17.78,None,0,0,1,8
S7885,2026-05-01,03:44 PM,Azad,Library,0,0,03:13 PM,03:57 PM,02:51 PM,04:53 PM,678.91,70,13.93,None,1,0,0,6
S7886,2026-04-11,01:55 PM,Ganga,Mess,01:51 PM,02:32 PM,0,0,0,0,426.36,154,34.76,Lunch,0,0,0,7
S7887,2026-04-10,08:34 AM,Sarojini,Mess,07:53 AM,08:36 AM,0,0,0,0,475.31,164,51.8,Breakfast,0,0,0,7
S7888,2026-04-10,07:15 PM,Rajendra,Mess,07:15 PM,07:54 PM,0,0,0,0,667.32,151,36.57,Dinner,0,0,0,7
S7889,2026-04-01,09:57 AM,Yamuna,Mess,09:44 AM,10:04 AM,0,0,0,0,547.9,162,45.65,Breakfast,0,0,0,8
S7890,2026-04-09,04:36 PM,Yamuna,Outside,0,0,0,0,03:27 PM,06:56 PM,149.57,51,5.46,None,1,1,0,4
S7891,2026-04-27,11:04 AM,Ganga,Hostel,0,0,0,0,0,0,262.65,91,23.76,None,1,0,1,8
S7892,2026-04-27,11:49 PM,Rajendra,Library,0,0,10:07 PM,11:59 PM,09:54 PM,11:59 PM,951.94,86,22.68,None,0,0,1,7
S7893,2026-04-10,03:25 PM,Rajendra,Mess,02:50 PM,03:43 PM,0,0,0,0,347.13,22,33.67,Lunch,1,0,0,8
S7894,2026-04-27,08:50 PM,Yamuna,Mess,08:48 PM,09:22 PM,0,0,0,0,508.38,67,45.92,Dinner,0,0,1,3
S7895,2026-04-10,04:53 PM,Ganga,Library,0,0,03:51 PM,05:04 PM,03:45 PM,05:24 PM,714.29,146,16.7,None,1,1,0,8
S7896,2026-04-24,10:08 PM,Rajendra,Hostel,0,0,0,0,0,0,1308.4,87,25.37,None,0,0,1,6
S7897,2026-04-05,01:17 PM,Yamuna,Library,0,0,12:53 PM,01:25 PM,12:42 PM,02:15 PM,756.95,38,11.86,None,0,0,0,3
S7898,2026-04-25,09:54 AM,Ganga,Mess,09:37 AM,10:34 AM,0,0,0,0,370.76,139,43.67,Breakfast,1,1,1,5
S7899,2026-04-22,03:15 AM,Ganga,Outside,0,0,0,0,02:21 AM,05:01 AM,349.9,21,1.61,None,0,0,1,3
S7900,2026-04-02,04:16 PM,Ganga,Classroom,0,0,0,0,04:01 PM,06:15 PM,363.11,60,4.52,None,1,1,0,7
S7901,2026-04-08,10:42 PM,Yamuna,Library,0,0,10:33 PM,11:34 PM,10:28 PM,11:53 PM,1000.58,187,24.08,None,0,0,0,8
S7902,2026-04-22,02:27 PM,Azad,Library,0,0,11:57 AM,08:31 PM,11:27 AM,08:47 PM,707.81,194,37.69,None,1,0,1,3
S7903,2026-04-15,09:55 PM,Azad,Mess,09:49 PM,10:23 PM,0,0,0,0,439.35,85,47.07,Dinner,0,0,0,8
S7904,2026-04-13,12:44 PM,Ganga,Mess,12:35 PM,01:29 PM,0,0,0,0,562.78,68,39.01,Lunch,0,0,0,7
S7905,2026-04-08,12:39 PM,Azad,Library,0,0,12:34 PM,02:17 PM,12:20 PM,02:55 PM,607.59,123,26.64,None,1,0,0,8
S7906,2026-04-15,07:12 PM,Rajendra,Library,0,0,06:45 PM,07:43 PM,06:37 PM,08:21 PM,843.03,19,13.24,None,0,0,0,8
S7907,2026-04-18,05:05 PM,Yamuna,Classroom,0,0,0,0,04:41 PM,06:03 PM,367.66,139,9.4,None,1,1,0,7
S7908,2026-04-30,03:21 PM,Rajendra,Outside,0,0,0,0,02:26 PM,04:40 PM,394.01,22,2.88,None,0,0,1,5
S7909,2026-04-10,10:01 AM,Yamuna,Mess,09:47 AM,10:09 AM,0,0,0,0,275.25,191,43.73,Breakfast,1,1,0,7
S7910,2026-04-27,02:25 PM,Sarojini,Library,0,0,11:08 AM,06:45 PM,10:42 AM,07:19 PM,966.74,152,28.51,None,0,0,1,7
S7911,2026-04-14,02:01 PM,Rajendra,Mess,01:36 PM,02:11 PM,0,0,0,0,475.4,175,46.29,Lunch,0,0,0,10
S7912,2026-04-03,02:55 PM,Azad,Classroom,0,0,0,0,02:44 PM,03:26 PM,295.97,131,16.89,None,1,0,0,5
S7913,2026-04-16,07:41 PM,Ganga,Mess,07:16 PM,07:44 PM,0,0,0,0,510.87,21,21.46,Dinner,0,0,0,7
S7914,2026-04-03,09:53 PM,Rajendra,Mess,09:50 PM,10:36 PM,0,0,0,0,404.42,54,31.07,Dinner,0,0,0,6
S7915,2026-04-18,11:21 PM,Yamuna,Hostel,0,0,0,0,0,0,1371.09,122,24.38,None,0,0,0,7
S7916,2026-04-03,08:15 PM,Ganga,Hostel,0,0,0,0,0,0,932.66,197,41.67,None,0,0,0,6
S7917,2026-04-04,03:26 PM,Yamuna,Mess,02:56 PM,03:38 PM,0,0,0,0,459.86,192,52.8,Lunch,1,0,0,9
S7918,2026-04-06,10:15 PM,Sarojini,Library,0,0,09:53 PM,11:02 PM,09:26 PM,11:56 PM,769.92,29,16.68,None,0,0,0,9
S7919,2026-04-05,12:39 PM,Azad,Mess,12:06 PM,12:46 PM,0,0,0,0,539.21,92,34.61,Lunch,1,0,0,6
S7920,2026-04-17,08:11 PM,Yamuna,Hostel,0,0,0,0,0,0,928.68,123,39.71,None,0,0,0,8
S7921,2026-04-28,09:09 PM,Sarojini,Hostel,0,0,0,0,0,0,1378.04,81,28.66,None,0,0,1,4
S7922,2026-04-01,02:17 PM,Ganga,Mess,01:54 PM,02:28 PM,0,0,0,0,407.12,80,40.81,Lunch,1,0,0,7
S7923,2026-04-05,01:01 AM,Azad,Hostel,0,0,0,0,0,0,105.98,139,27.43,None,0,0,0,8
S7924,2026-04-19,07:07 PM,Yamuna,Library,0,0,05:40 PM,07:08 PM,05:20 PM,08:06 PM,1016.07,24,9.0,None,0,0,0,7
S7925,2026-04-17,12:37 PM,Azad,Outside,0,0,0,0,11:33 AM,02:04 PM,151.71,185,18.35,None,1,0,0,7
S7926,2026-04-08,01:19 PM,Yamuna,Mess,12:54 PM,01:34 PM,0,0,0,0,525.82,152,38.87,Lunch,1,0,0,5
S7927,2026-04-25,09:46 AM,Yamuna,Classroom,0,0,0,0,09:24 AM,11:11 AM,356.3,161,8.09,None,1,1,1,4
S7928,2026-04-06,02:06 PM,Ganga,Mess,02:05 PM,02:46 PM,0,0,0,0,471.35,58,44.27,Lunch,0,0,0,8
S7929,2026-04-22,02:51 PM,Yamuna,Library,0,0,09:40 AM,05:23 PM,09:27 AM,06:05 PM,635.73,162,27.89,None,1,0,1,7
S7930,2026-04-19,08:10 AM,Azad,Outside,0,0,0,0,07:10 AM,10:07 AM,184.52,97,9.34,None,0,0,0,10
S7931,2026-04-12,10:25 AM,Yamuna,Library,0,0,10:20 AM,11:31 AM,09:52 AM,12:20 PM,524.75,142,14.32,None,0,0,0,4
S7932,2026-04-14,01:55 PM,Sarojini,Mess,01:21 PM,02:02 PM,0,0,0,0,319.95,73,32.5,Lunch,0,0,0,6
S7933,2026-04-19,09:12 AM,Sarojini,Mess,08:54 AM,09:54 AM,0,0,0,0,294.17,17,35.04,Breakfast,1,1,0,5
S7934,2026-04-13,10:07 AM,Sarojini,Library,0,0,09:41 AM,10:16 AM,09:26 AM,11:10 AM,579.85,111,23.49,None,1,1,0,10
S7935,2026-04-12,05:05 AM,Yamuna,Outside,0,0,0,0,03:39 AM,07:55 AM,120.9,123,14.21,None,0,0,0,6
S7936,2026-04-22,09:07 PM,Ganga,Library,0,0,07:25 PM,11:59 PM,07:00 PM,11:59 PM,550.13,159,18.33,None,0,0,1,4
S7937,2026-04-22,06:02 PM,Ganga,Library,0,0,01:49 PM,10:13 PM,01:22 PM,10:47 PM,570.53,158,21.2,None,0,0,1,6
S7938,2026-04-25,10:04 AM,Azad,Mess,09:54 AM,10:40 AM,0,0,0,0,380.8,65,31.59,Breakfast,0,0,1,4
S7939,2026-04-25,08:51 AM,Azad,Mess,08:32 AM,08:54 AM,0,0,0,0,365.08,87,44.22,Breakfast,0,0,1,6
S7940,2026-04-14,09:29 AM,Yamuna,Mess,09:18 AM,09:43 AM,0,0,0,0,430.12,112,34.49,Breakfast,0,0,0,8
S7941,2026-04-19,06:57 AM,Ganga,Hostel,0,0,0,0,0,0,270.96,92,30.84,None,0,0,0,7
S7942,2026-04-16,02:58 PM,Ganga,Library,0,0,02:41 PM,04:06 PM,02:33 PM,04:38 PM,756.98,24,15.2,None,1,0,0,6
S7943,2026-04-25,05:55 AM,Azad,Outside,0,0,0,0,04:47 AM,07:29 AM,326.4,64,9.48,None,0,0,1,4
S7944,2026-04-14,08:05 PM,Ganga,Mess,07:46 PM,08:10 PM,0,0,0,0,430.56,90,43.85,Dinner,0,0,0,4
S7945,2026-04-23,07:50 PM,Rajendra,Mess,07:38 PM,08:10 PM,0,0,0,0,319.28,197,60.19,Dinner,0,0,1,5
S7946,2026-04-06,03:07 PM,Sarojini,Mess,02:56 PM,03:26 PM,0,0,0,0,344.72,183,48.22,Lunch,1,0,0,7
S7947,2026-04-22,06:11 AM,Ganga,Hostel,0,0,0,0,0,0,280.43,52,29.38,None,0,0,1,4
S7948,2026-04-17,01:43 PM,Azad,Library,0,0,11:56 AM,02:33 PM,11:49 AM,03:00 PM,816.11,107,24.36,None,0,0,0,6
S7949,2026-04-03,06:53 PM,Ganga,Library,0,0,06:04 PM,06:58 PM,05:41 PM,07:35 PM,939.93,28,12.1,None,0,0,0,8
S7950,2026-04-30,01:06 PM,Rajendra,Hostel,0,0,0,0,0,0,199.48,146,28.63,None,1,0,1,5
S7951,2026-04-05,09:12 PM,Azad,Mess,09:10 PM,10:09 PM,0,0,0,0,524.3,104,43.96,Dinner,0,0,0,6
S7952,2026-04-23,08:14 PM,Azad,Mess,08:12 PM,08:37 PM,0,0,0,0,335.56,69,25.92,Dinner,0,0,1,4
S7953,2026-04-30,10:51 PM,Sarojini,Library,0,0,09:01 PM,11:59 PM,08:53 PM,11:59 PM,834.44,185,20.26,None,0,0,1,3
S7954,2026-04-24,11:37 PM,Yamuna,Library,0,0,10:04 PM,11:59 PM,09:59 PM,11:59 PM,749.76,193,37.85,None,0,0,1,4
S7955,2026-04-15,06:05 PM,Rajendra,Library,0,0,04:09 PM,06:24 PM,03:43 PM,07:22 PM,646.92,137,29.49,None,0,0,0,8
S7956,2026-04-28,12:23 PM,Yamuna,Mess,12:13 PM,12:57 PM,0,0,0,0,422.19,14,26.2,Lunch,1,0,1,7
S7957,2026-04-28,02:47 AM,Ganga,Outside,0,0,0,0,01:41 AM,04:53 AM,112.17,29,1.47,None,0,0,1,7
S7958,2026-04-28,01:53 PM,Yamuna,Mess,01:33 PM,01:56 PM,0,0,0,0,289.52,154,53.36,Lunch,0,0,1,5
S7959,2026-04-20,08:20 PM,Sarojini,Library,0,0,01:14 PM,09:29 PM,01:00 PM,10:24 PM,564.81,21,8.51,None,0,0,1,6
S7960,2026-04-25,09:34 PM,Rajendra,Mess,09:32 PM,10:32 PM,0,0,0,0,462.28,151,37.43,Dinner,0,0,1,4
S7961,2026-04-18,10:11 AM,Azad,Mess,09:27 AM,10:11 AM,0,0,0,0,350.34,85,51.57,Breakfast,1,1,0,7
S7962,2026-04-17,03:49 PM,Ganga,Library,0,0,03:10 PM,03:50 PM,03:05 PM,04:06 PM,950.09,80,17.47,None,1,0,0,7
S7963,2026-04-24,11:21 PM,Ganga,Library,0,0,05:33 PM,11:29 PM,05:19 PM,11:41 PM,796.02,135,28.56,None,0,0,1,5
S7964,2026-04-12,06:05 PM,Yamuna,Library,0,0,04:08 PM,06:56 PM,03:54 PM,07:45 PM,609.4,13,13.06,None,0,0,0,8
S7965,2026-04-01,09:21 PM,Azad,Library,0,0,07:39 PM,10:22 PM,07:26 PM,10:57 PM,968.94,200,33.81,None,0,0,0,8
S7966,2026-04-27,10:31 PM,Ganga,Library,0,0,06:57 PM,11:59 PM,06:45 PM,11:59 PM,746.13,163,21.46,None,0,0,1,7
S7967,2026-04-18,02:08 PM,Ganga,Classroom,0,0,0,0,01:29 PM,03:20 PM,171.28,195,25.41,None,1,0,0,6
S7968,2026-04-30,02:05 PM,Sarojini,Hostel,0,0,0,0,0,0,255.9,16,24.69,None,1,0,1,6
S7969,2026-04-22,07:50 PM,Ganga,Mess,07:12 PM,08:10 PM,0,0,0,0,632.13,132,47.47,Dinner,0,0,1,6
S7970,2026-04-04,02:06 PM,Sarojini,Library,0,0,11:13 AM,02:06 PM,11:03 AM,02:55 PM,832.71,16,13.3,None,0,0,0,8
S7971,2026-04-28,01:36 PM,Yamuna,Classroom,0,0,0,0,01:15 PM,03:04 PM,365.71,104,9.88,None,1,0,1,6
S7972,2026-04-01,06:36 PM,Sarojini,Hostel,0,0,0,0,0,0,113.56,90,19.06,None,0,0,0,13
S7973,2026-04-13,09:13 AM,Sarojini,Mess,08:31 AM,09:22 AM,0,0,0,0,457.71,155,40.67,Breakfast,1,1,0,7
S7974,2026-04-22,08:41 AM,Ganga,Mess,08:28 AM,08:51 AM,0,0,0,0,591.4,83,27.05,Breakfast,0,0,1,5
S7975,2026-04-07,04:08 PM,Rajendra,Hostel,0,0,0,0,0,0,228.2,191,39.82,None,1,1,0,7
S7976,2026-04-27,06:06 AM,Ganga,Hostel,0,0,0,0,0,0,218.05,180,46.03,None,0,0,1,8
S7977,2026-04-29,07:13 PM,Sarojini,Library,0,0,05:20 PM,10:31 PM,05:13 PM,10:43 PM,577.02,51,8.5,None,0,0,1,6
S7978,2026-04-18,12:13 PM,Rajendra,Mess,12:01 PM,12:41 PM,0,0,0,0,327.69,61,29.09,Lunch,1,0,0,4
S7979,2026-04-03,04:38 PM,Rajendra,Library,0,0,04:20 PM,05:05 PM,04:14 PM,05:28 PM,783.34,44,16.08,None,0,0,0,6
S7980,2026-04-24,02:19 PM,Azad,Mess,01:58 PM,02:35 PM,0,0,0,0,599.87,77,41.17,Lunch,0,0,1,6
S7981,2026-04-12,07:26 AM,Yamuna,Mess,07:03 AM,07:26 AM,0,0,0,0,667.18,136,46.04,Breakfast,0,0,0,6
S7982,2026-04-07,10:50 PM,Sarojini,Library,0,0,10:23 PM,11:12 PM,10:13 PM,11:45 PM,517.24,45,17.56,None,0,0,0,8
S7983,2026-04-09,08:49 PM,Rajendra,Mess,08:45 PM,09:07 PM,0,0,0,0,425.14,155,39.09,Dinner,0,0,0,7
S7984,2026-04-09,08:22 PM,Azad,Mess,08:07 PM,08:39 PM,0,0,0,0,518.95,70,34.59,Dinner,0,0,0,3
S7985,2026-04-18,09:45 AM,Yamuna,Mess,09:39 AM,09:59 AM,0,0,0,0,364.44,33,24.43,Breakfast,0,0,0,7
S7986,2026-04-24,12:43 PM,Sarojini,Mess,12:38 PM,01:07 PM,0,0,0,0,435.25,18,34.64,Lunch,1,0,1,3
S7987,2026-04-16,06:11 PM,Rajendra,Library,0,0,05:14 PM,06:33 PM,04:51 PM,07:20 PM,996.21,156,22.49,None,0,0,0,8
S7988,2026-04-07,06:18 PM,Sarojini,Hostel,0,0,0,0,0,0,260.8,173,28.16,None,0,0,0,4
S7989,2026-04-21,09:32 AM,Yamuna,Outside,0,0,0,0,08:17 AM,12:01 PM,331.5,77,7.92,None,1,1,1,4
S7990,2026-04-21,02:43 PM,Sarojini,Outside,0,0,0,0,01:50 PM,05:01 PM,328.08,150,22.29,None,0,0,1,6
S7991,2026-04-13,09:55 PM,Azad,Mess,09:44 PM,10:06 PM,0,0,0,0,296.44,155,46.2,Dinner,0,0,0,6
S7992,2026-04-25,08:59 PM,Sarojini,Mess,08:15 PM,09:03 PM,0,0,0,0,354.97,100,53.16,Dinner,0,0,1,3
S7993,2026-04-29,09:47 PM,Azad,Mess,09:40 PM,10:19 PM,0,0,0,0,434.37,178,60.23,Dinner,0,0,1,3
S7994,2026-04-10,02:24 PM,Rajendra,Library,0,0,12:58 PM,03:06 PM,12:53 PM,03:51 PM,693.41,199,20.7,None,0,0,0,6
S7995,2026-04-10,03:54 PM,Rajendra,Outside,0,0,0,0,02:45 PM,06:16 PM,318.67,200,10.93,None,0,0,0,7
S7996,2026-04-20,11:06 PM,Ganga,Library,0,0,09:33 PM,11:59 PM,09:06 PM,11:59 PM,724.5,62,20.99,None,0,0,1,4
S7997,2026-04-02,02:43 PM,Rajendra,Mess,02:14 PM,03:06 PM,0,0,0,0,486.02,51,26.82,Lunch,1,0,0,6
S7998,2026-04-02,05:21 PM,Azad,Outside,0,0,0,0,03:59 PM,08:11 PM,337.45,45,5.7,None,0,0,0,8
S7999,2026-04-18,07:44 AM,Azad,Outside,0,0,0,0,06:36 AM,09:08 AM,282.04,165,10.13,None,0,0,0,8
S8000,2026-04-01,09:02 AM,Ganga,Classroom,0,0,0,0,08:36 AM,10:42 AM,387.19,116,8.62,None,1,1,0,6
S8001,2026-04-06,07:25 AM,Azad,Mess,07:07 AM,07:42 AM,0,0,0,0,611.03,163,42.32,Breakfast,0,0,0,8
S8002,2026-04-12,03:09 PM,Rajendra,Library,0,0,01:53 PM,03:37 PM,01:43 PM,04:07 PM,591.96,45,21.61,None,1,0,0,6
S8003,2026-04-06,05:25 AM,Rajendra,Outside,0,0,0,0,04:16 AM,06:51 AM,323.9,175,13.12,None,0,0,0,7
S8004,2026-04-01,02:59 PM,Yamuna,Library,0,0,02:05 PM,03:00 PM,01:45 PM,03:27 PM,935.6,58,19.62,None,0,0,0,7
S8005,2026-04-27,06:04 PM,Rajendra,Classroom,0,0,0,0,05:31 PM,07:13 PM,268.97,190,10.56,None,1,1,1,3
S8006,2026-04-07,11:13 AM,Azad,Library,0,0,09:52 AM,12:30 PM,09:27 AM,12:51 PM,487.47,110,26.09,None,0,0,0,5
S8007,2026-04-26,02:04 PM,Sarojini,Library,0,0,10:59 AM,05:09 PM,10:34 AM,05:44 PM,814.02,189,26.14,None,1,0,1,3
S8008,2026-04-16,07:20 AM,Rajendra,Outside,0,0,0,0,05:58 AM,08:32 AM,301.9,19,1.65,None,0,0,0,3
S8009,2026-04-13,07:34 PM,Sarojini,Outside,0,0,0,0,05:56 PM,10:12 PM,338.99,188,27.87,None,0,0,0,7
S8010,2026-04-29,11:55 PM,Azad,Hostel,0,0,0,0,0,0,1553.56,179,30.76,None,0,0,1,5
S8011,2026-04-14,08:51 PM,Rajendra,Mess,08:37 PM,09:17 PM,0,0,0,0,448.41,26,41.51,Dinner,0,0,0,6
S8012,2026-04-01,09:14 PM,Azad,Library,0,0,09:05 PM,11:11 PM,08:44 PM,11:53 PM,673.63,159,32.24,None,0,0,0,6
S8013,2026-04-02,12:41 AM,Rajendra,Hostel,0,0,0,0,0,0,173.45,195,36.05,None,0,0,0,7
S8014,2026-04-04,08:43 PM,Sarojini,Mess,08:35 PM,09:26 PM,0,0,0,0,553.78,191,52.67,Dinner,0,0,0,9
S8015,2026-04-30,11:44 AM,Ganga,Outside,0,0,0,0,10:53 AM,01:02 PM,160.43,16,1.12,None,1,0,1,7
S8016,2026-04-15,08:24 PM,Sarojini,Mess,08:15 PM,08:49 PM,0,0,0,0,622.72,171,50.17,Dinner,0,0,0,8
S8017,2026-04-12,10:38 PM,Ganga,Hostel,0,0,0,0,0,0,935.61,139,19.21,None,0,0,0,3
S8018,2026-04-27,08:59 PM,Yamuna,Hostel,0,0,0,0,0,0,1015.99,42,29.48,None,0,0,1,6
S8019,2026-04-02,02:05 PM,Azad,Library,0,0,01:04 PM,02:16 PM,12:34 PM,02:48 PM,853.98,85,20.42,None,0,0,0,8
S8020,2026-05-01,01:55 PM,Rajendra,Mess,01:52 PM,02:35 PM,0,0,0,0,445.51,189,48.72,Lunch,1,0,0,6
S8021,2026-04-08,02:08 PM,Ganga,Hostel,0,0,0,0,0,0,335.0,187,25.63,None,1,0,0,7
S8022,2026-04-06,12:30 PM,Sarojini,Library,0,0,11:49 AM,01:23 PM,11:33 AM,01:46 PM,464.8,14,7.74,None,0,0,0,6
S8023,2026-04-12,04:15 PM,Ganga,Library,0,0,04:10 PM,04:50 PM,03:44 PM,05:20 PM,567.22,87,20.22,None,1,1,0,4
S8024,2026-04-19,07:57 AM,Sarojini,Mess,07:40 AM,08:24 AM,0,0,0,0,371.42,134,42.47,Breakfast,0,0,0,7
S8025,2026-04-26,08:12 PM,Ganga,Library,0,0,03:02 PM,11:42 PM,02:56 PM,11:59 PM,1018.13,33,13.08,None,0,0,1,3
S8026,2026-04-11,08:18 PM,Sarojini,Library,0,0,07:23 PM,09:29 PM,07:15 PM,10:09 PM,556.75,140,32.26,None,0,0,0,8
S8027,2026-04-04,05:02 PM,Ganga,Library,0,0,05:02 PM,06:08 PM,04:55 PM,06:37 PM,715.05,72,19.14,None,0,0,0,6
S8028,2026-04-07,07:18 AM,Rajendra,Hostel,0,0,0,0,0,0,282.93,49,20.86,None,0,0,0,6
S8029,2026-04-24,08:56 AM,Yamuna,Mess,08:22 AM,09:18 AM,0,0,0,0,485.5,29,25.33,Breakfast,0,0,1,3
S8030,2026-04-20,10:12 PM,Azad,Library,0,0,05:28 PM,11:59 PM,05:19 PM,11:59 PM,959.17,102,24.82,None,0,0,1,6
S8031,2026-04-03,10:15 AM,Sarojini,Library,0,0,09:46 AM,10:20 AM,09:25 AM,10:34 AM,840.37,127,23.6,None,1,1,0,9
S8032,2026-04-07,05:34 PM,Ganga,Library,0,0,05:15 PM,07:33 PM,04:47 PM,07:59 PM,936.41,118,20.6,None,0,0,0,16
S8033,2026-04-18,04:41 PM,Yamuna,Library,0,0,03:39 PM,06:14 PM,03:23 PM,06:59 PM,854.37,196,40.86,None,0,0,0,7
S8034,2026-04-20,08:22 AM,Yamuna,Mess,08:05 AM,08:38 AM,0,0,0,0,307.7,176,42.35,Breakfast,0,0,1,6
S8035,2026-04-07,11:15 PM,Yamuna,Hostel,0,0,0,0,0,0,813.87,101,22.92,None,0,0,0,6
S8036,2026-04-29,10:06 PM,Sarojini,Library,0,0,09:53 PM,11:59 PM,09:40 PM,11:59 PM,621.29,112,23.69,None,0,0,1,7
S8037,2026-04-04,08:39 PM,Ganga,Library,0,0,08:31 PM,10:54 PM,08:21 PM,11:49 PM,883.01,99,15.73,None,0,0,0,8
S8038,2026-04-17,06:39 PM,Ganga,Library,0,0,06:16 PM,07:51 PM,06:05 PM,08:33 PM,671.77,172,30.64,None,0,0,0,6
S8039,2026-04-18,10:47 PM,Yamuna,Hostel,0,0,0,0,0,0,1019.01,166,27.48,None,0,0,0,7
S8040,2026-04-01,01:45 PM,Rajendra,Mess,01:34 PM,02:08 PM,0,0,0,0,347.52,51,30.37,Lunch,0,0,0,8
S8041,2026-04-11,12:20 PM,Yamuna,Mess,12:07 PM,12:32 PM,0,0,0,0,495.26,63,32.67,Lunch,0,0,0,14
S8042,2026-04-10,05:44 PM,Sarojini,Library,0,0,05:00 PM,07:15 PM,04:51 PM,07:56 PM,616.26,145,23.78,None,0,0,0,7
S8043,2026-04-09,11:50 AM,Azad,Library,0,0,11:32 AM,01:07 PM,11:21 AM,01:40 PM,703.17,70,19.26,None,1,0,0,11
S8044,2026-04-16,03:25 AM,Yamuna,Hostel,0,0,0,0,0,0,143.62,31,20.88,None,0,0,0,8
S8045,2026-05-01,07:54 PM,Azad,Mess,07:26 PM,08:08 PM,0,0,0,0,417.84,92,34.19,Dinner,0,0,0,8
S8046,2026-04-21,09:37 PM,Yamuna,Mess,09:18 PM,10:09 PM,0,0,0,0,658.91,173,33.79,Dinner,0,0,1,4
S8047,2026-04-05,01:50 PM,Azad,Outside,0,0,0,0,12:47 PM,04:16 PM,138.45,181,10.64,None,1,0,0,9
S8048,2026-04-15,03:04 PM,Rajendra,Outside,0,0,0,0,02:12 PM,05:16 PM,225.68,121,10.78,None,0,0,0,7
S8049,2026-04-27,05:15 AM,Rajendra,Hostel,0,0,0,0,0,0,133.3,98,19.83,None,0,0,1,5
S8050,2026-04-24,06:39 PM,Azad,Library,0,0,02:46 PM,08:00 PM,02:30 PM,08:32 PM,826.15,12,7.56,None,0,0,1,7
S8051,2026-04-07,10:57 PM,Rajendra,Library,0,0,08:57 PM,11:02 PM,08:30 PM,11:31 PM,792.11,106,20.48,None,0,0,0,6
S8052,2026-04-19,09:36 PM,Sarojini,Mess,09:07 PM,09:37 PM,0,0,0,0,483.72,67,29.15,Dinner,0,0,0,7
S8053,2026-04-09,05:49 PM,Ganga,Library,0,0,05:02 PM,06:28 PM,04:43 PM,07:02 PM,761.39,133,25.46,None,0,0,0,6
S8054,2026-04-29,08:39 PM,Azad,Outside,0,0,0,0,06:42 PM,10:55 PM,182.75,163,22.3,None,0,0,1,7
S8055,2026-04-06,03:19 PM,Sarojini,Library,0,0,02:27 PM,03:56 PM,02:06 PM,04:23 PM,731.83,68,11.65,None,1,0,0,4
S8056,2026-04-05,03:59 PM,Rajendra,Library,0,0,03:27 PM,04:19 PM,03:08 PM,04:47 PM,746.21,190,38.42,None,0,0,0,7
S8057,2026-04-11,03:55 PM,Sarojini,Library,0,0,02:10 PM,04:03 PM,02:02 PM,04:42 PM,976.07,196,30.39,None,1,0,0,7
S8058,2026-04-02,10:05 PM,Sarojini,Library,0,0,09:21 PM,10:10 PM,08:59 PM,10:31 PM,806.4,43,13.95,None,0,0,0,6
S8059,2026-04-25,10:28 PM,Ganga,Library,0,0,05:07 PM,11:27 PM,04:54 PM,11:49 PM,780.32,177,20.86,None,0,0,1,5
S8060,2026-04-21,01:42 PM,Sarojini,Mess,01:39 PM,02:29 PM,0,0,0,0,302.48,107,27.03,Lunch,1,0,1,5
S8061,2026-04-07,07:32 PM,Rajendra,Library,0,0,06:17 PM,08:48 PM,06:06 PM,09:18 PM,871.59,42,16.39,None,0,0,0,6
S8062,2026-04-24,02:39 PM,Rajendra,Library,0,0,09:46 AM,04:50 PM,09:32 AM,05:31 PM,875.05,54,20.35,None,1,0,1,7
S8063,2026-04-26,09:04 PM,Ganga,Hostel,0,0,0,0,0,0,718.25,181,35.6,None,0,0,1,3
S8064,2026-04-04,07:22 AM,Ganga,Hostel,0,0,0,0,0,0,213.32,67,26.84,None,0,0,0,5
S8065,2026-04-25,09:07 AM,Azad,Outside,0,0,0,0,08:26 AM,10:47 AM,268.21,14,1.89,None,0,0,1,5
S8066,2026-04-26,10:00 PM,Rajendra,Library,0,0,09:40 PM,11:59 PM,09:30 PM,11:59 PM,508.93,151,28.45,None,0,0,1,3
S8067,2026-04-30,09:11 AM,Ganga,Mess,09:11 AM,09:35 AM,0,0,0,0,440.22,74,42.18,Breakfast,0,0,1,3
S8068,2026-04-10,10:04 PM,Rajendra,Library,0,0,09:47 PM,11:18 PM,09:39 PM,11:59 PM,871.47,27,18.2,None,0,0,0,8
S8069,2026-04-19,11:46 PM,Sarojini,Library,0,0,10:37 PM,11:59 PM,10:14 PM,11:59 PM,742.8,121,19.02,None,0,0,0,6
S8070,2026-04-15,12:20 PM,Azad,Library,0,0,12:12 PM,12:43 PM,11:49 AM,01:23 PM,1027.45,72,14.34,None,1,0,0,6
S8071,2026-04-12,02:11 PM,Azad,Library,0,0,02:07 PM,04:42 PM,01:37 PM,05:03 PM,718.22,171,25.12,None,0,0,0,7
S8072,2026-04-19,09:39 AM,Yamuna,Mess,08:49 AM,09:48 AM,0,0,0,0,595.34,122,47.48,Breakfast,0,0,0,6
S8073,2026-04-08,01:53 AM,Sarojini,Outside,0,0,0,0,12:51 AM,03:52 AM,309.82,185,26.33,None,0,0,0,7
S8074,2026-04-13,02:55 PM,Sarojini,Classroom,0,0,0,0,02:15 PM,04:02 PM,385.43,136,13.38,None,1,0,0,3
S8075,2026-04-25,02:56 PM,Ganga,Hostel,0,0,0,0,0,0,127.46,155,32.63,None,0,0,1,5
S8076,2026-04-06,08:28 PM,Rajendra,Library,0,0,07:49 PM,10:01 PM,07:36 PM,10:11 PM,941.65,137,28.65,None,0,0,0,6
S8077,2026-04-25,10:29 AM,Yamuna,Mess,09:35 AM,10:33 AM,0,0,0,0,595.74,110,50.17,Breakfast,0,0,1,6
S8078,2026-04-21,01:29 PM,Yamuna,Mess,01:22 PM,01:51 PM,0,0,0,0,613.17,143,43.27,Lunch,1,0,1,5
S8079,2026-04-11,08:48 PM,Ganga,Outside,0,0,0,0,07:59 PM,10:08 PM,127.55,30,1.94,None,0,0,0,8
S8080,2026-04-14,02:08 PM,Rajendra,Library,0,0,01:31 PM,04:08 PM,01:10 PM,04:55 PM,657.08,120,20.21,None,1,0,0,8
S8081,2026-04-15,04:26 PM,Yamuna,Library,0,0,01:59 PM,04:34 PM,01:49 PM,04:57 PM,505.69,161,27.25,None,1,1,0,7
S8082,2026-04-04,07:51 PM,Yamuna,Hostel,0,0,0,0,0,0,157.35,76,21.33,None,0,0,0,7
S8083,2026-04-20,11:20 PM,Ganga,Library,0,0,09:39 PM,11:59 PM,09:13 PM,11:59 PM,547.39,114,26.95,None,0,0,1,7
S8084,2026-04-03,04:14 PM,Ganga,Library,0,0,02:16 PM,04:18 PM,02:01 PM,05:10 PM,932.73,184,27.01,None,1,1,0,6
S8085,2026-04-18,01:30 PM,Azad,Mess,01:24 PM,02:13 PM,0,0,0,0,385.96,37,38.05,Lunch,0,0,0,7
S8086,2026-04-16,02:18 AM,Rajendra,Outside,0,0,0,0,01:16 AM,03:51 AM,306.99,177,24.04,None,0,0,0,7
S8087,2026-04-01,10:10 AM,Ganga,Library,0,0,09:23 AM,11:30 AM,08:54 AM,12:12 PM,1033.56,133,22.09,None,1,1,0,6
S8088,2026-04-05,11:48 AM,Rajendra,Library,0,0,11:45 AM,12:32 PM,11:25 AM,01:04 PM,1064.26,24,9.71,None,1,0,0,6
S8089,2026-04-22,10:41 AM,Sarojini,Classroom,0,0,0,0,10:22 AM,12:30 PM,319.77,101,7.09,None,1,1,1,3
S8090,2026-04-16,09:55 AM,Yamuna,Library,0,0,09:31 AM,10:17 AM,09:08 AM,10:55 AM,854.23,136,30.38,None,1,1,0,7
S8091,2026-04-09,05:51 PM,Ganga,Classroom,0,0,0,0,05:11 PM,07:28 PM,347.32,30,2.92,None,1,1,0,7
S8092,2026-04-12,02:41 PM,Azad,Outside,0,0,0,0,01:59 PM,03:58 PM,373.63,142,17.5,None,1,0,0,4
S8093,2026-04-25,02:27 PM,Sarojini,Mess,02:27 PM,02:58 PM,0,0,0,0,362.96,172,40.5,Lunch,0,0,1,8
S8094,2026-04-02,09:00 PM,Yamuna,Mess,08:26 PM,09:01 PM,0,0,0,0,378.51,42,24.53,Dinner,0,0,0,7
S8095,2026-04-10,08:14 PM,Yamuna,Mess,08:02 PM,08:43 PM,0,0,0,0,512.8,26,39.89,Dinner,0,0,0,4
S8096,2026-04-14,07:19 AM,Azad,Mess,07:11 AM,07:31 AM,0,0,0,0,674.75,17,23.94,Breakfast,0,0,0,7
S8097,2026-04-03,08:19 PM,Yamuna,Library,0,0,07:58 PM,09:09 PM,07:29 PM,10:09 PM,873.1,171,29.56,None,0,0,0,6
S8098,2026-04-03,01:29 PM,Rajendra,Library,0,0,11:14 AM,02:10 PM,10:44 AM,02:24 PM,591.06,26,14.38,None,1,0,0,10
S8099,2026-04-06,05:27 AM,Ganga,Outside,0,0,0,0,04:55 AM,08:11 AM,310.18,23,1.87,None,0,0,0,7
S8100,2026-04-12,02:53 PM,Rajendra,Mess,02:41 PM,03:40 PM,0,0,0,0,436.01,73,44.06,Lunch,1,0,0,8
S8101,2026-04-21,08:24 PM,Azad,Mess,07:54 PM,08:47 PM,0,0,0,0,582.64,48,42.18,Dinner,0,0,1,5
S8102,2026-04-13,02:59 AM,Azad,Hostel,0,0,0,0,0,0,228.99,99,31.36,None,0,0,0,7
S8103,2026-04-24,06:46 PM,Ganga,Library,0,0,11:04 AM,08:02 PM,10:51 AM,08:25 PM,687.09,98,19.6,None,0,0,1,4
S8104,2026-04-12,10:08 PM,Ganga,Mess,09:47 PM,10:21 PM,0,0,0,0,385.72,134,45.17,Dinner,0,0,0,6
S8105,2026-04-27,04:36 PM,Sarojini,Library,0,0,01:59 PM,07:41 PM,01:45 PM,08:37 PM,938.88,41,11.36,None,1,1,1,4
S8106,2026-04-10,09:06 AM,Azad,Mess,09:01 AM,09:50 AM,0,0,0,0,285.45,15,32.38,Breakfast,1,1,0,17
S8107,2026-04-10,10:20 PM,Sarojini,Mess,09:47 PM,10:36 PM,0,0,0,0,435.41,21,32.78,Dinner,0,0,0,8
S8108,2026-04-22,10:50 PM,Yamuna,Hostel,0,0,0,0,0,0,1449.05,193,43.72,None,0,0,1,5
S8109,2026-04-14,09:12 PM,Ganga,Mess,08:31 PM,09:16 PM,0,0,0,0,477.41,134,34.29,Dinner,0,0,0,8
S8110,2026-04-19,10:55 AM,Rajendra,Mess,09:58 AM,10:55 AM,0,0,0,0,374.85,79,31.34,Breakfast,0,0,0,3
S8111,2026-04-21,08:50 PM,Yamuna,Outside,0,0,0,0,07:17 PM,10:20 PM,204.1,77,4.14,None,0,0,1,4
S8112,2026-04-08,07:56 PM,Azad,Library,0,0,06:56 PM,08:25 PM,06:37 PM,08:40 PM,616.34,134,25.65,None,0,0,0,8
S8113,2026-04-22,02:05 PM,Ganga,Mess,02:00 PM,02:31 PM,0,0,0,0,513.4,194,40.86,Lunch,1,0,1,4
S8114,2026-04-14,05:43 PM,Azad,Library,0,0,05:29 PM,06:34 PM,05:06 PM,07:10 PM,825.0,102,13.95,None,0,0,0,6
S8115,2026-04-14,12:11 AM,Rajendra,Hostel,0,0,0,0,0,0,399.7,123,24.74,None,0,0,0,16
S8116,2026-04-28,07:38 PM,Rajendra,Hostel,0,0,0,0,0,0,337.49,18,12.27,None,0,0,1,6
S8117,2026-04-03,02:35 PM,Yamuna,Classroom,0,0,0,0,02:00 PM,04:22 PM,258.56,195,14.35,None,1,0,0,7
S8118,2026-04-01,07:20 PM,Ganga,Mess,07:06 PM,07:42 PM,0,0,0,0,327.17,188,47.95,Dinner,0,0,0,8
S8119,2026-04-06,09:34 AM,Rajendra,Mess,09:27 AM,09:51 AM,0,0,0,0,632.25,25,32.35,Breakfast,1,1,0,7
S8120,2026-04-18,01:39 PM,Rajendra,Library,0,0,12:04 PM,02:32 PM,11:45 AM,03:29 PM,770.35,58,14.99,None,1,0,0,8
S8121,2026-04-17,05:50 PM,Sarojini,Library,0,0,05:26 PM,06:08 PM,05:21 PM,06:44 PM,817.57,108,24.88,None,0,0,0,7
S8122,2026-04-01,12:47 PM,Rajendra,Library,0,0,11:15 AM,01:13 PM,10:45 AM,01:31 PM,578.48,55,11.97,None,1,0,0,10
S8123,2026-04-10,03:14 PM,Azad,Library,0,0,02:48 PM,03:40 PM,02:34 PM,03:56 PM,635.06,41,11.01,None,0,0,0,4
S8124,2026-04-05,07:13 AM,Sarojini,Outside,0,0,0,0,06:30 AM,09:27 AM,138.81,172,22.92,None,0,0,0,10
S8125,2026-05-01,09:55 AM,Rajendra,Hostel,0,0,0,0,0,0,390.79,103,27.53,None,0,0,0,7
S8126,2026-04-10,09:32 PM,Rajendra,Library,0,0,08:34 PM,10:19 PM,08:20 PM,10:43 PM,518.47,40,7.73,None,0,0,0,8
S8127,2026-04-18,07:57 PM,Azad,Mess,07:55 PM,08:27 PM,0,0,0,0,575.92,44,26.9,Dinner,0,0,0,7
S8128,2026-04-25,08:07 PM,Azad,Mess,07:30 PM,08:15 PM,0,0,0,0,411.48,121,53.37,Dinner,0,0,1,3
S8129,2026-04-01,05:52 PM,Yamuna,Outside,0,0,0,0,04:59 PM,08:24 PM,221.46,96,12.42,None,0,0,0,6
S8130,2026-04-27,11:06 PM,Ganga,Hostel,0,0,0,0,0,0,1030.26,114,35.67,None,0,0,1,5
S8131,2026-05-01,12:54 AM,Ganga,Outside,0,0,0,0,0,02:14 AM,156.39,45,3.99,None,0,0,0,6
S8132,2026-04-20,12:51 AM,Yamuna,Outside,0,0,0,0,0,03:42 AM,172.09,177,16.3,None,0,0,1,6
S8133,2026-04-25,08:39 AM,Rajendra,Outside,0,0,0,0,07:05 AM,11:18 AM,367.16,15,1.64,None,0,0,1,6
S8134,2026-04-27,01:25 PM,Yamuna,Mess,12:41 PM,01:29 PM,0,0,0,0,263.17,199,60.12,Lunch,0,0,1,6
S8135,2026-04-24,12:44 AM,Yamuna,Outside,0,0,0,0,12:14 AM,01:50 AM,327.62,195,16.93,None,0,0,1,7
S8136,2026-04-29,08:28 PM,Sarojini,Mess,08:27 PM,09:26 PM,0,0,0,0,332.5,128,41.76,Dinner,0,0,1,3
S8137,2026-04-13,04:26 PM,Sarojini,Outside,0,0,0,0,03:51 PM,06:40 PM,289.73,59,7.25,None,0,0,0,15
S8138,2026-04-02,10:28 AM,Azad,Library,0,0,10:08 AM,11:10 AM,09:40 AM,11:25 AM,855.34,31,10.28,None,0,0,0,7
S8139,2026-04-18,04:28 PM,Azad,Library,0,0,03:44 PM,06:44 PM,03:19 PM,07:31 PM,804.47,145,25.86,None,1,1,0,8
S8140,2026-04-25,02:31 PM,Rajendra,Classroom,0,0,0,0,02:10 PM,03:07 PM,121.21,25,1.75,None,1,0,1,6
S8141,2026-04-11,01:14 PM,Azad,Mess,12:59 PM,01:58 PM,0,0,0,0,437.51,135,46.98,Lunch,0,0,0,6
S8142,2026-04-21,10:13 PM,Sarojini,Library,0,0,09:43 PM,11:59 PM,09:34 PM,11:59 PM,811.81,193,32.26,None,0,0,1,4
S8143,2026-04-10,07:26 AM,Yamuna,Mess,07:12 AM,07:45 AM,0,0,0,0,460.8,67,42.48,Breakfast,0,0,0,16
S8144,2026-04-01,01:16 PM,Rajendra,Mess,01:12 PM,02:01 PM,0,0,0,0,292.38,57,39.86,Lunch,0,0,0,11
S8145,2026-04-25,09:15 PM,Sarojini,Mess,08:33 PM,09:23 PM,0,0,0,0,366.6,120,45.51,Dinner,0,0,1,7
S8146,2026-04-11,12:05 AM,Yamuna,Outside,0,0,0,0,0,02:17 AM,125.13,105,5.58,None,0,0,0,6
S8147,2026-04-26,02:26 PM,Yamuna,Mess,01:58 PM,02:38 PM,0,0,0,0,464.1,127,48.88,Lunch,1,0,1,3
S8148,2026-04-29,05:55 PM,Yamuna,Library,0,0,05:28 PM,11:25 PM,05:16 PM,11:59 PM,815.91,58,18.8,None,0,0,1,5
S8149,2026-04-24,03:22 PM,Ganga,Library,0,0,10:40 AM,05:10 PM,10:24 AM,05:33 PM,452.64,130,21.66,None,0,0,1,7
S8150,2026-04-03,10:02 PM,Rajendra,Mess,09:31 PM,10:29 PM,0,0,0,0,430.75,114,42.35,Dinner,0,0,0,13
S8151,2026-04-17,10:18 PM,Ganga,Library,0,0,09:49 PM,10:44 PM,09:44 PM,11:41 PM,706.49,156,19.07,None,0,0,0,6
S8152,2026-04-30,08:03 PM,Azad,Mess,07:52 PM,08:37 PM,0,0,0,0,365.97,127,50.39,Dinner,0,0,1,6
S8153,2026-04-10,09:20 PM,Rajendra,Library,0,0,08:24 PM,09:36 PM,07:54 PM,10:14 PM,829.24,134,19.23,None,0,0,0,6
S8154,2026-04-03,09:19 AM,Ganga,Mess,09:09 AM,09:33 AM,0,0,0,0,533.05,67,26.06,Breakfast,1,1,0,4
S8155,2026-04-01,09:13 AM,Ganga,Mess,08:29 AM,09:14 AM,0,0,0,0,517.86,187,45.29,Breakfast,1,1,0,9
S8156,2026-04-29,09:01 AM,Rajendra,Mess,08:30 AM,09:06 AM,0,0,0,0,300.34,139,51.0,Breakfast,1,1,1,6
S8157,2026-04-05,02:06 PM,Yamuna,Mess,01:49 PM,02:22 PM,0,0,0,0,407.63,190,44.88,Lunch,0,0,0,6
S8158,2026-04-21,04:41 PM,Azad,Outside,0,0,0,0,03:49 PM,05:51 PM,370.88,174,11.77,None,0,0,1,6
S8159,2026-04-12,09:40 PM,Azad,Mess,09:05 PM,10:00 PM,0,0,0,0,449.73,111,47.17,Dinner,0,0,0,7
S8160,2026-04-19,12:52 PM,Yamuna,Mess,12:45 PM,01:30 PM,0,0,0,0,324.01,193,44.03,Lunch,1,0,0,6
S8161,2026-04-26,09:32 AM,Sarojini,Mess,08:35 AM,09:33 AM,0,0,0,0,262.29,116,43.85,Breakfast,0,0,1,6
S8162,2026-04-04,08:31 PM,Yamuna,Outside,0,0,0,0,06:46 PM,10:01 PM,291.29,184,17.22,None,0,0,0,8
S8163,2026-04-22,10:40 PM,Ganga,Library,0,0,05:03 PM,11:02 PM,04:51 PM,11:12 PM,733.51,61,18.24,None,0,0,1,4
S8164,2026-04-02,10:42 PM,Sarojini,Library,0,0,10:09 PM,11:13 PM,10:02 PM,11:32 PM,614.59,69,13.6,None,0,0,0,7
S8165,2026-04-26,09:12 AM,Rajendra,Mess,08:18 AM,09:13 AM,0,0,0,0,616.19,152,54.82,Breakfast,1,1,1,5
S8166,2026-04-15,08:26 PM,Yamuna,Mess,07:35 PM,08:26 PM,0,0,0,0,604.89,23,29.97,Dinner,0,0,0,5
S8167,2026-04-03,08:48 PM,Rajendra,Mess,08:45 PM,09:23 PM,0,0,0,0,464.18,129,39.03,Dinner,0,0,0,7
S8168,2026-04-02,05:18 PM,Sarojini,Library,0,0,05:10 PM,07:53 PM,04:43 PM,08:26 PM,846.14,58,19.46,None,0,0,0,10
S8169,2026-04-22,08:40 PM,Ganga,Library,0,0,03:03 PM,10:46 PM,02:48 PM,11:18 PM,743.08,65,18.74,None,0,0,1,4
S8170,2026-04-03,10:03 AM,Sarojini,Mess,09:38 AM,10:20 AM,0,0,0,0,291.56,95,43.4,Breakfast,1,1,0,7
S8171,2026-04-29,04:39 AM,Sarojini,Outside,0,0,0,0,04:03 AM,06:11 AM,182.75,17,1.42,None,0,0,1,5
S8172,2026-04-22,09:10 AM,Rajendra,Mess,08:24 AM,09:15 AM,0,0,0,0,362.57,17,41.32,Breakfast,1,1,1,6
S8173,2026-04-21,04:43 PM,Ganga,Classroom,0,0,0,0,04:06 PM,06:14 PM,113.19,192,9.95,None,1,1,1,6
S8174,2026-04-08,01:45 PM,Ganga,Classroom,0,0,0,0,01:13 PM,02:53 PM,194.47,87,12.57,None,1,0,0,7
S8175,2026-04-30,09:06 PM,Rajendra,Hostel,0,0,0,0,0,0,1101.03,27,20.59,None,0,0,1,4
S8176,2026-04-21,11:49 PM,Yamuna,Hostel,0,0,0,0,0,0,1227.4,53,16.73,None,0,0,1,4
S8177,2026-04-23,01:38 PM,Ganga,Library,0,0,11:49 AM,05:00 PM,11:36 AM,05:37 PM,766.57,17,7.42,None,0,0,1,5
S8178,2026-04-11,08:06 AM,Rajendra,Mess,07:37 AM,08:09 AM,0,0,0,0,571.49,185,39.61,Breakfast,0,0,0,6
S8179,2026-04-23,06:07 PM,Sarojini,Library,0,0,04:35 PM,09:53 PM,04:20 PM,10:49 PM,482.5,166,37.1,None,0,0,1,6
S8180,2026-04-05,09:52 AM,Azad,Mess,09:22 AM,09:56 AM,0,0,0,0,371.02,53,43.85,Breakfast,1,1,0,6
S8181,2026-04-24,07:30 PM,Sarojini,Mess,07:08 PM,08:06 PM,0,0,0,0,368.48,153,54.01,Dinner,0,0,1,5
S8182,2026-04-16,10:15 PM,Sarojini,Mess,09:57 PM,10:25 PM,0,0,0,0,447.26,23,31.05,Dinner,0,0,0,7
S8183,2026-04-26,08:23 AM,Rajendra,Mess,08:13 AM,08:47 AM,0,0,0,0,517.19,48,32.68,Breakfast,0,0,1,4
S8184,2026-04-02,01:35 PM,Ganga,Library,0,0,01:26 PM,02:10 PM,01:16 PM,03:07 PM,584.44,165,21.36,None,1,0,0,7
S8185,2026-05-01,05:56 AM,Yamuna,Outside,0,0,0,0,05:17 AM,07:40 AM,137.44,27,3.42,None,0,0,0,6
S8186,2026-04-15,06:48 AM,Azad,Outside,0,0,0,0,06:15 AM,08:45 AM,355.06,40,4.62,None,0,0,0,9
S8187,2026-04-23,10:29 PM,Rajendra,Library,0,0,06:12 PM,11:59 PM,06:04 PM,11:59 PM,666.68,48,14.44,None,0,0,1,7
S8188,2026-05-01,11:22 AM,Yamuna,Hostel,0,0,0,0,0,0,327.71,11,15.35,None,1,0,0,7
S8189,2026-05-01,01:49 PM,Azad,Library,0,0,01:21 PM,03:07 PM,12:59 PM,03:59 PM,807.53,118,28.22,None,1,0,0,7
S8190,2026-04-06,02:18 PM,Sarojini,Mess,02:10 PM,02:50 PM,0,0,0,0,469.63,36,35.8,Lunch,1,0,0,8
S8191,2026-04-08,10:10 PM,Azad,Hostel,0,0,0,0,0,0,1269.13,166,46.15,None,0,0,0,8
S8192,2026-04-28,12:50 PM,Rajendra,Library,0,0,09:17 AM,05:32 PM,09:12 AM,05:55 PM,621.61,101,23.58,None,1,0,1,7
S8193,2026-04-12,02:44 PM,Ganga,Mess,02:43 PM,03:30 PM,0,0,0,0,341.88,48,41.53,Lunch,1,0,0,4
S8194,2026-04-07,11:37 AM,Yamuna,Outside,0,0,0,0,09:57 AM,01:23 PM,356.64,170,14.56,None,1,0,0,8
S8195,2026-04-10,10:06 PM,Yamuna,Mess,09:54 PM,10:39 PM,0,0,0,0,578.29,173,40.68,Dinner,0,0,0,3
S8196,2026-04-18,12:05 PM,Azad,Mess,12:01 PM,12:47 PM,0,0,0,0,469.66,94,32.89,Lunch,0,0,0,5
S8197,2026-04-04,06:32 PM,Azad,Library,0,0,05:08 PM,06:54 PM,04:39 PM,07:13 PM,777.96,37,11.63,None,0,0,0,6
S8198,2026-04-03,05:23 PM,Sarojini,Library,0,0,04:36 PM,07:36 PM,04:06 PM,08:22 PM,991.77,96,22.91,None,0,0,0,8
S8199,2026-04-02,09:30 PM,Rajendra,Mess,09:00 PM,09:44 PM,0,0,0,0,241.36,57,40.99,Dinner,0,0,0,5
S8200,2026-04-05,07:58 AM,Azad,Mess,07:32 AM,08:08 AM,0,0,0,0,583.46,101,43.04,Breakfast,0,0,0,3
S8201,2026-04-08,12:16 AM,Azad,Hostel,0,0,0,0,0,0,258.57,46,21.5,None,0,0,0,8
S8202,2026-04-09,11:00 AM,Ganga,Library,0,0,10:22 AM,11:23 AM,10:11 AM,11:53 AM,882.45,75,15.61,None,0,0,0,7
S8203,2026-04-14,09:00 AM,Ganga,Mess,08:59 AM,09:24 AM,0,0,0,0,488.26,107,28.72,Breakfast,0,0,0,4
S8204,2026-04-01,09:38 AM,Yamuna,Mess,09:29 AM,09:49 AM,0,0,0,0,519.49,145,41.18,Breakfast,1,1,0,8
S8205,2026-04-03,02:21 PM,Rajendra,Library,0,0,01:05 PM,03:17 PM,12:49 PM,03:45 PM,513.36,168,26.77,None,0,0,0,6
S8206,2026-04-20,04:44 AM,Azad,Hostel,0,0,0,0,0,0,174.03,152,38.22,None,0,0,1,4
S8207,2026-04-19,10:08 AM,Ganga,Outside,0,0,0,0,09:08 AM,11:54 AM,181.0,117,7.41,None,1,1,0,7
S8208,2026-04-11,02:09 PM,Sarojini,Mess,01:54 PM,02:18 PM,0,0,0,0,617.86,195,63.43,Lunch,0,0,0,7
S8209,2026-04-26,02:02 PM,Rajendra,Outside,0,0,0,0,12:50 PM,04:00 PM,175.23,79,10.25,None,0,0,1,7
S8210,2026-04-17,08:46 PM,Azad,Mess,08:37 PM,09:25 PM,0,0,0,0,518.38,61,36.07,Dinner,0,0,0,7
S8211,2026-04-15,10:00 AM,Rajendra,Mess,09:56 AM,10:55 AM,0,0,0,0,444.01,72,34.88,Breakfast,0,0,0,7
S8212,2026-04-21,05:54 PM,Ganga,Library,0,0,05:31 PM,11:43 PM,05:24 PM,11:59 PM,773.59,187,35.66,None,0,0,1,5
S8213,2026-04-10,12:01 AM,Rajendra,Hostel,0,0,0,0,0,0,335.1,190,40.64,None,0,0,0,8
S8214,2026-04-24,12:09 AM,Rajendra,Hostel,0,0,0,0,0,0,110.71,42,16.06,None,0,0,1,6
S8215,2026-04-03,01:45 AM,Yamuna,Outside,0,0,0,0,12:25 AM,03:27 AM,350.31,148,20.17,None,0,0,0,8
S8216,2026-04-24,01:48 AM,Ganga,Outside,0,0,0,0,01:09 AM,03:01 AM,332.18,157,15.09,None,0,0,1,3
S8217,2026-04-13,07:36 AM,Yamuna,Outside,0,0,0,0,06:19 AM,10:31 AM,378.91,83,10.4,None,0,0,0,7
S8218,2026-04-21,10:48 PM,Ganga,Library,0,0,09:11 PM,11:59 PM,08:57 PM,11:59 PM,753.18,39,9.28,None,0,0,1,8
S8219,2026-04-11,01:56 PM,Sarojini,Mess,01:05 PM,01:56 PM,0,0,0,0,541.24,43,28.12,Lunch,1,0,0,7
S8220,2026-04-01,10:26 PM,Sarojini,Library,0,0,10:18 PM,11:59 PM,10:04 PM,11:59 PM,565.66,144,32.25,None,0,0,0,6
S8221,2026-04-09,01:29 PM,Yamuna,Mess,01:24 PM,02:15 PM,0,0,0,0,530.04,160,50.09,Lunch,1,0,0,11
S8222,2026-04-16,09:11 AM,Sarojini,Mess,09:00 AM,09:22 AM,0,0,0,0,245.48,107,45.91,Breakfast,1,1,0,7
S8223,2026-04-01,09:20 AM,Azad,Library,0,0,09:18 AM,09:48 AM,08:54 AM,10:08 AM,750.14,21,11.56,None,0,0,0,4
S8224,2026-04-10,09:13 PM,Sarojini,Outside,0,0,0,0,07:48 PM,10:21 PM,323.01,193,21.67,None,0,0,0,7
S8225,2026-04-03,12:54 PM,Ganga,Mess,12:54 PM,01:21 PM,0,0,0,0,501.19,121,39.13,Lunch,1,0,0,8
S8226,2026-04-17,07:20 PM,Yamuna,Mess,07:20 PM,08:13 PM,0,0,0,0,515.08,54,25.18,Dinner,0,0,0,4
S8227,2026-04-22,02:56 PM,Ganga,Mess,02:54 PM,03:26 PM,0,0,0,0,641.57,38,45.3,Lunch,1,0,1,3
S8228,2026-04-21,10:09 PM,Yamuna,Mess,09:40 PM,10:18 PM,0,0,0,0,473.86,42,27.65,Dinner,0,0,1,4
S8229,2026-04-07,01:49 PM,Yamuna,Classroom,0,0,0,0,01:33 PM,03:01 PM,168.07,186,13.95,None,1,0,0,4
S8230,2026-04-16,09:08 AM,Azad,Mess,08:55 AM,09:15 AM,0,0,0,0,391.44,173,50.68,Breakfast,0,0,0,10
S8231,2026-04-11,09:50 AM,Ganga,Library,0,0,09:22 AM,09:55 AM,09:09 AM,10:40 AM,836.1,69,12.8,None,1,1,0,9
S8232,2026-04-18,10:54 AM,Rajendra,Classroom,0,0,0,0,10:40 AM,11:58 AM,178.33,153,11.27,None,1,1,0,7
S8233,2026-04-07,10:20 AM,Azad,Library,0,0,10:16 AM,11:17 AM,09:51 AM,11:30 AM,934.01,65,13.87,None,1,1,0,7
S8234,2026-04-05,03:11 PM,Azad,Classroom,0,0,0,0,02:38 PM,04:36 PM,303.95,137,14.44,None,1,0,0,7
S8235,2026-04-13,06:29 PM,Ganga,Library,0,0,05:26 PM,07:51 PM,05:10 PM,08:01 PM,625.41,61,22.4,None,0,0,0,7
S8236,2026-04-21,11:31 PM,Rajendra,Outside,0,0,0,0,09:45 PM,11:59 PM,276.38,79,9.85,None,0,0,1,5
S8237,2026-04-08,11:14 AM,Yamuna,Library,0,0,10:48 AM,12:02 PM,10:40 AM,12:19 PM,661.7,43,11.53,None,1,0,0,9
S8238,2026-04-07,07:48 PM,Azad,Mess,07:40 PM,08:18 PM,0,0,0,0,484.59,160,38.92,Dinner,0,0,0,9
S8239,2026-04-21,01:26 PM,Yamuna,Hostel,0,0,0,0,0,0,382.41,53,26.25,None,0,0,1,4
S8240,2026-04-07,07:41 PM,Ganga,Library,0,0,06:57 PM,08:19 PM,06:39 PM,08:51 PM,1000.65,42,11.25,None,0,0,0,6
S8241,2026-05-01,08:53 PM,Yamuna,Library,0,0,07:39 PM,09:56 PM,07:29 PM,10:25 PM,694.44,197,32.45,None,0,0,0,6
S8242,2026-04-24,02:53 PM,Yamuna,Mess,02:51 PM,03:17 PM,0,0,0,0,649.1,17,39.16,Lunch,1,0,1,3
S8243,2026-04-05,04:17 PM,Ganga,Classroom,0,0,0,0,03:51 PM,06:02 PM,191.7,16,2.05,None,1,1,0,6
S8244,2026-04-27,02:46 PM,Sarojini,Mess,02:07 PM,02:57 PM,0,0,0,0,453.02,71,30.95,Lunch,1,0,1,6
S8245,2026-04-08,08:11 PM,Rajendra,Library,0,0,07:16 PM,08:23 PM,06:49 PM,09:08 PM,540.97,175,30.73,None,0,0,0,7
S8246,2026-04-05,02:25 PM,Yamuna,Library,0,0,12:56 PM,03:29 PM,12:35 PM,04:19 PM,700.13,90,16.67,None,0,0,0,8
S8247,2026-04-18,06:18 PM,Ganga,Library,0,0,06:09 PM,07:58 PM,05:55 PM,08:43 PM,814.96,66,13.61,None,0,0,0,7
S8248,2026-04-28,11:40 PM,Rajendra,Library,0,0,10:33 PM,11:59 PM,10:21 PM,11:59 PM,721.69,126,17.88,None,0,0,1,5
S8249,2026-04-28,12:45 AM,Rajendra,Hostel,0,0,0,0,0,0,236.54,120,29.84,None,0,0,1,5
S8250,2026-04-23,08:04 PM,Sarojini,Library,0,0,05:40 PM,10:44 PM,05:17 PM,11:40 PM,884.04,139,28.19,None,0,0,1,3
S8251,2026-04-15,11:29 PM,Rajendra,Library,0,0,09:57 PM,11:59 PM,09:33 PM,11:59 PM,952.97,92,10.68,None,0,0,0,7
S8252,2026-04-18,12:43 PM,Ganga,Mess,12:26 PM,01:09 PM,0,0,0,0,455.34,10,25.92,Lunch,0,0,0,8
S8253,2026-04-09,10:27 PM,Azad,Library,0,0,09:52 PM,10:44 PM,09:27 PM,11:08 PM,647.26,63,19.63,None,0,0,0,6
S8254,2026-04-09,07:51 PM,Sarojini,Library,0,0,07:29 PM,08:18 PM,07:23 PM,09:15 PM,737.19,149,26.02,None,0,0,0,6
S8255,2026-04-29,06:39 PM,Azad,Library,0,0,04:55 PM,10:26 PM,04:35 PM,10:53 PM,574.12,15,7.42,None,0,0,1,4
S8256,2026-04-29,09:54 PM,Yamuna,Library,0,0,09:19 PM,11:59 PM,09:01 PM,11:59 PM,810.25,174,20.75,None,0,0,1,6
S8257,2026-04-15,05:54 PM,Ganga,Hostel,0,0,0,0,0,0,246.11,149,43.8,None,0,0,0,3
S8258,2026-04-05,02:34 PM,Ganga,Mess,01:59 PM,02:58 PM,0,0,0,0,426.07,179,40.66,Lunch,1,0,0,3
S8259,2026-04-23,09:09 AM,Rajendra,Hostel,0,0,0,0,0,0,386.08,142,35.79,None,0,0,1,5
S8260,2026-04-12,08:17 PM,Rajendra,Mess,08:14 PM,09:01 PM,0,0,0,0,285.3,93,26.92,Dinner,0,0,0,8
S8261,2026-04-11,08:17 PM,Azad,Library,0,0,08:14 PM,09:21 PM,07:57 PM,09:43 PM,961.29,21,11.57,None,0,0,0,7
S8262,2026-04-25,07:51 AM,Sarojini,Hostel,0,0,0,0,0,0,268.33,152,38.33,None,0,0,1,5
S8263,2026-04-20,05:52 AM,Yamuna,Outside,0,0,0,0,04:04 AM,08:15 AM,290.57,157,11.52,None,0,0,1,6
S8264,2026-04-03,06:17 PM,Azad,Classroom,0,0,0,0,06:01 PM,08:13 PM,263.24,87,9.09,None,1,1,0,5
S8265,2026-04-28,01:23 AM,Azad,Hostel,0,0,0,0,0,0,223.6,143,31.19,None,0,0,1,3
S8266,2026-04-09,07:15 PM,Azad,Mess,07:05 PM,07:35 PM,0,0,0,0,399.76,113,41.99,Dinner,0,0,0,7
S8267,2026-04-12,07:30 PM,Rajendra,Mess,07:22 PM,07:50 PM,0,0,0,0,463.87,178,55.17,Dinner,0,0,0,9
S8268,2026-04-14,06:39 PM,Rajendra,Classroom,0,0,0,0,06:16 PM,07:57 PM,157.63,158,23.61,None,1,1,0,6
S8269,2026-04-09,01:04 PM,Yamuna,Mess,12:52 PM,01:24 PM,0,0,0,0,532.11,175,53.41,Lunch,0,0,0,6
S8270,2026-04-26,04:13 PM,Rajendra,Library,0,0,10:05 AM,06:11 PM,09:51 AM,06:39 PM,803.15,144,22.09,None,1,1,1,6
S8271,2026-05-01,03:44 PM,Ganga,Library,0,0,02:36 PM,05:26 PM,02:07 PM,06:04 PM,795.17,60,19.0,None,1,0,0,7
S8272,2026-04-28,11:57 AM,Azad,Outside,0,0,0,0,10:03 AM,01:41 PM,247.02,65,9.44,None,0,0,1,4
S8273,2026-04-09,12:22 PM,Sarojini,Library,0,0,11:56 AM,12:55 PM,11:42 AM,01:48 PM,1043.68,100,22.44,None,1,0,0,6
S8274,2026-04-20,07:59 PM,Azad,Mess,07:36 PM,07:59 PM,0,0,0,0,514.13,92,39.55,Dinner,0,0,1,4
S8275,2026-04-02,07:22 PM,Rajendra,Mess,07:20 PM,08:06 PM,0,0,0,0,372.44,86,27.02,Dinner,0,0,0,7
S8276,2026-04-05,02:32 PM,Yamuna,Hostel,0,0,0,0,0,0,178.71,190,26.88,None,0,0,0,10
S8277,2026-04-14,11:30 PM,Rajendra,Hostel,0,0,0,0,0,0,1108.55,13,17.15,None,0,0,0,9
S8278,2026-04-29,11:56 PM,Rajendra,Hostel,0,0,0,0,0,0,1021.37,130,36.88,None,0,0,1,3
S8279,2026-04-21,12:56 AM,Sarojini,Outside,0,0,0,0,0,03:21 AM,217.6,112,14.33,None,0,0,1,6
S8280,2026-04-12,11:48 AM,Ganga,Outside,0,0,0,0,10:51 AM,12:56 PM,187.07,176,19.72,None,1,0,0,5
S8281,2026-04-18,10:17 PM,Rajendra,Mess,09:35 PM,10:21 PM,0,0,0,0,289.61,172,40.44,Dinner,0,0,0,7
S8282,2026-04-17,12:33 PM,Sarojini,Library,0,0,10:52 AM,12:33 PM,10:42 AM,01:07 PM,744.82,169,33.57,None,0,0,0,8
S8283,2026-04-17,02:20 PM,Rajendra,Mess,02:20 PM,02:48 PM,0,0,0,0,425.09,12,31.86,Lunch,1,0,0,6
S8284,2026-04-06,04:34 PM,Yamuna,Hostel,0,0,0,0,0,0,143.7,63,15.69,None,1,1,0,8
S8285,2026-05-01,11:17 PM,Sarojini,Library,0,0,10:36 PM,11:59 PM,10:22 PM,11:59 PM,575.59,190,33.01,None,0,0,0,7
S8286,2026-04-28,10:38 PM,Sarojini,Library,0,0,04:12 PM,11:07 PM,03:54 PM,11:33 PM,651.07,168,32.02,None,0,0,1,4
S8287,2026-04-24,09:44 PM,Ganga,Hostel,0,0,0,0,0,0,966.24,146,32.0,None,0,0,1,3
S8288,2026-04-16,03:21 PM,Sarojini,Mess,02:58 PM,03:25 PM,0,0,0,0,385.78,196,44.4,Lunch,0,0,0,10
S8289,2026-04-01,03:17 PM,Azad,Outside,0,0,0,0,02:45 PM,05:37 PM,253.61,75,5.86,None,1,0,0,8
S8290,2026-04-17,12:31 PM,Yamuna,Mess,12:30 PM,12:54 PM,0,0,0,0,616.64,83,35.45,Lunch,0,0,0,7
S8291,2026-05-01,08:16 PM,Azad,Mess,07:56 PM,08:24 PM,0,0,0,0,564.81,49,38.66,Dinner,0,0,0,6
S8292,2026-04-23,09:33 PM,Sarojini,Library,0,0,04:43 PM,11:59 PM,04:32 PM,11:59 PM,751.09,146,16.93,None,0,0,1,5
S8293,2026-04-10,09:14 PM,Rajendra,Library,0,0,08:16 PM,09:15 PM,07:53 PM,10:02 PM,754.75,34,11.98,None,0,0,0,6
S8294,2026-04-20,08:35 PM,Yamuna,Hostel,0,0,0,0,0,0,1342.52,184,39.42,None,0,0,1,4
S8295,2026-04-07,08:52 PM,Azad,Mess,08:52 PM,09:50 PM,0,0,0,0,500.8,124,44.67,Dinner,0,0,0,6
S8296,2026-04-16,04:05 PM,Rajendra,Library,0,0,03:46 PM,06:04 PM,03:21 PM,06:47 PM,760.63,106,24.72,None,1,1,0,8
S8297,2026-04-18,02:14 PM,Yamuna,Library,0,0,01:57 PM,04:56 PM,01:31 PM,05:39 PM,860.02,182,28.53,None,0,0,0,8
S8298,2026-04-13,06:52 PM,Azad,Library,0,0,04:55 PM,06:58 PM,04:41 PM,07:28 PM,799.39,107,13.67,None,0,0,0,6
S8299,2026-04-28,12:43 PM,Ganga,Mess,12:24 PM,01:18 PM,0,0,0,0,330.45,72,37.4,Lunch,1,0,1,4
S8300,2026-04-17,11:55 AM,Yamuna,Classroom,0,0,0,0,11:28 AM,01:28 PM,301.72,162,17.67,None,1,0,0,7
S8301,2026-04-19,10:09 AM,Rajendra,Library,0,0,09:34 AM,10:11 AM,09:18 AM,10:47 AM,705.52,120,29.55,None,1,1,0,7
S8302,2026-04-18,12:15 AM,Ganga,Hostel,0,0,0,0,0,0,208.78,194,35.89,None,0,0,0,7
S8303,2026-04-24,04:11 PM,Sarojini,Library,0,0,01:08 PM,06:23 PM,12:53 PM,06:34 PM,584.07,176,22.69,None,1,1,1,8
S8304,2026-04-13,08:23 AM,Rajendra,Hostel,0,0,0,0,0,0,292.48,127,37.29,None,0,0,0,7
S8305,2026-04-27,08:41 AM,Rajendra,Mess,08:21 AM,08:53 AM,0,0,0,0,474.37,156,30.38,Breakfast,0,0,1,4
S8306,2026-04-21,06:16 AM,Rajendra,Outside,0,0,0,0,05:25 AM,07:19 AM,181.25,146,9.44,None,0,0,1,5
S8307,2026-04-18,09:39 AM,Yamuna,Mess,09:17 AM,09:52 AM,0,0,0,0,438.61,135,51.12,Breakfast,1,1,0,6
S8308,2026-04-30,03:15 AM,Rajendra,Hostel,0,0,0,0,0,0,134.99,84,32.15,None,0,0,1,3
S8309,2026-04-10,08:33 AM,Sarojini,Mess,08:17 AM,09:01 AM,0,0,0,0,538.06,119,29.11,Breakfast,0,0,0,8
S8310,2026-04-25,10:04 PM,Yamuna,Library,0,0,08:24 PM,11:59 PM,08:17 PM,11:59 PM,796.62,199,23.29,None,0,0,1,8
S8311,2026-05-01,08:12 AM,Ganga,Mess,08:09 AM,08:56 AM,0,0,0,0,567.36,75,41.01,Breakfast,0,0,0,4
S8312,2026-04-24,12:54 PM,Ganga,Mess,12:24 PM,01:22 PM,0,0,0,0,285.26,199,40.86,Lunch,1,0,1,4
S8313,2026-04-11,01:21 PM,Azad,Outside,0,0,0,0,12:49 PM,03:38 PM,146.91,127,14.46,None,1,0,0,4
S8314,2026-04-06,08:15 PM,Sarojini,Mess,07:42 PM,08:38 PM,0,0,0,0,612.21,192,51.34,Dinner,0,0,0,9
S8315,2026-04-15,11:17 AM,Azad,Library,0,0,09:16 AM,11:55 AM,08:58 AM,12:27 PM,614.75,133,29.12,None,0,0,0,7
S8316,2026-04-25,08:38 PM,Azad,Mess,08:21 PM,09:03 PM,0,0,0,0,531.61,104,29.4,Dinner,0,0,1,6
S8317,2026-04-03,08:45 AM,Azad,Classroom,0,0,0,0,08:35 AM,09:29 AM,205.49,13,1.37,None,1,1,0,7
S8318,2026-04-16,08:14 AM,Ganga,Mess,07:40 AM,08:20 AM,0,0,0,0,668.96,67,27.35,Breakfast,0,0,0,6
S8319,2026-04-15,03:52 PM,Azad,Library,0,0,03:23 PM,04:44 PM,02:57 PM,05:13 PM,861.49,73,21.35,None,0,0,0,8
S8320,2026-04-29,09:26 PM,Yamuna,Mess,09:05 PM,09:26 PM,0,0,0,0,391.76,26,27.34,Dinner,0,0,1,5
S8321,2026-04-24,10:24 PM,Sarojini,Library,0,0,07:19 PM,11:59 PM,07:12 PM,11:59 PM,553.92,133,14.12,None,0,0,1,4
S8322,2026-04-10,04:16 PM,Ganga,Library,0,0,02:04 PM,04:47 PM,01:59 PM,05:25 PM,858.51,130,26.17,None,0,0,0,4
S8323,2026-04-29,07:24 PM,Sarojini,Library,0,0,11:45 AM,08:14 PM,11:28 AM,09:02 PM,618.95,178,18.95,None,0,0,1,6
S8324,2026-04-21,02:05 PM,Rajendra,Mess,01:44 PM,02:26 PM,0,0,0,0,498.67,113,38.71,Lunch,0,0,1,4
S8325,2026-04-28,01:03 PM,Ganga,Mess,12:49 PM,01:21 PM,0,0,0,0,417.72,59,46.18,Lunch,0,0,1,4
S8326,2026-04-11,02:26 PM,Sarojini,Classroom,0,0,0,0,01:48 PM,03:34 PM,335.99,198,10.07,None,1,0,0,6
S8327,2026-04-08,12:34 PM,Sarojini,Mess,12:11 PM,12:40 PM,0,0,0,0,506.95,31,27.17,Lunch,0,0,0,7
S8328,2026-04-30,01:41 PM,Sarojini,Mess,01:24 PM,01:51 PM,0,0,0,0,665.32,60,41.28,Lunch,0,0,1,6
S8329,2026-04-28,01:09 PM,Azad,Mess,12:24 PM,01:11 PM,0,0,0,0,241.37,132,34.33,Lunch,1,0,1,3
S8330,2026-04-19,04:06 AM,Ganga,Outside,0,0,0,0,02:56 AM,06:57 AM,385.66,85,11.15,None,0,0,0,7
S8331,2026-04-13,04:57 PM,Azad,Outside,0,0,0,0,03:05 PM,07:56 PM,101.47,34,1.92,None,1,1,0,7
S8332,2026-04-15,11:37 PM,Yamuna,Library,0,0,10:32 PM,11:45 PM,10:23 PM,11:59 PM,691.63,28,10.69,None,0,0,0,7
S8333,2026-04-24,08:13 PM,Yamuna,Mess,07:16 PM,08:14 PM,0,0,0,0,332.21,91,39.16,Dinner,0,0,1,5
S8334,2026-04-11,12:22 AM,Ganga,Hostel,0,0,0,0,0,0,322.25,39,20.03,None,0,0,0,8
S8335,2026-04-18,01:24 PM,Azad,Library,0,0,12:50 PM,01:28 PM,12:35 PM,02:22 PM,841.34,32,15.4,None,0,0,0,5
S8336,2026-04-03,12:43 PM,Sarojini,Library,0,0,10:55 AM,01:30 PM,10:28 AM,01:49 PM,697.76,32,8.4,None,0,0,0,9
S8337,2026-04-04,01:30 PM,Ganga,Outside,0,0,0,0,12:55 PM,02:37 PM,214.91,165,15.98,None,0,0,0,8
S8338,2026-04-03,09:35 AM,Sarojini,Hostel,0,0,0,0,0,0,215.43,136,41.07,None,0,0,0,5
S8339,2026-04-28,04:56 PM,Yamuna,Library,0,0,04:25 PM,09:47 PM,04:11 PM,10:30 PM,823.84,114,31.21,None,1,1,1,5
S8340,2026-04-20,09:47 PM,Rajendra,Outside,0,0,0,0,09:11 PM,11:37 PM,124.99,81,9.44,None,0,0,1,4
S8341,2026-04-26,05:00 PM,Ganga,Classroom,0,0,0,0,04:43 PM,06:02 PM,223.36,148,19.15,None,1,1,1,4
S8342,2026-04-25,10:17 PM,Azad,Library,0,0,06:38 PM,11:59 PM,06:29 PM,11:59 PM,948.27,137,25.27,None,0,0,1,6
S8343,2026-04-05,12:58 PM,Rajendra,Library,0,0,12:34 PM,02:58 PM,12:07 PM,03:53 PM,927.75,35,10.88,None,0,0,0,6
S8344,2026-04-08,08:24 PM,Rajendra,Mess,08:02 PM,08:28 PM,0,0,0,0,528.93,37,37.04,Dinner,0,0,0,7
S8345,2026-04-13,12:48 PM,Rajendra,Library,0,0,11:09 AM,01:16 PM,10:45 AM,02:07 PM,652.12,103,24.45,None,1,0,0,6
S8346,2026-04-05,12:10 PM,Azad,Outside,0,0,0,0,10:38 AM,01:27 PM,127.34,138,18.36,None,0,0,0,10
S8347,2026-04-15,07:02 PM,Yamuna,Library,0,0,05:45 PM,08:02 PM,05:40 PM,08:31 PM,683.53,183,32.95,None,0,0,0,5
S8348,2026-04-22,07:42 PM,Yamuna,Mess,07:12 PM,08:07 PM,0,0,0,0,487.67,70,43.2,Dinner,0,0,1,3
S8349,2026-04-22,04:22 PM,Azad,Library,0,0,03:14 PM,10:11 PM,02:48 PM,10:50 PM,851.88,102,18.51,None,0,0,1,3
S8350,2026-04-14,06:45 PM,Yamuna,Outside,0,0,0,0,05:45 PM,09:25 PM,286.3,25,2.43,None,0,0,0,7
S8351,2026-04-23,10:06 AM,Ganga,Hostel,0,0,0,0,0,0,358.64,138,31.79,None,0,0,1,5
S8352,2026-04-08,09:32 PM,Sarojini,Mess,09:09 PM,10:00 PM,0,0,0,0,361.24,51,27.19,Dinner,0,0,0,4
S8353,2026-04-06,01:56 PM,Ganga,Mess,01:25 PM,02:17 PM,0,0,0,0,497.28,46,32.6,Lunch,1,0,0,8
S8354,2026-04-26,11:10 AM,Ganga,Classroom,0,0,0,0,10:54 AM,12:49 PM,108.2,20,1.01,None,1,0,1,4
S8355,2026-04-27,02:13 PM,Yamuna,Classroom,0,0,0,0,01:36 PM,03:26 PM,100.66,58,4.86,None,1,0,1,5
S8356,2026-04-04,08:05 PM,Azad,Library,0,0,06:37 PM,08:33 PM,06:19 PM,09:22 PM,695.6,93,20.83,None,0,0,0,7
S8357,2026-04-04,11:37 PM,Sarojini,Outside,0,0,0,0,10:35 PM,11:59 PM,159.27,99,12.47,None,0,0,0,5
S8358,2026-04-13,08:34 AM,Rajendra,Mess,08:18 AM,09:14 AM,0,0,0,0,413.15,188,61.43,Breakfast,0,0,0,9
S8359,2026-04-27,08:02 AM,Rajendra,Mess,07:04 AM,08:02 AM,0,0,0,0,427.16,170,45.41,Breakfast,0,0,1,4
S8360,2026-04-19,01:48 PM,Azad,Library,0,0,12:35 PM,02:21 PM,12:22 PM,03:18 PM,848.26,106,28.52,None,1,0,0,3
S8361,2026-04-04,08:08 PM,Sarojini,Mess,08:03 PM,08:26 PM,0,0,0,0,565.74,165,44.63,Dinner,0,0,0,7
S8362,2026-04-17,05:32 PM,Sarojini,Library,0,0,02:49 PM,05:41 PM,02:29 PM,06:04 PM,912.76,183,32.38,None,0,0,0,4
S8363,2026-04-08,08:09 PM,Azad,Outside,0,0,0,0,07:39 PM,09:34 PM,245.13,89,7.71,None,0,0,0,5
S8364,2026-04-08,09:24 AM,Sarojini,Mess,09:03 AM,09:41 AM,0,0,0,0,428.58,158,44.58,Breakfast,1,1,0,7
S8365,2026-04-14,04:11 PM,Yamuna,Classroom,0,0,0,0,03:56 PM,04:52 PM,132.27,119,8.26,None,1,1,0,8
S8366,2026-04-11,08:44 PM,Sarojini,Mess,08:18 PM,08:51 PM,0,0,0,0,625.99,130,40.57,Dinner,0,0,0,9
S8367,2026-04-05,01:48 PM,Sarojini,Library,0,0,12:47 PM,03:00 PM,12:32 PM,03:49 PM,781.93,65,22.94,None,1,0,0,10
S8368,2026-04-06,08:45 AM,Rajendra,Outside,0,0,0,0,07:37 AM,09:51 AM,288.51,99,10.19,None,0,0,0,8
S8369,2026-04-10,11:22 AM,Rajendra,Library,0,0,11:02 AM,01:05 PM,10:43 AM,01:35 PM,748.19,124,20.62,None,1,0,0,4
S8370,2026-04-28,12:46 PM,Yamuna,Library,0,0,09:02 AM,02:35 PM,08:41 AM,02:53 PM,782.23,136,23.57,None,1,0,1,6
S8371,2026-04-28,09:05 PM,Yamuna,Mess,08:32 PM,09:24 PM,0,0,0,0,317.09,53,38.68,Dinner,0,0,1,4
S8372,2026-05-01,08:03 PM,Sarojini,Mess,07:59 PM,08:28 PM,0,0,0,0,492.27,119,42.87,Dinner,0,0,0,9
S8373,2026-04-27,04:08 PM,Rajendra,Library,0,0,12:49 PM,07:31 PM,12:22 PM,07:50 PM,619.15,115,28.51,None,1,1,1,4
S8374,2026-04-23,07:19 PM,Yamuna,Mess,07:18 PM,07:58 PM,0,0,0,0,463.65,36,28.25,Dinner,0,0,1,6
S8375,2026-04-12,08:42 PM,Azad,Mess,08:23 PM,09:19 PM,0,0,0,0,403.84,135,57.07,Dinner,0,0,0,5
S8376,2026-04-10,10:57 AM,Yamuna,Library,0,0,09:43 AM,12:18 PM,09:30 AM,12:31 PM,768.89,50,12.94,None,1,1,0,8
S8377,2026-04-29,12:43 PM,Yamuna,Library,0,0,12:04 PM,05:44 PM,11:48 AM,06:38 PM,767.58,21,11.09,None,1,0,1,5
S8378,2026-04-27,09:12 AM,Yamuna,Mess,08:47 AM,09:43 AM,0,0,0,0,507.52,171,45.65,Breakfast,0,0,1,7
S8379,2026-04-24,02:19 AM,Azad,Outside,0,0,0,0,12:33 AM,04:59 AM,338.48,138,19.74,None,0,0,1,5
S8380,2026-04-03,09:50 AM,Sarojini,Classroom,0,0,0,0,09:31 AM,10:47 AM,364.87,60,8.18,None,1,1,0,8
S8381,2026-04-07,01:13 PM,Sarojini,Mess,01:13 PM,01:52 PM,0,0,0,0,563.78,132,35.24,Lunch,1,0,0,8
S8382,2026-04-12,06:41 AM,Ganga,Outside,0,0,0,0,05:39 AM,08:40 AM,206.57,162,8.46,None,0,0,0,7
S8383,2026-04-12,08:32 AM,Rajendra,Mess,08:12 AM,08:40 AM,0,0,0,0,657.77,106,35.05,Breakfast,0,0,0,4
S8384,2026-04-24,11:05 PM,Ganga,Library,0,0,10:12 PM,11:59 PM,10:04 PM,11:59 PM,672.18,41,12.14,None,0,0,1,5
S8385,2026-04-17,04:39 PM,Yamuna,Library,0,0,04:28 PM,07:11 PM,04:10 PM,07:28 PM,667.0,192,30.16,None,0,0,0,4
S8386,2026-04-14,11:51 AM,Azad,Library,0,0,11:26 AM,12:21 PM,11:21 AM,12:54 PM,718.02,10,12.54,None,0,0,0,4
S8387,2026-04-22,06:26 PM,Yamuna,Library,0,0,12:39 PM,06:40 PM,12:10 PM,06:57 PM,633.88,192,36.06,None,0,0,1,7
S8388,2026-04-20,09:51 PM,Ganga,Mess,09:11 PM,09:51 PM,0,0,0,0,648.91,52,31.78,Dinner,0,0,1,5
S8389,2026-04-17,07:58 PM,Yamuna,Mess,07:34 PM,08:28 PM,0,0,0,0,484.85,84,28.28,Dinner,0,0,0,8
S8390,2026-04-11,10:53 AM,Sarojini,Library,0,0,10:02 AM,12:25 PM,09:41 AM,12:39 PM,734.34,122,25.12,None,0,0,0,7
S8391,2026-04-15,03:41 PM,Sarojini,Library,0,0,02:59 PM,05:04 PM,02:45 PM,05:44 PM,669.34,121,23.76,None,1,0,0,15
S8392,2026-04-17,09:10 AM,Yamuna,Mess,08:55 AM,09:50 AM,0,0,0,0,435.26,36,40.52,Breakfast,1,1,0,8
S8393,2026-04-05,03:11 PM,Ganga,Mess,02:58 PM,03:56 PM,0,0,0,0,530.91,139,46.7,Lunch,0,0,0,11
S8394,2026-04-14,09:55 PM,Rajendra,Library,0,0,09:35 PM,10:13 PM,09:27 PM,10:25 PM,746.86,53,12.46,None,0,0,0,7
S8395,2026-04-19,10:30 AM,Yamuna,Library,0,0,09:53 AM,11:53 AM,09:29 AM,12:19 PM,872.87,26,13.14,None,0,0,0,7
S8396,2026-04-08,03:31 PM,Ganga,Library,0,0,03:28 PM,04:09 PM,03:00 PM,04:26 PM,874.45,98,14.14,None,1,0,0,8
S8397,2026-04-24,05:38 PM,Rajendra,Hostel,0,0,0,0,0,0,263.98,100,31.96,None,0,0,1,6
S8398,2026-04-15,09:32 AM,Ganga,Mess,09:13 AM,09:39 AM,0,0,0,0,338.11,49,35.33,Breakfast,0,0,0,4
S8399,2026-04-06,10:50 PM,Ganga,Hostel,0,0,0,0,0,0,933.02,148,29.08,None,0,0,0,7
S8400,2026-04-04,11:50 AM,Ganga,Library,0,0,10:51 AM,12:48 PM,10:37 AM,01:03 PM,883.42,187,26.03,None,1,0,0,6
S8401,2026-04-17,02:20 PM,Ganga,Library,0,0,12:26 PM,02:52 PM,12:20 PM,03:04 PM,564.96,35,13.84,None,1,0,0,6
S8402,2026-04-05,09:47 PM,Azad,Mess,09:42 PM,10:11 PM,0,0,0,0,544.73,127,37.0,Dinner,0,0,0,7
S8403,2026-04-18,12:16 AM,Ganga,Outside,0,0,0,0,0,02:23 AM,188.56,56,6.75,None,0,0,0,10
S8404,2026-04-05,07:57 AM,Azad,Hostel,0,0,0,0,0,0,237.35,196,35.58,None,0,0,0,6
S8405,2026-04-26,08:20 PM,Ganga,Outside,0,0,0,0,07:36 PM,11:07 PM,294.78,196,13.89,None,0,0,1,6
S8406,2026-04-19,11:21 AM,Ganga,Library,0,0,11:14 AM,12:08 PM,10:46 AM,12:42 PM,798.9,167,27.98,None,0,0,0,7
S8407,2026-04-06,07:41 AM,Azad,Mess,07:39 AM,08:27 AM,0,0,0,0,473.24,52,38.95,Breakfast,0,0,0,8
S8408,2026-04-24,07:49 PM,Yamuna,Library,0,0,07:26 PM,11:59 PM,07:16 PM,11:59 PM,699.14,144,32.23,None,0,0,1,3
S8409,2026-04-18,09:49 AM,Ganga,Library,0,0,09:44 AM,11:04 AM,09:15 AM,11:18 AM,655.7,152,20.27,None,1,1,0,10
S8410,2026-04-07,10:51 AM,Yamuna,Library,0,0,10:16 AM,11:15 AM,09:49 AM,12:11 PM,639.97,85,18.95,None,1,1,0,7
S8411,2026-04-10,10:58 PM,Sarojini,Library,0,0,09:17 PM,11:23 PM,08:58 PM,11:52 PM,622.74,143,27.49,None,0,0,0,5
S8412,2026-04-06,09:56 PM,Sarojini,Mess,09:56 PM,10:27 PM,0,0,0,0,424.87,84,31.03,Dinner,0,0,0,6
S8413,2026-04-19,11:47 PM,Rajendra,Outside,0,0,0,0,10:17 PM,11:59 PM,156.06,116,7.09,None,0,0,0,6
S8414,2026-04-09,10:44 PM,Rajendra,Outside,0,0,0,0,10:01 PM,11:59 PM,318.39,42,5.81,None,0,0,0,3
S8415,2026-04-10,03:25 PM,Ganga,Library,0,0,02:59 PM,05:02 PM,02:40 PM,05:54 PM,743.88,116,22.54,None,0,0,0,4
S8416,2026-04-30,11:32 PM,Sarojini,Library,0,0,10:28 PM,11:59 PM,10:15 PM,11:59 PM,692.43,75,15.06,None,0,0,1,8
S8417,2026-04-20,11:54 AM,Yamuna,Library,0,0,11:52 AM,07:52 PM,11:29 AM,08:27 PM,653.97,111,13.33,None,1,0,1,7
S8418,2026-04-04,10:36 AM,Rajendra,Hostel,0,0,0,0,0,0,175.92,106,33.86,None,0,0,0,7
S8419,2026-04-19,12:46 PM,Rajendra,Library,0,0,12:36 PM,02:28 PM,12:12 PM,03:00 PM,634.7,46,12.95,None,1,0,0,6
S8420,2026-04-29,05:58 PM,Sarojini,Outside,0,0,0,0,04:19 PM,08:13 PM,258.03,33,4.38,None,0,0,1,5
S8421,2026-04-01,09:55 AM,Ganga,Mess,09:52 AM,10:18 AM,0,0,0,0,242.78,74,37.74,Breakfast,0,0,0,7
S8422,2026-04-18,08:27 AM,Ganga,Mess,08:24 AM,08:55 AM,0,0,0,0,338.4,14,27.32,Breakfast,0,0,0,7
S8423,2026-04-08,02:40 PM,Rajendra,Mess,02:33 PM,03:18 PM,0,0,0,0,349.35,20,42.79,Lunch,0,0,0,9
S8424,2026-04-01,09:47 AM,Rajendra,Mess,09:18 AM,09:50 AM,0,0,0,0,510.77,167,45.0,Breakfast,0,0,0,6
S8425,2026-04-03,02:28 PM,Yamuna,Mess,02:01 PM,02:39 PM,0,0,0,0,491.01,28,33.4,Lunch,0,0,0,6
S8426,2026-04-07,09:55 AM,Sarojini,Mess,09:12 AM,10:01 AM,0,0,0,0,445.31,79,31.03,Breakfast,1,1,0,7
S8427,2026-04-02,09:39 AM,Ganga,Hostel,0,0,0,0,0,0,252.98,176,39.67,None,1,1,0,7
S8428,2026-04-15,10:14 PM,Rajendra,Mess,09:43 PM,10:30 PM,0,0,0,0,365.99,45,38.61,Dinner,0,0,0,7
S8429,2026-04-22,04:39 PM,Rajendra,Outside,0,0,0,0,03:49 PM,05:58 PM,218.3,186,18.25,None,1,1,1,4
S8430,2026-04-03,06:47 PM,Rajendra,Library,0,0,06:09 PM,09:05 PM,06:00 PM,09:37 PM,873.12,123,13.29,None,0,0,0,4
S8431,2026-04-22,04:15 AM,Rajendra,Hostel,0,0,0,0,0,0,120.75,94,28.95,None,0,0,1,5
S8432,2026-04-06,11:06 PM,Azad,Outside,0,0,0,0,10:19 PM,11:59 PM,354.49,97,12.08,None,0,0,0,6
S8433,2026-04-21,10:11 PM,Sarojini,Mess,09:51 PM,10:19 PM,0,0,0,0,450.13,44,42.44,Dinner,0,0,1,7
S8434,2026-04-01,09:47 AM,Rajendra,Library,0,0,09:26 AM,11:23 AM,09:12 AM,12:02 PM,574.78,163,28.26,None,1,1,0,7
S8435,2026-04-30,02:30 PM,Sarojini,Mess,02:29 PM,02:54 PM,0,0,0,0,377.03,158,50.43,Lunch,1,0,1,5
S8436,2026-04-13,05:41 PM,Sarojini,Classroom,0,0,0,0,05:16 PM,06:31 PM,146.99,59,7.62,None,1,1,0,8
S8437,2026-04-23,06:13 AM,Rajendra,Hostel,0,0,0,0,0,0,113.94,114,26.08,None,0,0,1,6
S8438,2026-04-12,09:54 PM,Yamuna,Mess,08:58 PM,09:58 PM,0,0,0,0,478.56,38,26.87,Dinner,0,0,0,10
S8439,2026-04-13,10:43 PM,Azad,Hostel,0,0,0,0,0,0,1373.29,197,37.04,None,0,0,0,3
S8440,2026-04-05,09:27 PM,Ganga,Mess,09:07 PM,09:53 PM,0,0,0,0,333.48,62,28.08,Dinner,0,0,0,8
S8441,2026-04-18,09:36 PM,Rajendra,Mess,09:02 PM,09:50 PM,0,0,0,0,304.25,80,32.57,Dinner,0,0,0,7
S8442,2026-04-24,07:34 PM,Azad,Library,0,0,03:56 PM,11:59 PM,03:39 PM,11:59 PM,844.15,62,16.51,None,0,0,1,3
S8443,2026-04-24,01:13 PM,Sarojini,Library,0,0,10:51 AM,04:37 PM,10:40 AM,04:49 PM,984.38,124,22.08,None,0,0,1,4
S8444,2026-04-30,09:30 PM,Yamuna,Hostel,0,0,0,0,0,0,842.15,154,37.91,None,0,0,1,7
S8445,2026-04-30,09:17 AM,Sarojini,Mess,08:39 AM,09:25 AM,0,0,0,0,560.67,67,38.81,Breakfast,0,0,1,8
S8446,2026-04-27,11:23 PM,Azad,Library,0,0,10:53 PM,11:59 PM,10:27 PM,11:59 PM,556.66,162,22.23,None,0,0,1,4
S8447,2026-04-14,05:36 PM,Rajendra,Library,0,0,04:59 PM,05:51 PM,04:31 PM,06:49 PM,438.93,182,39.03,None,0,0,0,7
S8448,2026-04-08,10:41 PM,Sarojini,Library,0,0,10:33 PM,11:59 PM,10:13 PM,11:59 PM,614.63,188,19.64,None,0,0,0,8
S8449,2026-04-29,10:21 AM,Azad,Outside,0,0,0,0,09:34 AM,11:41 AM,108.45,165,13.37,None,0,0,1,6
S8450,2026-04-02,11:29 PM,Sarojini,Library,0,0,10:34 PM,11:43 PM,10:21 PM,11:59 PM,450.77,194,32.02,None,0,0,0,7
S8451,2026-04-01,10:31 AM,Rajendra,Hostel,0,0,0,0,0,0,261.38,163,45.43,None,0,0,0,7
S8452,2026-04-13,02:29 AM,Sarojini,Hostel,0,0,0,0,0,0,273.04,32,23.01,None,0,0,0,7
S8453,2026-04-11,12:08 PM,Ganga,Library,0,0,11:19 AM,01:32 PM,10:59 AM,02:26 PM,703.07,190,28.09,None,0,0,0,6
S8454,2026-04-21,03:54 PM,Sarojini,Library,0,0,01:53 PM,06:59 PM,01:34 PM,07:28 PM,798.12,132,27.79,None,0,0,1,5
S8455,2026-04-22,10:36 AM,Sarojini,Hostel,0,0,0,0,0,0,374.47,106,32.45,None,0,0,1,8
S8456,2026-04-07,08:09 AM,Rajendra,Outside,0,0,0,0,07:19 AM,09:32 AM,352.63,157,13.3,None,0,0,0,9
S8457,2026-04-02,09:03 PM,Rajendra,Hostel,0,0,0,0,0,0,925.31,164,36.84,None,0,0,0,7
S8458,2026-04-29,01:49 PM,Azad,Outside,0,0,0,0,11:55 AM,03:41 PM,394.7,115,8.89,None,1,0,1,5
S8459,2026-04-27,03:39 PM,Yamuna,Hostel,0,0,0,0,0,0,130.86,58,26.68,None,0,0,1,7
S8460,2026-04-10,03:24 PM,Sarojini,Library,0,0,02:10 PM,04:50 PM,01:56 PM,05:14 PM,812.29,135,28.63,None,1,0,0,10
S8461,2026-04-10,09:24 PM,Ganga,Mess,09:14 PM,09:39 PM,0,0,0,0,530.0,126,43.63,Dinner,0,0,0,8
S8462,2026-04-14,07:52 AM,Ganga,Mess,07:40 AM,08:18 AM,0,0,0,0,581.62,131,42.8,Breakfast,0,0,0,10
S8463,2026-04-23,03:18 PM,Azad,Library,0,0,02:26 PM,08:32 PM,02:19 PM,08:52 PM,531.23,45,18.89,None,1,0,1,5
S8464,2026-04-05,10:34 PM,Azad,Library,0,0,09:51 PM,11:13 PM,09:26 PM,11:59 PM,746.34,13,10.47,None,0,0,0,8
S8465,2026-04-24,06:01 PM,Yamuna,Classroom,0,0,0,0,05:51 PM,07:53 PM,206.01,82,6.76,None,1,1,1,5
S8466,2026-04-16,06:25 PM,Rajendra,Hostel,0,0,0,0,0,0,396.08,112,29.2,None,0,0,0,8
S8467,2026-04-20,07:56 AM,Yamuna,Mess,07:17 AM,08:01 AM,0,0,0,0,403.55,151,35.63,Breakfast,0,0,1,7
S8468,2026-04-27,10:13 PM,Sarojini,Outside,0,0,0,0,09:27 PM,11:59 PM,341.95,96,6.67,None,0,0,1,7
S8469,2026-04-10,01:35 PM,Sarojini,Outside,0,0,0,0,12:43 PM,02:49 PM,171.06,111,6.7,None,1,0,0,9
S8470,2026-04-06,05:24 PM,Azad,Library,0,0,05:09 PM,07:05 PM,04:55 PM,08:04 PM,817.02,83,19.81,None,0,0,0,6
S8471,2026-04-18,01:56 PM,Rajendra,Hostel,0,0,0,0,0,0,389.48,28,25.02,None,0,0,0,8
S8472,2026-04-26,09:11 AM,Rajendra,Mess,08:37 AM,09:13 AM,0,0,0,0,454.39,185,33.17,Breakfast,0,0,1,5
S8473,2026-04-24,08:00 PM,Azad,Mess,07:26 PM,08:20 PM,0,0,0,0,346.14,156,44.94,Dinner,0,0,1,4
S8474,2026-04-21,10:49 AM,Yamuna,Library,0,0,09:11 AM,02:52 PM,08:45 AM,03:11 PM,760.93,66,10.75,None,0,0,1,4
S8475,2026-04-14,10:36 AM,Ganga,Library,0,0,09:33 AM,10:37 AM,09:11 AM,11:22 AM,859.51,128,21.37,None,1,1,0,8
S8476,2026-04-03,08:38 PM,Yamuna,Mess,07:52 PM,08:46 PM,0,0,0,0,442.59,50,45.62,Dinner,0,0,0,7
S8477,2026-04-09,02:16 PM,Rajendra,Library,0,0,02:16 PM,02:56 PM,02:05 PM,03:18 PM,648.06,198,35.46,None,1,0,0,9
S8478,2026-04-27,01:15 AM,Ganga,Outside,0,0,0,0,0,02:48 AM,348.58,127,18.47,None,0,0,1,5
S8479,2026-04-07,04:07 PM,Rajendra,Library,0,0,04:02 PM,06:09 PM,03:36 PM,06:45 PM,878.91,41,12.12,None,0,0,0,5
S8480,2026-04-13,08:19 AM,Rajendra,Mess,08:18 AM,08:38 AM,0,0,0,0,373.5,179,55.64,Breakfast,0,0,0,7
S8481,2026-04-17,06:11 PM,Sarojini,Library,0,0,06:05 PM,08:28 PM,05:59 PM,08:44 PM,702.18,62,12.87,None,0,0,0,6
S8482,2026-04-02,04:18 AM,Azad,Hostel,0,0,0,0,0,0,160.33,68,29.24,None,0,0,0,9
S8483,2026-04-27,08:07 PM,Azad,Outside,0,0,0,0,06:57 PM,10:26 PM,268.18,28,2.41,None,0,0,1,4
S8484,2026-04-22,11:59 PM,Ganga,Library,0,0,10:04 PM,11:59 PM,09:58 PM,11:59 PM,658.84,84,20.4,None,0,0,1,6
S8485,2026-04-23,02:59 AM,Ganga,Hostel,0,0,0,0,0,0,380.72,32,20.95,None,0,0,1,7
S8486,2026-04-24,08:31 AM,Yamuna,Mess,08:10 AM,08:43 AM,0,0,0,0,422.33,196,48.66,Breakfast,0,0,1,3
S8487,2026-04-15,07:11 PM,Ganga,Mess,07:09 PM,07:57 PM,0,0,0,0,303.47,103,33.83,Dinner,0,0,0,6
S8488,2026-04-12,08:33 PM,Rajendra,Mess,08:01 PM,08:36 PM,0,0,0,0,504.21,119,37.99,Dinner,0,0,0,6
S8489,2026-04-02,10:10 PM,Sarojini,Library,0,0,09:53 PM,10:37 PM,09:42 PM,11:11 PM,485.45,148,21.45,None,0,0,0,7
S8490,2026-04-23,12:52 PM,Ganga,Library,0,0,10:38 AM,05:36 PM,10:28 AM,06:14 PM,915.79,10,15.12,None,0,0,1,6
S8491,2026-04-21,05:56 PM,Sarojini,Library,0,0,03:24 PM,08:26 PM,03:00 PM,08:50 PM,775.82,193,36.42,None,0,0,1,7
S8492,2026-04-05,07:57 AM,Rajendra,Outside,0,0,0,0,07:15 AM,10:28 AM,359.89,31,4.23,None,0,0,0,9
S8493,2026-04-26,08:14 PM,Ganga,Library,0,0,08:10 PM,11:59 PM,07:51 PM,11:59 PM,604.99,18,8.97,None,0,0,1,5
S8494,2026-04-12,02:13 PM,Azad,Library,0,0,12:26 PM,02:15 PM,11:58 AM,02:37 PM,632.95,61,13.36,None,0,0,0,7
S8495,2026-04-17,08:25 AM,Rajendra,Mess,08:06 AM,08:28 AM,0,0,0,0,584.24,170,59.73,Breakfast,0,0,0,4
S8496,2026-04-25,09:51 PM,Ganga,Mess,09:19 PM,10:02 PM,0,0,0,0,447.5,198,58.22,Dinner,0,0,1,4
S8497,2026-04-28,10:51 PM,Azad,Outside,0,0,0,0,10:11 PM,11:59 PM,347.75,176,19.11,None,0,0,1,6
S8498,2026-04-23,11:25 PM,Azad,Library,0,0,10:21 PM,11:59 PM,10:08 PM,11:59 PM,943.5,88,15.53,None,0,0,1,6
S8499,2026-04-15,09:26 PM,Yamuna,Hostel,0,0,0,0,0,0,1271.89,67,17.34,None,0,0,0,6
S8500,2026-04-16,01:02 AM,Ganga,Outside,0,0,0,0,0,03:39 AM,219.61,141,15.54,None,0,0,0,7
S8501,2026-04-02,10:21 AM,Azad,Library,0,0,10:09 AM,01:07 PM,10:00 AM,01:56 PM,672.6,149,29.1,None,1,1,0,6
S8502,2026-04-11,12:14 PM,Ganga,Library,0,0,11:19 AM,02:01 PM,10:51 AM,02:26 PM,604.79,33,17.27,None,0,0,0,9
S8503,2026-04-16,04:36 PM,Ganga,Library,0,0,04:33 PM,05:44 PM,04:22 PM,06:24 PM,1057.07,63,18.68,None,1,1,0,7
S8504,2026-04-09,11:04 PM,Azad,Hostel,0,0,0,0,0,0,1157.29,99,25.11,None,0,0,0,7
S8505,2026-04-22,04:10 PM,Ganga,Hostel,0,0,0,0,0,0,130.84,78,28.86,None,1,1,1,7
S8506,2026-04-01,08:15 AM,Yamuna,Mess,07:53 AM,08:17 AM,0,0,0,0,462.94,42,28.45,Breakfast,0,0,0,4
S8507,2026-04-02,05:40 PM,Rajendra,Library,0,0,05:23 PM,05:53 PM,05:00 PM,06:44 PM,552.09,67,20.54,None,0,0,0,9
S8508,2026-04-14,02:29 AM,Azad,Outside,0,0,0,0,01:06 AM,04:15 AM,141.05,121,17.78,None,0,0,0,8
S8509,2026-04-24,03:09 PM,Sarojini,Library,0,0,11:01 AM,07:45 PM,10:43 AM,08:04 PM,776.43,159,25.74,None,0,0,1,8
S8510,2026-04-15,07:33 PM,Yamuna,Library,0,0,07:06 PM,09:43 PM,06:41 PM,10:34 PM,841.02,173,24.1,None,0,0,0,7
S8511,2026-04-17,06:19 PM,Sarojini,Library,0,0,05:26 PM,06:39 PM,05:03 PM,07:27 PM,540.34,39,17.95,None,0,0,0,7
S8512,2026-04-06,09:43 AM,Ganga,Outside,0,0,0,0,08:01 AM,11:31 AM,180.33,105,8.58,None,1,1,0,6
S8513,2026-04-20,12:48 AM,Rajendra,Hostel,0,0,0,0,0,0,275.85,182,24.49,None,0,0,1,4
S8514,2026-04-05,11:33 PM,Yamuna,Hostel,0,0,0,0,0,0,1463.17,62,16.74,None,0,0,0,6
S8515,2026-04-29,09:08 AM,Azad,Mess,08:58 AM,09:18 AM,0,0,0,0,410.42,163,43.77,Breakfast,1,1,1,4
S8516,2026-05-01,07:42 AM,Azad,Mess,07:00 AM,07:50 AM,0,0,0,0,368.97,188,50.5,Breakfast,0,0,0,6
S8517,2026-04-26,05:20 PM,Azad,Library,0,0,01:50 PM,07:17 PM,01:37 PM,07:44 PM,727.35,154,17.73,None,0,0,1,3
S8518,2026-04-17,11:17 PM,Yamuna,Library,0,0,10:54 PM,11:59 PM,10:27 PM,11:59 PM,708.4,170,26.58,None,0,0,0,7
S8519,2026-04-13,01:08 PM,Yamuna,Library,0,0,12:34 PM,02:20 PM,12:23 PM,02:44 PM,520.1,110,29.65,None,1,0,0,7
S8520,2026-05-01,12:54 PM,Yamuna,Outside,0,0,0,0,12:04 PM,03:12 PM,335.3,22,3.24,None,1,0,0,5
S8521,2026-04-25,01:42 AM,Rajendra,Outside,0,0,0,0,12:44 AM,04:12 AM,196.79,40,5.38,None,0,0,1,6
S8522,2026-04-21,12:45 PM,Rajendra,Mess,12:15 PM,12:49 PM,0,0,0,0,340.66,117,41.6,Lunch,0,0,1,7
S8523,2026-04-23,04:31 AM,Azad,Outside,0,0,0,0,03:11 AM,07:04 AM,372.09,106,11.73,None,0,0,1,5
S8524,2026-04-19,05:26 PM,Ganga,Library,0,0,05:19 PM,05:58 PM,05:01 PM,06:14 PM,752.31,23,9.34,None,0,0,0,7
S8525,2026-04-30,04:10 PM,Sarojini,Library,0,0,02:45 PM,10:24 PM,02:15 PM,11:15 PM,507.34,23,13.74,None,0,0,1,7
S8526,2026-04-16,08:44 PM,Yamuna,Mess,08:29 PM,09:28 PM,0,0,0,0,426.15,190,56.58,Dinner,0,0,0,4
S8527,2026-04-13,05:31 PM,Azad,Hostel,0,0,0,0,0,0,229.5,199,26.81,None,0,0,0,7
S8528,2026-04-07,01:12 AM,Sarojini,Hostel,0,0,0,0,0,0,218.21,185,49.68,None,0,0,0,6
S8529,2026-04-20,08:49 PM,Azad,Mess,08:26 PM,09:04 PM,0,0,0,0,302.42,143,47.61,Dinner,0,0,1,3
S8530,2026-04-22,07:59 AM,Azad,Hostel,0,0,0,0,0,0,314.26,157,27.75,None,0,0,1,6
S8531,2026-04-30,09:35 AM,Rajendra,Mess,09:25 AM,09:45 AM,0,0,0,0,429.79,194,63.68,Breakfast,0,0,1,5
S8532,2026-04-15,09:17 PM,Rajendra,Library,0,0,08:29 PM,09:20 PM,08:17 PM,10:13 PM,803.88,104,20.69,None,0,0,0,8
S8533,2026-04-18,08:34 PM,Azad,Mess,08:15 PM,09:08 PM,0,0,0,0,378.31,127,52.19,Dinner,0,0,0,8
S8534,2026-04-03,09:18 AM,Rajendra,Mess,08:25 AM,09:20 AM,0,0,0,0,518.97,83,34.34,Breakfast,1,1,0,9
S8535,2026-04-17,10:33 AM,Azad,Library,0,0,10:01 AM,12:24 PM,09:31 AM,01:02 PM,635.81,167,22.69,None,0,0,0,7
S8536,2026-04-24,10:19 AM,Yamuna,Outside,0,0,0,0,08:56 AM,12:20 PM,130.81,161,11.23,None,0,0,1,4
S8537,2026-04-09,08:02 PM,Yamuna,Library,0,0,07:21 PM,10:13 PM,06:52 PM,10:48 PM,668.49,24,15.96,None,0,0,0,7
S8538,2026-04-06,10:58 PM,Ganga,Outside,0,0,0,0,09:06 PM,11:59 PM,361.64,85,12.69,None,0,0,0,6
S8539,2026-04-07,08:46 AM,Rajendra,Hostel,0,0,0,0,0,0,218.96,155,33.86,None,0,0,0,10
S8540,2026-04-06,09:00 AM,Ganga,Mess,08:15 AM,09:06 AM,0,0,0,0,394.9,85,43.07,Breakfast,0,0,0,7
S8541,2026-04-26,02:02 PM,Azad,Hostel,0,0,0,0,0,0,289.72,197,34.93,None,0,0,1,6
S8542,2026-04-30,09:35 AM,Azad,Library,0,0,09:27 AM,04:56 PM,09:01 AM,05:12 PM,703.58,48,15.46,None,0,0,1,6
S8543,2026-04-12,05:22 AM,Yamuna,Hostel,0,0,0,0,0,0,355.14,79,16.53,None,0,0,0,8
S8544,2026-04-21,05:54 PM,Ganga,Library,0,0,10:41 AM,06:18 PM,10:19 AM,06:28 PM,890.93,126,22.61,None,0,0,1,5
S8545,2026-04-16,08:50 PM,Rajendra,Hostel,0,0,0,0,0,0,1048.9,103,37.09,None,0,0,0,7
S8546,2026-04-23,07:22 AM,Yamuna,Outside,0,0,0,0,06:09 AM,08:36 AM,117.44,20,1.36,None,0,0,1,5
S8547,2026-04-30,06:26 AM,Ganga,Outside,0,0,0,0,04:46 AM,08:47 AM,197.71,28,2.52,None,0,0,1,4
S8548,2026-04-16,07:38 PM,Sarojini,Outside,0,0,0,0,06:19 PM,09:27 PM,236.59,17,1.22,None,0,0,0,5
S8549,2026-04-15,04:27 PM,Ganga,Library,0,0,04:16 PM,04:55 PM,04:09 PM,05:42 PM,828.0,55,20.2,None,0,0,0,4
S8550,2026-04-13,09:39 AM,Azad,Mess,09:01 AM,09:39 AM,0,0,0,0,645.24,107,40.24,Breakfast,0,0,0,7
S8551,2026-04-11,02:19 AM,Ganga,Hostel,0,0,0,0,0,0,145.7,57,29.79,None,0,0,0,8
S8552,2026-04-06,10:17 AM,Azad,Library,0,0,10:12 AM,12:51 PM,09:49 AM,01:07 PM,675.97,130,24.41,None,1,1,0,8
S8553,2026-04-10,08:58 AM,Rajendra,Mess,08:27 AM,09:27 AM,0,0,0,0,387.27,91,41.3,Breakfast,0,0,0,5
S8554,2026-04-22,10:57 PM,Azad,Library,0,0,07:50 PM,11:59 PM,07:34 PM,11:59 PM,893.13,21,7.33,None,0,0,1,8
S8555,2026-04-28,01:34 PM,Sarojini,Mess,01:18 PM,02:17 PM,0,0,0,0,474.39,151,51.59,Lunch,0,0,1,5
S8556,2026-04-25,03:09 PM,Yamuna,Mess,02:42 PM,03:29 PM,0,0,0,0,514.59,86,34.05,Lunch,0,0,1,6
S8557,2026-04-03,11:49 PM,Yamuna,Library,0,0,09:57 PM,11:59 PM,09:39 PM,11:59 PM,1000.19,79,19.21,None,0,0,0,7
S8558,2026-04-06,01:43 AM,Rajendra,Outside,0,0,0,0,12:19 AM,03:48 AM,151.54,164,22.04,None,0,0,0,7
S8559,2026-04-21,09:11 PM,Yamuna,Library,0,0,08:22 PM,11:59 PM,07:54 PM,11:59 PM,638.25,151,20.28,None,0,0,1,6
S8560,2026-04-27,09:46 AM,Azad,Mess,09:08 AM,09:59 AM,0,0,0,0,638.5,20,39.58,Breakfast,0,0,1,4
S8561,2026-04-15,05:55 PM,Azad,Library,0,0,03:45 PM,06:27 PM,03:17 PM,07:16 PM,889.33,108,20.81,None,0,0,0,6
S8562,2026-04-20,05:56 AM,Azad,Outside,0,0,0,0,04:30 AM,07:43 AM,355.88,179,25.77,None,0,0,1,3
S8563,2026-04-10,08:41 PM,Azad,Mess,08:11 PM,08:49 PM,0,0,0,0,512.77,80,45.28,Dinner,0,0,0,6
S8564,2026-04-06,09:27 PM,Ganga,Library,0,0,09:14 PM,11:59 PM,09:08 PM,11:59 PM,949.36,161,28.7,None,0,0,0,7
S8565,2026-04-07,02:27 PM,Yamuna,Classroom,0,0,0,0,02:06 PM,03:56 PM,116.61,195,21.44,None,1,0,0,5
S8566,2026-04-27,03:23 PM,Rajendra,Mess,02:38 PM,03:25 PM,0,0,0,0,443.87,23,35.57,Lunch,1,0,1,4
S8567,2026-04-11,07:56 AM,Sarojini,Mess,07:47 AM,08:09 AM,0,0,0,0,331.22,46,37.72,Breakfast,0,0,0,16
S8568,2026-04-28,12:16 PM,Azad,Outside,0,0,0,0,11:10 AM,01:53 PM,145.99,73,10.93,None,0,0,1,6
S8569,2026-04-30,08:00 AM,Sarojini,Mess,07:59 AM,08:35 AM,0,0,0,0,443.28,135,44.38,Breakfast,0,0,1,4
S8570,2026-04-28,01:27 PM,Rajendra,Library,0,0,11:52 AM,07:07 PM,11:41 AM,07:52 PM,578.54,191,34.96,None,0,0,1,5
S8571,2026-04-07,09:27 AM,Yamuna,Mess,08:58 AM,09:39 AM,0,0,0,0,414.43,109,41.19,Breakfast,1,1,0,14
S8572,2026-04-13,10:03 PM,Yamuna,Mess,09:57 PM,10:23 PM,0,0,0,0,342.53,124,45.15,Dinner,0,0,0,9
S8573,2026-04-12,10:02 PM,Ganga,Mess,09:24 PM,10:09 PM,0,0,0,0,324.3,56,31.68,Dinner,0,0,0,8
S8574,2026-04-05,09:03 PM,Sarojini,Outside,0,0,0,0,08:09 PM,10:27 PM,242.25,75,6.92,None,0,0,0,6
S8575,2026-04-16,09:09 PM,Ganga,Outside,0,0,0,0,07:14 PM,11:34 PM,239.4,39,2.14,None,0,0,0,6
S8576,2026-04-23,01:36 PM,Ganga,Mess,01:26 PM,01:52 PM,0,0,0,0,436.8,143,50.04,Lunch,1,0,1,7
S8577,2026-04-19,03:00 PM,Ganga,Mess,02:43 PM,03:13 PM,0,0,0,0,454.92,99,36.92,Lunch,1,0,0,8
S8578,2026-04-06,01:28 PM,Yamuna,Mess,12:46 PM,01:44 PM,0,0,0,0,349.96,47,42.63,Lunch,1,0,0,7
S8579,2026-04-16,01:15 PM,Azad,Mess,12:58 PM,01:23 PM,0,0,0,0,475.49,183,66.48,Lunch,1,0,0,9
S8580,2026-04-09,05:23 PM,Yamuna,Classroom,0,0,0,0,05:00 PM,06:22 PM,282.11,50,7.44,None,1,1,0,7
S8581,2026-04-24,09:37 PM,Azad,Outside,0,0,0,0,07:57 PM,11:44 PM,346.97,134,11.94,None,0,0,1,4
S8582,2026-04-04,03:11 PM,Sarojini,Mess,02:35 PM,03:22 PM,0,0,0,0,302.08,145,43.17,Lunch,1,0,0,9
S8583,2026-04-22,06:02 AM,Rajendra,Hostel,0,0,0,0,0,0,230.1,100,24.76,None,0,0,1,5
S8584,2026-04-22,12:08 PM,Azad,Library,0,0,10:28 AM,07:16 PM,10:21 AM,08:09 PM,560.98,91,20.01,None,1,0,1,3
S8585,2026-04-04,08:28 PM,Ganga,Library,0,0,08:11 PM,09:07 PM,07:59 PM,09:30 PM,745.1,162,30.73,None,0,0,0,6
S8586,2026-04-23,05:55 PM,Ganga,Library,0,0,02:02 PM,10:17 PM,01:52 PM,10:29 PM,599.32,59,14.15,None,0,0,1,3
S8587,2026-04-15,07:04 PM,Sarojini,Library,0,0,07:04 PM,07:45 PM,06:41 PM,08:17 PM,723.11,78,21.83,None,0,0,0,8
S8588,2026-04-08,12:53 PM,Sarojini,Mess,12:32 PM,12:57 PM,0,0,0,0,314.57,132,57.24,Lunch,0,0,0,8
S8589,2026-04-01,09:57 PM,Yamuna,Mess,09:50 PM,10:34 PM,0,0,0,0,557.49,107,40.22,Dinner,0,0,0,5
S8590,2026-04-03,01:22 PM,Azad,Mess,01:12 PM,01:37 PM,0,0,0,0,516.79,178,46.97,Lunch,1,0,0,3
S8591,2026-04-12,08:12 AM,Rajendra,Mess,07:27 AM,08:26 AM,0,0,0,0,414.4,131,34.02,Breakfast,0,0,0,6
S8592,2026-04-24,04:37 PM,Rajendra,Hostel,0,0,0,0,0,0,268.04,123,32.58,None,0,0,1,4
S8593,2026-04-08,03:56 PM,Sarojini,Library,0,0,03:27 PM,05:48 PM,03:04 PM,06:26 PM,687.45,139,25.97,None,0,0,0,8
S8594,2026-04-08,02:26 PM,Azad,Classroom,0,0,0,0,02:16 PM,03:26 PM,239.7,160,20.97,None,1,0,0,4
S8595,2026-04-06,02:31 PM,Ganga,Mess,02:13 PM,02:57 PM,0,0,0,0,608.63,105,29.85,Lunch,1,0,0,17
S8596,2026-04-09,08:40 PM,Azad,Library,0,0,08:20 PM,09:09 PM,08:11 PM,09:57 PM,549.24,190,39.69,None,0,0,0,9
S8597,2026-04-22,02:02 PM,Sarojini,Mess,01:54 PM,02:43 PM,0,0,0,0,566.25,142,42.21,Lunch,0,0,1,4
S8598,2026-04-17,09:12 PM,Yamuna,Outside,0,0,0,0,08:38 PM,11:07 PM,368.61,185,25.26,None,0,0,0,7
S8599,2026-05-01,01:33 PM,Azad,Mess,01:01 PM,01:58 PM,0,0,0,0,292.53,190,46.65,Lunch,1,0,0,8
S8600,2026-04-09,03:41 PM,Ganga,Library,0,0,01:56 PM,03:49 PM,01:44 PM,04:44 PM,915.06,145,26.54,None,1,0,0,8
S8601,2026-04-30,08:40 PM,Rajendra,Mess,08:39 PM,09:34 PM,0,0,0,0,400.57,47,37.35,Dinner,0,0,1,6
S8602,2026-04-21,05:50 PM,Ganga,Library,0,0,01:50 PM,07:09 PM,01:45 PM,07:29 PM,900.85,183,29.55,None,0,0,1,4
S8603,2026-04-23,01:02 AM,Sarojini,Outside,0,0,0,0,0,03:48 AM,194.7,13,1.23,None,0,0,1,4
S8604,2026-04-18,02:23 PM,Ganga,Outside,0,0,0,0,12:35 PM,04:25 PM,170.95,169,15.84,None,1,0,0,7
S8605,2026-04-23,07:45 PM,Yamuna,Library,0,0,11:13 AM,07:55 PM,11:06 AM,08:40 PM,495.68,87,16.26,None,0,0,1,4
S8606,2026-04-28,09:43 PM,Azad,Mess,09:21 PM,09:54 PM,0,0,0,0,399.14,149,43.94,Dinner,0,0,1,5
S8607,2026-04-05,05:32 PM,Azad,Library,0,0,04:38 PM,07:38 PM,04:16 PM,08:25 PM,813.95,176,26.78,None,0,0,0,4
S8608,2026-04-26,06:29 PM,Ganga,Library,0,0,03:30 PM,09:29 PM,03:10 PM,10:05 PM,932.24,130,22.69,None,0,0,1,6
S8609,2026-04-22,09:25 AM,Yamuna,Mess,09:10 AM,09:50 AM,0,0,0,0,323.69,62,24.46,Breakfast,1,1,1,6
S8610,2026-04-30,08:46 PM,Azad,Library,0,0,04:33 PM,11:59 PM,04:04 PM,11:59 PM,930.02,36,8.06,None,0,0,1,5
S8611,2026-04-17,03:20 PM,Sarojini,Outside,0,0,0,0,02:27 PM,05:38 PM,150.24,161,8.99,None,0,0,0,9
S8612,2026-04-18,09:50 PM,Yamuna,Mess,09:40 PM,10:28 PM,0,0,0,0,451.39,77,25.38,Dinner,0,0,0,7
S8613,2026-04-13,03:16 PM,Yamuna,Mess,02:35 PM,03:27 PM,0,0,0,0,364.87,22,33.14,Lunch,1,0,0,8
S8614,2026-04-30,01:26 PM,Rajendra,Mess,01:09 PM,01:41 PM,0,0,0,0,498.82,153,42.62,Lunch,0,0,1,6
S8615,2026-04-26,02:04 PM,Yamuna,Mess,01:43 PM,02:20 PM,0,0,0,0,348.24,148,32.46,Lunch,1,0,1,8
S8616,2026-04-30,02:56 PM,Sarojini,Mess,02:05 PM,03:01 PM,0,0,0,0,345.22,164,41.86,Lunch,0,0,1,6
S8617,2026-04-02,01:09 PM,Sarojini,Mess,12:37 PM,01:26 PM,0,0,0,0,384.82,182,36.29,Lunch,0,0,0,7
S8618,2026-04-04,08:23 AM,Ganga,Mess,08:04 AM,08:55 AM,0,0,0,0,633.02,79,35.28,Breakfast,0,0,0,8
S8619,2026-04-09,02:58 AM,Sarojini,Hostel,0,0,0,0,0,0,122.49,139,23.96,None,0,0,0,7
S8620,2026-04-15,07:26 AM,Yamuna,Hostel,0,0,0,0,0,0,277.57,90,28.87,None,0,0,0,5
S8621,2026-04-20,07:50 AM,Rajendra,Mess,07:14 AM,08:04 AM,0,0,0,0,393.64,142,35.15,Breakfast,0,0,1,4
S8622,2026-04-27,02:38 PM,Ganga,Library,0,0,11:26 AM,04:32 PM,10:57 AM,04:58 PM,591.52,43,12.37,None,0,0,1,4
S8623,2026-04-23,11:54 PM,Rajendra,Library,0,0,10:41 PM,11:59 PM,10:26 PM,11:59 PM,938.1,76,15.74,None,0,0,1,5
S8624,2026-04-25,08:39 PM,Sarojini,Hostel,0,0,0,0,0,0,1549.36,119,33.73,None,0,0,1,5
S8625,2026-04-30,06:00 PM,Sarojini,Library,0,0,01:30 PM,06:50 PM,01:15 PM,07:09 PM,583.81,183,25.43,None,0,0,1,4
S8626,2026-04-07,01:09 PM,Sarojini,Mess,12:42 PM,01:13 PM,0,0,0,0,455.6,118,39.05,Lunch,0,0,0,7
S8627,2026-04-16,10:19 PM,Yamuna,Mess,09:41 PM,10:36 PM,0,0,0,0,406.67,184,43.67,Dinner,0,0,0,5
S8628,2026-04-07,01:53 PM,Azad,Outside,0,0,0,0,01:06 PM,02:54 PM,375.4,47,3.95,None,1,0,0,8
S8629,2026-04-05,03:01 PM,Yamuna,Classroom,0,0,0,0,02:31 PM,04:06 PM,238.29,85,10.6,None,1,0,0,8
S8630,2026-04-03,09:45 PM,Yamuna,Mess,09:44 PM,10:18 PM,0,0,0,0,424.79,29,35.72,Dinner,0,0,0,6
S8631,2026-04-04,09:41 PM,Azad,Hostel,0,0,0,0,0,0,1357.53,141,38.4,None,0,0,0,5
S8632,2026-04-06,08:50 AM,Ganga,Mess,07:59 AM,08:50 AM,0,0,0,0,539.06,174,42.86,Breakfast,0,0,0,8
S8633,2026-04-04,12:14 PM,Sarojini,Outside,0,0,0,0,11:15 AM,02:34 PM,150.09,56,4.89,None,0,0,0,7
S8634,2026-04-29,08:18 AM,Rajendra,Mess,07:58 AM,08:41 AM,0,0,0,0,290.64,98,36.22,Breakfast,0,0,1,5
S8635,2026-04-04,03:12 PM,Rajendra,Classroom,0,0,0,0,03:01 PM,05:01 PM,172.83,158,10.52,None,1,0,0,8
S8636,2026-04-23,11:24 PM,Sarojini,Library,0,0,04:36 PM,11:59 PM,04:09 PM,11:59 PM,740.53,154,33.59,None,0,0,1,6
S8637,2026-04-27,04:02 AM,Ganga,Hostel,0,0,0,0,0,0,322.0,101,20.89,None,0,0,1,5
S8638,2026-04-06,11:12 AM,Sarojini,Hostel,0,0,0,0,0,0,163.99,162,46.07,None,1,0,0,6
S8639,2026-04-18,11:21 PM,Ganga,Hostel,0,0,0,0,0,0,962.75,27,13.69,None,0,0,0,9
S8640,2026-04-17,09:40 AM,Rajendra,Mess,09:04 AM,10:03 AM,0,0,0,0,627.82,188,49.76,Breakfast,1,1,0,8
S8641,2026-04-16,10:23 AM,Ganga,Mess,09:25 AM,10:25 AM,0,0,0,0,571.88,165,57.47,Breakfast,0,0,0,8
S8642,2026-04-30,01:33 PM,Rajendra,Library,0,0,10:28 AM,05:42 PM,09:59 AM,06:22 PM,685.12,127,27.65,None,0,0,1,4
S8643,2026-04-11,03:08 PM,Ganga,Library,0,0,02:38 PM,04:05 PM,02:20 PM,04:47 PM,502.58,94,27.25,None,0,0,0,11
S8644,2026-04-26,10:05 PM,Ganga,Library,0,0,04:29 PM,11:59 PM,04:00 PM,11:59 PM,793.03,112,17.62,None,0,0,1,7
S8645,2026-04-29,09:45 PM,Yamuna,Library,0,0,09:38 PM,11:59 PM,09:20 PM,11:59 PM,908.15,180,32.66,None,0,0,1,6
S8646,2026-04-19,01:04 PM,Ganga,Library,0,0,11:04 AM,01:30 PM,10:46 AM,02:00 PM,925.34,55,18.43,None,1,0,0,6
S8647,2026-04-22,08:04 AM,Rajendra,Hostel,0,0,0,0,0,0,151.42,91,28.54,None,0,0,1,5
S8648,2026-04-23,05:58 PM,Sarojini,Library,0,0,04:11 PM,11:59 PM,04:06 PM,11:59 PM,985.17,172,28.62,None,0,0,1,4
S8649,2026-04-24,03:13 PM,Yamuna,Mess,02:51 PM,03:17 PM,0,0,0,0,354.06,197,43.98,Lunch,1,0,1,4
S8650,2026-04-05,05:29 AM,Yamuna,Outside,0,0,0,0,04:56 AM,06:38 AM,209.75,68,6.45,None,0,0,0,7
S8651,2026-04-14,08:12 AM,Ganga,Mess,08:12 AM,08:57 AM,0,0,0,0,497.65,144,53.47,Breakfast,0,0,0,8
S8652,2026-04-16,06:05 PM,Ganga,Outside,0,0,0,0,04:22 PM,08:14 PM,102.96,57,8.5,None,0,0,0,8
S8653,2026-04-26,10:30 PM,Sarojini,Library,0,0,04:29 PM,11:59 PM,04:00 PM,11:59 PM,708.19,140,26.8,None,0,0,1,5
S8654,2026-04-23,01:03 PM,Azad,Mess,12:32 PM,01:12 PM,0,0,0,0,491.21,30,25.19,Lunch,1,0,1,6
S8655,2026-04-27,03:08 PM,Yamuna,Mess,02:49 PM,03:43 PM,0,0,0,0,563.14,102,50.96,Lunch,0,0,1,5
S8656,2026-04-10,11:10 PM,Yamuna,Library,0,0,10:59 PM,11:59 PM,10:30 PM,11:59 PM,672.28,149,28.09,None,0,0,0,6
S8657,2026-04-06,07:34 AM,Sarojini,Outside,0,0,0,0,05:56 AM,09:45 AM,358.85,40,2.29,None,0,0,0,5
S8658,2026-04-27,02:29 PM,Yamuna,Mess,02:14 PM,02:36 PM,0,0,0,0,534.07,19,25.31,Lunch,0,0,1,8
S8659,2026-04-21,05:20 PM,Rajendra,Library,0,0,03:26 PM,11:18 PM,03:02 PM,11:51 PM,840.44,62,14.08,None,0,0,1,6
S8660,2026-04-02,10:15 AM,Sarojini,Outside,0,0,0,0,09:41 AM,12:04 PM,181.54,53,6.52,None,1,1,0,5
S8661,2026-04-01,08:10 PM,Sarojini,Mess,07:59 PM,08:39 PM,0,0,0,0,541.58,176,53.26,Dinner,0,0,0,8
S8662,2026-04-04,03:11 PM,Azad,Library,0,0,02:32 PM,03:52 PM,02:26 PM,04:12 PM,619.67,108,25.67,None,1,0,0,6
S8663,2026-04-17,07:35 PM,Azad,Mess,07:25 PM,08:22 PM,0,0,0,0,437.87,72,30.7,Dinner,0,0,0,8
S8664,2026-04-14,09:50 PM,Sarojini,Library,0,0,09:46 PM,10:47 PM,09:23 PM,11:14 PM,925.45,173,24.89,None,0,0,0,7
S8665,2026-04-06,02:21 PM,Azad,Classroom,0,0,0,0,01:53 PM,03:29 PM,288.01,157,20.78,None,1,0,0,10
S8666,2026-04-14,04:57 AM,Yamuna,Hostel,0,0,0,0,0,0,179.84,146,35.01,None,0,0,0,8
S8667,2026-04-16,06:35 PM,Rajendra,Hostel,0,0,0,0,0,0,256.69,13,14.68,None,0,0,0,8
S8668,2026-04-26,05:59 PM,Rajendra,Library,0,0,03:03 PM,11:40 PM,02:45 PM,11:59 PM,688.79,42,7.85,None,0,0,1,8
S8669,2026-04-22,07:33 PM,Rajendra,Hostel,0,0,0,0,0,0,253.72,77,22.05,None,0,0,1,4
S8670,2026-04-13,03:13 AM,Azad,Hostel,0,0,0,0,0,0,137.0,177,37.75,None,0,0,0,5
S8671,2026-04-23,09:36 AM,Yamuna,Outside,0,0,0,0,07:57 AM,11:50 AM,254.98,15,0.9,None,1,1,1,3
S8672,2026-04-02,01:59 PM,Azad,Outside,0,0,0,0,12:20 PM,04:43 PM,246.74,66,6.5,None,0,0,0,6
S8673,2026-04-15,02:35 PM,Azad,Mess,02:30 PM,03:30 PM,0,0,0,0,633.16,163,51.24,Lunch,0,0,0,6
S8674,2026-04-09,07:33 PM,Azad,Mess,07:16 PM,07:46 PM,0,0,0,0,490.73,67,25.17,Dinner,0,0,0,7
S8675,2026-04-28,09:53 PM,Rajendra,Outside,0,0,0,0,09:21 PM,11:43 PM,119.07,31,4.19,None,0,0,1,3
S8676,2026-04-24,09:48 PM,Ganga,Outside,0,0,0,0,08:00 PM,11:59 PM,260.49,101,7.07,None,0,0,1,7
S8677,2026-04-23,03:25 AM,Rajendra,Hostel,0,0,0,0,0,0,133.29,180,34.43,None,0,0,1,4
S8678,2026-04-14,07:28 PM,Yamuna,Mess,07:03 PM,07:31 PM,0,0,0,0,620.86,64,35.15,Dinner,0,0,0,4
S8679,2026-04-30,01:22 PM,Azad,Library,0,0,01:07 PM,07:20 PM,12:59 PM,08:19 PM,788.98,76,13.32,None,0,0,1,3
S8680,2026-04-12,01:02 PM,Sarojini,Mess,12:43 PM,01:34 PM,0,0,0,0,502.0,14,33.14,Lunch,0,0,0,8
S8681,2026-04-08,09:18 PM,Ganga,Mess,09:15 PM,09:39 PM,0,0,0,0,574.5,42,25.46,Dinner,0,0,0,6
S8682,2026-04-17,09:22 AM,Rajendra,Mess,09:07 AM,09:38 AM,0,0,0,0,457.77,44,36.4,Breakfast,0,0,0,7
S8683,2026-04-03,02:46 PM,Sarojini,Library,0,0,01:51 PM,03:18 PM,01:31 PM,03:35 PM,842.2,177,29.5,None,1,0,0,7
S8684,2026-04-06,08:36 PM,Rajendra,Mess,08:02 PM,08:48 PM,0,0,0,0,649.12,22,34.87,Dinner,0,0,0,7
S8685,2026-04-11,08:30 PM,Yamuna,Hostel,0,0,0,0,0,0,789.18,48,26.1,None,0,0,0,7
S8686,2026-04-29,08:57 AM,Rajendra,Mess,08:57 AM,09:40 AM,0,0,0,0,586.38,18,26.63,Breakfast,0,0,1,5
S8687,2026-04-01,12:42 PM,Sarojini,Mess,12:39 PM,01:14 PM,0,0,0,0,243.45,112,46.74,Lunch,1,0,0,5
S8688,2026-04-18,08:39 AM,Ganga,Mess,08:12 AM,09:07 AM,0,0,0,0,625.77,64,36.34,Breakfast,0,0,0,9
S8689,2026-04-10,08:43 PM,Rajendra,Mess,08:14 PM,08:49 PM,0,0,0,0,446.26,107,30.2,Dinner,0,0,0,3
S8690,2026-05-01,01:52 PM,Azad,Outside,0,0,0,0,12:46 PM,04:43 PM,329.81,27,1.78,None,1,0,0,5
S8691,2026-04-07,01:16 PM,Rajendra,Library,0,0,12:50 PM,02:10 PM,12:39 PM,02:25 PM,859.18,53,17.5,None,1,0,0,8
S8692,2026-04-18,10:24 PM,Ganga,Library,0,0,09:49 PM,11:20 PM,09:33 PM,11:59 PM,984.81,174,30.41,None,0,0,0,7
S8693,2026-04-17,08:48 PM,Ganga,Library,0,0,06:58 PM,08:54 PM,06:49 PM,09:54 PM,641.12,106,19.02,None,0,0,0,8
S8694,2026-04-01,03:19 PM,Yamuna,Mess,02:52 PM,03:25 PM,0,0,0,0,519.74,29,34.12,Lunch,0,0,0,7
S8695,2026-04-19,04:07 AM,Azad,Hostel,0,0,0,0,0,0,397.15,130,37.96,None,0,0,0,8
S8696,2026-04-15,06:53 PM,Ganga,Library,0,0,05:34 PM,07:53 PM,05:15 PM,08:19 PM,536.77,51,10.09,None,0,0,0,9
S8697,2026-04-04,11:59 PM,Sarojini,Library,0,0,09:35 PM,11:59 PM,09:25 PM,11:59 PM,511.94,158,33.2,None,0,0,0,7
S8698,2026-04-07,12:20 PM,Sarojini,Classroom,0,0,0,0,11:55 AM,12:55 PM,374.75,127,7.17,None,1,0,0,8
S8699,2026-04-30,08:51 PM,Ganga,Mess,08:37 PM,09:28 PM,0,0,0,0,533.71,170,34.68,Dinner,0,0,1,6
S8700,2026-04-27,12:55 PM,Sarojini,Classroom,0,0,0,0,12:26 PM,01:25 PM,245.06,11,0.78,None,1,0,1,5
S8701,2026-04-25,08:31 PM,Azad,Hostel,0,0,0,0,0,0,1555.93,154,42.74,None,0,0,1,5
S8702,2026-04-10,09:47 AM,Azad,Hostel,0,0,0,0,0,0,365.25,36,23.65,None,1,1,0,7
S8703,2026-04-28,10:32 PM,Rajendra,Library,0,0,08:13 PM,11:59 PM,07:56 PM,11:59 PM,790.0,196,33.9,None,0,0,1,6
S8704,2026-04-08,09:46 PM,Yamuna,Mess,09:09 PM,10:02 PM,0,0,0,0,446.32,98,37.62,Dinner,0,0,0,9
S8705,2026-04-05,10:09 PM,Sarojini,Mess,09:59 PM,10:40 PM,0,0,0,0,560.64,181,46.91,Dinner,0,0,0,6
S8706,2026-04-16,09:35 AM,Sarojini,Mess,09:10 AM,09:46 AM,0,0,0,0,596.98,92,42.44,Breakfast,1,1,0,6
S8707,2026-04-12,09:12 AM,Ganga,Mess,08:52 AM,09:16 AM,0,0,0,0,562.95,105,37.44,Breakfast,1,1,0,4
S8708,2026-04-19,10:00 PM,Sarojini,Library,0,0,09:50 PM,10:30 PM,09:39 PM,10:48 PM,487.68,106,24.13,None,0,0,0,8
S8709,2026-04-28,09:24 PM,Sarojini,Mess,09:01 PM,09:35 PM,0,0,0,0,450.28,18,27.75,Dinner,0,0,1,5
S8710,2026-04-09,03:29 PM,Yamuna,Outside,0,0,0,0,02:49 PM,05:13 PM,105.76,141,9.05,None,1,0,0,8
S8711,2026-04-30,02:08 AM,Yamuna,Outside,0,0,0,0,12:25 AM,03:17 AM,283.76,114,16.74,None,0,0,1,4
S8712,2026-04-22,01:17 PM,Azad,Library,0,0,01:03 PM,09:31 PM,12:36 PM,09:42 PM,1032.19,104,27.62,None,0,0,1,6
S8713,2026-04-24,02:36 AM,Ganga,Outside,0,0,0,0,12:57 AM,04:17 AM,376.1,98,9.74,None,0,0,1,3
S8714,2026-04-05,06:45 PM,Yamuna,Classroom,0,0,0,0,06:24 PM,07:20 PM,120.17,199,15.43,None,1,1,0,6
S8715,2026-04-21,04:15 PM,Rajendra,Hostel,0,0,0,0,0,0,355.79,59,16.01,None,1,1,1,5
S8716,2026-04-15,08:15 PM,Ganga,Hostel,0,0,0,0,0,0,883.81,196,44.56,None,0,0,0,4
S8717,2026-04-05,01:41 PM,Sarojini,Outside,0,0,0,0,12:18 PM,04:13 PM,225.6,42,2.96,None,0,0,0,9
S8718,2026-04-14,10:18 AM,Azad,Mess,09:57 AM,10:41 AM,0,0,0,0,547.56,24,30.15,Breakfast,1,1,0,7
S8719,2026-04-10,07:32 PM,Rajendra,Hostel,0,0,0,0,0,0,156.14,171,35.7,None,0,0,0,9
S8720,2026-04-14,08:59 AM,Sarojini,Mess,08:38 AM,09:08 AM,0,0,0,0,488.35,12,27.47,Breakfast,0,0,0,8
S8721,2026-04-02,12:48 AM,Rajendra,Hostel,0,0,0,0,0,0,252.77,64,22.31,None,0,0,0,7
S8722,2026-04-13,08:26 AM,Ganga,Mess,07:54 AM,08:32 AM,0,0,0,0,648.33,149,54.79,Breakfast,0,0,0,6
S8723,2026-04-30,12:45 PM,Yamuna,Mess,12:33 PM,01:00 PM,0,0,0,0,437.86,109,53.13,Lunch,0,0,1,6
S8724,2026-04-21,01:30 PM,Yamuna,Library,0,0,09:01 AM,02:47 PM,08:53 AM,03:11 PM,566.22,109,22.7,None,1,0,1,4
S8725,2026-04-20,01:13 PM,Ganga,Mess,12:45 PM,01:19 PM,0,0,0,0,348.87,111,45.33,Lunch,0,0,1,4
S8726,2026-04-07,01:28 PM,Ganga,Mess,01:19 PM,01:52 PM,0,0,0,0,542.14,176,52.15,Lunch,0,0,0,6
S8727,2026-04-18,03:23 PM,Yamuna,Library,0,0,03:19 PM,03:54 PM,02:56 PM,04:07 PM,947.89,164,25.46,None,0,0,0,8
S8728,2026-04-19,02:46 PM,Ganga,Library,0,0,01:43 PM,03:05 PM,01:21 PM,03:56 PM,678.14,200,18.25,None,1,0,0,7
S8729,2026-04-08,11:51 PM,Ganga,Outside,0,0,0,0,10:25 PM,11:59 PM,297.96,91,13.57,None,0,0,0,5
S8730,2026-04-21,07:43 AM,Sarojini,Mess,07:15 AM,07:59 AM,0,0,0,0,598.46,28,34.68,Breakfast,0,0,1,4
S8731,2026-04-19,11:40 AM,Azad,Library,0,0,10:58 AM,01:32 PM,10:44 AM,02:17 PM,739.74,29,11.79,None,1,0,0,7
S8732,2026-05-01,03:57 PM,Yamuna,Library,0,0,03:43 PM,04:22 PM,03:32 PM,04:54 PM,810.82,83,20.05,None,1,0,0,13
S8733,2026-04-07,10:31 AM,Rajendra,Classroom,0,0,0,0,09:51 AM,11:37 AM,252.31,52,6.08,None,1,1,0,6
S8734,2026-04-04,07:38 PM,Azad,Library,0,0,07:32 PM,08:18 PM,07:19 PM,08:54 PM,978.12,176,25.32,None,0,0,0,6
S8735,2026-04-20,01:24 PM,Sarojini,Library,0,0,09:07 AM,04:14 PM,08:49 AM,04:58 PM,953.68,138,31.08,None,1,0,1,5
S8736,2026-04-12,10:03 AM,Sarojini,Mess,09:50 AM,10:42 AM,0,0,0,0,336.03,64,34.36,Breakfast,0,0,0,7
S8737,2026-04-14,09:50 AM,Sarojini,Mess,09:14 AM,10:08 AM,0,0,0,0,359.76,32,24.57,Breakfast,1,1,0,7
S8738,2026-04-02,02:21 AM,Sarojini,Hostel,0,0,0,0,0,0,362.57,114,24.32,None,0,0,0,7
S8739,2026-04-23,01:32 PM,Yamuna,Mess,01:11 PM,02:08 PM,0,0,0,0,386.35,71,40.79,Lunch,1,0,1,5
S8740,2026-04-03,10:37 AM,Rajendra,Library,0,0,09:50 AM,11:15 AM,09:22 AM,12:15 PM,1066.51,16,9.98,None,0,0,0,7
S8741,2026-04-22,09:21 PM,Azad,Mess,09:21 PM,09:53 PM,0,0,0,0,416.33,124,51.22,Dinner,0,0,1,6
S8742,2026-04-01,09:09 PM,Yamuna,Mess,08:32 PM,09:11 PM,0,0,0,0,413.34,44,34.23,Dinner,0,0,0,8
S8743,2026-04-02,05:09 PM,Rajendra,Library,0,0,03:33 PM,06:09 PM,03:15 PM,06:38 PM,698.43,70,11.58,None,0,0,0,9
S8744,2026-04-03,03:37 AM,Ganga,Outside,0,0,0,0,02:10 AM,06:23 AM,242.16,198,10.02,None,0,0,0,10
S8745,2026-04-03,03:35 PM,Ganga,Library,0,0,02:45 PM,04:18 PM,02:36 PM,04:42 PM,910.45,15,11.11,None,0,0,0,8
S8746,2026-04-03,08:54 AM,Azad,Mess,08:52 AM,09:28 AM,0,0,0,0,373.22,17,38.79,Breakfast,0,0,0,7
S8747,2026-04-25,08:14 PM,Yamuna,Mess,07:55 PM,08:34 PM,0,0,0,0,434.35,79,35.03,Dinner,0,0,1,6
S8748,2026-04-21,06:40 PM,Rajendra,Classroom,0,0,0,0,06:01 PM,07:37 PM,149.39,96,10.31,None,1,1,1,5
S8749,2026-04-16,09:57 PM,Ganga,Library,0,0,08:40 PM,11:24 PM,08:16 PM,11:59 PM,544.17,193,28.14,None,0,0,0,8
S8750,2026-05-01,02:33 PM,Rajendra,Classroom,0,0,0,0,01:58 PM,04:00 PM,247.84,91,6.69,None,1,0,0,6
S8751,2026-04-25,07:53 AM,Sarojini,Hostel,0,0,0,0,0,0,166.82,69,20.51,None,0,0,1,3
S8752,2026-04-15,08:51 AM,Sarojini,Mess,08:50 AM,09:12 AM,0,0,0,0,507.92,92,49.42,Breakfast,0,0,0,17
S8753,2026-04-23,06:30 PM,Sarojini,Library,0,0,05:10 PM,10:55 PM,04:54 PM,11:29 PM,565.83,159,28.31,None,0,0,1,4
S8754,2026-04-06,09:24 PM,Sarojini,Library,0,0,08:51 PM,11:06 PM,08:43 PM,11:25 PM,935.22,59,11.74,None,0,0,0,8
S8755,2026-04-24,09:00 AM,Rajendra,Mess,08:31 AM,09:28 AM,0,0,0,0,364.11,98,36.75,Breakfast,1,1,1,7
S8756,2026-04-16,09:08 AM,Rajendra,Mess,08:42 AM,09:40 AM,0,0,0,0,337.48,127,46.96,Breakfast,1,1,0,8
S8757,2026-04-28,10:16 PM,Azad,Mess,09:43 PM,10:34 PM,0,0,0,0,421.69,69,43.18,Dinner,0,0,1,3
S8758,2026-04-26,04:55 PM,Sarojini,Hostel,0,0,0,0,0,0,326.62,188,48.29,None,1,1,1,3
S8759,2026-04-04,05:27 PM,Sarojini,Library,0,0,04:46 PM,06:30 PM,04:36 PM,07:07 PM,731.56,50,15.04,None,0,0,0,5
S8760,2026-04-11,10:44 PM,Ganga,Library,0,0,09:35 PM,11:59 PM,09:25 PM,11:59 PM,727.21,55,17.82,None,0,0,0,9
S8761,2026-04-15,10:16 PM,Ganga,Library,0,0,09:59 PM,11:53 PM,09:36 PM,11:59 PM,707.35,185,39.9,None,0,0,0,7
S8762,2026-04-27,05:08 AM,Yamuna,Hostel,0,0,0,0,0,0,259.85,133,37.36,None,0,0,1,6
S8763,2026-04-26,07:45 PM,Ganga,Library,0,0,07:14 PM,11:59 PM,06:58 PM,11:59 PM,443.27,55,10.15,None,0,0,1,3
S8764,2026-04-29,06:45 AM,Ganga,Hostel,0,0,0,0,0,0,249.41,65,25.4,None,0,0,1,5
S8765,2026-04-22,09:51 PM,Sarojini,Library,0,0,09:28 PM,11:59 PM,09:22 PM,11:59 PM,493.45,33,16.16,None,0,0,1,5
S8766,2026-04-02,07:18 PM,Rajendra,Library,0,0,06:41 PM,08:55 PM,06:18 PM,09:27 PM,898.91,102,15.55,None,0,0,0,6
S8767,2026-04-23,08:41 AM,Yamuna,Outside,0,0,0,0,07:21 AM,11:33 AM,113.03,135,19.37,None,0,0,1,5
S8768,2026-04-28,08:25 PM,Sarojini,Mess,08:12 PM,08:57 PM,0,0,0,0,360.15,200,41.6,Dinner,0,0,1,5
S8769,2026-04-02,01:54 PM,Rajendra,Mess,01:17 PM,02:00 PM,0,0,0,0,642.36,34,32.0,Lunch,0,0,0,6
S8770,2026-04-24,10:15 PM,Ganga,Library,0,0,09:03 PM,11:59 PM,08:38 PM,11:59 PM,588.16,28,16.03,None,0,0,1,5
S8771,2026-04-18,07:54 PM,Ganga,Library,0,0,06:49 PM,09:37 PM,06:20 PM,09:52 PM,696.3,20,15.86,None,0,0,0,9
S8772,2026-04-19,03:50 PM,Azad,Hostel,0,0,0,0,0,0,396.16,121,32.22,None,0,0,0,7
S8773,2026-04-16,09:35 AM,Azad,Mess,08:57 AM,09:45 AM,0,0,0,0,520.09,53,25.82,Breakfast,1,1,0,6
S8774,2026-04-25,11:48 AM,Rajendra,Classroom,0,0,0,0,11:16 AM,01:39 PM,331.81,119,8.86,None,1,0,1,4
S8775,2026-04-30,08:33 AM,Sarojini,Mess,08:21 AM,08:44 AM,0,0,0,0,458.72,172,38.36,Breakfast,0,0,1,6
S8776,2026-04-07,08:10 PM,Ganga,Mess,07:50 PM,08:21 PM,0,0,0,0,535.51,195,43.21,Dinner,0,0,0,8
S8777,2026-04-11,06:35 PM,Rajendra,Hostel,0,0,0,0,0,0,210.52,62,30.02,None,0,0,0,7
S8778,2026-04-14,10:21 PM,Azad,Library,0,0,09:11 PM,11:58 PM,08:52 PM,11:59 PM,864.65,43,15.2,None,0,0,0,15
S8779,2026-04-30,11:46 PM,Azad,Library,0,0,10:37 PM,11:59 PM,10:25 PM,11:59 PM,834.24,136,19.49,None,0,0,1,4
S8780,2026-04-14,08:23 AM,Ganga,Mess,07:56 AM,08:34 AM,0,0,0,0,474.62,70,40.71,Breakfast,0,0,0,7
S8781,2026-04-22,09:23 PM,Rajendra,Library,0,0,06:23 PM,11:59 PM,05:57 PM,11:59 PM,681.91,200,36.47,None,0,0,1,4
S8782,2026-04-18,01:03 PM,Azad,Mess,12:48 PM,01:33 PM,0,0,0,0,350.08,150,58.16,Lunch,0,0,0,13
S8783,2026-04-06,07:39 AM,Sarojini,Mess,07:05 AM,08:00 AM,0,0,0,0,525.35,120,32.6,Breakfast,0,0,0,9
S8784,2026-04-25,12:18 PM,Sarojini,Outside,0,0,0,0,11:44 AM,01:57 PM,281.13,42,5.82,None,0,0,1,4
S8785,2026-04-05,12:47 AM,Ganga,Outside,0,0,0,0,0,03:05 AM,310.37,147,11.09,None,0,0,0,8
S8786,2026-04-09,03:51 PM,Rajendra,Library,0,0,03:37 PM,04:46 PM,03:23 PM,05:18 PM,547.27,43,12.16,None,1,0,0,7
S8787,2026-04-14,11:06 AM,Ganga,Library,0,0,10:34 AM,12:42 PM,10:10 AM,01:38 PM,839.28,110,24.49,None,0,0,0,7
S8788,2026-04-20,06:27 PM,Ganga,Library,0,0,04:08 PM,11:55 PM,03:48 PM,11:59 PM,848.47,141,27.12,None,0,0,1,5
S8789,2026-04-23,05:00 PM,Rajendra,Classroom,0,0,0,0,04:50 PM,06:45 PM,380.29,187,26.86,None,1,1,1,5
S8790,2026-04-08,03:51 PM,Azad,Outside,0,0,0,0,02:53 PM,06:21 PM,358.46,181,9.23,None,1,0,0,3
S8791,2026-04-01,09:50 AM,Yamuna,Mess,09:31 AM,09:57 AM,0,0,0,0,292.91,131,41.49,Breakfast,0,0,0,8
S8792,2026-04-18,03:01 PM,Rajendra,Library,0,0,02:39 PM,03:11 PM,02:22 PM,03:45 PM,756.68,81,26.47,None,0,0,0,6
S8793,2026-04-04,08:56 PM,Yamuna,Mess,08:34 PM,09:21 PM,0,0,0,0,358.3,135,50.04,Dinner,0,0,0,7
S8794,2026-04-25,10:48 AM,Yamuna,Library,0,0,10:34 AM,04:42 PM,10:24 AM,05:29 PM,713.07,154,21.9,None,0,0,1,4
S8795,2026-04-04,05:53 PM,Azad,Classroom,0,0,0,0,05:26 PM,06:41 PM,194.93,164,8.5,None,1,1,0,7
S8796,2026-04-06,06:15 PM,Rajendra,Library,0,0,05:13 PM,07:48 PM,04:52 PM,08:42 PM,1045.76,33,13.0,None,0,0,0,8
S8797,2026-04-18,03:15 PM,Azad,Mess,02:37 PM,03:25 PM,0,0,0,0,587.23,149,35.29,Lunch,0,0,0,10
S8798,2026-04-10,09:31 PM,Ganga,Library,0,0,08:45 PM,09:38 PM,08:30 PM,10:19 PM,697.16,171,32.14,None,0,0,0,8
S8799,2026-04-21,01:13 AM,Sarojini,Hostel,0,0,0,0,0,0,358.18,96,25.34,None,0,0,1,5
S8800,2026-04-26,02:59 PM,Ganga,Mess,02:53 PM,03:39 PM,0,0,0,0,434.19,124,40.09,Lunch,0,0,1,6
S8801,2026-04-12,03:11 AM,Ganga,Outside,0,0,0,0,01:52 AM,04:44 AM,253.22,99,9.09,None,0,0,0,6
S8802,2026-04-17,07:33 AM,Ganga,Mess,07:22 AM,08:16 AM,0,0,0,0,556.26,191,41.69,Breakfast,0,0,0,6
S8803,2026-04-14,08:02 PM,Yamuna,Mess,07:42 PM,08:06 PM,0,0,0,0,387.96,73,35.14,Dinner,0,0,0,7
S8804,2026-04-27,11:09 PM,Ganga,Library,0,0,08:48 PM,11:59 PM,08:20 PM,11:59 PM,600.46,44,12.81,None,0,0,1,5
S8805,2026-04-19,12:25 PM,Rajendra,Library,0,0,11:40 AM,02:00 PM,11:15 AM,02:35 PM,755.39,112,19.47,None,1,0,0,6
S8806,2026-05-01,04:23 PM,Yamuna,Library,0,0,03:41 PM,05:08 PM,03:21 PM,05:58 PM,703.98,53,18.6,None,0,0,0,6
S8807,2026-04-06,09:40 PM,Azad,Mess,09:31 PM,10:16 PM,0,0,0,0,625.93,153,45.28,Dinner,0,0,0,7
S8808,2026-04-05,01:06 PM,Yamuna,Mess,12:18 PM,01:10 PM,0,0,0,0,393.03,28,24.33,Lunch,0,0,0,7
S8809,2026-04-15,09:07 PM,Azad,Mess,08:41 PM,09:38 PM,0,0,0,0,452.46,30,35.14,Dinner,0,0,0,5
S8810,2026-04-25,02:24 PM,Yamuna,Classroom,0,0,0,0,02:12 PM,03:54 PM,290.12,127,14.05,None,1,0,1,4
S8811,2026-04-18,09:49 PM,Ganga,Library,0,0,08:16 PM,09:57 PM,08:05 PM,10:11 PM,773.3,67,9.79,None,0,0,0,7
S8812,2026-04-02,12:28 PM,Yamuna,Mess,12:22 PM,01:13 PM,0,0,0,0,366.76,42,42.3,Lunch,1,0,0,8
S8813,2026-04-27,09:02 PM,Rajendra,Mess,08:57 PM,09:45 PM,0,0,0,0,450.11,150,27.95,Dinner,0,0,1,3
S8814,2026-04-18,09:33 PM,Ganga,Library,0,0,09:01 PM,10:18 PM,08:47 PM,10:56 PM,627.21,166,33.9,None,0,0,0,7
S8815,2026-04-19,07:05 AM,Yamuna,Hostel,0,0,0,0,0,0,132.93,94,27.7,None,0,0,0,10
S8816,2026-04-01,02:03 AM,Ganga,Hostel,0,0,0,0,0,0,218.77,23,21.95,None,0,0,0,7
S8817,2026-04-24,09:47 PM,Rajendra,Mess,09:45 PM,10:34 PM,0,0,0,0,376.09,173,57.29,Dinner,0,0,1,4
S8818,2026-04-09,12:29 PM,Azad,Outside,0,0,0,0,11:04 AM,02:52 PM,379.13,145,9.71,None,1,0,0,12
S8819,2026-04-04,12:03 PM,Azad,Library,0,0,11:40 AM,12:15 PM,11:12 AM,12:54 PM,909.82,127,18.65,None,1,0,0,7
S8820,2026-04-28,11:38 AM,Azad,Hostel,0,0,0,0,0,0,198.28,132,32.55,None,0,0,1,7
S8821,2026-04-24,08:42 PM,Azad,Mess,08:26 PM,08:51 PM,0,0,0,0,382.15,56,42.96,Dinner,0,0,1,6
S8822,2026-04-01,04:56 PM,Rajendra,Classroom,0,0,0,0,04:33 PM,06:53 PM,398.29,149,11.48,None,1,1,0,7
S8823,2026-04-05,09:40 AM,Yamuna,Library,0,0,09:24 AM,12:15 PM,09:03 AM,12:54 PM,510.34,53,11.65,None,1,1,0,7
S8824,2026-04-22,09:42 PM,Yamuna,Hostel,0,0,0,0,0,0,1241.28,196,32.63,None,0,0,1,5
S8825,2026-04-10,11:54 PM,Ganga,Library,0,0,09:51 PM,11:59 PM,09:23 PM,11:59 PM,802.02,100,22.73,None,0,0,0,6
S8826,2026-04-27,07:22 PM,Rajendra,Library,0,0,02:25 PM,07:59 PM,02:20 PM,08:39 PM,803.93,35,10.29,None,0,0,1,5
S8827,2026-04-02,01:42 PM,Rajendra,Mess,01:36 PM,01:56 PM,0,0,0,0,460.96,162,47.71,Lunch,0,0,0,15
S8828,2026-04-20,12:53 PM,Sarojini,Library,0,0,09:20 AM,04:25 PM,08:58 AM,05:05 PM,851.68,133,20.56,None,1,0,1,4
S8829,2026-04-02,02:16 PM,Ganga,Mess,01:52 PM,02:34 PM,0,0,0,0,418.23,116,35.25,Lunch,1,0,0,6
S8830,2026-04-30,11:58 PM,Ganga,Library,0,0,10:41 PM,11:59 PM,10:34 PM,11:59 PM,576.79,188,41.45,None,0,0,1,7
S8831,2026-04-26,04:44 AM,Ganga,Outside,0,0,0,0,02:45 AM,06:57 AM,371.67,133,7.75,None,0,0,1,7
S8832,2026-04-16,09:15 PM,Ganga,Library,0,0,08:39 PM,09:28 PM,08:13 PM,10:26 PM,768.69,20,11.82,None,0,0,0,7
S8833,2026-04-18,01:31 AM,Yamuna,Outside,0,0,0,0,12:13 AM,04:23 AM,391.38,87,9.49,None,0,0,0,7
S8834,2026-04-08,11:07 PM,Ganga,Library,0,0,10:32 PM,11:59 PM,10:22 PM,11:59 PM,902.2,129,20.04,None,0,0,0,9
S8835,2026-04-28,08:30 PM,Ganga,Mess,08:21 PM,09:08 PM,0,0,0,0,370.57,146,44.79,Dinner,0,0,1,3
S8836,2026-04-14,11:01 PM,Ganga,Library,0,0,10:09 PM,11:59 PM,10:03 PM,11:59 PM,668.93,75,13.76,None,0,0,0,6
S8837,2026-04-14,08:54 PM,Azad,Library,0,0,07:08 PM,09:44 PM,06:52 PM,10:43 PM,1000.43,121,14.72,None,0,0,0,4
S8838,2026-04-09,07:59 PM,Ganga,Mess,07:10 PM,08:08 PM,0,0,0,0,570.4,44,36.55,Dinner,0,0,0,10
S8839,2026-04-20,08:17 PM,Azad,Mess,08:00 PM,08:35 PM,0,0,0,0,440.64,159,42.43,Dinner,0,0,1,5
S8840,2026-04-03,09:19 PM,Yamuna,Mess,08:47 PM,09:37 PM,0,0,0,0,521.39,157,52.53,Dinner,0,0,0,7
S8841,2026-04-11,06:07 PM,Yamuna,Library,0,0,05:12 PM,07:26 PM,05:07 PM,08:12 PM,778.28,151,27.16,None,0,0,0,7
S8842,2026-04-01,09:51 AM,Azad,Library,0,0,09:48 AM,11:06 AM,09:42 AM,11:29 AM,913.29,77,18.59,None,1,1,0,7
S8843,2026-04-12,03:15 PM,Ganga,Library,0,0,02:09 PM,03:51 PM,02:01 PM,04:19 PM,677.85,164,31.73,None,1,0,0,10
S8844,2026-04-08,09:32 PM,Azad,Library,0,0,08:42 PM,11:40 PM,08:27 PM,11:59 PM,753.39,174,26.66,None,0,0,0,10
S8845,2026-04-22,08:07 PM,Azad,Hostel,0,0,0,0,0,0,1401.13,177,48.66,None,0,0,1,4
S8846,2026-04-15,06:12 AM,Sarojini,Outside,0,0,0,0,05:09 AM,07:30 AM,102.48,104,6.44,None,0,0,0,7
S8847,2026-04-21,03:37 PM,Azad,Mess,02:56 PM,03:37 PM,0,0,0,0,453.34,85,44.85,Lunch,1,0,1,5
S8848,2026-04-25,06:45 PM,Rajendra,Library,0,0,10:48 AM,07:18 PM,10:34 AM,07:29 PM,630.41,134,22.83,None,0,0,1,6
S8849,2026-04-20,04:22 PM,Azad,Library,0,0,11:02 AM,05:29 PM,10:49 AM,05:58 PM,515.98,116,26.69,None,1,1,1,5
S8850,2026-04-09,10:02 PM,Rajendra,Outside,0,0,0,0,09:21 PM,11:59 PM,370.08,103,14.66,None,0,0,0,7
S8851,2026-04-21,06:13 PM,Yamuna,Library,0,0,04:29 PM,10:29 PM,04:05 PM,10:45 PM,770.9,83,17.05,None,0,0,1,5
S8852,2026-04-15,09:25 AM,Yamuna,Mess,09:21 AM,10:10 AM,0,0,0,0,599.85,15,34.74,Breakfast,1,1,0,7
S8853,2026-04-24,03:50 AM,Yamuna,Hostel,0,0,0,0,0,0,379.96,28,13.76,None,0,0,1,6
S8854,2026-04-30,02:51 AM,Yamuna,Outside,0,0,0,0,01:37 AM,04:19 AM,157.69,113,14.84,None,0,0,1,4
S8855,2026-04-19,08:29 PM,Yamuna,Mess,07:50 PM,08:32 PM,0,0,0,0,295.17,196,67.99,Dinner,0,0,0,7
S8856,2026-04-09,09:04 AM,Rajendra,Mess,08:47 AM,09:12 AM,0,0,0,0,512.17,96,37.32,Breakfast,0,0,0,6
S8857,2026-04-06,09:40 AM,Ganga,Outside,0,0,0,0,08:56 AM,10:50 AM,294.91,163,18.67,None,0,0,0,7
S8858,2026-04-07,01:07 PM,Ganga,Mess,12:35 PM,01:31 PM,0,0,0,0,530.25,144,47.22,Lunch,0,0,0,7
S8859,2026-04-28,11:21 PM,Azad,Library,0,0,09:46 PM,11:59 PM,09:34 PM,11:59 PM,747.54,78,22.98,None,0,0,1,4
S8860,2026-04-17,07:32 PM,Yamuna,Library,0,0,06:09 PM,08:23 PM,05:54 PM,09:16 PM,753.35,128,27.02,None,0,0,0,8
S8861,2026-04-18,04:09 PM,Azad,Library,0,0,03:24 PM,04:33 PM,03:04 PM,04:59 PM,822.07,89,19.43,None,0,0,0,9
S8862,2026-04-29,10:54 PM,Rajendra,Library,0,0,10:41 PM,11:59 PM,10:34 PM,11:59 PM,529.68,147,16.41,None,0,0,1,5
S8863,2026-05-01,02:42 PM,Yamuna,Classroom,0,0,0,0,02:07 PM,03:33 PM,260.72,59,7.92,None,1,0,0,7
S8864,2026-04-18,10:38 PM,Rajendra,Outside,0,0,0,0,09:58 PM,11:59 PM,188.6,132,11.96,None,0,0,0,7
S8865,2026-04-20,08:00 PM,Ganga,Library,0,0,04:04 PM,11:59 PM,03:37 PM,11:59 PM,739.07,26,10.77,None,0,0,1,7
S8866,2026-04-25,03:09 PM,Ganga,Mess,02:18 PM,03:12 PM,0,0,0,0,576.5,80,32.88,Lunch,1,0,1,4
S8867,2026-04-29,02:13 AM,Rajendra,Hostel,0,0,0,0,0,0,256.1,79,19.92,None,0,0,1,4
S8868,2026-04-12,07:29 PM,Rajendra,Hostel,0,0,0,0,0,0,329.41,188,39.85,None,0,0,0,6
S8869,2026-04-06,09:35 PM,Rajendra,Outside,0,0,0,0,07:50 PM,11:55 PM,199.43,136,9.73,None,0,0,0,10
S8870,2026-04-18,04:13 PM,Sarojini,Classroom,0,0,0,0,03:39 PM,05:20 PM,177.2,59,7.15,None,1,1,0,3
S8871,2026-04-02,09:42 AM,Azad,Mess,09:33 AM,10:11 AM,0,0,0,0,442.16,89,47.05,Breakfast,1,1,0,7
S8872,2026-04-11,05:01 PM,Ganga,Library,0,0,04:35 PM,07:32 PM,04:22 PM,08:17 PM,979.31,139,34.3,None,0,0,0,8
S8873,2026-04-16,09:13 AM,Ganga,Hostel,0,0,0,0,0,0,224.16,184,32.53,None,1,1,0,7
S8874,2026-04-08,09:21 PM,Azad,Mess,09:07 PM,10:07 PM,0,0,0,0,393.55,188,45.13,Dinner,0,0,0,8
S8875,2026-04-22,11:43 AM,Ganga,Library,0,0,09:36 AM,06:36 PM,09:13 AM,07:10 PM,909.65,42,11.7,None,0,0,1,5
S8876,2026-04-13,04:44 PM,Azad,Library,0,0,04:34 PM,05:45 PM,04:23 PM,06:38 PM,935.97,121,13.18,None,1,1,0,8
S8877,2026-04-16,09:59 PM,Rajendra,Mess,09:37 PM,10:16 PM,0,0,0,0,504.32,23,26.36,Dinner,0,0,0,6
S8878,2026-04-15,04:42 PM,Yamuna,Library,0,0,03:58 PM,04:43 PM,03:47 PM,05:01 PM,751.89,21,8.62,None,1,1,0,6
S8879,2026-04-19,08:14 PM,Yamuna,Library,0,0,07:56 PM,09:55 PM,07:41 PM,10:49 PM,851.72,91,17.92,None,0,0,0,7
S8880,2026-04-16,08:43 PM,Azad,Mess,08:42 PM,09:35 PM,0,0,0,0,471.58,59,27.25,Dinner,0,0,0,7
S8881,2026-04-15,10:35 AM,Sarojini,Hostel,0,0,0,0,0,0,299.98,55,24.01,None,1,1,0,6
S8882,2026-04-22,04:48 PM,Yamuna,Classroom,0,0,0,0,04:37 PM,05:57 PM,305.56,19,1.85,None,1,1,1,8
S8883,2026-04-18,10:06 PM,Rajendra,Library,0,0,08:15 PM,10:59 PM,07:54 PM,11:37 PM,694.38,126,17.83,None,0,0,0,9
S8884,2026-04-20,02:25 PM,Ganga,Library,0,0,01:20 PM,07:51 PM,01:13 PM,08:17 PM,468.4,165,22.17,None,0,0,1,6
S8885,2026-04-18,12:20 PM,Sarojini,Hostel,0,0,0,0,0,0,158.3,24,15.27,None,0,0,0,8
S8886,2026-04-24,11:41 AM,Azad,Outside,0,0,0,0,10:00 AM,01:07 PM,334.57,27,1.84,None,1,0,1,7
S8887,2026-04-17,01:43 PM,Ganga,Mess,01:13 PM,01:49 PM,0,0,0,0,464.07,120,36.16,Lunch,1,0,0,6
S8888,2026-04-02,09:31 AM,Sarojini,Mess,09:00 AM,09:39 AM,0,0,0,0,553.94,137,42.44,Breakfast,0,0,0,6
S8889,2026-04-08,02:50 PM,Rajendra,Mess,02:40 PM,03:07 PM,0,0,0,0,508.15,151,41.65,Lunch,0,0,0,6
S8890,2026-04-05,12:32 PM,Azad,Mess,12:31 PM,01:03 PM,0,0,0,0,507.63,45,35.93,Lunch,1,0,0,8
S8891,2026-04-25,01:31 PM,Yamuna,Mess,01:02 PM,01:47 PM,0,0,0,0,508.97,69,28.42,Lunch,1,0,1,5
S8892,2026-04-02,12:41 PM,Yamuna,Library,0,0,12:13 PM,12:47 PM,12:04 PM,01:18 PM,844.96,87,17.23,None,0,0,0,7
S8893,2026-04-22,07:48 AM,Yamuna,Hostel,0,0,0,0,0,0,286.2,59,21.35,None,0,0,1,3
S8894,2026-04-22,06:36 PM,Ganga,Classroom,0,0,0,0,06:15 PM,07:26 PM,249.1,151,8.85,None,1,1,1,5
S8895,2026-04-23,09:38 PM,Rajendra,Mess,09:29 PM,09:57 PM,0,0,0,0,525.15,195,53.05,Dinner,0,0,1,4
S8896,2026-04-23,09:43 PM,Sarojini,Mess,09:34 PM,09:57 PM,0,0,0,0,425.99,103,36.95,Dinner,0,0,1,6
S8897,2026-04-26,10:26 AM,Yamuna,Outside,0,0,0,0,09:36 AM,12:40 PM,147.61,130,15.87,None,0,0,1,6
S8898,2026-04-02,03:00 PM,Rajendra,Library,0,0,02:12 PM,03:14 PM,01:44 PM,03:41 PM,693.76,125,26.42,None,1,0,0,7
S8899,2026-04-21,08:29 PM,Sarojini,Mess,08:25 PM,08:59 PM,0,0,0,0,642.47,56,27.07,Dinner,0,0,1,3
S8900,2026-04-07,04:12 AM,Ganga,Hostel,0,0,0,0,0,0,172.76,182,44.36,None,0,0,0,7
S8901,2026-04-05,08:09 AM,Azad,Mess,08:09 AM,08:33 AM,0,0,0,0,467.39,20,26.41,Breakfast,0,0,0,7
S8902,2026-04-16,09:14 AM,Yamuna,Mess,08:56 AM,09:26 AM,0,0,0,0,407.1,91,40.36,Breakfast,0,0,0,7
S8903,2026-04-16,08:59 PM,Rajendra,Mess,08:25 PM,09:17 PM,0,0,0,0,428.38,72,44.05,Dinner,0,0,0,6
S8904,2026-04-23,02:19 AM,Yamuna,Hostel,0,0,0,0,0,0,191.28,67,28.72,None,0,0,1,4
S8905,2026-04-18,07:38 AM,Sarojini,Mess,07:05 AM,07:57 AM,0,0,0,0,541.38,111,38.33,Breakfast,0,0,0,6
S8906,2026-04-10,07:53 AM,Sarojini,Mess,07:40 AM,08:27 AM,0,0,0,0,515.74,33,34.34,Breakfast,0,0,0,9
S8907,2026-04-21,06:16 PM,Azad,Hostel,0,0,0,0,0,0,263.1,31,16.67,None,0,0,1,3
S8908,2026-04-23,12:31 PM,Rajendra,Outside,0,0,0,0,10:56 AM,02:17 PM,252.63,132,16.39,None,1,0,1,7
S8909,2026-04-26,09:00 PM,Yamuna,Mess,08:47 PM,09:14 PM,0,0,0,0,415.83,169,41.89,Dinner,0,0,1,8
S8910,2026-04-24,02:01 PM,Ganga,Mess,01:54 PM,02:45 PM,0,0,0,0,644.6,184,36.08,Lunch,1,0,1,6
S8911,2026-04-06,02:21 PM,Yamuna,Mess,02:00 PM,02:52 PM,0,0,0,0,313.28,14,25.89,Lunch,0,0,0,7
S8912,2026-04-17,08:18 PM,Azad,Library,0,0,06:09 PM,08:56 PM,05:59 PM,09:25 PM,721.54,86,23.46,None,0,0,0,6
S8913,2026-04-21,08:40 PM,Rajendra,Mess,08:13 PM,08:41 PM,0,0,0,0,517.71,170,31.39,Dinner,0,0,1,6
S8914,2026-04-24,08:27 PM,Yamuna,Mess,08:25 PM,08:58 PM,0,0,0,0,562.3,24,37.56,Dinner,0,0,1,6
S8915,2026-04-03,05:35 PM,Rajendra,Library,0,0,04:58 PM,05:47 PM,04:49 PM,06:32 PM,1002.4,91,12.51,None,0,0,0,7
S8916,2026-04-19,08:48 PM,Sarojini,Mess,08:47 PM,09:20 PM,0,0,0,0,463.28,192,51.55,Dinner,0,0,0,9
S8917,2026-04-20,11:09 PM,Azad,Library,0,0,05:11 PM,11:59 PM,04:41 PM,11:59 PM,943.44,93,26.45,None,0,0,1,4
S8918,2026-04-15,01:33 PM,Yamuna,Mess,12:49 PM,01:33 PM,0,0,0,0,512.69,35,26.45,Lunch,1,0,0,8
S8919,2026-04-07,03:02 PM,Ganga,Library,0,0,02:31 PM,03:49 PM,02:18 PM,04:18 PM,653.78,71,17.73,None,1,0,0,7
S8920,2026-04-14,01:56 PM,Ganga,Mess,01:28 PM,02:00 PM,0,0,0,0,284.93,19,21.87,Lunch,0,0,0,7
S8921,2026-04-19,08:12 PM,Sarojini,Mess,08:12 PM,09:01 PM,0,0,0,0,586.55,73,43.69,Dinner,0,0,0,3
S8922,2026-04-09,03:23 PM,Ganga,Mess,02:51 PM,03:40 PM,0,0,0,0,406.54,63,36.58,Lunch,1,0,0,9
S8923,2026-04-18,09:00 AM,Yamuna,Mess,08:45 AM,09:36 AM,0,0,0,0,627.73,53,35.5,Breakfast,1,1,0,7
S8924,2026-04-30,08:44 PM,Ganga,Hostel,0,0,0,0,0,0,1148.74,43,24.94,None,0,0,1,6
S8925,2026-04-17,03:20 PM,Sarojini,Mess,02:49 PM,03:21 PM,0,0,0,0,334.64,97,50.35,Lunch,0,0,0,6
S8926,2026-04-27,09:12 AM,Sarojini,Mess,09:05 AM,09:50 AM,0,0,0,0,340.34,30,36.85,Breakfast,0,0,1,5
S8927,2026-04-27,05:47 AM,Sarojini,Outside,0,0,0,0,04:06 AM,08:04 AM,211.01,143,9.28,None,0,0,1,3
S8928,2026-04-09,10:32 PM,Sarojini,Outside,0,0,0,0,08:33 PM,11:59 PM,215.11,98,8.12,None,0,0,0,8
S8929,2026-04-06,04:01 PM,Ganga,Library,0,0,02:23 PM,04:12 PM,02:18 PM,04:22 PM,625.53,60,16.92,None,0,0,0,6
S8930,2026-04-20,08:50 PM,Azad,Library,0,0,02:07 PM,10:52 PM,01:58 PM,11:35 PM,761.38,34,17.73,None,0,0,1,5
S8931,2026-04-16,08:50 PM,Ganga,Library,0,0,07:54 PM,10:35 PM,07:33 PM,10:56 PM,740.86,195,21.0,None,0,0,0,5
S8932,2026-04-17,07:35 PM,Ganga,Outside,0,0,0,0,06:57 PM,10:02 PM,201.65,184,15.75,None,0,0,0,4
S8933,2026-04-03,02:01 PM,Azad,Library,0,0,01:24 PM,03:16 PM,01:00 PM,04:00 PM,733.1,144,15.2,None,1,0,0,7
S8934,2026-04-25,01:30 PM,Ganga,Mess,12:48 PM,01:31 PM,0,0,0,0,428.67,61,33.6,Lunch,1,0,1,4
S8935,2026-04-15,04:51 PM,Azad,Library,0,0,03:18 PM,05:32 PM,02:55 PM,06:12 PM,682.92,68,14.23,None,1,1,0,5
S8936,2026-04-09,01:05 PM,Yamuna,Outside,0,0,0,0,11:55 AM,02:13 PM,197.24,32,3.14,None,1,0,0,8
S8937,2026-04-09,09:43 AM,Yamuna,Mess,09:16 AM,09:59 AM,0,0,0,0,404.33,161,42.32,Breakfast,0,0,0,7
S8938,2026-04-27,03:19 PM,Azad,Library,0,0,02:40 PM,08:41 PM,02:12 PM,09:24 PM,628.87,84,12.14,None,0,0,1,6
S8939,2026-04-18,04:19 PM,Ganga,Library,0,0,02:06 PM,04:38 PM,01:52 PM,04:56 PM,581.49,147,24.09,None,0,0,0,7
S8940,2026-04-10,07:30 AM,Rajendra,Outside,0,0,0,0,06:55 AM,10:03 AM,214.65,174,23.52,None,0,0,0,7
S8941,2026-05-01,10:40 AM,Azad,Outside,0,0,0,0,09:24 AM,01:15 PM,112.4,58,7.82,None,0,0,0,6
S8942,2026-04-07,09:49 PM,Sarojini,Mess,09:48 PM,10:37 PM,0,0,0,0,400.87,11,23.04,Dinner,0,0,0,7
S8943,2026-04-21,03:30 PM,Azad,Library,0,0,03:00 PM,09:15 PM,02:53 PM,09:58 PM,921.61,41,16.6,None,0,0,1,7
S8944,2026-04-15,11:07 PM,Sarojini,Library,0,0,10:02 PM,11:30 PM,09:34 PM,11:59 PM,993.86,116,24.75,None,0,0,0,6
S8945,2026-04-11,11:31 AM,Azad,Library,0,0,11:03 AM,12:44 PM,10:48 AM,01:29 PM,832.45,130,18.08,None,0,0,0,10
S8946,2026-04-04,12:30 PM,Sarojini,Mess,12:07 PM,01:06 PM,0,0,0,0,275.97,177,46.16,Lunch,1,0,0,6
S8947,2026-04-05,09:17 PM,Sarojini,Mess,08:46 PM,09:19 PM,0,0,0,0,536.88,64,29.34,Dinner,0,0,0,5
S8948,2026-04-28,08:54 PM,Sarojini,Mess,08:24 PM,09:15 PM,0,0,0,0,429.01,139,39.58,Dinner,0,0,1,5
S8949,2026-04-21,10:48 PM,Rajendra,Library,0,0,10:30 PM,11:59 PM,10:06 PM,11:59 PM,491.36,136,33.37,None,0,0,1,4
S8950,2026-04-27,10:13 AM,Yamuna,Mess,09:51 AM,10:15 AM,0,0,0,0,490.96,198,65.33,Breakfast,0,0,1,6
S8951,2026-04-27,09:38 PM,Sarojini,Mess,09:30 PM,09:58 PM,0,0,0,0,321.2,122,40.51,Dinner,0,0,1,4
S8952,2026-04-20,08:22 PM,Sarojini,Library,0,0,04:32 PM,11:59 PM,04:02 PM,11:59 PM,835.95,158,31.84,None,0,0,1,5
S8953,2026-04-26,08:25 PM,Rajendra,Library,0,0,02:37 PM,09:02 PM,02:26 PM,09:58 PM,848.54,34,12.21,None,0,0,1,6
S8954,2026-04-18,03:50 PM,Sarojini,Hostel,0,0,0,0,0,0,344.02,18,23.95,None,0,0,0,7
S8955,2026-04-08,11:13 AM,Rajendra,Library,0,0,10:29 AM,11:37 AM,10:03 AM,12:08 PM,692.59,56,14.28,None,0,0,0,11
S8956,2026-04-30,07:17 AM,Ganga,Mess,07:08 AM,07:33 AM,0,0,0,0,564.14,94,42.53,Breakfast,0,0,1,4
S8957,2026-04-12,11:54 PM,Rajendra,Library,0,0,10:57 PM,11:59 PM,10:33 PM,11:59 PM,608.71,96,20.45,None,0,0,0,7
S8958,2026-04-26,03:07 PM,Sarojini,Mess,02:23 PM,03:12 PM,0,0,0,0,445.36,155,47.92,Lunch,0,0,1,4
S8959,2026-04-27,12:31 PM,Sarojini,Mess,12:16 PM,12:55 PM,0,0,0,0,395.72,171,42.47,Lunch,0,0,1,4
S8960,2026-04-03,09:52 PM,Azad,Library,0,0,08:34 PM,09:55 PM,08:14 PM,10:48 PM,690.01,60,15.61,None,0,0,0,14
S8961,2026-04-29,03:44 PM,Rajendra,Outside,0,0,0,0,02:46 PM,06:19 PM,300.08,128,8.4,None,0,0,1,8
S8962,2026-04-22,11:19 AM,Azad,Library,0,0,09:10 AM,03:49 PM,08:59 AM,04:20 PM,922.57,30,12.08,None,1,0,1,3
S8963,2026-04-24,08:24 AM,Rajendra,Mess,07:34 AM,08:33 AM,0,0,0,0,498.18,44,26.08,Breakfast,0,0,1,6
S8964,2026-04-03,03:12 PM,Yamuna,Library,0,0,02:16 PM,03:24 PM,02:03 PM,04:00 PM,758.85,185,32.13,None,0,0,0,9
S8965,2026-05-01,09:19 PM,Sarojini,Library,0,0,09:03 PM,09:33 PM,08:40 PM,10:13 PM,786.6,180,31.52,None,0,0,0,6
S8966,2026-04-17,03:14 PM,Rajendra,Outside,0,0,0,0,01:49 PM,05:43 PM,133.57,156,17.87,None,1,0,0,8
S8967,2026-04-13,03:07 AM,Rajendra,Outside,0,0,0,0,01:20 AM,05:18 AM,368.91,155,15.72,None,0,0,0,6
S8968,2026-04-08,09:52 PM,Azad,Library,0,0,08:31 PM,11:09 PM,08:12 PM,11:57 PM,871.33,36,15.68,None,0,0,0,6
S8969,2026-04-25,08:20 AM,Sarojini,Mess,08:04 AM,08:28 AM,0,0,0,0,380.52,78,27.68,Breakfast,0,0,1,5
S8970,2026-04-27,06:16 PM,Ganga,Library,0,0,11:28 AM,06:37 PM,11:02 AM,06:55 PM,857.41,197,15.73,None,0,0,1,5
S8971,2026-04-28,10:18 AM,Yamuna,Mess,09:59 AM,10:48 AM,0,0,0,0,315.21,18,37.71,Breakfast,1,1,1,3
S8972,2026-04-04,09:24 AM,Ganga,Library,0,0,09:13 AM,10:10 AM,08:57 AM,10:35 AM,477.91,151,28.8,None,0,0,0,6
S8973,2026-04-10,02:58 PM,Rajendra,Mess,02:33 PM,03:09 PM,0,0,0,0,568.87,119,33.2,Lunch,0,0,0,8
S8974,2026-04-05,03:37 AM,Sarojini,Hostel,0,0,0,0,0,0,138.32,55,21.4,None,0,0,0,6
S8975,2026-04-08,10:07 PM,Yamuna,Mess,09:59 PM,10:46 PM,0,0,0,0,435.18,167,32.88,Dinner,0,0,0,4
S8976,2026-04-01,07:13 PM,Rajendra,Library,0,0,06:47 PM,07:40 PM,06:31 PM,07:51 PM,762.16,112,30.23,None,0,0,0,6
S8977,2026-04-03,09:52 PM,Azad,Outside,0,0,0,0,07:55 PM,11:30 PM,160.24,81,4.31,None,0,0,0,7
S8978,2026-04-14,12:35 PM,Rajendra,Mess,12:33 PM,01:10 PM,0,0,0,0,413.68,56,34.6,Lunch,0,0,0,8
S8979,2026-04-07,09:47 PM,Ganga,Mess,09:16 PM,10:08 PM,0,0,0,0,383.35,25,39.36,Dinner,0,0,0,5
S8980,2026-04-15,09:06 PM,Azad,Library,0,0,08:42 PM,09:26 PM,08:35 PM,10:06 PM,632.48,129,23.02,None,0,0,0,6
S8981,2026-04-22,11:59 PM,Sarojini,Library,0,0,08:28 PM,11:59 PM,07:58 PM,11:59 PM,732.72,50,18.98,None,0,0,1,6
S8982,2026-04-29,09:40 AM,Ganga,Classroom,0,0,0,0,09:17 AM,11:26 AM,367.84,154,21.61,None,1,1,1,4
S8983,2026-04-04,10:59 AM,Azad,Classroom,0,0,0,0,10:47 AM,11:50 AM,293.58,103,7.72,None,1,1,0,6
S8984,2026-04-23,11:29 PM,Ganga,Library,0,0,09:38 PM,11:59 PM,09:21 PM,11:59 PM,596.03,99,24.26,None,0,0,1,7
S8985,2026-04-08,11:54 AM,Yamuna,Classroom,0,0,0,0,11:24 AM,12:35 PM,233.44,140,18.05,None,1,0,0,5
S8986,2026-04-22,10:06 AM,Ganga,Mess,09:45 AM,10:30 AM,0,0,0,0,385.95,51,34.12,Breakfast,1,1,1,6
S8987,2026-04-16,12:53 PM,Rajendra,Library,0,0,12:33 PM,02:52 PM,12:10 PM,03:43 PM,778.94,37,14.23,None,0,0,0,5
S8988,2026-04-27,01:50 AM,Azad,Outside,0,0,0,0,0,03:27 AM,162.21,43,5.87,None,0,0,1,4
S8989,2026-04-11,05:44 PM,Azad,Hostel,0,0,0,0,0,0,162.08,177,40.92,None,0,0,0,4
S8990,2026-04-24,01:50 PM,Yamuna,Mess,01:28 PM,02:00 PM,0,0,0,0,364.5,74,30.35,Lunch,0,0,1,6
S8991,2026-04-08,01:17 PM,Sarojini,Mess,01:14 PM,01:34 PM,0,0,0,0,339.07,108,36.39,Lunch,0,0,0,7
S8992,2026-04-21,03:09 PM,Azad,Outside,0,0,0,0,02:15 PM,04:25 PM,196.43,63,3.85,None,1,0,1,5
S8993,2026-04-13,05:22 PM,Ganga,Outside,0,0,0,0,03:29 PM,07:57 PM,320.51,88,4.82,None,0,0,0,6
S8994,2026-04-26,09:13 PM,Yamuna,Mess,08:37 PM,09:26 PM,0,0,0,0,445.54,30,42.1,Dinner,0,0,1,8
S8995,2026-04-25,08:58 PM,Yamuna,Mess,08:35 PM,09:31 PM,0,0,0,0,424.45,45,31.48,Dinner,0,0,1,4
S8996,2026-04-15,03:29 PM,Rajendra,Hostel,0,0,0,0,0,0,368.2,155,33.58,None,1,0,0,7
S8997,2026-04-09,05:09 PM,Ganga,Classroom,0,0,0,0,04:37 PM,06:59 PM,374.37,109,9.64,None,1,1,0,4
S8998,2026-04-03,12:50 PM,Sarojini,Hostel,0,0,0,0,0,0,251.14,91,24.76,None,1,0,0,5
S8999,2026-04-27,02:25 PM,Rajendra,Library,0,0,09:26 AM,02:50 PM,09:20 AM,03:19 PM,978.78,126,26.01,None,1,0,1,5
S9000,2026-04-17,01:03 AM,Ganga,Outside,0,0,0,0,0,02:10 AM,225.86,72,9.89,None,0,0,0,7
S9001,2026-04-10,09:22 PM,Yamuna,Mess,08:58 PM,09:32 PM,0,0,0,0,270.95,179,44.66,Dinner,0,0,0,7
S9002,2026-04-10,09:13 AM,Ganga,Mess,08:51 AM,09:20 AM,0,0,0,0,557.22,58,25.3,Breakfast,1,1,0,7
S9003,2026-04-25,08:32 PM,Yamuna,Library,0,0,08:12 PM,11:59 PM,07:53 PM,11:59 PM,819.4,149,29.37,None,0,0,1,5
S9004,2026-04-24,11:48 PM,Rajendra,Hostel,0,0,0,0,0,0,1166.47,200,25.51,None,0,0,1,4
S9005,2026-04-12,05:38 PM,Sarojini,Library,0,0,05:37 PM,08:29 PM,05:28 PM,08:52 PM,879.12,14,6.39,None,0,0,0,6
S9006,2026-04-29,12:05 PM,Ganga,Classroom,0,0,0,0,11:26 AM,01:06 PM,236.19,22,2.74,None,1,0,1,6
S9007,2026-04-16,06:09 PM,Azad,Library,0,0,04:59 PM,06:30 PM,04:34 PM,07:06 PM,875.4,166,30.71,None,0,0,0,7
S9008,2026-04-05,12:42 PM,Rajendra,Library,0,0,11:45 AM,01:27 PM,11:16 AM,01:54 PM,868.33,166,19.72,None,0,0,0,6
S9009,2026-04-07,09:15 PM,Sarojini,Mess,08:38 PM,09:31 PM,0,0,0,0,358.29,189,50.97,Dinner,0,0,0,6
S9010,2026-04-08,01:27 PM,Yamuna,Mess,01:07 PM,02:00 PM,0,0,0,0,295.94,189,54.9,Lunch,1,0,0,7
S9011,2026-04-15,01:15 PM,Rajendra,Library,0,0,11:59 AM,02:15 PM,11:30 AM,02:30 PM,659.84,122,31.1,None,1,0,0,7
S9012,2026-04-28,08:22 PM,Yamuna,Hostel,0,0,0,0,0,0,1054.8,176,31.21,None,0,0,1,5
S9013,2026-04-11,11:00 AM,Rajendra,Outside,0,0,0,0,09:42 AM,01:11 PM,278.06,83,11.48,None,0,0,0,8
S9014,2026-04-29,09:05 AM,Rajendra,Hostel,0,0,0,0,0,0,106.77,16,14.6,None,1,1,1,3
S9015,2026-04-15,10:07 AM,Azad,Mess,09:38 AM,10:11 AM,0,0,0,0,411.45,84,47.25,Breakfast,1,1,0,7
S9016,2026-04-09,12:51 PM,Yamuna,Library,0,0,12:06 PM,01:26 PM,11:50 AM,01:36 PM,964.01,48,18.95,None,0,0,0,5
S9017,2026-04-18,12:46 PM,Azad,Classroom,0,0,0,0,12:35 PM,01:45 PM,318.85,190,17.09,None,1,0,0,6
S9018,2026-04-28,12:26 PM,Azad,Mess,12:14 PM,12:43 PM,0,0,0,0,587.42,29,22.19,Lunch,1,0,1,4
S9019,2026-04-17,01:52 PM,Azad,Mess,01:30 PM,01:56 PM,0,0,0,0,459.55,194,45.01,Lunch,0,0,0,7
S9020,2026-04-25,01:39 PM,Sarojini,Mess,01:06 PM,01:39 PM,0,0,0,0,242.8,144,34.74,Lunch,1,0,1,6
S9021,2026-04-06,11:25 AM,Azad,Library,0,0,10:24 AM,11:30 AM,09:56 AM,12:00 PM,669.01,86,20.16,None,0,0,0,6
S9022,2026-04-05,02:08 PM,Azad,Library,0,0,02:02 PM,02:58 PM,01:56 PM,03:57 PM,828.76,96,12.06,None,0,0,0,6
S9023,2026-04-06,09:35 AM,Azad,Mess,09:09 AM,09:55 AM,0,0,0,0,445.43,118,49.27,Breakfast,1,1,0,7
S9024,2026-04-08,07:07 PM,Azad,Outside,0,0,0,0,06:26 PM,08:58 PM,279.41,123,7.49,None,0,0,0,3
S9025,2026-04-28,11:22 PM,Ganga,Library,0,0,10:51 PM,11:59 PM,10:23 PM,11:59 PM,744.27,44,8.75,None,0,0,1,7
S9026,2026-04-10,11:19 AM,Yamuna,Classroom,0,0,0,0,10:44 AM,12:10 PM,267.72,123,14.03,None,1,0,0,15
S9027,2026-04-13,02:17 AM,Sarojini,Outside,0,0,0,0,01:20 AM,04:52 AM,165.73,103,13.76,None,0,0,0,8
S9028,2026-04-17,08:26 PM,Yamuna,Mess,08:22 PM,08:58 PM,0,0,0,0,466.4,120,48.65,Dinner,0,0,0,7
S9029,2026-04-05,04:47 PM,Sarojini,Library,0,0,03:05 PM,04:52 PM,02:53 PM,05:16 PM,839.84,148,24.99,None,1,1,0,6
S9030,2026-04-22,01:16 PM,Sarojini,Library,0,0,09:29 AM,04:01 PM,09:06 AM,04:17 PM,835.24,83,17.51,None,0,0,1,6
S9031,2026-04-19,01:48 PM,Yamuna,Mess,01:15 PM,02:02 PM,0,0,0,0,403.92,26,33.39,Lunch,0,0,0,10
S9032,2026-04-14,09:01 PM,Azad,Library,0,0,08:18 PM,09:02 PM,07:48 PM,09:28 PM,708.74,159,34.51,None,0,0,0,6
S9033,2026-04-03,08:17 PM,Yamuna,Hostel,0,0,0,0,0,0,864.75,76,23.11,None,0,0,0,6
S9034,2026-04-01,09:15 PM,Rajendra,Mess,09:11 PM,09:46 PM,0,0,0,0,394.58,147,52.81,Dinner,0,0,0,7
S9035,2026-04-14,06:17 PM,Yamuna,Library,0,0,05:40 PM,07:56 PM,05:35 PM,08:19 PM,837.93,200,20.99,None,0,0,0,7
S9036,2026-04-30,11:33 PM,Ganga,Library,0,0,06:51 PM,11:59 PM,06:25 PM,11:59 PM,811.64,137,27.76,None,0,0,1,6
S9037,2026-04-03,12:13 AM,Yamuna,Outside,0,0,0,0,0,02:52 AM,185.37,84,7.99,None,0,0,0,9
S9038,2026-04-30,03:28 AM,Rajendra,Outside,0,0,0,0,02:40 AM,05:59 AM,256.65,107,6.86,None,0,0,1,5
S9039,2026-04-09,09:56 PM,Azad,Library,0,0,09:42 PM,11:26 PM,09:34 PM,11:43 PM,752.77,28,14.12,None,0,0,0,7
S9040,2026-04-21,06:26 PM,Ganga,Library,0,0,02:25 PM,09:49 PM,02:11 PM,10:25 PM,752.11,188,37.6,None,0,0,1,4
S9041,2026-04-05,12:46 PM,Rajendra,Mess,12:10 PM,12:59 PM,0,0,0,0,372.02,71,40.15,Lunch,1,0,0,8
S9042,2026-04-18,12:48 PM,Azad,Library,0,0,11:57 AM,01:20 PM,11:42 AM,01:56 PM,808.16,186,28.33,None,1,0,0,6
S9043,2026-04-01,10:13 PM,Yamuna,Library,0,0,09:57 PM,11:59 PM,09:41 PM,11:59 PM,780.67,126,25.87,None,0,0,0,4
S9044,2026-04-13,10:46 AM,Sarojini,Library,0,0,10:39 AM,12:09 PM,10:26 AM,12:32 PM,871.43,176,26.24,None,0,0,0,8
S9045,2026-04-06,03:30 PM,Sarojini,Classroom,0,0,0,0,03:20 PM,04:37 PM,156.27,42,4.91,None,1,0,0,8
S9046,2026-04-22,07:56 PM,Yamuna,Hostel,0,0,0,0,0,0,290.0,30,24.24,None,0,0,1,7
S9047,2026-04-29,06:44 PM,Azad,Library,0,0,04:48 PM,11:59 PM,04:19 PM,11:59 PM,649.28,24,15.66,None,0,0,1,8
S9048,2026-04-19,09:31 AM,Yamuna,Mess,09:28 AM,09:52 AM,0,0,0,0,503.19,75,37.77,Breakfast,1,1,0,17
S9049,2026-04-03,04:08 AM,Rajendra,Outside,0,0,0,0,02:11 AM,06:48 AM,343.74,190,21.79,None,0,0,0,15
S9050,2026-04-28,04:43 PM,Yamuna,Classroom,0,0,0,0,04:24 PM,05:41 PM,168.6,134,17.54,None,1,1,1,6
S9051,2026-04-06,05:27 PM,Rajendra,Hostel,0,0,0,0,0,0,103.03,190,26.75,None,0,0,0,7
S9052,2026-04-28,09:03 PM,Ganga,Library,0,0,08:57 PM,11:59 PM,08:30 PM,11:59 PM,708.88,48,14.99,None,0,0,1,5
S9053,2026-04-17,08:17 AM,Azad,Mess,08:07 AM,08:34 AM,0,0,0,0,449.59,42,41.51,Breakfast,0,0,0,9
S9054,2026-04-23,08:21 PM,Sarojini,Mess,08:19 PM,08:40 PM,0,0,0,0,404.28,72,33.48,Dinner,0,0,1,5
S9055,2026-04-01,07:42 AM,Ganga,Mess,07:26 AM,08:16 AM,0,0,0,0,316.12,164,48.0,Breakfast,0,0,0,9
S9056,2026-05-01,10:05 PM,Azad,Outside,0,0,0,0,08:30 PM,11:14 PM,224.95,175,21.46,None,0,0,0,9
S9057,2026-04-09,11:58 PM,Ganga,Hostel,0,0,0,0,0,0,1082.28,119,24.95,None,0,0,0,7
S9058,2026-04-30,01:07 PM,Azad,Outside,0,0,0,0,12:28 PM,03:12 PM,172.59,190,27.34,None,1,0,1,6
S9059,2026-04-11,03:55 PM,Rajendra,Library,0,0,02:35 PM,04:23 PM,02:28 PM,04:34 PM,766.24,183,36.4,None,0,0,0,8
S9060,2026-04-11,08:43 AM,Yamuna,Mess,08:43 AM,09:22 AM,0,0,0,0,496.44,138,42.02,Breakfast,0,0,0,7
S9061,2026-04-04,09:34 AM,Sarojini,Mess,09:23 AM,10:19 AM,0,0,0,0,467.57,77,32.27,Breakfast,0,0,0,6
S9062,2026-04-03,02:36 PM,Azad,Mess,02:30 PM,03:28 PM,0,0,0,0,416.59,90,43.85,Lunch,1,0,0,7
S9063,2026-05-01,04:12 PM,Azad,Outside,0,0,0,0,02:45 PM,05:59 PM,366.5,78,10.48,None,1,1,0,7
S9064,2026-04-08,11:49 AM,Sarojini,Library,0,0,11:06 AM,12:32 PM,10:52 AM,01:14 PM,694.27,166,16.06,None,1,0,0,9
S9065,2026-04-22,08:05 PM,Ganga,Library,0,0,05:53 PM,11:25 PM,05:30 PM,11:59 PM,721.49,161,25.9,None,0,0,1,4
S9066,2026-04-24,09:44 PM,Rajendra,Mess,08:55 PM,09:45 PM,0,0,0,0,536.07,50,26.0,Dinner,0,0,1,8
S9067,2026-04-09,11:07 AM,Rajendra,Library,0,0,10:50 AM,11:32 AM,10:21 AM,12:01 PM,561.28,16,12.34,None,1,0,0,4
S9068,2026-04-30,07:14 AM,Yamuna,Outside,0,0,0,0,05:53 AM,08:34 AM,117.21,165,13.81,None,0,0,1,5
S9069,2026-04-20,09:40 PM,Ganga,Library,0,0,05:01 PM,11:59 PM,04:52 PM,11:59 PM,767.93,134,17.8,None,0,0,1,5
S9070,2026-04-09,04:54 PM,Yamuna,Outside,0,0,0,0,03:40 PM,07:10 PM,176.79,170,13.51,None,0,0,0,8
S9071,2026-04-12,01:19 PM,Sarojini,Outside,0,0,0,0,12:14 PM,03:28 PM,287.34,44,2.65,None,1,0,0,6
S9072,2026-04-26,02:12 PM,Azad,Mess,02:06 PM,02:28 PM,0,0,0,0,211.43,195,59.57,Lunch,0,0,1,5
S9073,2026-04-18,08:12 AM,Ganga,Mess,07:48 AM,08:12 AM,0,0,0,0,488.13,71,39.99,Breakfast,0,0,0,7
S9074,2026-04-28,09:24 AM,Ganga,Mess,08:52 AM,09:27 AM,0,0,0,0,524.53,167,46.08,Breakfast,1,1,1,7
S9075,2026-04-13,07:45 AM,Sarojini,Mess,07:18 AM,07:47 AM,0,0,0,0,390.89,176,52.4,Breakfast,0,0,0,8
S9076,2026-04-24,01:34 PM,Azad,Library,0,0,12:52 PM,09:45 PM,12:32 PM,09:59 PM,867.15,136,20.83,None,1,0,1,8
S9077,2026-04-21,12:12 AM,Sarojini,Hostel,0,0,0,0,0,0,283.53,154,35.67,None,0,0,1,7
S9078,2026-04-24,01:52 AM,Rajendra,Outside,0,0,0,0,12:14 AM,02:54 AM,279.97,30,2.32,None,0,0,1,5
S9079,2026-04-02,01:04 PM,Ganga,Classroom,0,0,0,0,12:45 PM,02:02 PM,283.35,82,7.23,None,1,0,0,7
S9080,2026-04-30,09:00 PM,Ganga,Outside,0,0,0,0,08:17 PM,11:05 PM,172.9,89,9.36,None,0,0,1,6
S9081,2026-04-03,12:21 PM,Ganga,Mess,12:20 PM,12:54 PM,0,0,0,0,410.21,25,24.51,Lunch,0,0,0,7
S9082,2026-04-15,12:45 AM,Yamuna,Outside,0,0,0,0,12:13 AM,03:16 AM,365.38,22,3.17,None,0,0,0,6
S9083,2026-04-22,10:41 PM,Yamuna,Hostel,0,0,0,0,0,0,856.04,146,23.04,None,0,0,1,4
S9084,2026-04-22,10:03 PM,Azad,Mess,09:48 PM,10:25 PM,0,0,0,0,396.55,88,40.59,Dinner,0,0,1,4
S9085,2026-04-24,10:23 AM,Ganga,Outside,0,0,0,0,09:48 AM,01:13 PM,398.11,101,11.71,None,0,0,1,3
S9086,2026-04-09,07:15 PM,Azad,Mess,07:05 PM,07:26 PM,0,0,0,0,315.67,167,40.0,Dinner,0,0,0,9
S9087,2026-04-07,07:18 PM,Ganga,Library,0,0,07:13 PM,08:37 PM,07:00 PM,09:07 PM,724.7,52,15.28,None,0,0,0,8
S9088,2026-04-18,08:15 PM,Rajendra,Mess,08:03 PM,08:46 PM,0,0,0,0,262.27,100,51.81,Dinner,0,0,0,8
S9089,2026-04-24,03:47 AM,Sarojini,Hostel,0,0,0,0,0,0,259.71,35,16.36,None,0,0,1,4
S9090,2026-04-14,04:34 PM,Rajendra,Library,0,0,02:51 PM,05:39 PM,02:45 PM,06:31 PM,826.66,200,23.22,None,1,1,0,8
S9091,2026-04-19,09:44 PM,Rajendra,Mess,09:15 PM,09:47 PM,0,0,0,0,260.71,154,43.12,Dinner,0,0,0,8
S9092,2026-04-13,08:26 PM,Rajendra,Mess,07:38 PM,08:38 PM,0,0,0,0,476.23,137,43.07,Dinner,0,0,0,10
S9093,2026-04-10,02:12 AM,Azad,Outside,0,0,0,0,01:16 AM,05:10 AM,148.64,41,3.17,None,0,0,0,8
S9094,2026-04-15,12:52 PM,Rajendra,Mess,12:09 PM,01:07 PM,0,0,0,0,332.39,26,40.99,Lunch,0,0,0,6
S9095,2026-04-14,05:52 PM,Sarojini,Library,0,0,05:09 PM,06:39 PM,04:50 PM,07:02 PM,629.08,131,27.74,None,0,0,0,14
S9096,2026-04-05,08:28 PM,Yamuna,Outside,0,0,0,0,06:33 PM,10:48 PM,201.32,125,15.15,None,0,0,0,8
S9097,2026-04-20,08:27 AM,Sarojini,Mess,08:19 AM,08:53 AM,0,0,0,0,413.03,82,38.84,Breakfast,0,0,1,7
S9098,2026-04-26,10:20 PM,Azad,Mess,09:56 PM,10:37 PM,0,0,0,0,402.01,49,28.68,Dinner,0,0,1,7
S9099,2026-04-14,08:40 AM,Ganga,Mess,08:10 AM,08:47 AM,0,0,0,0,500.61,66,34.99,Breakfast,0,0,0,8
S9100,2026-04-30,08:32 PM,Azad,Library,0,0,08:24 PM,11:59 PM,08:12 PM,11:59 PM,463.22,39,9.06,None,0,0,1,4
S9101,2026-04-03,04:48 PM,Azad,Library,0,0,03:35 PM,05:38 PM,03:24 PM,06:23 PM,566.76,57,14.39,None,0,0,0,8
S9102,2026-04-22,12:47 PM,Ganga,Library,0,0,12:36 PM,07:15 PM,12:30 PM,08:00 PM,699.66,190,23.06,None,0,0,1,4
S9103,2026-04-26,09:35 AM,Rajendra,Mess,08:49 AM,09:46 AM,0,0,0,0,504.49,141,36.94,Breakfast,0,0,1,4
S9104,2026-04-05,10:09 AM,Azad,Mess,09:23 AM,10:22 AM,0,0,0,0,476.97,26,36.85,Breakfast,1,1,0,7
S9105,2026-04-04,11:02 AM,Azad,Library,0,0,09:41 AM,11:42 AM,09:23 AM,12:32 PM,877.35,102,16.59,None,0,0,0,7
S9106,2026-04-20,10:01 AM,Sarojini,Hostel,0,0,0,0,0,0,198.41,149,44.69,None,1,1,1,5
S9107,2026-05-01,12:12 PM,Rajendra,Library,0,0,12:00 PM,02:24 PM,11:41 AM,02:46 PM,689.32,16,11.89,None,0,0,0,6
S9108,2026-04-04,02:03 PM,Ganga,Mess,01:54 PM,02:44 PM,0,0,0,0,308.91,61,33.94,Lunch,1,0,0,8
S9109,2026-04-20,01:44 PM,Ganga,Mess,01:16 PM,01:44 PM,0,0,0,0,465.02,93,44.65,Lunch,0,0,1,5
S9110,2026-04-22,12:35 PM,Azad,Outside,0,0,0,0,11:26 AM,02:06 PM,197.14,116,14.37,None,1,0,1,7
S9111,2026-04-20,01:08 PM,Sarojini,Mess,12:57 PM,01:42 PM,0,0,0,0,397.92,65,48.92,Lunch,1,0,1,6
S9112,2026-04-20,06:10 PM,Yamuna,Library,0,0,10:08 AM,07:03 PM,09:41 AM,07:33 PM,883.84,154,21.96,None,0,0,1,5
S9113,2026-04-12,02:07 PM,Ganga,Mess,01:21 PM,02:16 PM,0,0,0,0,447.31,190,55.34,Lunch,0,0,0,8
S9114,2026-04-02,02:30 PM,Sarojini,Mess,01:56 PM,02:31 PM,0,0,0,0,383.64,101,51.94,Lunch,1,0,0,7
S9115,2026-04-22,08:14 AM,Ganga,Mess,08:07 AM,08:37 AM,0,0,0,0,427.23,84,38.09,Breakfast,0,0,1,8
S9116,2026-05-01,11:43 AM,Sarojini,Library,0,0,11:08 AM,11:43 AM,10:52 AM,12:33 PM,776.1,66,17.27,None,1,0,0,10
S9117,2026-04-27,10:34 PM,Rajendra,Library,0,0,10:03 PM,11:59 PM,09:53 PM,11:59 PM,461.25,167,22.2,None,0,0,1,4
S9118,2026-04-13,02:20 PM,Azad,Library,0,0,12:06 PM,03:03 PM,11:54 AM,03:32 PM,859.44,139,21.08,None,0,0,0,7
S9119,2026-04-07,12:56 PM,Azad,Mess,12:31 PM,01:21 PM,0,0,0,0,515.53,138,33.65,Lunch,0,0,0,7
S9120,2026-04-15,09:02 PM,Rajendra,Outside,0,0,0,0,07:59 PM,11:48 PM,320.2,127,12.28,None,0,0,0,7
S9121,2026-04-23,01:23 PM,Yamuna,Mess,01:14 PM,01:43 PM,0,0,0,0,454.89,75,43.52,Lunch,1,0,1,6
S9122,2026-04-03,09:16 PM,Azad,Library,0,0,08:42 PM,09:55 PM,08:26 PM,10:17 PM,886.31,91,19.69,None,0,0,0,13
S9123,2026-04-12,05:51 PM,Azad,Library,0,0,05:20 PM,06:02 PM,04:53 PM,07:00 PM,725.28,120,19.85,None,0,0,0,8
S9124,2026-04-11,03:33 PM,Rajendra,Library,0,0,03:26 PM,04:04 PM,03:04 PM,04:50 PM,641.74,127,15.39,None,0,0,0,5
S9125,2026-04-13,10:11 AM,Azad,Mess,09:19 AM,10:14 AM,0,0,0,0,544.14,185,54.85,Breakfast,0,0,0,7
S9126,2026-04-29,12:24 PM,Rajendra,Library,0,0,09:54 AM,03:02 PM,09:48 AM,03:46 PM,578.59,185,29.69,None,1,0,1,8
S9127,2026-04-26,12:42 PM,Rajendra,Mess,12:29 PM,01:13 PM,0,0,0,0,638.19,124,36.76,Lunch,1,0,1,4
S9128,2026-04-25,10:02 PM,Sarojini,Library,0,0,09:19 PM,11:59 PM,08:53 PM,11:59 PM,683.37,105,14.84,None,0,0,1,4
S9129,2026-04-17,01:37 PM,Sarojini,Mess,01:18 PM,01:41 PM,0,0,0,0,508.27,166,53.85,Lunch,1,0,0,8
S9130,2026-04-24,01:45 PM,Rajendra,Outside,0,0,0,0,01:09 PM,02:49 PM,282.54,76,7.68,None,0,0,1,5
S9131,2026-04-16,12:54 PM,Azad,Outside,0,0,0,0,12:20 PM,02:05 PM,155.12,96,8.3,None,0,0,0,8
S9132,2026-04-15,07:49 PM,Rajendra,Library,0,0,07:00 PM,08:16 PM,06:54 PM,08:47 PM,813.83,167,30.11,None,0,0,0,7
S9133,2026-04-08,09:40 PM,Ganga,Outside,0,0,0,0,08:44 PM,11:59 PM,194.75,104,8.32,None,0,0,0,3
S9134,2026-04-20,02:25 PM,Sarojini,Mess,02:20 PM,02:40 PM,0,0,0,0,358.19,171,47.09,Lunch,0,0,1,5
S9135,2026-04-05,10:01 AM,Ganga,Library,0,0,09:16 AM,10:28 AM,08:49 AM,11:25 AM,617.2,55,8.62,None,0,0,0,6
S9136,2026-04-22,08:45 AM,Ganga,Mess,08:28 AM,09:03 AM,0,0,0,0,427.23,121,49.72,Breakfast,0,0,1,6
S9137,2026-04-03,06:29 PM,Azad,Library,0,0,06:18 PM,07:36 PM,06:11 PM,08:35 PM,829.4,136,24.44,None,0,0,0,9
S9138,2026-04-03,07:47 AM,Azad,Hostel,0,0,0,0,0,0,204.26,17,12.83,None,0,0,0,4
S9139,2026-04-06,07:38 AM,Rajendra,Mess,07:35 AM,08:13 AM,0,0,0,0,483.69,190,37.85,Breakfast,0,0,0,9
S9140,2026-04-29,10:00 AM,Ganga,Classroom,0,0,0,0,09:48 AM,11:19 AM,242.91,25,2.28,None,1,1,1,5
S9141,2026-04-30,07:33 AM,Sarojini,Hostel,0,0,0,0,0,0,166.04,65,23.06,None,0,0,1,3
S9142,2026-04-27,07:04 AM,Rajendra,Hostel,0,0,0,0,0,0,233.54,60,25.3,None,0,0,1,5
S9143,2026-04-04,10:13 AM,Azad,Mess,09:40 AM,10:40 AM,0,0,0,0,357.78,63,41.3,Breakfast,1,1,0,8
S9144,2026-04-15,03:21 PM,Ganga,Outside,0,0,0,0,01:40 PM,04:26 PM,343.51,137,12.46,None,1,0,0,7
S9145,2026-04-01,09:45 AM,Ganga,Library,0,0,09:01 AM,11:16 AM,08:37 AM,12:03 PM,852.52,154,23.25,None,1,1,0,7
S9146,2026-04-12,12:05 PM,Yamuna,Mess,12:02 PM,12:23 PM,0,0,0,0,645.4,80,45.46,Lunch,1,0,0,7
S9147,2026-04-19,08:20 PM,Rajendra,Mess,08:02 PM,08:38 PM,0,0,0,0,259.1,27,38.71,Dinner,0,0,0,5
S9148,2026-04-18,02:48 PM,Yamuna,Mess,02:27 PM,02:59 PM,0,0,0,0,466.45,98,39.71,Lunch,0,0,0,6
S9149,2026-04-25,09:15 AM,Sarojini,Mess,08:58 AM,09:50 AM,0,0,0,0,482.94,154,42.45,Breakfast,1,1,1,6
S9150,2026-04-13,03:44 PM,Rajendra,Library,0,0,02:41 PM,04:20 PM,02:15 PM,05:16 PM,1075.34,191,19.03,None,1,0,0,10
S9151,2026-04-22,04:30 PM,Ganga,Library,0,0,12:14 PM,06:38 PM,11:45 AM,07:13 PM,771.39,26,13.68,None,0,0,1,3
S9152,2026-04-30,01:04 PM,Sarojini,Library,0,0,12:28 PM,07:39 PM,12:07 PM,07:51 PM,633.46,12,15.36,None,1,0,1,6
S9153,2026-04-07,11:08 PM,Yamuna,Hostel,0,0,0,0,0,0,905.22,181,36.16,None,0,0,0,8
S9154,2026-04-25,02:08 PM,Azad,Library,0,0,01:54 PM,09:36 PM,01:46 PM,10:01 PM,701.65,182,22.64,None,0,0,1,3
S9155,2026-04-30,02:10 PM,Azad,Hostel,0,0,0,0,0,0,390.36,147,30.87,None,1,0,1,4
S9156,2026-04-03,10:17 PM,Sarojini,Mess,09:46 PM,10:40 PM,0,0,0,0,382.2,88,26.38,Dinner,0,0,0,7
S9157,2026-04-16,10:09 AM,Sarojini,Hostel,0,0,0,0,0,0,311.66,111,30.59,None,1,1,0,6
S9158,2026-04-16,07:16 AM,Sarojini,Mess,07:11 AM,08:09 AM,0,0,0,0,413.59,23,29.04,Breakfast,0,0,0,6
S9159,2026-04-12,05:16 PM,Yamuna,Library,0,0,04:55 PM,06:58 PM,04:31 PM,07:17 PM,682.81,66,21.92,None,0,0,0,9
S9160,2026-04-10,09:54 PM,Sarojini,Library,0,0,07:16 PM,10:10 PM,06:54 PM,10:36 PM,767.24,184,26.62,None,0,0,0,6
S9161,2026-04-12,08:45 PM,Azad,Mess,08:25 PM,09:10 PM,0,0,0,0,582.78,110,45.38,Dinner,0,0,0,6
S9162,2026-04-13,08:02 PM,Yamuna,Outside,0,0,0,0,06:39 PM,09:49 PM,293.41,117,17.29,None,0,0,0,8
S9163,2026-04-02,08:13 PM,Yamuna,Mess,07:54 PM,08:35 PM,0,0,0,0,477.09,182,40.82,Dinner,0,0,0,11
S9164,2026-04-16,09:59 AM,Azad,Library,0,0,09:43 AM,10:18 AM,09:17 AM,11:01 AM,685.58,148,18.23,None,1,1,0,6
S9165,2026-04-15,06:04 AM,Ganga,Hostel,0,0,0,0,0,0,100.36,93,27.41,None,0,0,0,4
S9166,2026-04-12,11:34 PM,Sarojini,Hostel,0,0,0,0,0,0,1184.61,111,32.63,None,0,0,0,8
S9167,2026-04-28,07:39 PM,Rajendra,Library,0,0,07:22 PM,11:59 PM,07:16 PM,11:59 PM,945.78,99,21.89,None,0,0,1,4
S9168,2026-04-04,02:34 AM,Rajendra,Outside,0,0,0,0,01:57 AM,04:08 AM,264.37,74,9.55,None,0,0,0,8
S9169,2026-04-15,10:02 AM,Ganga,Library,0,0,09:47 AM,11:14 AM,09:31 AM,11:26 AM,874.07,110,19.53,None,0,0,0,8
S9170,2026-04-20,11:09 PM,Azad,Library,0,0,09:42 PM,11:59 PM,09:24 PM,11:59 PM,850.98,145,19.3,None,0,0,1,3
S9171,2026-04-12,09:38 PM,Azad,Mess,09:10 PM,10:00 PM,0,0,0,0,483.72,186,56.65,Dinner,0,0,0,8
S9172,2026-04-02,02:17 PM,Sarojini,Library,0,0,01:37 PM,02:56 PM,01:27 PM,03:27 PM,1057.02,33,15.94,None,1,0,0,8
S9173,2026-04-04,03:11 PM,Azad,Library,0,0,02:50 PM,04:22 PM,02:36 PM,05:22 PM,493.9,126,24.63,None,0,0,0,7
S9174,2026-04-03,08:55 AM,Sarojini,Mess,08:41 AM,09:01 AM,0,0,0,0,392.49,69,35.5,Breakfast,0,0,0,9
S9175,2026-04-16,07:11 AM,Ganga,Hostel,0,0,0,0,0,0,148.92,138,27.18,None,0,0,0,7
S9176,2026-04-24,07:49 AM,Yamuna,Mess,07:15 AM,08:15 AM,0,0,0,0,409.65,54,26.61,Breakfast,0,0,1,8
S9177,2026-04-14,09:09 AM,Sarojini,Classroom,0,0,0,0,08:39 AM,11:08 AM,148.76,173,24.52,None,1,1,0,7
S9178,2026-05-01,12:26 AM,Sarojini,Outside,0,0,0,0,0,02:41 AM,347.05,143,9.69,None,0,0,0,9
S9179,2026-04-30,06:03 AM,Ganga,Outside,0,0,0,0,04:28 AM,08:53 AM,282.88,148,17.71,None,0,0,1,5
S9180,2026-05-01,02:43 AM,Yamuna,Outside,0,0,0,0,01:57 AM,05:35 AM,288.96,152,12.84,None,0,0,0,9
S9181,2026-04-26,01:59 PM,Sarojini,Mess,01:54 PM,02:17 PM,0,0,0,0,522.83,155,51.27,Lunch,0,0,1,6
S9182,2026-04-11,01:18 PM,Sarojini,Mess,01:05 PM,01:28 PM,0,0,0,0,368.78,93,36.04,Lunch,0,0,0,7
S9183,2026-04-10,02:20 AM,Rajendra,Outside,0,0,0,0,12:52 AM,04:38 AM,213.06,83,10.44,None,0,0,0,5
S9184,2026-04-26,03:29 PM,Sarojini,Classroom,0,0,0,0,03:09 PM,04:18 PM,226.34,137,15.18,None,1,0,1,4
S9185,2026-04-12,04:33 PM,Rajendra,Library,0,0,04:28 PM,05:50 PM,04:03 PM,06:13 PM,587.45,110,23.03,None,1,1,0,8
S9186,2026-04-25,09:06 AM,Rajendra,Classroom,0,0,0,0,08:43 AM,10:56 AM,371.45,107,8.5,None,1,1,1,8
S9187,2026-04-05,12:49 PM,Rajendra,Hostel,0,0,0,0,0,0,295.34,20,23.18,None,1,0,0,8
S9188,2026-04-21,02:21 PM,Ganga,Library,0,0,01:59 PM,07:52 PM,01:30 PM,08:03 PM,747.98,36,12.37,None,1,0,1,6
S9189,2026-04-29,02:04 PM,Azad,Mess,01:43 PM,02:10 PM,0,0,0,0,465.62,174,41.91,Lunch,1,0,1,4
S9190,2026-04-21,09:06 AM,Sarojini,Mess,08:58 AM,09:19 AM,0,0,0,0,532.71,174,53.31,Breakfast,1,1,1,6
S9191,2026-04-12,07:55 PM,Ganga,Library,0,0,06:42 PM,08:45 PM,06:30 PM,08:55 PM,778.51,177,31.92,None,0,0,0,9
S9192,2026-04-24,08:19 AM,Rajendra,Mess,08:03 AM,08:34 AM,0,0,0,0,395.77,31,41.84,Breakfast,0,0,1,5
S9193,2026-04-24,11:13 AM,Ganga,Hostel,0,0,0,0,0,0,395.06,160,40.08,None,0,0,1,4
S9194,2026-04-29,01:31 PM,Azad,Mess,01:03 PM,01:47 PM,0,0,0,0,396.08,90,38.33,Lunch,1,0,1,6
S9195,2026-04-29,04:20 AM,Ganga,Outside,0,0,0,0,02:22 AM,06:49 AM,155.1,18,1.9,None,0,0,1,4
S9196,2026-04-26,10:22 PM,Rajendra,Library,0,0,06:09 PM,11:59 PM,05:41 PM,11:59 PM,577.32,82,17.09,None,0,0,1,3
S9197,2026-04-18,04:23 PM,Sarojini,Outside,0,0,0,0,03:33 PM,05:38 PM,174.99,31,3.57,None,1,1,0,7
S9198,2026-04-01,07:48 PM,Sarojini,Library,0,0,07:13 PM,07:49 PM,06:53 PM,08:05 PM,652.39,39,16.61,None,0,0,0,7
S9199,2026-04-22,10:04 PM,Rajendra,Hostel,0,0,0,0,0,0,1105.62,106,17.69,None,0,0,1,3
S9200,2026-04-02,12:47 AM,Yamuna,Hostel,0,0,0,0,0,0,364.4,82,25.79,None,0,0,0,6
S9201,2026-04-19,10:46 AM,Sarojini,Hostel,0,0,0,0,0,0,261.65,145,36.49,None,1,1,0,8
S9202,2026-04-24,02:19 PM,Sarojini,Mess,02:08 PM,03:03 PM,0,0,0,0,535.83,87,28.42,Lunch,1,0,1,4
S9203,2026-04-02,10:06 PM,Sarojini,Mess,09:51 PM,10:17 PM,0,0,0,0,492.19,67,36.93,Dinner,0,0,0,6
S9204,2026-04-12,08:40 AM,Azad,Mess,08:36 AM,09:29 AM,0,0,0,0,580.86,86,39.14,Breakfast,0,0,0,8
S9205,2026-04-27,07:42 PM,Rajendra,Mess,07:19 PM,07:45 PM,0,0,0,0,419.07,140,55.81,Dinner,0,0,1,5
S9206,2026-04-17,10:31 AM,Rajendra,Mess,09:53 AM,10:34 AM,0,0,0,0,301.79,91,45.89,Breakfast,1,1,0,7
S9207,2026-04-12,03:44 AM,Sarojini,Hostel,0,0,0,0,0,0,340.59,166,38.19,None,0,0,0,6
S9208,2026-04-09,09:39 AM,Rajendra,Mess,09:32 AM,10:08 AM,0,0,0,0,557.02,155,42.99,Breakfast,0,0,0,6
S9209,2026-04-12,03:56 PM,Azad,Classroom,0,0,0,0,03:40 PM,05:40 PM,124.25,118,12.13,None,1,0,0,9
S9210,2026-04-13,12:09 PM,Rajendra,Mess,12:03 PM,12:50 PM,0,0,0,0,445.68,155,40.05,Lunch,0,0,0,7
S9211,2026-04-11,08:25 PM,Yamuna,Mess,07:48 PM,08:28 PM,0,0,0,0,429.56,91,48.26,Dinner,0,0,0,6
S9212,2026-04-12,11:45 AM,Sarojini,Library,0,0,11:18 AM,12:17 PM,10:59 AM,12:28 PM,1017.73,125,21.85,None,1,0,0,6
S9213,2026-04-30,06:13 PM,Ganga,Hostel,0,0,0,0,0,0,166.66,85,21.83,None,0,0,1,7
S9214,2026-04-08,07:36 PM,Ganga,Mess,07:11 PM,07:57 PM,0,0,0,0,412.35,143,40.9,Dinner,0,0,0,4
S9215,2026-04-10,03:34 PM,Yamuna,Library,0,0,02:09 PM,03:43 PM,01:56 PM,04:29 PM,833.15,11,13.07,None,0,0,0,7
S9216,2026-04-04,08:41 AM,Ganga,Mess,08:15 AM,08:45 AM,0,0,0,0,573.85,44,40.94,Breakfast,0,0,0,6
S9217,2026-04-08,02:25 PM,Yamuna,Mess,02:11 PM,02:37 PM,0,0,0,0,572.9,87,39.82,Lunch,1,0,0,7
S9218,2026-04-14,09:03 PM,Ganga,Library,0,0,07:45 PM,10:26 PM,07:35 PM,11:06 PM,685.88,105,21.08,None,0,0,0,7
S9219,2026-04-17,08:01 PM,Rajendra,Library,0,0,07:01 PM,08:04 PM,06:31 PM,08:21 PM,918.86,46,14.58,None,0,0,0,6
S9220,2026-04-11,11:21 PM,Sarojini,Outside,0,0,0,0,09:26 PM,11:59 PM,118.58,61,6.17,None,0,0,0,7
S9221,2026-04-16,08:05 PM,Ganga,Library,0,0,07:16 PM,09:14 PM,07:06 PM,09:40 PM,875.04,10,13.44,None,0,0,0,8
S9222,2026-04-27,07:28 AM,Ganga,Hostel,0,0,0,0,0,0,367.19,21,23.55,None,0,0,1,5
S9223,2026-04-16,07:53 PM,Azad,Mess,07:27 PM,07:57 PM,0,0,0,0,416.67,90,33.56,Dinner,0,0,0,8
S9224,2026-04-23,02:21 PM,Yamuna,Outside,0,0,0,0,01:02 PM,04:04 PM,352.26,198,20.39,None,1,0,1,5
S9225,2026-04-20,11:40 PM,Azad,Library,0,0,07:52 PM,11:59 PM,07:44 PM,11:59 PM,837.51,52,14.59,None,0,0,1,7
S9226,2026-04-04,01:43 PM,Azad,Hostel,0,0,0,0,0,0,206.78,200,46.07,None,1,0,0,6
S9227,2026-04-16,04:40 PM,Ganga,Hostel,0,0,0,0,0,0,264.86,33,18.79,None,1,1,0,10
S9228,2026-04-07,02:03 PM,Yamuna,Mess,01:47 PM,02:18 PM,0,0,0,0,434.77,69,33.49,Lunch,1,0,0,10
S9229,2026-05-01,01:39 PM,Sarojini,Mess,01:33 PM,02:00 PM,0,0,0,0,398.86,16,35.9,Lunch,0,0,0,7
S9230,2026-04-21,02:44 PM,Sarojini,Mess,02:18 PM,03:05 PM,0,0,0,0,512.37,47,38.39,Lunch,0,0,1,6
S9231,2026-04-05,10:20 PM,Azad,Library,0,0,09:27 PM,11:04 PM,09:04 PM,11:27 PM,641.16,106,20.36,None,0,0,0,6
S9232,2026-04-03,07:41 AM,Rajendra,Mess,07:18 AM,07:48 AM,0,0,0,0,535.42,80,42.91,Breakfast,0,0,0,6
S9233,2026-04-14,10:23 PM,Rajendra,Library,0,0,09:08 PM,11:12 PM,08:43 PM,11:41 PM,695.58,182,21.69,None,0,0,0,7
S9234,2026-04-08,04:56 PM,Yamuna,Library,0,0,04:52 PM,06:29 PM,04:35 PM,07:26 PM,801.66,138,16.95,None,0,0,0,7
S9235,2026-04-03,03:18 PM,Azad,Library,0,0,02:55 PM,04:32 PM,02:43 PM,05:26 PM,832.4,99,25.46,None,1,0,0,6
S9236,2026-04-24,09:14 AM,Rajendra,Mess,09:06 AM,09:28 AM,0,0,0,0,502.92,111,36.52,Breakfast,0,0,1,5
S9237,2026-04-09,09:03 PM,Azad,Library,0,0,08:24 PM,09:51 PM,07:57 PM,10:09 PM,740.18,176,26.72,None,0,0,0,6
S9238,2026-04-06,10:18 PM,Sarojini,Hostel,0,0,0,0,0,0,992.4,165,33.42,None,0,0,0,6
S9239,2026-04-10,08:37 PM,Yamuna,Library,0,0,08:31 PM,11:07 PM,08:10 PM,11:33 PM,837.91,199,37.47,None,0,0,0,7
S9240,2026-04-28,06:29 PM,Sarojini,Library,0,0,05:55 PM,11:59 PM,05:44 PM,11:59 PM,803.12,199,21.67,None,0,0,1,5
S9241,2026-05-01,01:08 PM,Yamuna,Mess,12:59 PM,01:35 PM,0,0,0,0,466.18,78,33.35,Lunch,1,0,0,8
S9242,2026-04-24,09:38 AM,Yamuna,Mess,09:35 AM,10:21 AM,0,0,0,0,298.39,151,58.71,Breakfast,1,1,1,4
S9243,2026-05-01,06:22 AM,Sarojini,Hostel,0,0,0,0,0,0,235.38,63,19.27,None,0,0,0,7
S9244,2026-04-27,04:30 PM,Yamuna,Library,0,0,01:08 PM,07:00 PM,12:41 PM,07:15 PM,927.17,128,23.06,None,0,0,1,7
S9245,2026-04-19,08:40 PM,Ganga,Outside,0,0,0,0,07:58 PM,10:20 PM,262.28,35,3.72,None,0,0,0,7
S9246,2026-04-15,08:16 PM,Yamuna,Library,0,0,06:39 PM,08:49 PM,06:20 PM,09:35 PM,540.8,101,17.53,None,0,0,0,6
S9247,2026-04-08,07:56 PM,Rajendra,Library,0,0,07:38 PM,10:04 PM,07:31 PM,10:28 PM,623.93,28,9.13,None,0,0,0,9
S9248,2026-04-08,07:25 AM,Ganga,Mess,07:05 AM,07:35 AM,0,0,0,0,424.56,97,49.36,Breakfast,0,0,0,7
S9249,2026-04-20,12:46 PM,Ganga,Mess,12:26 PM,01:20 PM,0,0,0,0,593.47,142,39.82,Lunch,1,0,1,5
S9250,2026-04-15,01:58 PM,Rajendra,Mess,01:09 PM,02:02 PM,0,0,0,0,207.52,54,45.72,Lunch,1,0,0,8
S9251,2026-04-17,10:06 PM,Yamuna,Mess,09:50 PM,10:23 PM,0,0,0,0,476.49,71,36.48,Dinner,0,0,0,8
S9252,2026-04-18,01:03 PM,Sarojini,Mess,12:59 PM,01:29 PM,0,0,0,0,620.01,19,30.92,Lunch,1,0,0,7
S9253,2026-04-25,05:23 AM,Azad,Outside,0,0,0,0,04:49 AM,07:28 AM,396.46,118,6.12,None,0,0,1,6
S9254,2026-04-04,07:47 PM,Azad,Library,0,0,07:38 PM,09:13 PM,07:09 PM,09:40 PM,708.88,49,20.48,None,0,0,0,5
S9255,2026-04-18,10:19 PM,Rajendra,Library,0,0,09:58 PM,11:03 PM,09:31 PM,11:59 PM,943.18,137,22.21,None,0,0,0,3
S9256,2026-04-20,12:14 PM,Rajendra,Mess,12:14 PM,12:43 PM,0,0,0,0,559.66,25,34.46,Lunch,0,0,1,6
S9257,2026-04-23,01:51 PM,Azad,Library,0,0,09:57 AM,05:47 PM,09:42 AM,05:59 PM,545.56,198,37.22,None,0,0,1,4
S9258,2026-04-10,12:44 AM,Rajendra,Hostel,0,0,0,0,0,0,310.08,192,40.38,None,0,0,0,15
S9259,2026-04-03,11:06 PM,Yamuna,Library,0,0,10:45 PM,11:59 PM,10:29 PM,11:59 PM,820.55,76,18.49,None,0,0,0,6
S9260,2026-05-01,09:23 AM,Sarojini,Mess,09:01 AM,09:27 AM,0,0,0,0,307.91,39,43.01,Breakfast,0,0,0,9
S9261,2026-04-10,12:48 PM,Azad,Library,0,0,12:25 PM,02:43 PM,12:14 PM,03:01 PM,714.17,28,11.76,None,1,0,0,7
S9262,2026-04-11,06:05 PM,Ganga,Library,0,0,05:23 PM,07:20 PM,04:57 PM,08:05 PM,620.0,167,22.91,None,0,0,0,7
S9263,2026-04-15,07:09 PM,Yamuna,Library,0,0,06:33 PM,07:15 PM,06:16 PM,08:13 PM,839.67,42,11.8,None,0,0,0,7
S9264,2026-04-18,02:59 PM,Yamuna,Mess,02:49 PM,03:46 PM,0,0,0,0,334.31,14,37.4,Lunch,1,0,0,8
S9265,2026-04-19,08:35 PM,Sarojini,Mess,08:23 PM,08:46 PM,0,0,0,0,245.49,73,36.43,Dinner,0,0,0,6
S9266,2026-04-19,03:30 PM,Azad,Library,0,0,03:15 PM,04:26 PM,03:03 PM,04:59 PM,850.39,113,24.09,None,1,0,0,8
S9267,2026-04-13,08:53 AM,Ganga,Mess,08:40 AM,09:05 AM,0,0,0,0,511.7,37,36.09,Breakfast,0,0,0,7
S9268,2026-04-23,10:20 AM,Ganga,Mess,09:55 AM,10:47 AM,0,0,0,0,383.09,173,48.73,Breakfast,1,1,1,6
S9269,2026-04-13,07:09 PM,Ganga,Library,0,0,06:26 PM,08:28 PM,06:09 PM,08:52 PM,805.01,146,21.82,None,0,0,0,12
S9270,2026-04-20,06:48 AM,Ganga,Hostel,0,0,0,0,0,0,221.96,116,32.35,None,0,0,1,7
S9271,2026-04-11,09:11 AM,Rajendra,Mess,08:49 AM,09:17 AM,0,0,0,0,454.7,167,58.94,Breakfast,1,1,0,4
S9272,2026-04-22,09:48 AM,Sarojini,Mess,09:30 AM,09:55 AM,0,0,0,0,446.58,19,39.98,Breakfast,0,0,1,6
S9273,2026-04-02,02:01 PM,Yamuna,Library,0,0,01:24 PM,02:05 PM,12:59 PM,03:02 PM,960.88,95,22.76,None,0,0,0,6
S9274,2026-04-21,05:26 PM,Yamuna,Library,0,0,04:07 PM,09:45 PM,04:02 PM,10:00 PM,554.39,195,33.7,None,0,0,1,4
S9275,2026-04-24,07:37 PM,Ganga,Library,0,0,01:48 PM,08:36 PM,01:24 PM,09:17 PM,856.5,181,33.42,None,0,0,1,3
S9276,2026-04-22,08:13 AM,Yamuna,Mess,07:27 AM,08:25 AM,0,0,0,0,399.53,153,43.25,Breakfast,0,0,1,6
S9277,2026-04-05,03:26 PM,Rajendra,Mess,02:45 PM,03:35 PM,0,0,0,0,268.77,117,36.12,Lunch,1,0,0,7
S9278,2026-04-05,12:48 PM,Ganga,Mess,12:19 PM,01:04 PM,0,0,0,0,545.29,97,38.65,Lunch,0,0,0,6
S9279,2026-04-06,12:11 PM,Azad,Hostel,0,0,0,0,0,0,324.78,156,35.54,None,1,0,0,14
S9280,2026-04-10,09:47 AM,Azad,Library,0,0,09:46 AM,11:52 AM,09:25 AM,12:40 PM,688.87,122,19.61,None,0,0,0,4
S9281,2026-04-05,02:06 PM,Ganga,Library,0,0,11:45 AM,02:11 PM,11:27 AM,02:50 PM,866.92,182,31.24,None,1,0,0,3
S9282,2026-04-02,06:21 PM,Sarojini,Classroom,0,0,0,0,05:44 PM,07:58 PM,235.07,150,13.4,None,1,1,0,7
S9283,2026-04-04,01:00 AM,Sarojini,Outside,0,0,0,0,0,03:36 AM,138.95,140,17.25,None,0,0,0,7
S9284,2026-04-11,06:45 AM,Azad,Hostel,0,0,0,0,0,0,174.82,97,22.88,None,0,0,0,8
S9285,2026-04-03,04:22 PM,Yamuna,Library,0,0,02:46 PM,05:24 PM,02:23 PM,05:45 PM,846.27,25,12.62,None,1,1,0,6
S9286,2026-04-20,06:54 PM,Sarojini,Library,0,0,06:42 PM,11:59 PM,06:15 PM,11:59 PM,863.98,140,25.15,None,0,0,1,7
S9287,2026-04-27,03:44 AM,Azad,Hostel,0,0,0,0,0,0,197.12,146,35.21,None,0,0,1,5
S9288,2026-04-12,04:27 PM,Sarojini,Library,0,0,03:54 PM,05:30 PM,03:29 PM,06:26 PM,560.46,51,13.14,None,0,0,0,4
S9289,2026-04-17,08:23 PM,Yamuna,Outside,0,0,0,0,06:57 PM,11:07 PM,366.0,198,16.57,None,0,0,0,6
S9290,2026-04-25,01:15 AM,Azad,Outside,0,0,0,0,0,03:56 AM,181.28,41,2.21,None,0,0,1,4
S9291,2026-04-11,03:03 PM,Sarojini,Hostel,0,0,0,0,0,0,328.87,49,23.38,None,0,0,0,9
S9292,2026-04-13,11:34 PM,Rajendra,Hostel,0,0,0,0,0,0,812.12,32,17.26,None,0,0,0,6
S9293,2026-04-01,09:27 PM,Yamuna,Mess,09:15 PM,09:51 PM,0,0,0,0,377.74,121,37.86,Dinner,0,0,0,8
S9294,2026-05-01,05:28 PM,Sarojini,Outside,0,0,0,0,04:46 PM,06:53 PM,355.7,118,14.41,None,0,0,0,7
S9295,2026-04-20,06:56 PM,Rajendra,Library,0,0,02:40 PM,10:31 PM,02:28 PM,10:59 PM,702.8,128,22.31,None,0,0,1,3
S9296,2026-04-01,12:29 PM,Azad,Library,0,0,12:00 PM,12:44 PM,11:35 AM,01:15 PM,933.62,166,27.12,None,0,0,0,6
S9297,2026-04-27,01:35 AM,Yamuna,Hostel,0,0,0,0,0,0,167.64,152,36.15,None,0,0,1,5
S9298,2026-04-07,01:20 PM,Azad,Classroom,0,0,0,0,01:04 PM,03:05 PM,260.0,53,7.65,None,1,0,0,10
S9299,2026-04-05,03:19 PM,Azad,Mess,02:47 PM,03:36 PM,0,0,0,0,406.35,188,49.75,Lunch,0,0,0,6
S9300,2026-04-22,10:17 AM,Yamuna,Mess,09:36 AM,10:32 AM,0,0,0,0,294.31,51,27.4,Breakfast,1,1,1,7
S9301,2026-04-30,11:50 PM,Yamuna,Library,0,0,06:42 PM,11:59 PM,06:27 PM,11:59 PM,801.65,124,14.22,None,0,0,1,6
S9302,2026-04-12,08:02 AM,Azad,Mess,07:23 AM,08:15 AM,0,0,0,0,491.83,135,41.97,Breakfast,0,0,0,8
S9303,2026-04-30,06:58 AM,Ganga,Outside,0,0,0,0,05:04 AM,09:46 AM,246.5,151,16.01,None,0,0,1,8
S9304,2026-05-01,12:48 PM,Ganga,Outside,0,0,0,0,12:12 PM,03:18 PM,311.21,200,13.97,None,1,0,0,16
S9305,2026-04-06,10:55 PM,Ganga,Library,0,0,09:17 PM,11:51 PM,09:11 PM,11:59 PM,436.99,17,13.22,None,0,0,0,6
S9306,2026-04-28,01:43 PM,Rajendra,Library,0,0,12:39 PM,07:29 PM,12:27 PM,07:48 PM,982.45,31,8.94,None,1,0,1,4
S9307,2026-04-26,06:36 PM,Rajendra,Library,0,0,06:15 PM,11:59 PM,06:07 PM,11:59 PM,454.02,137,21.66,None,0,0,1,4
S9308,2026-04-10,04:44 PM,Rajendra,Outside,0,0,0,0,03:33 PM,05:56 PM,121.01,96,6.74,None,0,0,0,4
S9309,2026-04-09,08:15 PM,Rajendra,Outside,0,0,0,0,06:30 PM,10:02 PM,131.88,11,1.11,None,0,0,0,6
S9310,2026-04-16,10:07 PM,Azad,Mess,09:46 PM,10:19 PM,0,0,0,0,417.58,180,53.45,Dinner,0,0,0,7
S9311,2026-04-01,02:38 PM,Ganga,Mess,02:32 PM,03:00 PM,0,0,0,0,483.84,113,37.15,Lunch,0,0,0,7
S9312,2026-04-08,09:28 AM,Sarojini,Library,0,0,09:03 AM,10:18 AM,08:56 AM,11:01 AM,701.61,166,21.09,None,1,1,0,8
S9313,2026-05-01,09:22 PM,Sarojini,Mess,08:55 PM,09:43 PM,0,0,0,0,372.96,62,36.36,Dinner,0,0,0,7
S9314,2026-04-01,07:29 PM,Ganga,Hostel,0,0,0,0,0,0,358.27,71,18.33,None,0,0,0,3
S9315,2026-04-12,02:35 PM,Rajendra,Library,0,0,01:47 PM,03:07 PM,01:37 PM,03:21 PM,729.96,68,17.8,None,0,0,0,7
S9316,2026-04-06,08:02 AM,Rajendra,Mess,07:47 AM,08:14 AM,0,0,0,0,262.07,99,38.61,Breakfast,0,0,0,4
S9317,2026-04-04,02:10 PM,Ganga,Library,0,0,01:59 PM,03:35 PM,01:46 PM,04:01 PM,810.09,74,17.56,None,1,0,0,9
S9318,2026-04-04,09:03 PM,Rajendra,Mess,08:45 PM,09:36 PM,0,0,0,0,507.12,10,38.44,Dinner,0,0,0,9
S9319,2026-04-18,08:57 PM,Yamuna,Mess,08:39 PM,09:00 PM,0,0,0,0,560.88,38,23.47,Dinner,0,0,0,7
S9320,2026-04-25,06:34 PM,Ganga,Library,0,0,01:55 PM,10:54 PM,01:46 PM,11:47 PM,608.13,143,27.45,None,0,0,1,6
S9321,2026-04-10,02:47 PM,Yamuna,Mess,02:23 PM,02:52 PM,0,0,0,0,472.96,58,32.66,Lunch,1,0,0,8
S9322,2026-04-13,11:03 PM,Rajendra,Library,0,0,10:30 PM,11:55 PM,10:11 PM,11:59 PM,865.16,193,33.37,None,0,0,0,9
S9323,2026-04-23,09:25 AM,Yamuna,Mess,09:21 AM,10:20 AM,0,0,0,0,450.58,64,33.26,Breakfast,1,1,1,4
S9324,2026-04-17,10:53 PM,Azad,Hostel,0,0,0,0,0,0,1354.63,188,36.03,None,0,0,0,15
S9325,2026-05-01,02:11 PM,Sarojini,Mess,02:09 PM,02:34 PM,0,0,0,0,411.53,25,26.36,Lunch,1,0,0,8
S9326,2026-04-16,07:56 PM,Azad,Library,0,0,06:25 PM,08:05 PM,05:55 PM,09:00 PM,430.32,196,32.97,None,0,0,0,8
S9327,2026-04-06,09:44 PM,Sarojini,Library,0,0,07:44 PM,09:48 PM,07:21 PM,10:21 PM,693.15,85,22.48,None,0,0,0,6
S9328,2026-04-09,10:34 AM,Yamuna,Classroom,0,0,0,0,10:16 AM,11:30 AM,312.12,136,10.84,None,1,1,0,6
S9329,2026-04-15,08:40 PM,Sarojini,Mess,08:30 PM,09:00 PM,0,0,0,0,571.56,90,34.66,Dinner,0,0,0,6
S9330,2026-04-11,09:20 AM,Ganga,Mess,09:03 AM,09:47 AM,0,0,0,0,631.06,58,34.06,Breakfast,1,1,0,6
S9331,2026-04-06,11:41 AM,Yamuna,Library,0,0,11:29 AM,12:17 PM,11:00 AM,01:16 PM,557.87,33,11.23,None,0,0,0,5
S9332,2026-04-30,09:29 PM,Rajendra,Mess,09:23 PM,10:09 PM,0,0,0,0,351.88,64,39.13,Dinner,0,0,1,3
S9333,2026-04-17,02:04 PM,Azad,Mess,01:34 PM,02:26 PM,0,0,0,0,247.46,123,34.9,Lunch,1,0,0,7
S9334,2026-04-02,02:17 AM,Rajendra,Outside,0,0,0,0,01:10 AM,04:11 AM,215.68,123,11.87,None,0,0,0,7
S9335,2026-04-07,01:42 PM,Rajendra,Library,0,0,11:48 AM,02:42 PM,11:43 AM,03:15 PM,780.23,121,17.66,None,1,0,0,4
S9336,2026-04-13,11:15 AM,Yamuna,Classroom,0,0,0,0,10:54 AM,12:10 PM,170.13,145,15.94,None,1,0,0,13
S9337,2026-04-15,12:23 PM,Yamuna,Library,0,0,11:38 AM,12:23 PM,11:28 AM,01:06 PM,772.24,115,23.87,None,1,0,0,8
S9338,2026-04-14,01:28 PM,Yamuna,Library,0,0,01:03 PM,02:33 PM,12:57 PM,02:50 PM,951.93,134,27.72,None,1,0,0,6
S9339,2026-04-02,10:00 PM,Yamuna,Library,0,0,09:51 PM,11:55 PM,09:27 PM,11:59 PM,1026.65,153,25.24,None,0,0,0,4
S9340,2026-04-30,10:09 AM,Sarojini,Mess,09:55 AM,10:26 AM,0,0,0,0,501.79,172,40.74,Breakfast,1,1,1,6
S9341,2026-04-15,05:34 PM,Sarojini,Outside,0,0,0,0,03:37 PM,07:12 PM,234.91,94,5.0,None,0,0,0,7
S9342,2026-04-27,08:48 AM,Rajendra,Mess,08:47 AM,09:19 AM,0,0,0,0,414.13,63,40.67,Breakfast,0,0,1,3
S9343,2026-04-22,02:40 PM,Ganga,Classroom,0,0,0,0,02:02 PM,03:17 PM,265.5,81,11.19,None,1,0,1,8
S9344,2026-05-01,09:19 AM,Ganga,Outside,0,0,0,0,07:49 AM,11:18 AM,230.37,55,4.74,None,0,0,0,9
S9345,2026-04-02,11:45 PM,Azad,Outside,0,0,0,0,10:18 PM,11:59 PM,165.29,66,8.95,None,0,0,0,8
S9346,2026-04-26,09:40 PM,Azad,Mess,09:25 PM,10:11 PM,0,0,0,0,495.37,170,45.4,Dinner,0,0,1,4
S9347,2026-04-01,09:22 AM,Azad,Library,0,0,09:04 AM,09:51 AM,08:42 AM,10:47 AM,721.67,157,21.46,None,0,0,0,9
S9348,2026-04-05,06:10 PM,Rajendra,Library,0,0,04:10 PM,06:14 PM,04:02 PM,07:09 PM,506.35,170,22.46,None,0,0,0,3
S9349,2026-04-06,02:13 PM,Ganga,Library,0,0,01:04 PM,03:58 PM,12:42 PM,04:17 PM,857.12,181,27.66,None,1,0,0,15
S9350,2026-04-01,07:47 PM,Azad,Mess,07:45 PM,08:26 PM,0,0,0,0,399.52,132,58.12,Dinner,0,0,0,6
S9351,2026-04-17,06:23 PM,Ganga,Outside,0,0,0,0,05:09 PM,07:56 PM,150.48,73,7.45,None,0,0,0,7
S9352,2026-04-17,03:22 PM,Azad,Hostel,0,0,0,0,0,0,168.92,121,26.84,None,1,0,0,8
S9353,2026-05-01,09:55 PM,Sarojini,Mess,09:45 PM,10:18 PM,0,0,0,0,304.79,162,53.87,Dinner,0,0,0,6
S9354,2026-04-15,09:30 AM,Yamuna,Classroom,0,0,0,0,09:01 AM,10:48 AM,214.75,20,1.24,None,1,1,0,7
S9355,2026-04-30,10:01 PM,Ganga,Library,0,0,06:12 PM,11:59 PM,05:43 PM,11:59 PM,735.07,104,24.64,None,0,0,1,7
S9356,2026-04-12,04:11 PM,Yamuna,Library,0,0,03:41 PM,05:22 PM,03:22 PM,05:33 PM,921.3,71,18.4,None,0,0,0,6
S9357,2026-04-28,02:50 PM,Sarojini,Mess,02:44 PM,03:25 PM,0,0,0,0,511.7,192,53.13,Lunch,0,0,1,6
S9358,2026-04-27,11:55 PM,Yamuna,Hostel,0,0,0,0,0,0,779.78,40,23.95,None,0,0,1,6
S9359,2026-04-18,10:57 PM,Sarojini,Library,0,0,09:11 PM,11:26 PM,08:51 PM,11:58 PM,935.87,180,30.1,None,0,0,0,6
S9360,2026-04-23,04:49 AM,Ganga,Outside,0,0,0,0,03:25 AM,07:06 AM,319.16,149,11.87,None,0,0,1,7
S9361,2026-04-20,09:33 AM,Yamuna,Mess,09:28 AM,09:49 AM,0,0,0,0,372.86,108,36.79,Breakfast,0,0,1,5
S9362,2026-04-14,04:17 PM,Yamuna,Outside,0,0,0,0,02:47 PM,05:49 PM,155.28,50,4.89,None,1,1,0,7
S9363,2026-04-16,08:40 PM,Yamuna,Mess,08:04 PM,08:56 PM,0,0,0,0,537.47,180,47.15,Dinner,0,0,0,6
S9364,2026-04-12,12:19 PM,Rajendra,Mess,12:13 PM,01:02 PM,0,0,0,0,507.58,154,49.26,Lunch,1,0,0,6
S9365,2026-04-11,10:20 PM,Ganga,Mess,09:32 PM,10:21 PM,0,0,0,0,594.61,32,27.86,Dinner,0,0,0,7
S9366,2026-04-12,10:32 PM,Azad,Outside,0,0,0,0,08:44 PM,11:59 PM,269.91,41,5.18,None,0,0,0,8
S9367,2026-04-10,09:50 AM,Yamuna,Library,0,0,09:07 AM,10:00 AM,08:55 AM,10:37 AM,607.48,194,30.26,None,0,0,0,7
S9368,2026-04-25,01:21 PM,Yamuna,Hostel,0,0,0,0,0,0,281.21,152,38.23,None,1,0,1,5
S9369,2026-04-08,03:04 PM,Azad,Mess,02:20 PM,03:11 PM,0,0,0,0,441.86,176,46.48,Lunch,0,0,0,8
S9370,2026-04-21,02:59 AM,Sarojini,Outside,0,0,0,0,01:52 AM,04:03 AM,130.76,199,17.98,None,0,0,1,6
S9371,2026-04-10,09:44 PM,Rajendra,Mess,09:21 PM,10:02 PM,0,0,0,0,477.81,42,33.24,Dinner,0,0,0,8
S9372,2026-04-11,10:34 AM,Yamuna,Classroom,0,0,0,0,09:55 AM,11:11 AM,128.25,84,9.0,None,1,1,0,3
S9373,2026-04-15,09:31 PM,Yamuna,Library,0,0,08:18 PM,10:01 PM,07:58 PM,10:52 PM,647.96,121,17.38,None,0,0,0,7
S9374,2026-04-02,10:02 PM,Yamuna,Mess,09:25 PM,10:05 PM,0,0,0,0,283.18,143,36.94,Dinner,0,0,0,4
S9375,2026-04-08,01:27 AM,Azad,Outside,0,0,0,0,12:17 AM,04:05 AM,313.39,93,6.84,None,0,0,0,9
S9376,2026-04-17,12:28 PM,Azad,Outside,0,0,0,0,11:34 AM,02:32 PM,239.0,73,8.95,None,1,0,0,7
S9377,2026-04-24,11:04 PM,Yamuna,Hostel,0,0,0,0,0,0,1548.07,133,32.5,None,0,0,1,6
S9378,2026-04-14,09:58 AM,Azad,Library,0,0,09:16 AM,11:36 AM,08:52 AM,11:50 AM,853.65,167,20.54,None,1,1,0,7
S9379,2026-04-06,11:32 AM,Azad,Outside,0,0,0,0,10:10 AM,12:41 PM,178.3,38,5.68,None,1,0,0,7
S9380,2026-04-19,03:04 PM,Azad,Mess,02:42 PM,03:06 PM,0,0,0,0,585.73,60,27.35,Lunch,1,0,0,4
S9381,2026-04-18,09:22 PM,Ganga,Mess,09:00 PM,09:38 PM,0,0,0,0,465.73,41,37.54,Dinner,0,0,0,8
S9382,2026-04-28,10:38 PM,Ganga,Library,0,0,06:27 PM,11:59 PM,06:00 PM,11:59 PM,810.17,191,33.62,None,0,0,1,6
S9383,2026-04-12,10:41 AM,Yamuna,Library,0,0,10:31 AM,11:05 AM,10:19 AM,11:28 AM,527.08,191,21.34,None,0,0,0,6
S9384,2026-05-01,12:00 PM,Yamuna,Outside,0,0,0,0,11:06 AM,01:44 PM,170.12,71,7.99,None,0,0,0,7
S9385,2026-04-17,11:53 PM,Azad,Library,0,0,10:25 PM,11:58 PM,10:03 PM,11:59 PM,740.15,154,19.9,None,0,0,0,8
S9386,2026-05-01,11:48 AM,Sarojini,Outside,0,0,0,0,10:52 AM,02:10 PM,212.05,186,16.76,None,1,0,0,8
S9387,2026-04-11,01:55 AM,Sarojini,Outside,0,0,0,0,12:23 AM,04:09 AM,284.18,190,11.82,None,0,0,0,6
S9388,2026-04-17,02:59 PM,Rajendra,Library,0,0,01:49 PM,03:53 PM,01:25 PM,04:40 PM,918.57,72,22.94,None,0,0,0,14
S9389,2026-04-10,01:46 PM,Yamuna,Hostel,0,0,0,0,0,0,149.37,41,16.14,None,0,0,0,8
S9390,2026-04-17,07:32 AM,Sarojini,Mess,07:29 AM,08:03 AM,0,0,0,0,397.52,28,26.16,Breakfast,0,0,0,6
S9391,2026-04-05,05:53 AM,Azad,Outside,0,0,0,0,04:39 AM,08:35 AM,133.24,177,22.0,None,0,0,0,14
S9392,2026-04-22,04:44 PM,Rajendra,Outside,0,0,0,0,03:25 PM,06:05 PM,242.25,158,10.29,None,0,0,1,7
S9393,2026-04-01,08:41 PM,Yamuna,Mess,08:03 PM,08:59 PM,0,0,0,0,535.67,148,30.06,Dinner,0,0,0,6
S9394,2026-04-04,10:44 PM,Yamuna,Library,0,0,09:51 PM,11:09 PM,09:38 PM,11:59 PM,635.82,75,13.86,None,0,0,0,5
S9395,2026-04-13,12:01 PM,Sarojini,Library,0,0,12:01 PM,01:23 PM,11:46 AM,02:02 PM,754.51,50,11.96,None,0,0,0,16
S9396,2026-04-23,11:54 AM,Sarojini,Library,0,0,09:20 AM,03:34 PM,08:52 AM,04:07 PM,810.86,137,28.47,None,1,0,1,6
S9397,2026-04-18,09:35 AM,Yamuna,Mess,09:17 AM,09:55 AM,0,0,0,0,452.78,29,26.02,Breakfast,0,0,0,9
S9398,2026-04-22,10:06 AM,Rajendra,Mess,09:49 AM,10:21 AM,0,0,0,0,413.77,144,36.86,Breakfast,0,0,1,4
S9399,2026-04-18,01:44 PM,Ganga,Mess,01:26 PM,01:51 PM,0,0,0,0,418.5,12,21.96,Lunch,0,0,0,8
S9400,2026-04-01,05:15 AM,Yamuna,Outside,0,0,0,0,04:08 AM,06:42 AM,292.91,189,10.23,None,0,0,0,8
S9401,2026-04-28,11:01 PM,Azad,Library,0,0,10:48 PM,11:59 PM,10:24 PM,11:59 PM,481.98,16,14.66,None,0,0,1,4
S9402,2026-04-07,09:18 PM,Yamuna,Mess,09:06 PM,09:41 PM,0,0,0,0,466.31,197,44.62,Dinner,0,0,0,7
S9403,2026-04-16,09:03 AM,Azad,Mess,08:53 AM,09:13 AM,0,0,0,0,464.19,67,32.81,Breakfast,0,0,0,8
S9404,2026-04-13,09:46 PM,Yamuna,Outside,0,0,0,0,08:25 PM,11:40 PM,219.01,192,14.32,None,0,0,0,8
S9405,2026-04-07,10:43 PM,Rajendra,Library,0,0,09:19 PM,11:47 PM,08:59 PM,11:59 PM,772.84,45,19.97,None,0,0,0,6
S9406,2026-04-15,07:17 AM,Rajendra,Mess,07:12 AM,08:02 AM,0,0,0,0,327.1,101,40.77,Breakfast,0,0,0,7
S9407,2026-04-05,07:44 PM,Azad,Library,0,0,07:02 PM,08:50 PM,06:53 PM,09:30 PM,789.14,32,14.73,None,0,0,0,8
S9408,2026-05-01,05:49 PM,Rajendra,Library,0,0,05:00 PM,06:48 PM,04:51 PM,07:26 PM,584.87,151,14.35,None,0,0,0,7
S9409,2026-04-29,07:24 PM,Yamuna,Mess,07:03 PM,07:25 PM,0,0,0,0,638.22,124,36.81,Dinner,0,0,1,5
S9410,2026-04-30,11:32 AM,Yamuna,Hostel,0,0,0,0,0,0,348.35,27,22.94,None,1,0,1,5
S9411,2026-04-10,10:22 PM,Yamuna,Mess,09:38 PM,10:23 PM,0,0,0,0,371.77,56,38.1,Dinner,0,0,0,5
S9412,2026-04-23,07:32 AM,Ganga,Mess,07:28 AM,08:03 AM,0,0,0,0,411.37,151,47.11,Breakfast,0,0,1,3
S9413,2026-05-01,06:17 PM,Ganga,Library,0,0,04:05 PM,06:50 PM,03:36 PM,07:28 PM,548.19,16,7.03,None,0,0,0,6
S9414,2026-04-10,03:45 PM,Rajendra,Library,0,0,02:05 PM,03:48 PM,01:56 PM,04:11 PM,796.2,155,17.41,None,1,0,0,8
S9415,2026-04-22,07:52 AM,Azad,Hostel,0,0,0,0,0,0,299.79,107,29.98,None,0,0,1,4
S9416,2026-04-29,01:46 PM,Yamuna,Mess,12:58 PM,01:55 PM,0,0,0,0,544.56,38,27.68,Lunch,1,0,1,7
S9417,2026-04-13,02:29 PM,Yamuna,Library,0,0,02:15 PM,03:05 PM,02:05 PM,03:36 PM,927.6,29,11.09,None,1,0,0,13
S9418,2026-04-09,08:17 PM,Yamuna,Outside,0,0,0,0,06:59 PM,10:43 PM,367.66,182,12.36,None,0,0,0,7
S9419,2026-04-02,08:59 PM,Ganga,Mess,08:23 PM,09:02 PM,0,0,0,0,381.24,75,36.41,Dinner,0,0,0,16
S9420,2026-04-16,03:22 PM,Rajendra,Library,0,0,02:27 PM,04:03 PM,01:57 PM,04:54 PM,831.18,200,41.6,None,1,0,0,7
S9421,2026-04-22,07:58 AM,Azad,Mess,07:32 AM,08:19 AM,0,0,0,0,667.39,35,22.63,Breakfast,0,0,1,6
S9422,2026-04-22,12:26 PM,Sarojini,Mess,12:26 PM,01:04 PM,0,0,0,0,365.75,54,37.41,Lunch,0,0,1,3
S9423,2026-04-11,08:21 PM,Rajendra,Library,0,0,08:11 PM,08:58 PM,07:41 PM,09:41 PM,824.02,164,20.17,None,0,0,0,7
S9424,2026-04-13,10:36 AM,Ganga,Outside,0,0,0,0,09:07 AM,11:37 AM,215.01,150,19.15,None,0,0,0,3
S9425,2026-04-12,01:02 PM,Yamuna,Library,0,0,11:36 AM,02:06 PM,11:14 AM,02:58 PM,838.36,60,13.9,None,0,0,0,4
S9426,2026-04-28,05:50 AM,Sarojini,Outside,0,0,0,0,05:16 AM,07:37 AM,375.62,141,18.64,None,0,0,1,6
S9427,2026-04-12,01:10 PM,Azad,Classroom,0,0,0,0,12:59 PM,02:46 PM,129.07,77,6.57,None,1,0,0,9
S9428,2026-04-26,07:28 PM,Rajendra,Mess,07:16 PM,07:37 PM,0,0,0,0,466.15,129,32.13,Dinner,0,0,1,6
S9429,2026-04-26,07:10 AM,Sarojini,Mess,07:06 AM,07:29 AM,0,0,0,0,408.27,28,41.31,Breakfast,0,0,1,4
S9430,2026-04-28,02:56 PM,Azad,Outside,0,0,0,0,01:44 PM,05:33 PM,136.49,22,2.91,None,0,0,1,6
S9431,2026-04-30,02:02 PM,Azad,Library,0,0,10:12 AM,07:10 PM,09:44 AM,07:50 PM,728.84,101,18.13,None,1,0,1,4
S9432,2026-04-28,08:00 AM,Rajendra,Mess,07:33 AM,08:00 AM,0,0,0,0,275.07,64,36.44,Breakfast,0,0,1,7
S9433,2026-04-04,06:28 AM,Yamuna,Outside,0,0,0,0,05:46 AM,08:57 AM,117.36,137,6.87,None,0,0,0,8
S9434,2026-04-23,03:13 PM,Sarojini,Mess,02:29 PM,03:25 PM,0,0,0,0,566.2,140,55.26,Lunch,1,0,1,6
S9435,2026-04-11,11:12 PM,Ganga,Library,0,0,10:33 PM,11:59 PM,10:07 PM,11:59 PM,1087.19,59,12.45,None,0,0,0,8
S9436,2026-04-21,07:15 AM,Sarojini,Outside,0,0,0,0,05:40 AM,09:52 AM,398.83,36,4.73,None,0,0,1,6
S9437,2026-04-23,04:54 PM,Yamuna,Library,0,0,04:48 PM,10:25 PM,04:41 PM,10:35 PM,997.31,42,19.49,None,0,0,1,7
S9438,2026-04-13,02:36 PM,Sarojini,Mess,02:33 PM,02:57 PM,0,0,0,0,520.57,178,57.26,Lunch,0,0,0,14
S9439,2026-04-27,08:40 AM,Azad,Classroom,0,0,0,0,08:18 AM,10:20 AM,285.39,181,22.73,None,1,1,1,5
S9440,2026-04-27,01:24 AM,Yamuna,Outside,0,0,0,0,12:10 AM,02:38 AM,164.53,15,2.04,None,0,0,1,4
S9441,2026-04-30,09:12 AM,Ganga,Hostel,0,0,0,0,0,0,398.02,147,30.29,None,1,1,1,6
S9442,2026-04-24,01:19 PM,Yamuna,Library,0,0,12:30 PM,05:54 PM,12:01 PM,06:16 PM,633.5,39,12.89,None,0,0,1,4
S9443,2026-04-09,08:54 AM,Ganga,Mess,08:33 AM,08:59 AM,0,0,0,0,509.72,77,36.07,Breakfast,0,0,0,7
S9444,2026-04-29,07:35 PM,Ganga,Mess,07:34 PM,08:23 PM,0,0,0,0,585.97,39,37.06,Dinner,0,0,1,8
S9445,2026-04-30,09:58 PM,Yamuna,Mess,09:31 PM,10:06 PM,0,0,0,0,453.21,80,31.43,Dinner,0,0,1,6
S9446,2026-04-30,11:28 PM,Azad,Library,0,0,09:13 PM,11:59 PM,08:59 PM,11:59 PM,738.33,121,25.11,None,0,0,1,3
S9447,2026-04-24,01:55 AM,Rajendra,Hostel,0,0,0,0,0,0,290.54,165,39.52,None,0,0,1,6
S9448,2026-04-29,11:33 PM,Rajendra,Library,0,0,10:58 PM,11:59 PM,10:45 PM,11:59 PM,679.54,123,25.49,None,0,0,1,6
S9449,2026-04-18,08:42 PM,Rajendra,Mess,08:08 PM,08:53 PM,0,0,0,0,654.13,115,49.85,Dinner,0,0,0,7
S9450,2026-04-21,10:30 AM,Rajendra,Outside,0,0,0,0,09:26 AM,11:34 AM,249.76,42,3.37,None,0,0,1,5
S9451,2026-05-01,09:35 PM,Yamuna,Mess,09:27 PM,10:15 PM,0,0,0,0,335.04,130,53.37,Dinner,0,0,0,11
S9452,2026-04-12,06:36 PM,Yamuna,Classroom,0,0,0,0,06:23 PM,07:35 PM,269.93,85,11.0,None,1,1,0,9
S9453,2026-04-03,12:08 AM,Ganga,Hostel,0,0,0,0,0,0,276.22,80,24.18,None,0,0,0,7
S9454,2026-04-24,03:02 PM,Rajendra,Library,0,0,09:22 AM,03:33 PM,09:02 AM,03:43 PM,617.46,10,9.7,None,0,0,1,6
S9455,2026-04-13,03:14 PM,Rajendra,Outside,0,0,0,0,01:46 PM,05:18 PM,215.58,102,6.61,None,0,0,0,8
S9456,2026-04-18,03:05 PM,Yamuna,Library,0,0,02:08 PM,03:16 PM,01:45 PM,03:47 PM,709.72,184,22.57,None,1,0,0,8
S9457,2026-04-16,08:40 PM,Sarojini,Mess,08:28 PM,08:55 PM,0,0,0,0,437.52,132,42.74,Dinner,0,0,0,7
S9458,2026-04-25,01:45 AM,Sarojini,Hostel,0,0,0,0,0,0,173.49,17,25.59,None,0,0,1,3
S9459,2026-04-05,07:03 PM,Rajendra,Library,0,0,06:44 PM,09:03 PM,06:33 PM,09:33 PM,748.81,62,22.14,None,0,0,0,6
S9460,2026-04-05,01:07 PM,Yamuna,Mess,12:44 PM,01:11 PM,0,0,0,0,382.08,73,40.06,Lunch,1,0,0,7
S9461,2026-04-17,02:25 PM,Rajendra,Mess,02:13 PM,02:52 PM,0,0,0,0,422.55,180,55.2,Lunch,1,0,0,8
S9462,2026-04-02,10:09 AM,Ganga,Mess,09:59 AM,10:46 AM,0,0,0,0,514.89,134,36.9,Breakfast,1,1,0,8
S9463,2026-04-05,01:49 PM,Rajendra,Library,0,0,01:49 PM,03:57 PM,01:23 PM,04:31 PM,825.39,56,13.16,None,0,0,0,8
S9464,2026-04-04,09:20 AM,Sarojini,Mess,09:13 AM,09:33 AM,0,0,0,0,398.45,174,50.83,Breakfast,0,0,0,7
S9465,2026-04-18,08:09 PM,Yamuna,Outside,0,0,0,0,07:15 PM,09:17 PM,255.93,174,20.04,None,0,0,0,17
S9466,2026-04-14,08:13 PM,Ganga,Outside,0,0,0,0,07:28 PM,10:32 PM,167.94,125,11.28,None,0,0,0,7
S9467,2026-04-26,07:28 AM,Azad,Mess,07:12 AM,07:33 AM,0,0,0,0,377.12,23,40.78,Breakfast,0,0,1,5
S9468,2026-04-14,04:34 PM,Azad,Classroom,0,0,0,0,04:05 PM,06:10 PM,336.87,194,17.31,None,1,1,0,7
S9469,2026-04-11,01:55 PM,Yamuna,Mess,01:45 PM,02:27 PM,0,0,0,0,422.54,176,50.75,Lunch,0,0,0,6
S9470,2026-04-05,11:53 PM,Ganga,Library,0,0,09:55 PM,11:59 PM,09:28 PM,11:59 PM,674.19,132,24.41,None,0,0,0,8
S9471,2026-04-10,02:54 PM,Rajendra,Library,0,0,02:54 PM,03:36 PM,02:31 PM,03:57 PM,833.38,65,16.21,None,1,0,0,5
S9472,2026-04-24,09:27 AM,Ganga,Outside,0,0,0,0,08:18 AM,11:45 AM,163.01,147,17.16,None,0,0,1,3
S9473,2026-04-22,07:44 PM,Azad,Library,0,0,05:14 PM,10:43 PM,05:02 PM,11:30 PM,1031.84,27,16.8,None,0,0,1,5
S9474,2026-04-11,09:51 AM,Ganga,Library,0,0,09:12 AM,11:58 AM,08:42 AM,12:13 PM,677.45,151,19.04,None,1,1,0,6
S9475,2026-04-12,09:37 PM,Rajendra,Mess,09:19 PM,10:12 PM,0,0,0,0,498.16,141,50.46,Dinner,0,0,0,7
S9476,2026-04-14,04:24 AM,Sarojini,Outside,0,0,0,0,02:49 AM,05:31 AM,217.05,114,16.94,None,0,0,0,7
S9477,2026-04-23,04:11 PM,Azad,Library,0,0,12:06 PM,08:58 PM,11:43 AM,09:33 PM,874.69,89,25.13,None,0,0,1,7
S9478,2026-04-24,03:31 AM,Rajendra,Outside,0,0,0,0,02:30 AM,04:35 AM,142.04,14,2.08,None,0,0,1,5
S9479,2026-04-28,09:24 AM,Yamuna,Mess,08:59 AM,09:48 AM,0,0,0,0,595.77,94,33.43,Breakfast,0,0,1,6
S9480,2026-04-08,11:15 PM,Ganga,Hostel,0,0,0,0,0,0,1231.73,112,28.7,None,0,0,0,6
S9481,2026-04-22,06:36 PM,Azad,Classroom,0,0,0,0,06:12 PM,08:01 PM,172.58,68,5.95,None,1,1,1,5
S9482,2026-04-30,08:25 PM,Azad,Library,0,0,05:41 PM,11:27 PM,05:14 PM,11:59 PM,757.81,158,29.01,None,0,0,1,5
S9483,2026-04-11,03:28 PM,Rajendra,Library,0,0,03:12 PM,04:07 PM,02:57 PM,04:53 PM,970.23,88,21.15,None,1,0,0,6
S9484,2026-04-04,02:28 PM,Sarojini,Mess,02:22 PM,03:03 PM,0,0,0,0,268.91,106,48.16,Lunch,0,0,0,9
S9485,2026-04-13,04:43 PM,Yamuna,Library,0,0,04:41 PM,05:16 PM,04:19 PM,05:31 PM,769.73,130,23.93,None,1,1,0,7
S9486,2026-04-30,10:02 AM,Sarojini,Mess,09:53 AM,10:48 AM,0,0,0,0,486.44,42,37.69,Breakfast,1,1,1,7
S9487,2026-04-05,10:47 AM,Yamuna,Library,0,0,10:46 AM,12:44 PM,10:22 AM,01:06 PM,709.0,67,15.28,None,0,0,0,7
S9488,2026-04-04,10:40 AM,Azad,Library,0,0,10:09 AM,11:58 AM,09:49 AM,12:47 PM,757.65,117,24.6,None,1,1,0,7
S9489,2026-04-09,03:48 PM,Azad,Library,0,0,01:42 PM,04:01 PM,01:26 PM,04:57 PM,646.3,139,27.5,None,0,0,0,7
S9490,2026-04-21,03:27 PM,Rajendra,Library,0,0,12:42 PM,05:56 PM,12:15 PM,06:44 PM,839.15,45,17.15,None,1,0,1,5
S9491,2026-04-16,09:58 AM,Sarojini,Mess,09:42 AM,10:11 AM,0,0,0,0,548.26,126,42.01,Breakfast,0,0,0,5
S9492,2026-04-27,07:25 AM,Rajendra,Outside,0,0,0,0,06:40 AM,09:51 AM,130.13,130,7.87,None,0,0,1,8
S9493,2026-04-17,09:45 AM,Rajendra,Library,0,0,09:40 AM,10:24 AM,09:32 AM,11:10 AM,654.21,169,23.24,None,0,0,0,8
S9494,2026-04-16,08:12 PM,Rajendra,Mess,08:00 PM,08:57 PM,0,0,0,0,398.86,101,50.79,Dinner,0,0,0,7
S9495,2026-04-22,08:15 PM,Rajendra,Library,0,0,02:08 PM,09:44 PM,02:02 PM,10:31 PM,846.39,162,33.44,None,0,0,1,3
S9496,2026-04-26,01:19 PM,Rajendra,Library,0,0,01:04 PM,06:33 PM,12:56 PM,06:44 PM,932.98,49,14.56,None,0,0,1,8
S9497,2026-04-03,12:33 PM,Yamuna,Mess,12:19 PM,12:52 PM,0,0,0,0,646.82,36,26.87,Lunch,1,0,0,10
S9498,2026-04-16,06:46 PM,Ganga,Library,0,0,06:40 PM,09:28 PM,06:11 PM,10:27 PM,625.84,30,10.03,None,0,0,0,4
S9499,2026-04-12,04:37 AM,Ganga,Outside,0,0,0,0,03:13 AM,06:56 AM,230.09,163,22.76,None,0,0,0,9
S9500,2026-04-25,07:36 AM,Sarojini,Outside,0,0,0,0,06:49 AM,09:10 AM,177.33,47,5.36,None,0,0,1,6
S9501,2026-04-06,03:57 PM,Ganga,Hostel,0,0,0,0,0,0,308.99,190,47.59,None,0,0,0,7
S9502,2026-04-20,08:37 AM,Azad,Mess,08:35 AM,09:10 AM,0,0,0,0,328.8,139,52.74,Breakfast,0,0,1,7
S9503,2026-04-14,09:24 PM,Yamuna,Mess,09:18 PM,09:55 PM,0,0,0,0,552.17,50,25.8,Dinner,0,0,0,8
S9504,2026-04-13,07:22 AM,Azad,Mess,07:07 AM,07:31 AM,0,0,0,0,548.02,114,46.16,Breakfast,0,0,0,7
S9505,2026-04-03,11:25 AM,Sarojini,Library,0,0,10:57 AM,12:17 PM,10:28 AM,12:36 PM,979.21,193,31.97,None,0,0,0,7
S9506,2026-04-12,10:40 AM,Sarojini,Library,0,0,10:36 AM,12:56 PM,10:20 AM,01:43 PM,899.03,101,19.92,None,0,0,0,8
S9507,2026-04-06,03:30 PM,Rajendra,Mess,02:52 PM,03:44 PM,0,0,0,0,404.71,111,43.6,Lunch,0,0,0,7
S9508,2026-04-18,12:04 PM,Rajendra,Library,0,0,11:49 AM,01:01 PM,11:22 AM,01:39 PM,538.8,145,25.79,None,0,0,0,6
S9509,2026-04-13,11:14 AM,Ganga,Library,0,0,10:51 AM,11:40 AM,10:45 AM,12:40 PM,1075.76,148,30.33,None,0,0,0,6
S9510,2026-04-10,09:46 PM,Sarojini,Hostel,0,0,0,0,0,0,827.89,168,39.46,None,0,0,0,13
S9511,2026-04-16,03:52 PM,Azad,Outside,0,0,0,0,03:18 PM,06:45 PM,381.37,103,13.55,None,0,0,0,5
S9512,2026-04-02,07:53 PM,Azad,Mess,07:13 PM,08:09 PM,0,0,0,0,502.48,62,32.31,Dinner,0,0,0,7
S9513,2026-05-01,05:55 AM,Sarojini,Outside,0,0,0,0,05:11 AM,07:00 AM,186.01,165,23.88,None,0,0,0,7
S9514,2026-04-13,01:51 PM,Rajendra,Mess,01:37 PM,02:00 PM,0,0,0,0,514.65,122,42.62,Lunch,0,0,0,6
S9515,2026-04-28,08:23 AM,Rajendra,Classroom,0,0,0,0,07:44 AM,09:52 AM,273.46,159,14.87,None,1,1,1,6
S9516,2026-05-01,02:33 AM,Yamuna,Hostel,0,0,0,0,0,0,151.6,27,22.36,None,0,0,0,8
S9517,2026-04-14,08:07 PM,Sarojini,Mess,07:38 PM,08:31 PM,0,0,0,0,549.46,44,29.29,Dinner,0,0,0,9
S9518,2026-04-26,03:41 AM,Azad,Outside,0,0,0,0,02:28 AM,05:03 AM,394.45,37,3.19,None,0,0,1,8
S9519,2026-04-17,09:40 AM,Yamuna,Mess,09:23 AM,10:02 AM,0,0,0,0,419.68,127,37.51,Breakfast,1,1,0,6
S9520,2026-04-07,08:38 PM,Yamuna,Mess,08:08 PM,09:06 PM,0,0,0,0,335.44,134,44.03,Dinner,0,0,0,7
S9521,2026-04-10,04:52 AM,Azad,Outside,0,0,0,0,04:10 AM,06:26 AM,392.61,76,6.09,None,0,0,0,3
S9522,2026-04-06,07:34 PM,Yamuna,Library,0,0,06:41 PM,08:29 PM,06:26 PM,09:09 PM,842.72,140,20.11,None,0,0,0,7
S9523,2026-04-08,09:57 AM,Sarojini,Mess,09:16 AM,09:58 AM,0,0,0,0,399.11,30,31.71,Breakfast,0,0,0,4
S9524,2026-04-08,03:36 PM,Rajendra,Library,0,0,03:18 PM,06:12 PM,02:57 PM,06:36 PM,551.8,44,15.05,None,0,0,0,5
S9525,2026-04-23,07:38 PM,Azad,Mess,07:17 PM,08:11 PM,0,0,0,0,420.55,27,40.03,Dinner,0,0,1,4
S9526,2026-04-20,07:38 PM,Rajendra,Library,0,0,03:00 PM,11:44 PM,02:38 PM,11:59 PM,627.18,162,20.61,None,0,0,1,8
S9527,2026-04-12,04:35 PM,Ganga,Hostel,0,0,0,0,0,0,128.06,176,44.32,None,0,0,0,7
S9528,2026-04-14,07:14 AM,Azad,Hostel,0,0,0,0,0,0,236.1,66,30.18,None,0,0,0,4
S9529,2026-04-23,02:15 PM,Rajendra,Hostel,0,0,0,0,0,0,371.26,160,37.78,None,1,0,1,6
S9530,2026-04-24,09:18 PM,Rajendra,Mess,08:47 PM,09:31 PM,0,0,0,0,401.62,84,39.43,Dinner,0,0,1,5
S9531,2026-04-20,09:39 AM,Sarojini,Library,0,0,09:02 AM,05:25 PM,08:50 AM,06:11 PM,732.92,68,12.39,None,0,0,1,7
S9532,2026-05-01,09:19 PM,Rajendra,Outside,0,0,0,0,08:30 PM,11:09 PM,231.0,93,10.62,None,0,0,0,6
S9533,2026-04-21,01:52 AM,Ganga,Outside,0,0,0,0,12:14 AM,04:42 AM,146.89,134,12.22,None,0,0,1,6
S9534,2026-04-07,09:51 AM,Ganga,Mess,09:19 AM,10:01 AM,0,0,0,0,505.99,14,36.61,Breakfast,1,1,0,7
S9535,2026-04-05,09:40 AM,Yamuna,Library,0,0,09:08 AM,10:39 AM,08:38 AM,11:15 AM,975.31,181,38.62,None,1,1,0,7
S9536,2026-04-26,11:19 PM,Sarojini,Outside,0,0,0,0,09:55 PM,11:59 PM,365.21,93,9.77,None,0,0,1,5
S9537,2026-04-13,06:59 AM,Yamuna,Outside,0,0,0,0,05:52 AM,08:01 AM,380.59,176,10.43,None,0,0,0,10
S9538,2026-04-03,03:01 PM,Ganga,Library,0,0,02:42 PM,03:30 PM,02:37 PM,03:56 PM,588.38,141,20.23,None,1,0,0,7
S9539,2026-04-03,09:34 AM,Rajendra,Mess,09:02 AM,09:42 AM,0,0,0,0,401.32,24,25.91,Breakfast,1,1,0,5
S9540,2026-04-16,01:07 PM,Rajendra,Mess,12:55 PM,01:53 PM,0,0,0,0,541.25,156,58.69,Lunch,0,0,0,7
S9541,2026-04-02,09:07 AM,Rajendra,Classroom,0,0,0,0,08:45 AM,10:07 AM,278.16,148,12.5,None,1,1,0,6
S9542,2026-04-06,09:02 AM,Sarojini,Mess,08:45 AM,09:41 AM,0,0,0,0,559.42,139,59.4,Breakfast,1,1,0,8
S9543,2026-04-01,10:17 AM,Yamuna,Outside,0,0,0,0,09:19 AM,11:46 AM,298.45,97,11.46,None,1,1,0,9
S9544,2026-04-14,05:18 AM,Sarojini,Outside,0,0,0,0,04:21 AM,07:28 AM,191.46,164,11.11,None,0,0,0,15
S9545,2026-04-27,03:33 AM,Yamuna,Hostel,0,0,0,0,0,0,158.13,61,31.29,None,0,0,1,4
S9546,2026-04-02,07:46 PM,Azad,Hostel,0,0,0,0,0,0,106.29,17,24.78,None,0,0,0,7
S9547,2026-04-16,04:00 AM,Azad,Outside,0,0,0,0,03:29 AM,06:38 AM,278.78,47,5.07,None,0,0,0,4
S9548,2026-04-28,06:36 PM,Azad,Classroom,0,0,0,0,06:24 PM,08:32 PM,362.86,149,17.55,None,1,1,1,5
S9549,2026-04-19,01:46 PM,Ganga,Library,0,0,11:43 AM,02:07 PM,11:37 AM,02:41 PM,830.73,164,28.9,None,0,0,0,6
S9550,2026-04-03,08:00 AM,Azad,Mess,07:50 AM,08:40 AM,0,0,0,0,344.33,110,41.94,Breakfast,0,0,0,8
S9551,2026-04-21,03:48 AM,Azad,Hostel,0,0,0,0,0,0,316.82,177,28.72,None,0,0,1,7
S9552,2026-04-06,12:22 PM,Yamuna,Library,0,0,11:54 AM,12:25 PM,11:39 AM,12:55 PM,994.5,68,19.34,None,0,0,0,10
S9553,2026-04-04,01:16 PM,Azad,Mess,01:02 PM,01:48 PM,0,0,0,0,437.75,184,49.07,Lunch,1,0,0,7
S9554,2026-04-25,08:39 PM,Ganga,Mess,08:26 PM,09:15 PM,0,0,0,0,332.8,63,31.39,Dinner,0,0,1,5
S9555,2026-04-25,09:04 AM,Ganga,Mess,08:47 AM,09:40 AM,0,0,0,0,554.03,30,43.16,Breakfast,0,0,1,7
S9556,2026-04-17,07:57 AM,Yamuna,Mess,07:49 AM,08:12 AM,0,0,0,0,343.26,182,48.72,Breakfast,0,0,0,6
S9557,2026-04-30,07:18 PM,Yamuna,Library,0,0,06:55 PM,11:59 PM,06:48 PM,11:59 PM,822.54,191,29.89,None,0,0,1,7
S9558,2026-04-20,12:50 PM,Rajendra,Mess,12:44 PM,01:18 PM,0,0,0,0,388.16,94,40.11,Lunch,0,0,1,4
S9559,2026-04-25,05:36 PM,Azad,Library,0,0,05:12 PM,11:59 PM,04:51 PM,11:59 PM,808.17,91,16.93,None,0,0,1,4
S9560,2026-04-26,10:12 AM,Rajendra,Classroom,0,0,0,0,09:42 AM,10:42 AM,287.39,68,6.44,None,1,1,1,3
S9561,2026-04-04,10:19 PM,Rajendra,Outside,0,0,0,0,09:18 PM,11:22 PM,353.09,105,11.54,None,0,0,0,4
S9562,2026-04-26,10:31 PM,Yamuna,Mess,09:50 PM,10:35 PM,0,0,0,0,465.87,181,49.89,Dinner,0,0,1,8
S9563,2026-04-27,11:36 PM,Rajendra,Library,0,0,10:13 PM,11:59 PM,09:49 PM,11:59 PM,618.62,97,29.04,None,0,0,1,5
S9564,2026-04-06,02:21 PM,Sarojini,Library,0,0,01:52 PM,04:14 PM,01:33 PM,04:35 PM,791.37,186,33.15,None,1,0,0,8
S9565,2026-05-01,09:07 AM,Sarojini,Hostel,0,0,0,0,0,0,332.11,60,25.39,None,0,0,0,7
S9566,2026-04-23,10:39 AM,Rajendra,Classroom,0,0,0,0,10:08 AM,12:36 PM,193.18,78,8.93,None,1,1,1,4
S9567,2026-04-27,12:23 PM,Ganga,Mess,12:12 PM,12:33 PM,0,0,0,0,509.11,130,48.27,Lunch,1,0,1,4
S9568,2026-04-16,01:03 PM,Azad,Mess,12:43 PM,01:15 PM,0,0,0,0,677.12,197,40.58,Lunch,0,0,0,6
S9569,2026-04-13,04:36 PM,Sarojini,Hostel,0,0,0,0,0,0,272.87,105,27.94,None,0,0,0,8
S9570,2026-04-20,12:38 PM,Sarojini,Hostel,0,0,0,0,0,0,329.84,79,28.86,None,1,0,1,5
S9571,2026-04-12,03:13 PM,Yamuna,Classroom,0,0,0,0,02:48 PM,04:02 PM,155.65,92,12.65,None,1,0,0,8
S9572,2026-04-13,07:16 AM,Yamuna,Hostel,0,0,0,0,0,0,252.35,13,23.04,None,0,0,0,7
S9573,2026-04-06,03:13 PM,Rajendra,Library,0,0,02:33 PM,03:37 PM,02:10 PM,04:25 PM,816.51,22,11.46,None,0,0,0,7
S9574,2026-04-06,08:40 PM,Rajendra,Mess,08:40 PM,09:00 PM,0,0,0,0,627.24,17,27.73,Dinner,0,0,0,4
S9575,2026-04-15,12:21 PM,Rajendra,Hostel,0,0,0,0,0,0,284.61,51,15.21,None,1,0,0,5
S9576,2026-04-05,05:53 PM,Ganga,Library,0,0,03:37 PM,06:00 PM,03:30 PM,06:40 PM,435.26,48,17.08,None,0,0,0,8
S9577,2026-04-16,11:47 PM,Azad,Library,0,0,10:11 PM,11:59 PM,09:53 PM,11:59 PM,626.88,82,18.66,None,0,0,0,7
S9578,2026-04-26,09:04 PM,Ganga,Library,0,0,07:41 PM,11:59 PM,07:16 PM,11:59 PM,593.33,172,25.02,None,0,0,1,6
S9579,2026-04-25,12:05 PM,Rajendra,Hostel,0,0,0,0,0,0,303.2,15,17.84,None,0,0,1,4
S9580,2026-04-01,11:24 PM,Azad,Library,0,0,10:52 PM,11:35 PM,10:33 PM,11:59 PM,766.91,115,20.71,None,0,0,0,6
S9581,2026-04-03,08:24 AM,Azad,Mess,08:06 AM,09:03 AM,0,0,0,0,606.27,143,36.7,Breakfast,0,0,0,9
S9582,2026-04-21,11:40 AM,Ganga,Classroom,0,0,0,0,11:24 AM,01:11 PM,254.37,56,6.47,None,1,0,1,4
S9583,2026-05-01,05:21 PM,Azad,Hostel,0,0,0,0,0,0,189.63,157,27.45,None,0,0,0,10
S9584,2026-04-27,08:14 PM,Azad,Library,0,0,07:54 PM,11:59 PM,07:40 PM,11:59 PM,856.9,181,24.85,None,0,0,1,7
S9585,2026-04-08,10:11 PM,Azad,Library,0,0,08:06 PM,10:40 PM,07:38 PM,11:35 PM,1035.8,78,16.34,None,0,0,0,7
S9586,2026-04-02,09:17 PM,Azad,Mess,08:27 PM,09:21 PM,0,0,0,0,408.61,26,23.54,Dinner,0,0,0,7
S9587,2026-04-02,05:36 PM,Rajendra,Library,0,0,05:22 PM,08:15 PM,05:07 PM,08:32 PM,675.08,55,16.14,None,0,0,0,9
S9588,2026-04-05,09:35 PM,Sarojini,Outside,0,0,0,0,09:01 PM,11:59 PM,253.44,131,12.23,None,0,0,0,5
S9589,2026-04-29,07:34 AM,Ganga,Mess,07:02 AM,07:55 AM,0,0,0,0,444.52,91,30.88,Breakfast,0,0,1,4
S9590,2026-04-05,08:33 PM,Rajendra,Mess,08:08 PM,08:58 PM,0,0,0,0,531.03,62,34.71,Dinner,0,0,0,7
S9591,2026-04-20,06:35 AM,Rajendra,Hostel,0,0,0,0,0,0,320.85,200,36.21,None,0,0,1,6
S9592,2026-04-23,10:36 PM,Yamuna,Library,0,0,09:23 PM,11:59 PM,09:14 PM,11:59 PM,632.24,143,17.74,None,0,0,1,6
S9593,2026-04-03,08:11 PM,Ganga,Mess,07:54 PM,08:32 PM,0,0,0,0,646.82,169,61.7,Dinner,0,0,0,8
S9594,2026-04-01,01:03 PM,Rajendra,Mess,01:00 PM,01:28 PM,0,0,0,0,540.12,38,37.58,Lunch,1,0,0,9
S9595,2026-04-25,12:17 AM,Sarojini,Outside,0,0,0,0,0,01:57 AM,361.57,82,6.81,None,0,0,1,6
S9596,2026-04-04,09:13 AM,Sarojini,Classroom,0,0,0,0,08:36 AM,10:19 AM,150.87,113,11.6,None,1,1,0,6
S9597,2026-04-18,07:33 PM,Yamuna,Mess,07:23 PM,08:06 PM,0,0,0,0,501.09,46,27.29,Dinner,0,0,0,8
S9598,2026-04-06,08:00 AM,Ganga,Mess,07:39 AM,08:10 AM,0,0,0,0,381.47,30,25.17,Breakfast,0,0,0,6
S9599,2026-04-13,09:33 AM,Azad,Library,0,0,09:28 AM,10:11 AM,08:59 AM,10:32 AM,907.42,143,24.24,None,0,0,0,9
S9600,2026-04-04,09:08 AM,Azad,Outside,0,0,0,0,08:09 AM,11:45 AM,265.01,199,19.8,None,1,1,0,7
S9601,2026-04-15,09:54 PM,Sarojini,Mess,09:35 PM,10:27 PM,0,0,0,0,470.81,31,32.09,Dinner,0,0,0,6
S9602,2026-04-13,09:16 PM,Ganga,Library,0,0,07:06 PM,09:21 PM,06:58 PM,10:10 PM,626.45,194,25.81,None,0,0,0,6
S9603,2026-04-21,11:20 AM,Yamuna,Hostel,0,0,0,0,0,0,375.2,85,14.91,None,1,0,1,3
S9604,2026-04-15,03:25 PM,Azad,Outside,0,0,0,0,01:43 PM,04:54 PM,162.77,28,3.54,None,1,0,0,8
S9605,2026-04-23,08:30 PM,Sarojini,Mess,08:20 PM,09:07 PM,0,0,0,0,504.62,145,36.58,Dinner,0,0,1,5
S9606,2026-04-04,06:29 PM,Ganga,Library,0,0,05:31 PM,08:12 PM,05:14 PM,08:48 PM,722.03,116,15.65,None,0,0,0,6
S9607,2026-04-22,08:23 PM,Sarojini,Library,0,0,05:53 PM,11:59 PM,05:23 PM,11:59 PM,852.45,111,19.7,None,0,0,1,5
S9608,2026-04-07,03:51 AM,Yamuna,Hostel,0,0,0,0,0,0,314.98,99,22.71,None,0,0,0,7
S9609,2026-04-28,12:58 PM,Azad,Mess,12:25 PM,01:11 PM,0,0,0,0,334.9,38,33.98,Lunch,0,0,1,4
S9610,2026-04-13,02:46 PM,Ganga,Mess,02:39 PM,03:35 PM,0,0,0,0,435.65,191,38.59,Lunch,1,0,0,8
S9611,2026-04-07,09:31 AM,Azad,Outside,0,0,0,0,08:41 AM,12:17 PM,201.29,119,8.12,None,0,0,0,7
S9612,2026-04-13,03:21 PM,Sarojini,Library,0,0,02:52 PM,03:28 PM,02:41 PM,04:17 PM,768.19,182,17.71,None,1,0,0,5
S9613,2026-04-17,03:56 PM,Azad,Hostel,0,0,0,0,0,0,196.11,126,29.76,None,1,0,0,8
S9614,2026-04-01,09:08 PM,Azad,Library,0,0,08:31 PM,11:23 PM,08:05 PM,11:59 PM,700.2,160,26.62,None,0,0,0,7
S9615,2026-04-10,12:19 PM,Ganga,Hostel,0,0,0,0,0,0,325.61,42,14.56,None,0,0,0,5
S9616,2026-04-21,10:36 PM,Sarojini,Library,0,0,10:19 PM,11:59 PM,09:59 PM,11:59 PM,774.45,136,14.53,None,0,0,1,6
S9617,2026-04-13,10:27 AM,Rajendra,Classroom,0,0,0,0,10:10 AM,10:59 AM,298.71,85,12.26,None,1,1,0,6
S9618,2026-04-21,04:17 AM,Rajendra,Hostel,0,0,0,0,0,0,119.82,122,36.09,None,0,0,1,4
S9619,2026-04-16,07:48 AM,Sarojini,Hostel,0,0,0,0,0,0,356.7,190,36.69,None,0,0,0,6
S9620,2026-04-02,09:06 AM,Azad,Hostel,0,0,0,0,0,0,269.23,93,21.64,None,1,1,0,7
S9621,2026-04-19,11:26 AM,Sarojini,Library,0,0,10:46 AM,01:28 PM,10:27 AM,02:27 PM,566.43,160,20.81,None,0,0,0,7
S9622,2026-04-18,11:03 AM,Ganga,Library,0,0,09:20 AM,11:15 AM,09:14 AM,11:49 AM,652.21,94,19.56,None,0,0,0,7
S9623,2026-04-06,12:27 PM,Ganga,Library,0,0,11:39 AM,02:02 PM,11:33 AM,02:31 PM,1027.44,198,32.79,None,0,0,0,6
S9624,2026-04-19,09:13 PM,Ganga,Hostel,0,0,0,0,0,0,922.7,184,38.33,None,0,0,0,8
S9625,2026-04-26,10:38 AM,Azad,Outside,0,0,0,0,10:01 AM,11:47 AM,366.49,189,27.02,None,0,0,1,3
S9626,2026-04-29,08:00 PM,Azad,Mess,07:30 PM,08:17 PM,0,0,0,0,548.53,91,31.29,Dinner,0,0,1,6
S9627,2026-04-19,12:04 AM,Ganga,Hostel,0,0,0,0,0,0,100.55,155,32.81,None,0,0,0,7
S9628,2026-04-13,09:27 PM,Yamuna,Mess,09:13 PM,09:37 PM,0,0,0,0,611.48,29,37.33,Dinner,0,0,0,8
S9629,2026-04-22,01:01 PM,Azad,Hostel,0,0,0,0,0,0,198.78,29,23.56,None,1,0,1,4
S9630,2026-04-29,10:35 PM,Sarojini,Library,0,0,07:37 PM,11:59 PM,07:28 PM,11:59 PM,589.33,46,11.59,None,0,0,1,4
S9631,2026-04-23,07:05 AM,Yamuna,Hostel,0,0,0,0,0,0,125.92,120,33.38,None,0,0,1,4
S9632,2026-04-27,07:24 PM,Rajendra,Hostel,0,0,0,0,0,0,167.96,149,29.34,None,0,0,1,3
S9633,2026-04-07,10:58 PM,Ganga,Hostel,0,0,0,0,0,0,1162.91,178,37.49,None,0,0,0,7
S9634,2026-04-30,07:43 PM,Azad,Mess,07:01 PM,08:01 PM,0,0,0,0,355.89,27,40.89,Dinner,0,0,1,3
S9635,2026-04-06,08:21 AM,Rajendra,Outside,0,0,0,0,07:29 AM,09:57 AM,190.39,166,20.18,None,0,0,0,7
S9636,2026-04-21,07:30 AM,Rajendra,Mess,07:10 AM,07:31 AM,0,0,0,0,620.6,60,39.55,Breakfast,0,0,1,4
S9637,2026-04-26,03:38 AM,Yamuna,Hostel,0,0,0,0,0,0,373.42,181,21.0,None,0,0,1,6
S9638,2026-04-24,01:30 PM,Azad,Mess,01:06 PM,02:02 PM,0,0,0,0,411.98,177,46.53,Lunch,1,0,1,5
S9639,2026-04-23,08:14 PM,Ganga,Library,0,0,02:01 PM,09:02 PM,01:40 PM,09:33 PM,841.9,148,28.59,None,0,0,1,7
S9640,2026-04-01,03:27 PM,Azad,Classroom,0,0,0,0,03:07 PM,04:12 PM,256.02,34,1.91,None,1,0,0,7
S9641,2026-04-30,01:55 PM,Azad,Mess,01:37 PM,02:23 PM,0,0,0,0,350.16,168,53.19,Lunch,1,0,1,3
S9642,2026-04-23,06:55 PM,Sarojini,Outside,0,0,0,0,05:12 PM,08:11 PM,303.79,13,1.17,None,0,0,1,3
S9643,2026-04-21,07:39 PM,Azad,Library,0,0,07:07 PM,11:59 PM,06:56 PM,11:59 PM,664.03,87,19.74,None,0,0,1,4
S9644,2026-04-22,09:27 PM,Yamuna,Mess,09:00 PM,09:36 PM,0,0,0,0,463.17,33,40.84,Dinner,0,0,1,6
S9645,2026-04-30,06:19 PM,Rajendra,Classroom,0,0,0,0,05:39 PM,07:43 PM,372.01,59,7.41,None,1,1,1,5
S9646,2026-04-17,09:02 PM,Sarojini,Mess,09:02 PM,09:43 PM,0,0,0,0,343.55,113,36.88,Dinner,0,0,0,8
S9647,2026-04-02,11:07 AM,Yamuna,Hostel,0,0,0,0,0,0,288.03,195,35.93,None,1,0,0,9
S9648,2026-04-24,08:54 AM,Azad,Hostel,0,0,0,0,0,0,393.28,64,16.07,None,0,0,1,4
S9649,2026-04-27,09:25 PM,Rajendra,Mess,09:17 PM,09:37 PM,0,0,0,0,449.79,137,40.77,Dinner,0,0,1,3
S9650,2026-04-16,09:20 PM,Ganga,Mess,09:14 PM,09:52 PM,0,0,0,0,363.32,69,41.31,Dinner,0,0,0,6
S9651,2026-04-12,12:48 PM,Rajendra,Mess,12:23 PM,12:51 PM,0,0,0,0,604.87,194,56.84,Lunch,0,0,0,9
S9652,2026-04-06,03:47 PM,Sarojini,Library,0,0,02:31 PM,04:32 PM,02:21 PM,05:17 PM,690.06,139,18.04,None,1,0,0,4
S9653,2026-04-07,12:05 AM,Sarojini,Outside,0,0,0,0,0,02:42 AM,178.22,41,6.14,None,0,0,0,17
S9654,2026-04-06,01:49 PM,Ganga,Library,0,0,01:18 PM,01:50 PM,12:53 PM,02:39 PM,708.62,107,24.43,None,0,0,0,6
S9655,2026-04-08,03:18 PM,Yamuna,Hostel,0,0,0,0,0,0,208.7,131,26.92,None,0,0,0,8
S9656,2026-04-21,09:06 PM,Azad,Mess,08:43 PM,09:40 PM,0,0,0,0,404.47,146,44.84,Dinner,0,0,1,5
S9657,2026-04-18,02:09 PM,Azad,Mess,01:43 PM,02:10 PM,0,0,0,0,348.01,78,48.93,Lunch,0,0,0,7
S9658,2026-04-07,02:55 AM,Yamuna,Hostel,0,0,0,0,0,0,189.95,168,39.55,None,0,0,0,4
S9659,2026-04-11,05:57 PM,Rajendra,Classroom,0,0,0,0,05:17 PM,06:30 PM,197.32,137,12.33,None,1,1,0,9
S9660,2026-04-13,06:51 PM,Ganga,Library,0,0,06:34 PM,09:15 PM,06:18 PM,09:31 PM,660.54,11,10.78,None,0,0,0,6
S9661,2026-04-29,01:39 PM,Sarojini,Mess,01:03 PM,01:48 PM,0,0,0,0,354.56,190,44.44,Lunch,1,0,1,3
S9662,2026-04-17,10:20 PM,Yamuna,Outside,0,0,0,0,08:45 PM,11:59 PM,380.77,163,14.15,None,0,0,0,7
S9663,2026-04-06,03:29 PM,Yamuna,Library,0,0,02:40 PM,04:11 PM,02:34 PM,04:59 PM,840.66,176,29.31,None,1,0,0,7
S9664,2026-04-28,11:40 PM,Rajendra,Library,0,0,09:04 PM,11:59 PM,08:54 PM,11:59 PM,1032.52,175,28.66,None,0,0,1,4
S9665,2026-04-27,03:24 PM,Azad,Library,0,0,11:28 AM,07:41 PM,11:21 AM,07:59 PM,747.45,195,26.56,None,0,0,1,4
S9666,2026-04-19,01:57 AM,Azad,Hostel,0,0,0,0,0,0,100.31,92,22.38,None,0,0,0,7
S9667,2026-04-27,02:11 AM,Yamuna,Outside,0,0,0,0,12:32 AM,04:09 AM,294.53,158,15.04,None,0,0,1,8
S9668,2026-04-07,11:42 AM,Sarojini,Library,0,0,09:22 AM,12:13 PM,08:52 AM,12:26 PM,721.79,199,37.7,None,0,0,0,8
S9669,2026-04-17,12:35 PM,Yamuna,Classroom,0,0,0,0,12:11 PM,02:08 PM,137.45,69,8.23,None,1,0,0,4
S9670,2026-04-29,08:55 PM,Sarojini,Library,0,0,04:10 PM,09:33 PM,03:57 PM,10:23 PM,592.65,193,31.62,None,0,0,1,4
S9671,2026-04-12,12:30 PM,Azad,Hostel,0,0,0,0,0,0,353.23,113,23.64,None,0,0,0,7
S9672,2026-04-25,07:20 AM,Ganga,Mess,07:13 AM,07:36 AM,0,0,0,0,398.55,48,30.97,Breakfast,0,0,1,7
S9673,2026-04-12,05:28 PM,Rajendra,Library,0,0,03:48 PM,06:22 PM,03:35 PM,06:32 PM,820.66,180,22.87,None,0,0,0,8
S9674,2026-04-03,08:39 PM,Ganga,Mess,08:14 PM,09:11 PM,0,0,0,0,398.97,72,41.83,Dinner,0,0,0,9
S9675,2026-04-21,09:05 PM,Yamuna,Hostel,0,0,0,0,0,0,803.82,27,17.83,None,0,0,1,7
S9676,2026-04-17,10:45 AM,Sarojini,Hostel,0,0,0,0,0,0,316.87,162,24.45,None,0,0,0,3
S9677,2026-04-17,10:41 AM,Rajendra,Library,0,0,10:15 AM,11:21 AM,09:49 AM,12:10 PM,565.2,122,29.39,None,0,0,0,6
S9678,2026-04-24,06:29 PM,Sarojini,Classroom,0,0,0,0,06:01 PM,07:50 PM,173.44,169,23.34,None,1,1,1,7
S9679,2026-04-22,08:29 AM,Rajendra,Mess,08:22 AM,08:44 AM,0,0,0,0,553.9,43,42.92,Breakfast,0,0,1,7
S9680,2026-05-01,05:16 PM,Yamuna,Library,0,0,04:47 PM,05:54 PM,04:41 PM,06:07 PM,783.69,121,29.8,None,0,0,0,7
S9681,2026-04-18,02:16 PM,Yamuna,Library,0,0,01:45 PM,03:09 PM,01:30 PM,04:06 PM,861.09,19,12.6,None,1,0,0,6
S9682,2026-04-16,09:14 AM,Azad,Outside,0,0,0,0,07:18 AM,11:17 AM,113.57,187,25.95,None,0,0,0,4
S9683,2026-04-03,03:16 PM,Rajendra,Library,0,0,02:46 PM,03:34 PM,02:32 PM,03:56 PM,943.6,172,29.95,None,0,0,0,7
S9684,2026-04-21,11:45 AM,Ganga,Hostel,0,0,0,0,0,0,177.03,143,36.2,None,1,0,1,6
S9685,2026-04-07,03:22 PM,Sarojini,Classroom,0,0,0,0,02:49 PM,05:20 PM,162.93,172,15.34,None,1,0,0,17
S9686,2026-04-19,10:37 PM,Azad,Outside,0,0,0,0,09:37 PM,11:38 PM,283.94,75,9.86,None,0,0,0,6
S9687,2026-05-01,08:31 PM,Yamuna,Mess,08:30 PM,09:18 PM,0,0,0,0,550.73,91,25.36,Dinner,0,0,0,7
S9688,2026-04-07,08:15 PM,Yamuna,Mess,07:39 PM,08:37 PM,0,0,0,0,409.96,101,46.58,Dinner,0,0,0,6
S9689,2026-04-04,09:17 PM,Yamuna,Mess,09:01 PM,09:21 PM,0,0,0,0,394.03,51,31.61,Dinner,0,0,0,8
S9690,2026-05-01,12:48 PM,Sarojini,Library,0,0,11:02 AM,01:34 PM,10:34 AM,01:55 PM,654.61,11,12.48,None,1,0,0,8
S9691,2026-04-27,01:19 PM,Rajendra,Mess,01:06 PM,01:27 PM,0,0,0,0,535.57,136,46.51,Lunch,1,0,1,5
S9692,2026-04-28,10:53 PM,Ganga,Library,0,0,06:00 PM,11:59 PM,05:48 PM,11:59 PM,637.45,159,18.22,None,0,0,1,7
S9693,2026-04-12,01:36 PM,Ganga,Classroom,0,0,0,0,01:10 PM,02:58 PM,330.47,29,4.15,None,1,0,0,6
S9694,2026-04-04,11:47 PM,Ganga,Hostel,0,0,0,0,0,0,1223.12,190,36.15,None,0,0,0,7
S9695,2026-04-25,09:28 PM,Sarojini,Outside,0,0,0,0,08:37 PM,11:38 PM,369.46,193,14.35,None,0,0,1,3
S9696,2026-04-11,09:56 AM,Azad,Mess,09:07 AM,09:59 AM,0,0,0,0,664.52,90,35.24,Breakfast,1,1,0,5
S9697,2026-04-22,11:14 PM,Sarojini,Library,0,0,06:40 PM,11:59 PM,06:35 PM,11:59 PM,919.01,88,20.72,None,0,0,1,6
S9698,2026-04-23,10:09 AM,Azad,Hostel,0,0,0,0,0,0,264.63,116,34.42,None,1,1,1,3
S9699,2026-04-10,12:04 AM,Sarojini,Hostel,0,0,0,0,0,0,130.41,189,35.11,None,0,0,0,8
S9700,2026-04-03,12:28 PM,Azad,Classroom,0,0,0,0,11:53 AM,01:30 PM,387.79,24,2.31,None,1,0,0,3
S9701,2026-04-04,11:12 PM,Azad,Library,0,0,10:48 PM,11:59 PM,10:29 PM,11:59 PM,522.92,161,27.58,None,0,0,0,8
S9702,2026-04-12,08:23 PM,Azad,Library,0,0,08:20 PM,10:00 PM,08:01 PM,10:21 PM,823.44,48,13.99,None,0,0,0,7
S9703,2026-04-08,02:06 PM,Sarojini,Library,0,0,01:54 PM,04:30 PM,01:33 PM,05:16 PM,1023.32,73,16.54,None,1,0,0,9
S9704,2026-04-16,05:08 PM,Ganga,Library,0,0,03:43 PM,05:11 PM,03:32 PM,06:09 PM,802.08,120,13.6,None,0,0,0,6
S9705,2026-04-20,07:47 PM,Rajendra,Mess,07:33 PM,08:08 PM,0,0,0,0,419.75,193,47.54,Dinner,0,0,1,5
S9706,2026-04-07,12:31 PM,Ganga,Library,0,0,12:22 PM,02:35 PM,12:05 PM,03:10 PM,832.14,121,22.95,None,0,0,0,7
S9707,2026-04-01,11:25 AM,Yamuna,Library,0,0,10:29 AM,12:04 PM,10:18 AM,12:52 PM,773.49,48,20.9,None,0,0,0,4
S9708,2026-04-29,04:45 PM,Rajendra,Hostel,0,0,0,0,0,0,287.65,199,48.64,None,0,0,1,7
S9709,2026-04-27,03:31 PM,Sarojini,Outside,0,0,0,0,02:59 PM,04:45 PM,350.77,63,3.96,None,1,0,1,5
S9710,2026-04-18,09:38 PM,Ganga,Mess,09:33 PM,09:58 PM,0,0,0,0,526.34,139,37.02,Dinner,0,0,0,4
S9711,2026-04-04,07:31 AM,Sarojini,Mess,07:15 AM,07:46 AM,0,0,0,0,475.61,128,50.35,Breakfast,0,0,0,6
S9712,2026-04-08,02:32 PM,Sarojini,Mess,02:25 PM,03:16 PM,0,0,0,0,422.88,154,35.98,Lunch,1,0,0,7
S9713,2026-04-29,05:25 PM,Sarojini,Hostel,0,0,0,0,0,0,120.82,94,18.75,None,0,0,1,4
S9714,2026-04-14,12:40 PM,Azad,Hostel,0,0,0,0,0,0,274.69,66,20.03,None,0,0,0,8
S9715,2026-04-22,10:08 AM,Yamuna,Mess,09:39 AM,10:17 AM,0,0,0,0,618.32,15,34.82,Breakfast,0,0,1,7
S9716,2026-04-21,09:00 PM,Rajendra,Library,0,0,02:41 PM,09:48 PM,02:14 PM,10:37 PM,786.8,175,34.0,None,0,0,1,5
S9717,2026-04-06,10:12 AM,Rajendra,Hostel,0,0,0,0,0,0,399.99,178,47.87,None,1,1,0,5
S9718,2026-04-26,10:15 PM,Rajendra,Library,0,0,04:26 PM,11:59 PM,04:07 PM,11:59 PM,740.08,127,25.89,None,0,0,1,4
S9719,2026-04-28,03:34 PM,Ganga,Library,0,0,03:07 PM,10:41 PM,02:39 PM,10:56 PM,481.21,120,20.52,None,0,0,1,6
S9720,2026-04-04,07:18 PM,Rajendra,Library,0,0,06:55 PM,07:38 PM,06:40 PM,08:30 PM,574.56,144,23.16,None,0,0,0,7
S9721,2026-04-16,02:34 PM,Sarojini,Library,0,0,01:57 PM,02:56 PM,01:32 PM,03:25 PM,742.61,195,35.48,None,0,0,0,9
S9722,2026-04-04,02:09 PM,Sarojini,Library,0,0,01:58 PM,04:03 PM,01:29 PM,04:19 PM,669.06,32,12.82,None,1,0,0,3
S9723,2026-04-23,11:14 PM,Azad,Library,0,0,05:11 PM,11:41 PM,04:59 PM,11:59 PM,515.94,106,26.07,None,0,0,1,7
S9724,2026-04-06,08:39 PM,Azad,Library,0,0,07:52 PM,09:49 PM,07:32 PM,10:47 PM,661.11,110,25.67,None,0,0,0,7
S9725,2026-04-16,08:09 PM,Rajendra,Mess,08:02 PM,08:42 PM,0,0,0,0,347.84,176,42.31,Dinner,0,0,0,8
S9726,2026-05-01,06:19 PM,Azad,Library,0,0,04:47 PM,07:24 PM,04:21 PM,07:53 PM,649.66,66,17.68,None,0,0,0,7
S9727,2026-04-17,01:46 PM,Azad,Outside,0,0,0,0,12:53 PM,03:56 PM,228.41,51,4.87,None,0,0,0,7
S9728,2026-04-24,10:49 PM,Ganga,Library,0,0,09:17 PM,11:59 PM,08:58 PM,11:59 PM,488.74,82,15.05,None,0,0,1,4
S9729,2026-04-02,09:18 PM,Yamuna,Mess,09:11 PM,09:33 PM,0,0,0,0,402.47,175,54.1,Dinner,0,0,0,7
S9730,2026-04-01,06:59 PM,Rajendra,Library,0,0,05:42 PM,08:17 PM,05:29 PM,08:57 PM,1037.71,18,11.49,None,0,0,0,5
S9731,2026-05-01,05:51 PM,Azad,Library,0,0,04:41 PM,07:01 PM,04:18 PM,07:40 PM,758.5,63,21.68,None,0,0,0,7
S9732,2026-04-26,10:12 PM,Yamuna,Mess,09:57 PM,10:17 PM,0,0,0,0,513.54,75,43.83,Dinner,0,0,1,4
S9733,2026-04-17,08:42 AM,Sarojini,Mess,08:38 AM,09:09 AM,0,0,0,0,285.01,198,46.6,Breakfast,0,0,0,7
S9734,2026-04-29,12:41 PM,Rajendra,Mess,12:21 PM,12:58 PM,0,0,0,0,565.21,26,33.63,Lunch,0,0,1,4
S9735,2026-04-17,04:30 AM,Azad,Outside,0,0,0,0,03:32 AM,07:18 AM,135.87,99,13.46,None,0,0,0,5
S9736,2026-04-15,08:38 AM,Yamuna,Hostel,0,0,0,0,0,0,194.28,95,23.34,None,0,0,0,7
S9737,2026-04-06,09:18 PM,Sarojini,Library,0,0,08:56 PM,10:19 PM,08:38 PM,10:33 PM,763.54,34,10.21,None,0,0,0,5
S9738,2026-04-20,08:35 PM,Sarojini,Mess,08:29 PM,09:20 PM,0,0,0,0,394.57,16,22.24,Dinner,0,0,1,6
S9739,2026-04-02,09:27 PM,Rajendra,Mess,09:23 PM,10:06 PM,0,0,0,0,383.49,133,48.25,Dinner,0,0,0,6
S9740,2026-04-26,12:49 PM,Ganga,Mess,12:30 PM,01:07 PM,0,0,0,0,444.7,142,49.57,Lunch,1,0,1,4
S9741,2026-04-22,08:57 AM,Yamuna,Mess,08:21 AM,09:04 AM,0,0,0,0,546.02,160,46.06,Breakfast,0,0,1,7
S9742,2026-04-06,02:28 PM,Ganga,Mess,02:17 PM,02:42 PM,0,0,0,0,335.23,106,43.58,Lunch,1,0,0,4
S9743,2026-04-12,08:32 PM,Sarojini,Mess,08:04 PM,08:32 PM,0,0,0,0,346.1,38,32.91,Dinner,0,0,0,8
S9744,2026-04-28,08:43 PM,Yamuna,Library,0,0,12:29 PM,09:01 PM,12:17 PM,09:50 PM,909.06,72,19.57,None,0,0,1,3
S9745,2026-04-02,01:45 AM,Yamuna,Outside,0,0,0,0,12:38 AM,04:33 AM,214.07,183,13.81,None,0,0,0,8
S9746,2026-04-04,07:52 PM,Sarojini,Hostel,0,0,0,0,0,0,271.91,137,36.22,None,0,0,0,9
S9747,2026-04-14,08:57 PM,Sarojini,Mess,08:23 PM,09:23 PM,0,0,0,0,495.79,69,33.84,Dinner,0,0,0,9
S9748,2026-04-30,11:31 PM,Yamuna,Library,0,0,08:44 PM,11:59 PM,08:35 PM,11:59 PM,790.98,52,16.49,None,0,0,1,6
S9749,2026-04-14,02:56 PM,Azad,Mess,02:27 PM,03:12 PM,0,0,0,0,608.95,198,51.36,Lunch,1,0,0,9
S9750,2026-04-13,08:32 PM,Rajendra,Library,0,0,07:19 PM,10:11 PM,07:11 PM,10:35 PM,845.79,144,17.81,None,0,0,0,7
S9751,2026-04-03,11:26 PM,Rajendra,Library,0,0,10:37 PM,11:59 PM,10:21 PM,11:59 PM,636.18,88,18.08,None,0,0,0,7
S9752,2026-04-28,08:20 AM,Yamuna,Mess,08:12 AM,09:03 AM,0,0,0,0,391.51,83,35.93,Breakfast,0,0,1,8
S9753,2026-04-21,10:14 PM,Azad,Mess,09:27 PM,10:24 PM,0,0,0,0,332.7,108,33.6,Dinner,0,0,1,5
S9754,2026-04-30,02:42 PM,Yamuna,Mess,02:07 PM,02:43 PM,0,0,0,0,375.57,135,51.93,Lunch,0,0,1,6
S9755,2026-04-08,03:02 PM,Yamuna,Classroom,0,0,0,0,02:23 PM,03:57 PM,238.19,144,7.75,None,1,0,0,5
S9756,2026-04-23,09:40 PM,Rajendra,Mess,09:22 PM,10:04 PM,0,0,0,0,644.37,115,36.44,Dinner,0,0,1,8
S9757,2026-04-22,06:22 PM,Azad,Outside,0,0,0,0,05:27 PM,09:00 PM,330.32,197,14.18,None,0,0,1,8
S9758,2026-04-13,10:54 PM,Yamuna,Outside,0,0,0,0,10:21 PM,11:59 PM,101.83,154,13.82,None,0,0,0,8
S9759,2026-04-19,11:54 PM,Rajendra,Outside,0,0,0,0,10:42 PM,11:59 PM,162.31,149,9.0,None,0,0,0,3
S9760,2026-04-17,02:20 PM,Ganga,Mess,02:00 PM,02:45 PM,0,0,0,0,419.43,145,36.94,Lunch,1,0,0,9
S9761,2026-04-20,08:39 AM,Yamuna,Mess,08:19 AM,09:18 AM,0,0,0,0,524.36,143,34.88,Breakfast,0,0,1,4
S9762,2026-04-22,01:05 PM,Yamuna,Library,0,0,09:41 AM,03:08 PM,09:12 AM,03:29 PM,771.84,102,11.83,None,0,0,1,4
S9763,2026-04-15,12:06 AM,Azad,Hostel,0,0,0,0,0,0,251.82,114,26.91,None,0,0,0,8
S9764,2026-04-09,06:59 PM,Azad,Library,0,0,06:42 PM,08:47 PM,06:21 PM,09:18 PM,861.46,107,11.96,None,0,0,0,7
S9765,2026-04-01,05:19 PM,Rajendra,Outside,0,0,0,0,03:30 PM,06:40 PM,203.33,143,20.79,None,0,0,0,6
S9766,2026-04-14,12:09 PM,Ganga,Library,0,0,11:00 AM,12:24 PM,10:49 AM,12:47 PM,586.97,75,17.45,None,0,0,0,8
S9767,2026-04-08,06:26 AM,Rajendra,Hostel,0,0,0,0,0,0,271.21,137,26.82,None,0,0,0,5
S9768,2026-04-28,09:13 AM,Sarojini,Mess,09:09 AM,09:53 AM,0,0,0,0,457.61,13,34.48,Breakfast,0,0,1,4
S9769,2026-04-30,01:14 PM,Ganga,Mess,12:15 PM,01:14 PM,0,0,0,0,425.84,94,36.15,Lunch,0,0,1,4
S9770,2026-04-10,07:00 AM,Ganga,Mess,07:00 AM,07:40 AM,0,0,0,0,369.77,126,33.59,Breakfast,0,0,0,7
S9771,2026-04-13,08:17 AM,Sarojini,Classroom,0,0,0,0,07:41 AM,09:40 AM,299.93,167,21.45,None,1,1,0,9
S9772,2026-04-12,09:38 AM,Azad,Library,0,0,09:18 AM,10:50 AM,09:07 AM,11:01 AM,897.76,77,20.35,None,1,1,0,9
S9773,2026-04-15,09:25 AM,Azad,Mess,09:22 AM,10:03 AM,0,0,0,0,429.04,48,46.13,Breakfast,1,1,0,6
S9774,2026-04-09,12:21 PM,Azad,Library,0,0,12:11 PM,01:57 PM,12:00 PM,02:10 PM,1033.09,77,19.58,None,0,0,0,7
S9775,2026-04-03,10:56 PM,Rajendra,Hostel,0,0,0,0,0,0,1071.29,20,19.4,None,0,0,0,5
S9776,2026-04-03,09:47 PM,Ganga,Mess,09:13 PM,10:01 PM,0,0,0,0,496.27,99,47.41,Dinner,0,0,0,6
S9777,2026-04-19,08:43 AM,Yamuna,Mess,08:25 AM,08:54 AM,0,0,0,0,460.97,150,45.49,Breakfast,0,0,0,7
S9778,2026-04-29,01:13 PM,Azad,Classroom,0,0,0,0,12:57 PM,03:09 PM,304.69,94,10.12,None,1,0,1,4
S9779,2026-04-23,08:13 PM,Yamuna,Hostel,0,0,0,0,0,0,1171.0,36,20.42,None,0,0,1,8
S9780,2026-04-28,07:11 PM,Sarojini,Library,0,0,03:46 PM,11:59 PM,03:41 PM,11:59 PM,991.14,19,12.46,None,0,0,1,5
S9781,2026-04-11,02:19 PM,Ganga,Mess,01:52 PM,02:43 PM,0,0,0,0,516.08,37,41.55,Lunch,0,0,0,3
S9782,2026-04-20,07:36 PM,Yamuna,Library,0,0,11:11 AM,07:48 PM,10:55 AM,08:06 PM,950.49,190,16.62,None,0,0,1,8
S9783,2026-04-29,07:59 PM,Azad,Library,0,0,07:24 PM,11:59 PM,06:57 PM,11:59 PM,824.83,189,24.28,None,0,0,1,5
S9784,2026-04-29,09:53 PM,Yamuna,Hostel,0,0,0,0,0,0,633.1,153,29.0,None,0,0,1,4
S9785,2026-04-05,09:30 PM,Rajendra,Library,0,0,08:15 PM,09:47 PM,08:01 PM,10:19 PM,884.73,151,17.63,None,0,0,0,7
S9786,2026-04-26,02:05 PM,Yamuna,Mess,01:21 PM,02:21 PM,0,0,0,0,569.05,162,52.91,Lunch,0,0,1,3
S9787,2026-04-24,08:56 PM,Sarojini,Library,0,0,08:40 PM,11:59 PM,08:12 PM,11:59 PM,830.97,19,13.85,None,0,0,1,7
S9788,2026-04-09,07:20 AM,Ganga,Mess,07:13 AM,07:39 AM,0,0,0,0,496.06,62,35.7,Breakfast,0,0,0,6
S9789,2026-04-29,09:33 AM,Yamuna,Mess,08:59 AM,09:36 AM,0,0,0,0,287.31,151,38.29,Breakfast,0,0,1,5
S9790,2026-04-27,11:29 AM,Yamuna,Library,0,0,10:53 AM,05:10 PM,10:45 AM,05:46 PM,581.32,28,13.22,None,1,0,1,7
S9791,2026-04-19,10:04 AM,Rajendra,Mess,09:22 AM,10:07 AM,0,0,0,0,406.11,114,47.21,Breakfast,0,0,0,6
S9792,2026-04-28,07:31 AM,Sarojini,Mess,07:21 AM,07:50 AM,0,0,0,0,498.31,88,29.33,Breakfast,0,0,1,5
S9793,2026-04-21,05:28 PM,Rajendra,Outside,0,0,0,0,04:55 PM,07:35 PM,240.23,99,10.98,None,0,0,1,3
S9794,2026-04-15,10:59 AM,Azad,Classroom,0,0,0,0,10:37 AM,12:57 PM,181.74,134,12.68,None,1,1,0,9
S9795,2026-04-16,01:23 PM,Ganga,Mess,12:56 PM,01:26 PM,0,0,0,0,429.43,27,23.85,Lunch,1,0,0,8
S9796,2026-04-16,01:37 PM,Rajendra,Mess,01:19 PM,01:50 PM,0,0,0,0,319.1,153,47.2,Lunch,1,0,0,7
S9797,2026-04-30,04:00 PM,Azad,Library,0,0,01:04 PM,09:23 PM,12:40 PM,10:05 PM,633.15,26,11.97,None,1,1,1,5
S9798,2026-04-10,12:19 PM,Azad,Mess,12:18 PM,01:18 PM,0,0,0,0,425.73,43,26.98,Lunch,1,0,0,9
S9799,2026-04-25,03:17 PM,Rajendra,Mess,02:44 PM,03:34 PM,0,0,0,0,407.9,183,55.77,Lunch,1,0,1,4
S9800,2026-04-24,12:42 PM,Azad,Mess,12:14 PM,12:46 PM,0,0,0,0,399.17,196,53.49,Lunch,1,0,1,7
S9801,2026-04-25,03:05 PM,Sarojini,Library,0,0,10:31 AM,06:31 PM,10:25 AM,06:57 PM,733.83,161,25.65,None,0,0,1,6
S9802,2026-04-04,02:45 PM,Rajendra,Mess,02:20 PM,03:02 PM,0,0,0,0,648.61,107,37.02,Lunch,0,0,0,10
S9803,2026-04-27,05:19 PM,Ganga,Outside,0,0,0,0,03:26 PM,06:29 PM,295.56,189,19.02,None,0,0,1,4
S9804,2026-04-16,09:56 PM,Azad,Mess,09:56 PM,10:28 PM,0,0,0,0,530.34,64,31.32,Dinner,0,0,0,8
S9805,2026-04-14,10:01 AM,Yamuna,Hostel,0,0,0,0,0,0,185.39,32,16.38,None,0,0,0,7
S9806,2026-04-18,08:57 PM,Yamuna,Library,0,0,08:29 PM,10:28 PM,08:05 PM,10:39 PM,872.39,36,16.19,None,0,0,0,6
S9807,2026-04-03,12:30 PM,Azad,Library,0,0,10:50 AM,01:15 PM,10:41 AM,02:15 PM,851.7,20,15.67,None,0,0,0,16
S9808,2026-04-18,10:11 PM,Rajendra,Hostel,0,0,0,0,0,0,955.15,158,41.41,None,0,0,0,5
S9809,2026-04-19,09:39 PM,Yamuna,Mess,09:36 PM,10:01 PM,0,0,0,0,329.01,131,52.77,Dinner,0,0,0,7
S9810,2026-04-21,09:51 PM,Ganga,Library,0,0,05:19 PM,10:59 PM,04:52 PM,11:35 PM,480.72,126,24.99,None,0,0,1,5
S9811,2026-04-28,09:43 AM,Yamuna,Hostel,0,0,0,0,0,0,270.8,61,19.13,None,0,0,1,3
S9812,2026-04-03,09:46 AM,Ganga,Mess,09:20 AM,09:48 AM,0,0,0,0,656.01,42,29.23,Breakfast,1,1,0,8
S9813,2026-04-12,03:19 PM,Yamuna,Library,0,0,01:49 PM,03:57 PM,01:23 PM,04:08 PM,617.75,151,23.94,None,1,0,0,8
S9814,2026-04-13,11:40 AM,Rajendra,Library,0,0,11:22 AM,12:48 PM,10:52 AM,01:41 PM,993.49,81,20.18,None,0,0,0,10
S9815,2026-04-01,06:56 PM,Ganga,Library,0,0,06:46 PM,09:44 PM,06:25 PM,10:35 PM,818.27,20,13.2,None,0,0,0,7
S9816,2026-04-25,12:47 PM,Azad,Mess,12:17 PM,12:51 PM,0,0,0,0,561.24,28,34.83,Lunch,1,0,1,6
S9817,2026-04-25,12:31 PM,Ganga,Library,0,0,09:28 AM,02:59 PM,09:10 AM,03:25 PM,554.47,89,17.73,None,0,0,1,5
S9818,2026-04-07,01:09 PM,Yamuna,Library,0,0,12:15 PM,02:29 PM,12:04 PM,03:20 PM,761.44,73,10.61,None,0,0,0,6
S9819,2026-04-16,08:09 PM,Sarojini,Library,0,0,06:28 PM,08:52 PM,06:03 PM,09:27 PM,639.82,121,23.03,None,0,0,0,7
S9820,2026-04-01,07:15 AM,Rajendra,Mess,07:05 AM,08:00 AM,0,0,0,0,421.28,130,44.21,Breakfast,0,0,0,7
S9821,2026-04-19,08:48 PM,Sarojini,Library,0,0,08:48 PM,09:19 PM,08:25 PM,10:13 PM,754.98,48,18.06,None,0,0,0,7
S9822,2026-04-07,12:23 AM,Azad,Hostel,0,0,0,0,0,0,285.52,73,28.96,None,0,0,0,6
S9823,2026-04-04,07:32 PM,Ganga,Library,0,0,07:19 PM,09:39 PM,06:52 PM,10:01 PM,626.74,142,31.32,None,0,0,0,6
S9824,2026-04-24,10:16 AM,Azad,Classroom,0,0,0,0,09:45 AM,11:21 AM,143.25,74,9.01,None,1,1,1,7
S9825,2026-04-15,10:58 PM,Sarojini,Library,0,0,09:11 PM,11:50 PM,09:00 PM,11:59 PM,650.3,158,17.62,None,0,0,0,6
S9826,2026-04-24,12:30 PM,Sarojini,Library,0,0,10:17 AM,04:43 PM,09:53 AM,05:18 PM,820.28,68,11.92,None,1,0,1,5
S9827,2026-04-12,07:25 AM,Yamuna,Mess,07:18 AM,08:09 AM,0,0,0,0,397.42,111,34.73,Breakfast,0,0,0,8
S9828,2026-04-17,09:49 PM,Yamuna,Library,0,0,09:16 PM,10:11 PM,08:53 PM,11:09 PM,448.42,93,22.47,None,0,0,0,7
S9829,2026-04-06,09:05 AM,Ganga,Mess,08:48 AM,09:34 AM,0,0,0,0,650.01,71,26.64,Breakfast,0,0,0,7
S9830,2026-04-27,08:30 AM,Sarojini,Mess,08:27 AM,09:01 AM,0,0,0,0,538.56,148,45.5,Breakfast,0,0,1,5
S9831,2026-04-19,10:06 AM,Rajendra,Mess,09:26 AM,10:22 AM,0,0,0,0,443.35,49,34.68,Breakfast,1,1,0,7
S9832,2026-04-29,11:27 AM,Yamuna,Hostel,0,0,0,0,0,0,285.08,16,15.26,None,0,0,1,6
S9833,2026-04-19,10:53 AM,Sarojini,Library,0,0,10:10 AM,10:58 AM,09:52 AM,11:47 AM,1004.73,110,30.55,None,0,0,0,7
S9834,2026-04-26,11:01 AM,Azad,Library,0,0,10:36 AM,04:45 PM,10:30 AM,05:43 PM,685.6,31,8.84,None,1,0,1,7
S9835,2026-04-19,10:15 AM,Azad,Mess,09:40 AM,10:30 AM,0,0,0,0,351.9,111,53.61,Breakfast,0,0,0,5
S9836,2026-04-28,09:13 AM,Yamuna,Mess,09:13 AM,09:49 AM,0,0,0,0,606.49,186,50.43,Breakfast,0,0,1,3
S9837,2026-04-23,02:40 PM,Ganga,Classroom,0,0,0,0,02:22 PM,04:28 PM,183.88,38,5.36,None,1,0,1,6
S9838,2026-04-23,01:21 PM,Azad,Hostel,0,0,0,0,0,0,399.19,131,34.44,None,1,0,1,4
S9839,2026-04-14,06:46 PM,Azad,Library,0,0,05:45 PM,07:53 PM,05:35 PM,08:35 PM,996.08,55,21.17,None,0,0,0,7
S9840,2026-04-04,08:27 AM,Azad,Mess,08:05 AM,08:39 AM,0,0,0,0,474.6,24,27.67,Breakfast,0,0,0,7
S9841,2026-05-01,07:50 PM,Ganga,Mess,07:32 PM,07:52 PM,0,0,0,0,329.63,62,30.43,Dinner,0,0,0,6
S9842,2026-04-17,12:33 AM,Ganga,Hostel,0,0,0,0,0,0,275.54,195,40.51,None,0,0,0,4
S9843,2026-04-12,04:28 PM,Yamuna,Library,0,0,04:03 PM,05:04 PM,03:51 PM,05:27 PM,679.48,143,21.66,None,0,0,0,5
S9844,2026-04-16,04:45 PM,Ganga,Library,0,0,02:35 PM,05:10 PM,02:10 PM,06:06 PM,1001.39,84,18.04,None,0,0,0,4
S9845,2026-04-04,09:37 PM,Ganga,Outside,0,0,0,0,08:20 PM,11:15 PM,291.75,192,25.45,None,0,0,0,7
S9846,2026-04-08,09:15 AM,Ganga,Hostel,0,0,0,0,0,0,191.4,12,25.96,None,1,1,0,8
S9847,2026-04-14,01:46 PM,Sarojini,Mess,01:01 PM,01:51 PM,0,0,0,0,655.55,58,41.64,Lunch,0,0,0,4
S9848,2026-04-21,12:07 PM,Ganga,Mess,12:06 PM,12:35 PM,0,0,0,0,415.74,138,42.1,Lunch,1,0,1,6
S9849,2026-04-28,08:27 AM,Azad,Mess,08:16 AM,08:47 AM,0,0,0,0,425.74,18,37.07,Breakfast,0,0,1,6
S9850,2026-04-26,01:00 PM,Ganga,Mess,12:35 PM,01:35 PM,0,0,0,0,461.6,90,42.18,Lunch,0,0,1,8
S9851,2026-04-28,01:19 PM,Yamuna,Mess,01:00 PM,01:23 PM,0,0,0,0,579.44,53,33.41,Lunch,1,0,1,3
S9852,2026-04-11,06:38 PM,Yamuna,Outside,0,0,0,0,05:04 PM,09:28 PM,164.65,53,2.74,None,0,0,0,9
S9853,2026-04-01,09:31 PM,Azad,Mess,09:28 PM,10:14 PM,0,0,0,0,399.96,139,51.93,Dinner,0,0,0,6
S9854,2026-04-28,01:40 PM,Yamuna,Library,0,0,12:56 PM,06:43 PM,12:49 PM,07:04 PM,814.97,108,19.49,None,0,0,1,3
S9855,2026-04-19,07:42 AM,Rajendra,Mess,07:36 AM,08:01 AM,0,0,0,0,369.13,57,44.06,Breakfast,0,0,0,7
S9856,2026-04-26,10:12 AM,Yamuna,Mess,09:53 AM,10:36 AM,0,0,0,0,580.07,86,46.23,Breakfast,0,0,1,6
S9857,2026-04-06,10:06 PM,Azad,Mess,09:39 PM,10:16 PM,0,0,0,0,584.32,99,33.29,Dinner,0,0,0,7
S9858,2026-04-02,05:27 PM,Sarojini,Library,0,0,03:27 PM,05:59 PM,03:09 PM,06:28 PM,690.73,50,20.96,None,0,0,0,7
S9859,2026-04-08,02:08 PM,Yamuna,Outside,0,0,0,0,01:02 PM,03:55 PM,224.09,139,7.17,None,0,0,0,7
S9860,2026-04-27,07:39 PM,Rajendra,Mess,07:07 PM,07:43 PM,0,0,0,0,451.42,84,34.04,Dinner,0,0,1,3
S9861,2026-04-18,06:22 PM,Rajendra,Outside,0,0,0,0,05:43 PM,07:23 PM,118.63,68,9.0,None,0,0,0,7
S9862,2026-04-09,03:45 PM,Rajendra,Library,0,0,03:35 PM,04:24 PM,03:15 PM,04:52 PM,555.71,93,14.24,None,0,0,0,6
S9863,2026-04-28,07:33 PM,Rajendra,Mess,07:11 PM,08:03 PM,0,0,0,0,484.23,74,30.77,Dinner,0,0,1,4
S9864,2026-04-29,09:47 PM,Sarojini,Library,0,0,08:48 PM,11:59 PM,08:34 PM,11:59 PM,792.93,91,17.03,None,0,0,1,6
S9865,2026-04-23,08:05 PM,Yamuna,Outside,0,0,0,0,07:07 PM,09:39 PM,218.18,183,13.81,None,0,0,1,5
S9866,2026-04-22,07:23 PM,Azad,Hostel,0,0,0,0,0,0,317.43,141,34.54,None,0,0,1,4
S9867,2026-04-16,08:55 PM,Rajendra,Mess,08:47 PM,09:45 PM,0,0,0,0,276.53,69,36.95,Dinner,0,0,0,7
S9868,2026-04-25,12:34 PM,Ganga,Library,0,0,09:03 AM,04:03 PM,08:36 AM,04:41 PM,555.03,148,30.64,None,0,0,1,4
S9869,2026-04-11,03:59 PM,Sarojini,Library,0,0,03:19 PM,04:14 PM,02:53 PM,05:01 PM,434.46,59,13.66,None,0,0,0,8
S9870,2026-04-28,02:15 PM,Yamuna,Mess,02:14 PM,02:52 PM,0,0,0,0,273.92,187,53.21,Lunch,1,0,1,5
S9871,2026-04-11,09:41 PM,Rajendra,Hostel,0,0,0,0,0,0,1181.82,30,23.67,None,0,0,0,17
S9872,2026-04-22,09:37 AM,Rajendra,Mess,09:14 AM,09:37 AM,0,0,0,0,333.96,42,43.03,Breakfast,0,0,1,6
S9873,2026-04-01,07:55 PM,Sarojini,Mess,07:21 PM,08:17 PM,0,0,0,0,446.51,38,42.95,Dinner,0,0,0,7
S9874,2026-04-22,08:15 PM,Azad,Library,0,0,03:26 PM,11:21 PM,03:13 PM,11:58 PM,626.76,39,15.66,None,0,0,1,4
S9875,2026-04-09,09:17 AM,Sarojini,Mess,09:10 AM,09:41 AM,0,0,0,0,431.7,57,33.66,Breakfast,0,0,0,7
S9876,2026-04-17,02:26 PM,Ganga,Mess,02:21 PM,02:54 PM,0,0,0,0,583.7,146,34.73,Lunch,1,0,0,6
S9877,2026-04-18,10:03 PM,Azad,Mess,09:17 PM,10:05 PM,0,0,0,0,468.44,94,41.28,Dinner,0,0,0,8
S9878,2026-04-20,11:48 AM,Sarojini,Library,0,0,10:34 AM,05:50 PM,10:28 AM,06:11 PM,840.87,150,29.57,None,1,0,1,3
S9879,2026-04-13,12:03 PM,Yamuna,Outside,0,0,0,0,10:19 AM,02:55 PM,279.97,70,6.8,None,0,0,0,6
S9880,2026-04-01,01:55 PM,Sarojini,Library,0,0,01:00 PM,03:46 PM,12:42 PM,04:14 PM,756.49,37,12.0,None,1,0,0,8
S9881,2026-04-08,07:12 PM,Sarojini,Mess,07:00 PM,07:48 PM,0,0,0,0,399.03,27,39.3,Dinner,0,0,0,7
S9882,2026-04-30,09:12 PM,Sarojini,Library,0,0,03:57 PM,11:11 PM,03:29 PM,11:25 PM,887.82,49,10.99,None,0,0,1,3
S9883,2026-04-16,07:32 PM,Sarojini,Library,0,0,06:15 PM,09:06 PM,06:09 PM,09:26 PM,717.48,39,12.71,None,0,0,0,8
S9884,2026-04-24,08:59 PM,Ganga,Library,0,0,08:43 PM,11:59 PM,08:16 PM,11:59 PM,992.9,82,14.25,None,0,0,1,6
S9885,2026-04-25,11:33 AM,Yamuna,Library,0,0,09:58 AM,05:37 PM,09:38 AM,05:49 PM,464.45,165,20.87,None,0,0,1,6
S9886,2026-04-10,01:33 PM,Yamuna,Library,0,0,01:13 PM,02:22 PM,12:59 PM,02:56 PM,845.14,106,24.04,None,0,0,0,8
S9887,2026-05-01,02:52 AM,Yamuna,Hostel,0,0,0,0,0,0,365.24,25,24.66,None,0,0,0,6
S9888,2026-04-09,08:02 PM,Rajendra,Library,0,0,07:23 PM,08:02 PM,07:09 PM,08:23 PM,774.22,140,30.28,None,0,0,0,6
S9889,2026-04-18,03:54 PM,Azad,Classroom,0,0,0,0,03:15 PM,05:16 PM,111.69,52,3.32,None,1,0,0,8
S9890,2026-04-23,01:33 PM,Yamuna,Mess,01:02 PM,01:43 PM,0,0,0,0,575.53,77,38.12,Lunch,1,0,1,8
S9891,2026-04-11,07:44 PM,Yamuna,Mess,07:37 PM,08:12 PM,0,0,0,0,287.18,94,38.62,Dinner,0,0,0,7
S9892,2026-04-20,11:36 AM,Azad,Library,0,0,11:16 AM,07:27 PM,11:04 AM,08:08 PM,682.02,194,38.52,None,0,0,1,3
S9893,2026-04-02,08:52 PM,Rajendra,Mess,08:44 PM,09:34 PM,0,0,0,0,341.3,161,35.12,Dinner,0,0,0,7
S9894,2026-04-18,09:44 PM,Sarojini,Outside,0,0,0,0,07:49 PM,11:20 PM,360.68,55,6.11,None,0,0,0,8
S9895,2026-04-23,08:28 AM,Yamuna,Classroom,0,0,0,0,07:58 AM,09:20 AM,258.9,118,13.15,None,1,1,1,3
S9896,2026-04-19,07:54 AM,Azad,Mess,07:05 AM,08:01 AM,0,0,0,0,398.86,32,23.35,Breakfast,0,0,0,7
S9897,2026-04-11,10:19 AM,Sarojini,Outside,0,0,0,0,09:04 AM,12:23 PM,308.1,91,12.38,None,0,0,0,7
S9898,2026-04-29,08:34 PM,Yamuna,Mess,08:32 PM,09:06 PM,0,0,0,0,245.49,105,44.71,Dinner,0,0,1,4
S9899,2026-04-14,08:25 AM,Rajendra,Hostel,0,0,0,0,0,0,189.45,60,18.35,None,0,0,0,7
S9900,2026-04-30,02:59 PM,Sarojini,Mess,02:38 PM,03:24 PM,0,0,0,0,497.73,131,35.65,Lunch,0,0,1,8
S9901,2026-04-29,09:17 AM,Yamuna,Mess,09:01 AM,09:25 AM,0,0,0,0,359.04,45,31.42,Breakfast,1,1,1,6
S9902,2026-04-16,06:18 PM,Rajendra,Hostel,0,0,0,0,0,0,140.47,172,34.08,None,0,0,0,7
S9903,2026-04-28,06:43 PM,Ganga,Library,0,0,05:59 PM,11:59 PM,05:31 PM,11:59 PM,899.73,72,18.83,None,0,0,1,5
S9904,2026-04-19,02:47 PM,Rajendra,Mess,02:09 PM,03:01 PM,0,0,0,0,662.98,27,39.13,Lunch,0,0,0,8
S9905,2026-04-29,02:17 PM,Rajendra,Classroom,0,0,0,0,01:41 PM,02:51 PM,331.85,11,0.61,None,1,0,1,5
S9906,2026-05-01,11:05 AM,Ganga,Outside,0,0,0,0,09:54 AM,01:14 PM,324.19,124,14.08,None,1,0,0,4
S9907,2026-04-08,11:06 AM,Yamuna,Library,0,0,09:54 AM,11:39 AM,09:43 AM,12:04 PM,708.81,164,30.59,None,0,0,0,8
S9908,2026-04-21,09:21 AM,Rajendra,Mess,09:02 AM,09:38 AM,0,0,0,0,546.81,104,35.72,Breakfast,0,0,1,5
S9909,2026-04-17,03:08 PM,Rajendra,Library,0,0,02:11 PM,03:23 PM,01:47 PM,03:57 PM,516.87,87,20.67,None,0,0,0,6
S9910,2026-04-18,08:15 PM,Ganga,Library,0,0,07:56 PM,08:37 PM,07:35 PM,09:01 PM,914.81,188,30.87,None,0,0,0,8
S9911,2026-04-07,05:19 PM,Rajendra,Library,0,0,03:23 PM,06:12 PM,03:10 PM,06:44 PM,477.19,68,10.94,None,0,0,0,6
S9912,2026-04-28,12:27 AM,Yamuna,Outside,0,0,0,0,0,03:12 AM,316.3,101,11.66,None,0,0,1,8
S9913,2026-04-27,06:31 AM,Yamuna,Outside,0,0,0,0,05:51 AM,07:32 AM,139.24,175,15.02,None,0,0,1,5
S9914,2026-04-20,02:51 PM,Sarojini,Mess,02:41 PM,03:24 PM,0,0,0,0,425.29,78,35.99,Lunch,1,0,1,4
S9915,2026-04-27,07:56 PM,Yamuna,Mess,07:53 PM,08:15 PM,0,0,0,0,345.46,187,36.85,Dinner,0,0,1,3
S9916,2026-04-18,01:42 PM,Ganga,Classroom,0,0,0,0,01:07 PM,02:20 PM,166.51,153,13.23,None,1,0,0,6
S9917,2026-04-03,10:56 AM,Rajendra,Library,0,0,10:26 AM,11:44 AM,10:05 AM,11:59 AM,617.85,55,13.29,None,1,1,0,8
S9918,2026-04-11,10:00 AM,Yamuna,Library,0,0,09:47 AM,10:19 AM,09:32 AM,11:16 AM,787.22,190,22.65,None,1,1,0,6
S9919,2026-04-15,04:59 PM,Ganga,Outside,0,0,0,0,03:30 PM,07:05 PM,192.15,130,17.06,None,1,1,0,6
S9920,2026-04-03,02:15 PM,Ganga,Mess,02:13 PM,02:57 PM,0,0,0,0,397.18,186,58.29,Lunch,0,0,0,8
S9921,2026-04-04,05:45 PM,Yamuna,Library,0,0,05:18 PM,06:03 PM,05:04 PM,06:29 PM,756.17,197,37.3,None,0,0,0,9
S9922,2026-04-24,08:17 AM,Yamuna,Mess,08:09 AM,08:51 AM,0,0,0,0,536.88,101,50.32,Breakfast,0,0,1,6
S9923,2026-04-01,06:22 PM,Sarojini,Classroom,0,0,0,0,05:53 PM,07:00 PM,190.29,197,28.88,None,1,1,0,6
S9924,2026-05-01,09:00 AM,Yamuna,Mess,08:58 AM,09:24 AM,0,0,0,0,389.18,26,36.8,Breakfast,1,1,0,7
S9925,2026-04-19,01:11 AM,Yamuna,Hostel,0,0,0,0,0,0,300.58,195,36.07,None,0,0,0,7
S9926,2026-04-05,10:53 AM,Azad,Library,0,0,09:44 AM,11:31 AM,09:33 AM,12:29 PM,688.73,200,31.78,None,1,1,0,8
S9927,2026-04-18,08:25 PM,Sarojini,Mess,08:00 PM,08:54 PM,0,0,0,0,425.75,66,45.98,Dinner,0,0,0,5
S9928,2026-04-03,07:25 PM,Yamuna,Mess,07:06 PM,07:34 PM,0,0,0,0,485.17,151,36.03,Dinner,0,0,0,7
S9929,2026-04-29,07:17 AM,Azad,Mess,07:09 AM,07:32 AM,0,0,0,0,555.77,62,30.22,Breakfast,0,0,1,7
S9930,2026-05-01,08:58 AM,Sarojini,Outside,0,0,0,0,07:06 AM,11:08 AM,230.58,71,6.22,None,0,0,0,8
S9931,2026-04-26,02:45 AM,Yamuna,Outside,0,0,0,0,01:42 AM,05:05 AM,239.5,143,17.92,None,0,0,1,3
S9932,2026-04-19,08:56 PM,Yamuna,Library,0,0,08:24 PM,09:57 PM,08:17 PM,10:32 PM,792.9,46,10.72,None,0,0,0,7
S9933,2026-04-12,11:49 AM,Ganga,Library,0,0,10:49 AM,01:16 PM,10:42 AM,01:40 PM,810.11,118,27.83,None,1,0,0,6
S9934,2026-04-20,01:37 PM,Azad,Mess,01:26 PM,01:48 PM,0,0,0,0,497.31,19,28.03,Lunch,1,0,1,8
S9935,2026-04-20,10:41 PM,Yamuna,Library,0,0,07:32 PM,11:59 PM,07:19 PM,11:59 PM,908.79,22,9.16,None,0,0,1,4
S9936,2026-04-28,03:48 PM,Rajendra,Library,0,0,09:19 AM,04:40 PM,09:01 AM,05:35 PM,544.92,44,11.8,None,0,0,1,4
S9937,2026-04-19,01:26 PM,Sarojini,Mess,01:06 PM,01:42 PM,0,0,0,0,557.71,66,41.14,Lunch,0,0,0,4
S9938,2026-04-30,10:24 AM,Azad,Mess,09:45 AM,10:29 AM,0,0,0,0,468.33,147,46.11,Breakfast,0,0,1,5
S9939,2026-04-29,08:02 PM,Sarojini,Mess,07:43 PM,08:28 PM,0,0,0,0,471.32,31,31.17,Dinner,0,0,1,6
S9940,2026-04-12,07:56 AM,Azad,Mess,07:53 AM,08:34 AM,0,0,0,0,587.68,124,42.05,Breakfast,0,0,0,4
S9941,2026-04-24,08:54 AM,Sarojini,Mess,08:41 AM,09:24 AM,0,0,0,0,505.26,38,24.06,Breakfast,0,0,1,4
S9942,2026-04-28,09:37 PM,Rajendra,Mess,09:02 PM,09:39 PM,0,0,0,0,294.59,85,32.28,Dinner,0,0,1,3
S9943,2026-04-10,09:45 AM,Yamuna,Outside,0,0,0,0,08:49 AM,11:28 AM,354.71,157,22.45,None,0,0,0,6
S9944,2026-04-04,04:27 AM,Azad,Hostel,0,0,0,0,0,0,185.2,57,21.28,None,0,0,0,7
S9945,2026-04-27,08:14 PM,Ganga,Library,0,0,01:46 PM,08:34 PM,01:40 PM,08:49 PM,478.78,99,17.36,None,0,0,1,5
S9946,2026-05-01,08:06 AM,Azad,Mess,07:39 AM,08:29 AM,0,0,0,0,455.82,194,53.07,Breakfast,0,0,0,6
S9947,2026-04-28,05:54 AM,Sarojini,Hostel,0,0,0,0,0,0,135.88,95,21.76,None,0,0,1,5
S9948,2026-04-23,09:12 PM,Yamuna,Library,0,0,08:13 PM,11:59 PM,07:50 PM,11:59 PM,988.33,17,13.37,None,0,0,1,5
S9949,2026-04-22,08:30 AM,Yamuna,Mess,08:14 AM,08:43 AM,0,0,0,0,438.84,156,47.8,Breakfast,0,0,1,4
S9950,2026-04-07,04:43 AM,Rajendra,Outside,0,0,0,0,02:57 AM,05:43 AM,126.38,51,6.96,None,0,0,0,7
S9951,2026-04-09,10:18 PM,Rajendra,Mess,09:53 PM,10:37 PM,0,0,0,0,460.29,46,42.41,Dinner,0,0,0,10
S9952,2026-04-22,09:25 PM,Yamuna,Hostel,0,0,0,0,0,0,1175.84,158,38.86,None,0,0,1,6
S9953,2026-04-07,12:36 PM,Ganga,Library,0,0,12:27 PM,01:23 PM,12:12 PM,02:03 PM,632.32,27,9.67,None,0,0,0,6
S9954,2026-04-03,05:02 AM,Yamuna,Outside,0,0,0,0,04:02 AM,06:03 AM,304.43,40,2.53,None,0,0,0,7
S9955,2026-04-09,06:44 AM,Sarojini,Outside,0,0,0,0,06:01 AM,07:56 AM,387.61,128,17.44,None,0,0,0,10
S9956,2026-04-25,08:26 AM,Ganga,Mess,07:58 AM,08:47 AM,0,0,0,0,331.37,97,36.5,Breakfast,0,0,1,4
S9957,2026-04-18,01:20 PM,Yamuna,Mess,01:01 PM,01:27 PM,0,0,0,0,433.96,181,42.49,Lunch,0,0,0,8
S9958,2026-04-17,05:07 AM,Sarojini,Outside,0,0,0,0,04:33 AM,06:17 AM,111.31,92,7.09,None,0,0,0,4
S9959,2026-04-10,04:12 AM,Sarojini,Hostel,0,0,0,0,0,0,311.08,89,22.46,None,0,0,0,6
S9960,2026-04-03,09:04 AM,Yamuna,Mess,08:41 AM,09:27 AM,0,0,0,0,441.71,44,25.13,Breakfast,0,0,0,6
S9961,2026-04-26,11:19 PM,Yamuna,Library,0,0,04:58 PM,11:59 PM,04:33 PM,11:59 PM,457.44,53,19.06,None,0,0,1,3
S9962,2026-04-12,09:50 AM,Azad,Mess,09:21 AM,09:55 AM,0,0,0,0,356.65,32,43.51,Breakfast,1,1,0,7
S9963,2026-04-03,07:10 PM,Sarojini,Outside,0,0,0,0,05:26 PM,09:53 PM,158.85,194,26.23,None,0,0,0,6
S9964,2026-04-18,08:56 PM,Ganga,Mess,08:53 PM,09:25 PM,0,0,0,0,294.72,48,26.94,Dinner,0,0,0,8
S9965,2026-04-13,06:51 AM,Yamuna,Hostel,0,0,0,0,0,0,156.64,111,31.34,None,0,0,0,4
S9966,2026-04-06,08:27 AM,Rajendra,Mess,07:40 AM,08:27 AM,0,0,0,0,270.17,59,26.02,Breakfast,0,0,0,6
S9967,2026-04-18,12:08 PM,Yamuna,Hostel,0,0,0,0,0,0,172.75,95,31.54,None,1,0,0,9
S9968,2026-05-01,03:39 PM,Azad,Library,0,0,02:25 PM,05:12 PM,02:14 PM,06:02 PM,643.45,115,14.81,None,0,0,0,7
S9969,2026-04-20,10:58 AM,Sarojini,Library,0,0,09:33 AM,03:22 PM,09:03 AM,04:10 PM,743.73,168,30.81,None,1,1,1,6
S9970,2026-04-16,02:03 AM,Rajendra,Outside,0,0,0,0,12:27 AM,04:16 AM,154.25,165,12.48,None,0,0,0,4
S9971,2026-04-10,08:15 PM,Sarojini,Mess,08:06 PM,08:46 PM,0,0,0,0,408.65,43,30.06,Dinner,0,0,0,8
S9972,2026-04-27,01:29 PM,Rajendra,Mess,12:39 PM,01:38 PM,0,0,0,0,385.96,125,44.5,Lunch,1,0,1,5
S9973,2026-04-06,08:35 PM,Rajendra,Mess,08:13 PM,08:37 PM,0,0,0,0,416.37,153,30.68,Dinner,0,0,0,7
S9974,2026-04-17,08:42 AM,Azad,Hostel,0,0,0,0,0,0,306.18,50,27.04,None,0,0,0,11
S9975,2026-04-13,12:25 PM,Ganga,Mess,12:18 PM,12:39 PM,0,0,0,0,405.93,200,50.3,Lunch,0,0,0,6
S9976,2026-04-07,02:53 PM,Yamuna,Mess,02:36 PM,03:29 PM,0,0,0,0,447.41,147,50.3,Lunch,0,0,0,6
S9977,2026-04-24,11:12 AM,Sarojini,Library,0,0,11:12 AM,06:44 PM,10:58 AM,07:35 PM,468.97,167,21.31,None,0,0,1,4
S9978,2026-04-23,07:13 PM,Rajendra,Library,0,0,11:52 AM,08:26 PM,11:40 AM,09:18 PM,880.14,199,35.83,None,0,0,1,4
S9979,2026-04-11,09:57 AM,Ganga,Mess,09:40 AM,10:36 AM,0,0,0,0,429.92,41,24.73,Breakfast,0,0,0,7
S9980,2026-04-05,02:11 PM,Azad,Mess,01:55 PM,02:15 PM,0,0,0,0,642.32,74,26.15,Lunch,0,0,0,8
S9981,2026-04-24,08:59 AM,Yamuna,Outside,0,0,0,0,07:48 AM,10:06 AM,158.5,125,11.97,None,0,0,1,7
S9982,2026-04-02,02:21 PM,Ganga,Mess,01:55 PM,02:22 PM,0,0,0,0,499.99,190,52.52,Lunch,1,0,0,11
S9983,2026-04-21,11:15 AM,Ganga,Classroom,0,0,0,0,11:02 AM,12:40 PM,264.87,89,11.37,None,1,0,1,5
S9984,2026-04-08,10:45 PM,Rajendra,Hostel,0,0,0,0,0,0,899.57,16,13.48,None,0,0,0,7
S9985,2026-04-15,01:37 PM,Sarojini,Library,0,0,01:00 PM,01:41 PM,12:38 PM,02:29 PM,678.27,188,37.75,None,0,0,0,7
S9986,2026-04-21,09:34 PM,Ganga,Library,0,0,07:32 PM,11:59 PM,07:07 PM,11:59 PM,596.22,152,28.26,None,0,0,1,4
S9987,2026-04-17,09:55 PM,Azad,Library,0,0,07:34 PM,10:00 PM,07:17 PM,10:52 PM,914.66,120,27.05,None,0,0,0,7
S9988,2026-04-02,07:54 AM,Azad,Mess,07:43 AM,08:07 AM,0,0,0,0,433.43,123,47.02,Breakfast,0,0,0,7
S9989,2026-04-26,09:41 AM,Ganga,Mess,09:10 AM,09:44 AM,0,0,0,0,340.08,120,41.49,Breakfast,1,1,1,4
S9990,2026-04-06,09:38 AM,Yamuna,Mess,08:55 AM,09:46 AM,0,0,0,0,493.02,101,38.93,Breakfast,1,1,0,7
S9991,2026-04-04,11:37 AM,Azad,Library,0,0,11:11 AM,11:48 AM,10:51 AM,12:30 PM,644.42,91,17.43,None,1,0,0,6
S9992,2026-04-02,08:35 PM,Rajendra,Library,0,0,07:09 PM,08:41 PM,06:58 PM,09:34 PM,677.22,198,26.19,None,0,0,0,7
S9993,2026-04-12,02:12 PM,Ganga,Mess,01:47 PM,02:34 PM,0,0,0,0,496.05,144,44.94,Lunch,0,0,0,8
S9994,2026-04-07,04:43 AM,Azad,Outside,0,0,0,0,02:44 AM,07:36 AM,294.38,170,14.37,None,0,0,0,6
S9995,2026-04-24,10:00 AM,Azad,Outside,0,0,0,0,08:17 AM,12:08 PM,299.21,137,17.44,None,0,0,1,7
S9996,2026-04-29,02:46 PM,Azad,Library,0,0,01:23 PM,06:44 PM,12:54 PM,07:36 PM,731.11,184,32.28,None,1,0,1,5
S9997,2026-04-04,07:27 PM,Rajendra,Mess,07:18 PM,07:43 PM,0,0,0,0,288.94,101,36.01,Dinner,0,0,0,7
S9998,2026-05-01,07:14 PM,Yamuna,Library,0,0,07:06 PM,08:10 PM,06:36 PM,08:54 PM,742.11,90,22.94,None,0,0,0,7
S9999,2026-04-02,10:28 AM,Azad,Mess,09:52 AM,10:40 AM,0,0,0,0,627.08,105,31.79,Breakfast,0,0,0,10
S10000,2026-04-08,08:45 PM,Yamuna,Outside,0,0,0,0,07:47 PM,11:10 PM,184.56,78,8.75,None,0,0,0,9
S10001,2026-04-24,05:21 PM,Rajendra,Outside,0,0,0,0,04:03 PM,07:37 PM,312.38,79,3.96,None,0,0,1,7
S10002,2026-04-12,06:49 PM,Sarojini,Library,0,0,06:34 PM,07:57 PM,06:06 PM,08:53 PM,754.41,179,20.13,None,0,0,0,7
S10003,2026-04-20,08:04 PM,Yamuna,Mess,08:01 PM,08:22 PM,0,0,0,0,407.94,29,32.87,Dinner,0,0,1,6
S10004,2026-04-04,08:46 PM,Azad,Mess,08:25 PM,08:58 PM,0,0,0,0,443.31,159,36.89,Dinner,0,0,0,7
S10005,2026-04-10,03:57 PM,Ganga,Hostel,0,0,0,0,0,0,362.77,89,25.04,None,1,0,0,9
S10006,2026-04-24,08:02 AM,Yamuna,Mess,07:58 AM,08:24 AM,0,0,0,0,444.14,43,25.04,Breakfast,0,0,1,7
S10007,2026-04-21,07:26 AM,Ganga,Mess,07:07 AM,07:29 AM,0,0,0,0,495.86,176,50.37,Breakfast,0,0,1,4
S10008,2026-04-25,07:48 PM,Sarojini,Mess,07:19 PM,08:06 PM,0,0,0,0,467.2,112,46.74,Dinner,0,0,1,5
S10009,2026-04-18,07:42 AM,Ganga,Mess,07:42 AM,08:25 AM,0,0,0,0,428.62,61,26.91,Breakfast,0,0,0,6
S10010,2026-04-20,09:26 PM,Azad,Library,0,0,09:06 PM,11:59 PM,08:44 PM,11:59 PM,935.8,162,37.05,None,0,0,1,6
S10011,2026-04-29,08:23 PM,Azad,Library,0,0,06:07 PM,11:19 PM,05:46 PM,11:39 PM,628.26,73,23.17,None,0,0,1,5
S10012,2026-04-19,08:41 PM,Sarojini,Library,0,0,06:35 PM,08:50 PM,06:11 PM,09:48 PM,809.58,177,33.46,None,0,0,0,6
S10013,2026-04-14,09:08 AM,Yamuna,Library,0,0,09:04 AM,10:12 AM,08:52 AM,10:36 AM,571.07,86,19.69,None,1,1,0,7
S10014,2026-04-05,10:58 AM,Azad,Library,0,0,10:02 AM,11:11 AM,09:34 AM,12:00 PM,983.28,31,13.9,None,1,1,0,7
S10015,2026-04-17,04:48 AM,Yamuna,Outside,0,0,0,0,02:54 AM,06:17 AM,191.09,20,2.21,None,0,0,0,6
S10016,2026-04-29,10:21 PM,Ganga,Library,0,0,09:12 PM,11:59 PM,09:04 PM,11:59 PM,780.56,188,31.31,None,0,0,1,5
S10017,2026-04-18,10:49 PM,Sarojini,Library,0,0,10:08 PM,11:02 PM,09:38 PM,11:37 PM,856.99,90,14.36,None,0,0,0,8
S10018,2026-04-14,08:54 PM,Sarojini,Mess,08:32 PM,09:03 PM,0,0,0,0,474.36,137,56.75,Dinner,0,0,0,4
S10019,2026-04-14,09:35 AM,Rajendra,Classroom,0,0,0,0,08:55 AM,11:25 AM,290.28,36,2.53,None,1,1,0,10
S10020,2026-05-01,02:40 AM,Yamuna,Hostel,0,0,0,0,0,0,218.97,171,29.41,None,0,0,0,6
S10021,2026-04-10,07:13 PM,Rajendra,Mess,07:03 PM,07:38 PM,0,0,0,0,454.06,76,32.2,Dinner,0,0,0,8
S10022,2026-04-05,01:16 PM,Azad,Outside,0,0,0,0,12:18 PM,03:40 PM,376.99,188,23.53,None,1,0,0,7
S10023,2026-04-05,10:42 PM,Sarojini,Library,0,0,08:40 PM,10:58 PM,08:23 PM,11:12 PM,674.43,157,15.82,None,0,0,0,6
S10024,2026-04-01,07:22 PM,Azad,Mess,07:02 PM,07:45 PM,0,0,0,0,541.9,95,37.52,Dinner,0,0,0,9
S10025,2026-04-16,05:18 PM,Ganga,Hostel,0,0,0,0,0,0,170.52,127,19.15,None,0,0,0,8
S10026,2026-04-03,03:13 AM,Ganga,Outside,0,0,0,0,02:39 AM,04:42 AM,360.59,37,3.57,None,0,0,0,7
S10027,2026-04-24,09:09 AM,Sarojini,Mess,08:54 AM,09:22 AM,0,0,0,0,418.15,115,52.85,Breakfast,1,1,1,8
S10028,2026-04-24,10:47 PM,Azad,Library,0,0,09:09 PM,11:59 PM,08:42 PM,11:59 PM,700.8,123,24.78,None,0,0,1,7
S10029,2026-04-06,07:58 AM,Ganga,Hostel,0,0,0,0,0,0,132.15,15,19.97,None,0,0,0,6
S10030,2026-04-07,08:48 AM,Sarojini,Hostel,0,0,0,0,0,0,103.86,66,22.91,None,0,0,0,7
S10031,2026-05-01,02:01 PM,Ganga,Mess,01:52 PM,02:16 PM,0,0,0,0,591.53,175,49.39,Lunch,1,0,0,8
S10032,2026-04-02,11:00 AM,Ganga,Library,0,0,09:59 AM,12:38 PM,09:36 AM,01:13 PM,842.89,138,21.87,None,0,0,0,10
S10033,2026-04-14,12:49 PM,Sarojini,Library,0,0,11:33 AM,01:24 PM,11:03 AM,01:50 PM,602.3,81,17.83,None,0,0,0,4
S10034,2026-04-12,04:59 AM,Rajendra,Hostel,0,0,0,0,0,0,322.17,196,23.09,None,0,0,0,8
S10035,2026-04-15,06:56 PM,Azad,Library,0,0,06:55 PM,07:56 PM,06:30 PM,08:10 PM,886.47,18,6.92,None,0,0,0,7
S10036,2026-05-01,02:23 PM,Yamuna,Hostel,0,0,0,0,0,0,360.19,198,48.41,None,1,0,0,9
S10037,2026-04-14,01:00 PM,Yamuna,Library,0,0,12:23 PM,01:31 PM,12:10 PM,01:51 PM,647.32,23,17.44,None,0,0,0,7
S10038,2026-04-19,04:34 PM,Azad,Library,0,0,03:15 PM,05:06 PM,03:02 PM,06:00 PM,924.44,200,32.53,None,0,0,0,14
S10039,2026-04-26,06:46 AM,Yamuna,Outside,0,0,0,0,05:16 AM,09:08 AM,312.12,198,18.59,None,0,0,1,3
S10040,2026-04-14,04:31 AM,Yamuna,Outside,0,0,0,0,03:47 AM,07:18 AM,311.1,118,10.34,None,0,0,0,7
S10041,2026-04-25,04:32 PM,Ganga,Classroom,0,0,0,0,04:11 PM,06:17 PM,324.69,91,8.17,None,1,1,1,6
S10042,2026-04-22,07:17 AM,Azad,Hostel,0,0,0,0,0,0,357.97,80,23.33,None,0,0,1,4
S10043,2026-04-27,06:38 PM,Yamuna,Library,0,0,03:46 PM,11:02 PM,03:19 PM,11:50 PM,845.62,80,14.53,None,0,0,1,5
S10044,2026-04-21,06:55 PM,Sarojini,Library,0,0,03:19 PM,08:44 PM,03:14 PM,09:23 PM,582.47,153,25.72,None,0,0,1,5
S10045,2026-04-14,05:28 AM,Azad,Hostel,0,0,0,0,0,0,276.06,186,49.53,None,0,0,0,8
S10046,2026-04-09,08:36 PM,Rajendra,Library,0,0,07:21 PM,09:19 PM,06:54 PM,09:41 PM,703.44,60,18.51,None,0,0,0,7
S10047,2026-04-27,09:46 PM,Azad,Library,0,0,06:14 PM,11:59 PM,05:49 PM,11:59 PM,744.21,14,13.98,None,0,0,1,6
S10048,2026-04-26,06:08 PM,Rajendra,Library,0,0,06:00 PM,11:59 PM,05:41 PM,11:59 PM,742.38,184,18.8,None,0,0,1,4
S10049,2026-04-11,07:36 AM,Yamuna,Mess,07:03 AM,07:37 AM,0,0,0,0,415.04,127,45.08,Breakfast,0,0,0,10
S10050,2026-04-05,04:03 PM,Rajendra,Library,0,0,03:27 PM,04:41 PM,02:59 PM,05:28 PM,745.65,122,23.9,None,1,1,0,7
S10051,2026-04-09,04:55 PM,Yamuna,Library,0,0,04:55 PM,06:24 PM,04:45 PM,06:40 PM,508.36,117,26.66,None,1,1,0,6
S10052,2026-04-17,12:59 PM,Azad,Mess,12:21 PM,01:08 PM,0,0,0,0,486.77,115,46.78,Lunch,1,0,0,5
S10053,2026-04-29,11:22 AM,Ganga,Outside,0,0,0,0,09:59 AM,01:42 PM,164.03,145,14.18,None,0,0,1,6
S10054,2026-04-12,06:54 PM,Azad,Library,0,0,05:21 PM,07:35 PM,04:51 PM,08:14 PM,638.65,173,26.22,None,0,0,0,7
S10055,2026-05-01,10:19 PM,Ganga,Mess,09:48 PM,10:37 PM,0,0,0,0,498.59,31,43.33,Dinner,0,0,0,8
S10056,2026-04-27,08:27 PM,Yamuna,Mess,08:26 PM,09:10 PM,0,0,0,0,566.76,89,46.46,Dinner,0,0,1,5
S10057,2026-04-18,01:10 PM,Yamuna,Library,0,0,12:47 PM,03:11 PM,12:23 PM,03:26 PM,701.06,48,17.66,None,1,0,0,6
S10058,2026-04-22,01:58 AM,Sarojini,Hostel,0,0,0,0,0,0,248.06,78,27.0,None,0,0,1,8
S10059,2026-04-04,04:13 PM,Yamuna,Library,0,0,03:51 PM,04:37 PM,03:31 PM,04:59 PM,819.34,130,26.76,None,1,1,0,7
S10060,2026-04-10,09:33 PM,Rajendra,Library,0,0,07:02 PM,10:00 PM,06:37 PM,10:40 PM,795.26,62,11.96,None,0,0,0,7
S10061,2026-04-08,07:59 PM,Ganga,Library,0,0,07:45 PM,09:09 PM,07:34 PM,09:40 PM,693.67,198,22.58,None,0,0,0,4
S10062,2026-04-23,08:47 PM,Azad,Mess,08:21 PM,09:03 PM,0,0,0,0,497.36,170,58.73,Dinner,0,0,1,3
S10063,2026-04-28,05:00 PM,Rajendra,Hostel,0,0,0,0,0,0,359.69,109,28.16,None,0,0,1,6
S10064,2026-04-24,08:37 PM,Azad,Mess,08:26 PM,09:13 PM,0,0,0,0,592.72,175,47.31,Dinner,0,0,1,6
S10065,2026-04-24,05:27 PM,Sarojini,Classroom,0,0,0,0,05:06 PM,07:15 PM,209.36,60,6.71,None,1,1,1,5
S10066,2026-04-08,04:22 PM,Yamuna,Library,0,0,02:45 PM,04:50 PM,02:28 PM,05:17 PM,857.84,98,25.65,None,1,1,0,7
S10067,2026-04-11,04:11 PM,Azad,Library,0,0,03:07 PM,05:49 PM,02:48 PM,06:25 PM,694.71,110,18.03,None,1,1,0,14
S10068,2026-04-04,08:48 PM,Sarojini,Library,0,0,07:11 PM,08:54 PM,06:50 PM,09:12 PM,807.84,49,17.75,None,0,0,0,7
S10069,2026-04-06,01:31 PM,Azad,Library,0,0,01:10 PM,03:28 PM,12:45 PM,03:57 PM,703.16,66,15.95,None,1,0,0,4
S10070,2026-04-18,11:05 AM,Azad,Classroom,0,0,0,0,10:29 AM,11:40 AM,122.11,143,8.15,None,1,0,0,10
S10071,2026-04-07,04:15 PM,Sarojini,Library,0,0,04:06 PM,04:44 PM,03:58 PM,05:00 PM,825.07,45,13.41,None,1,1,0,7
S10072,2026-04-01,02:39 PM,Rajendra,Mess,01:53 PM,02:41 PM,0,0,0,0,395.66,71,36.85,Lunch,0,0,0,6
S10073,2026-04-10,07:41 AM,Rajendra,Mess,07:25 AM,08:02 AM,0,0,0,0,384.06,123,47.96,Breakfast,0,0,0,6
S10074,2026-04-22,09:42 PM,Sarojini,Library,0,0,06:19 PM,11:59 PM,05:51 PM,11:59 PM,513.87,41,18.12,None,0,0,1,4
S10075,2026-04-04,12:34 PM,Yamuna,Library,0,0,12:25 PM,12:55 PM,12:08 PM,01:19 PM,702.6,11,15.03,None,1,0,0,7
S10076,2026-04-06,07:38 PM,Sarojini,Mess,07:11 PM,07:39 PM,0,0,0,0,324.95,28,23.7,Dinner,0,0,0,5
S10077,2026-04-17,01:16 AM,Ganga,Hostel,0,0,0,0,0,0,369.92,82,36.44,None,0,0,0,8
S10078,2026-04-06,02:17 PM,Rajendra,Mess,01:45 PM,02:35 PM,0,0,0,0,648.2,164,51.43,Lunch,1,0,0,5
S10079,2026-04-18,01:50 AM,Sarojini,Outside,0,0,0,0,0,03:26 AM,261.34,184,16.53,None,0,0,0,7
S10080,2026-04-06,01:22 PM,Ganga,Outside,0,0,0,0,12:06 PM,03:37 PM,357.1,53,4.91,None,0,0,0,6
S10081,2026-04-24,10:03 AM,Ganga,Mess,09:45 AM,10:16 AM,0,0,0,0,403.19,149,52.25,Breakfast,0,0,1,3
S10082,2026-04-05,09:38 PM,Ganga,Mess,08:59 PM,09:45 PM,0,0,0,0,323.47,105,42.24,Dinner,0,0,0,7
S10083,2026-04-04,08:19 AM,Ganga,Mess,07:51 AM,08:26 AM,0,0,0,0,562.51,81,36.15,Breakfast,0,0,0,7
S10084,2026-04-24,08:53 AM,Sarojini,Outside,0,0,0,0,07:28 AM,11:34 AM,201.4,140,9.25,None,0,0,1,6
S10085,2026-04-11,01:04 PM,Rajendra,Mess,01:04 PM,01:27 PM,0,0,0,0,362.84,109,37.65,Lunch,0,0,0,7
S10086,2026-04-23,02:58 PM,Rajendra,Mess,02:57 PM,03:19 PM,0,0,0,0,323.69,70,40.46,Lunch,1,0,1,5
S10087,2026-04-28,02:06 PM,Ganga,Mess,02:01 PM,02:31 PM,0,0,0,0,424.98,91,30.04,Lunch,1,0,1,6
S10088,2026-04-15,07:47 AM,Ganga,Mess,07:46 AM,08:06 AM,0,0,0,0,537.67,196,46.67,Breakfast,0,0,0,8
S10089,2026-04-07,03:12 AM,Yamuna,Outside,0,0,0,0,02:25 AM,04:30 AM,163.88,136,8.06,None,0,0,0,7
S10090,2026-04-02,02:29 AM,Rajendra,Hostel,0,0,0,0,0,0,259.23,166,30.27,None,0,0,0,5
S10091,2026-04-26,08:45 PM,Sarojini,Mess,08:24 PM,09:06 PM,0,0,0,0,552.2,155,34.42,Dinner,0,0,1,5
S10092,2026-04-02,01:53 PM,Sarojini,Hostel,0,0,0,0,0,0,151.86,194,24.88,None,1,0,0,6
S10093,2026-04-17,09:57 PM,Rajendra,Mess,09:18 PM,10:14 PM,0,0,0,0,459.68,199,49.4,Dinner,0,0,0,8
S10094,2026-04-01,07:44 AM,Yamuna,Outside,0,0,0,0,06:33 AM,09:13 AM,150.64,37,4.25,None,0,0,0,10
S10095,2026-04-07,07:35 AM,Rajendra,Mess,07:31 AM,08:21 AM,0,0,0,0,674.93,45,25.4,Breakfast,0,0,0,8
S10096,2026-04-17,01:07 PM,Yamuna,Hostel,0,0,0,0,0,0,349.21,155,37.65,None,1,0,0,9
S10097,2026-04-20,09:43 AM,Yamuna,Classroom,0,0,0,0,09:17 AM,10:16 AM,320.85,144,10.87,None,1,1,1,7
S10098,2026-04-23,12:28 PM,Sarojini,Mess,12:00 PM,12:59 PM,0,0,0,0,419.38,44,33.88,Lunch,0,0,1,6
S10099,2026-04-07,04:09 PM,Ganga,Library,0,0,03:44 PM,04:34 PM,03:34 PM,05:09 PM,871.73,172,30.85,None,1,1,0,8
S10100,2026-04-15,09:45 AM,Yamuna,Hostel,0,0,0,0,0,0,367.75,156,28.92,None,1,1,0,9
S10101,2026-04-27,08:09 PM,Azad,Library,0,0,07:51 PM,11:59 PM,07:36 PM,11:59 PM,945.1,57,11.77,None,0,0,1,6
S10102,2026-04-21,10:25 AM,Sarojini,Mess,09:52 AM,10:40 AM,0,0,0,0,295.81,77,47.01,Breakfast,1,1,1,5
S10103,2026-04-21,12:41 PM,Azad,Hostel,0,0,0,0,0,0,346.95,93,21.99,None,0,0,1,4
S10104,2026-04-19,08:23 AM,Azad,Mess,07:31 AM,08:31 AM,0,0,0,0,559.58,28,41.51,Breakfast,0,0,0,7
S10105,2026-04-22,05:19 PM,Rajendra,Library,0,0,09:01 AM,05:44 PM,08:46 AM,06:22 PM,758.23,84,18.01,None,0,0,1,5
S10106,2026-04-18,03:15 PM,Yamuna,Library,0,0,02:57 PM,03:41 PM,02:50 PM,04:14 PM,820.79,82,22.5,None,1,0,0,6
S10107,2026-04-21,03:49 AM,Yamuna,Outside,0,0,0,0,01:50 AM,05:06 AM,272.42,113,14.6,None,0,0,1,6
S10108,2026-04-28,06:53 AM,Azad,Hostel,0,0,0,0,0,0,396.51,46,18.69,None,0,0,1,3
S10109,2026-04-07,07:33 PM,Ganga,Mess,07:32 PM,08:26 PM,0,0,0,0,366.34,18,39.06,Dinner,0,0,0,5
S10110,2026-04-24,04:20 PM,Sarojini,Hostel,0,0,0,0,0,0,287.35,133,36.97,None,1,1,1,6
S10111,2026-04-30,07:55 PM,Yamuna,Hostel,0,0,0,0,0,0,316.02,19,22.85,None,0,0,1,8
S10112,2026-04-22,10:04 PM,Sarojini,Library,0,0,06:02 PM,11:59 PM,05:40 PM,11:59 PM,730.06,200,21.03,None,0,0,1,4
S10113,2026-04-28,10:08 PM,Sarojini,Mess,09:38 PM,10:19 PM,0,0,0,0,360.17,147,45.37,Dinner,0,0,1,7
S10114,2026-04-13,10:59 AM,Yamuna,Library,0,0,09:26 AM,11:14 AM,09:17 AM,11:53 AM,766.85,114,17.1,None,0,0,0,4
S10115,2026-04-09,09:22 AM,Azad,Mess,09:01 AM,09:29 AM,0,0,0,0,455.08,54,42.01,Breakfast,1,1,0,8
S10116,2026-04-03,02:20 PM,Sarojini,Classroom,0,0,0,0,02:03 PM,03:42 PM,264.86,137,14.62,None,1,0,0,7
S10117,2026-04-07,01:07 PM,Azad,Hostel,0,0,0,0,0,0,269.36,126,42.67,None,1,0,0,4
S10118,2026-04-23,08:27 PM,Rajendra,Library,0,0,08:12 PM,11:59 PM,07:51 PM,11:59 PM,856.85,37,15.78,None,0,0,1,7
S10119,2026-04-10,09:47 AM,Ganga,Mess,09:41 AM,10:04 AM,0,0,0,0,691.25,124,53.53,Breakfast,0,0,0,9
S10120,2026-04-16,09:59 PM,Azad,Hostel,0,0,0,0,0,0,1519.89,125,27.35,None,0,0,0,12
S10121,2026-04-20,08:20 PM,Ganga,Mess,07:57 PM,08:45 PM,0,0,0,0,551.57,52,26.06,Dinner,0,0,1,4
S10122,2026-04-05,11:49 PM,Azad,Library,0,0,10:45 PM,11:59 PM,10:19 PM,11:59 PM,652.83,71,15.66,None,0,0,0,6
S10123,2026-04-09,07:45 PM,Azad,Mess,07:35 PM,08:14 PM,0,0,0,0,495.92,42,41.08,Dinner,0,0,0,7
S10124,2026-04-11,01:34 PM,Azad,Mess,01:10 PM,01:51 PM,0,0,0,0,593.41,193,44.95,Lunch,1,0,0,5
S10125,2026-04-30,09:58 PM,Azad,Mess,09:58 PM,10:39 PM,0,0,0,0,417.74,194,52.4,Dinner,0,0,1,4
S10126,2026-04-07,07:56 PM,Sarojini,Mess,07:11 PM,08:02 PM,0,0,0,0,490.26,13,37.9,Dinner,0,0,0,12
S10127,2026-04-22,04:18 PM,Yamuna,Classroom,0,0,0,0,04:03 PM,05:51 PM,329.51,75,7.4,None,1,1,1,4
S10128,2026-04-28,05:09 AM,Azad,Outside,0,0,0,0,03:49 AM,07:14 AM,281.38,60,5.66,None,0,0,1,4
S10129,2026-04-27,10:46 PM,Azad,Outside,0,0,0,0,09:16 PM,11:56 PM,118.57,52,5.86,None,0,0,1,4
S10130,2026-04-20,07:25 PM,Azad,Hostel,0,0,0,0,0,0,126.2,181,37.04,None,0,0,1,6
S10131,2026-04-30,02:41 PM,Rajendra,Classroom,0,0,0,0,02:06 PM,03:25 PM,149.0,199,25.5,None,1,0,1,8
S10132,2026-04-15,04:25 PM,Azad,Outside,0,0,0,0,03:18 PM,06:47 PM,136.66,138,7.21,None,0,0,0,7
S10133,2026-04-09,09:05 AM,Ganga,Mess,08:58 AM,09:56 AM,0,0,0,0,249.95,63,44.72,Breakfast,0,0,0,4
S10134,2026-04-08,04:21 AM,Yamuna,Hostel,0,0,0,0,0,0,192.22,89,22.95,None,0,0,0,7
S10135,2026-04-06,01:43 PM,Rajendra,Mess,01:39 PM,02:19 PM,0,0,0,0,411.15,111,55.58,Lunch,1,0,0,7
S10136,2026-04-11,08:42 PM,Ganga,Outside,0,0,0,0,07:49 PM,11:41 PM,286.64,90,4.93,None,0,0,0,12
S10137,2026-04-28,12:44 PM,Yamuna,Mess,12:33 PM,12:57 PM,0,0,0,0,522.86,200,58.89,Lunch,1,0,1,4
S10138,2026-04-12,04:14 PM,Yamuna,Library,0,0,03:23 PM,04:14 PM,03:12 PM,04:40 PM,612.43,81,23.31,None,1,1,0,7
S10139,2026-04-05,12:51 PM,Sarojini,Library,0,0,11:49 AM,01:32 PM,11:39 AM,02:22 PM,1069.25,92,20.91,None,0,0,0,7
S10140,2026-04-06,06:18 AM,Yamuna,Hostel,0,0,0,0,0,0,326.85,167,31.04,None,0,0,0,4
S10141,2026-04-25,09:46 PM,Sarojini,Outside,0,0,0,0,08:51 PM,11:59 PM,132.18,188,13.23,None,0,0,1,5
S10142,2026-04-16,01:25 PM,Rajendra,Mess,12:49 PM,01:38 PM,0,0,0,0,381.75,81,36.0,Lunch,0,0,0,7
S10143,2026-04-27,08:49 AM,Sarojini,Mess,08:22 AM,08:53 AM,0,0,0,0,404.27,121,30.21,Breakfast,0,0,1,4
S10144,2026-04-12,07:18 AM,Yamuna,Mess,07:06 AM,07:37 AM,0,0,0,0,416.88,195,59.01,Breakfast,0,0,0,6
S10145,2026-04-09,01:16 PM,Sarojini,Mess,12:27 PM,01:23 PM,0,0,0,0,521.23,34,42.04,Lunch,1,0,0,8
S10146,2026-04-22,03:42 PM,Rajendra,Outside,0,0,0,0,02:20 PM,05:20 PM,139.06,106,7.83,None,1,0,1,4
S10147,2026-04-30,05:58 PM,Rajendra,Library,0,0,03:57 PM,10:53 PM,03:28 PM,11:34 PM,972.74,163,27.8,None,0,0,1,6
S10148,2026-04-08,09:38 AM,Azad,Mess,09:37 AM,10:25 AM,0,0,0,0,365.72,65,40.52,Breakfast,1,1,0,8
S10149,2026-04-26,04:09 PM,Ganga,Library,0,0,09:28 AM,06:26 PM,08:58 AM,06:40 PM,795.11,18,16.14,None,1,1,1,5
S10150,2026-04-15,09:27 AM,Yamuna,Hostel,0,0,0,0,0,0,134.93,76,21.43,None,0,0,0,8
S10151,2026-04-12,06:42 AM,Sarojini,Hostel,0,0,0,0,0,0,308.11,45,21.17,None,0,0,0,10
S10152,2026-04-24,11:07 AM,Rajendra,Library,0,0,10:25 AM,04:30 PM,10:00 AM,05:24 PM,914.0,180,21.09,None,1,0,1,4
S10153,2026-04-28,03:01 PM,Sarojini,Library,0,0,09:35 AM,05:30 PM,09:08 AM,06:15 PM,825.87,99,13.32,None,1,0,1,3
S10154,2026-04-10,07:09 AM,Yamuna,Hostel,0,0,0,0,0,0,151.54,50,18.75,None,0,0,0,7
S10155,2026-04-26,06:15 AM,Yamuna,Hostel,0,0,0,0,0,0,282.28,153,30.67,None,0,0,1,8
S10156,2026-04-26,11:28 PM,Yamuna,Library,0,0,10:56 PM,11:59 PM,10:47 PM,11:59 PM,585.69,187,30.53,None,0,0,1,4
S10157,2026-04-15,06:30 PM,Yamuna,Library,0,0,05:28 PM,06:38 PM,05:10 PM,07:10 PM,823.33,94,24.08,None,0,0,0,8
S10158,2026-04-09,08:07 PM,Yamuna,Mess,07:48 PM,08:31 PM,0,0,0,0,582.17,168,49.54,Dinner,0,0,0,7
S10159,2026-04-19,12:59 PM,Rajendra,Mess,12:52 PM,01:34 PM,0,0,0,0,643.95,182,60.65,Lunch,1,0,0,15
S10160,2026-04-05,10:42 PM,Azad,Library,0,0,09:46 PM,10:44 PM,09:40 PM,11:18 PM,705.9,40,12.89,None,0,0,0,7
S10161,2026-04-10,05:50 PM,Rajendra,Outside,0,0,0,0,04:56 PM,07:41 PM,182.57,51,4.55,None,0,0,0,3
S10162,2026-04-03,08:05 PM,Yamuna,Library,0,0,06:52 PM,08:35 PM,06:46 PM,08:55 PM,827.58,63,15.17,None,0,0,0,7
S10163,2026-04-13,07:02 PM,Yamuna,Library,0,0,06:27 PM,08:13 PM,06:08 PM,08:48 PM,973.76,120,15.61,None,0,0,0,12
S10164,2026-04-19,10:34 AM,Azad,Outside,0,0,0,0,10:02 AM,01:25 PM,233.35,59,7.27,None,1,1,0,8
S10165,2026-04-03,12:09 PM,Sarojini,Library,0,0,11:58 AM,12:42 PM,11:31 AM,01:06 PM,599.01,79,25.16,None,0,0,0,8
S10166,2026-04-22,03:00 PM,Rajendra,Mess,02:26 PM,03:10 PM,0,0,0,0,496.32,60,28.56,Lunch,1,0,1,5
S10167,2026-04-21,08:56 PM,Sarojini,Mess,08:49 PM,09:17 PM,0,0,0,0,316.47,173,42.33,Dinner,0,0,1,3
S10168,2026-04-03,07:44 AM,Yamuna,Mess,07:23 AM,07:54 AM,0,0,0,0,337.87,137,34.91,Breakfast,0,0,0,7
S10169,2026-04-09,10:43 PM,Sarojini,Outside,0,0,0,0,09:54 PM,11:59 PM,201.73,200,14.0,None,0,0,0,7
S10170,2026-04-28,08:28 AM,Sarojini,Mess,07:57 AM,08:28 AM,0,0,0,0,400.15,92,30.98,Breakfast,0,0,1,3
S10171,2026-04-27,09:34 AM,Rajendra,Mess,09:14 AM,09:56 AM,0,0,0,0,375.35,153,46.55,Breakfast,0,0,1,4
S10172,2026-04-21,08:15 PM,Azad,Library,0,0,06:45 PM,11:59 PM,06:20 PM,11:59 PM,816.88,196,26.32,None,0,0,1,6
S10173,2026-04-29,01:59 AM,Ganga,Hostel,0,0,0,0,0,0,355.31,193,41.1,None,0,0,1,5
S10174,2026-04-28,01:35 PM,Yamuna,Hostel,0,0,0,0,0,0,200.17,48,23.23,None,0,0,1,7
S10175,2026-04-08,01:33 PM,Rajendra,Library,0,0,12:19 PM,01:34 PM,12:10 PM,02:31 PM,743.81,97,24.89,None,0,0,0,7
S10176,2026-04-18,11:22 PM,Rajendra,Library,0,0,09:36 PM,11:39 PM,09:23 PM,11:59 PM,552.41,143,16.4,None,0,0,0,7
S10177,2026-04-18,09:18 PM,Yamuna,Hostel,0,0,0,0,0,0,783.71,75,17.65,None,0,0,0,7
S10178,2026-04-24,12:46 PM,Azad,Mess,12:28 PM,01:21 PM,0,0,0,0,482.03,194,41.87,Lunch,0,0,1,6
S10179,2026-04-20,11:39 PM,Yamuna,Library,0,0,10:07 PM,11:59 PM,09:58 PM,11:59 PM,882.75,42,13.18,None,0,0,1,7
S10180,2026-04-26,08:43 PM,Azad,Library,0,0,05:25 PM,11:59 PM,05:20 PM,11:59 PM,715.86,159,24.36,None,0,0,1,8
S10181,2026-04-10,04:02 PM,Rajendra,Library,0,0,03:07 PM,05:07 PM,02:40 PM,05:23 PM,740.93,16,11.86,None,1,1,0,8
S10182,2026-04-09,12:55 PM,Yamuna,Mess,12:54 PM,01:22 PM,0,0,0,0,583.58,110,31.03,Lunch,1,0,0,4
S10183,2026-04-24,05:06 PM,Azad,Library,0,0,11:21 AM,06:10 PM,11:16 AM,07:02 PM,890.13,159,27.67,None,0,0,1,3
S10184,2026-04-23,10:49 PM,Yamuna,Library,0,0,06:08 PM,11:59 PM,05:52 PM,11:59 PM,723.4,160,21.55,None,0,0,1,4
S10185,2026-04-27,05:31 PM,Azad,Library,0,0,05:11 PM,11:59 PM,04:46 PM,11:59 PM,937.01,160,19.53,None,0,0,1,5
S10186,2026-04-27,11:34 PM,Azad,Library,0,0,10:11 PM,11:59 PM,10:00 PM,11:59 PM,841.61,158,36.69,None,0,0,1,8
S10187,2026-04-22,09:37 PM,Rajendra,Library,0,0,04:50 PM,11:34 PM,04:26 PM,11:59 PM,664.81,173,29.98,None,0,0,1,4
S10188,2026-04-15,03:13 PM,Yamuna,Library,0,0,02:28 PM,03:35 PM,01:58 PM,03:57 PM,702.54,176,30.46,None,0,0,0,10
S10189,2026-04-07,07:06 PM,Azad,Library,0,0,06:47 PM,07:24 PM,06:17 PM,07:56 PM,1040.49,65,14.2,None,0,0,0,8
S10190,2026-04-25,10:28 PM,Azad,Hostel,0,0,0,0,0,0,1318.97,164,42.25,None,0,0,1,5
S10191,2026-04-01,02:39 PM,Rajendra,Hostel,0,0,0,0,0,0,124.91,90,18.87,None,1,0,0,7
S10192,2026-04-12,07:54 AM,Yamuna,Mess,07:19 AM,07:56 AM,0,0,0,0,609.96,88,40.03,Breakfast,0,0,0,7
S10193,2026-04-01,03:44 PM,Yamuna,Library,0,0,02:25 PM,04:20 PM,01:58 PM,04:49 PM,816.54,144,29.46,None,1,0,0,6
S10194,2026-04-26,02:31 PM,Yamuna,Hostel,0,0,0,0,0,0,320.58,136,26.27,None,0,0,1,4
S10195,2026-04-05,04:03 PM,Yamuna,Hostel,0,0,0,0,0,0,291.35,152,36.0,None,0,0,0,8
S10196,2026-04-23,12:19 PM,Yamuna,Mess,12:11 PM,12:52 PM,0,0,0,0,540.99,31,32.05,Lunch,1,0,1,8
S10197,2026-04-20,05:28 PM,Rajendra,Library,0,0,03:46 PM,10:34 PM,03:38 PM,11:18 PM,768.28,36,16.88,None,0,0,1,4
S10198,2026-04-03,09:31 PM,Ganga,Mess,09:17 PM,10:11 PM,0,0,0,0,557.21,151,50.47,Dinner,0,0,0,6
S10199,2026-04-07,05:10 PM,Azad,Library,0,0,03:16 PM,05:25 PM,03:06 PM,06:24 PM,948.75,93,27.01,None,0,0,0,7
S10200,2026-04-06,08:18 AM,Sarojini,Mess,08:02 AM,08:43 AM,0,0,0,0,458.67,13,29.2,Breakfast,0,0,0,8
S10201,2026-04-22,02:15 PM,Sarojini,Library,0,0,12:37 PM,07:35 PM,12:27 PM,08:34 PM,826.73,58,19.72,None,0,0,1,5
S10202,2026-04-15,11:04 PM,Sarojini,Library,0,0,10:59 PM,11:59 PM,10:34 PM,11:59 PM,625.72,134,15.84,None,0,0,0,4
S10203,2026-04-20,09:10 AM,Ganga,Mess,09:02 AM,09:49 AM,0,0,0,0,484.36,33,28.36,Breakfast,0,0,1,4
S10204,2026-04-14,09:34 PM,Azad,Outside,0,0,0,0,08:22 PM,11:52 PM,336.06,128,9.97,None,0,0,0,7
S10205,2026-04-13,09:44 PM,Rajendra,Library,0,0,08:25 PM,10:40 PM,08:10 PM,10:50 PM,604.53,44,17.87,None,0,0,0,9
S10206,2026-04-08,12:39 PM,Yamuna,Library,0,0,12:13 PM,01:33 PM,11:51 AM,01:44 PM,567.15,180,23.02,None,0,0,0,9
S10207,2026-04-05,05:16 PM,Ganga,Library,0,0,05:03 PM,06:40 PM,04:53 PM,07:27 PM,618.27,139,31.3,None,0,0,0,7
S10208,2026-04-01,12:52 PM,Rajendra,Mess,12:51 PM,01:51 PM,0,0,0,0,403.34,23,41.29,Lunch,0,0,0,8
S10209,2026-04-24,03:04 PM,Azad,Mess,02:47 PM,03:07 PM,0,0,0,0,631.76,79,31.34,Lunch,0,0,1,5
S10210,2026-04-22,08:03 AM,Sarojini,Mess,07:41 AM,08:10 AM,0,0,0,0,543.76,167,63.42,Breakfast,0,0,1,4
S10211,2026-04-14,09:45 AM,Rajendra,Outside,0,0,0,0,09:10 AM,10:47 AM,375.78,134,12.46,None,0,0,0,8
S10212,2026-04-19,11:12 PM,Sarojini,Library,0,0,09:51 PM,11:15 PM,09:43 PM,11:26 PM,638.2,165,15.64,None,0,0,0,7
S10213,2026-04-11,07:41 PM,Azad,Mess,07:36 PM,07:58 PM,0,0,0,0,592.89,103,37.84,Dinner,0,0,0,7
S10214,2026-04-01,08:19 PM,Rajendra,Library,0,0,08:14 PM,09:29 PM,07:53 PM,10:11 PM,738.04,33,12.78,None,0,0,0,6
S10215,2026-04-12,08:57 PM,Azad,Mess,08:54 PM,09:19 PM,0,0,0,0,588.95,178,58.12,Dinner,0,0,0,7
S10216,2026-04-11,02:38 AM,Rajendra,Hostel,0,0,0,0,0,0,266.97,127,24.11,None,0,0,0,6
S10217,2026-04-12,02:14 PM,Yamuna,Mess,01:26 PM,02:22 PM,0,0,0,0,320.41,49,37.03,Lunch,1,0,0,8
S10218,2026-04-21,08:11 PM,Rajendra,Mess,08:02 PM,08:50 PM,0,0,0,0,479.69,134,34.59,Dinner,0,0,1,4
S10219,2026-04-06,03:26 PM,Azad,Outside,0,0,0,0,01:56 PM,05:06 PM,220.39,199,13.27,None,1,0,0,7
S10220,2026-04-02,12:14 PM,Azad,Library,0,0,12:06 PM,02:58 PM,11:55 AM,03:44 PM,845.42,196,35.94,None,1,0,0,7
S10221,2026-04-03,07:41 AM,Sarojini,Outside,0,0,0,0,06:35 AM,09:04 AM,159.13,106,7.34,None,0,0,0,8
S10222,2026-04-12,12:57 PM,Yamuna,Classroom,0,0,0,0,12:33 PM,02:08 PM,292.77,64,3.54,None,1,0,0,7
S10223,2026-04-20,07:53 AM,Azad,Mess,07:43 AM,08:23 AM,0,0,0,0,519.55,41,30.09,Breakfast,0,0,1,4
S10224,2026-04-11,09:01 AM,Sarojini,Hostel,0,0,0,0,0,0,291.56,103,30.57,None,1,1,0,14
S10225,2026-05-01,09:35 PM,Ganga,Mess,09:02 PM,09:41 PM,0,0,0,0,494.96,175,45.33,Dinner,0,0,0,11
S10226,2026-04-30,11:53 AM,Sarojini,Library,0,0,10:30 AM,05:17 PM,10:02 AM,05:30 PM,648.22,113,26.28,None,1,0,1,6
S10227,2026-04-12,09:50 AM,Yamuna,Library,0,0,09:26 AM,10:31 AM,09:14 AM,11:11 AM,741.9,160,18.64,None,1,1,0,8
S10228,2026-04-06,05:12 PM,Yamuna,Classroom,0,0,0,0,05:01 PM,05:46 PM,368.69,103,10.12,None,1,1,0,6
S10229,2026-04-18,05:45 PM,Sarojini,Classroom,0,0,0,0,05:29 PM,06:16 PM,256.39,165,10.68,None,1,1,0,6
S10230,2026-04-29,11:11 PM,Azad,Library,0,0,06:58 PM,11:59 PM,06:29 PM,11:59 PM,799.71,162,26.13,None,0,0,1,6
S10231,2026-04-06,01:58 PM,Ganga,Library,0,0,01:30 PM,02:09 PM,01:23 PM,02:23 PM,619.42,176,24.4,None,0,0,0,6
S10232,2026-04-27,05:38 AM,Ganga,Outside,0,0,0,0,04:33 AM,06:40 AM,279.22,187,19.14,None,0,0,1,8
S10233,2026-04-14,08:14 PM,Sarojini,Mess,07:50 PM,08:32 PM,0,0,0,0,409.76,130,43.41,Dinner,0,0,0,3
S10234,2026-04-23,04:31 PM,Ganga,Library,0,0,03:10 PM,09:51 PM,02:42 PM,10:45 PM,676.54,42,15.52,None,1,1,1,6
S10235,2026-04-13,10:54 AM,Ganga,Classroom,0,0,0,0,10:33 AM,12:54 PM,116.74,18,1.48,None,1,1,0,8
S10236,2026-04-04,06:20 PM,Yamuna,Library,0,0,04:38 PM,06:52 PM,04:33 PM,07:43 PM,864.29,14,7.76,None,0,0,0,5
S10237,2026-04-01,07:48 PM,Rajendra,Mess,07:42 PM,08:13 PM,0,0,0,0,490.1,157,42.57,Dinner,0,0,0,6
S10238,2026-04-26,02:47 PM,Azad,Mess,02:17 PM,03:00 PM,0,0,0,0,369.73,160,49.19,Lunch,0,0,1,7
S10239,2026-04-16,03:32 PM,Yamuna,Library,0,0,01:20 PM,03:37 PM,01:15 PM,04:06 PM,760.56,188,22.59,None,1,0,0,4
S10240,2026-04-14,04:41 AM,Rajendra,Outside,0,0,0,0,02:52 AM,05:56 AM,246.89,11,1.38,None,0,0,0,7
S10241,2026-04-15,08:51 AM,Yamuna,Mess,08:32 AM,09:05 AM,0,0,0,0,547.11,29,24.69,Breakfast,0,0,0,7
S10242,2026-04-26,07:59 AM,Rajendra,Mess,07:59 AM,08:31 AM,0,0,0,0,623.64,74,39.86,Breakfast,0,0,1,4
S10243,2026-04-21,05:57 AM,Sarojini,Hostel,0,0,0,0,0,0,237.1,56,29.73,None,0,0,1,8
S10244,2026-04-02,02:52 PM,Rajendra,Mess,01:53 PM,02:52 PM,0,0,0,0,374.27,59,34.39,Lunch,1,0,0,9
S10245,2026-04-17,07:55 AM,Rajendra,Mess,07:11 AM,08:04 AM,0,0,0,0,486.33,60,45.23,Breakfast,0,0,0,6
S10246,2026-04-23,08:11 AM,Ganga,Hostel,0,0,0,0,0,0,277.76,135,38.08,None,0,0,1,5
S10247,2026-04-11,02:27 PM,Yamuna,Mess,02:10 PM,02:38 PM,0,0,0,0,495.39,194,59.1,Lunch,0,0,0,7
S10248,2026-04-22,10:33 AM,Sarojini,Outside,0,0,0,0,09:25 AM,12:45 PM,352.41,158,11.47,None,1,1,1,7
S10249,2026-04-03,10:31 PM,Azad,Library,0,0,09:57 PM,11:55 PM,09:49 PM,11:59 PM,714.22,90,21.08,None,0,0,0,8
S10250,2026-04-06,02:20 PM,Sarojini,Mess,01:59 PM,02:44 PM,0,0,0,0,466.74,66,35.76,Lunch,0,0,0,7
S10251,2026-04-07,09:13 PM,Rajendra,Library,0,0,08:13 PM,09:50 PM,07:43 PM,10:27 PM,717.71,173,32.13,None,0,0,0,6
S10252,2026-04-07,09:29 PM,Sarojini,Library,0,0,09:03 PM,11:59 PM,08:33 PM,11:59 PM,426.64,191,36.53,None,0,0,0,9
S10253,2026-04-16,01:14 PM,Sarojini,Library,0,0,12:53 PM,01:49 PM,12:25 PM,02:49 PM,624.3,79,18.21,None,0,0,0,7
S10254,2026-04-23,11:02 PM,Azad,Library,0,0,10:42 PM,11:59 PM,10:14 PM,11:59 PM,698.71,196,36.33,None,0,0,1,4
S10255,2026-04-30,10:51 PM,Sarojini,Library,0,0,09:22 PM,11:59 PM,08:56 PM,11:59 PM,826.57,121,15.27,None,0,0,1,5
S10256,2026-04-07,01:43 PM,Rajendra,Library,0,0,01:18 PM,02:37 PM,01:12 PM,03:15 PM,815.19,145,24.78,None,0,0,0,6
S10257,2026-04-19,06:32 PM,Ganga,Outside,0,0,0,0,05:10 PM,09:28 PM,159.42,178,17.5,None,0,0,0,7
S10258,2026-04-14,11:08 AM,Sarojini,Library,0,0,09:49 AM,12:11 PM,09:24 AM,01:02 PM,867.89,124,17.14,None,1,0,0,10
S10259,2026-04-02,02:04 PM,Sarojini,Mess,01:49 PM,02:11 PM,0,0,0,0,517.24,197,43.08,Lunch,1,0,0,6
S10260,2026-04-05,01:42 PM,Azad,Library,0,0,12:25 PM,01:43 PM,11:58 AM,02:41 PM,1049.37,185,33.81,None,1,0,0,6
S10261,2026-04-15,08:48 AM,Yamuna,Mess,08:28 AM,08:52 AM,0,0,0,0,666.17,25,33.81,Breakfast,0,0,0,5
S10262,2026-04-13,09:24 AM,Rajendra,Mess,08:49 AM,09:43 AM,0,0,0,0,433.6,66,43.35,Breakfast,0,0,0,7
S10263,2026-04-12,02:34 PM,Azad,Mess,02:12 PM,03:01 PM,0,0,0,0,402.75,114,35.99,Lunch,0,0,0,7
S10264,2026-04-04,03:13 PM,Rajendra,Library,0,0,02:45 PM,03:51 PM,02:16 PM,04:13 PM,621.95,158,21.49,None,0,0,0,7
S10265,2026-04-21,07:36 AM,Ganga,Hostel,0,0,0,0,0,0,296.81,16,19.24,None,0,0,1,5
S10266,2026-04-27,08:58 AM,Ganga,Classroom,0,0,0,0,08:23 AM,10:22 AM,199.28,198,16.72,None,1,1,1,4
S10267,2026-04-04,11:14 AM,Azad,Library,0,0,09:41 AM,11:35 AM,09:13 AM,11:58 AM,844.4,112,14.85,None,0,0,0,9
S10268,2026-04-12,02:25 PM,Sarojini,Outside,0,0,0,0,12:50 PM,05:13 PM,155.59,15,1.61,None,0,0,0,8
S10269,2026-04-01,11:27 AM,Sarojini,Library,0,0,10:25 AM,11:55 AM,10:18 AM,12:05 PM,898.62,49,14.35,None,1,0,0,6
S10270,2026-04-06,09:33 PM,Azad,Library,0,0,08:46 PM,09:35 PM,08:18 PM,09:54 PM,793.19,177,24.53,None,0,0,0,6
S10271,2026-04-19,10:44 AM,Ganga,Classroom,0,0,0,0,10:16 AM,12:13 PM,181.6,38,2.48,None,1,1,0,7
S10272,2026-04-29,09:40 AM,Azad,Mess,09:33 AM,09:56 AM,0,0,0,0,370.44,100,45.1,Breakfast,1,1,1,6
S10273,2026-04-21,01:39 PM,Ganga,Mess,01:31 PM,02:04 PM,0,0,0,0,452.62,25,35.48,Lunch,0,0,1,5
S10274,2026-04-26,09:12 PM,Yamuna,Library,0,0,08:58 PM,11:59 PM,08:50 PM,11:59 PM,786.52,50,15.86,None,0,0,1,4
S10275,2026-04-08,08:45 PM,Sarojini,Outside,0,0,0,0,07:35 PM,10:19 PM,143.85,69,8.37,None,0,0,0,6
S10276,2026-04-14,09:32 PM,Yamuna,Mess,09:11 PM,10:07 PM,0,0,0,0,494.15,137,41.65,Dinner,0,0,0,8
S10277,2026-04-19,08:04 AM,Sarojini,Mess,07:16 AM,08:15 AM,0,0,0,0,564.58,26,32.25,Breakfast,0,0,0,8
S10278,2026-04-21,10:37 PM,Yamuna,Outside,0,0,0,0,09:50 PM,11:59 PM,376.4,121,10.52,None,0,0,1,6
S10279,2026-04-14,04:46 AM,Sarojini,Hostel,0,0,0,0,0,0,246.25,123,26.06,None,0,0,0,15
S10280,2026-04-03,04:58 PM,Rajendra,Library,0,0,04:31 PM,05:43 PM,04:01 PM,05:54 PM,920.39,16,12.94,None,1,1,0,10
S10281,2026-04-29,03:34 PM,Yamuna,Classroom,0,0,0,0,02:59 PM,04:24 PM,218.29,82,4.21,None,1,0,1,6
S10282,2026-04-04,08:18 PM,Sarojini,Hostel,0,0,0,0,0,0,1453.88,107,31.12,None,0,0,0,16
S10283,2026-05-01,02:50 PM,Sarojini,Mess,02:32 PM,03:05 PM,0,0,0,0,395.46,31,38.14,Lunch,1,0,0,9
S10284,2026-04-02,08:41 PM,Azad,Hostel,0,0,0,0,0,0,1068.61,177,24.36,None,0,0,0,10
S10285,2026-04-21,08:20 PM,Rajendra,Library,0,0,08:17 PM,11:59 PM,07:55 PM,11:59 PM,708.82,179,30.96,None,0,0,1,7
S10286,2026-04-30,08:37 PM,Sarojini,Mess,07:56 PM,08:53 PM,0,0,0,0,616.88,144,40.32,Dinner,0,0,1,7
S10287,2026-04-14,11:44 AM,Yamuna,Outside,0,0,0,0,10:52 AM,12:47 PM,380.08,58,4.16,None,0,0,0,7
S10288,2026-04-14,09:25 PM,Azad,Mess,09:00 PM,09:48 PM,0,0,0,0,517.67,103,42.9,Dinner,0,0,0,7
S10289,2026-04-07,04:44 PM,Rajendra,Library,0,0,04:33 PM,05:20 PM,04:24 PM,06:06 PM,1039.67,145,31.54,None,1,1,0,8
S10290,2026-04-01,04:19 PM,Rajendra,Classroom,0,0,0,0,03:54 PM,05:19 PM,366.02,32,2.52,None,1,1,0,10
S10291,2026-04-17,07:44 AM,Ganga,Mess,07:39 AM,08:36 AM,0,0,0,0,442.1,176,55.14,Breakfast,0,0,0,7
S10292,2026-04-17,06:28 AM,Azad,Outside,0,0,0,0,05:17 AM,08:10 AM,328.77,198,27.85,None,0,0,0,7
S10293,2026-04-01,03:09 PM,Azad,Mess,02:54 PM,03:43 PM,0,0,0,0,325.36,47,32.7,Lunch,1,0,0,9
S10294,2026-04-06,09:56 PM,Sarojini,Mess,09:26 PM,10:04 PM,0,0,0,0,351.0,104,47.26,Dinner,0,0,0,10
S10295,2026-04-24,11:28 PM,Rajendra,Library,0,0,10:57 PM,11:59 PM,10:42 PM,11:59 PM,731.11,42,10.54,None,0,0,1,5
S10296,2026-04-17,01:45 PM,Ganga,Library,0,0,12:26 PM,02:59 PM,12:20 PM,03:21 PM,733.86,140,16.79,None,1,0,0,6
S10297,2026-04-23,09:52 AM,Ganga,Mess,09:25 AM,10:16 AM,0,0,0,0,347.63,83,37.8,Breakfast,0,0,1,7
S10298,2026-04-22,10:28 PM,Azad,Library,0,0,07:29 PM,11:59 PM,07:02 PM,11:59 PM,672.98,35,10.29,None,0,0,1,5
S10299,2026-04-16,06:11 PM,Sarojini,Library,0,0,05:10 PM,07:26 PM,04:51 PM,08:22 PM,897.95,125,21.99,None,0,0,0,5
S10300,2026-05-01,02:03 AM,Sarojini,Outside,0,0,0,0,01:21 AM,05:02 AM,251.32,43,4.58,None,0,0,0,4
S10301,2026-04-25,12:08 PM,Rajendra,Mess,12:00 PM,12:21 PM,0,0,0,0,284.33,35,26.89,Lunch,0,0,1,5
S10302,2026-04-01,08:37 PM,Rajendra,Hostel,0,0,0,0,0,0,1257.85,177,42.67,None,0,0,0,8
S10303,2026-04-08,04:30 AM,Azad,Outside,0,0,0,0,03:54 AM,07:08 AM,379.24,59,5.93,None,0,0,0,8
S10304,2026-04-29,11:23 PM,Sarojini,Library,0,0,09:44 PM,11:59 PM,09:19 PM,11:59 PM,554.64,163,33.09,None,0,0,1,5
S10305,2026-04-24,05:01 PM,Ganga,Library,0,0,12:47 PM,06:25 PM,12:31 PM,07:06 PM,724.98,117,27.11,None,0,0,1,4
S10306,2026-04-23,09:13 PM,Azad,Library,0,0,05:44 PM,10:59 PM,05:26 PM,11:19 PM,903.6,20,12.53,None,0,0,1,5
S10307,2026-04-02,01:55 PM,Yamuna,Mess,01:21 PM,02:02 PM,0,0,0,0,525.48,157,47.24,Lunch,1,0,0,4
S10308,2026-04-02,02:03 AM,Azad,Hostel,0,0,0,0,0,0,118.73,70,26.52,None,0,0,0,9
S10309,2026-04-28,09:21 AM,Yamuna,Hostel,0,0,0,0,0,0,167.52,101,32.59,None,1,1,1,3
S10310,2026-04-05,12:30 PM,Sarojini,Hostel,0,0,0,0,0,0,145.04,167,30.98,None,1,0,0,3
S10311,2026-04-28,07:34 AM,Rajendra,Hostel,0,0,0,0,0,0,368.87,29,14.87,None,0,0,1,5
S10312,2026-04-04,08:25 PM,Azad,Library,0,0,07:56 PM,08:49 PM,07:44 PM,09:21 PM,452.7,141,20.94,None,0,0,0,6
S10313,2026-04-16,09:51 PM,Sarojini,Mess,09:17 PM,10:00 PM,0,0,0,0,304.7,136,32.45,Dinner,0,0,0,9
S10314,2026-04-14,01:22 AM,Azad,Outside,0,0,0,0,0,03:06 AM,148.23,153,11.73,None,0,0,0,8
S10315,2026-04-01,08:53 PM,Azad,Mess,08:09 PM,08:54 PM,0,0,0,0,453.35,73,37.72,Dinner,0,0,0,7
S10316,2026-04-28,11:14 PM,Yamuna,Hostel,0,0,0,0,0,0,967.29,55,18.95,None,0,0,1,4
S10317,2026-04-05,04:01 AM,Rajendra,Hostel,0,0,0,0,0,0,101.09,93,20.7,None,0,0,0,7
S10318,2026-04-14,12:42 PM,Ganga,Hostel,0,0,0,0,0,0,196.52,190,47.19,None,1,0,0,17
S10319,2026-04-30,07:40 AM,Azad,Mess,07:23 AM,07:44 AM,0,0,0,0,465.19,123,54.62,Breakfast,0,0,1,5
S10320,2026-04-22,04:25 PM,Rajendra,Library,0,0,01:47 PM,07:41 PM,01:37 PM,07:59 PM,985.26,116,20.56,None,0,0,1,3
S10321,2026-04-16,04:16 PM,Sarojini,Library,0,0,03:30 PM,05:21 PM,03:08 PM,05:43 PM,800.53,80,16.18,None,1,1,0,5
S10322,2026-04-16,07:06 PM,Yamuna,Library,0,0,06:55 PM,08:01 PM,06:27 PM,08:52 PM,669.35,30,17.26,None,0,0,0,7
S10323,2026-04-26,06:28 PM,Ganga,Library,0,0,12:41 PM,06:42 PM,12:36 PM,07:31 PM,497.56,179,28.37,None,0,0,1,6
S10324,2026-04-22,07:19 PM,Rajendra,Hostel,0,0,0,0,0,0,105.67,87,35.36,None,0,0,1,6
S10325,2026-04-22,11:25 PM,Rajendra,Library,0,0,10:42 PM,11:59 PM,10:26 PM,11:59 PM,665.92,168,31.84,None,0,0,1,3
S10326,2026-04-16,09:01 AM,Rajendra,Mess,08:28 AM,09:11 AM,0,0,0,0,438.95,22,30.34,Breakfast,0,0,0,8
S10327,2026-04-11,02:12 PM,Sarojini,Mess,01:32 PM,02:27 PM,0,0,0,0,385.71,14,28.4,Lunch,1,0,0,4
S10328,2026-04-30,10:54 PM,Yamuna,Outside,0,0,0,0,09:41 PM,11:59 PM,329.82,118,16.63,None,0,0,1,5
S10329,2026-04-17,10:10 AM,Yamuna,Mess,09:54 AM,10:31 AM,0,0,0,0,438.3,71,40.47,Breakfast,0,0,0,8
S10330,2026-04-07,01:10 PM,Azad,Library,0,0,12:11 PM,02:28 PM,11:49 AM,03:04 PM,1002.91,187,41.56,None,1,0,0,10
S10331,2026-04-24,03:17 AM,Ganga,Outside,0,0,0,0,01:40 AM,05:53 AM,121.63,108,8.37,None,0,0,1,3
S10332,2026-05-01,09:26 AM,Rajendra,Mess,08:40 AM,09:34 AM,0,0,0,0,346.17,45,43.23,Breakfast,0,0,0,5
S10333,2026-04-08,11:15 PM,Yamuna,Library,0,0,10:08 PM,11:29 PM,10:01 PM,11:59 PM,947.62,171,26.73,None,0,0,0,4
S10334,2026-04-29,04:29 PM,Ganga,Library,0,0,10:06 AM,05:58 PM,09:48 AM,06:54 PM,935.58,56,16.09,None,1,1,1,4
S10335,2026-04-17,05:49 PM,Sarojini,Library,0,0,04:44 PM,06:09 PM,04:30 PM,06:47 PM,791.15,194,31.39,None,0,0,0,7
S10336,2026-04-26,01:54 AM,Azad,Outside,0,0,0,0,12:11 AM,03:37 AM,129.8,150,13.82,None,0,0,1,6
S10337,2026-04-25,09:18 PM,Azad,Library,0,0,07:45 PM,11:59 PM,07:24 PM,11:59 PM,835.22,36,14.5,None,0,0,1,6
S10338,2026-04-19,07:47 PM,Rajendra,Hostel,0,0,0,0,0,0,239.01,47,15.77,None,0,0,0,6
S10339,2026-04-03,12:12 AM,Sarojini,Hostel,0,0,0,0,0,0,157.6,81,16.75,None,0,0,0,7
S10340,2026-04-23,09:26 AM,Sarojini,Mess,09:23 AM,10:06 AM,0,0,0,0,534.5,182,35.51,Breakfast,1,1,1,7
S10341,2026-04-14,02:28 PM,Ganga,Library,0,0,02:19 PM,03:39 PM,02:01 PM,04:23 PM,652.89,38,18.61,None,0,0,0,9
S10342,2026-04-14,01:07 PM,Yamuna,Mess,01:02 PM,01:33 PM,0,0,0,0,551.33,93,44.58,Lunch,1,0,0,7
S10343,2026-04-25,11:32 AM,Yamuna,Library,0,0,09:34 AM,05:04 PM,09:26 AM,05:43 PM,517.47,130,14.31,None,1,0,1,4
S10344,2026-04-27,02:04 PM,Ganga,Mess,01:52 PM,02:14 PM,0,0,0,0,665.81,43,25.8,Lunch,0,0,1,7
S10345,2026-04-30,08:53 PM,Sarojini,Library,0,0,06:12 PM,11:59 PM,06:06 PM,11:59 PM,503.21,53,14.83,None,0,0,1,3
S10346,2026-04-03,04:29 PM,Rajendra,Outside,0,0,0,0,03:13 PM,06:49 PM,147.05,69,8.6,None,0,0,0,6
S10347,2026-04-15,08:12 AM,Sarojini,Mess,07:55 AM,08:23 AM,0,0,0,0,439.31,96,43.87,Breakfast,0,0,0,4
S10348,2026-04-23,07:55 PM,Ganga,Library,0,0,03:06 PM,10:35 PM,02:39 PM,11:33 PM,695.93,174,23.09,None,0,0,1,5
S10349,2026-04-18,11:04 PM,Azad,Library,0,0,09:24 PM,11:17 PM,08:59 PM,11:58 PM,776.68,17,11.0,None,0,0,0,7
S10350,2026-04-13,10:26 PM,Ganga,Mess,09:33 PM,10:27 PM,0,0,0,0,473.76,133,55.61,Dinner,0,0,0,8
S10351,2026-04-09,08:12 PM,Rajendra,Mess,07:53 PM,08:36 PM,0,0,0,0,396.25,38,29.74,Dinner,0,0,0,8
S10352,2026-04-30,07:40 PM,Yamuna,Mess,07:35 PM,08:07 PM,0,0,0,0,381.76,176,35.06,Dinner,0,0,1,7
S10353,2026-04-04,06:37 PM,Rajendra,Library,0,0,04:44 PM,06:44 PM,04:36 PM,06:59 PM,808.58,76,14.54,None,0,0,0,9
S10354,2026-04-01,12:48 PM,Ganga,Library,0,0,12:32 PM,02:21 PM,12:22 PM,03:14 PM,686.04,191,20.61,None,0,0,0,7
S10355,2026-04-24,09:01 PM,Yamuna,Mess,08:32 PM,09:31 PM,0,0,0,0,482.75,77,30.45,Dinner,0,0,1,6
S10356,2026-04-14,05:31 AM,Yamuna,Hostel,0,0,0,0,0,0,181.07,106,22.23,None,0,0,0,7
S10357,2026-04-20,09:44 AM,Azad,Mess,09:37 AM,10:03 AM,0,0,0,0,444.51,154,38.17,Breakfast,1,1,1,3
S10358,2026-04-15,03:43 PM,Yamuna,Library,0,0,03:40 PM,04:51 PM,03:20 PM,05:50 PM,797.02,38,9.87,None,1,0,0,8
S10359,2026-04-08,10:40 AM,Azad,Hostel,0,0,0,0,0,0,283.33,103,35.64,None,0,0,0,7
S10360,2026-04-05,01:33 AM,Ganga,Outside,0,0,0,0,0,04:30 AM,284.11,66,5.22,None,0,0,0,7
S10361,2026-04-16,12:53 PM,Sarojini,Outside,0,0,0,0,11:48 AM,02:46 PM,113.15,72,3.81,None,0,0,0,7
S10362,2026-04-12,08:49 PM,Azad,Mess,08:30 PM,09:14 PM,0,0,0,0,390.72,111,52.09,Dinner,0,0,0,5
S10363,2026-04-02,01:15 PM,Yamuna,Mess,12:31 PM,01:19 PM,0,0,0,0,356.89,190,48.41,Lunch,1,0,0,7
S10364,2026-04-02,02:33 PM,Rajendra,Mess,01:50 PM,02:47 PM,0,0,0,0,460.6,61,32.72,Lunch,1,0,0,6
S10365,2026-04-19,12:12 AM,Ganga,Outside,0,0,0,0,0,03:08 AM,130.22,122,8.92,None,0,0,0,8
S10366,2026-05-01,06:32 PM,Yamuna,Library,0,0,05:05 PM,06:39 PM,04:50 PM,07:20 PM,683.46,75,22.73,None,0,0,0,7
S10367,2026-04-17,12:54 AM,Ganga,Hostel,0,0,0,0,0,0,297.59,39,27.91,None,0,0,0,8
S10368,2026-04-08,05:00 PM,Rajendra,Classroom,0,0,0,0,04:42 PM,06:16 PM,175.27,83,10.54,None,1,1,0,4
S10369,2026-04-24,10:19 PM,Rajendra,Library,0,0,04:38 PM,11:59 PM,04:24 PM,11:59 PM,785.39,98,19.64,None,0,0,1,5
S10370,2026-04-28,05:31 PM,Rajendra,Classroom,0,0,0,0,05:04 PM,06:51 PM,231.8,162,10.2,None,1,1,1,5
S10371,2026-04-23,05:49 PM,Ganga,Library,0,0,12:35 PM,06:38 PM,12:19 PM,07:23 PM,810.03,51,12.56,None,0,0,1,5
S10372,2026-04-29,10:11 AM,Azad,Library,0,0,10:00 AM,06:04 PM,09:38 AM,06:49 PM,840.59,19,14.19,None,1,1,1,4
S10373,2026-04-15,01:55 PM,Azad,Library,0,0,01:36 PM,02:22 PM,01:11 PM,03:12 PM,509.41,158,16.27,None,0,0,0,6
S10374,2026-04-29,08:01 PM,Sarojini,Library,0,0,03:36 PM,11:59 PM,03:24 PM,11:59 PM,637.84,150,22.62,None,0,0,1,5
S10375,2026-04-07,05:08 PM,Rajendra,Library,0,0,04:26 PM,06:04 PM,04:14 PM,06:38 PM,760.84,171,34.44,None,0,0,0,5
S10376,2026-04-15,02:33 PM,Yamuna,Hostel,0,0,0,0,0,0,242.75,113,31.53,None,1,0,0,7
S10377,2026-04-19,06:28 AM,Azad,Hostel,0,0,0,0,0,0,110.55,34,29.33,None,0,0,0,8
S10378,2026-04-26,01:04 PM,Rajendra,Mess,01:00 PM,01:21 PM,0,0,0,0,499.24,158,40.65,Lunch,0,0,1,5
S10379,2026-04-09,06:20 PM,Yamuna,Library,0,0,04:04 PM,06:38 PM,03:39 PM,07:29 PM,811.35,127,26.13,None,0,0,0,7
S10380,2026-04-25,09:52 PM,Azad,Mess,09:52 PM,10:48 PM,0,0,0,0,229.8,66,33.35,Dinner,0,0,1,5
S10381,2026-04-23,05:03 AM,Ganga,Hostel,0,0,0,0,0,0,321.83,188,40.84,None,0,0,1,6
S10382,2026-04-15,01:23 PM,Azad,Library,0,0,11:16 AM,02:06 PM,10:46 AM,02:54 PM,965.4,68,15.86,None,0,0,0,7
S10383,2026-04-26,10:42 PM,Yamuna,Outside,0,0,0,0,09:59 PM,11:59 PM,290.87,130,14.16,None,0,0,1,5
S10384,2026-04-07,07:21 PM,Rajendra,Library,0,0,07:18 PM,10:05 PM,07:03 PM,10:38 PM,579.4,18,6.91,None,0,0,0,7
S10385,2026-04-28,11:08 AM,Rajendra,Hostel,0,0,0,0,0,0,281.16,33,24.74,None,0,0,1,6
S10386,2026-04-20,05:48 PM,Azad,Outside,0,0,0,0,04:26 PM,07:10 PM,119.45,139,14.59,None,0,0,1,5
S10387,2026-04-09,11:01 PM,Ganga,Library,0,0,09:45 PM,11:30 PM,09:34 PM,11:59 PM,797.94,141,20.48,None,0,0,0,7
S10388,2026-04-17,08:41 PM,Sarojini,Library,0,0,08:26 PM,10:22 PM,08:05 PM,11:22 PM,896.08,20,8.57,None,0,0,0,12
S10389,2026-04-20,11:45 AM,Azad,Library,0,0,11:28 AM,04:58 PM,10:59 AM,05:52 PM,745.29,103,15.47,None,0,0,1,5
S10390,2026-05-01,11:06 PM,Rajendra,Library,0,0,10:51 PM,11:59 PM,10:26 PM,11:59 PM,629.2,133,14.92,None,0,0,0,9
S10391,2026-04-03,11:38 PM,Ganga,Hostel,0,0,0,0,0,0,1050.1,185,32.16,None,0,0,0,8
S10392,2026-04-16,08:43 AM,Ganga,Mess,08:29 AM,08:56 AM,0,0,0,0,671.88,25,25.52,Breakfast,0,0,0,4
S10393,2026-04-14,12:17 AM,Rajendra,Hostel,0,0,0,0,0,0,134.68,85,24.1,None,0,0,0,4
S10394,2026-04-09,10:59 PM,Rajendra,Library,0,0,10:14 PM,11:59 PM,09:47 PM,11:59 PM,663.65,29,15.01,None,0,0,0,7
S10395,2026-04-22,06:03 PM,Rajendra,Outside,0,0,0,0,04:43 PM,08:27 PM,289.29,37,4.76,None,0,0,1,5
S10396,2026-04-03,11:12 PM,Rajendra,Library,0,0,10:37 PM,11:59 PM,10:32 PM,11:59 PM,701.98,99,25.01,None,0,0,0,7
S10397,2026-04-18,10:39 PM,Yamuna,Outside,0,0,0,0,09:23 PM,11:59 PM,246.47,180,14.23,None,0,0,0,7
S10398,2026-04-16,09:26 PM,Yamuna,Mess,08:55 PM,09:45 PM,0,0,0,0,509.55,30,39.92,Dinner,0,0,0,6
S10399,2026-04-15,01:53 PM,Ganga,Library,0,0,01:27 PM,02:19 PM,01:14 PM,03:19 PM,779.8,57,14.66,None,0,0,0,7
S10400,2026-04-11,08:39 PM,Rajendra,Mess,07:45 PM,08:40 PM,0,0,0,0,625.23,184,38.69,Dinner,0,0,0,9
S10401,2026-04-08,09:29 AM,Ganga,Mess,08:39 AM,09:34 AM,0,0,0,0,529.09,126,50.94,Breakfast,0,0,0,8
S10402,2026-04-26,08:59 PM,Yamuna,Hostel,0,0,0,0,0,0,1099.67,77,31.11,None,0,0,1,7
S10403,2026-04-25,03:59 PM,Sarojini,Library,0,0,10:00 AM,06:01 PM,09:40 AM,06:22 PM,882.57,128,21.87,None,1,0,1,7
S10404,2026-04-26,12:19 PM,Rajendra,Library,0,0,09:15 AM,05:50 PM,08:49 AM,06:02 PM,667.85,198,32.24,None,0,0,1,8
S10405,2026-04-13,06:20 PM,Yamuna,Library,0,0,04:24 PM,06:38 PM,04:06 PM,07:20 PM,808.16,155,28.31,None,0,0,0,7
S10406,2026-04-12,10:15 AM,Yamuna,Library,0,0,09:11 AM,10:31 AM,08:53 AM,10:45 AM,775.63,159,19.5,None,1,1,0,7
S10407,2026-04-01,09:33 AM,Azad,Outside,0,0,0,0,08:41 AM,11:27 AM,320.0,19,1.61,None,0,0,0,6
S10408,2026-04-27,01:41 PM,Azad,Library,0,0,12:55 PM,08:28 PM,12:26 PM,09:19 PM,716.6,179,25.1,None,0,0,1,6
S10409,2026-04-20,02:20 PM,Sarojini,Mess,02:00 PM,02:53 PM,0,0,0,0,309.42,55,34.09,Lunch,0,0,1,8
S10410,2026-04-05,08:14 AM,Azad,Mess,07:34 AM,08:34 AM,0,0,0,0,475.68,55,26.16,Breakfast,0,0,0,6
S10411,2026-04-07,10:43 AM,Sarojini,Hostel,0,0,0,0,0,0,360.32,23,23.0,None,1,1,0,7
S10412,2026-04-01,06:19 PM,Yamuna,Library,0,0,06:00 PM,07:53 PM,05:47 PM,08:16 PM,779.94,163,31.38,None,0,0,0,8
S10413,2026-04-06,01:18 PM,Yamuna,Outside,0,0,0,0,11:55 AM,02:44 PM,282.66,101,7.56,None,0,0,0,7
S10414,2026-04-05,01:31 PM,Azad,Mess,12:41 PM,01:39 PM,0,0,0,0,316.06,17,30.67,Lunch,1,0,0,7
S10415,2026-04-29,11:41 AM,Rajendra,Outside,0,0,0,0,09:52 AM,02:02 PM,158.81,23,1.29,None,0,0,1,6
S10416,2026-04-04,09:12 PM,Ganga,Library,0,0,09:07 PM,09:53 PM,08:50 PM,10:43 PM,633.86,80,21.07,None,0,0,0,10
S10417,2026-04-11,10:18 PM,Ganga,Mess,09:53 PM,10:48 PM,0,0,0,0,371.64,172,49.22,Dinner,0,0,0,5
S10418,2026-04-27,07:09 AM,Azad,Outside,0,0,0,0,05:34 AM,10:08 AM,171.84,81,7.09,None,0,0,1,5
S10419,2026-04-25,12:13 PM,Sarojini,Mess,12:08 PM,12:33 PM,0,0,0,0,389.99,143,37.7,Lunch,1,0,1,3
S10420,2026-04-22,09:40 AM,Rajendra,Hostel,0,0,0,0,0,0,326.49,155,35.91,None,1,1,1,7
S10421,2026-04-30,05:20 PM,Azad,Outside,0,0,0,0,04:01 PM,06:42 PM,243.57,119,12.27,None,0,0,1,4
S10422,2026-04-12,04:53 PM,Rajendra,Library,0,0,04:43 PM,06:47 PM,04:20 PM,07:26 PM,537.13,49,18.01,None,1,1,0,7
S10423,2026-04-23,03:14 AM,Yamuna,Hostel,0,0,0,0,0,0,222.8,165,26.07,None,0,0,1,3
S10424,2026-04-18,10:41 PM,Azad,Library,0,0,10:38 PM,11:51 PM,10:17 PM,11:59 PM,771.75,167,17.79,None,0,0,0,10
S10425,2026-04-09,01:53 PM,Ganga,Library,0,0,12:31 PM,03:24 PM,12:15 PM,03:46 PM,897.32,181,29.71,None,0,0,0,7
S10426,2026-05-01,05:35 AM,Yamuna,Hostel,0,0,0,0,0,0,342.69,175,38.87,None,0,0,0,7
S10427,2026-04-03,05:20 PM,Yamuna,Classroom,0,0,0,0,04:59 PM,07:05 PM,385.08,12,0.64,None,1,1,0,17
S10428,2026-05-01,01:37 PM,Azad,Mess,01:37 PM,02:06 PM,0,0,0,0,475.8,142,38.8,Lunch,0,0,0,9
S10429,2026-04-27,09:50 AM,Yamuna,Mess,09:47 AM,10:42 AM,0,0,0,0,380.45,86,42.2,Breakfast,0,0,1,4
S10430,2026-04-08,11:50 PM,Ganga,Library,0,0,10:32 PM,11:59 PM,10:27 PM,11:59 PM,747.14,108,24.84,None,0,0,0,7
S10431,2026-04-23,09:30 PM,Rajendra,Library,0,0,08:31 PM,11:59 PM,08:04 PM,11:59 PM,793.96,56,17.94,None,0,0,1,8
S10432,2026-04-01,07:40 PM,Sarojini,Mess,07:17 PM,08:10 PM,0,0,0,0,481.23,14,25.11,Dinner,0,0,0,7
S10433,2026-04-07,07:18 PM,Yamuna,Mess,07:12 PM,07:43 PM,0,0,0,0,441.63,108,38.0,Dinner,0,0,0,6
S10434,2026-04-01,07:07 PM,Ganga,Library,0,0,05:29 PM,07:36 PM,05:17 PM,08:10 PM,638.28,105,20.55,None,0,0,0,8
S10435,2026-04-12,07:26 PM,Azad,Library,0,0,06:45 PM,09:12 PM,06:36 PM,09:53 PM,943.29,157,31.47,None,0,0,0,6
S10436,2026-04-27,08:00 PM,Rajendra,Library,0,0,04:10 PM,09:31 PM,03:57 PM,10:00 PM,429.73,34,18.26,None,0,0,1,5
S10437,2026-04-21,09:44 AM,Rajendra,Mess,09:06 AM,09:57 AM,0,0,0,0,507.64,42,26.71,Breakfast,0,0,1,5
S10438,2026-04-01,06:08 PM,Rajendra,Library,0,0,04:51 PM,07:35 PM,04:39 PM,08:20 PM,779.86,192,32.78,None,0,0,0,7
S10439,2026-04-19,03:35 PM,Rajendra,Library,0,0,02:53 PM,05:00 PM,02:27 PM,05:50 PM,711.24,24,8.64,None,0,0,0,8
S10440,2026-04-24,01:32 PM,Yamuna,Mess,01:25 PM,02:12 PM,0,0,0,0,636.81,26,37.83,Lunch,0,0,1,7
S10441,2026-04-09,08:52 PM,Rajendra,Mess,08:48 PM,09:29 PM,0,0,0,0,503.11,103,44.6,Dinner,0,0,0,7
S10442,2026-04-17,03:33 PM,Sarojini,Library,0,0,03:19 PM,04:31 PM,02:58 PM,04:42 PM,763.19,41,20.57,None,1,0,0,7
S10443,2026-04-04,02:15 AM,Rajendra,Hostel,0,0,0,0,0,0,275.26,112,27.0,None,0,0,0,6
S10444,2026-04-27,10:51 PM,Sarojini,Library,0,0,02:55 PM,11:23 PM,02:42 PM,11:58 PM,661.91,150,36.07,None,0,0,1,5
S10445,2026-04-29,04:23 PM,Rajendra,Hostel,0,0,0,0,0,0,307.68,37,13.77,None,0,0,1,8
S10446,2026-04-11,07:44 AM,Rajendra,Mess,07:41 AM,08:39 AM,0,0,0,0,413.57,193,37.98,Breakfast,0,0,0,8
S10447,2026-04-16,07:21 AM,Yamuna,Hostel,0,0,0,0,0,0,279.71,89,33.83,None,0,0,0,9
S10448,2026-04-10,01:04 PM,Yamuna,Library,0,0,01:00 PM,02:56 PM,12:32 PM,03:35 PM,750.92,141,16.04,None,0,0,0,7
S10449,2026-04-02,09:39 PM,Azad,Library,0,0,09:13 PM,11:43 PM,09:08 PM,11:59 PM,706.53,120,25.53,None,0,0,0,6
S10450,2026-04-25,04:58 AM,Azad,Hostel,0,0,0,0,0,0,315.43,54,30.02,None,0,0,1,6
S10451,2026-04-01,03:52 AM,Sarojini,Hostel,0,0,0,0,0,0,147.46,198,47.23,None,0,0,0,8
S10452,2026-04-30,09:00 PM,Ganga,Library,0,0,06:33 PM,11:59 PM,06:23 PM,11:59 PM,533.71,77,20.09,None,0,0,1,4
S10453,2026-04-05,10:48 PM,Sarojini,Outside,0,0,0,0,09:06 PM,11:59 PM,397.58,29,2.99,None,0,0,0,9
S10454,2026-04-12,12:30 PM,Sarojini,Mess,12:05 PM,12:38 PM,0,0,0,0,504.97,176,42.96,Lunch,0,0,0,8
S10455,2026-04-29,02:35 PM,Azad,Library,0,0,10:59 AM,06:11 PM,10:43 AM,06:44 PM,461.11,91,13.12,None,0,0,1,5
S10456,2026-04-30,03:26 PM,Rajendra,Mess,02:35 PM,03:30 PM,0,0,0,0,340.15,132,45.13,Lunch,1,0,1,6
S10457,2026-04-27,02:39 PM,Yamuna,Library,0,0,01:53 PM,10:25 PM,01:24 PM,11:12 PM,755.54,48,18.84,None,1,0,1,8
S10458,2026-04-09,09:50 AM,Azad,Outside,0,0,0,0,08:45 AM,12:05 PM,346.05,26,2.67,None,0,0,0,7
S10459,2026-04-08,09:27 PM,Yamuna,Outside,0,0,0,0,08:48 PM,10:52 PM,386.47,159,22.44,None,0,0,0,6
S10460,2026-04-13,09:28 PM,Sarojini,Outside,0,0,0,0,07:36 PM,11:33 PM,334.01,127,15.46,None,0,0,0,6
S10461,2026-04-25,08:19 AM,Azad,Mess,07:58 AM,08:50 AM,0,0,0,0,542.03,13,31.05,Breakfast,0,0,1,7
S10462,2026-04-12,03:59 PM,Sarojini,Library,0,0,01:52 PM,04:21 PM,01:22 PM,04:40 PM,682.22,22,10.39,None,0,0,0,7
S10463,2026-04-16,08:35 AM,Yamuna,Mess,08:33 AM,09:07 AM,0,0,0,0,607.27,87,42.56,Breakfast,0,0,0,10
S10464,2026-05-01,09:05 AM,Azad,Classroom,0,0,0,0,08:39 AM,10:54 AM,209.9,125,6.61,None,1,1,0,8
S10465,2026-04-06,08:52 AM,Ganga,Mess,08:14 AM,09:10 AM,0,0,0,0,617.17,46,43.8,Breakfast,0,0,0,8
S10466,2026-04-08,09:47 AM,Yamuna,Mess,09:03 AM,09:47 AM,0,0,0,0,435.97,180,48.11,Breakfast,1,1,0,6
S10467,2026-04-29,08:03 PM,Azad,Mess,07:46 PM,08:30 PM,0,0,0,0,323.44,59,38.8,Dinner,0,0,1,6
S10468,2026-04-10,02:41 PM,Sarojini,Mess,02:36 PM,03:08 PM,0,0,0,0,574.69,100,34.07,Lunch,1,0,0,7
S10469,2026-04-10,03:08 PM,Ganga,Library,0,0,03:07 PM,04:04 PM,02:39 PM,04:53 PM,978.04,160,31.88,None,0,0,0,8
S10470,2026-04-05,07:53 AM,Ganga,Mess,07:36 AM,08:01 AM,0,0,0,0,684.86,51,38.84,Breakfast,0,0,0,6
S10471,2026-04-30,07:29 AM,Azad,Hostel,0,0,0,0,0,0,124.81,97,32.51,None,0,0,1,4
S10472,2026-04-21,12:35 PM,Sarojini,Mess,12:20 PM,01:05 PM,0,0,0,0,491.71,97,35.73,Lunch,0,0,1,5
S10473,2026-04-14,09:30 AM,Ganga,Mess,09:03 AM,09:49 AM,0,0,0,0,363.41,100,45.7,Breakfast,1,1,0,7
S10474,2026-04-04,08:13 PM,Sarojini,Outside,0,0,0,0,06:44 PM,10:36 PM,227.9,167,12.31,None,0,0,0,7
S10475,2026-04-07,10:52 AM,Ganga,Library,0,0,10:28 AM,11:01 AM,09:59 AM,11:22 AM,717.0,100,24.1,None,1,1,0,4
S10476,2026-04-12,03:14 PM,Rajendra,Outside,0,0,0,0,02:35 PM,05:20 PM,374.0,66,9.41,None,0,0,0,7
S10477,2026-04-21,04:42 AM,Rajendra,Hostel,0,0,0,0,0,0,256.77,68,22.21,None,0,0,1,7
S10478,2026-04-07,08:08 PM,Ganga,Library,0,0,07:50 PM,09:07 PM,07:25 PM,09:17 PM,721.42,42,11.74,None,0,0,0,7
S10479,2026-04-19,02:17 PM,Sarojini,Classroom,0,0,0,0,02:07 PM,03:01 PM,160.13,24,3.16,None,1,0,0,4
S10480,2026-04-14,04:23 PM,Sarojini,Library,0,0,04:04 PM,04:49 PM,03:40 PM,05:22 PM,918.71,115,13.56,None,0,0,0,6
S10481,2026-04-22,11:15 AM,Rajendra,Library,0,0,09:34 AM,06:11 PM,09:10 AM,06:35 PM,685.97,187,32.15,None,0,0,1,8
S10482,2026-04-11,03:02 PM,Azad,Mess,02:51 PM,03:46 PM,0,0,0,0,373.8,138,42.79,Lunch,0,0,0,8
S10483,2026-04-28,09:37 PM,Rajendra,Mess,09:29 PM,09:52 PM,0,0,0,0,540.48,61,24.57,Dinner,0,0,1,4
S10484,2026-04-25,08:52 AM,Azad,Mess,08:22 AM,09:10 AM,0,0,0,0,565.2,65,46.73,Breakfast,0,0,1,5
S10485,2026-04-08,07:47 PM,Rajendra,Library,0,0,06:34 PM,08:35 PM,06:14 PM,08:59 PM,813.99,146,24.78,None,0,0,0,7
S10486,2026-04-19,09:58 AM,Ganga,Mess,09:36 AM,10:27 AM,0,0,0,0,350.72,17,24.36,Breakfast,0,0,0,6
S10487,2026-04-26,04:10 PM,Ganga,Library,0,0,02:55 PM,09:05 PM,02:35 PM,09:26 PM,1068.99,120,20.38,None,0,0,1,5
S10488,2026-04-21,05:03 PM,Rajendra,Library,0,0,11:31 AM,05:10 PM,11:08 AM,05:21 PM,866.04,88,14.28,None,0,0,1,4
S10489,2026-04-01,02:34 PM,Ganga,Library,0,0,01:25 PM,04:03 PM,01:02 PM,04:30 PM,894.4,90,19.81,None,1,0,0,8
S10490,2026-04-03,09:57 PM,Azad,Mess,09:26 PM,10:13 PM,0,0,0,0,415.67,141,29.72,Dinner,0,0,0,5
S10491,2026-04-25,05:11 PM,Sarojini,Library,0,0,12:11 PM,05:15 PM,11:58 AM,05:45 PM,880.03,140,15.38,None,0,0,1,6
S10492,2026-04-08,07:30 AM,Rajendra,Mess,07:24 AM,08:11 AM,0,0,0,0,440.69,163,49.35,Breakfast,0,0,0,10
S10493,2026-04-01,09:48 PM,Ganga,Mess,09:23 PM,10:08 PM,0,0,0,0,448.68,107,44.07,Dinner,0,0,0,8
S10494,2026-04-24,02:02 PM,Rajendra,Mess,01:38 PM,02:19 PM,0,0,0,0,407.39,149,58.91,Lunch,0,0,1,4
S10495,2026-04-26,10:53 PM,Ganga,Library,0,0,10:25 PM,11:59 PM,10:07 PM,11:59 PM,765.35,113,22.92,None,0,0,1,8
S10496,2026-04-15,09:55 PM,Azad,Mess,09:47 PM,10:10 PM,0,0,0,0,583.33,102,37.58,Dinner,0,0,0,6
S10497,2026-04-30,10:03 PM,Sarojini,Hostel,0,0,0,0,0,0,1092.21,18,18.33,None,0,0,1,6
S10498,2026-04-20,08:52 AM,Azad,Hostel,0,0,0,0,0,0,243.91,159,42.06,None,0,0,1,5
S10499,2026-04-09,09:30 AM,Azad,Outside,0,0,0,0,07:59 AM,11:46 AM,261.8,81,5.4,None,0,0,0,8
S10500,2026-04-30,09:15 PM,Sarojini,Library,0,0,05:02 PM,11:39 PM,04:40 PM,11:59 PM,556.63,70,16.27,None,0,0,1,5
S10501,2026-04-08,01:16 AM,Ganga,Hostel,0,0,0,0,0,0,319.24,87,27.75,None,0,0,0,8
S10502,2026-04-15,11:37 PM,Sarojini,Library,0,0,09:58 PM,11:38 PM,09:28 PM,11:59 PM,759.83,167,33.16,None,0,0,0,6
S10503,2026-04-22,10:02 PM,Rajendra,Library,0,0,08:57 PM,11:59 PM,08:39 PM,11:59 PM,731.2,151,15.24,None,0,0,1,6
S10504,2026-04-02,02:26 AM,Rajendra,Hostel,0,0,0,0,0,0,291.11,139,31.19,None,0,0,0,8
S10505,2026-04-18,03:41 PM,Sarojini,Library,0,0,02:08 PM,03:50 PM,01:53 PM,04:10 PM,866.93,78,14.94,None,0,0,0,10
S10506,2026-04-14,12:00 PM,Azad,Library,0,0,11:58 AM,02:03 PM,11:31 AM,02:57 PM,627.9,194,21.18,None,1,0,0,4
S10507,2026-04-21,04:35 PM,Yamuna,Library,0,0,03:05 PM,08:21 PM,02:56 PM,09:19 PM,663.27,106,19.84,None,1,1,1,6
S10508,2026-04-18,06:44 PM,Yamuna,Classroom,0,0,0,0,06:33 PM,07:38 PM,363.17,63,6.4,None,1,1,0,7
S10509,2026-04-11,11:03 PM,Azad,Library,0,0,09:13 PM,11:27 PM,08:48 PM,11:59 PM,813.39,51,15.44,None,0,0,0,6
S10510,2026-04-01,08:38 PM,Yamuna,Library,0,0,07:59 PM,09:20 PM,07:30 PM,09:54 PM,819.91,140,26.16,None,0,0,0,8
S10511,2026-04-22,04:17 AM,Yamuna,Outside,0,0,0,0,02:35 AM,06:40 AM,361.03,100,5.51,None,0,0,1,7
S10512,2026-04-02,04:06 PM,Rajendra,Library,0,0,03:44 PM,05:56 PM,03:19 PM,06:09 PM,754.89,40,11.57,None,1,1,0,6
S10513,2026-04-03,05:13 AM,Rajendra,Hostel,0,0,0,0,0,0,266.88,66,18.02,None,0,0,0,8
S10514,2026-04-14,08:40 PM,Ganga,Hostel,0,0,0,0,0,0,1129.25,25,18.55,None,0,0,0,8
S10515,2026-04-26,07:46 PM,Rajendra,Mess,07:30 PM,08:30 PM,0,0,0,0,476.56,46,26.99,Dinner,0,0,1,3
S10516,2026-04-15,02:36 PM,Ganga,Hostel,0,0,0,0,0,0,279.81,14,13.08,None,0,0,0,6
S10517,2026-04-24,09:39 AM,Azad,Mess,09:27 AM,10:05 AM,0,0,0,0,533.55,176,39.61,Breakfast,0,0,1,3
S10518,2026-04-19,12:20 PM,Rajendra,Hostel,0,0,0,0,0,0,145.75,61,23.92,None,1,0,0,6
S10519,2026-04-09,06:59 PM,Sarojini,Library,0,0,06:36 PM,09:36 PM,06:19 PM,10:30 PM,875.65,145,19.1,None,0,0,0,10
S10520,2026-04-09,11:04 PM,Yamuna,Outside,0,0,0,0,09:45 PM,11:59 PM,319.5,59,6.81,None,0,0,0,8
S10521,2026-04-16,12:12 PM,Sarojini,Mess,12:00 PM,12:48 PM,0,0,0,0,396.59,49,27.98,Lunch,0,0,0,7
S10522,2026-04-27,12:36 AM,Sarojini,Outside,0,0,0,0,0,03:19 AM,269.2,104,7.32,None,0,0,1,3
S10523,2026-05-01,03:01 AM,Sarojini,Hostel,0,0,0,0,0,0,399.54,179,36.62,None,0,0,0,6
S10524,2026-04-28,08:41 AM,Rajendra,Mess,08:14 AM,09:03 AM,0,0,0,0,453.1,147,41.96,Breakfast,0,0,1,7
S10525,2026-04-05,10:55 PM,Ganga,Library,0,0,10:17 PM,11:59 PM,10:10 PM,11:59 PM,976.83,70,21.24,None,0,0,0,6
S10526,2026-04-05,06:48 PM,Rajendra,Library,0,0,05:25 PM,07:03 PM,05:05 PM,07:35 PM,626.96,179,36.41,None,0,0,0,8
S10527,2026-04-05,11:34 AM,Sarojini,Library,0,0,11:13 AM,02:08 PM,10:47 AM,02:33 PM,833.81,51,10.99,None,1,0,0,8
S10528,2026-04-23,08:35 PM,Azad,Library,0,0,06:49 PM,11:59 PM,06:25 PM,11:59 PM,512.66,97,19.69,None,0,0,1,6
S10529,2026-04-19,09:39 PM,Sarojini,Mess,09:29 PM,10:07 PM,0,0,0,0,392.32,149,51.45,Dinner,0,0,0,6
S10530,2026-04-20,06:24 AM,Ganga,Hostel,0,0,0,0,0,0,152.5,184,35.82,None,0,0,1,5
S10531,2026-04-12,07:35 PM,Azad,Outside,0,0,0,0,06:14 PM,08:46 PM,329.32,195,14.73,None,0,0,0,5
S10532,2026-04-05,07:38 AM,Azad,Outside,0,0,0,0,06:18 AM,10:37 AM,281.03,126,7.23,None,0,0,0,4
S10533,2026-04-23,11:12 AM,Rajendra,Outside,0,0,0,0,10:24 AM,12:21 PM,364.45,191,19.68,None,1,0,1,4
S10534,2026-04-19,10:01 PM,Azad,Library,0,0,08:57 PM,11:26 PM,08:49 PM,11:39 PM,918.41,17,10.28,None,0,0,0,9
S10535,2026-04-25,07:16 PM,Azad,Mess,07:07 PM,07:54 PM,0,0,0,0,474.67,182,50.97,Dinner,0,0,1,3
S10536,2026-04-04,02:06 PM,Sarojini,Library,0,0,01:39 PM,02:56 PM,01:27 PM,03:19 PM,721.77,88,16.3,None,0,0,0,8
S10537,2026-04-01,03:18 PM,Ganga,Mess,02:48 PM,03:33 PM,0,0,0,0,491.94,108,48.55,Lunch,0,0,0,7
S10538,2026-04-12,10:23 AM,Azad,Library,0,0,09:53 AM,10:34 AM,09:31 AM,11:02 AM,775.13,137,32.96,None,1,1,0,9
S10539,2026-04-02,08:45 PM,Azad,Mess,07:57 PM,08:51 PM,0,0,0,0,393.93,144,48.19,Dinner,0,0,0,6
S10540,2026-04-26,01:21 AM,Rajendra,Outside,0,0,0,0,12:33 AM,02:38 AM,304.31,178,23.0,None,0,0,1,4
S10541,2026-04-19,09:59 PM,Rajendra,Mess,09:54 PM,10:20 PM,0,0,0,0,371.22,70,38.67,Dinner,0,0,0,8
S10542,2026-04-19,09:13 AM,Sarojini,Mess,08:45 AM,09:20 AM,0,0,0,0,515.37,159,62.5,Breakfast,1,1,0,4
S10543,2026-04-04,01:19 PM,Azad,Hostel,0,0,0,0,0,0,395.59,125,30.29,None,1,0,0,7
S10544,2026-04-19,04:42 AM,Azad,Hostel,0,0,0,0,0,0,116.4,65,19.55,None,0,0,0,10
S10545,2026-04-20,09:47 PM,Azad,Mess,09:24 PM,09:55 PM,0,0,0,0,545.17,87,32.09,Dinner,0,0,1,7
S10546,2026-04-28,09:19 AM,Ganga,Mess,09:17 AM,10:16 AM,0,0,0,0,333.12,114,47.67,Breakfast,1,1,1,5
S10547,2026-04-23,08:26 PM,Azad,Mess,07:52 PM,08:27 PM,0,0,0,0,643.7,193,44.68,Dinner,0,0,1,8
S10548,2026-04-27,07:48 PM,Rajendra,Mess,07:26 PM,08:01 PM,0,0,0,0,587.45,76,42.54,Dinner,0,0,1,6
S10549,2026-04-14,09:15 AM,Yamuna,Mess,08:40 AM,09:28 AM,0,0,0,0,415.2,12,26.13,Breakfast,0,0,0,6
S10550,2026-04-04,11:31 AM,Ganga,Outside,0,0,0,0,10:51 AM,12:50 PM,124.57,144,18.43,None,0,0,0,5
S10551,2026-04-15,04:13 AM,Ganga,Hostel,0,0,0,0,0,0,107.42,180,34.46,None,0,0,0,7
S10552,2026-04-09,07:03 PM,Rajendra,Library,0,0,06:27 PM,07:45 PM,05:59 PM,08:42 PM,718.84,73,20.39,None,0,0,0,4
S10553,2026-04-12,01:13 PM,Yamuna,Library,0,0,12:24 PM,02:05 PM,12:09 PM,02:52 PM,738.24,154,18.64,None,0,0,0,9
S10554,2026-04-27,09:41 AM,Ganga,Mess,09:39 AM,10:08 AM,0,0,0,0,683.08,49,40.53,Breakfast,1,1,1,6
S10555,2026-04-27,03:20 PM,Ganga,Classroom,0,0,0,0,02:46 PM,03:58 PM,238.26,195,20.9,None,1,0,1,8
S10556,2026-04-30,07:47 AM,Ganga,Mess,07:29 AM,08:23 AM,0,0,0,0,538.54,79,32.02,Breakfast,0,0,1,5
S10557,2026-04-28,06:31 PM,Yamuna,Library,0,0,06:23 PM,11:59 PM,05:59 PM,11:59 PM,651.18,111,26.77,None,0,0,1,7
S10558,2026-04-01,08:06 PM,Yamuna,Mess,08:00 PM,08:22 PM,0,0,0,0,283.07,145,34.0,Dinner,0,0,0,9
S10559,2026-04-20,09:28 PM,Yamuna,Library,0,0,08:31 PM,11:59 PM,08:15 PM,11:59 PM,732.52,71,21.91,None,0,0,1,6
S10560,2026-04-29,01:54 PM,Yamuna,Mess,01:42 PM,02:15 PM,0,0,0,0,336.3,76,39.19,Lunch,0,0,1,5
S10561,2026-04-13,07:46 PM,Rajendra,Library,0,0,06:45 PM,07:50 PM,06:22 PM,08:06 PM,803.97,182,24.6,None,0,0,0,7
S10562,2026-04-17,02:45 AM,Ganga,Outside,0,0,0,0,01:42 AM,05:44 AM,308.4,115,7.83,None,0,0,0,9
S10563,2026-04-17,12:20 PM,Rajendra,Mess,12:20 PM,01:11 PM,0,0,0,0,495.7,157,37.63,Lunch,1,0,0,6
S10564,2026-04-15,02:38 PM,Rajendra,Mess,02:22 PM,03:13 PM,0,0,0,0,414.56,192,54.67,Lunch,1,0,0,6
S10565,2026-04-05,09:29 PM,Azad,Hostel,0,0,0,0,0,0,1079.11,18,17.97,None,0,0,0,10
S10566,2026-04-03,10:01 PM,Rajendra,Hostel,0,0,0,0,0,0,1267.95,43,26.94,None,0,0,0,3
S10567,2026-04-25,08:04 PM,Yamuna,Mess,07:26 PM,08:13 PM,0,0,0,0,505.24,16,26.41,Dinner,0,0,1,5
S10568,2026-04-29,03:25 PM,Azad,Mess,02:46 PM,03:29 PM,0,0,0,0,493.42,184,55.04,Lunch,0,0,1,3
S10569,2026-04-30,07:44 PM,Ganga,Library,0,0,02:02 PM,07:51 PM,01:42 PM,08:31 PM,689.93,116,27.3,None,0,0,1,4
S10570,2026-04-18,05:25 PM,Ganga,Outside,0,0,0,0,04:53 PM,07:57 PM,356.79,193,24.48,None,0,0,0,14
S10571,2026-04-16,12:05 AM,Sarojini,Hostel,0,0,0,0,0,0,156.57,13,19.49,None,0,0,0,7
S10572,2026-04-18,12:07 PM,Azad,Hostel,0,0,0,0,0,0,332.1,26,16.71,None,1,0,0,8
S10573,2026-04-17,01:00 PM,Rajendra,Library,0,0,11:23 AM,02:08 PM,11:18 AM,02:20 PM,832.93,37,12.47,None,1,0,0,6
S10574,2026-04-09,03:55 PM,Ganga,Library,0,0,02:29 PM,05:21 PM,02:09 PM,05:47 PM,553.35,176,20.89,None,0,0,0,7
S10575,2026-04-27,09:08 PM,Yamuna,Mess,08:50 PM,09:42 PM,0,0,0,0,531.48,158,62.68,Dinner,0,0,1,6
S10576,2026-04-23,08:52 PM,Sarojini,Mess,08:04 PM,08:59 PM,0,0,0,0,536.08,167,36.81,Dinner,0,0,1,3
S10577,2026-04-27,12:26 PM,Yamuna,Mess,12:21 PM,12:53 PM,0,0,0,0,493.03,55,28.66,Lunch,0,0,1,3
S10578,2026-04-12,03:46 PM,Yamuna,Outside,0,0,0,0,03:02 PM,05:05 PM,233.43,181,9.5,None,0,0,0,9
S10579,2026-04-13,10:26 PM,Yamuna,Outside,0,0,0,0,09:12 PM,11:29 PM,153.37,145,14.13,None,0,0,0,5
S10580,2026-04-29,08:23 PM,Rajendra,Mess,08:18 PM,08:49 PM,0,0,0,0,618.81,115,53.66,Dinner,0,0,1,8
S10581,2026-04-29,11:27 PM,Azad,Hostel,0,0,0,0,0,0,815.14,143,29.08,None,0,0,1,8
S10582,2026-04-29,07:52 PM,Rajendra,Mess,07:43 PM,08:09 PM,0,0,0,0,257.12,89,27.83,Dinner,0,0,1,4
S10583,2026-04-08,01:23 AM,Sarojini,Hostel,0,0,0,0,0,0,324.01,64,17.48,None,0,0,0,7
S10584,2026-04-08,08:51 PM,Ganga,Mess,08:25 PM,08:57 PM,0,0,0,0,337.76,197,49.59,Dinner,0,0,0,9
S10585,2026-05-01,07:34 PM,Yamuna,Library,0,0,07:04 PM,07:42 PM,06:52 PM,08:26 PM,742.02,115,26.48,None,0,0,0,4
S10586,2026-04-01,10:41 PM,Sarojini,Outside,0,0,0,0,10:05 PM,11:59 PM,193.44,188,9.85,None,0,0,0,10
S10587,2026-04-05,07:45 AM,Azad,Outside,0,0,0,0,06:39 AM,09:34 AM,100.7,167,22.88,None,0,0,0,8
S10588,2026-04-30,11:23 AM,Ganga,Outside,0,0,0,0,09:54 AM,01:30 PM,148.93,192,14.15,None,1,0,1,4
S10589,2026-04-23,05:42 PM,Ganga,Library,0,0,05:07 PM,11:59 PM,04:50 PM,11:59 PM,807.0,165,23.01,None,0,0,1,3
S10590,2026-04-18,03:22 PM,Azad,Classroom,0,0,0,0,02:44 PM,04:33 PM,332.76,28,1.63,None,1,0,0,9
S10591,2026-04-12,02:02 PM,Rajendra,Hostel,0,0,0,0,0,0,357.09,122,34.7,None,1,0,0,7
S10592,2026-04-26,08:51 PM,Yamuna,Library,0,0,07:50 PM,11:59 PM,07:35 PM,11:59 PM,850.81,67,20.65,None,0,0,1,3
S10593,2026-04-07,10:16 AM,Ganga,Mess,09:34 AM,10:18 AM,0,0,0,0,277.35,61,26.65,Breakfast,0,0,0,7
S10594,2026-04-09,12:34 PM,Ganga,Mess,12:26 PM,12:46 PM,0,0,0,0,332.04,17,34.68,Lunch,0,0,0,8
S10595,2026-04-26,05:51 PM,Rajendra,Library,0,0,01:59 PM,10:05 PM,01:52 PM,10:53 PM,896.51,32,16.88,None,0,0,1,6
S10596,2026-04-19,10:09 PM,Rajendra,Mess,09:21 PM,10:20 PM,0,0,0,0,396.06,176,44.25,Dinner,0,0,0,3
S10597,2026-04-03,09:58 PM,Sarojini,Mess,09:27 PM,10:20 PM,0,0,0,0,545.03,40,44.34,Dinner,0,0,0,7
S10598,2026-04-19,05:18 PM,Azad,Library,0,0,04:58 PM,05:54 PM,04:52 PM,06:54 PM,587.21,190,29.16,None,0,0,0,7
S10599,2026-04-17,12:44 PM,Azad,Mess,12:31 PM,01:27 PM,0,0,0,0,401.33,174,54.44,Lunch,1,0,0,6
S10600,2026-04-19,02:48 PM,Rajendra,Mess,02:39 PM,03:32 PM,0,0,0,0,326.32,87,48.7,Lunch,1,0,0,8
S10601,2026-04-02,01:59 PM,Ganga,Mess,01:13 PM,02:10 PM,0,0,0,0,370.49,192,44.12,Lunch,1,0,0,15
S10602,2026-04-21,04:41 AM,Ganga,Outside,0,0,0,0,03:39 AM,06:40 AM,271.62,13,1.72,None,0,0,1,7
S10603,2026-04-22,11:17 PM,Sarojini,Library,0,0,07:05 PM,11:59 PM,06:39 PM,11:59 PM,831.59,66,14.16,None,0,0,1,5
S10604,2026-04-12,01:43 PM,Yamuna,Library,0,0,01:03 PM,01:47 PM,12:54 PM,02:08 PM,853.11,19,6.71,None,1,0,0,8
S10605,2026-04-20,01:41 AM,Sarojini,Hostel,0,0,0,0,0,0,262.14,80,18.93,None,0,0,1,6
S10606,2026-05-01,04:15 PM,Rajendra,Library,0,0,02:13 PM,04:18 PM,02:05 PM,04:47 PM,908.77,65,18.57,None,0,0,0,8
S10607,2026-04-13,08:07 PM,Ganga,Hostel,0,0,0,0,0,0,840.52,188,27.74,None,0,0,0,8
S10608,2026-04-07,08:00 PM,Azad,Mess,07:41 PM,08:24 PM,0,0,0,0,384.49,149,47.2,Dinner,0,0,0,8
S10609,2026-04-30,10:06 PM,Yamuna,Hostel,0,0,0,0,0,0,1247.72,88,26.5,None,0,0,1,4
S10610,2026-04-25,02:07 PM,Azad,Mess,01:53 PM,02:13 PM,0,0,0,0,364.95,129,53.14,Lunch,1,0,1,4
S10611,2026-04-19,02:56 PM,Yamuna,Outside,0,0,0,0,02:00 PM,04:00 PM,112.89,35,4.22,None,0,0,0,7
S10612,2026-04-10,07:58 PM,Rajendra,Library,0,0,07:20 PM,08:52 PM,07:05 PM,09:22 PM,864.44,113,26.47,None,0,0,0,9
S10613,2026-04-11,03:28 PM,Ganga,Hostel,0,0,0,0,0,0,105.57,34,14.11,None,0,0,0,7
S10614,2026-04-02,09:45 AM,Sarojini,Mess,09:33 AM,09:58 AM,0,0,0,0,387.98,18,40.91,Breakfast,1,1,0,9
S10615,2026-04-27,09:17 PM,Azad,Mess,09:02 PM,09:29 PM,0,0,0,0,338.26,71,37.2,Dinner,0,0,1,7
S10616,2026-04-28,07:58 PM,Yamuna,Library,0,0,12:09 PM,08:56 PM,12:02 PM,09:48 PM,770.34,107,26.18,None,0,0,1,4
S10617,2026-04-18,03:55 PM,Yamuna,Classroom,0,0,0,0,03:45 PM,04:49 PM,127.29,190,17.73,None,1,0,0,7
S10618,2026-04-28,12:59 AM,Yamuna,Hostel,0,0,0,0,0,0,220.99,93,25.63,None,0,0,1,8
S10619,2026-04-04,12:47 PM,Ganga,Mess,12:37 PM,01:03 PM,0,0,0,0,577.46,100,39.46,Lunch,1,0,0,5
S10620,2026-04-06,02:28 PM,Sarojini,Classroom,0,0,0,0,02:06 PM,03:26 PM,320.86,131,17.5,None,1,0,0,5
S10621,2026-04-28,10:20 AM,Azad,Mess,09:32 AM,10:21 AM,0,0,0,0,313.79,199,52.26,Breakfast,0,0,1,7
S10622,2026-04-12,10:07 PM,Rajendra,Library,0,0,07:30 PM,10:14 PM,07:14 PM,10:48 PM,847.92,98,21.37,None,0,0,0,7
S10623,2026-04-01,08:20 PM,Sarojini,Library,0,0,06:02 PM,08:52 PM,05:32 PM,09:18 PM,603.34,175,17.63,None,0,0,0,6
S10624,2026-04-02,07:40 AM,Rajendra,Outside,0,0,0,0,06:36 AM,10:32 AM,219.85,150,15.41,None,0,0,0,8
S10625,2026-04-25,05:37 PM,Sarojini,Hostel,0,0,0,0,0,0,270.87,40,27.24,None,0,0,1,7
S10626,2026-04-01,11:11 PM,Ganga,Library,0,0,09:35 PM,11:59 PM,09:25 PM,11:59 PM,922.84,110,14.86,None,0,0,0,7
S10627,2026-04-16,01:46 PM,Ganga,Mess,01:46 PM,02:22 PM,0,0,0,0,557.52,157,44.95,Lunch,1,0,0,9
S10628,2026-05-01,12:53 PM,Yamuna,Mess,12:39 PM,01:15 PM,0,0,0,0,509.32,124,41.87,Lunch,0,0,0,7
S10629,2026-04-10,08:48 PM,Yamuna,Library,0,0,08:43 PM,09:51 PM,08:21 PM,10:45 PM,817.72,157,24.76,None,0,0,0,6
S10630,2026-04-09,08:38 PM,Ganga,Mess,07:54 PM,08:50 PM,0,0,0,0,393.73,152,32.4,Dinner,0,0,0,7
S10631,2026-04-30,03:32 PM,Rajendra,Library,0,0,09:08 AM,05:07 PM,09:02 AM,05:47 PM,579.94,13,6.52,None,1,0,1,5
S10632,2026-04-15,08:03 AM,Yamuna,Mess,07:30 AM,08:05 AM,0,0,0,0,425.85,47,41.35,Breakfast,0,0,0,6
S10633,2026-04-08,08:45 PM,Azad,Mess,08:28 PM,08:48 PM,0,0,0,0,590.98,36,42.83,Dinner,0,0,0,7
S10634,2026-04-26,08:03 AM,Ganga,Mess,07:48 AM,08:23 AM,0,0,0,0,507.59,136,50.32,Breakfast,0,0,1,5
S10635,2026-04-02,10:20 AM,Sarojini,Library,0,0,10:06 AM,10:54 AM,09:46 AM,11:29 AM,783.1,110,27.48,None,0,0,0,15
S10636,2026-04-03,03:04 AM,Azad,Hostel,0,0,0,0,0,0,376.67,29,15.03,None,0,0,0,7
S10637,2026-04-13,05:47 PM,Ganga,Library,0,0,04:29 PM,06:35 PM,04:02 PM,07:14 PM,716.41,72,15.47,None,0,0,0,7
S10638,2026-04-10,12:47 PM,Yamuna,Mess,12:11 PM,12:55 PM,0,0,0,0,474.61,91,45.04,Lunch,1,0,0,16
S10639,2026-04-29,08:52 AM,Yamuna,Mess,08:39 AM,09:16 AM,0,0,0,0,518.37,130,54.06,Breakfast,0,0,1,7
S10640,2026-04-02,06:22 PM,Sarojini,Library,0,0,05:18 PM,07:34 PM,05:06 PM,08:28 PM,875.71,65,14.74,None,0,0,0,7
S10641,2026-04-15,02:13 PM,Sarojini,Library,0,0,01:45 PM,03:38 PM,01:31 PM,03:54 PM,975.63,145,23.51,None,1,0,0,7
S10642,2026-04-30,07:44 PM,Azad,Library,0,0,12:44 PM,08:58 PM,12:36 PM,09:51 PM,701.93,76,22.88,None,0,0,1,5
S10643,2026-04-23,12:32 AM,Yamuna,Hostel,0,0,0,0,0,0,106.51,161,29.68,None,0,0,1,5
S10644,2026-04-12,07:15 AM,Yamuna,Hostel,0,0,0,0,0,0,246.78,152,30.96,None,0,0,0,6
S10645,2026-04-09,01:29 AM,Sarojini,Outside,0,0,0,0,0,02:31 AM,241.1,100,6.02,None,0,0,0,8
S10646,2026-04-30,06:06 PM,Ganga,Library,0,0,01:56 PM,10:49 PM,01:46 PM,11:28 PM,584.9,112,16.44,None,0,0,1,5
S10647,2026-04-16,10:44 PM,Yamuna,Hostel,0,0,0,0,0,0,833.87,159,41.33,None,0,0,0,8
S10648,2026-04-26,11:59 PM,Sarojini,Library,0,0,09:26 PM,11:59 PM,09:12 PM,11:59 PM,709.61,63,19.91,None,0,0,1,8
S10649,2026-04-21,10:44 PM,Yamuna,Library,0,0,10:06 PM,11:59 PM,09:55 PM,11:59 PM,849.49,35,9.9,None,0,0,1,4
S10650,2026-05-01,10:21 AM,Sarojini,Library,0,0,10:21 AM,01:12 PM,10:02 AM,01:51 PM,933.0,147,28.61,None,0,0,0,6
S10651,2026-04-10,08:39 AM,Sarojini,Mess,08:21 AM,08:48 AM,0,0,0,0,608.51,180,57.71,Breakfast,0,0,0,7
S10652,2026-04-12,07:18 AM,Azad,Mess,07:09 AM,07:55 AM,0,0,0,0,373.61,140,36.8,Breakfast,0,0,0,5
S10653,2026-04-10,08:22 AM,Rajendra,Mess,08:03 AM,09:00 AM,0,0,0,0,365.72,162,33.58,Breakfast,0,0,0,7
S10654,2026-04-07,04:34 PM,Sarojini,Library,0,0,04:10 PM,05:05 PM,03:47 PM,05:59 PM,461.25,83,23.03,None,0,0,0,9
S10655,2026-04-05,01:10 AM,Yamuna,Outside,0,0,0,0,12:36 AM,02:50 AM,210.48,55,3.29,None,0,0,0,8
S10656,2026-04-24,12:33 PM,Ganga,Mess,12:08 PM,12:50 PM,0,0,0,0,507.74,166,40.7,Lunch,1,0,1,4
S10657,2026-04-14,08:54 AM,Sarojini,Mess,08:48 AM,09:26 AM,0,0,0,0,331.99,110,29.4,Breakfast,0,0,0,8
S10658,2026-04-23,07:46 AM,Yamuna,Mess,07:11 AM,07:49 AM,0,0,0,0,266.85,146,56.82,Breakfast,0,0,1,8
S10659,2026-04-22,09:07 AM,Azad,Mess,09:06 AM,09:35 AM,0,0,0,0,657.93,34,33.59,Breakfast,0,0,1,3
S10660,2026-04-04,09:50 PM,Yamuna,Mess,09:41 PM,10:29 PM,0,0,0,0,379.33,66,36.61,Dinner,0,0,0,8
S10661,2026-04-07,09:08 AM,Ganga,Classroom,0,0,0,0,08:29 AM,10:39 AM,161.57,142,16.45,None,1,1,0,14
S10662,2026-04-02,02:47 PM,Rajendra,Library,0,0,01:47 PM,04:43 PM,01:31 PM,05:37 PM,854.49,95,24.56,None,1,0,0,8
S10663,2026-04-08,08:19 PM,Rajendra,Mess,07:58 PM,08:26 PM,0,0,0,0,360.9,28,31.65,Dinner,0,0,0,5
S10664,2026-04-25,08:38 PM,Yamuna,Mess,08:14 PM,08:47 PM,0,0,0,0,385.67,151,39.13,Dinner,0,0,1,6
S10665,2026-04-18,09:38 AM,Azad,Outside,0,0,0,0,08:03 AM,12:24 PM,315.18,79,8.81,None,0,0,0,7
S10666,2026-04-28,06:00 PM,Rajendra,Library,0,0,11:33 AM,07:12 PM,11:15 AM,07:47 PM,620.34,86,12.57,None,0,0,1,5
S10667,2026-04-21,10:22 AM,Ganga,Hostel,0,0,0,0,0,0,212.55,134,31.68,None,1,1,1,6
S10668,2026-04-25,07:59 AM,Sarojini,Mess,07:31 AM,08:17 AM,0,0,0,0,314.13,15,28.97,Breakfast,0,0,1,6
S10669,2026-04-22,05:39 PM,Rajendra,Library,0,0,10:26 AM,06:14 PM,10:04 AM,06:43 PM,931.31,79,10.07,None,0,0,1,7
S10670,2026-04-28,01:28 PM,Sarojini,Library,0,0,12:51 PM,09:32 PM,12:43 PM,10:23 PM,799.35,154,32.34,None,1,0,1,6
S10671,2026-04-11,02:01 PM,Yamuna,Hostel,0,0,0,0,0,0,158.78,85,19.19,None,1,0,0,6
S10672,2026-04-05,02:12 PM,Sarojini,Library,0,0,01:15 PM,02:30 PM,12:48 PM,03:04 PM,906.65,13,15.25,None,1,0,0,7
S10673,2026-04-22,12:35 PM,Rajendra,Library,0,0,10:17 AM,04:12 PM,09:52 AM,04:51 PM,464.63,176,16.4,None,0,0,1,5
S10674,2026-04-17,12:26 PM,Sarojini,Library,0,0,10:37 AM,01:08 PM,10:26 AM,02:06 PM,643.55,76,21.59,None,1,0,0,6
S10675,2026-04-01,01:28 PM,Sarojini,Library,0,0,12:17 PM,02:18 PM,12:08 PM,03:06 PM,748.8,34,10.09,None,1,0,0,6
S10676,2026-04-09,04:52 PM,Sarojini,Classroom,0,0,0,0,04:12 PM,05:25 PM,278.82,135,7.39,None,1,1,0,8
S10677,2026-04-13,01:37 AM,Sarojini,Outside,0,0,0,0,0,02:37 AM,334.44,138,14.03,None,0,0,0,7
S10678,2026-04-20,09:25 PM,Ganga,Hostel,0,0,0,0,0,0,964.87,116,31.9,None,0,0,1,4
S10679,2026-04-28,08:20 AM,Sarojini,Hostel,0,0,0,0,0,0,102.7,127,30.4,None,0,0,1,6
S10680,2026-04-11,01:12 PM,Rajendra,Library,0,0,12:11 PM,01:24 PM,11:46 AM,02:07 PM,842.39,61,14.92,None,0,0,0,4
S10681,2026-04-08,10:11 AM,Yamuna,Mess,09:43 AM,10:19 AM,0,0,0,0,663.55,87,39.72,Breakfast,1,1,0,8
S10682,2026-04-10,08:09 AM,Yamuna,Mess,07:52 AM,08:40 AM,0,0,0,0,407.85,131,40.71,Breakfast,0,0,0,5
S10683,2026-04-17,09:28 AM,Azad,Hostel,0,0,0,0,0,0,371.53,196,35.62,None,0,0,0,6
S10684,2026-04-20,12:33 PM,Azad,Hostel,0,0,0,0,0,0,300.37,185,20.3,None,1,0,1,4
S10685,2026-04-26,03:15 PM,Azad,Mess,02:57 PM,03:48 PM,0,0,0,0,456.49,118,46.73,Lunch,0,0,1,4
S10686,2026-04-17,02:57 PM,Yamuna,Outside,0,0,0,0,02:08 PM,05:21 PM,278.72,77,4.93,None,1,0,0,7
S10687,2026-04-11,02:21 PM,Yamuna,Library,0,0,01:24 PM,02:45 PM,01:00 PM,03:13 PM,772.1,73,10.92,None,0,0,0,6
S10688,2026-04-02,09:44 PM,Azad,Mess,09:33 PM,10:18 PM,0,0,0,0,493.45,88,38.39,Dinner,0,0,0,7
S10689,2026-04-10,01:26 PM,Rajendra,Library,0,0,12:56 PM,02:00 PM,12:42 PM,02:46 PM,771.76,98,24.45,None,1,0,0,9
S10690,2026-04-12,04:53 AM,Sarojini,Outside,0,0,0,0,03:22 AM,05:56 AM,194.94,198,17.25,None,0,0,0,9
S10691,2026-04-26,03:15 PM,Sarojini,Hostel,0,0,0,0,0,0,100.36,135,30.47,None,1,0,1,6
S10692,2026-04-10,02:13 PM,Sarojini,Mess,01:59 PM,02:28 PM,0,0,0,0,457.06,49,40.14,Lunch,1,0,0,6
S10693,2026-04-28,01:59 PM,Azad,Mess,01:56 PM,02:22 PM,0,0,0,0,390.38,126,52.54,Lunch,1,0,1,5
S10694,2026-04-07,10:03 PM,Sarojini,Mess,09:48 PM,10:09 PM,0,0,0,0,371.28,138,39.9,Dinner,0,0,0,6
S10695,2026-04-24,04:04 AM,Azad,Outside,0,0,0,0,02:43 AM,06:32 AM,113.42,198,22.28,None,0,0,1,4
S10696,2026-04-13,10:32 PM,Sarojini,Hostel,0,0,0,0,0,0,1033.36,148,28.48,None,0,0,0,8
S10697,2026-04-14,05:37 AM,Azad,Outside,0,0,0,0,04:22 AM,07:35 AM,301.17,80,8.71,None,0,0,0,8
S10698,2026-04-27,11:31 AM,Yamuna,Library,0,0,11:17 AM,05:22 PM,10:49 AM,06:19 PM,925.67,193,31.13,None,1,0,1,5
S10699,2026-04-17,08:29 PM,Ganga,Library,0,0,08:19 PM,08:51 PM,08:09 PM,09:39 PM,711.19,97,16.04,None,0,0,0,8
S10700,2026-04-28,01:25 PM,Rajendra,Library,0,0,12:09 PM,08:15 PM,11:43 AM,08:49 PM,708.14,47,17.22,None,1,0,1,5
S10701,2026-04-11,09:03 AM,Ganga,Mess,08:56 AM,09:30 AM,0,0,0,0,540.28,70,39.31,Breakfast,0,0,0,7
S10702,2026-05-01,07:22 PM,Azad,Library,0,0,04:57 PM,07:22 PM,04:38 PM,07:50 PM,1039.02,30,12.08,None,0,0,0,7
S10703,2026-04-06,02:08 PM,Sarojini,Library,0,0,01:36 PM,04:28 PM,01:13 PM,05:24 PM,503.73,34,13.24,None,1,0,0,7
S10704,2026-04-23,08:21 PM,Rajendra,Library,0,0,07:21 PM,11:59 PM,06:55 PM,11:59 PM,740.81,134,16.01,None,0,0,1,6
S10705,2026-04-21,03:13 PM,Rajendra,Hostel,0,0,0,0,0,0,187.72,18,22.21,None,1,0,1,5
S10706,2026-04-10,11:14 PM,Sarojini,Library,0,0,09:52 PM,11:59 PM,09:43 PM,11:59 PM,712.96,182,29.78,None,0,0,0,7
S10707,2026-04-26,12:55 PM,Yamuna,Mess,12:53 PM,01:29 PM,0,0,0,0,498.91,91,38.28,Lunch,1,0,1,4
S10708,2026-04-22,01:57 PM,Sarojini,Library,0,0,01:06 PM,08:39 PM,12:53 PM,09:26 PM,441.61,127,14.9,None,0,0,1,7
S10709,2026-04-16,01:37 PM,Sarojini,Mess,01:06 PM,02:03 PM,0,0,0,0,266.29,19,28.6,Lunch,0,0,0,7
S10710,2026-04-15,07:14 PM,Azad,Outside,0,0,0,0,05:41 PM,08:58 PM,137.34,105,7.49,None,0,0,0,8
S10711,2026-04-04,02:05 PM,Rajendra,Mess,01:37 PM,02:14 PM,0,0,0,0,569.2,164,44.39,Lunch,1,0,0,7
S10712,2026-04-03,09:11 AM,Rajendra,Classroom,0,0,0,0,08:45 AM,10:08 AM,296.34,165,24.54,None,1,1,0,7
S10713,2026-04-12,11:39 AM,Ganga,Classroom,0,0,0,0,11:27 AM,12:19 PM,120.49,42,2.94,None,1,0,0,8
S10714,2026-04-19,05:20 PM,Sarojini,Library,0,0,04:48 PM,06:06 PM,04:35 PM,06:22 PM,642.99,28,13.77,None,0,0,0,7
S10715,2026-04-05,08:49 PM,Ganga,Library,0,0,06:33 PM,09:23 PM,06:14 PM,09:40 PM,680.07,127,20.6,None,0,0,0,7
S10716,2026-04-27,02:22 PM,Ganga,Library,0,0,10:50 AM,05:10 PM,10:32 AM,05:21 PM,821.81,53,8.56,None,1,0,1,7
S10717,2026-04-09,12:56 PM,Ganga,Outside,0,0,0,0,11:17 AM,02:13 PM,376.64,164,21.82,None,0,0,0,6
S10718,2026-04-20,02:48 AM,Yamuna,Outside,0,0,0,0,01:36 AM,05:22 AM,355.98,184,16.8,None,0,0,1,3
S10719,2026-04-22,02:21 PM,Ganga,Mess,02:17 PM,02:51 PM,0,0,0,0,540.05,152,42.99,Lunch,0,0,1,6
S10720,2026-04-15,07:30 AM,Sarojini,Mess,07:12 AM,07:53 AM,0,0,0,0,280.85,58,36.78,Breakfast,0,0,0,7
S10721,2026-04-22,02:48 PM,Ganga,Hostel,0,0,0,0,0,0,127.37,162,42.72,None,0,0,1,4
S10722,2026-04-10,02:20 PM,Yamuna,Library,0,0,01:38 PM,02:54 PM,01:25 PM,03:26 PM,707.22,135,26.76,None,0,0,0,4
S10723,2026-04-28,06:57 PM,Rajendra,Outside,0,0,0,0,05:26 PM,08:33 PM,125.92,60,4.0,None,0,0,1,4
S10724,2026-04-03,11:43 PM,Sarojini,Hostel,0,0,0,0,0,0,1084.13,159,37.2,None,0,0,0,7
S10725,2026-04-23,09:00 PM,Yamuna,Library,0,0,04:35 PM,10:31 PM,04:06 PM,10:52 PM,985.45,47,17.09,None,0,0,1,6
S10726,2026-04-30,12:52 AM,Sarojini,Outside,0,0,0,0,12:02 AM,03:18 AM,380.19,37,5.38,None,0,0,1,7
S10727,2026-04-12,07:21 PM,Ganga,Library,0,0,07:07 PM,08:01 PM,07:01 PM,08:36 PM,806.15,83,16.69,None,0,0,0,10
S10728,2026-04-18,10:12 PM,Azad,Hostel,0,0,0,0,0,0,664.68,60,26.07,None,0,0,0,7
S10729,2026-04-24,12:04 PM,Sarojini,Hostel,0,0,0,0,0,0,151.65,133,19.75,None,0,0,1,4
S10730,2026-04-19,10:13 PM,Sarojini,Mess,09:57 PM,10:22 PM,0,0,0,0,330.98,95,28.75,Dinner,0,0,0,7
S10731,2026-04-15,08:06 PM,Ganga,Mess,07:48 PM,08:11 PM,0,0,0,0,501.43,25,34.38,Dinner,0,0,0,8
S10732,2026-04-19,07:08 AM,Ganga,Outside,0,0,0,0,05:48 AM,08:47 AM,271.77,189,16.41,None,0,0,0,6
S10733,2026-04-12,02:54 AM,Yamuna,Hostel,0,0,0,0,0,0,225.26,137,33.6,None,0,0,0,7
S10734,2026-04-01,02:45 AM,Rajendra,Outside,0,0,0,0,01:12 AM,04:35 AM,207.82,125,13.94,None,0,0,0,8
S10735,2026-04-27,11:10 PM,Yamuna,Library,0,0,03:15 PM,11:12 PM,02:54 PM,11:57 PM,721.14,163,24.87,None,0,0,1,4
S10736,2026-04-23,04:57 PM,Ganga,Library,0,0,12:49 PM,07:19 PM,12:34 PM,07:44 PM,649.08,198,30.98,None,0,0,1,5
S10737,2026-04-11,09:51 AM,Azad,Mess,09:41 AM,10:36 AM,0,0,0,0,542.48,139,40.35,Breakfast,1,1,0,8
S10738,2026-05-01,12:26 PM,Azad,Outside,0,0,0,0,10:54 AM,03:15 PM,399.38,159,14.78,None,1,0,0,8
S10739,2026-04-19,10:13 PM,Sarojini,Library,0,0,10:13 PM,11:59 PM,09:46 PM,11:59 PM,1015.34,35,11.35,None,0,0,0,8
S10740,2026-04-28,12:55 PM,Azad,Mess,12:21 PM,01:21 PM,0,0,0,0,336.48,160,39.81,Lunch,1,0,1,5
S10741,2026-04-12,10:12 PM,Rajendra,Library,0,0,09:19 PM,10:20 PM,09:10 PM,10:30 PM,1049.58,45,12.47,None,0,0,0,5
S10742,2026-04-09,12:49 PM,Rajendra,Mess,12:18 PM,01:13 PM,0,0,0,0,344.09,106,42.72,Lunch,1,0,0,7
S10743,2026-04-05,10:49 PM,Sarojini,Hostel,0,0,0,0,0,0,1356.6,79,25.25,None,0,0,0,8
S10744,2026-04-25,08:01 AM,Azad,Mess,07:22 AM,08:05 AM,0,0,0,0,382.74,196,32.66,Breakfast,0,0,1,4
S10745,2026-04-04,01:09 AM,Yamuna,Outside,0,0,0,0,0,04:08 AM,184.59,105,11.39,None,0,0,0,6
S10746,2026-04-02,03:07 PM,Azad,Library,0,0,01:00 PM,03:51 PM,12:45 PM,04:08 PM,746.74,105,27.4,None,1,0,0,7
S10747,2026-04-01,09:31 AM,Rajendra,Outside,0,0,0,0,08:19 AM,11:10 AM,141.26,158,17.41,None,0,0,0,8
S10748,2026-04-23,10:39 PM,Ganga,Library,0,0,09:56 PM,11:59 PM,09:38 PM,11:59 PM,744.82,83,20.17,None,0,0,1,8
S10749,2026-04-01,11:15 PM,Ganga,Library,0,0,10:48 PM,11:34 PM,10:37 PM,11:59 PM,463.47,160,26.05,None,0,0,0,6
S10750,2026-04-30,09:55 PM,Rajendra,Mess,09:35 PM,09:59 PM,0,0,0,0,617.67,56,44.47,Dinner,0,0,1,6
S10751,2026-04-24,10:41 PM,Sarojini,Library,0,0,10:11 PM,11:59 PM,10:01 PM,11:59 PM,829.92,54,18.83,None,0,0,1,6
S10752,2026-04-09,09:26 AM,Sarojini,Mess,09:20 AM,09:40 AM,0,0,0,0,342.03,79,37.99,Breakfast,1,1,0,7
S10753,2026-04-30,08:27 PM,Yamuna,Mess,08:05 PM,08:41 PM,0,0,0,0,243.56,177,49.59,Dinner,0,0,1,4
S10754,2026-04-07,08:29 PM,Azad,Mess,08:21 PM,08:52 PM,0,0,0,0,309.06,57,44.05,Dinner,0,0,0,7
S10755,2026-04-15,09:43 PM,Azad,Library,0,0,08:59 PM,10:45 PM,08:44 PM,10:58 PM,752.23,93,20.71,None,0,0,0,6
S10756,2026-04-30,09:26 PM,Rajendra,Outside,0,0,0,0,07:49 PM,11:59 PM,329.6,103,5.84,None,0,0,1,6
S10757,2026-04-17,10:06 AM,Ganga,Library,0,0,09:10 AM,11:23 AM,08:52 AM,11:33 AM,762.0,114,13.33,None,1,1,0,7
S10758,2026-04-30,08:36 PM,Sarojini,Hostel,0,0,0,0,0,0,1351.09,35,27.4,None,0,0,1,4
S10759,2026-04-03,08:28 PM,Azad,Library,0,0,06:48 PM,09:27 PM,06:39 PM,10:11 PM,595.58,42,12.26,None,0,0,0,5
S10760,2026-04-23,12:37 AM,Sarojini,Hostel,0,0,0,0,0,0,329.93,15,18.67,None,0,0,1,8
S10761,2026-04-24,09:09 PM,Sarojini,Mess,08:31 PM,09:11 PM,0,0,0,0,583.31,192,52.54,Dinner,0,0,1,6
S10762,2026-04-25,07:31 PM,Azad,Outside,0,0,0,0,05:42 PM,10:01 PM,248.61,54,6.32,None,0,0,1,3
S10763,2026-04-18,10:02 AM,Azad,Classroom,0,0,0,0,09:22 AM,11:04 AM,167.14,106,7.67,None,1,1,0,9
S10764,2026-04-30,08:40 AM,Yamuna,Mess,08:30 AM,09:16 AM,0,0,0,0,287.21,147,44.1,Breakfast,0,0,1,7
S10765,2026-04-18,09:29 AM,Yamuna,Mess,09:23 AM,09:56 AM,0,0,0,0,389.78,95,45.91,Breakfast,1,1,0,4
S10766,2026-04-25,11:19 PM,Rajendra,Outside,0,0,0,0,10:38 PM,11:59 PM,200.24,107,6.67,None,0,0,1,5
S10767,2026-04-28,10:08 PM,Rajendra,Library,0,0,09:20 PM,11:59 PM,08:55 PM,11:59 PM,633.85,141,20.91,None,0,0,1,5
S10768,2026-04-24,08:39 AM,Azad,Mess,08:16 AM,08:50 AM,0,0,0,0,529.14,172,40.01,Breakfast,0,0,1,5
S10769,2026-04-07,10:56 AM,Sarojini,Library,0,0,10:30 AM,11:36 AM,10:02 AM,12:16 PM,808.48,164,26.98,None,0,0,0,7
S10770,2026-04-10,02:21 AM,Yamuna,Outside,0,0,0,0,01:25 AM,04:28 AM,249.99,187,16.51,None,0,0,0,5
S10771,2026-04-29,03:53 AM,Azad,Hostel,0,0,0,0,0,0,287.45,174,34.66,None,0,0,1,3
S10772,2026-04-11,07:58 AM,Rajendra,Mess,07:51 AM,08:34 AM,0,0,0,0,328.24,39,23.34,Breakfast,0,0,0,4
S10773,2026-04-15,10:19 PM,Yamuna,Hostel,0,0,0,0,0,0,1416.81,23,24.71,None,0,0,0,6
S10774,2026-04-30,07:15 PM,Azad,Library,0,0,02:19 PM,07:19 PM,01:52 PM,07:35 PM,713.34,100,23.13,None,0,0,1,5
S10775,2026-04-08,02:52 PM,Yamuna,Mess,02:24 PM,03:04 PM,0,0,0,0,350.34,97,31.29,Lunch,1,0,0,5
S10776,2026-04-24,08:12 PM,Sarojini,Mess,08:00 PM,08:45 PM,0,0,0,0,626.13,166,57.74,Dinner,0,0,1,6
S10777,2026-04-29,10:08 AM,Ganga,Library,0,0,10:04 AM,03:09 PM,09:52 AM,03:48 PM,566.42,147,18.33,None,0,0,1,5
S10778,2026-04-05,09:26 PM,Ganga,Outside,0,0,0,0,07:37 PM,10:39 PM,376.76,193,11.99,None,0,0,0,8
S10779,2026-04-06,10:17 PM,Azad,Library,0,0,09:09 PM,11:04 PM,08:47 PM,11:27 PM,713.02,26,16.04,None,0,0,0,8
S10780,2026-04-24,01:33 PM,Ganga,Mess,01:13 PM,01:39 PM,0,0,0,0,332.51,138,51.66,Lunch,1,0,1,8
S10781,2026-04-05,07:22 AM,Sarojini,Hostel,0,0,0,0,0,0,296.15,176,31.96,None,0,0,0,6
S10782,2026-04-24,09:25 PM,Yamuna,Mess,09:22 PM,10:19 PM,0,0,0,0,327.17,55,41.53,Dinner,0,0,1,7
S10783,2026-04-09,08:54 PM,Rajendra,Mess,08:37 PM,09:33 PM,0,0,0,0,307.92,138,41.03,Dinner,0,0,0,10
S10784,2026-04-20,11:07 PM,Sarojini,Library,0,0,06:11 PM,11:59 PM,05:41 PM,11:59 PM,936.06,64,16.17,None,0,0,1,7
S10785,2026-04-21,01:11 PM,Sarojini,Mess,12:59 PM,01:20 PM,0,0,0,0,252.42,36,42.02,Lunch,0,0,1,7
S10786,2026-04-14,02:20 PM,Rajendra,Library,0,0,01:19 PM,02:57 PM,01:13 PM,03:48 PM,759.26,160,23.84,None,0,0,0,6
S10787,2026-04-05,12:29 PM,Sarojini,Classroom,0,0,0,0,12:00 PM,02:08 PM,263.61,56,5.79,None,1,0,0,7
S10788,2026-04-01,06:35 PM,Azad,Outside,0,0,0,0,04:54 PM,09:26 PM,119.14,31,1.83,None,0,0,0,8
S10789,2026-04-06,02:34 PM,Rajendra,Library,0,0,01:36 PM,03:12 PM,01:26 PM,03:31 PM,575.02,100,27.31,None,1,0,0,6
S10790,2026-04-15,09:24 AM,Sarojini,Library,0,0,09:22 AM,09:56 AM,09:17 AM,10:28 AM,682.7,68,18.96,None,1,1,0,14
S10791,2026-04-15,10:28 AM,Rajendra,Library,0,0,09:13 AM,10:38 AM,09:00 AM,11:10 AM,671.71,101,26.31,None,0,0,0,3
S10792,2026-04-20,05:14 PM,Yamuna,Hostel,0,0,0,0,0,0,210.12,143,29.15,None,0,0,1,5
S10793,2026-04-10,10:22 PM,Ganga,Mess,09:47 PM,10:30 PM,0,0,0,0,606.04,142,29.47,Dinner,0,0,0,7
S10794,2026-04-14,10:24 PM,Sarojini,Library,0,0,08:43 PM,11:08 PM,08:19 PM,11:56 PM,793.56,184,35.27,None,0,0,0,7
S10795,2026-04-11,04:59 PM,Yamuna,Library,0,0,04:05 PM,05:16 PM,03:58 PM,06:01 PM,995.33,165,36.42,None,1,1,0,8
S10796,2026-04-30,10:13 PM,Azad,Mess,09:53 PM,10:29 PM,0,0,0,0,552.75,91,49.08,Dinner,0,0,1,6
S10797,2026-05-01,10:17 PM,Rajendra,Mess,09:49 PM,10:42 PM,0,0,0,0,519.09,145,40.23,Dinner,0,0,0,7
S10798,2026-04-10,09:13 AM,Sarojini,Mess,09:13 AM,10:04 AM,0,0,0,0,485.61,35,42.88,Breakfast,1,1,0,7
S10799,2026-04-01,06:16 AM,Yamuna,Outside,0,0,0,0,04:47 AM,08:38 AM,293.12,111,7.38,None,0,0,0,7
S10800,2026-04-05,09:52 AM,Ganga,Library,0,0,09:16 AM,11:00 AM,08:55 AM,11:39 AM,1042.75,23,8.52,None,0,0,0,12
S10801,2026-04-19,06:13 PM,Sarojini,Library,0,0,06:02 PM,07:16 PM,05:52 PM,07:50 PM,827.83,94,21.68,None,0,0,0,7
S10802,2026-04-25,03:26 PM,Ganga,Library,0,0,12:56 PM,06:48 PM,12:39 PM,07:05 PM,840.05,171,31.46,None,0,0,1,5
S10803,2026-04-18,11:14 AM,Azad,Library,0,0,11:07 AM,11:47 AM,10:42 AM,12:21 PM,887.09,97,14.85,None,0,0,0,7
S10804,2026-04-05,10:16 PM,Sarojini,Outside,0,0,0,0,08:50 PM,11:59 PM,206.5,104,7.34,None,0,0,0,8
S10805,2026-04-08,01:02 PM,Ganga,Library,0,0,12:57 PM,01:30 PM,12:41 PM,01:42 PM,1017.17,147,28.72,None,0,0,0,3
S10806,2026-04-25,10:05 AM,Yamuna,Outside,0,0,0,0,09:22 AM,01:00 PM,219.86,102,14.08,None,1,1,1,7
S10807,2026-04-02,02:41 PM,Sarojini,Mess,02:32 PM,02:52 PM,0,0,0,0,428.6,94,30.96,Lunch,1,0,0,6
S10808,2026-04-04,02:09 PM,Yamuna,Library,0,0,02:00 PM,03:32 PM,01:50 PM,03:53 PM,720.94,139,24.43,None,0,0,0,7
S10809,2026-04-01,05:23 AM,Sarojini,Outside,0,0,0,0,03:36 AM,06:29 AM,236.42,153,11.17,None,0,0,0,7
S10810,2026-04-10,10:41 AM,Yamuna,Library,0,0,10:32 AM,11:57 AM,10:16 AM,12:19 PM,715.77,108,26.72,None,1,1,0,9
S10811,2026-04-10,08:26 AM,Ganga,Classroom,0,0,0,0,08:13 AM,10:02 AM,353.09,18,1.43,None,1,1,0,7
S10812,2026-04-20,09:02 PM,Yamuna,Mess,08:09 PM,09:09 PM,0,0,0,0,611.33,111,38.81,Dinner,0,0,1,3
S10813,2026-04-30,04:27 PM,Yamuna,Outside,0,0,0,0,03:32 PM,06:52 PM,146.68,20,2.89,None,1,1,1,5
S10814,2026-04-03,02:33 PM,Ganga,Mess,02:31 PM,02:51 PM,0,0,0,0,544.62,119,39.72,Lunch,0,0,0,5
S10815,2026-04-13,11:20 AM,Rajendra,Library,0,0,11:18 AM,01:11 PM,11:05 AM,01:42 PM,488.71,174,36.36,None,0,0,0,8
S10816,2026-04-16,09:27 AM,Rajendra,Mess,09:04 AM,10:02 AM,0,0,0,0,404.55,48,32.83,Breakfast,1,1,0,7
S10817,2026-04-21,08:06 PM,Rajendra,Mess,07:19 PM,08:07 PM,0,0,0,0,263.95,33,26.01,Dinner,0,0,1,5
S10818,2026-04-05,12:37 PM,Yamuna,Mess,12:13 PM,12:40 PM,0,0,0,0,688.95,71,32.19,Lunch,1,0,0,7
S10819,2026-04-06,02:10 PM,Azad,Library,0,0,01:44 PM,02:29 PM,01:38 PM,02:43 PM,1027.57,92,19.37,None,1,0,0,6
S10820,2026-04-17,03:46 PM,Yamuna,Library,0,0,01:15 PM,03:58 PM,01:06 PM,04:37 PM,855.67,123,22.81,None,1,0,0,8
S10821,2026-04-17,04:43 PM,Sarojini,Library,0,0,03:32 PM,04:53 PM,03:09 PM,05:23 PM,600.09,22,8.59,None,0,0,0,7
S10822,2026-04-04,08:23 AM,Ganga,Mess,08:10 AM,09:00 AM,0,0,0,0,271.19,152,48.38,Breakfast,0,0,0,7
S10823,2026-04-24,09:21 AM,Sarojini,Mess,08:54 AM,09:23 AM,0,0,0,0,545.82,161,47.11,Breakfast,0,0,1,5
S10824,2026-04-12,02:33 PM,Ganga,Mess,02:27 PM,03:12 PM,0,0,0,0,475.24,110,43.46,Lunch,0,0,0,7
S10825,2026-04-22,12:40 PM,Rajendra,Mess,12:34 PM,01:22 PM,0,0,0,0,337.12,169,47.22,Lunch,1,0,1,3
S10826,2026-04-23,04:38 AM,Sarojini,Outside,0,0,0,0,03:36 AM,06:03 AM,244.76,106,9.74,None,0,0,1,4
S10827,2026-04-17,11:18 PM,Azad,Library,0,0,10:39 PM,11:59 PM,10:26 PM,11:59 PM,725.38,141,27.56,None,0,0,0,6
S10828,2026-04-11,11:56 AM,Azad,Library,0,0,11:56 AM,12:27 PM,11:40 AM,12:47 PM,559.42,83,12.72,None,0,0,0,6
S10829,2026-04-12,07:26 AM,Yamuna,Hostel,0,0,0,0,0,0,202.49,117,24.52,None,0,0,0,15
S10830,2026-04-05,08:49 PM,Sarojini,Hostel,0,0,0,0,0,0,964.96,54,25.32,None,0,0,0,6
S10831,2026-04-25,06:02 AM,Ganga,Outside,0,0,0,0,04:40 AM,07:24 AM,132.82,192,23.29,None,0,0,1,5
S10832,2026-04-15,07:05 PM,Yamuna,Library,0,0,07:01 PM,08:12 PM,06:32 PM,08:50 PM,569.54,46,17.86,None,0,0,0,4
S10833,2026-04-11,09:33 PM,Ganga,Library,0,0,06:51 PM,09:40 PM,06:44 PM,10:22 PM,985.88,30,13.44,None,0,0,0,8
S10834,2026-05-01,08:03 AM,Yamuna,Mess,07:50 AM,08:12 AM,0,0,0,0,537.1,184,48.53,Breakfast,0,0,0,7
S10835,2026-04-01,10:09 PM,Rajendra,Hostel,0,0,0,0,0,0,1247.78,67,23.0,None,0,0,0,7
S10836,2026-04-02,09:38 AM,Rajendra,Hostel,0,0,0,0,0,0,111.89,44,28.01,None,0,0,0,8
S10837,2026-04-29,10:06 AM,Yamuna,Classroom,0,0,0,0,09:34 AM,11:08 AM,302.65,25,1.99,None,1,1,1,6
S10838,2026-04-14,04:40 PM,Rajendra,Library,0,0,04:00 PM,06:47 PM,03:48 PM,07:15 PM,944.38,71,21.45,None,1,1,0,4
S10839,2026-04-08,07:50 AM,Ganga,Hostel,0,0,0,0,0,0,142.94,177,34.56,None,0,0,0,10
S10840,2026-04-10,01:56 PM,Yamuna,Hostel,0,0,0,0,0,0,203.26,78,22.94,None,0,0,0,5
S10841,2026-04-20,09:38 PM,Rajendra,Outside,0,0,0,0,09:07 PM,11:37 PM,161.71,98,5.85,None,0,0,1,4
S10842,2026-04-11,07:34 AM,Sarojini,Hostel,0,0,0,0,0,0,133.64,151,27.27,None,0,0,0,9
S10843,2026-04-10,07:32 AM,Ganga,Mess,07:24 AM,07:48 AM,0,0,0,0,631.12,17,26.5,Breakfast,0,0,0,6
S10844,2026-04-03,10:36 PM,Yamuna,Outside,0,0,0,0,09:10 PM,11:59 PM,217.6,141,19.55,None,0,0,0,9
S10845,2026-04-12,07:48 AM,Yamuna,Mess,07:29 AM,07:59 AM,0,0,0,0,421.91,200,67.8,Breakfast,0,0,0,7
S10846,2026-04-02,10:23 AM,Sarojini,Outside,0,0,0,0,08:24 AM,01:05 PM,374.73,82,4.12,None,0,0,0,12
S10847,2026-04-09,02:22 PM,Rajendra,Classroom,0,0,0,0,01:48 PM,03:32 PM,162.38,185,12.29,None,1,0,0,7
S10848,2026-04-17,01:29 PM,Yamuna,Classroom,0,0,0,0,01:08 PM,02:41 PM,380.53,74,3.83,None,1,0,0,6
S10849,2026-04-18,09:25 AM,Sarojini,Library,0,0,09:25 AM,12:22 PM,09:20 AM,12:57 PM,416.84,191,32.37,None,0,0,0,4
S10850,2026-04-14,11:48 AM,Ganga,Classroom,0,0,0,0,11:38 AM,01:26 PM,277.25,47,5.72,None,1,0,0,6
S10851,2026-04-21,08:28 PM,Rajendra,Mess,08:19 PM,08:54 PM,0,0,0,0,570.37,116,48.3,Dinner,0,0,1,5
S10852,2026-04-20,08:12 PM,Sarojini,Mess,07:41 PM,08:18 PM,0,0,0,0,604.6,14,34.07,Dinner,0,0,1,5
S10853,2026-04-20,04:37 AM,Ganga,Hostel,0,0,0,0,0,0,279.18,176,22.54,None,0,0,1,4
S10854,2026-04-25,10:19 AM,Yamuna,Mess,09:53 AM,10:32 AM,0,0,0,0,333.99,155,37.6,Breakfast,0,0,1,5
S10855,2026-04-29,10:14 AM,Rajendra,Mess,09:35 AM,10:25 AM,0,0,0,0,555.02,190,63.23,Breakfast,1,1,1,7
S10856,2026-04-24,01:04 PM,Ganga,Mess,12:50 PM,01:29 PM,0,0,0,0,412.62,58,39.28,Lunch,1,0,1,5
S10857,2026-04-28,10:19 PM,Rajendra,Mess,09:55 PM,10:27 PM,0,0,0,0,268.39,74,45.08,Dinner,0,0,1,5
S10858,2026-04-12,02:14 PM,Azad,Library,0,0,12:06 PM,03:01 PM,11:58 AM,04:00 PM,496.79,150,23.71,None,0,0,0,10
S10859,2026-04-25,07:28 PM,Sarojini,Library,0,0,01:13 PM,08:56 PM,12:43 PM,09:22 PM,730.37,19,14.28,None,0,0,1,5
S10860,2026-04-20,06:13 PM,Rajendra,Library,0,0,12:15 PM,08:32 PM,12:00 PM,08:47 PM,780.03,181,20.57,None,0,0,1,8
S10861,2026-04-17,09:05 PM,Sarojini,Library,0,0,06:36 PM,09:32 PM,06:22 PM,09:52 PM,450.66,196,27.06,None,0,0,0,7
S10862,2026-04-24,11:50 PM,Yamuna,Library,0,0,10:49 PM,11:59 PM,10:26 PM,11:59 PM,810.76,95,19.8,None,0,0,1,4
S10863,2026-04-28,11:16 PM,Azad,Outside,0,0,0,0,10:36 PM,11:59 PM,343.85,32,2.03,None,0,0,1,7
S10864,2026-04-09,03:18 PM,Rajendra,Library,0,0,02:58 PM,03:51 PM,02:36 PM,04:28 PM,693.71,200,31.13,None,0,0,0,7
S10865,2026-04-19,07:48 PM,Ganga,Mess,07:36 PM,08:05 PM,0,0,0,0,369.96,74,43.11,Dinner,0,0,0,6
S10866,2026-04-19,05:19 PM,Rajendra,Outside,0,0,0,0,04:12 PM,08:06 PM,229.56,80,9.85,None,0,0,0,9
S10867,2026-04-20,08:32 AM,Rajendra,Mess,07:53 AM,08:41 AM,0,0,0,0,610.72,62,30.0,Breakfast,0,0,1,4
S10868,2026-04-03,02:52 PM,Rajendra,Library,0,0,02:35 PM,05:28 PM,02:14 PM,05:57 PM,592.63,28,14.05,None,0,0,0,5
S10869,2026-04-15,02:25 PM,Azad,Mess,02:19 PM,02:52 PM,0,0,0,0,320.98,103,46.28,Lunch,1,0,0,8
S10870,2026-04-25,08:01 PM,Ganga,Outside,0,0,0,0,07:05 PM,09:35 PM,316.23,171,14.01,None,0,0,1,4
S10871,2026-04-06,06:31 PM,Rajendra,Library,0,0,05:47 PM,07:23 PM,05:30 PM,07:43 PM,885.01,59,17.14,None,0,0,0,6
S10872,2026-04-03,03:27 PM,Sarojini,Mess,02:39 PM,03:29 PM,0,0,0,0,437.98,167,54.73,Lunch,1,0,0,7
S10873,2026-04-10,06:07 PM,Azad,Library,0,0,04:38 PM,07:16 PM,04:28 PM,07:27 PM,827.67,113,14.18,None,0,0,0,8
S10874,2026-04-24,08:39 PM,Azad,Library,0,0,07:58 PM,11:59 PM,07:38 PM,11:59 PM,795.9,179,23.37,None,0,0,1,8
S10875,2026-04-19,11:04 PM,Sarojini,Library,0,0,09:29 PM,11:59 PM,09:05 PM,11:59 PM,696.39,27,16.47,None,0,0,0,9
S10876,2026-04-30,12:51 PM,Ganga,Classroom,0,0,0,0,12:34 PM,02:35 PM,214.07,48,4.19,None,1,0,1,5
S10877,2026-04-10,01:46 PM,Azad,Library,0,0,12:56 PM,03:46 PM,12:30 PM,04:43 PM,975.65,73,17.2,None,0,0,0,7
S10878,2026-04-14,05:34 AM,Azad,Hostel,0,0,0,0,0,0,361.12,34,26.3,None,0,0,0,9
S10879,2026-04-23,01:11 PM,Azad,Mess,12:21 PM,01:11 PM,0,0,0,0,331.5,149,53.15,Lunch,0,0,1,4
S10880,2026-04-30,08:26 PM,Yamuna,Mess,08:10 PM,08:45 PM,0,0,0,0,390.86,43,43.15,Dinner,0,0,1,4
S10881,2026-04-08,09:42 PM,Sarojini,Mess,09:27 PM,10:10 PM,0,0,0,0,344.02,66,28.72,Dinner,0,0,0,10
S10882,2026-04-25,09:47 AM,Rajendra,Mess,09:24 AM,09:47 AM,0,0,0,0,455.36,102,53.47,Breakfast,1,1,1,7
S10883,2026-04-21,02:19 PM,Azad,Library,0,0,12:09 PM,05:56 PM,11:58 AM,06:27 PM,743.66,189,27.37,None,0,0,1,7
S10884,2026-04-05,02:20 PM,Azad,Mess,02:03 PM,02:25 PM,0,0,0,0,679.9,74,32.82,Lunch,1,0,0,8
S10885,2026-04-19,06:20 PM,Yamuna,Library,0,0,05:52 PM,06:46 PM,05:46 PM,06:59 PM,1012.35,108,20.42,None,0,0,0,8
S10886,2026-04-01,03:35 AM,Yamuna,Outside,0,0,0,0,01:45 AM,05:07 AM,135.53,45,6.11,None,0,0,0,9
S10887,2026-04-15,09:06 AM,Ganga,Outside,0,0,0,0,07:32 AM,12:05 PM,283.9,58,5.47,None,1,1,0,6
S10888,2026-04-07,03:11 PM,Azad,Mess,02:47 PM,03:19 PM,0,0,0,0,601.15,112,36.34,Lunch,0,0,0,7
S10889,2026-04-10,10:03 AM,Sarojini,Library,0,0,09:36 AM,11:15 AM,09:14 AM,11:29 AM,1018.14,100,25.85,None,0,0,0,6
S10890,2026-04-20,12:29 PM,Azad,Mess,12:20 PM,12:55 PM,0,0,0,0,638.87,66,31.76,Lunch,1,0,1,4
S10891,2026-04-08,03:27 PM,Rajendra,Mess,02:44 PM,03:34 PM,0,0,0,0,452.53,83,43.05,Lunch,0,0,0,5
S10892,2026-04-24,02:44 PM,Sarojini,Classroom,0,0,0,0,02:15 PM,03:57 PM,133.34,168,23.48,None,1,0,1,3
S10893,2026-04-06,11:06 PM,Sarojini,Library,0,0,10:29 PM,11:59 PM,10:24 PM,11:59 PM,1036.24,170,32.73,None,0,0,0,7
S10894,2026-04-04,02:17 PM,Rajendra,Mess,02:09 PM,03:02 PM,0,0,0,0,396.75,23,42.04,Lunch,0,0,0,7
S10895,2026-04-11,02:00 PM,Yamuna,Library,0,0,01:09 PM,02:57 PM,12:41 PM,03:38 PM,790.8,36,9.69,None,0,0,0,10
S10896,2026-04-13,01:01 PM,Ganga,Mess,12:49 PM,01:13 PM,0,0,0,0,521.94,192,59.47,Lunch,0,0,0,6
S10897,2026-04-17,02:18 PM,Azad,Mess,02:12 PM,02:57 PM,0,0,0,0,492.22,75,25.24,Lunch,1,0,0,8
S10898,2026-04-08,11:38 AM,Sarojini,Library,0,0,10:10 AM,12:00 PM,09:56 AM,12:16 PM,606.83,189,33.77,None,1,0,0,7
S10899,2026-04-21,12:57 PM,Rajendra,Mess,12:26 PM,01:16 PM,0,0,0,0,620.59,124,50.22,Lunch,0,0,1,6
S10900,2026-04-22,07:55 AM,Rajendra,Mess,07:12 AM,08:02 AM,0,0,0,0,436.8,164,43.8,Breakfast,0,0,1,6
S10901,2026-04-15,03:28 AM,Sarojini,Outside,0,0,0,0,01:39 AM,04:45 AM,178.27,81,7.91,None,0,0,0,7
S10902,2026-04-03,08:56 PM,Rajendra,Library,0,0,08:20 PM,11:16 PM,07:58 PM,11:59 PM,685.34,76,17.71,None,0,0,0,10
S10903,2026-04-05,10:21 AM,Azad,Mess,09:39 AM,10:24 AM,0,0,0,0,589.59,79,41.28,Breakfast,0,0,0,7
S10904,2026-04-04,07:28 AM,Sarojini,Mess,07:06 AM,07:32 AM,0,0,0,0,488.85,82,36.06,Breakfast,0,0,0,7
S10905,2026-04-09,02:20 PM,Rajendra,Library,0,0,11:46 AM,02:25 PM,11:29 AM,03:20 PM,507.15,170,36.29,None,0,0,0,7
S10906,2026-04-06,01:44 PM,Rajendra,Outside,0,0,0,0,01:03 PM,04:15 PM,222.01,119,8.19,None,1,0,0,10
S10907,2026-04-30,08:51 PM,Ganga,Hostel,0,0,0,0,0,0,1027.53,122,33.35,None,0,0,1,4
S10908,2026-04-13,06:00 PM,Rajendra,Library,0,0,05:20 PM,06:17 PM,05:10 PM,06:29 PM,1046.8,93,13.85,None,0,0,0,9
S10909,2026-04-18,07:50 PM,Azad,Library,0,0,07:35 PM,08:17 PM,07:16 PM,08:30 PM,758.94,157,24.52,None,0,0,0,9
S10910,2026-04-12,03:51 PM,Yamuna,Classroom,0,0,0,0,03:23 PM,04:49 PM,335.7,77,5.55,None,1,0,0,7
S10911,2026-04-13,11:34 AM,Ganga,Classroom,0,0,0,0,11:01 AM,01:20 PM,171.96,85,5.51,None,1,0,0,5
S10912,2026-04-22,01:34 PM,Yamuna,Mess,12:58 PM,01:40 PM,0,0,0,0,240.99,32,25.91,Lunch,0,0,1,5
S10913,2026-04-18,08:37 PM,Azad,Mess,08:05 PM,08:54 PM,0,0,0,0,464.67,56,29.79,Dinner,0,0,0,3
S10914,2026-04-23,02:08 PM,Rajendra,Mess,01:59 PM,02:22 PM,0,0,0,0,532.15,191,53.58,Lunch,1,0,1,4
S10915,2026-04-01,11:12 AM,Yamuna,Library,0,0,10:58 AM,01:32 PM,10:48 AM,02:13 PM,752.26,88,24.29,None,1,0,0,7
S10916,2026-04-22,08:41 AM,Sarojini,Mess,08:13 AM,09:06 AM,0,0,0,0,518.32,60,41.63,Breakfast,0,0,1,5
S10917,2026-04-26,01:27 PM,Ganga,Mess,01:16 PM,02:11 PM,0,0,0,0,435.74,163,46.16,Lunch,0,0,1,7
S10918,2026-04-22,11:43 PM,Yamuna,Outside,0,0,0,0,10:16 PM,11:59 PM,371.83,111,8.34,None,0,0,1,6
S10919,2026-04-07,03:14 PM,Yamuna,Mess,02:52 PM,03:25 PM,0,0,0,0,632.88,104,32.06,Lunch,0,0,0,6
S10920,2026-05-01,07:22 AM,Yamuna,Mess,07:22 AM,08:01 AM,0,0,0,0,482.68,188,56.45,Breakfast,0,0,0,4
S10921,2026-04-25,05:25 PM,Azad,Library,0,0,05:12 PM,11:59 PM,04:59 PM,11:59 PM,467.56,177,40.8,None,0,0,1,7
S10922,2026-04-20,01:17 PM,Yamuna,Mess,12:34 PM,01:24 PM,0,0,0,0,385.56,190,52.84,Lunch,0,0,1,5
S10923,2026-04-27,11:41 AM,Rajendra,Hostel,0,0,0,0,0,0,276.74,32,22.66,None,1,0,1,6
S10924,2026-04-08,11:53 AM,Azad,Library,0,0,10:35 AM,01:35 PM,10:05 AM,01:55 PM,618.46,90,12.4,None,0,0,0,6
S10925,2026-05-01,10:07 PM,Azad,Mess,09:34 PM,10:12 PM,0,0,0,0,507.96,178,53.31,Dinner,0,0,0,10
S10926,2026-04-04,04:50 AM,Sarojini,Outside,0,0,0,0,04:15 AM,07:25 AM,203.97,170,14.67,None,0,0,0,8
S10927,2026-04-28,09:42 PM,Sarojini,Outside,0,0,0,0,08:43 PM,10:48 PM,265.72,15,1.56,None,0,0,1,4
S10928,2026-04-01,11:16 AM,Azad,Outside,0,0,0,0,09:55 AM,01:14 PM,353.11,91,7.7,None,1,0,0,10
S10929,2026-04-12,03:56 AM,Rajendra,Hostel,0,0,0,0,0,0,161.18,127,34.32,None,0,0,0,5
S10930,2026-04-20,11:48 AM,Sarojini,Library,0,0,10:33 AM,06:48 PM,10:21 AM,07:24 PM,665.81,198,36.32,None,0,0,1,5
S10931,2026-04-14,06:16 AM,Azad,Outside,0,0,0,0,05:15 AM,08:42 AM,337.04,46,6.08,None,0,0,0,8
S10932,2026-04-12,09:22 AM,Yamuna,Hostel,0,0,0,0,0,0,205.87,146,31.35,None,1,1,0,9
S10933,2026-04-12,01:32 AM,Sarojini,Hostel,0,0,0,0,0,0,343.09,33,14.26,None,0,0,0,8
S10934,2026-05-01,03:10 PM,Azad,Mess,02:56 PM,03:51 PM,0,0,0,0,445.05,188,54.21,Lunch,1,0,0,11
S10935,2026-04-10,02:39 PM,Azad,Outside,0,0,0,0,01:59 PM,05:12 PM,294.41,54,7.87,None,0,0,0,8
S10936,2026-04-09,02:24 AM,Sarojini,Hostel,0,0,0,0,0,0,380.13,128,17.18,None,0,0,0,4
S10937,2026-04-28,10:26 PM,Yamuna,Library,0,0,04:58 PM,10:56 PM,04:29 PM,11:07 PM,781.17,141,19.53,None,0,0,1,4
S10938,2026-04-18,02:15 PM,Sarojini,Outside,0,0,0,0,12:48 PM,04:59 PM,243.44,83,10.51,None,1,0,0,8
S10939,2026-04-22,09:08 PM,Ganga,Outside,0,0,0,0,07:59 PM,10:34 PM,352.53,199,25.41,None,0,0,1,7
S10940,2026-04-14,10:13 AM,Azad,Outside,0,0,0,0,08:45 AM,11:21 AM,385.63,22,2.8,None,1,1,0,8
S10941,2026-04-04,01:46 PM,Sarojini,Library,0,0,11:12 AM,02:05 PM,10:57 AM,02:40 PM,674.0,37,12.45,None,0,0,0,7
S10942,2026-04-14,02:58 PM,Sarojini,Hostel,0,0,0,0,0,0,206.04,196,49.21,None,1,0,0,7
S10943,2026-04-23,04:43 PM,Ganga,Outside,0,0,0,0,03:51 PM,05:44 PM,237.62,160,9.21,None,1,1,1,6
S10944,2026-04-18,02:28 PM,Rajendra,Library,0,0,01:24 PM,02:47 PM,01:17 PM,02:58 PM,780.44,182,29.9,None,1,0,0,4
S10945,2026-04-24,08:21 PM,Rajendra,Library,0,0,04:47 PM,11:59 PM,04:40 PM,11:59 PM,731.6,120,25.49,None,0,0,1,8
S10946,2026-04-22,06:57 PM,Rajendra,Hostel,0,0,0,0,0,0,194.77,112,20.29,None,0,0,1,5
S10947,2026-04-10,05:10 PM,Rajendra,Classroom,0,0,0,0,04:33 PM,06:29 PM,113.1,199,23.63,None,1,1,0,9
S10948,2026-04-08,07:08 PM,Yamuna,Library,0,0,06:55 PM,08:52 PM,06:44 PM,09:27 PM,642.13,108,20.63,None,0,0,0,6
S10949,2026-04-26,06:31 PM,Ganga,Outside,0,0,0,0,05:54 PM,09:27 PM,202.26,32,4.63,None,0,0,1,5
S10950,2026-04-27,01:01 PM,Rajendra,Mess,12:39 PM,01:19 PM,0,0,0,0,338.58,143,37.39,Lunch,0,0,1,5
S10951,2026-04-22,08:21 PM,Ganga,Library,0,0,07:57 PM,11:59 PM,07:29 PM,11:59 PM,776.31,87,12.53,None,0,0,1,8
S10952,2026-04-13,08:47 AM,Yamuna,Outside,0,0,0,0,07:48 AM,11:29 AM,366.84,68,6.26,None,0,0,0,6
S10953,2026-04-12,11:34 PM,Sarojini,Hostel,0,0,0,0,0,0,1262.02,147,40.24,None,0,0,0,5
S10954,2026-04-06,10:17 AM,Rajendra,Mess,09:58 AM,10:39 AM,0,0,0,0,340.73,60,43.44,Breakfast,0,0,0,5
S10955,2026-04-16,12:46 PM,Yamuna,Library,0,0,12:23 PM,01:08 PM,11:53 AM,01:39 PM,701.23,182,23.07,None,0,0,0,9
S10956,2026-04-22,10:35 PM,Ganga,Library,0,0,09:45 PM,11:59 PM,09:32 PM,11:59 PM,556.83,175,31.15,None,0,0,1,4
S10957,2026-04-19,03:40 PM,Ganga,Library,0,0,01:47 PM,03:50 PM,01:19 PM,04:09 PM,825.23,179,32.42,None,1,0,0,7
S10958,2026-04-10,03:23 PM,Rajendra,Library,0,0,02:53 PM,03:54 PM,02:45 PM,04:16 PM,538.8,118,26.07,None,1,0,0,7
S10959,2026-04-29,09:58 PM,Yamuna,Mess,09:25 PM,10:14 PM,0,0,0,0,477.33,158,37.46,Dinner,0,0,1,4
S10960,2026-04-22,10:00 PM,Yamuna,Library,0,0,06:07 PM,11:59 PM,05:45 PM,11:59 PM,643.78,65,14.86,None,0,0,1,6
S10961,2026-04-22,02:09 PM,Rajendra,Mess,01:19 PM,02:11 PM,0,0,0,0,517.25,56,46.78,Lunch,1,0,1,4
S10962,2026-04-25,05:27 AM,Azad,Outside,0,0,0,0,04:27 AM,06:54 AM,246.21,36,3.81,None,0,0,1,8
S10963,2026-04-17,01:38 PM,Ganga,Library,0,0,12:45 PM,02:32 PM,12:29 PM,02:57 PM,762.75,68,19.7,None,0,0,0,10
S10964,2026-04-09,10:06 AM,Sarojini,Mess,09:49 AM,10:40 AM,0,0,0,0,311.98,82,31.82,Breakfast,0,0,0,9
S10965,2026-04-12,06:58 PM,Rajendra,Library,0,0,05:33 PM,07:21 PM,05:12 PM,07:40 PM,957.44,68,16.64,None,0,0,0,9
S10966,2026-04-11,09:18 PM,Azad,Library,0,0,09:00 PM,10:33 PM,08:37 PM,11:33 PM,753.24,121,17.71,None,0,0,0,5
S10967,2026-04-02,12:36 PM,Ganga,Library,0,0,12:13 PM,01:30 PM,11:58 AM,02:10 PM,748.66,82,19.34,None,0,0,0,7
S10968,2026-04-05,10:25 AM,Ganga,Hostel,0,0,0,0,0,0,297.07,136,39.22,None,0,0,0,9
S10969,2026-04-24,12:56 PM,Sarojini,Library,0,0,11:02 AM,06:55 PM,10:47 AM,07:07 PM,786.35,17,12.7,None,1,0,1,4
S10970,2026-05-01,12:57 PM,Rajendra,Hostel,0,0,0,0,0,0,293.49,127,22.72,None,1,0,0,5
S10971,2026-04-19,12:39 AM,Ganga,Hostel,0,0,0,0,0,0,389.52,49,17.41,None,0,0,0,15
S10972,2026-04-23,08:04 AM,Rajendra,Hostel,0,0,0,0,0,0,243.18,75,18.15,None,0,0,1,7
S10973,2026-04-07,12:20 PM,Rajendra,Mess,12:02 PM,12:56 PM,0,0,0,0,472.71,172,51.35,Lunch,1,0,0,7
S10974,2026-05-01,10:36 AM,Rajendra,Outside,0,0,0,0,10:06 AM,12:11 PM,312.96,119,14.15,None,1,1,0,9
S10975,2026-04-23,08:18 AM,Ganga,Classroom,0,0,0,0,07:44 AM,09:44 AM,355.74,184,19.92,None,1,1,1,3
S10976,2026-04-18,09:23 PM,Sarojini,Mess,09:18 PM,09:57 PM,0,0,0,0,453.43,88,42.41,Dinner,0,0,0,6
S10977,2026-04-30,12:33 PM,Sarojini,Mess,12:28 PM,01:00 PM,0,0,0,0,514.56,119,44.7,Lunch,1,0,1,5
S10978,2026-04-20,10:41 PM,Yamuna,Library,0,0,09:30 PM,11:59 PM,09:12 PM,11:59 PM,903.55,42,10.04,None,0,0,1,4
S10979,2026-04-23,06:24 AM,Rajendra,Outside,0,0,0,0,04:25 AM,07:24 AM,275.16,62,4.71,None,0,0,1,5
S10980,2026-04-25,03:52 AM,Azad,Outside,0,0,0,0,03:17 AM,06:19 AM,266.65,36,2.07,None,0,0,1,6
S10981,2026-04-18,08:33 AM,Yamuna,Mess,08:26 AM,08:56 AM,0,0,0,0,415.15,140,48.69,Breakfast,0,0,0,7
S10982,2026-04-16,09:50 PM,Yamuna,Mess,09:17 PM,10:15 PM,0,0,0,0,391.28,177,47.22,Dinner,0,0,0,9
S10983,2026-04-21,09:06 PM,Ganga,Library,0,0,01:11 PM,10:06 PM,12:57 PM,10:18 PM,783.88,16,8.0,None,0,0,1,5
S10984,2026-04-19,06:02 AM,Rajendra,Outside,0,0,0,0,04:30 AM,07:49 AM,142.65,145,14.14,None,0,0,0,7
S10985,2026-04-29,07:52 AM,Azad,Mess,07:21 AM,07:59 AM,0,0,0,0,531.28,186,59.21,Breakfast,0,0,1,3
S10986,2026-04-12,10:03 PM,Sarojini,Outside,0,0,0,0,08:59 PM,11:59 PM,263.75,122,8.74,None,0,0,0,8
S10987,2026-04-06,01:27 PM,Ganga,Hostel,0,0,0,0,0,0,357.51,15,12.08,None,0,0,0,6
S10988,2026-04-27,08:40 PM,Azad,Mess,08:28 PM,08:49 PM,0,0,0,0,263.98,167,43.32,Dinner,0,0,1,4
S10989,2026-04-23,02:09 PM,Azad,Mess,01:52 PM,02:20 PM,0,0,0,0,307.22,66,39.29,Lunch,1,0,1,4
S10990,2026-04-27,10:34 AM,Sarojini,Classroom,0,0,0,0,10:00 AM,12:08 PM,126.03,72,5.21,None,1,1,1,4
S10991,2026-04-25,04:54 PM,Azad,Library,0,0,02:26 PM,08:13 PM,02:01 PM,09:12 PM,784.82,167,24.37,None,0,0,1,3
S10992,2026-04-30,03:24 PM,Yamuna,Library,0,0,10:01 AM,04:00 PM,09:47 AM,04:57 PM,993.3,197,26.8,None,1,0,1,4
S10993,2026-04-09,04:55 PM,Sarojini,Outside,0,0,0,0,03:08 PM,07:20 PM,303.91,172,19.09,None,0,0,0,8
S10994,2026-04-08,12:21 PM,Yamuna,Library,0,0,12:17 PM,12:56 PM,11:47 AM,01:11 PM,629.15,98,16.59,None,0,0,0,9
S10995,2026-04-24,09:00 PM,Sarojini,Mess,08:36 PM,09:07 PM,0,0,0,0,328.19,73,39.91,Dinner,0,0,1,6
S10996,2026-04-07,01:54 PM,Rajendra,Mess,01:11 PM,02:00 PM,0,0,0,0,479.32,178,41.25,Lunch,0,0,0,6
S10997,2026-04-10,08:52 PM,Yamuna,Mess,08:30 PM,09:16 PM,0,0,0,0,524.73,90,29.17,Dinner,0,0,0,4
S10998,2026-04-23,10:00 PM,Sarojini,Library,0,0,04:20 PM,10:25 PM,03:51 PM,11:01 PM,582.55,12,6.5,None,0,0,1,8
S10999,2026-04-11,04:53 PM,Rajendra,Hostel,0,0,0,0,0,0,101.0,174,30.93,None,0,0,0,9
