Student_ID,Date,Time,Bhawan,Location,Mess_Entry_Time,Mess_Exit_Time,Library_Entry_Time,Library_Exit_Time,Leaves_Hostel,Back_Hostel,WiFi_MB,Active_Users,Electricity_Usage,Food_Category,Attendance,Auto_Taken
S1000,2026-04-01,11:53 AM,Azad,Library,0,0,11:09 AM,12:12 PM,11:00 AM,01:05 PM,868.48,51,14.6,None,1,0
S1001,2026-04-01,09:00 PM,Yamuna,Library,0,0,07:03 PM,09:01 PM,06:33 PM,09:15 PM,688.32,132,15.87,None,0,0
S1002,2026-04-19,10:24 PM,Azad,Mess,09:57 PM,10:27 PM,0,0,0,0,283.22,26,34.93,Dinner,0,0
S1003,2026-04-03,07:15 PM,Ganga,Mess,07:11 PM,07:40 PM,0,0,0,0,371.64,63,31.23,Dinner,0,0
S1004,2026-04-06,04:43 PM,Ganga,Library,0,0,04:34 PM,06:18 PM,04:19 PM,06:30 PM,843.66,102,19.05,None,0,0
S1005,2026-04-10,06:32 PM,Azad,Library,0,0,05:37 PM,06:55 PM,05:15 PM,07:34 PM,815.75,87,18.5,None,0,0
S1006,2026-04-12,08:45 AM,Yamuna,Outside,0,0,0,0,06:58 AM,10:36 AM,163.77,12,1.22,None,0,0
S1007,2026-04-28,02:56 PM,Ganga,Mess,02:48 PM,03:22 PM,0,0,0,0,594.97,99,34.51,Lunch,0,0
S1008,2026-04-16,07:33 AM,Yamuna,Mess,07:26 AM,08:26 AM,0,0,0,0,476.98,88,40.96,Breakfast,0,0
S1009,2026-04-12,09:01 PM,Ganga,Mess,08:06 PM,09:01 PM,0,0,0,0,355.04,164,46.55,Dinner,0,0
S1010,2026-04-23,12:48 PM,Azad,Mess,12:20 PM,12:58 PM,0,0,0,0,523.94,119,50.84,Lunch,1,0
S1011,2026-04-08,10:53 AM,Yamuna,Outside,0,0,0,0,10:13 AM,01:47 PM,166.41,141,14.98,None,1,1
S1012,2026-04-29,08:50 PM,Yamuna,Outside,0,0,0,0,08:16 PM,11:24 PM,255.8,37,3.96,None,0,0
S1013,2026-04-13,05:08 AM,Yamuna,Hostel,0,0,0,0,0,0,274.31,19,12.69,None,0,0
S1014,2026-04-13,08:56 PM,Yamuna,Library,0,0,06:19 PM,09:03 PM,06:11 PM,09:50 PM,811.5,112,14.81,None,0,0
S1015,2026-04-06,10:49 PM,Rajendra,Library,0,0,10:40 PM,11:20 PM,10:35 PM,11:51 PM,634.29,73,15.33,None,0,0
S1016,2026-04-17,12:47 AM,Yamuna,Hostel,0,0,0,0,0,0,388.8,90,16.98,None,0,0
S1017,2026-04-23,06:01 AM,Yamuna,Outside,0,0,0,0,04:47 AM,08:19 AM,299.26,115,8.81,None,0,0
S1018,2026-04-09,09:12 PM,Azad,Hostel,0,0,0,0,0,0,1350.2,39,27.1,None,0,0
S1019,2026-04-03,01:50 AM,Azad,Hostel,0,0,0,0,0,0,239.31,110,31.36,None,0,0
S1020,2026-04-04,09:49 PM,Rajendra,Mess,09:04 PM,09:50 PM,0,0,0,0,482.41,38,42.06,Dinner,0,0
S1021,2026-04-06,01:59 PM,Rajendra,Library,0,0,01:47 PM,04:17 PM,01:42 PM,04:38 PM,913.17,88,15.65,None,0,0
S1022,2026-04-22,01:36 PM,Azad,Library,0,0,01:24 PM,03:17 PM,01:15 PM,04:12 PM,726.92,34,14.84,None,1,0
S1023,2026-04-06,07:09 PM,Rajendra,Library,0,0,06:51 PM,08:55 PM,06:45 PM,09:16 PM,748.71,34,17.27,None,0,0
S1024,2026-04-25,04:12 PM,Yamuna,Library,0,0,03:38 PM,04:35 PM,03:13 PM,04:50 PM,599.87,182,19.51,None,0,0
S1025,2026-04-25,12:42 PM,Ganga,Classroom,0,0,0,0,12:27 PM,02:04 PM,397.51,149,15.22,None,1,0
S1026,2026-04-20,05:27 AM,Sarojini,Outside,0,0,0,0,03:34 AM,06:33 AM,327.72,156,14.51,None,0,0
S1027,2026-04-29,12:57 PM,Rajendra,Mess,12:51 PM,01:44 PM,0,0,0,0,536.68,173,44.87,Lunch,0,0
S1028,2026-04-27,07:11 PM,Azad,Outside,0,0,0,0,05:38 PM,09:21 PM,336.12,62,5.97,None,0,0
S1029,2026-04-22,08:57 PM,Rajendra,Library,0,0,08:11 PM,10:07 PM,07:47 PM,11:03 PM,632.46,78,19.5,None,0,0
S1030,2026-04-03,03:46 PM,Ganga,Library,0,0,03:30 PM,05:59 PM,03:07 PM,06:49 PM,474.19,170,27.58,None,1,0
S1031,2026-04-07,07:44 AM,Yamuna,Mess,07:32 AM,07:59 AM,0,0,0,0,331.33,88,33.88,Breakfast,0,0
S1032,2026-04-05,07:44 PM,Yamuna,Library,0,0,06:30 PM,09:19 PM,06:23 PM,09:55 PM,826.95,159,32.44,None,0,0
S1033,2026-04-29,01:46 PM,Yamuna,Mess,01:31 PM,02:26 PM,0,0,0,0,396.28,45,26.84,Lunch,0,0
S1034,2026-04-11,01:19 PM,Azad,Mess,01:19 PM,01:44 PM,0,0,0,0,500.7,54,27.18,Lunch,0,0
S1035,2026-04-28,10:01 PM,Yamuna,Outside,0,0,0,0,08:58 PM,11:09 PM,354.76,83,5.09,None,0,0
S1036,2026-04-07,11:55 AM,Azad,Library,0,0,11:32 AM,12:22 PM,11:24 AM,12:44 PM,1064.05,75,19.44,None,0,0
S1037,2026-04-04,08:29 PM,Sarojini,Mess,07:59 PM,08:36 PM,0,0,0,0,343.63,112,35.16,Dinner,0,0
S1038,2026-04-22,11:26 PM,Azad,Hostel,0,0,0,0,0,0,1084.5,95,27.07,None,0,0
S1039,2026-04-15,01:02 PM,Azad,Library,0,0,11:24 AM,01:47 PM,11:10 AM,02:31 PM,543.85,86,18.58,None,1,0
S1040,2026-04-19,03:29 AM,Rajendra,Hostel,0,0,0,0,0,0,250.0,46,27.08,None,0,0
S1041,2026-04-07,04:40 PM,Rajendra,Library,0,0,03:36 PM,06:30 PM,03:10 PM,06:54 PM,889.06,178,21.93,None,0,0
S1042,2026-04-13,09:03 PM,Yamuna,Hostel,0,0,0,0,0,0,1488.0,58,23.46,None,0,0
S1043,2026-04-28,01:35 PM,Rajendra,Mess,12:49 PM,01:35 PM,0,0,0,0,321.53,130,43.65,Lunch,1,0
S1044,2026-04-26,11:17 PM,Azad,Library,0,0,09:59 PM,11:31 PM,09:54 PM,11:59 PM,898.58,192,19.34,None,0,0
S1045,2026-04-21,02:46 PM,Sarojini,Mess,02:29 PM,03:02 PM,0,0,0,0,466.15,33,27.1,Lunch,0,0
S1046,2026-04-07,01:02 PM,Yamuna,Library,0,0,11:37 AM,01:56 PM,11:15 AM,02:24 PM,845.6,152,24.25,None,0,0
S1047,2026-04-19,09:08 PM,Azad,Mess,08:47 PM,09:42 PM,0,0,0,0,525.89,53,31.58,Dinner,0,0
S1048,2026-04-29,10:47 PM,Azad,Library,0,0,10:29 PM,11:45 PM,10:09 PM,11:59 PM,790.64,152,20.52,None,0,0
S1049,2026-04-18,09:05 AM,Rajendra,Mess,08:20 AM,09:05 AM,0,0,0,0,571.41,199,37.35,Breakfast,0,0
S1050,2026-05-01,08:24 PM,Sarojini,Mess,08:11 PM,08:42 PM,0,0,0,0,352.02,188,42.95,Dinner,0,0
S1051,2026-04-24,05:17 PM,Yamuna,Library,0,0,04:58 PM,05:43 PM,04:46 PM,06:43 PM,615.81,155,17.64,None,0,0
S1052,2026-04-16,05:34 PM,Azad,Library,0,0,03:54 PM,06:28 PM,03:28 PM,07:15 PM,886.76,53,14.93,None,0,0
S1053,2026-04-24,10:03 PM,Yamuna,Mess,09:35 PM,10:14 PM,0,0,0,0,365.43,123,48.74,Dinner,0,0
S1054,2026-04-16,12:09 PM,Ganga,Library,0,0,09:33 AM,12:22 PM,09:19 AM,01:08 PM,671.0,95,19.12,None,0,0
S1055,2026-04-02,03:09 PM,Azad,Mess,02:18 PM,03:17 PM,0,0,0,0,614.75,160,44.31,Lunch,1,0
S1056,2026-05-01,07:04 PM,Yamuna,Library,0,0,05:09 PM,07:14 PM,05:04 PM,07:46 PM,788.15,188,34.69,None,0,0
S1057,2026-04-19,10:52 AM,Rajendra,Library,0,0,10:28 AM,12:05 PM,10:07 AM,12:37 PM,479.34,160,19.82,None,0,0
S1058,2026-04-08,09:18 AM,Azad,Mess,08:47 AM,09:29 AM,0,0,0,0,489.52,43,37.37,Breakfast,1,1
S1059,2026-04-19,04:13 PM,Azad,Library,0,0,02:21 PM,04:28 PM,02:06 PM,05:05 PM,819.41,95,15.5,None,0,0
S1060,2026-04-30,04:53 PM,Rajendra,Library,0,0,04:08 PM,05:57 PM,04:03 PM,06:47 PM,924.65,97,19.96,None,1,1
S1061,2026-04-28,06:22 PM,Yamuna,Library,0,0,05:42 PM,06:30 PM,05:20 PM,07:17 PM,787.09,97,23.96,None,0,0
S1062,2026-04-22,02:15 PM,Azad,Mess,01:57 PM,02:22 PM,0,0,0,0,281.15,123,32.79,Lunch,1,0
S1063,2026-04-12,11:11 AM,Rajendra,Library,0,0,10:33 AM,11:39 AM,10:21 AM,12:02 PM,718.2,81,24.03,None,1,0
S1064,2026-04-21,10:09 PM,Azad,Hostel,0,0,0,0,0,0,1527.86,171,28.77,None,0,0
S1065,2026-04-29,05:32 PM,Yamuna,Library,0,0,03:57 PM,06:22 PM,03:49 PM,07:03 PM,595.22,77,17.36,None,0,0
S1066,2026-04-30,11:47 AM,Rajendra,Outside,0,0,0,0,10:13 AM,02:04 PM,179.2,14,1.21,None,0,0
S1067,2026-04-06,04:15 PM,Azad,Library,0,0,04:02 PM,06:27 PM,03:52 PM,07:08 PM,608.79,183,31.01,None,1,1
S1068,2026-04-26,07:58 AM,Ganga,Outside,0,0,0,0,06:59 AM,10:46 AM,195.39,33,1.9,None,0,0
S1069,2026-04-08,08:05 PM,Yamuna,Mess,07:55 PM,08:34 PM,0,0,0,0,457.94,151,43.9,Dinner,0,0
S1070,2026-04-11,05:13 PM,Rajendra,Library,0,0,04:37 PM,06:14 PM,04:09 PM,07:12 PM,638.13,26,16.32,None,0,0
S1071,2026-04-25,11:27 AM,Yamuna,Library,0,0,10:18 AM,11:51 AM,09:54 AM,12:38 PM,629.95,13,6.93,None,0,0
S1072,2026-04-30,11:09 AM,Sarojini,Library,0,0,10:25 AM,12:51 PM,10:19 AM,01:43 PM,960.59,190,30.73,None,1,0
S1073,2026-04-14,03:13 PM,Yamuna,Classroom,0,0,0,0,02:40 PM,05:04 PM,200.61,119,17.06,None,1,0
S1074,2026-04-13,06:57 PM,Ganga,Library,0,0,06:49 PM,07:46 PM,06:31 PM,08:14 PM,697.27,176,36.28,None,0,0
S1075,2026-04-12,09:07 PM,Rajendra,Mess,08:46 PM,09:16 PM,0,0,0,0,564.42,95,28.03,Dinner,0,0
S1076,2026-04-11,01:21 PM,Yamuna,Library,0,0,12:59 PM,02:05 PM,12:53 PM,02:57 PM,719.79,125,26.43,None,0,0
S1077,2026-04-11,07:38 PM,Sarojini,Library,0,0,06:18 PM,08:29 PM,05:48 PM,08:54 PM,916.27,96,19.99,None,0,0
S1078,2026-04-20,02:32 AM,Sarojini,Hostel,0,0,0,0,0,0,292.26,126,34.7,None,0,0
S1079,2026-04-21,09:33 AM,Ganga,Mess,08:49 AM,09:48 AM,0,0,0,0,543.15,197,44.95,Breakfast,1,1
S1080,2026-04-15,04:10 AM,Yamuna,Hostel,0,0,0,0,0,0,203.76,141,29.16,None,0,0
S1081,2026-04-23,02:05 PM,Sarojini,Mess,01:18 PM,02:18 PM,0,0,0,0,471.23,148,54.46,Lunch,0,0
S1082,2026-04-08,10:32 AM,Rajendra,Library,0,0,10:30 AM,01:21 PM,10:00 AM,02:05 PM,740.62,172,33.39,None,0,0
S1083,2026-04-29,09:47 PM,Yamuna,Mess,09:43 PM,10:05 PM,0,0,0,0,407.3,148,43.52,Dinner,0,0
S1084,2026-04-29,03:59 PM,Sarojini,Library,0,0,03:37 PM,04:17 PM,03:14 PM,04:38 PM,754.79,110,15.07,None,1,0
S1085,2026-04-02,04:40 AM,Rajendra,Hostel,0,0,0,0,0,0,134.7,105,21.82,None,0,0
S1086,2026-04-26,07:50 PM,Sarojini,Mess,07:44 PM,08:11 PM,0,0,0,0,465.74,185,39.68,Dinner,0,0
S1087,2026-05-01,08:55 PM,Yamuna,Library,0,0,08:36 PM,10:14 PM,08:06 PM,10:53 PM,665.29,126,19.75,None,0,0
S1088,2026-04-03,06:35 PM,Sarojini,Outside,0,0,0,0,04:43 PM,08:52 PM,364.12,195,13.71,None,0,0
S1089,2026-04-06,10:22 AM,Ganga,Mess,09:57 AM,10:26 AM,0,0,0,0,410.72,89,36.0,Breakfast,0,0
S1090,2026-04-04,02:38 PM,Ganga,Library,0,0,12:46 PM,03:15 PM,12:35 PM,03:27 PM,820.74,48,16.34,None,0,0
S1091,2026-04-09,08:50 AM,Azad,Mess,08:31 AM,08:57 AM,0,0,0,0,509.09,98,51.48,Breakfast,0,0
S1092,2026-04-11,01:24 PM,Azad,Mess,01:11 PM,01:49 PM,0,0,0,0,418.99,97,25.44,Lunch,0,0
S1093,2026-04-22,07:45 AM,Rajendra,Hostel,0,0,0,0,0,0,314.59,114,28.66,None,0,0
S1094,2026-04-26,03:10 PM,Sarojini,Library,0,0,02:28 PM,03:32 PM,02:22 PM,03:48 PM,911.78,140,29.11,None,0,0
S1095,2026-04-13,07:38 AM,Ganga,Hostel,0,0,0,0,0,0,155.69,180,35.49,None,0,0
S1096,2026-04-12,04:17 PM,Sarojini,Library,0,0,02:29 PM,04:47 PM,02:21 PM,05:45 PM,948.4,21,12.7,None,0,0
S1097,2026-04-13,05:00 PM,Sarojini,Library,0,0,04:04 PM,06:46 PM,03:59 PM,07:11 PM,945.9,11,10.35,None,0,0
S1098,2026-04-04,08:40 AM,Azad,Hostel,0,0,0,0,0,0,224.37,154,20.95,None,0,0
S1099,2026-04-18,07:26 AM,Sarojini,Mess,07:00 AM,07:31 AM,0,0,0,0,491.15,187,37.38,Breakfast,0,0
S1100,2026-04-07,11:01 AM,Rajendra,Classroom,0,0,0,0,10:49 AM,12:43 PM,367.23,189,25.06,None,1,0
S1101,2026-04-02,11:14 PM,Rajendra,Library,0,0,10:25 PM,11:54 PM,10:17 PM,11:59 PM,1016.55,55,12.81,None,0,0
S1102,2026-04-09,08:53 AM,Rajendra,Hostel,0,0,0,0,0,0,343.93,96,21.09,None,0,0
S1103,2026-04-09,09:21 PM,Sarojini,Mess,08:38 PM,09:28 PM,0,0,0,0,439.75,24,40.74,Dinner,0,0
S1104,2026-04-26,04:45 PM,Sarojini,Library,0,0,04:24 PM,06:51 PM,04:03 PM,07:37 PM,477.73,136,30.28,None,1,1
S1105,2026-04-08,01:08 AM,Ganga,Outside,0,0,0,0,0,02:44 AM,156.22,64,4.2,None,0,0
S1106,2026-04-16,12:14 PM,Ganga,Library,0,0,10:26 AM,12:27 PM,10:09 AM,12:55 PM,753.14,185,38.62,None,1,0
S1107,2026-04-11,07:12 AM,Azad,Mess,07:07 AM,07:34 AM,0,0,0,0,454.81,166,47.4,Breakfast,0,0
S1108,2026-04-09,09:44 PM,Azad,Mess,08:47 PM,09:46 PM,0,0,0,0,470.74,97,41.65,Dinner,0,0
S1109,2026-05-01,09:50 PM,Yamuna,Mess,09:47 PM,10:18 PM,0,0,0,0,389.27,198,56.62,Dinner,0,0
S1110,2026-04-27,01:26 PM,Azad,Mess,12:56 PM,01:32 PM,0,0,0,0,389.18,15,35.1,Lunch,0,0
S1111,2026-04-06,09:25 PM,Yamuna,Outside,0,0,0,0,07:38 PM,10:37 PM,362.72,131,18.21,None,0,0
S1112,2026-04-28,10:22 AM,Azad,Library,0,0,09:06 AM,11:09 AM,08:46 AM,11:35 AM,813.71,100,17.13,None,0,0
S1113,2026-04-14,09:15 AM,Rajendra,Mess,08:41 AM,09:37 AM,0,0,0,0,387.06,59,32.68,Breakfast,0,0
S1114,2026-04-21,09:36 AM,Ganga,Mess,09:20 AM,09:52 AM,0,0,0,0,496.69,135,53.48,Breakfast,0,0
S1115,2026-04-08,01:44 PM,Rajendra,Library,0,0,12:10 PM,01:50 PM,11:52 AM,02:35 PM,773.13,153,31.47,None,1,0
S1116,2026-04-17,07:47 AM,Rajendra,Mess,07:37 AM,08:04 AM,0,0,0,0,472.35,52,30.58,Breakfast,0,0
S1117,2026-04-28,05:25 PM,Yamuna,Classroom,0,0,0,0,05:08 PM,07:03 PM,153.44,55,3.83,None,1,1
S1118,2026-04-09,08:04 PM,Azad,Library,0,0,07:24 PM,09:48 PM,06:57 PM,10:02 PM,704.66,167,22.53,None,0,0
S1119,2026-04-23,10:15 AM,Rajendra,Mess,09:28 AM,10:19 AM,0,0,0,0,503.36,82,33.75,Breakfast,0,0
S1120,2026-04-04,09:29 PM,Azad,Library,0,0,09:03 PM,10:15 PM,08:34 PM,11:01 PM,861.34,185,23.51,None,0,0
S1121,2026-04-05,11:08 PM,Azad,Library,0,0,10:46 PM,11:59 PM,10:16 PM,11:59 PM,675.71,14,7.81,None,0,0
S1122,2026-04-11,09:54 PM,Azad,Outside,0,0,0,0,07:54 PM,11:34 PM,302.7,52,6.69,None,0,0
S1123,2026-05-01,03:53 PM,Ganga,Outside,0,0,0,0,02:34 PM,06:17 PM,109.62,85,11.95,None,1,0
S1124,2026-04-30,10:22 PM,Sarojini,Mess,09:45 PM,10:41 PM,0,0,0,0,496.67,20,37.56,Dinner,0,0
S1125,2026-04-04,07:57 AM,Yamuna,Outside,0,0,0,0,06:24 AM,08:59 AM,204.02,121,11.77,None,0,0
S1126,2026-04-04,06:08 PM,Sarojini,Classroom,0,0,0,0,05:47 PM,08:07 PM,340.81,124,9.07,None,1,1
S1127,2026-04-08,08:12 AM,Rajendra,Mess,07:54 AM,08:33 AM,0,0,0,0,599.53,53,28.08,Breakfast,0,0
S1128,2026-04-12,10:24 PM,Ganga,Library,0,0,10:04 PM,11:09 PM,09:52 PM,11:36 PM,597.85,48,11.98,None,0,0
S1129,2026-04-24,07:58 AM,Yamuna,Mess,07:32 AM,08:11 AM,0,0,0,0,628.87,101,42.62,Breakfast,0,0
S1130,2026-04-07,09:28 AM,Yamuna,Mess,09:24 AM,09:47 AM,0,0,0,0,516.63,71,48.66,Breakfast,0,0
S1131,2026-05-01,07:12 PM,Ganga,Library,0,0,07:11 PM,07:58 PM,06:47 PM,08:17 PM,899.21,61,16.61,None,0,0
S1132,2026-04-04,09:12 PM,Azad,Hostel,0,0,0,0,0,0,948.29,73,26.0,None,0,0
S1133,2026-05-01,07:30 PM,Sarojini,Mess,07:15 PM,07:36 PM,0,0,0,0,461.04,126,49.4,Dinner,0,0
S1134,2026-04-28,10:05 PM,Yamuna,Mess,09:37 PM,10:09 PM,0,0,0,0,543.27,199,46.15,Dinner,0,0
S1135,2026-04-07,08:33 PM,Ganga,Library,0,0,08:03 PM,08:55 PM,07:57 PM,09:50 PM,832.24,192,28.56,None,0,0
S1136,2026-05-01,09:31 PM,Azad,Outside,0,0,0,0,08:17 PM,11:50 PM,249.7,18,2.25,None,0,0
S1137,2026-04-16,06:37 PM,Sarojini,Outside,0,0,0,0,05:07 PM,09:29 PM,257.05,195,12.88,None,0,0
S1138,2026-04-21,03:27 PM,Rajendra,Mess,02:30 PM,03:27 PM,0,0,0,0,577.43,146,58.33,Lunch,0,0
S1139,2026-04-26,12:48 PM,Sarojini,Library,0,0,11:42 AM,01:04 PM,11:21 AM,01:47 PM,702.79,116,17.26,None,1,0
S1140,2026-04-18,03:48 AM,Yamuna,Outside,0,0,0,0,02:53 AM,05:46 AM,129.65,199,18.04,None,0,0
S1141,2026-04-30,01:26 PM,Rajendra,Mess,01:07 PM,01:31 PM,0,0,0,0,323.17,10,27.61,Lunch,1,0
S1142,2026-04-22,07:32 AM,Ganga,Outside,0,0,0,0,05:57 AM,09:50 AM,306.66,185,23.83,None,0,0
S1143,2026-04-11,02:54 PM,Azad,Mess,02:46 PM,03:20 PM,0,0,0,0,314.71,11,32.87,Lunch,0,0
S1144,2026-04-29,04:58 AM,Yamuna,Outside,0,0,0,0,03:44 AM,07:02 AM,151.62,146,14.2,None,0,0
S1145,2026-04-27,01:06 PM,Yamuna,Library,0,0,11:49 AM,02:33 PM,11:29 AM,02:47 PM,639.85,46,19.34,None,0,0
S1146,2026-04-05,07:29 PM,Azad,Hostel,0,0,0,0,0,0,287.83,114,32.34,None,0,0
S1147,2026-04-25,10:52 AM,Azad,Library,0,0,09:43 AM,11:42 AM,09:21 AM,11:52 AM,564.2,20,9.17,None,1,1
S1148,2026-04-10,02:50 PM,Rajendra,Mess,02:20 PM,03:15 PM,0,0,0,0,581.7,48,33.22,Lunch,1,0
S1149,2026-04-05,09:39 PM,Ganga,Library,0,0,08:01 PM,10:45 PM,07:46 PM,11:05 PM,947.27,39,14.88,None,0,0
S1150,2026-04-01,08:03 PM,Rajendra,Mess,08:00 PM,08:53 PM,0,0,0,0,597.14,72,31.05,Dinner,0,0
S1151,2026-04-22,08:05 PM,Rajendra,Mess,08:04 PM,08:47 PM,0,0,0,0,621.61,107,32.46,Dinner,0,0
S1152,2026-04-12,09:24 PM,Azad,Mess,09:03 PM,09:33 PM,0,0,0,0,329.62,29,25.91,Dinner,0,0
S1153,2026-04-06,03:44 AM,Azad,Outside,0,0,0,0,02:33 AM,06:14 AM,223.98,186,23.75,None,0,0
S1154,2026-04-16,08:31 AM,Yamuna,Mess,08:11 AM,08:31 AM,0,0,0,0,560.07,14,36.04,Breakfast,0,0
S1155,2026-04-15,11:36 AM,Azad,Outside,0,0,0,0,09:48 AM,01:32 PM,141.9,143,9.02,None,0,0
S1156,2026-04-17,12:31 AM,Rajendra,Outside,0,0,0,0,0,01:41 AM,127.39,117,12.52,None,0,0
S1157,2026-04-24,12:14 PM,Yamuna,Hostel,0,0,0,0,0,0,354.79,183,30.24,None,0,0
S1158,2026-04-25,09:38 PM,Yamuna,Mess,09:38 PM,10:16 PM,0,0,0,0,258.58,99,30.97,Dinner,0,0
S1159,2026-04-06,01:00 PM,Ganga,Library,0,0,12:56 PM,02:28 PM,12:44 PM,02:47 PM,953.02,75,20.97,None,1,0
S1160,2026-04-23,04:26 PM,Sarojini,Library,0,0,03:16 PM,05:02 PM,03:07 PM,05:38 PM,778.72,70,13.44,None,0,0
S1161,2026-04-18,02:32 PM,Sarojini,Hostel,0,0,0,0,0,0,311.27,149,31.37,None,0,0
S1162,2026-04-24,02:43 PM,Azad,Classroom,0,0,0,0,02:10 PM,04:02 PM,232.85,79,7.95,None,1,0
S1163,2026-04-26,02:14 PM,Ganga,Mess,01:48 PM,02:22 PM,0,0,0,0,453.11,139,54.65,Lunch,1,0
S1164,2026-04-01,02:00 PM,Sarojini,Classroom,0,0,0,0,01:27 PM,03:20 PM,343.32,94,5.68,None,1,0
S1165,2026-04-12,09:35 AM,Sarojini,Mess,09:26 AM,09:48 AM,0,0,0,0,591.33,52,40.76,Breakfast,0,0
S1166,2026-04-21,09:52 AM,Rajendra,Mess,09:47 AM,10:08 AM,0,0,0,0,404.62,47,45.73,Breakfast,1,1
S1167,2026-04-14,07:47 PM,Azad,Mess,07:10 PM,07:51 PM,0,0,0,0,420.12,105,40.18,Dinner,0,0
S1168,2026-04-08,04:47 PM,Ganga,Library,0,0,04:33 PM,05:45 PM,04:20 PM,06:35 PM,658.65,136,25.37,None,1,1
S1169,2026-04-30,01:23 PM,Ganga,Hostel,0,0,0,0,0,0,364.47,176,22.63,None,1,0
S1170,2026-04-26,03:23 PM,Sarojini,Classroom,0,0,0,0,02:51 PM,05:11 PM,143.9,65,7.77,None,1,0
S1171,2026-04-22,05:52 AM,Azad,Hostel,0,0,0,0,0,0,269.77,20,24.55,None,0,0
S1172,2026-04-21,05:04 PM,Azad,Library,0,0,05:02 PM,07:34 PM,04:53 PM,08:31 PM,489.86,122,23.92,None,0,0
S1173,2026-04-05,12:41 PM,Yamuna,Outside,0,0,0,0,12:05 PM,03:18 PM,362.59,122,7.72,None,0,0
S1174,2026-04-14,02:31 PM,Sarojini,Mess,01:43 PM,02:36 PM,0,0,0,0,387.84,68,45.81,Lunch,1,0
S1175,2026-04-02,11:12 PM,Ganga,Library,0,0,10:31 PM,11:59 PM,10:18 PM,11:59 PM,581.17,177,30.92,None,0,0
S1176,2026-05-01,03:13 PM,Azad,Library,0,0,02:48 PM,03:19 PM,02:37 PM,04:12 PM,705.56,195,23.14,None,0,0
S1177,2026-04-20,08:17 AM,Sarojini,Mess,08:08 AM,08:43 AM,0,0,0,0,406.66,160,39.1,Breakfast,0,0
S1178,2026-04-05,07:35 AM,Sarojini,Mess,07:10 AM,08:00 AM,0,0,0,0,282.69,72,29.3,Breakfast,0,0
S1179,2026-04-12,06:52 PM,Rajendra,Library,0,0,05:31 PM,07:55 PM,05:03 PM,08:42 PM,693.18,72,23.81,None,0,0
S1180,2026-04-29,02:03 PM,Sarojini,Library,0,0,02:02 PM,02:39 PM,01:45 PM,03:21 PM,814.06,45,14.13,None,0,0
S1181,2026-04-15,01:01 PM,Azad,Library,0,0,01:00 PM,02:24 PM,12:52 PM,03:13 PM,689.65,65,15.27,None,0,0
S1182,2026-04-17,08:26 AM,Ganga,Mess,08:19 AM,08:56 AM,0,0,0,0,496.0,33,33.15,Breakfast,0,0
S1183,2026-04-13,04:35 PM,Ganga,Library,0,0,04:28 PM,06:03 PM,04:17 PM,06:54 PM,568.61,199,31.82,None,0,0
S1184,2026-04-07,07:07 PM,Azad,Hostel,0,0,0,0,0,0,175.21,61,22.56,None,0,0
S1185,2026-04-06,02:03 PM,Rajendra,Library,0,0,12:02 PM,02:54 PM,11:35 AM,03:39 PM,948.93,121,23.53,None,0,0
S1186,2026-04-05,12:06 PM,Sarojini,Outside,0,0,0,0,10:37 AM,01:39 PM,126.29,19,2.55,None,1,0
S1187,2026-04-06,10:57 PM,Azad,Hostel,0,0,0,0,0,0,1039.14,156,24.36,None,0,0
S1188,2026-04-06,09:35 PM,Rajendra,Mess,09:32 PM,10:31 PM,0,0,0,0,385.92,83,37.11,Dinner,0,0
S1189,2026-04-09,03:05 AM,Ganga,Hostel,0,0,0,0,0,0,308.07,106,34.05,None,0,0
S1190,2026-04-04,01:54 PM,Azad,Mess,01:40 PM,02:01 PM,0,0,0,0,454.14,196,35.39,Lunch,0,0
S1191,2026-04-15,06:03 PM,Sarojini,Library,0,0,06:02 PM,06:55 PM,05:52 PM,07:18 PM,964.02,24,13.63,None,0,0
S1192,2026-04-22,02:14 AM,Ganga,Hostel,0,0,0,0,0,0,131.21,116,36.68,None,0,0
S1193,2026-04-17,04:29 AM,Azad,Hostel,0,0,0,0,0,0,248.19,44,18.03,None,0,0
S1194,2026-04-08,05:46 PM,Rajendra,Library,0,0,04:56 PM,07:41 PM,04:35 PM,07:55 PM,861.81,67,10.47,None,0,0
S1195,2026-04-30,01:42 PM,Azad,Hostel,0,0,0,0,0,0,341.52,200,51.74,None,0,0
S1196,2026-04-29,12:17 PM,Azad,Mess,12:07 PM,12:46 PM,0,0,0,0,459.03,122,51.0,Lunch,1,0
S1197,2026-04-28,07:33 PM,Sarojini,Library,0,0,05:22 PM,07:41 PM,04:55 PM,07:56 PM,807.54,145,25.5,None,0,0
S1198,2026-04-09,07:37 AM,Sarojini,Mess,07:05 AM,07:46 AM,0,0,0,0,514.3,31,30.18,Breakfast,0,0
S1199,2026-04-13,09:03 AM,Ganga,Mess,08:43 AM,09:08 AM,0,0,0,0,211.12,150,51.6,Breakfast,1,1
S1200,2026-04-19,05:54 PM,Rajendra,Library,0,0,05:15 PM,07:28 PM,04:54 PM,08:16 PM,529.8,93,22.89,None,0,0
S1201,2026-04-18,02:29 PM,Sarojini,Library,0,0,02:17 PM,04:03 PM,01:54 PM,04:57 PM,888.32,52,11.54,None,1,0
S1202,2026-04-02,11:11 AM,Sarojini,Outside,0,0,0,0,10:20 AM,01:06 PM,180.64,28,3.73,None,1,0
S1203,2026-04-21,04:13 PM,Sarojini,Library,0,0,02:50 PM,05:27 PM,02:20 PM,06:12 PM,809.09,80,12.58,None,1,1
S1204,2026-04-11,09:19 AM,Azad,Mess,09:11 AM,10:08 AM,0,0,0,0,247.85,195,45.41,Breakfast,0,0
S1205,2026-04-17,09:29 PM,Azad,Library,0,0,08:16 PM,09:58 PM,07:59 PM,10:20 PM,625.19,143,19.68,None,0,0
S1206,2026-04-28,07:46 PM,Sarojini,Hostel,0,0,0,0,0,0,256.66,98,29.89,None,0,0
S1207,2026-04-24,01:30 PM,Sarojini,Outside,0,0,0,0,12:38 PM,04:10 PM,334.89,82,9.38,None,0,0
S1208,2026-04-24,09:20 PM,Yamuna,Mess,08:40 PM,09:29 PM,0,0,0,0,366.46,149,30.73,Dinner,0,0
S1209,2026-04-24,02:02 PM,Ganga,Classroom,0,0,0,0,01:48 PM,02:51 PM,338.74,16,2.23,None,1,0
S1210,2026-04-04,11:17 AM,Ganga,Outside,0,0,0,0,09:36 AM,12:40 PM,267.85,101,10.26,None,0,0
S1211,2026-04-06,03:11 PM,Rajendra,Mess,02:58 PM,03:21 PM,0,0,0,0,485.48,144,48.5,Lunch,0,0
S1212,2026-04-29,10:04 AM,Rajendra,Mess,09:51 AM,10:45 AM,0,0,0,0,363.89,185,49.77,Breakfast,1,1
S1213,2026-04-18,10:34 PM,Rajendra,Library,0,0,10:09 PM,11:59 PM,10:04 PM,11:59 PM,530.76,97,15.68,None,0,0
S1214,2026-05-01,04:46 PM,Yamuna,Library,0,0,04:03 PM,06:51 PM,03:57 PM,07:26 PM,468.58,106,27.92,None,0,0
S1215,2026-04-20,02:47 PM,Azad,Classroom,0,0,0,0,02:21 PM,04:06 PM,359.63,145,21.1,None,1,0
S1216,2026-04-25,02:59 PM,Sarojini,Mess,02:59 PM,03:19 PM,0,0,0,0,436.98,176,36.78,Lunch,1,0
S1217,2026-04-11,08:11 AM,Yamuna,Mess,07:52 AM,08:25 AM,0,0,0,0,367.77,128,44.1,Breakfast,0,0
S1218,2026-04-27,02:06 PM,Azad,Mess,02:06 PM,02:30 PM,0,0,0,0,514.9,27,41.67,Lunch,0,0
S1219,2026-04-26,11:24 AM,Yamuna,Library,0,0,10:27 AM,11:30 AM,10:22 AM,12:02 PM,586.09,200,41.45,None,1,0
S1220,2026-04-20,09:07 AM,Ganga,Mess,08:30 AM,09:19 AM,0,0,0,0,525.12,52,33.08,Breakfast,0,0
S1221,2026-04-02,11:59 AM,Yamuna,Library,0,0,11:03 AM,12:34 PM,10:58 AM,01:21 PM,453.48,137,29.95,None,1,0
S1222,2026-04-08,04:26 PM,Azad,Library,0,0,03:22 PM,05:18 PM,02:55 PM,05:42 PM,556.46,93,18.21,None,1,1
S1223,2026-04-23,05:28 PM,Sarojini,Library,0,0,04:41 PM,07:21 PM,04:33 PM,07:46 PM,673.65,179,26.83,None,0,0
S1224,2026-04-27,05:42 AM,Rajendra,Outside,0,0,0,0,04:04 AM,07:44 AM,335.43,70,10.11,None,0,0
S1225,2026-04-14,04:57 PM,Ganga,Library,0,0,04:29 PM,05:01 PM,04:18 PM,05:14 PM,633.46,169,26.37,None,0,0
S1226,2026-04-05,12:44 PM,Rajendra,Mess,12:24 PM,12:52 PM,0,0,0,0,562.08,165,53.23,Lunch,1,0
S1227,2026-04-25,09:31 PM,Ganga,Library,0,0,09:16 PM,10:45 PM,09:10 PM,11:15 PM,824.22,199,20.71,None,0,0
S1228,2026-04-19,06:44 AM,Ganga,Outside,0,0,0,0,05:26 AM,09:01 AM,253.29,106,15.75,None,0,0
S1229,2026-04-22,02:48 AM,Yamuna,Outside,0,0,0,0,02:14 AM,05:18 AM,249.64,40,5.33,None,0,0
S1230,2026-04-26,01:39 PM,Sarojini,Mess,01:23 PM,01:44 PM,0,0,0,0,317.3,95,48.38,Lunch,0,0
S1231,2026-05-01,09:23 PM,Sarojini,Outside,0,0,0,0,07:46 PM,11:36 PM,121.4,155,20.18,None,0,0
S1232,2026-04-10,08:33 AM,Rajendra,Mess,08:18 AM,09:15 AM,0,0,0,0,480.61,18,40.09,Breakfast,0,0
S1233,2026-04-14,10:16 PM,Rajendra,Hostel,0,0,0,0,0,0,904.41,90,27.16,None,0,0
S1234,2026-04-24,05:00 PM,Ganga,Library,0,0,04:58 PM,06:13 PM,04:43 PM,06:39 PM,866.02,168,25.8,None,0,0
S1235,2026-04-04,07:47 AM,Rajendra,Mess,07:44 AM,08:21 AM,0,0,0,0,450.59,159,38.68,Breakfast,0,0
S1236,2026-04-28,06:55 AM,Sarojini,Hostel,0,0,0,0,0,0,313.81,18,15.02,None,0,0
S1237,2026-04-23,11:00 AM,Rajendra,Library,0,0,11:00 AM,12:28 PM,10:50 AM,01:00 PM,573.91,42,11.61,None,1,0
S1238,2026-04-11,11:21 AM,Azad,Library,0,0,09:06 AM,11:32 AM,08:46 AM,12:11 PM,519.6,94,18.6,None,0,0
S1239,2026-04-07,07:16 PM,Yamuna,Library,0,0,05:25 PM,07:26 PM,05:18 PM,08:12 PM,687.04,183,33.89,None,0,0
S1240,2026-04-19,01:46 PM,Ganga,Library,0,0,01:07 PM,01:49 PM,12:39 PM,02:22 PM,968.22,60,16.27,None,1,0
S1241,2026-04-05,03:11 PM,Azad,Library,0,0,02:39 PM,03:12 PM,02:11 PM,03:44 PM,697.91,199,36.46,None,0,0
S1242,2026-04-11,08:56 PM,Azad,Library,0,0,07:34 PM,10:01 PM,07:09 PM,10:43 PM,823.87,136,22.93,None,0,0
S1243,2026-04-05,10:10 AM,Sarojini,Mess,09:27 AM,10:26 AM,0,0,0,0,571.85,196,46.42,Breakfast,0,0
S1244,2026-04-05,01:10 PM,Sarojini,Mess,12:32 PM,01:20 PM,0,0,0,0,260.51,38,34.87,Lunch,0,0
S1245,2026-04-04,08:32 PM,Sarojini,Library,0,0,08:06 PM,10:22 PM,07:47 PM,10:53 PM,838.48,30,16.88,None,0,0
S1246,2026-04-17,01:25 AM,Azad,Hostel,0,0,0,0,0,0,329.92,46,29.01,None,0,0
S1247,2026-04-15,05:45 PM,Rajendra,Library,0,0,04:33 PM,06:17 PM,04:13 PM,06:58 PM,691.16,136,22.05,None,0,0
S1248,2026-04-13,09:19 AM,Azad,Hostel,0,0,0,0,0,0,165.83,95,23.5,None,0,0
S1249,2026-04-06,07:12 AM,Sarojini,Hostel,0,0,0,0,0,0,140.89,135,39.41,None,0,0
S1250,2026-04-20,04:25 AM,Yamuna,Hostel,0,0,0,0,0,0,258.75,117,22.83,None,0,0
S1251,2026-04-17,05:45 PM,Ganga,Library,0,0,05:37 PM,06:13 PM,05:10 PM,06:37 PM,618.27,132,27.0,None,0,0
S1252,2026-04-30,05:57 AM,Azad,Hostel,0,0,0,0,0,0,260.27,111,27.1,None,0,0
S1253,2026-04-13,03:50 PM,Rajendra,Hostel,0,0,0,0,0,0,237.35,76,20.67,None,0,0
S1254,2026-04-09,02:51 PM,Azad,Hostel,0,0,0,0,0,0,375.12,194,37.48,None,1,0
S1255,2026-04-24,08:09 AM,Yamuna,Hostel,0,0,0,0,0,0,204.35,168,23.41,None,0,0
S1256,2026-04-24,09:19 AM,Rajendra,Library,0,0,09:08 AM,10:23 AM,08:51 AM,10:47 AM,899.99,38,7.45,None,0,0
S1257,2026-04-22,10:12 PM,Yamuna,Library,0,0,09:55 PM,11:59 PM,09:26 PM,11:59 PM,710.06,92,13.87,None,0,0
S1258,2026-04-20,08:10 AM,Rajendra,Mess,07:58 AM,08:19 AM,0,0,0,0,587.34,125,41.42,Breakfast,0,0
S1259,2026-04-28,08:32 AM,Ganga,Mess,08:04 AM,08:36 AM,0,0,0,0,517.87,47,33.98,Breakfast,0,0
S1260,2026-04-05,08:11 AM,Sarojini,Mess,07:52 AM,08:14 AM,0,0,0,0,468.9,119,41.89,Breakfast,0,0
S1261,2026-04-23,06:46 AM,Ganga,Hostel,0,0,0,0,0,0,251.01,38,25.97,None,0,0
S1262,2026-04-24,12:31 PM,Sarojini,Mess,12:15 PM,12:53 PM,0,0,0,0,491.67,30,41.87,Lunch,1,0
S1263,2026-04-15,09:28 PM,Rajendra,Library,0,0,08:14 PM,10:05 PM,07:50 PM,10:41 PM,945.45,168,21.33,None,0,0
S1264,2026-04-16,02:19 PM,Rajendra,Mess,01:59 PM,02:36 PM,0,0,0,0,458.15,175,45.27,Lunch,1,0
S1265,2026-04-29,03:34 AM,Rajendra,Hostel,0,0,0,0,0,0,152.14,92,18.15,None,0,0
S1266,2026-04-13,06:36 PM,Azad,Library,0,0,06:04 PM,08:31 PM,05:36 PM,08:49 PM,825.09,139,18.83,None,0,0
S1267,2026-04-22,06:20 PM,Ganga,Hostel,0,0,0,0,0,0,160.71,173,26.33,None,0,0
S1268,2026-04-25,07:25 PM,Rajendra,Outside,0,0,0,0,05:41 PM,08:50 PM,233.96,85,4.73,None,0,0
S1269,2026-04-23,09:50 PM,Sarojini,Library,0,0,09:19 PM,10:03 PM,09:01 PM,10:46 PM,827.67,39,17.66,None,0,0
S1270,2026-04-14,11:04 PM,Ganga,Outside,0,0,0,0,10:07 PM,11:59 PM,296.67,167,10.63,None,0,0
S1271,2026-04-17,08:35 PM,Azad,Hostel,0,0,0,0,0,0,1247.6,178,37.29,None,0,0
S1272,2026-04-10,07:53 PM,Ganga,Mess,07:03 PM,07:54 PM,0,0,0,0,286.18,144,42.57,Dinner,0,0
S1273,2026-04-14,05:37 PM,Yamuna,Outside,0,0,0,0,03:52 PM,07:30 PM,172.86,120,15.2,None,0,0
S1274,2026-04-04,04:43 PM,Ganga,Hostel,0,0,0,0,0,0,127.37,20,19.29,None,0,0
S1275,2026-04-17,02:46 PM,Yamuna,Mess,02:24 PM,03:06 PM,0,0,0,0,496.79,79,44.56,Lunch,1,0
S1276,2026-04-16,06:08 PM,Sarojini,Library,0,0,04:45 PM,06:26 PM,04:19 PM,07:06 PM,497.25,67,18.47,None,0,0
S1277,2026-04-11,05:59 PM,Ganga,Classroom,0,0,0,0,05:25 PM,07:11 PM,139.78,90,4.91,None,1,1
S1278,2026-04-30,02:47 AM,Yamuna,Hostel,0,0,0,0,0,0,397.65,26,15.93,None,0,0
S1279,2026-04-05,04:28 PM,Ganga,Library,0,0,03:05 PM,05:16 PM,02:43 PM,06:02 PM,835.42,91,21.74,None,0,0
S1280,2026-04-09,09:53 AM,Ganga,Hostel,0,0,0,0,0,0,380.89,197,37.24,None,1,1
S1281,2026-04-16,11:53 AM,Ganga,Library,0,0,11:27 AM,02:00 PM,11:16 AM,02:40 PM,692.1,83,14.29,None,1,0
S1282,2026-04-10,01:47 PM,Yamuna,Library,0,0,12:57 PM,02:23 PM,12:42 PM,02:42 PM,735.36,132,20.07,None,0,0
S1283,2026-04-22,05:23 PM,Sarojini,Classroom,0,0,0,0,04:55 PM,07:00 PM,261.68,143,14.05,None,1,1
S1284,2026-04-13,05:06 PM,Yamuna,Library,0,0,04:40 PM,07:34 PM,04:10 PM,08:34 PM,727.12,102,20.74,None,0,0
S1285,2026-04-06,10:25 PM,Azad,Mess,09:55 PM,10:29 PM,0,0,0,0,638.0,171,31.14,Dinner,0,0
S1286,2026-04-03,06:47 PM,Yamuna,Outside,0,0,0,0,06:00 PM,09:27 PM,286.32,86,5.86,None,0,0
S1287,2026-04-09,06:02 PM,Ganga,Library,0,0,05:25 PM,06:27 PM,05:03 PM,06:51 PM,915.26,100,22.89,None,0,0
S1288,2026-04-16,03:43 PM,Azad,Library,0,0,01:22 PM,03:44 PM,01:11 PM,04:41 PM,832.85,123,27.84,None,0,0
S1289,2026-05-01,09:13 AM,Rajendra,Mess,08:57 AM,09:32 AM,0,0,0,0,438.58,189,55.16,Breakfast,1,1
S1290,2026-04-01,04:06 AM,Ganga,Hostel,0,0,0,0,0,0,267.13,89,32.61,None,0,0
S1291,2026-04-04,11:55 PM,Yamuna,Library,0,0,10:37 PM,11:59 PM,10:24 PM,11:59 PM,477.26,177,34.54,None,0,0
S1292,2026-05-01,03:01 PM,Rajendra,Mess,02:45 PM,03:43 PM,0,0,0,0,543.41,122,29.15,Lunch,0,0
S1293,2026-05-01,08:50 AM,Yamuna,Hostel,0,0,0,0,0,0,283.98,119,34.56,None,0,0
S1294,2026-04-14,10:19 AM,Azad,Outside,0,0,0,0,08:44 AM,11:58 AM,381.62,15,2.15,None,1,1
S1295,2026-04-11,04:32 PM,Rajendra,Classroom,0,0,0,0,04:18 PM,06:15 PM,322.64,67,9.26,None,1,1
S1296,2026-04-30,08:19 PM,Ganga,Mess,08:11 PM,09:01 PM,0,0,0,0,544.91,158,52.05,Dinner,0,0
S1297,2026-04-07,11:29 PM,Ganga,Hostel,0,0,0,0,0,0,1271.15,195,31.95,None,0,0
S1298,2026-04-16,10:11 AM,Yamuna,Mess,09:50 AM,10:40 AM,0,0,0,0,466.22,142,49.11,Breakfast,1,1
S1299,2026-05-01,07:18 PM,Ganga,Mess,07:14 PM,07:37 PM,0,0,0,0,495.8,50,26.4,Dinner,0,0
S1300,2026-04-11,04:53 PM,Azad,Hostel,0,0,0,0,0,0,261.03,64,29.18,None,1,1
S1301,2026-04-01,07:42 PM,Sarojini,Mess,07:26 PM,08:20 PM,0,0,0,0,217.76,178,48.83,Dinner,0,0
S1302,2026-04-10,10:00 PM,Ganga,Outside,0,0,0,0,08:34 PM,11:59 PM,288.21,158,11.57,None,0,0
S1303,2026-04-08,01:26 PM,Yamuna,Library,0,0,12:55 PM,02:04 PM,12:41 PM,02:39 PM,813.55,146,32.05,None,1,0
S1304,2026-04-11,12:11 PM,Yamuna,Mess,12:06 PM,12:27 PM,0,0,0,0,271.59,30,34.03,Lunch,0,0
S1305,2026-04-01,03:27 PM,Ganga,Mess,02:43 PM,03:30 PM,0,0,0,0,602.4,26,40.41,Lunch,0,0
S1306,2026-04-06,06:41 PM,Azad,Library,0,0,06:35 PM,07:13 PM,06:24 PM,07:45 PM,839.23,163,24.09,None,0,0
S1307,2026-04-17,09:34 PM,Ganga,Library,0,0,09:10 PM,09:45 PM,08:56 PM,10:10 PM,808.44,50,17.3,None,0,0
S1308,2026-04-05,12:06 PM,Rajendra,Outside,0,0,0,0,11:32 AM,01:31 PM,130.78,200,23.28,None,1,0
S1309,2026-04-02,10:48 AM,Yamuna,Library,0,0,09:39 AM,12:36 PM,09:25 AM,01:02 PM,706.4,98,13.34,None,1,1
S1310,2026-04-27,09:55 PM,Yamuna,Hostel,0,0,0,0,0,0,1232.59,197,40.22,None,0,0
S1311,2026-04-05,08:08 PM,Rajendra,Hostel,0,0,0,0,0,0,655.23,190,27.0,None,0,0
S1312,2026-04-05,10:28 PM,Rajendra,Library,0,0,08:28 PM,11:25 PM,08:22 PM,11:59 PM,607.69,178,20.2,None,0,0
S1313,2026-04-05,11:33 PM,Azad,Outside,0,0,0,0,10:32 PM,11:59 PM,373.08,198,25.5,None,0,0
S1314,2026-04-20,07:30 PM,Sarojini,Mess,07:08 PM,08:03 PM,0,0,0,0,453.25,42,40.54,Dinner,0,0
S1315,2026-04-14,10:07 PM,Ganga,Mess,09:36 PM,10:22 PM,0,0,0,0,420.71,18,23.08,Dinner,0,0
S1316,2026-04-16,10:22 PM,Sarojini,Mess,09:38 PM,10:23 PM,0,0,0,0,407.68,177,46.53,Dinner,0,0
S1317,2026-05-01,07:40 PM,Sarojini,Library,0,0,06:29 PM,08:00 PM,06:12 PM,08:45 PM,759.22,114,20.14,None,0,0
S1318,2026-04-24,09:06 PM,Ganga,Library,0,0,08:30 PM,11:05 PM,08:08 PM,11:17 PM,666.03,95,22.88,None,0,0
S1319,2026-04-02,04:27 PM,Azad,Library,0,0,04:04 PM,05:32 PM,03:50 PM,06:18 PM,641.64,26,13.18,None,0,0
S1320,2026-04-16,07:32 AM,Yamuna,Mess,07:21 AM,07:45 AM,0,0,0,0,344.17,32,34.55,Breakfast,0,0
S1321,2026-04-22,01:01 PM,Rajendra,Library,0,0,11:23 AM,02:23 PM,10:58 AM,02:53 PM,852.35,63,13.22,None,0,0
S1322,2026-04-28,09:43 PM,Sarojini,Library,0,0,09:40 PM,11:17 PM,09:26 PM,11:49 PM,745.48,135,22.6,None,0,0
S1323,2026-04-05,02:44 PM,Sarojini,Mess,02:30 PM,02:51 PM,0,0,0,0,458.63,14,34.39,Lunch,0,0
S1324,2026-04-17,12:57 AM,Yamuna,Hostel,0,0,0,0,0,0,183.71,56,19.09,None,0,0
S1325,2026-04-13,08:12 PM,Ganga,Hostel,0,0,0,0,0,0,1100.22,25,25.99,None,0,0
S1326,2026-04-29,01:16 PM,Rajendra,Mess,12:46 PM,01:28 PM,0,0,0,0,412.11,151,42.35,Lunch,1,0
S1327,2026-04-21,09:39 PM,Sarojini,Hostel,0,0,0,0,0,0,1182.6,155,24.75,None,0,0
S1328,2026-04-29,12:02 PM,Sarojini,Classroom,0,0,0,0,11:27 AM,12:36 PM,391.9,45,4.19,None,1,0
S1329,2026-04-14,09:06 PM,Rajendra,Mess,09:05 PM,09:44 PM,0,0,0,0,565.39,122,45.19,Dinner,0,0
S1330,2026-04-22,02:32 PM,Azad,Mess,01:45 PM,02:37 PM,0,0,0,0,485.07,30,35.11,Lunch,0,0
S1331,2026-04-06,11:00 PM,Sarojini,Outside,0,0,0,0,09:11 PM,11:59 PM,278.2,59,5.0,None,0,0
S1332,2026-05-01,08:08 PM,Yamuna,Library,0,0,07:50 PM,08:27 PM,07:44 PM,08:41 PM,907.15,200,27.99,None,0,0
S1333,2026-04-05,09:29 AM,Azad,Library,0,0,09:13 AM,10:40 AM,08:49 AM,11:28 AM,709.39,120,28.8,None,0,0
S1334,2026-04-21,11:45 PM,Sarojini,Library,0,0,10:58 PM,11:59 PM,10:48 PM,11:59 PM,829.78,165,24.64,None,0,0
S1335,2026-04-10,07:44 PM,Ganga,Mess,07:43 PM,08:03 PM,0,0,0,0,439.67,52,45.12,Dinner,0,0
S1336,2026-04-21,07:34 PM,Ganga,Outside,0,0,0,0,06:36 PM,09:19 PM,154.3,12,1.19,None,0,0
S1337,2026-04-06,11:47 AM,Sarojini,Library,0,0,09:51 AM,12:48 PM,09:41 AM,01:42 PM,792.24,81,16.48,None,0,0
S1338,2026-04-05,05:32 PM,Ganga,Library,0,0,05:11 PM,06:00 PM,04:44 PM,06:27 PM,415.92,152,15.08,None,0,0
S1339,2026-04-23,06:20 AM,Yamuna,Outside,0,0,0,0,05:11 AM,09:19 AM,276.22,92,6.37,None,0,0
S1340,2026-04-29,09:09 PM,Yamuna,Library,0,0,08:17 PM,09:59 PM,07:51 PM,10:12 PM,552.37,150,27.48,None,0,0
S1341,2026-04-21,01:47 PM,Sarojini,Mess,01:41 PM,02:36 PM,0,0,0,0,412.58,91,37.46,Lunch,1,0
S1342,2026-05-01,09:38 PM,Rajendra,Mess,09:15 PM,09:46 PM,0,0,0,0,510.96,144,42.77,Dinner,0,0
S1343,2026-04-27,11:48 PM,Yamuna,Outside,0,0,0,0,10:17 PM,11:59 PM,261.01,111,9.61,None,0,0
S1344,2026-04-05,12:16 PM,Yamuna,Library,0,0,09:46 AM,12:33 PM,09:30 AM,12:44 PM,880.08,149,28.46,None,0,0
S1345,2026-04-07,11:07 AM,Rajendra,Library,0,0,10:46 AM,12:12 PM,10:26 AM,01:09 PM,1094.2,91,19.92,None,0,0
S1346,2026-04-02,04:30 PM,Azad,Library,0,0,03:37 PM,06:33 PM,03:13 PM,06:52 PM,743.47,16,7.73,None,0,0
S1347,2026-04-06,10:34 PM,Yamuna,Library,0,0,10:05 PM,11:59 PM,09:42 PM,11:59 PM,691.21,141,28.46,None,0,0
S1348,2026-04-18,06:36 PM,Rajendra,Library,0,0,06:26 PM,07:49 PM,06:13 PM,08:03 PM,572.57,188,31.39,None,0,0
S1349,2026-04-17,10:37 PM,Rajendra,Library,0,0,09:35 PM,11:53 PM,09:06 PM,11:59 PM,1000.04,39,12.69,None,0,0
S1350,2026-04-26,10:58 PM,Ganga,Library,0,0,09:54 PM,11:03 PM,09:34 PM,11:28 PM,931.46,11,14.03,None,0,0
S1351,2026-04-07,07:29 AM,Ganga,Outside,0,0,0,0,06:14 AM,09:16 AM,384.52,55,4.05,None,0,0
S1352,2026-04-26,07:43 AM,Azad,Hostel,0,0,0,0,0,0,265.91,120,39.63,None,0,0
S1353,2026-04-16,11:40 AM,Ganga,Library,0,0,10:45 AM,11:41 AM,10:40 AM,11:58 AM,662.36,154,27.55,None,1,0
S1354,2026-04-11,05:38 PM,Ganga,Library,0,0,05:09 PM,06:05 PM,04:41 PM,06:39 PM,628.92,73,19.75,None,0,0
S1355,2026-04-16,11:17 PM,Yamuna,Library,0,0,10:46 PM,11:59 PM,10:17 PM,11:59 PM,619.93,79,14.96,None,0,0
S1356,2026-04-25,10:27 AM,Yamuna,Library,0,0,09:04 AM,10:54 AM,08:41 AM,11:10 AM,651.63,91,21.15,None,1,1
S1357,2026-04-10,03:07 PM,Ganga,Classroom,0,0,0,0,02:39 PM,04:46 PM,246.97,133,14.41,None,1,0
S1358,2026-04-07,05:43 PM,Ganga,Outside,0,0,0,0,04:06 PM,07:12 PM,286.27,32,3.66,None,0,0
S1359,2026-04-16,11:24 PM,Ganga,Library,0,0,10:59 PM,11:59 PM,10:31 PM,11:59 PM,1023.17,189,32.64,None,0,0
S1360,2026-04-12,08:09 PM,Azad,Library,0,0,07:17 PM,09:00 PM,06:52 PM,09:44 PM,730.98,193,22.08,None,0,0
S1361,2026-04-17,07:54 PM,Rajendra,Hostel,0,0,0,0,0,0,297.91,48,25.69,None,0,0
S1362,2026-04-21,08:36 AM,Ganga,Mess,08:18 AM,08:43 AM,0,0,0,0,412.45,60,45.05,Breakfast,0,0
S1363,2026-04-21,07:15 PM,Rajendra,Library,0,0,06:59 PM,07:53 PM,06:36 PM,08:31 PM,763.43,111,19.64,None,0,0
S1364,2026-04-19,10:01 AM,Yamuna,Mess,09:56 AM,10:27 AM,0,0,0,0,416.68,40,32.93,Breakfast,1,1
S1365,2026-04-03,11:00 AM,Ganga,Library,0,0,10:54 AM,01:00 PM,10:26 AM,01:42 PM,733.75,123,22.03,None,0,0
S1366,2026-04-02,01:30 PM,Ganga,Classroom,0,0,0,0,12:53 PM,03:11 PM,110.33,190,22.89,None,1,0
S1367,2026-04-12,08:43 PM,Rajendra,Mess,07:50 PM,08:43 PM,0,0,0,0,650.27,45,43.34,Dinner,0,0
S1368,2026-04-04,09:37 AM,Rajendra,Classroom,0,0,0,0,09:11 AM,10:44 AM,215.02,77,9.47,None,1,1
S1369,2026-04-14,05:39 AM,Yamuna,Outside,0,0,0,0,04:29 AM,07:21 AM,189.73,187,17.73,None,0,0
S1370,2026-04-02,12:00 PM,Ganga,Hostel,0,0,0,0,0,0,387.72,69,17.33,None,0,0
S1371,2026-04-09,01:33 PM,Rajendra,Outside,0,0,0,0,12:03 PM,04:30 PM,100.23,56,3.72,None,0,0
S1372,2026-04-18,01:15 PM,Rajendra,Mess,01:05 PM,02:05 PM,0,0,0,0,391.99,88,39.21,Lunch,0,0
S1373,2026-04-24,08:56 AM,Rajendra,Mess,08:26 AM,09:26 AM,0,0,0,0,317.13,24,23.46,Breakfast,0,0
S1374,2026-04-09,12:52 PM,Ganga,Outside,0,0,0,0,11:57 AM,03:14 PM,358.5,41,3.13,None,1,0
S1375,2026-04-30,03:07 PM,Ganga,Mess,02:54 PM,03:21 PM,0,0,0,0,266.83,194,59.27,Lunch,1,0
S1376,2026-04-17,01:03 PM,Rajendra,Mess,12:37 PM,01:28 PM,0,0,0,0,444.47,172,39.54,Lunch,1,0
S1377,2026-04-01,12:41 PM,Rajendra,Library,0,0,10:22 AM,12:53 PM,10:01 AM,01:24 PM,750.03,55,15.02,None,0,0
S1378,2026-04-19,02:04 PM,Sarojini,Outside,0,0,0,0,12:06 PM,03:22 PM,136.23,85,8.46,None,1,0
S1379,2026-04-02,02:12 PM,Ganga,Outside,0,0,0,0,12:19 PM,04:16 PM,220.75,123,9.41,None,1,0
S1380,2026-04-15,09:34 PM,Yamuna,Hostel,0,0,0,0,0,0,1151.45,122,27.07,None,0,0
S1381,2026-04-21,05:06 AM,Ganga,Outside,0,0,0,0,04:34 AM,06:37 AM,182.23,47,5.17,None,0,0
S1382,2026-04-01,07:37 PM,Yamuna,Outside,0,0,0,0,06:54 PM,09:07 PM,253.89,53,5.14,None,0,0
S1383,2026-04-12,08:54 PM,Ganga,Mess,08:24 PM,09:22 PM,0,0,0,0,432.67,41,37.22,Dinner,0,0
S1384,2026-04-18,04:55 AM,Ganga,Hostel,0,0,0,0,0,0,244.09,134,25.86,None,0,0
S1385,2026-04-19,08:03 PM,Sarojini,Mess,07:32 PM,08:04 PM,0,0,0,0,277.17,187,45.31,Dinner,0,0
S1386,2026-04-02,01:21 PM,Rajendra,Classroom,0,0,0,0,01:04 PM,03:05 PM,265.23,169,17.31,None,1,0
S1387,2026-04-20,12:49 PM,Azad,Library,0,0,12:28 PM,01:26 PM,12:06 PM,02:24 PM,704.97,28,11.8,None,0,0
S1388,2026-04-10,11:31 AM,Sarojini,Library,0,0,10:45 AM,11:51 AM,10:39 AM,12:22 PM,645.57,86,18.81,None,0,0
S1389,2026-04-10,05:51 PM,Yamuna,Hostel,0,0,0,0,0,0,175.42,86,34.62,None,0,0
S1390,2026-04-09,10:54 AM,Sarojini,Library,0,0,10:24 AM,12:35 PM,09:57 AM,01:34 PM,696.68,118,30.25,None,0,0
S1391,2026-04-11,09:17 PM,Ganga,Mess,08:54 PM,09:33 PM,0,0,0,0,582.84,200,47.88,Dinner,0,0
S1392,2026-04-18,10:07 PM,Ganga,Mess,09:40 PM,10:21 PM,0,0,0,0,595.65,180,45.29,Dinner,0,0
S1393,2026-04-29,07:37 PM,Yamuna,Mess,07:02 PM,07:41 PM,0,0,0,0,494.7,40,25.4,Dinner,0,0
S1394,2026-04-18,08:02 AM,Azad,Mess,07:50 AM,08:25 AM,0,0,0,0,567.9,34,34.37,Breakfast,0,0
S1395,2026-04-06,12:10 PM,Yamuna,Mess,12:10 PM,12:43 PM,0,0,0,0,361.22,16,33.16,Lunch,0,0
S1396,2026-04-16,01:19 PM,Ganga,Hostel,0,0,0,0,0,0,267.08,56,23.16,None,1,0
S1397,2026-04-06,07:50 PM,Azad,Library,0,0,06:08 PM,08:35 PM,05:49 PM,09:29 PM,923.6,141,20.55,None,0,0
S1398,2026-04-30,01:18 PM,Azad,Mess,12:58 PM,01:24 PM,0,0,0,0,351.86,151,58.17,Lunch,0,0
S1399,2026-04-14,02:22 PM,Azad,Hostel,0,0,0,0,0,0,262.54,99,21.49,None,0,0
S1400,2026-04-04,08:39 AM,Yamuna,Hostel,0,0,0,0,0,0,183.97,108,38.25,None,0,0
S1401,2026-04-12,12:48 PM,Rajendra,Mess,12:47 PM,01:42 PM,0,0,0,0,603.63,123,56.39,Lunch,1,0
S1402,2026-04-29,08:51 PM,Ganga,Mess,08:43 PM,09:07 PM,0,0,0,0,630.17,69,29.51,Dinner,0,0
S1403,2026-04-01,11:11 AM,Sarojini,Outside,0,0,0,0,10:14 AM,01:13 PM,373.1,176,22.05,None,1,0
S1404,2026-04-13,11:17 PM,Ganga,Library,0,0,09:03 PM,11:36 PM,08:48 PM,11:59 PM,748.54,33,16.99,None,0,0
S1405,2026-04-19,02:36 PM,Yamuna,Mess,02:27 PM,02:49 PM,0,0,0,0,475.48,160,53.55,Lunch,0,0
S1406,2026-04-04,02:20 PM,Sarojini,Mess,01:29 PM,02:24 PM,0,0,0,0,401.51,155,44.04,Lunch,1,0
S1407,2026-04-29,05:21 PM,Azad,Hostel,0,0,0,0,0,0,355.86,19,18.66,None,0,0
S1408,2026-04-30,06:07 PM,Ganga,Outside,0,0,0,0,04:13 PM,09:03 PM,285.07,31,3.93,None,0,0
S1409,2026-04-01,10:35 PM,Azad,Library,0,0,10:20 PM,11:25 PM,10:02 PM,11:59 PM,566.45,177,17.59,None,0,0
S1410,2026-04-01,07:54 AM,Sarojini,Mess,07:42 AM,08:11 AM,0,0,0,0,621.14,191,56.51,Breakfast,0,0
S1411,2026-04-29,07:03 PM,Azad,Hostel,0,0,0,0,0,0,140.7,94,32.25,None,0,0
S1412,2026-04-24,12:59 PM,Rajendra,Library,0,0,12:28 PM,01:34 PM,12:16 PM,02:15 PM,720.76,80,18.76,None,1,0
S1413,2026-05-01,12:13 PM,Yamuna,Library,0,0,12:09 PM,01:56 PM,11:55 AM,02:26 PM,790.29,59,18.47,None,1,0
S1414,2026-04-11,08:25 PM,Sarojini,Library,0,0,07:12 PM,09:49 PM,07:00 PM,10:04 PM,548.43,130,18.7,None,0,0
S1415,2026-04-06,05:47 PM,Yamuna,Library,0,0,04:46 PM,06:18 PM,04:16 PM,06:56 PM,765.68,33,10.8,None,0,0
S1416,2026-04-05,08:10 PM,Azad,Mess,07:38 PM,08:30 PM,0,0,0,0,486.59,149,35.74,Dinner,0,0
S1417,2026-04-02,09:31 PM,Azad,Mess,09:23 PM,10:18 PM,0,0,0,0,506.22,192,52.08,Dinner,0,0
S1418,2026-04-12,11:27 AM,Yamuna,Library,0,0,09:59 AM,12:09 PM,09:39 AM,12:28 PM,471.24,194,26.66,None,0,0
S1419,2026-04-30,09:12 PM,Yamuna,Mess,09:07 PM,09:54 PM,0,0,0,0,366.8,166,59.91,Dinner,0,0
S1420,2026-04-27,09:51 AM,Sarojini,Classroom,0,0,0,0,09:24 AM,11:16 AM,395.66,120,6.22,None,1,1
S1421,2026-04-16,12:37 AM,Azad,Hostel,0,0,0,0,0,0,370.31,170,40.69,None,0,0
S1422,2026-04-09,01:19 PM,Ganga,Library,0,0,01:16 PM,03:07 PM,12:46 PM,03:55 PM,588.03,71,12.32,None,1,0
S1423,2026-04-07,01:14 PM,Sarojini,Mess,01:09 PM,02:04 PM,0,0,0,0,354.58,142,41.66,Lunch,0,0
S1424,2026-04-09,11:41 AM,Ganga,Library,0,0,11:33 AM,12:03 PM,11:28 AM,12:43 PM,713.54,30,10.41,None,0,0
S1425,2026-04-27,01:50 PM,Rajendra,Mess,01:19 PM,01:54 PM,0,0,0,0,290.0,176,46.42,Lunch,0,0
S1426,2026-04-29,10:21 PM,Yamuna,Hostel,0,0,0,0,0,0,1287.58,87,34.28,None,0,0
S1427,2026-04-17,07:19 PM,Azad,Mess,07:16 PM,08:00 PM,0,0,0,0,446.59,188,48.13,Dinner,0,0
S1428,2026-04-04,02:53 PM,Yamuna,Mess,02:36 PM,03:07 PM,0,0,0,0,478.11,149,45.69,Lunch,0,0
S1429,2026-04-14,01:31 PM,Sarojini,Library,0,0,01:11 PM,01:41 PM,12:45 PM,02:18 PM,608.09,147,30.17,None,1,0
S1430,2026-04-27,11:13 PM,Yamuna,Library,0,0,10:34 PM,11:33 PM,10:12 PM,11:59 PM,644.3,46,12.94,None,0,0
S1431,2026-04-10,04:11 PM,Sarojini,Outside,0,0,0,0,03:41 PM,05:47 PM,391.57,115,7.86,None,1,1
S1432,2026-05-01,10:12 PM,Rajendra,Library,0,0,07:47 PM,10:47 PM,07:18 PM,11:15 PM,652.3,162,27.94,None,0,0
S1433,2026-04-28,11:47 PM,Rajendra,Outside,0,0,0,0,10:40 PM,11:59 PM,315.68,103,13.83,None,0,0
S1434,2026-04-16,07:02 PM,Rajendra,Hostel,0,0,0,0,0,0,326.27,188,51.28,None,0,0
S1435,2026-04-06,11:59 AM,Yamuna,Library,0,0,11:17 AM,01:00 PM,10:51 AM,01:17 PM,908.61,157,31.4,None,0,0
S1436,2026-04-18,04:09 PM,Sarojini,Outside,0,0,0,0,03:35 PM,06:16 PM,218.38,104,12.21,None,1,1
S1437,2026-04-07,04:06 PM,Rajendra,Library,0,0,02:41 PM,04:26 PM,02:31 PM,05:21 PM,889.04,127,17.65,None,1,1
S1438,2026-04-23,08:36 PM,Ganga,Mess,08:33 PM,09:12 PM,0,0,0,0,367.92,106,47.71,Dinner,0,0
S1439,2026-04-02,08:22 PM,Ganga,Mess,07:59 PM,08:53 PM,0,0,0,0,571.42,147,60.58,Dinner,0,0
S1440,2026-04-16,08:35 AM,Yamuna,Outside,0,0,0,0,07:20 AM,09:58 AM,108.37,14,1.7,None,0,0
S1441,2026-04-24,07:43 PM,Rajendra,Library,0,0,07:22 PM,08:30 PM,07:08 PM,09:06 PM,1040.21,141,25.5,None,0,0
S1442,2026-04-26,04:04 PM,Ganga,Library,0,0,02:34 PM,04:39 PM,02:25 PM,04:54 PM,721.14,170,20.58,None,1,1
S1443,2026-04-12,09:39 PM,Yamuna,Mess,09:14 PM,09:44 PM,0,0,0,0,570.73,156,44.19,Dinner,0,0
S1444,2026-04-19,02:40 PM,Ganga,Mess,02:02 PM,02:42 PM,0,0,0,0,369.35,190,45.01,Lunch,1,0
S1445,2026-04-01,12:40 PM,Sarojini,Classroom,0,0,0,0,12:00 PM,01:27 PM,340.92,80,10.55,None,1,0
S1446,2026-04-14,01:23 AM,Yamuna,Outside,0,0,0,0,12:20 AM,03:33 AM,197.47,48,4.64,None,0,0
S1447,2026-05-01,04:46 AM,Sarojini,Outside,0,0,0,0,03:04 AM,07:03 AM,219.1,124,13.16,None,0,0
S1448,2026-04-05,11:51 PM,Yamuna,Outside,0,0,0,0,11:09 PM,11:59 PM,347.76,54,5.28,None,0,0
S1449,2026-04-26,03:45 PM,Ganga,Library,0,0,01:44 PM,04:41 PM,01:27 PM,05:19 PM,887.07,16,15.7,None,1,0
S1450,2026-04-25,08:30 AM,Azad,Outside,0,0,0,0,06:42 AM,10:01 AM,318.95,160,10.91,None,0,0
S1451,2026-04-27,06:30 PM,Yamuna,Library,0,0,06:11 PM,07:45 PM,05:55 PM,08:44 PM,598.65,183,21.87,None,0,0
S1452,2026-04-26,10:07 AM,Azad,Outside,0,0,0,0,08:52 AM,11:28 AM,198.38,42,4.92,None,1,1
S1453,2026-04-08,02:38 PM,Yamuna,Library,0,0,01:59 PM,03:44 PM,01:54 PM,04:02 PM,502.79,50,19.66,None,1,0
S1454,2026-04-12,07:20 PM,Rajendra,Library,0,0,06:10 PM,08:22 PM,06:02 PM,08:39 PM,899.96,152,28.29,None,0,0
S1455,2026-04-08,12:27 PM,Yamuna,Mess,12:03 PM,12:42 PM,0,0,0,0,344.83,190,31.49,Lunch,1,0
S1456,2026-04-25,09:01 PM,Rajendra,Mess,08:45 PM,09:40 PM,0,0,0,0,584.49,127,46.2,Dinner,0,0
S1457,2026-04-15,09:37 AM,Yamuna,Outside,0,0,0,0,08:40 AM,12:26 PM,323.15,192,22.6,None,0,0
S1458,2026-04-01,01:02 PM,Azad,Mess,12:40 PM,01:06 PM,0,0,0,0,419.8,97,37.24,Lunch,0,0
S1459,2026-04-18,01:47 AM,Azad,Outside,0,0,0,0,12:15 AM,04:40 AM,321.71,61,4.78,None,0,0
S1460,2026-05-01,08:12 PM,Yamuna,Mess,08:08 PM,08:28 PM,0,0,0,0,471.1,178,41.21,Dinner,0,0
S1461,2026-04-26,07:02 AM,Yamuna,Outside,0,0,0,0,05:43 AM,08:55 AM,248.48,149,7.84,None,0,0
S1462,2026-04-08,02:07 PM,Yamuna,Mess,01:10 PM,02:08 PM,0,0,0,0,411.03,89,44.88,Lunch,1,0
S1463,2026-04-21,04:01 PM,Azad,Outside,0,0,0,0,02:23 PM,05:40 PM,202.13,173,16.33,None,0,0
S1464,2026-04-24,09:19 AM,Ganga,Mess,09:19 AM,10:06 AM,0,0,0,0,500.17,111,43.07,Breakfast,1,1
S1465,2026-04-22,01:20 PM,Rajendra,Mess,01:15 PM,01:37 PM,0,0,0,0,450.32,34,29.98,Lunch,1,0
S1466,2026-04-21,08:11 PM,Azad,Mess,08:04 PM,08:36 PM,0,0,0,0,427.16,162,57.36,Dinner,0,0
S1467,2026-04-10,03:06 PM,Azad,Mess,02:57 PM,03:40 PM,0,0,0,0,296.23,141,50.26,Lunch,0,0
S1468,2026-04-19,04:12 PM,Yamuna,Library,0,0,03:57 PM,04:33 PM,03:52 PM,04:45 PM,889.63,119,24.25,None,0,0
S1469,2026-04-11,03:19 AM,Rajendra,Outside,0,0,0,0,01:56 AM,05:17 AM,291.29,104,11.16,None,0,0
S1470,2026-04-07,09:56 PM,Yamuna,Hostel,0,0,0,0,0,0,895.66,103,23.67,None,0,0
S1471,2026-04-23,11:55 PM,Azad,Outside,0,0,0,0,10:35 PM,11:59 PM,301.11,157,11.7,None,0,0
S1472,2026-04-28,10:40 AM,Yamuna,Library,0,0,10:15 AM,11:42 AM,09:56 AM,12:41 PM,977.49,184,23.45,None,0,0
S1473,2026-04-21,10:48 AM,Rajendra,Library,0,0,10:05 AM,11:32 AM,09:37 AM,11:45 AM,779.57,58,17.38,None,0,0
S1474,2026-04-23,10:42 AM,Sarojini,Library,0,0,10:30 AM,11:06 AM,10:15 AM,11:20 AM,772.14,148,20.95,None,1,1
S1475,2026-04-11,09:27 AM,Sarojini,Library,0,0,09:07 AM,09:57 AM,08:42 AM,10:37 AM,845.03,55,16.08,None,1,1
S1476,2026-04-28,12:43 PM,Rajendra,Mess,12:39 PM,01:24 PM,0,0,0,0,561.65,158,38.42,Lunch,0,0
S1477,2026-04-04,02:01 PM,Yamuna,Library,0,0,01:27 PM,02:52 PM,01:14 PM,03:34 PM,642.19,117,27.21,None,1,0
S1478,2026-04-21,11:00 AM,Rajendra,Library,0,0,10:01 AM,12:02 PM,09:43 AM,12:15 PM,827.15,88,24.64,None,0,0
S1479,2026-04-01,08:09 PM,Ganga,Library,0,0,07:30 PM,10:14 PM,07:14 PM,10:39 PM,752.86,85,15.23,None,0,0
S1480,2026-04-07,11:42 AM,Ganga,Library,0,0,11:14 AM,11:56 AM,11:03 AM,12:55 PM,815.24,131,18.54,None,1,0
S1481,2026-04-02,11:20 AM,Azad,Outside,0,0,0,0,10:01 AM,01:17 PM,313.84,13,0.83,None,1,0
S1482,2026-04-28,07:49 PM,Yamuna,Library,0,0,07:10 PM,08:09 PM,07:00 PM,09:07 PM,991.32,38,15.51,None,0,0
S1483,2026-04-15,10:01 PM,Ganga,Hostel,0,0,0,0,0,0,705.48,176,37.06,None,0,0
S1484,2026-04-06,12:57 PM,Ganga,Mess,12:35 PM,12:57 PM,0,0,0,0,391.31,188,41.3,Lunch,1,0
S1485,2026-04-03,10:01 PM,Yamuna,Library,0,0,09:56 PM,11:59 PM,09:32 PM,11:59 PM,1015.33,144,25.27,None,0,0
S1486,2026-04-23,04:35 AM,Azad,Outside,0,0,0,0,02:40 AM,06:02 AM,379.74,27,2.91,None,0,0
S1487,2026-04-28,12:57 PM,Azad,Library,0,0,12:28 PM,01:13 PM,12:15 PM,01:54 PM,597.86,56,14.26,None,1,0
S1488,2026-05-01,05:04 PM,Yamuna,Library,0,0,04:08 PM,06:11 PM,03:39 PM,06:29 PM,604.29,59,11.53,None,0,0
S1489,2026-04-05,05:56 AM,Azad,Hostel,0,0,0,0,0,0,265.0,29,25.12,None,0,0
S1490,2026-04-25,09:57 AM,Yamuna,Mess,09:27 AM,09:59 AM,0,0,0,0,534.98,192,35.44,Breakfast,0,0
S1491,2026-04-13,09:43 PM,Sarojini,Mess,09:23 PM,10:09 PM,0,0,0,0,418.93,96,43.14,Dinner,0,0
S1492,2026-04-17,04:44 PM,Azad,Hostel,0,0,0,0,0,0,183.67,118,28.8,None,1,1
S1493,2026-04-10,09:28 PM,Yamuna,Library,0,0,09:12 PM,10:02 PM,09:01 PM,10:49 PM,761.08,90,17.65,None,0,0
S1494,2026-04-10,11:01 AM,Azad,Hostel,0,0,0,0,0,0,106.21,144,32.66,None,0,0
S1495,2026-04-25,04:49 AM,Rajendra,Hostel,0,0,0,0,0,0,126.16,169,33.13,None,0,0
S1496,2026-04-21,10:36 AM,Rajendra,Outside,0,0,0,0,09:08 AM,12:13 PM,190.43,175,20.22,None,0,0
S1497,2026-04-17,07:19 AM,Sarojini,Mess,07:12 AM,07:42 AM,0,0,0,0,443.8,152,47.0,Breakfast,0,0
S1498,2026-04-26,05:30 PM,Yamuna,Library,0,0,03:39 PM,06:24 PM,03:20 PM,06:47 PM,452.74,164,31.49,None,0,0
S1499,2026-04-08,12:03 PM,Sarojini,Mess,12:02 PM,12:33 PM,0,0,0,0,356.15,94,47.17,Lunch,1,0
S1500,2026-04-29,08:03 PM,Sarojini,Mess,07:10 PM,08:03 PM,0,0,0,0,401.01,149,34.86,Dinner,0,0
S1501,2026-04-13,02:59 PM,Rajendra,Mess,02:22 PM,03:18 PM,0,0,0,0,329.98,151,45.69,Lunch,1,0
S1502,2026-04-26,11:46 AM,Sarojini,Outside,0,0,0,0,11:10 AM,02:13 PM,344.11,172,9.33,None,0,0
S1503,2026-04-27,07:25 AM,Azad,Mess,07:17 AM,07:42 AM,0,0,0,0,337.66,41,44.79,Breakfast,0,0
S1504,2026-04-03,01:42 AM,Azad,Hostel,0,0,0,0,0,0,160.36,40,28.86,None,0,0
S1505,2026-04-15,06:06 PM,Rajendra,Classroom,0,0,0,0,05:41 PM,07:15 PM,331.31,186,12.37,None,1,1
S1506,2026-04-06,10:34 AM,Ganga,Mess,09:42 AM,10:40 AM,0,0,0,0,549.32,66,37.1,Breakfast,1,1
S1507,2026-04-14,09:28 AM,Yamuna,Mess,09:05 AM,09:39 AM,0,0,0,0,410.98,194,51.6,Breakfast,1,1
S1508,2026-04-04,12:12 PM,Sarojini,Outside,0,0,0,0,10:35 AM,01:36 PM,362.28,116,12.74,None,1,0
S1509,2026-04-14,08:55 AM,Ganga,Mess,07:58 AM,08:57 AM,0,0,0,0,406.08,122,36.14,Breakfast,0,0
S1510,2026-04-13,07:37 PM,Sarojini,Mess,07:37 PM,08:15 PM,0,0,0,0,272.11,97,50.77,Dinner,0,0
S1511,2026-04-15,07:42 PM,Azad,Mess,07:42 PM,08:13 PM,0,0,0,0,271.18,88,33.66,Dinner,0,0
S1512,2026-04-06,05:20 AM,Ganga,Outside,0,0,0,0,03:37 AM,06:31 AM,256.75,49,3.68,None,0,0
S1513,2026-04-21,10:20 PM,Rajendra,Library,0,0,09:59 PM,11:49 PM,09:47 PM,11:59 PM,844.98,92,20.19,None,0,0
S1514,2026-04-16,03:33 PM,Sarojini,Library,0,0,02:15 PM,04:21 PM,01:56 PM,04:39 PM,777.12,185,16.38,None,1,0
S1515,2026-04-15,07:03 PM,Ganga,Library,0,0,06:33 PM,07:56 PM,06:05 PM,08:06 PM,958.57,147,23.95,None,0,0
S1516,2026-04-21,08:48 AM,Sarojini,Mess,08:36 AM,08:58 AM,0,0,0,0,569.13,179,44.85,Breakfast,0,0
S1517,2026-04-10,03:19 AM,Rajendra,Hostel,0,0,0,0,0,0,293.13,123,25.2,None,0,0
S1518,2026-04-23,08:06 PM,Azad,Mess,07:43 PM,08:06 PM,0,0,0,0,403.45,118,35.16,Dinner,0,0
S1519,2026-04-02,11:47 AM,Ganga,Library,0,0,10:48 AM,12:30 PM,10:24 AM,12:51 PM,795.71,161,17.71,None,0,0
S1520,2026-04-26,08:45 AM,Yamuna,Outside,0,0,0,0,06:50 AM,11:24 AM,214.7,194,11.61,None,0,0
S1521,2026-04-26,08:30 AM,Sarojini,Classroom,0,0,0,0,08:02 AM,09:49 AM,159.19,147,15.02,None,1,1
S1522,2026-05-01,09:53 PM,Sarojini,Mess,09:43 PM,10:06 PM,0,0,0,0,571.76,59,41.55,Dinner,0,0
S1523,2026-04-20,09:23 PM,Yamuna,Mess,09:20 PM,09:48 PM,0,0,0,0,588.17,89,39.23,Dinner,0,0
S1524,2026-04-27,09:36 AM,Rajendra,Library,0,0,09:10 AM,10:03 AM,08:46 AM,11:01 AM,839.41,162,33.7,None,0,0
S1525,2026-04-30,02:41 PM,Sarojini,Library,0,0,12:59 PM,03:16 PM,12:31 PM,03:51 PM,843.26,130,27.94,None,0,0
S1526,2026-04-18,02:43 PM,Sarojini,Mess,02:17 PM,03:05 PM,0,0,0,0,348.33,62,35.1,Lunch,1,0
S1527,2026-04-14,06:41 PM,Rajendra,Classroom,0,0,0,0,06:06 PM,07:54 PM,144.07,176,9.37,None,1,1
S1528,2026-04-23,10:25 AM,Azad,Outside,0,0,0,0,08:28 AM,12:30 PM,397.46,50,3.79,None,0,0
S1529,2026-04-12,01:12 AM,Yamuna,Hostel,0,0,0,0,0,0,389.77,77,30.02,None,0,0
S1530,2026-04-20,03:52 PM,Yamuna,Library,0,0,03:29 PM,04:04 PM,03:18 PM,04:36 PM,607.56,111,18.75,None,1,0
S1531,2026-04-12,12:35 AM,Ganga,Hostel,0,0,0,0,0,0,152.86,127,30.83,None,0,0
S1532,2026-04-08,10:49 AM,Sarojini,Hostel,0,0,0,0,0,0,130.61,86,20.69,None,1,1
S1533,2026-04-14,03:01 PM,Azad,Mess,02:31 PM,03:24 PM,0,0,0,0,488.62,107,40.18,Lunch,1,0
S1534,2026-04-18,12:26 PM,Azad,Outside,0,0,0,0,10:35 AM,02:20 PM,308.85,59,6.02,None,1,0
S1535,2026-04-09,03:10 PM,Sarojini,Mess,02:46 PM,03:38 PM,0,0,0,0,543.32,175,39.02,Lunch,1,0
S1536,2026-04-24,07:42 PM,Yamuna,Library,0,0,06:43 PM,08:41 PM,06:24 PM,08:52 PM,726.21,94,11.78,None,0,0
S1537,2026-04-13,07:00 PM,Sarojini,Library,0,0,06:25 PM,08:14 PM,06:10 PM,08:27 PM,772.24,98,23.61,None,0,0
S1538,2026-04-23,12:51 AM,Yamuna,Hostel,0,0,0,0,0,0,145.4,173,29.87,None,0,0
S1539,2026-04-22,03:19 PM,Yamuna,Mess,02:57 PM,03:53 PM,0,0,0,0,383.3,182,45.25,Lunch,1,0
S1540,2026-04-18,01:29 PM,Rajendra,Classroom,0,0,0,0,12:55 PM,02:25 PM,248.67,62,4.08,None,1,0
S1541,2026-04-12,08:43 AM,Rajendra,Mess,08:18 AM,08:44 AM,0,0,0,0,377.37,22,39.83,Breakfast,0,0
S1542,2026-04-04,10:47 PM,Azad,Outside,0,0,0,0,10:02 PM,11:59 PM,204.38,75,6.58,None,0,0
S1543,2026-04-21,04:32 PM,Sarojini,Library,0,0,03:40 PM,05:49 PM,03:11 PM,06:41 PM,857.25,200,43.67,None,1,1
S1544,2026-04-03,02:05 PM,Ganga,Mess,01:11 PM,02:11 PM,0,0,0,0,436.93,166,47.71,Lunch,0,0
S1545,2026-04-01,02:06 PM,Sarojini,Mess,01:52 PM,02:50 PM,0,0,0,0,631.29,118,43.28,Lunch,1,0
S1546,2026-04-25,03:25 PM,Ganga,Library,0,0,02:52 PM,05:04 PM,02:30 PM,05:24 PM,562.16,116,22.89,None,0,0
S1547,2026-04-24,05:44 PM,Rajendra,Hostel,0,0,0,0,0,0,109.98,22,17.63,None,0,0
S1548,2026-04-04,03:05 PM,Azad,Classroom,0,0,0,0,02:47 PM,04:19 PM,275.22,72,6.2,None,1,0
S1549,2026-04-11,08:39 AM,Yamuna,Mess,08:25 AM,08:53 AM,0,0,0,0,509.65,63,32.57,Breakfast,0,0
S1550,2026-04-30,04:42 PM,Sarojini,Library,0,0,04:08 PM,06:12 PM,03:43 PM,07:08 PM,856.77,142,23.0,None,1,1
S1551,2026-04-20,08:27 AM,Yamuna,Mess,08:10 AM,08:41 AM,0,0,0,0,520.25,141,54.79,Breakfast,0,0
S1552,2026-04-18,12:44 PM,Ganga,Library,0,0,11:48 AM,12:49 PM,11:24 AM,01:49 PM,744.48,154,27.62,None,0,0
S1553,2026-04-03,04:12 PM,Sarojini,Library,0,0,01:39 PM,04:17 PM,01:12 PM,05:14 PM,634.16,160,34.54,None,0,0
S1554,2026-04-13,07:41 AM,Azad,Hostel,0,0,0,0,0,0,147.7,107,22.79,None,0,0
S1555,2026-04-24,03:48 PM,Yamuna,Classroom,0,0,0,0,03:22 PM,05:00 PM,189.73,101,10.8,None,1,0
S1556,2026-04-27,09:15 PM,Ganga,Mess,09:11 PM,09:38 PM,0,0,0,0,383.45,142,47.45,Dinner,0,0
S1557,2026-04-05,02:45 PM,Rajendra,Mess,02:04 PM,02:51 PM,0,0,0,0,548.61,11,33.29,Lunch,0,0
S1558,2026-04-20,03:02 PM,Ganga,Mess,02:34 PM,03:05 PM,0,0,0,0,385.1,194,34.11,Lunch,1,0
S1559,2026-04-01,07:37 PM,Ganga,Mess,07:17 PM,07:45 PM,0,0,0,0,455.49,116,37.63,Dinner,0,0
S1560,2026-04-15,10:18 PM,Yamuna,Outside,0,0,0,0,09:03 PM,11:59 PM,342.03,157,22.68,None,0,0
S1561,2026-04-12,11:51 AM,Azad,Library,0,0,11:43 AM,12:42 PM,11:20 AM,12:58 PM,721.26,24,11.59,None,1,0
S1562,2026-04-12,04:01 PM,Azad,Hostel,0,0,0,0,0,0,352.23,81,31.3,None,0,0
S1563,2026-04-02,09:32 PM,Ganga,Mess,09:16 PM,10:02 PM,0,0,0,0,576.99,32,32.01,Dinner,0,0
S1564,2026-04-08,08:16 PM,Sarojini,Library,0,0,06:00 PM,08:31 PM,05:55 PM,08:42 PM,949.13,153,28.12,None,0,0
S1565,2026-04-15,08:12 PM,Yamuna,Hostel,0,0,0,0,0,0,1030.03,184,36.08,None,0,0
S1566,2026-04-21,09:56 PM,Azad,Library,0,0,08:06 PM,10:27 PM,07:37 PM,10:41 PM,1053.05,111,17.44,None,0,0
S1567,2026-04-01,03:19 AM,Rajendra,Hostel,0,0,0,0,0,0,396.61,95,22.94,None,0,0
S1568,2026-04-16,06:52 PM,Ganga,Library,0,0,05:49 PM,07:02 PM,05:33 PM,07:48 PM,758.33,109,22.75,None,0,0
S1569,2026-04-12,12:27 AM,Rajendra,Outside,0,0,0,0,0,03:11 AM,195.71,185,15.45,None,0,0
S1570,2026-04-22,08:16 PM,Azad,Library,0,0,06:53 PM,08:21 PM,06:30 PM,08:38 PM,755.75,173,22.08,None,0,0
S1571,2026-04-04,08:28 PM,Ganga,Mess,08:10 PM,08:45 PM,0,0,0,0,481.37,148,51.6,Dinner,0,0
S1572,2026-04-03,07:55 PM,Ganga,Library,0,0,06:52 PM,08:52 PM,06:37 PM,09:19 PM,1024.65,139,34.02,None,0,0
S1573,2026-04-13,09:43 PM,Azad,Mess,09:41 PM,10:21 PM,0,0,0,0,487.02,49,42.77,Dinner,0,0
S1574,2026-04-12,03:15 PM,Azad,Library,0,0,01:21 PM,03:58 PM,12:51 PM,04:39 PM,846.26,147,21.64,None,0,0
S1575,2026-04-14,09:39 PM,Yamuna,Library,0,0,09:12 PM,11:57 PM,08:54 PM,11:59 PM,589.3,159,31.64,None,0,0
S1576,2026-04-12,02:10 PM,Sarojini,Hostel,0,0,0,0,0,0,222.81,152,45.57,None,1,0
S1577,2026-04-03,07:06 PM,Rajendra,Mess,07:06 PM,07:30 PM,0,0,0,0,526.58,165,50.28,Dinner,0,0
S1578,2026-04-30,11:42 AM,Ganga,Library,0,0,09:58 AM,12:16 PM,09:50 AM,01:05 PM,790.14,183,35.32,None,0,0
S1579,2026-04-23,11:45 AM,Azad,Outside,0,0,0,0,10:01 AM,01:29 PM,133.69,195,22.29,None,0,0
S1580,2026-04-25,09:35 PM,Rajendra,Library,0,0,09:33 PM,10:16 PM,09:18 PM,10:41 PM,1012.28,160,28.07,None,0,0
S1581,2026-04-30,06:56 PM,Yamuna,Library,0,0,06:43 PM,07:13 PM,06:29 PM,07:43 PM,809.77,160,29.41,None,0,0
S1582,2026-04-15,12:18 PM,Yamuna,Library,0,0,11:29 AM,01:04 PM,11:09 AM,01:39 PM,998.06,29,14.32,None,0,0
S1583,2026-04-03,01:48 PM,Azad,Library,0,0,01:35 PM,02:50 PM,01:25 PM,03:12 PM,750.85,45,17.54,None,1,0
S1584,2026-04-26,01:48 PM,Azad,Mess,01:32 PM,02:17 PM,0,0,0,0,562.6,74,46.06,Lunch,0,0
S1585,2026-04-10,07:57 AM,Azad,Hostel,0,0,0,0,0,0,312.36,36,19.04,None,0,0
S1586,2026-04-03,06:04 PM,Ganga,Library,0,0,04:47 PM,06:48 PM,04:34 PM,06:58 PM,918.12,21,13.9,None,0,0
S1587,2026-04-22,06:52 PM,Rajendra,Library,0,0,05:56 PM,07:30 PM,05:49 PM,07:44 PM,817.65,110,20.27,None,0,0
S1588,2026-04-26,09:42 PM,Rajendra,Hostel,0,0,0,0,0,0,1111.7,20,21.27,None,0,0
S1589,2026-04-29,10:12 AM,Sarojini,Mess,09:51 AM,10:13 AM,0,0,0,0,598.06,37,38.0,Breakfast,0,0
S1590,2026-04-27,04:33 PM,Rajendra,Library,0,0,03:40 PM,05:41 PM,03:18 PM,06:16 PM,789.88,163,33.86,None,0,0
S1591,2026-04-27,10:15 PM,Rajendra,Mess,09:39 PM,10:23 PM,0,0,0,0,425.84,35,27.77,Dinner,0,0
S1592,2026-04-08,06:00 PM,Sarojini,Library,0,0,05:17 PM,07:00 PM,04:51 PM,07:52 PM,738.96,129,26.56,None,0,0
S1593,2026-04-16,02:52 AM,Yamuna,Hostel,0,0,0,0,0,0,372.65,35,27.63,None,0,0
S1594,2026-04-27,12:10 PM,Sarojini,Classroom,0,0,0,0,11:32 AM,01:02 PM,365.85,104,9.33,None,1,0
S1595,2026-04-23,03:18 PM,Ganga,Library,0,0,02:26 PM,03:44 PM,02:15 PM,04:37 PM,548.42,22,8.33,None,1,0
S1596,2026-04-01,09:51 AM,Sarojini,Classroom,0,0,0,0,09:30 AM,10:43 AM,351.39,137,16.21,None,1,1
S1597,2026-04-15,08:50 PM,Ganga,Mess,08:10 PM,08:54 PM,0,0,0,0,489.55,114,40.1,Dinner,0,0
S1598,2026-04-22,12:39 AM,Azad,Outside,0,0,0,0,0,03:18 AM,339.69,154,9.87,None,0,0
S1599,2026-04-18,12:08 PM,Yamuna,Library,0,0,11:00 AM,12:18 PM,10:47 AM,01:10 PM,895.35,86,17.15,None,0,0
S1600,2026-04-11,12:18 PM,Yamuna,Mess,12:15 PM,12:48 PM,0,0,0,0,365.83,124,43.1,Lunch,1,0
S1601,2026-04-03,11:52 AM,Ganga,Library,0,0,11:16 AM,01:06 PM,11:08 AM,01:55 PM,568.48,154,19.06,None,0,0
S1602,2026-04-27,12:33 PM,Rajendra,Mess,12:21 PM,12:42 PM,0,0,0,0,403.78,126,44.55,Lunch,0,0
S1603,2026-04-19,11:43 PM,Ganga,Library,0,0,09:00 PM,11:59 PM,08:39 PM,11:59 PM,709.89,133,21.43,None,0,0
S1604,2026-04-19,09:29 AM,Rajendra,Mess,08:34 AM,09:34 AM,0,0,0,0,376.2,165,45.81,Breakfast,1,1
S1605,2026-04-27,10:52 PM,Yamuna,Outside,0,0,0,0,10:21 PM,11:59 PM,290.0,133,13.48,None,0,0
S1606,2026-04-05,12:20 PM,Sarojini,Classroom,0,0,0,0,12:03 PM,01:30 PM,184.46,177,23.14,None,1,0
S1607,2026-04-21,02:46 PM,Ganga,Library,0,0,01:32 PM,03:39 PM,01:18 PM,03:51 PM,769.13,148,32.79,None,1,0
S1608,2026-04-13,02:09 AM,Yamuna,Hostel,0,0,0,0,0,0,308.96,106,30.1,None,0,0
S1609,2026-04-16,05:31 PM,Sarojini,Library,0,0,04:48 PM,05:38 PM,04:33 PM,06:17 PM,747.45,116,30.11,None,0,0
S1610,2026-04-08,05:28 PM,Ganga,Library,0,0,04:36 PM,06:15 PM,04:23 PM,06:58 PM,717.97,163,31.46,None,0,0
S1611,2026-04-30,03:08 PM,Azad,Mess,02:49 PM,03:16 PM,0,0,0,0,344.19,49,40.33,Lunch,1,0
S1612,2026-04-01,06:42 PM,Ganga,Library,0,0,05:02 PM,07:19 PM,04:33 PM,07:51 PM,535.45,128,16.15,None,0,0
S1613,2026-04-03,03:06 PM,Azad,Classroom,0,0,0,0,02:38 PM,04:12 PM,398.41,67,4.34,None,1,0
S1614,2026-04-05,06:24 PM,Ganga,Library,0,0,05:52 PM,08:08 PM,05:35 PM,08:19 PM,642.77,177,26.97,None,0,0
S1615,2026-04-07,08:06 PM,Ganga,Mess,07:38 PM,08:11 PM,0,0,0,0,427.88,194,46.89,Dinner,0,0
S1616,2026-04-09,10:38 PM,Azad,Hostel,0,0,0,0,0,0,1219.49,171,38.62,None,0,0
S1617,2026-05-01,05:45 PM,Azad,Library,0,0,04:42 PM,06:20 PM,04:33 PM,06:32 PM,727.62,50,12.7,None,0,0
S1618,2026-04-11,11:37 AM,Ganga,Hostel,0,0,0,0,0,0,323.99,148,37.78,None,1,0
S1619,2026-04-15,10:34 PM,Rajendra,Library,0,0,10:23 PM,11:59 PM,10:15 PM,11:59 PM,840.05,83,26.22,None,0,0
S1620,2026-04-04,01:12 PM,Azad,Mess,12:46 PM,01:41 PM,0,0,0,0,418.97,164,35.64,Lunch,1,0
S1621,2026-04-20,08:32 AM,Sarojini,Hostel,0,0,0,0,0,0,293.66,81,26.04,None,0,0
S1622,2026-04-16,05:17 PM,Sarojini,Library,0,0,04:19 PM,05:33 PM,03:59 PM,05:47 PM,719.56,93,22.98,None,0,0
S1623,2026-04-24,02:54 PM,Sarojini,Library,0,0,01:41 PM,04:17 PM,01:15 PM,04:42 PM,861.18,59,12.8,None,1,0
S1624,2026-04-23,07:44 PM,Rajendra,Mess,07:43 PM,08:25 PM,0,0,0,0,692.44,72,26.35,Dinner,0,0
S1625,2026-04-02,10:21 AM,Rajendra,Mess,09:58 AM,10:49 AM,0,0,0,0,383.58,49,31.96,Breakfast,1,1
S1626,2026-04-29,03:38 AM,Azad,Outside,0,0,0,0,02:19 AM,05:49 AM,237.84,97,12.82,None,0,0
S1627,2026-04-22,06:36 AM,Azad,Outside,0,0,0,0,04:55 AM,08:20 AM,268.41,87,4.54,None,0,0
S1628,2026-04-30,03:08 AM,Azad,Outside,0,0,0,0,01:21 AM,05:36 AM,110.59,29,2.0,None,0,0
S1629,2026-04-13,12:07 AM,Sarojini,Outside,0,0,0,0,0,02:19 AM,234.2,171,22.66,None,0,0
S1630,2026-04-14,04:33 PM,Yamuna,Library,0,0,03:21 PM,05:35 PM,03:01 PM,05:47 PM,865.25,144,33.34,None,1,1
S1631,2026-04-02,08:36 AM,Ganga,Mess,07:51 AM,08:44 AM,0,0,0,0,376.5,39,35.21,Breakfast,0,0
S1632,2026-04-09,03:13 AM,Sarojini,Outside,0,0,0,0,01:36 AM,05:14 AM,247.65,104,10.53,None,0,0
S1633,2026-04-26,08:43 PM,Azad,Mess,08:16 PM,08:45 PM,0,0,0,0,390.37,21,24.66,Dinner,0,0
S1634,2026-04-23,05:58 PM,Yamuna,Library,0,0,04:40 PM,06:56 PM,04:15 PM,07:51 PM,807.2,107,16.68,None,0,0
S1635,2026-04-07,11:16 PM,Ganga,Library,0,0,08:57 PM,11:47 PM,08:28 PM,11:59 PM,527.12,58,9.15,None,0,0
S1636,2026-04-15,08:27 PM,Rajendra,Outside,0,0,0,0,06:35 PM,11:08 PM,278.15,56,5.43,None,0,0
S1637,2026-04-07,08:49 AM,Yamuna,Mess,08:22 AM,09:03 AM,0,0,0,0,597.42,127,45.51,Breakfast,0,0
S1638,2026-04-20,10:29 AM,Ganga,Library,0,0,09:20 AM,11:12 AM,09:05 AM,12:02 PM,953.14,42,11.88,None,0,0
S1639,2026-04-06,08:23 AM,Sarojini,Mess,08:11 AM,09:11 AM,0,0,0,0,592.51,179,58.56,Breakfast,0,0
S1640,2026-04-22,02:16 PM,Rajendra,Mess,01:37 PM,02:30 PM,0,0,0,0,625.57,118,33.42,Lunch,1,0
S1641,2026-04-14,12:40 PM,Yamuna,Outside,0,0,0,0,11:55 AM,02:27 PM,309.55,84,7.87,None,0,0
S1642,2026-04-04,09:15 AM,Yamuna,Outside,0,0,0,0,07:51 AM,11:12 AM,242.55,178,14.2,None,1,1
S1643,2026-04-18,11:15 AM,Yamuna,Library,0,0,10:54 AM,01:10 PM,10:42 AM,02:01 PM,1030.29,183,16.71,None,0,0
S1644,2026-04-18,08:38 AM,Sarojini,Outside,0,0,0,0,07:40 AM,10:06 AM,148.06,110,6.71,None,0,0
S1645,2026-04-13,07:23 PM,Ganga,Hostel,0,0,0,0,0,0,343.82,177,39.84,None,0,0
S1646,2026-04-02,02:54 PM,Azad,Mess,02:51 PM,03:28 PM,0,0,0,0,371.95,45,33.26,Lunch,0,0
S1647,2026-04-04,05:30 PM,Ganga,Library,0,0,04:53 PM,06:18 PM,04:30 PM,07:02 PM,688.28,125,24.21,None,0,0
S1648,2026-05-01,10:00 PM,Sarojini,Mess,09:39 PM,10:17 PM,0,0,0,0,344.14,16,35.58,Dinner,0,0
S1649,2026-04-03,08:28 PM,Rajendra,Hostel,0,0,0,0,0,0,1149.71,38,24.7,None,0,0
S1650,2026-04-17,11:07 AM,Azad,Outside,0,0,0,0,10:21 AM,01:05 PM,292.24,153,18.87,None,0,0
S1651,2026-04-21,02:29 AM,Ganga,Outside,0,0,0,0,01:30 AM,03:31 AM,118.72,38,5.32,None,0,0
S1652,2026-04-02,04:04 AM,Yamuna,Hostel,0,0,0,0,0,0,127.63,114,18.04,None,0,0
S1653,2026-04-25,07:30 AM,Azad,Hostel,0,0,0,0,0,0,290.48,182,41.27,None,0,0
S1654,2026-04-20,12:31 PM,Azad,Hostel,0,0,0,0,0,0,252.58,170,29.58,None,0,0
S1655,2026-04-04,07:56 PM,Rajendra,Hostel,0,0,0,0,0,0,309.45,197,24.45,None,0,0
S1656,2026-04-26,10:37 PM,Ganga,Library,0,0,10:08 PM,11:59 PM,09:52 PM,11:59 PM,567.13,86,20.82,None,0,0
S1657,2026-04-22,03:33 AM,Azad,Hostel,0,0,0,0,0,0,280.1,104,25.29,None,0,0
S1658,2026-04-25,02:42 PM,Ganga,Library,0,0,02:31 PM,03:40 PM,02:17 PM,04:01 PM,598.92,101,14.16,None,1,0
S1659,2026-04-25,11:16 AM,Ganga,Outside,0,0,0,0,09:58 AM,01:00 PM,217.64,192,23.6,None,1,0
S1660,2026-04-15,12:42 PM,Rajendra,Outside,0,0,0,0,11:18 AM,03:09 PM,200.92,33,2.14,None,0,0
S1661,2026-04-01,03:11 PM,Ganga,Library,0,0,02:41 PM,04:59 PM,02:12 PM,05:37 PM,710.52,68,17.83,None,0,0
S1662,2026-04-02,09:36 PM,Ganga,Library,0,0,09:00 PM,09:50 PM,08:42 PM,10:01 PM,661.54,41,18.67,None,0,0
S1663,2026-04-18,02:24 PM,Yamuna,Mess,02:11 PM,03:10 PM,0,0,0,0,517.73,47,41.71,Lunch,1,0
S1664,2026-04-22,10:45 PM,Azad,Outside,0,0,0,0,09:32 PM,11:59 PM,240.97,138,7.07,None,0,0
S1665,2026-04-08,01:16 PM,Ganga,Mess,01:09 PM,01:36 PM,0,0,0,0,443.02,196,62.52,Lunch,0,0
S1666,2026-04-24,08:17 AM,Azad,Mess,07:55 AM,08:21 AM,0,0,0,0,393.93,184,59.12,Breakfast,0,0
S1667,2026-04-24,01:42 PM,Ganga,Library,0,0,01:09 PM,01:42 PM,12:59 PM,02:05 PM,694.24,86,21.5,None,0,0
S1668,2026-04-20,09:52 AM,Ganga,Classroom,0,0,0,0,09:33 AM,10:30 AM,232.11,16,2.19,None,1,1
S1669,2026-04-29,03:55 PM,Rajendra,Outside,0,0,0,0,02:42 PM,05:44 PM,212.72,85,8.15,None,1,0
S1670,2026-04-02,09:00 PM,Sarojini,Mess,08:33 PM,09:21 PM,0,0,0,0,396.58,103,50.87,Dinner,0,0
S1671,2026-04-07,08:45 PM,Azad,Mess,08:09 PM,08:54 PM,0,0,0,0,566.35,151,51.28,Dinner,0,0
S1672,2026-04-09,09:33 PM,Yamuna,Mess,08:39 PM,09:34 PM,0,0,0,0,337.12,175,46.16,Dinner,0,0
S1673,2026-04-09,01:41 PM,Yamuna,Library,0,0,11:22 AM,01:43 PM,10:57 AM,02:21 PM,511.74,107,15.55,None,0,0
S1674,2026-04-20,02:26 PM,Sarojini,Mess,02:14 PM,02:39 PM,0,0,0,0,392.89,28,33.94,Lunch,0,0
S1675,2026-04-15,09:02 PM,Rajendra,Outside,0,0,0,0,07:26 PM,10:08 PM,271.89,70,8.93,None,0,0
S1676,2026-05-01,03:19 PM,Yamuna,Mess,02:43 PM,03:32 PM,0,0,0,0,532.02,166,38.44,Lunch,0,0
S1677,2026-04-17,08:28 PM,Ganga,Library,0,0,07:47 PM,10:01 PM,07:32 PM,10:52 PM,844.27,151,29.9,None,0,0
S1678,2026-04-07,02:15 PM,Sarojini,Library,0,0,12:37 PM,03:07 PM,12:11 PM,03:33 PM,610.34,151,32.83,None,0,0
S1679,2026-04-28,08:53 PM,Rajendra,Mess,08:43 PM,09:28 PM,0,0,0,0,395.82,11,33.13,Dinner,0,0
S1680,2026-04-04,10:05 PM,Azad,Mess,09:44 PM,10:35 PM,0,0,0,0,640.46,162,43.67,Dinner,0,0
S1681,2026-04-22,12:35 PM,Rajendra,Library,0,0,11:24 AM,02:16 PM,11:03 AM,03:16 PM,901.21,174,22.09,None,1,0
S1682,2026-04-29,02:34 PM,Rajendra,Library,0,0,12:02 PM,03:00 PM,11:44 AM,03:59 PM,527.25,200,39.93,None,1,0
S1683,2026-04-26,05:18 PM,Ganga,Hostel,0,0,0,0,0,0,138.42,183,46.51,None,0,0
S1684,2026-04-19,04:58 PM,Rajendra,Library,0,0,03:57 PM,06:23 PM,03:33 PM,07:21 PM,783.03,139,25.48,None,0,0
S1685,2026-04-19,12:49 PM,Sarojini,Library,0,0,12:17 PM,01:57 PM,12:07 PM,02:07 PM,786.3,46,13.27,None,1,0
S1686,2026-04-20,08:04 PM,Ganga,Mess,07:38 PM,08:35 PM,0,0,0,0,238.15,181,44.75,Dinner,0,0
S1687,2026-04-23,10:44 PM,Ganga,Library,0,0,10:14 PM,11:59 PM,09:49 PM,11:59 PM,700.19,97,19.72,None,0,0
S1688,2026-04-13,12:09 PM,Rajendra,Mess,12:06 PM,12:29 PM,0,0,0,0,432.38,193,45.05,Lunch,0,0
S1689,2026-04-15,07:40 AM,Yamuna,Mess,07:36 AM,08:12 AM,0,0,0,0,461.48,125,34.77,Breakfast,0,0
S1690,2026-04-19,03:00 PM,Ganga,Mess,02:52 PM,03:50 PM,0,0,0,0,307.27,22,38.21,Lunch,1,0
S1691,2026-04-25,06:40 AM,Yamuna,Hostel,0,0,0,0,0,0,378.5,17,16.4,None,0,0
S1692,2026-04-22,12:51 PM,Rajendra,Hostel,0,0,0,0,0,0,221.31,123,28.59,None,0,0
S1693,2026-04-08,08:05 PM,Rajendra,Library,0,0,07:29 PM,08:28 PM,07:16 PM,09:26 PM,709.49,36,14.83,None,0,0
S1694,2026-04-19,09:05 AM,Sarojini,Mess,08:55 AM,09:24 AM,0,0,0,0,445.93,48,30.61,Breakfast,1,1
S1695,2026-04-30,09:33 PM,Ganga,Mess,08:59 PM,09:41 PM,0,0,0,0,392.65,152,58.22,Dinner,0,0
S1696,2026-04-12,09:19 AM,Yamuna,Mess,08:42 AM,09:34 AM,0,0,0,0,554.53,160,49.72,Breakfast,1,1
S1697,2026-04-19,10:52 AM,Sarojini,Library,0,0,10:17 AM,12:52 PM,10:03 AM,01:44 PM,881.16,157,22.19,None,0,0
S1698,2026-04-16,12:05 PM,Sarojini,Hostel,0,0,0,0,0,0,190.5,41,24.16,None,1,0
S1699,2026-04-25,06:44 AM,Sarojini,Hostel,0,0,0,0,0,0,106.21,68,22.92,None,0,0
S1700,2026-04-06,08:53 AM,Azad,Outside,0,0,0,0,07:03 AM,11:19 AM,216.48,33,4.69,None,0,0
S1701,2026-04-23,10:07 AM,Azad,Mess,09:58 AM,10:53 AM,0,0,0,0,560.97,177,52.7,Breakfast,0,0
S1702,2026-04-05,02:49 PM,Yamuna,Library,0,0,02:30 PM,03:18 PM,02:20 PM,03:40 PM,756.18,54,10.67,None,0,0
S1703,2026-04-29,04:21 PM,Sarojini,Library,0,0,03:36 PM,05:30 PM,03:13 PM,05:45 PM,681.45,159,17.66,None,1,1
S1704,2026-04-29,07:31 PM,Yamuna,Outside,0,0,0,0,06:59 PM,08:43 PM,379.77,94,9.59,None,0,0
S1705,2026-04-10,03:37 PM,Ganga,Library,0,0,01:54 PM,04:46 PM,01:31 PM,05:23 PM,728.5,143,24.63,None,1,0
S1706,2026-04-04,01:11 PM,Yamuna,Hostel,0,0,0,0,0,0,327.53,105,21.56,None,0,0
S1707,2026-04-18,01:10 PM,Rajendra,Library,0,0,11:00 AM,01:16 PM,10:48 AM,02:12 PM,844.49,130,20.89,None,1,0
S1708,2026-04-21,10:25 PM,Sarojini,Library,0,0,10:19 PM,11:02 PM,10:06 PM,11:35 PM,531.63,129,22.86,None,0,0
S1709,2026-04-04,04:56 AM,Sarojini,Outside,0,0,0,0,03:34 AM,06:13 AM,358.03,92,12.39,None,0,0
S1710,2026-04-07,11:39 PM,Azad,Hostel,0,0,0,0,0,0,1079.81,64,27.35,None,0,0
S1711,2026-04-11,08:16 PM,Ganga,Mess,07:55 PM,08:26 PM,0,0,0,0,426.43,169,33.01,Dinner,0,0
S1712,2026-04-26,10:11 AM,Azad,Library,0,0,09:33 AM,10:31 AM,09:27 AM,11:28 AM,761.91,30,12.03,None,0,0
S1713,2026-04-16,01:10 PM,Sarojini,Outside,0,0,0,0,12:28 PM,02:10 PM,227.39,150,14.36,None,0,0
S1714,2026-04-10,09:25 AM,Rajendra,Hostel,0,0,0,0,0,0,327.48,185,32.05,None,0,0
S1715,2026-04-16,08:04 AM,Azad,Mess,07:46 AM,08:30 AM,0,0,0,0,245.11,194,46.34,Breakfast,0,0
S1716,2026-04-18,06:11 PM,Ganga,Library,0,0,03:53 PM,06:49 PM,03:43 PM,07:26 PM,684.73,21,13.09,None,0,0
S1717,2026-04-07,08:13 AM,Azad,Outside,0,0,0,0,07:37 AM,09:54 AM,342.17,193,18.02,None,0,0
S1718,2026-04-12,06:59 PM,Sarojini,Library,0,0,06:55 PM,07:40 PM,06:48 PM,08:19 PM,812.86,153,33.54,None,0,0
S1719,2026-04-15,05:42 AM,Yamuna,Outside,0,0,0,0,04:33 AM,07:21 AM,390.81,43,2.83,None,0,0
S1720,2026-04-22,01:35 PM,Yamuna,Library,0,0,01:30 PM,04:23 PM,01:03 PM,04:45 PM,716.08,99,20.25,None,0,0
S1721,2026-04-08,09:54 AM,Rajendra,Mess,09:32 AM,09:54 AM,0,0,0,0,443.61,166,45.91,Breakfast,0,0
S1722,2026-04-09,08:19 AM,Rajendra,Mess,08:06 AM,08:58 AM,0,0,0,0,291.86,66,29.35,Breakfast,0,0
S1723,2026-04-25,07:35 AM,Ganga,Hostel,0,0,0,0,0,0,278.67,95,17.75,None,0,0
S1724,2026-04-17,09:53 PM,Yamuna,Library,0,0,09:37 PM,10:23 PM,09:19 PM,10:56 PM,808.22,168,33.0,None,0,0
S1725,2026-04-02,02:24 AM,Azad,Hostel,0,0,0,0,0,0,274.72,58,17.78,None,0,0
S1726,2026-04-05,10:31 PM,Ganga,Outside,0,0,0,0,09:57 PM,11:31 PM,279.97,103,14.36,None,0,0
S1727,2026-04-28,10:05 AM,Sarojini,Library,0,0,10:05 AM,12:46 PM,09:51 AM,01:40 PM,555.24,131,29.84,None,1,1
S1728,2026-04-15,12:51 AM,Rajendra,Outside,0,0,0,0,0,03:00 AM,322.24,66,9.7,None,0,0
S1729,2026-04-12,08:28 PM,Azad,Library,0,0,07:24 PM,09:50 PM,06:58 PM,10:05 PM,622.02,11,14.12,None,0,0
S1730,2026-04-10,01:55 AM,Ganga,Outside,0,0,0,0,01:23 AM,03:47 AM,343.3,142,9.47,None,0,0
S1731,2026-04-27,08:27 PM,Ganga,Mess,08:12 PM,08:40 PM,0,0,0,0,454.79,83,31.0,Dinner,0,0
S1732,2026-04-19,05:01 PM,Sarojini,Classroom,0,0,0,0,04:46 PM,05:46 PM,230.6,43,3.88,None,1,1
S1733,2026-04-23,02:39 PM,Sarojini,Mess,02:07 PM,03:00 PM,0,0,0,0,427.05,138,41.72,Lunch,0,0
S1734,2026-04-17,03:56 PM,Yamuna,Library,0,0,03:19 PM,05:54 PM,02:52 PM,06:19 PM,855.16,94,16.52,None,1,0
S1735,2026-04-15,08:51 PM,Ganga,Library,0,0,08:09 PM,10:23 PM,08:01 PM,10:49 PM,768.9,130,23.36,None,0,0
S1736,2026-04-27,09:55 PM,Rajendra,Mess,09:26 PM,09:55 PM,0,0,0,0,560.79,117,47.45,Dinner,0,0
S1737,2026-04-05,09:47 AM,Sarojini,Mess,09:15 AM,10:07 AM,0,0,0,0,473.05,50,27.2,Breakfast,0,0
S1738,2026-04-26,03:55 AM,Rajendra,Hostel,0,0,0,0,0,0,334.37,171,39.2,None,0,0
S1739,2026-04-19,10:12 AM,Sarojini,Mess,09:57 AM,10:50 AM,0,0,0,0,400.72,116,49.62,Breakfast,0,0
S1740,2026-04-12,12:35 PM,Azad,Mess,12:33 PM,12:55 PM,0,0,0,0,352.96,92,28.07,Lunch,0,0
S1741,2026-04-12,05:26 AM,Ganga,Outside,0,0,0,0,04:33 AM,06:55 AM,361.29,137,10.88,None,0,0
S1742,2026-04-01,02:30 PM,Azad,Outside,0,0,0,0,01:07 PM,03:38 PM,131.01,127,6.76,None,1,0
S1743,2026-04-07,05:31 AM,Yamuna,Hostel,0,0,0,0,0,0,324.27,140,31.92,None,0,0
S1744,2026-04-24,09:39 AM,Ganga,Outside,0,0,0,0,08:08 AM,11:51 AM,259.39,199,20.96,None,0,0
S1745,2026-04-02,12:41 PM,Ganga,Outside,0,0,0,0,12:05 PM,03:04 PM,208.31,108,6.57,None,1,0
S1746,2026-04-17,06:55 PM,Azad,Library,0,0,06:04 PM,07:16 PM,05:53 PM,08:11 PM,872.5,165,33.1,None,0,0
S1747,2026-04-09,11:33 AM,Yamuna,Library,0,0,11:15 AM,12:34 PM,10:45 AM,01:14 PM,1020.16,158,19.13,None,1,0
S1748,2026-04-19,09:48 AM,Ganga,Mess,09:32 AM,10:15 AM,0,0,0,0,373.76,35,32.6,Breakfast,1,1
S1749,2026-04-11,06:48 PM,Rajendra,Library,0,0,04:23 PM,07:07 PM,04:17 PM,07:47 PM,796.93,118,19.5,None,0,0
S1750,2026-04-02,09:31 AM,Rajendra,Hostel,0,0,0,0,0,0,330.87,113,39.17,None,0,0
S1751,2026-04-22,05:51 PM,Ganga,Classroom,0,0,0,0,05:11 PM,07:26 PM,184.86,200,29.73,None,1,1
S1752,2026-04-13,12:24 PM,Ganga,Mess,12:22 PM,12:58 PM,0,0,0,0,422.44,36,40.55,Lunch,1,0
S1753,2026-04-25,10:13 PM,Sarojini,Outside,0,0,0,0,08:36 PM,11:59 PM,185.17,83,5.0,None,0,0
S1754,2026-04-28,01:05 PM,Ganga,Library,0,0,12:31 PM,03:00 PM,12:26 PM,03:32 PM,771.08,128,15.07,None,0,0
S1755,2026-04-09,02:40 AM,Sarojini,Hostel,0,0,0,0,0,0,373.64,34,17.02,None,0,0
S1756,2026-04-09,08:51 PM,Azad,Mess,08:45 PM,09:30 PM,0,0,0,0,437.01,169,55.28,Dinner,0,0
S1757,2026-04-01,09:27 AM,Yamuna,Mess,09:17 AM,10:07 AM,0,0,0,0,351.45,171,52.6,Breakfast,1,1
S1758,2026-04-12,08:47 PM,Ganga,Mess,08:44 PM,09:07 PM,0,0,0,0,509.03,44,24.87,Dinner,0,0
S1759,2026-04-07,07:53 PM,Sarojini,Library,0,0,07:29 PM,08:30 PM,07:05 PM,08:44 PM,679.4,114,25.98,None,0,0
S1760,2026-04-27,12:52 AM,Yamuna,Hostel,0,0,0,0,0,0,127.02,11,24.34,None,0,0
S1761,2026-04-21,02:08 PM,Azad,Mess,02:02 PM,02:28 PM,0,0,0,0,334.97,75,46.28,Lunch,1,0
S1762,2026-04-20,09:45 AM,Rajendra,Mess,08:55 AM,09:49 AM,0,0,0,0,361.84,54,26.17,Breakfast,0,0
S1763,2026-04-22,08:02 PM,Rajendra,Library,0,0,08:01 PM,10:14 PM,07:47 PM,10:59 PM,924.73,72,12.72,None,0,0
S1764,2026-04-30,07:14 AM,Azad,Outside,0,0,0,0,05:47 AM,09:56 AM,337.37,51,3.47,None,0,0
S1765,2026-04-27,08:47 AM,Ganga,Hostel,0,0,0,0,0,0,386.2,21,25.33,None,0,0
S1766,2026-04-27,11:46 AM,Sarojini,Library,0,0,11:41 AM,02:34 PM,11:28 AM,03:11 PM,681.13,50,13.21,None,0,0
S1767,2026-04-05,08:01 PM,Sarojini,Mess,07:23 PM,08:13 PM,0,0,0,0,503.66,143,45.65,Dinner,0,0
S1768,2026-04-24,09:02 AM,Ganga,Mess,08:48 AM,09:23 AM,0,0,0,0,451.49,56,30.27,Breakfast,1,1
S1769,2026-04-03,07:49 AM,Azad,Outside,0,0,0,0,06:53 AM,10:17 AM,378.61,32,1.88,None,0,0
S1770,2026-04-02,12:26 PM,Ganga,Library,0,0,12:19 PM,02:26 PM,11:57 AM,03:09 PM,896.79,105,23.77,None,1,0
S1771,2026-05-01,08:11 PM,Sarojini,Hostel,0,0,0,0,0,0,1183.19,117,31.15,None,0,0
S1772,2026-04-24,07:52 PM,Sarojini,Mess,07:45 PM,08:13 PM,0,0,0,0,444.12,85,48.88,Dinner,0,0
S1773,2026-04-12,09:30 AM,Ganga,Mess,09:18 AM,10:03 AM,0,0,0,0,238.7,78,41.11,Breakfast,0,0
S1774,2026-04-14,10:15 PM,Rajendra,Mess,09:59 PM,10:35 PM,0,0,0,0,508.49,196,45.02,Dinner,0,0
S1775,2026-04-19,08:35 AM,Yamuna,Mess,08:22 AM,09:03 AM,0,0,0,0,395.31,136,45.6,Breakfast,0,0
S1776,2026-04-18,08:55 PM,Yamuna,Mess,08:50 PM,09:22 PM,0,0,0,0,539.49,164,44.22,Dinner,0,0
S1777,2026-04-09,01:40 PM,Azad,Mess,01:28 PM,02:00 PM,0,0,0,0,585.94,153,48.33,Lunch,0,0
S1778,2026-04-07,06:53 AM,Sarojini,Hostel,0,0,0,0,0,0,106.12,43,27.51,None,0,0
S1779,2026-04-18,01:55 PM,Rajendra,Mess,01:48 PM,02:13 PM,0,0,0,0,555.78,84,44.04,Lunch,1,0
S1780,2026-04-28,07:02 AM,Yamuna,Outside,0,0,0,0,05:20 AM,09:51 AM,236.01,179,19.44,None,0,0
S1781,2026-04-02,09:31 PM,Sarojini,Library,0,0,09:20 PM,11:13 PM,09:02 PM,11:37 PM,845.78,153,24.96,None,0,0
S1782,2026-04-16,04:42 PM,Azad,Outside,0,0,0,0,03:46 PM,07:10 PM,203.54,144,12.1,None,1,1
S1783,2026-04-20,12:29 AM,Yamuna,Outside,0,0,0,0,0,03:19 AM,305.86,18,2.31,None,0,0
S1784,2026-04-21,06:47 PM,Rajendra,Classroom,0,0,0,0,06:26 PM,08:43 PM,104.67,183,10.04,None,1,1
S1785,2026-04-23,05:09 PM,Azad,Library,0,0,05:05 PM,06:36 PM,05:00 PM,07:20 PM,570.74,124,22.77,None,0,0
S1786,2026-04-29,07:37 AM,Ganga,Mess,07:27 AM,07:52 AM,0,0,0,0,495.63,177,41.56,Breakfast,0,0
S1787,2026-04-28,06:28 PM,Rajendra,Classroom,0,0,0,0,05:55 PM,08:15 PM,393.47,141,17.19,None,1,1
S1788,2026-04-18,10:49 PM,Yamuna,Library,0,0,10:46 PM,11:59 PM,10:16 PM,11:59 PM,622.84,39,9.61,None,0,0
S1789,2026-04-19,10:15 PM,Azad,Outside,0,0,0,0,09:06 PM,11:59 PM,285.69,119,10.48,None,0,0
S1790,2026-04-06,06:00 PM,Azad,Library,0,0,05:28 PM,06:03 PM,05:00 PM,06:24 PM,1013.04,76,21.32,None,0,0
S1791,2026-04-02,02:35 PM,Ganga,Library,0,0,02:08 PM,03:33 PM,01:58 PM,03:50 PM,834.27,44,11.89,None,0,0
S1792,2026-04-10,07:54 PM,Ganga,Mess,07:36 PM,08:06 PM,0,0,0,0,291.69,23,34.28,Dinner,0,0
S1793,2026-04-07,02:45 PM,Sarojini,Mess,02:29 PM,02:54 PM,0,0,0,0,304.13,182,42.49,Lunch,1,0
S1794,2026-04-16,09:19 PM,Azad,Mess,09:19 PM,09:48 PM,0,0,0,0,364.8,150,40.83,Dinner,0,0
S1795,2026-04-05,05:22 AM,Yamuna,Hostel,0,0,0,0,0,0,314.08,92,22.92,None,0,0
S1796,2026-04-11,05:17 AM,Azad,Outside,0,0,0,0,04:38 AM,07:36 AM,142.9,25,2.62,None,0,0
S1797,2026-04-20,12:13 AM,Rajendra,Hostel,0,0,0,0,0,0,219.67,195,36.26,None,0,0
S1798,2026-04-13,08:46 AM,Azad,Mess,08:27 AM,08:56 AM,0,0,0,0,333.7,176,36.91,Breakfast,0,0
S1799,2026-04-16,07:13 AM,Ganga,Hostel,0,0,0,0,0,0,326.87,162,32.39,None,0,0
S1800,2026-04-09,03:01 PM,Rajendra,Classroom,0,0,0,0,02:34 PM,04:29 PM,238.14,182,17.3,None,1,0
S1801,2026-04-05,12:03 AM,Azad,Hostel,0,0,0,0,0,0,291.12,189,34.66,None,0,0
S1802,2026-04-05,09:42 PM,Sarojini,Outside,0,0,0,0,08:33 PM,11:59 PM,100.83,162,15.52,None,0,0
S1803,2026-04-19,04:50 PM,Ganga,Library,0,0,03:45 PM,06:35 PM,03:26 PM,06:45 PM,767.43,137,24.53,None,0,0
S1804,2026-04-12,01:11 PM,Ganga,Library,0,0,12:26 PM,01:18 PM,12:11 PM,01:49 PM,843.35,64,18.44,None,1,0
S1805,2026-04-06,08:39 PM,Yamuna,Outside,0,0,0,0,06:58 PM,11:04 PM,335.11,46,3.3,None,0,0
S1806,2026-04-23,03:42 AM,Azad,Hostel,0,0,0,0,0,0,308.4,113,29.73,None,0,0
S1807,2026-04-01,09:13 PM,Rajendra,Library,0,0,07:56 PM,10:52 PM,07:35 PM,11:12 PM,665.46,26,14.94,None,0,0
S1808,2026-04-17,01:21 PM,Yamuna,Mess,01:13 PM,01:50 PM,0,0,0,0,612.82,51,43.08,Lunch,0,0
S1809,2026-04-21,12:49 PM,Yamuna,Mess,12:44 PM,01:07 PM,0,0,0,0,396.16,103,27.45,Lunch,0,0
S1810,2026-04-18,06:44 AM,Azad,Outside,0,0,0,0,06:01 AM,09:27 AM,389.56,61,5.26,None,0,0
S1811,2026-04-21,09:05 AM,Rajendra,Mess,08:51 AM,09:26 AM,0,0,0,0,343.69,104,49.44,Breakfast,0,0
S1812,2026-04-21,08:52 PM,Rajendra,Mess,08:50 PM,09:49 PM,0,0,0,0,626.76,164,33.49,Dinner,0,0
S1813,2026-04-04,09:06 PM,Azad,Mess,08:32 PM,09:22 PM,0,0,0,0,416.38,195,33.47,Dinner,0,0
S1814,2026-04-27,11:12 AM,Ganga,Library,0,0,10:38 AM,12:07 PM,10:09 AM,01:01 PM,918.16,71,13.63,None,0,0
S1815,2026-04-17,05:31 PM,Azad,Hostel,0,0,0,0,0,0,217.13,146,23.77,None,0,0
S1816,2026-04-29,10:44 AM,Sarojini,Library,0,0,09:58 AM,11:29 AM,09:48 AM,12:07 PM,678.61,173,35.93,None,1,1
S1817,2026-04-26,09:21 AM,Azad,Outside,0,0,0,0,08:09 AM,11:28 AM,356.42,131,11.69,None,0,0
S1818,2026-04-16,07:59 AM,Yamuna,Mess,07:18 AM,08:12 AM,0,0,0,0,359.79,149,38.44,Breakfast,0,0
S1819,2026-04-26,10:19 PM,Azad,Mess,09:50 PM,10:45 PM,0,0,0,0,311.99,126,48.7,Dinner,0,0
S1820,2026-04-07,02:37 PM,Ganga,Outside,0,0,0,0,01:44 PM,04:30 PM,111.61,130,16.98,None,0,0
S1821,2026-04-28,03:02 PM,Yamuna,Mess,02:52 PM,03:20 PM,0,0,0,0,359.07,12,24.38,Lunch,0,0
S1822,2026-05-01,10:16 PM,Yamuna,Library,0,0,09:31 PM,10:26 PM,09:16 PM,11:13 PM,542.99,45,10.48,None,0,0
S1823,2026-04-30,07:14 PM,Sarojini,Hostel,0,0,0,0,0,0,169.89,126,23.78,None,0,0
S1824,2026-04-13,03:48 AM,Sarojini,Hostel,0,0,0,0,0,0,257.8,37,20.01,None,0,0
S1825,2026-04-18,10:58 PM,Rajendra,Library,0,0,09:53 PM,11:59 PM,09:34 PM,11:59 PM,903.05,47,10.93,None,0,0
S1826,2026-04-29,01:56 PM,Yamuna,Library,0,0,12:22 PM,01:56 PM,12:05 PM,02:11 PM,660.89,145,20.18,None,1,0
S1827,2026-04-25,12:00 AM,Yamuna,Outside,0,0,0,0,0,01:31 AM,174.11,90,7.54,None,0,0
S1828,2026-04-01,01:12 PM,Yamuna,Library,0,0,10:35 AM,01:22 PM,10:09 AM,02:02 PM,918.17,157,25.0,None,0,0
S1829,2026-04-19,04:29 PM,Rajendra,Library,0,0,03:44 PM,05:31 PM,03:24 PM,05:48 PM,780.52,107,18.41,None,1,1
S1830,2026-05-01,03:27 PM,Yamuna,Library,0,0,03:21 PM,03:54 PM,03:06 PM,04:22 PM,709.44,151,28.87,None,1,0
S1831,2026-04-04,02:05 AM,Rajendra,Outside,0,0,0,0,01:01 AM,03:59 AM,246.18,155,21.75,None,0,0
S1832,2026-04-02,03:00 PM,Sarojini,Mess,02:47 PM,03:44 PM,0,0,0,0,502.47,161,36.79,Lunch,0,0
S1833,2026-04-01,11:17 PM,Yamuna,Outside,0,0,0,0,10:33 PM,11:59 PM,341.97,63,4.15,None,0,0
S1834,2026-04-04,01:49 PM,Azad,Outside,0,0,0,0,12:11 PM,04:26 PM,270.7,31,1.81,None,0,0
S1835,2026-04-13,10:21 PM,Sarojini,Library,0,0,09:25 PM,10:22 PM,09:18 PM,10:49 PM,577.19,43,13.15,None,0,0
S1836,2026-04-26,05:30 AM,Sarojini,Hostel,0,0,0,0,0,0,293.73,197,27.15,None,0,0
S1837,2026-05-01,08:19 PM,Azad,Mess,07:54 PM,08:29 PM,0,0,0,0,409.22,65,33.72,Dinner,0,0
S1838,2026-04-06,12:12 PM,Ganga,Mess,12:06 PM,12:33 PM,0,0,0,0,555.99,169,52.99,Lunch,0,0
S1839,2026-04-14,12:31 PM,Ganga,Mess,12:10 PM,12:39 PM,0,0,0,0,307.64,41,40.92,Lunch,0,0
S1840,2026-04-19,07:36 PM,Rajendra,Mess,07:35 PM,08:20 PM,0,0,0,0,492.13,49,39.41,Dinner,0,0
S1841,2026-04-07,12:33 PM,Yamuna,Mess,12:24 PM,12:51 PM,0,0,0,0,541.07,25,36.9,Lunch,0,0
S1842,2026-04-05,02:36 PM,Rajendra,Mess,02:29 PM,02:58 PM,0,0,0,0,280.77,56,43.82,Lunch,1,0
S1843,2026-04-16,07:20 PM,Rajendra,Mess,07:13 PM,08:07 PM,0,0,0,0,558.9,119,41.25,Dinner,0,0
S1844,2026-04-29,02:39 PM,Yamuna,Library,0,0,02:25 PM,04:08 PM,02:14 PM,04:21 PM,784.08,166,35.48,None,1,0
S1845,2026-04-24,08:30 AM,Yamuna,Mess,07:55 AM,08:46 AM,0,0,0,0,647.87,192,56.72,Breakfast,0,0
S1846,2026-04-22,01:16 PM,Azad,Mess,01:00 PM,01:26 PM,0,0,0,0,529.05,116,41.28,Lunch,0,0
S1847,2026-04-11,11:24 PM,Azad,Library,0,0,10:30 PM,11:59 PM,10:07 PM,11:59 PM,586.84,140,22.69,None,0,0
S1848,2026-04-22,07:32 PM,Ganga,Mess,07:10 PM,07:32 PM,0,0,0,0,355.74,156,31.12,Dinner,0,0
S1849,2026-04-10,07:13 PM,Azad,Outside,0,0,0,0,05:30 PM,09:18 PM,394.25,74,7.03,None,0,0
S1850,2026-04-05,11:29 PM,Sarojini,Library,0,0,10:59 PM,11:59 PM,10:53 PM,11:59 PM,936.49,49,10.42,None,0,0
S1851,2026-04-20,09:33 PM,Yamuna,Mess,09:03 PM,10:02 PM,0,0,0,0,306.05,20,25.2,Dinner,0,0
S1852,2026-04-16,12:27 PM,Sarojini,Library,0,0,12:27 PM,01:09 PM,12:17 PM,01:53 PM,739.75,80,14.51,None,1,0
S1853,2026-04-03,09:58 AM,Azad,Mess,09:40 AM,10:18 AM,0,0,0,0,367.28,56,31.53,Breakfast,0,0
S1854,2026-04-20,01:10 PM,Ganga,Outside,0,0,0,0,12:17 PM,02:27 PM,348.95,66,3.76,None,0,0
S1855,2026-04-12,07:58 PM,Yamuna,Library,0,0,07:13 PM,09:50 PM,06:56 PM,10:09 PM,657.65,131,17.51,None,0,0
S1856,2026-04-19,07:56 AM,Sarojini,Mess,07:43 AM,08:14 AM,0,0,0,0,486.33,89,45.01,Breakfast,0,0
S1857,2026-04-15,03:13 PM,Sarojini,Outside,0,0,0,0,01:50 PM,04:54 PM,104.97,19,2.02,None,0,0
S1858,2026-04-01,09:30 AM,Rajendra,Mess,09:10 AM,09:39 AM,0,0,0,0,494.46,76,42.99,Breakfast,0,0
S1859,2026-04-11,07:07 PM,Sarojini,Library,0,0,06:09 PM,09:01 PM,05:41 PM,09:11 PM,505.59,153,22.98,None,0,0
S1860,2026-04-09,06:24 PM,Sarojini,Library,0,0,05:59 PM,07:39 PM,05:46 PM,08:30 PM,983.15,60,16.6,None,0,0
S1861,2026-04-19,08:37 PM,Yamuna,Mess,08:35 PM,08:56 PM,0,0,0,0,530.98,152,42.61,Dinner,0,0
S1862,2026-04-17,10:04 AM,Azad,Mess,09:55 AM,10:39 AM,0,0,0,0,482.03,103,33.9,Breakfast,0,0
S1863,2026-04-24,01:53 PM,Yamuna,Library,0,0,01:49 PM,02:56 PM,01:22 PM,03:53 PM,602.26,142,32.88,None,0,0
S1864,2026-04-21,01:00 AM,Azad,Hostel,0,0,0,0,0,0,265.94,179,49.82,None,0,0
S1865,2026-04-14,09:17 AM,Rajendra,Outside,0,0,0,0,08:11 AM,11:16 AM,209.94,140,9.88,None,0,0
S1866,2026-04-10,01:09 PM,Sarojini,Mess,12:54 PM,01:18 PM,0,0,0,0,544.89,81,46.26,Lunch,1,0
S1867,2026-04-12,11:41 PM,Yamuna,Hostel,0,0,0,0,0,0,1056.5,60,25.6,None,0,0
S1868,2026-04-08,03:43 PM,Ganga,Outside,0,0,0,0,02:07 PM,05:26 PM,310.41,186,10.82,None,0,0
S1869,2026-04-03,02:46 PM,Ganga,Mess,02:14 PM,03:01 PM,0,0,0,0,407.91,95,47.88,Lunch,0,0
S1870,2026-04-18,08:36 PM,Sarojini,Library,0,0,08:01 PM,08:38 PM,07:48 PM,08:57 PM,593.69,179,27.91,None,0,0
S1871,2026-04-07,03:16 PM,Sarojini,Library,0,0,02:53 PM,05:29 PM,02:29 PM,06:19 PM,994.13,149,32.18,None,0,0
S1872,2026-04-07,12:22 PM,Rajendra,Mess,12:11 PM,12:46 PM,0,0,0,0,480.0,69,36.34,Lunch,1,0
S1873,2026-04-11,04:58 AM,Azad,Hostel,0,0,0,0,0,0,218.05,182,27.56,None,0,0
S1874,2026-04-11,11:20 AM,Yamuna,Classroom,0,0,0,0,11:07 AM,12:07 PM,161.94,176,25.38,None,1,0
S1875,2026-04-13,06:48 PM,Ganga,Library,0,0,04:26 PM,06:49 PM,04:08 PM,07:12 PM,730.78,82,16.52,None,0,0
S1876,2026-04-24,04:24 PM,Rajendra,Hostel,0,0,0,0,0,0,374.5,13,12.77,None,1,1
S1877,2026-04-13,10:28 AM,Azad,Library,0,0,09:30 AM,10:55 AM,09:04 AM,11:31 AM,779.03,19,10.73,None,0,0
S1878,2026-04-21,09:49 PM,Rajendra,Mess,09:25 PM,09:55 PM,0,0,0,0,217.81,33,27.56,Dinner,0,0
S1879,2026-04-21,12:06 PM,Rajendra,Library,0,0,09:46 AM,12:40 PM,09:27 AM,01:08 PM,940.5,169,29.74,None,0,0
S1880,2026-04-30,09:16 PM,Yamuna,Outside,0,0,0,0,08:00 PM,10:45 PM,144.48,36,2.74,None,0,0
S1881,2026-04-30,11:45 AM,Rajendra,Classroom,0,0,0,0,11:11 AM,01:31 PM,375.07,138,19.31,None,1,0
S1882,2026-04-12,07:57 AM,Azad,Mess,07:22 AM,08:03 AM,0,0,0,0,461.85,24,41.77,Breakfast,0,0
S1883,2026-04-06,01:43 PM,Rajendra,Mess,01:25 PM,02:00 PM,0,0,0,0,444.06,129,48.78,Lunch,1,0
S1884,2026-04-17,07:17 AM,Yamuna,Hostel,0,0,0,0,0,0,327.91,33,26.69,None,0,0
S1885,2026-04-23,01:40 PM,Sarojini,Mess,01:09 PM,01:59 PM,0,0,0,0,405.68,172,54.83,Lunch,1,0
S1886,2026-05-01,01:01 PM,Sarojini,Mess,12:46 PM,01:08 PM,0,0,0,0,394.89,52,26.39,Lunch,1,0
S1887,2026-04-06,08:26 AM,Azad,Mess,08:07 AM,08:53 AM,0,0,0,0,605.14,111,47.41,Breakfast,0,0
S1888,2026-04-07,04:05 PM,Azad,Classroom,0,0,0,0,03:34 PM,05:44 PM,371.05,24,2.61,None,1,1
S1889,2026-04-01,05:33 PM,Azad,Library,0,0,04:10 PM,06:00 PM,04:01 PM,06:44 PM,669.42,68,17.43,None,0,0
S1890,2026-04-07,02:17 PM,Sarojini,Mess,02:04 PM,02:39 PM,0,0,0,0,500.93,183,40.35,Lunch,1,0
S1891,2026-04-06,09:07 AM,Yamuna,Mess,08:50 AM,09:39 AM,0,0,0,0,512.39,110,43.45,Breakfast,0,0
S1892,2026-04-27,07:29 AM,Yamuna,Mess,07:23 AM,07:53 AM,0,0,0,0,438.57,173,52.09,Breakfast,0,0
S1893,2026-04-19,11:44 PM,Rajendra,Library,0,0,09:14 PM,11:59 PM,08:45 PM,11:59 PM,928.61,31,11.81,None,0,0
S1894,2026-04-16,10:32 AM,Ganga,Library,0,0,10:07 AM,10:42 AM,09:58 AM,11:21 AM,833.48,23,9.86,None,0,0
S1895,2026-04-15,11:32 AM,Yamuna,Classroom,0,0,0,0,11:03 AM,12:08 PM,156.97,193,19.53,None,1,0
S1896,2026-04-13,08:27 PM,Ganga,Hostel,0,0,0,0,0,0,739.48,67,32.69,None,0,0
S1897,2026-04-03,08:02 PM,Yamuna,Mess,07:21 PM,08:19 PM,0,0,0,0,454.81,146,42.54,Dinner,0,0
S1898,2026-05-01,01:29 PM,Azad,Hostel,0,0,0,0,0,0,153.47,188,37.98,None,0,0
S1899,2026-04-25,03:55 PM,Rajendra,Hostel,0,0,0,0,0,0,365.51,96,31.27,None,1,0
S1900,2026-04-04,01:27 PM,Ganga,Classroom,0,0,0,0,01:01 PM,03:11 PM,176.71,86,5.56,None,1,0
S1901,2026-04-21,09:40 PM,Azad,Library,0,0,08:15 PM,10:14 PM,07:57 PM,10:32 PM,846.03,180,30.9,None,0,0
S1902,2026-04-27,07:23 PM,Ganga,Mess,07:05 PM,07:55 PM,0,0,0,0,405.92,12,26.32,Dinner,0,0
S1903,2026-04-14,04:15 PM,Azad,Library,0,0,03:04 PM,04:40 PM,02:40 PM,05:07 PM,774.84,83,16.83,None,1,1
S1904,2026-04-23,12:04 PM,Azad,Classroom,0,0,0,0,11:35 AM,01:44 PM,198.96,199,22.74,None,1,0
S1905,2026-04-27,05:56 AM,Rajendra,Outside,0,0,0,0,04:47 AM,07:25 AM,173.13,169,18.76,None,0,0
S1906,2026-04-30,02:33 AM,Sarojini,Hostel,0,0,0,0,0,0,245.25,87,21.5,None,0,0
S1907,2026-04-16,10:19 PM,Rajendra,Mess,09:44 PM,10:34 PM,0,0,0,0,342.48,44,42.01,Dinner,0,0
S1908,2026-04-18,04:58 PM,Yamuna,Outside,0,0,0,0,04:26 PM,07:04 PM,383.52,193,27.77,None,1,1
S1909,2026-04-30,09:43 PM,Sarojini,Outside,0,0,0,0,08:20 PM,10:47 PM,265.29,68,8.68,None,0,0
S1910,2026-04-28,06:53 AM,Yamuna,Hostel,0,0,0,0,0,0,371.45,112,27.37,None,0,0
S1911,2026-04-15,07:43 PM,Rajendra,Library,0,0,07:36 PM,10:20 PM,07:19 PM,10:55 PM,539.22,193,28.54,None,0,0
S1912,2026-04-16,05:09 PM,Rajendra,Library,0,0,03:32 PM,05:21 PM,03:03 PM,05:46 PM,726.89,54,14.2,None,0,0
S1913,2026-04-05,02:44 PM,Ganga,Library,0,0,02:17 PM,03:24 PM,01:47 PM,03:55 PM,795.47,181,23.72,None,0,0
S1914,2026-04-06,08:42 PM,Rajendra,Library,0,0,08:33 PM,10:58 PM,08:25 PM,11:21 PM,439.77,35,10.82,None,0,0
S1915,2026-04-13,12:18 PM,Yamuna,Library,0,0,12:09 PM,01:47 PM,11:59 AM,02:15 PM,594.95,111,14.05,None,0,0
S1916,2026-04-28,02:19 PM,Sarojini,Classroom,0,0,0,0,01:50 PM,03:21 PM,164.6,105,6.51,None,1,0
S1917,2026-04-14,08:39 PM,Ganga,Mess,08:22 PM,09:22 PM,0,0,0,0,536.6,38,26.43,Dinner,0,0
S1918,2026-04-21,11:31 AM,Ganga,Library,0,0,11:04 AM,11:36 AM,10:49 AM,11:46 AM,757.4,159,28.14,None,0,0
S1919,2026-04-05,08:08 PM,Sarojini,Mess,07:35 PM,08:21 PM,0,0,0,0,596.47,166,48.07,Dinner,0,0
S1920,2026-04-05,11:47 PM,Sarojini,Outside,0,0,0,0,10:00 PM,11:59 PM,165.38,196,13.17,None,0,0
S1921,2026-04-22,10:38 PM,Rajendra,Library,0,0,10:15 PM,11:54 PM,09:57 PM,11:59 PM,754.14,10,6.23,None,0,0
S1922,2026-04-11,07:11 PM,Sarojini,Library,0,0,06:36 PM,08:18 PM,06:21 PM,09:18 PM,679.41,48,18.33,None,0,0
S1923,2026-04-12,08:13 AM,Sarojini,Mess,08:13 AM,08:53 AM,0,0,0,0,549.97,168,46.6,Breakfast,0,0
S1924,2026-04-01,03:26 AM,Ganga,Hostel,0,0,0,0,0,0,330.02,198,34.26,None,0,0
S1925,2026-04-23,03:12 PM,Ganga,Mess,02:38 PM,03:15 PM,0,0,0,0,480.1,93,31.16,Lunch,0,0
S1926,2026-04-07,10:13 PM,Rajendra,Mess,09:34 PM,10:15 PM,0,0,0,0,419.89,72,36.7,Dinner,0,0
S1927,2026-04-12,09:20 PM,Azad,Hostel,0,0,0,0,0,0,1128.8,173,36.89,None,0,0
S1928,2026-04-02,02:13 AM,Sarojini,Hostel,0,0,0,0,0,0,124.63,196,30.84,None,0,0
S1929,2026-04-10,08:26 AM,Rajendra,Mess,08:12 AM,08:54 AM,0,0,0,0,283.51,27,42.16,Breakfast,0,0
S1930,2026-04-04,09:20 AM,Azad,Mess,09:16 AM,09:50 AM,0,0,0,0,529.23,199,46.93,Breakfast,1,1
S1931,2026-04-26,06:50 PM,Rajendra,Hostel,0,0,0,0,0,0,302.07,187,27.99,None,0,0
S1932,2026-04-18,12:45 AM,Rajendra,Hostel,0,0,0,0,0,0,364.18,100,17.86,None,0,0
S1933,2026-04-23,03:10 PM,Rajendra,Library,0,0,02:55 PM,04:42 PM,02:33 PM,05:28 PM,529.81,99,14.28,None,0,0
S1934,2026-04-10,06:51 PM,Azad,Classroom,0,0,0,0,06:35 PM,08:37 PM,394.74,116,11.69,None,1,1
S1935,2026-04-17,07:26 PM,Sarojini,Mess,07:17 PM,08:06 PM,0,0,0,0,618.98,195,33.57,Dinner,0,0
S1936,2026-04-25,03:46 PM,Ganga,Library,0,0,03:43 PM,04:27 PM,03:33 PM,04:41 PM,603.67,68,16.67,None,1,0
S1937,2026-04-19,08:42 AM,Ganga,Mess,08:13 AM,09:08 AM,0,0,0,0,415.0,136,38.14,Breakfast,0,0
S1938,2026-04-08,07:37 PM,Ganga,Mess,07:13 PM,07:49 PM,0,0,0,0,310.67,11,26.23,Dinner,0,0
S1939,2026-04-23,03:10 PM,Rajendra,Mess,02:36 PM,03:13 PM,0,0,0,0,540.91,23,31.05,Lunch,1,0
S1940,2026-04-10,06:50 AM,Yamuna,Outside,0,0,0,0,06:17 AM,09:22 AM,372.78,174,16.05,None,0,0
S1941,2026-04-21,01:19 PM,Rajendra,Library,0,0,11:39 AM,02:23 PM,11:23 AM,03:21 PM,762.52,115,18.73,None,1,0
S1942,2026-04-14,10:42 AM,Azad,Classroom,0,0,0,0,10:30 AM,11:46 AM,347.73,137,20.53,None,1,1
S1943,2026-04-25,07:49 PM,Yamuna,Library,0,0,07:46 PM,08:48 PM,07:26 PM,09:08 PM,771.56,103,16.96,None,0,0
S1944,2026-04-22,02:16 PM,Rajendra,Classroom,0,0,0,0,01:44 PM,02:56 PM,380.12,42,2.48,None,1,0
S1945,2026-04-01,02:17 PM,Rajendra,Classroom,0,0,0,0,01:59 PM,03:41 PM,353.07,89,10.78,None,1,0
S1946,2026-04-17,07:30 AM,Azad,Mess,07:25 AM,07:54 AM,0,0,0,0,494.34,183,40.42,Breakfast,0,0
S1947,2026-04-30,02:38 PM,Azad,Library,0,0,01:00 PM,03:38 PM,12:39 PM,04:28 PM,877.26,172,25.48,None,0,0
S1948,2026-04-17,01:26 PM,Sarojini,Mess,12:44 PM,01:42 PM,0,0,0,0,415.21,113,40.34,Lunch,1,0
S1949,2026-04-30,02:22 PM,Yamuna,Library,0,0,01:16 PM,03:10 PM,12:47 PM,04:02 PM,610.23,135,27.46,None,0,0
S1950,2026-04-09,10:01 PM,Ganga,Mess,09:37 PM,10:23 PM,0,0,0,0,314.55,149,49.85,Dinner,0,0
S1951,2026-04-09,09:48 AM,Azad,Mess,09:36 AM,10:02 AM,0,0,0,0,220.41,112,44.36,Breakfast,1,1
S1952,2026-04-23,08:18 PM,Azad,Library,0,0,07:13 PM,09:16 PM,06:54 PM,10:11 PM,454.58,66,15.86,None,0,0
S1953,2026-04-12,05:57 PM,Sarojini,Outside,0,0,0,0,04:37 PM,07:45 PM,140.29,195,11.96,None,0,0
S1954,2026-04-15,11:51 AM,Yamuna,Classroom,0,0,0,0,11:40 AM,12:35 PM,242.67,158,10.53,None,1,0
S1955,2026-04-11,12:31 PM,Azad,Classroom,0,0,0,0,12:15 PM,02:16 PM,228.6,34,3.1,None,1,0
S1956,2026-04-24,09:02 PM,Rajendra,Mess,08:21 PM,09:04 PM,0,0,0,0,365.48,63,39.15,Dinner,0,0
S1957,2026-04-02,09:11 PM,Rajendra,Library,0,0,07:46 PM,09:19 PM,07:38 PM,10:13 PM,833.24,159,25.61,None,0,0
S1958,2026-04-17,10:03 AM,Rajendra,Classroom,0,0,0,0,09:35 AM,10:38 AM,224.12,153,22.89,None,1,1
S1959,2026-04-06,11:37 PM,Azad,Library,0,0,09:49 PM,11:44 PM,09:22 PM,11:59 PM,551.5,21,6.48,None,0,0
S1960,2026-04-23,06:16 PM,Azad,Hostel,0,0,0,0,0,0,122.84,24,14.58,None,0,0
S1961,2026-04-26,08:22 PM,Ganga,Library,0,0,07:09 PM,08:24 PM,06:50 PM,09:18 PM,711.74,93,23.37,None,0,0
S1962,2026-04-25,01:13 PM,Ganga,Library,0,0,12:22 PM,02:07 PM,11:58 AM,02:45 PM,793.18,145,23.06,None,1,0
S1963,2026-04-03,04:08 PM,Yamuna,Outside,0,0,0,0,02:32 PM,06:26 PM,199.8,94,5.64,None,1,1
S1964,2026-04-12,09:05 AM,Azad,Mess,08:26 AM,09:14 AM,0,0,0,0,446.9,179,55.44,Breakfast,0,0
S1965,2026-04-16,07:15 AM,Rajendra,Mess,07:01 AM,07:27 AM,0,0,0,0,404.64,162,34.59,Breakfast,0,0
S1966,2026-04-09,07:38 PM,Rajendra,Outside,0,0,0,0,06:15 PM,10:06 PM,124.36,101,5.53,None,0,0
S1967,2026-04-25,04:37 PM,Yamuna,Classroom,0,0,0,0,04:13 PM,06:31 PM,196.06,194,10.87,None,1,1
S1968,2026-04-22,01:33 PM,Yamuna,Hostel,0,0,0,0,0,0,256.18,38,16.89,None,1,0
S1969,2026-04-24,01:54 PM,Yamuna,Mess,01:31 PM,02:08 PM,0,0,0,0,336.98,196,41.96,Lunch,0,0
S1970,2026-04-09,04:53 AM,Yamuna,Outside,0,0,0,0,04:07 AM,05:54 AM,116.42,105,13.64,None,0,0
S1971,2026-04-11,09:51 AM,Sarojini,Mess,09:19 AM,10:07 AM,0,0,0,0,245.34,110,47.21,Breakfast,1,1
S1972,2026-04-25,06:40 PM,Rajendra,Classroom,0,0,0,0,06:03 PM,08:16 PM,212.46,18,1.18,None,1,1
S1973,2026-04-08,11:29 AM,Rajendra,Library,0,0,10:59 AM,01:04 PM,10:48 AM,01:30 PM,610.63,47,20.39,None,1,0
S1974,2026-04-25,08:50 PM,Rajendra,Mess,08:34 PM,09:05 PM,0,0,0,0,462.24,16,38.17,Dinner,0,0
S1975,2026-04-23,02:50 AM,Azad,Outside,0,0,0,0,01:02 AM,05:22 AM,115.24,187,26.74,None,0,0
S1976,2026-04-24,05:15 PM,Sarojini,Library,0,0,04:36 PM,06:32 PM,04:10 PM,07:05 PM,684.72,124,24.88,None,0,0
S1977,2026-04-14,04:04 PM,Azad,Library,0,0,04:03 PM,05:43 PM,03:53 PM,05:54 PM,571.06,114,16.59,None,0,0
S1978,2026-04-04,06:02 AM,Azad,Hostel,0,0,0,0,0,0,276.09,19,23.06,None,0,0
S1979,2026-04-09,10:50 PM,Sarojini,Hostel,0,0,0,0,0,0,1145.44,113,32.81,None,0,0
S1980,2026-04-26,01:10 PM,Rajendra,Mess,01:09 PM,01:39 PM,0,0,0,0,532.93,200,51.39,Lunch,1,0
S1981,2026-04-05,05:47 PM,Yamuna,Hostel,0,0,0,0,0,0,144.86,121,31.61,None,0,0
S1982,2026-04-21,08:49 PM,Ganga,Outside,0,0,0,0,06:55 PM,11:41 PM,280.84,137,10.08,None,0,0
S1983,2026-04-24,07:55 PM,Azad,Library,0,0,07:40 PM,08:29 PM,07:34 PM,08:40 PM,682.72,26,8.71,None,0,0
S1984,2026-04-21,04:45 PM,Ganga,Library,0,0,04:36 PM,05:17 PM,04:13 PM,05:55 PM,865.22,108,15.07,None,0,0
S1985,2026-04-13,09:14 AM,Ganga,Mess,09:05 AM,09:29 AM,0,0,0,0,515.35,97,26.45,Breakfast,1,1
S1986,2026-04-12,04:26 PM,Yamuna,Library,0,0,03:54 PM,04:43 PM,03:31 PM,05:22 PM,782.9,109,18.26,None,0,0
S1987,2026-04-18,11:12 AM,Azad,Library,0,0,09:52 AM,12:18 PM,09:30 AM,12:46 PM,889.14,105,25.14,None,0,0
S1988,2026-04-24,08:09 AM,Sarojini,Mess,07:44 AM,08:19 AM,0,0,0,0,216.14,165,31.6,Breakfast,0,0
S1989,2026-04-14,11:02 AM,Yamuna,Library,0,0,10:36 AM,11:10 AM,10:13 AM,11:44 AM,734.88,144,19.82,None,0,0
S1990,2026-04-30,12:54 PM,Rajendra,Mess,12:30 PM,01:13 PM,0,0,0,0,450.16,180,59.14,Lunch,1,0
S1991,2026-04-10,09:42 AM,Rajendra,Mess,09:17 AM,09:43 AM,0,0,0,0,486.82,98,38.34,Breakfast,0,0
S1992,2026-04-03,08:29 AM,Ganga,Mess,08:28 AM,08:58 AM,0,0,0,0,465.88,49,34.78,Breakfast,0,0
S1993,2026-04-17,03:25 PM,Ganga,Mess,02:47 PM,03:28 PM,0,0,0,0,646.29,93,32.91,Lunch,1,0
S1994,2026-04-05,08:06 AM,Rajendra,Mess,07:16 AM,08:09 AM,0,0,0,0,558.99,113,48.12,Breakfast,0,0
S1995,2026-04-23,08:29 PM,Yamuna,Library,0,0,07:38 PM,08:53 PM,07:15 PM,09:40 PM,953.94,156,25.48,None,0,0
S1996,2026-04-05,11:53 PM,Rajendra,Outside,0,0,0,0,10:52 PM,11:59 PM,255.8,54,5.22,None,0,0
S1997,2026-04-01,05:23 PM,Sarojini,Classroom,0,0,0,0,05:00 PM,07:21 PM,169.47,62,8.82,None,1,1
S1998,2026-04-28,12:35 PM,Ganga,Classroom,0,0,0,0,11:59 AM,01:14 PM,379.77,128,13.09,None,1,0
S1999,2026-04-03,02:20 PM,Yamuna,Classroom,0,0,0,0,01:56 PM,04:20 PM,320.17,120,8.84,None,1,0
S2000,2026-04-07,11:07 AM,Rajendra,Library,0,0,09:34 AM,11:34 AM,09:06 AM,12:05 PM,779.86,104,28.85,None,1,0
S2001,2026-04-29,01:13 PM,Yamuna,Mess,12:55 PM,01:34 PM,0,0,0,0,609.8,20,32.67,Lunch,0,0
S2002,2026-04-01,09:48 PM,Sarojini,Library,0,0,08:11 PM,10:12 PM,07:59 PM,10:56 PM,516.73,54,17.32,None,0,0
S2003,2026-04-21,01:06 PM,Ganga,Classroom,0,0,0,0,12:28 PM,02:37 PM,314.31,44,6.12,None,1,0
S2004,2026-04-14,10:10 PM,Yamuna,Library,0,0,09:56 PM,11:59 PM,09:45 PM,11:59 PM,723.29,75,13.72,None,0,0
S2005,2026-04-18,09:40 PM,Ganga,Mess,09:14 PM,09:53 PM,0,0,0,0,548.7,108,49.16,Dinner,0,0
S2006,2026-04-13,02:38 AM,Yamuna,Outside,0,0,0,0,01:13 AM,04:06 AM,165.46,127,14.05,None,0,0
S2007,2026-04-04,04:13 PM,Rajendra,Library,0,0,03:41 PM,04:41 PM,03:12 PM,05:14 PM,880.78,105,27.14,None,1,1
S2008,2026-04-06,10:17 AM,Azad,Mess,09:55 AM,10:17 AM,0,0,0,0,379.77,39,31.38,Breakfast,0,0
S2009,2026-04-14,10:48 AM,Rajendra,Hostel,0,0,0,0,0,0,213.21,58,25.02,None,0,0
S2010,2026-04-11,09:15 PM,Ganga,Mess,08:53 PM,09:24 PM,0,0,0,0,666.98,103,30.6,Dinner,0,0
S2011,2026-04-21,01:54 AM,Ganga,Hostel,0,0,0,0,0,0,288.58,91,32.4,None,0,0
S2012,2026-04-16,09:51 PM,Ganga,Mess,09:36 PM,10:02 PM,0,0,0,0,277.44,114,54.47,Dinner,0,0
S2013,2026-04-06,08:32 PM,Ganga,Library,0,0,07:43 PM,09:13 PM,07:14 PM,09:24 PM,718.49,194,25.33,None,0,0
S2014,2026-04-20,11:03 PM,Ganga,Hostel,0,0,0,0,0,0,1359.8,195,44.01,None,0,0
S2015,2026-04-11,10:02 AM,Sarojini,Library,0,0,09:35 AM,10:14 AM,09:12 AM,10:35 AM,730.0,65,12.67,None,1,1
S2016,2026-04-03,09:49 PM,Ganga,Mess,09:22 PM,09:52 PM,0,0,0,0,626.58,161,41.49,Dinner,0,0
S2017,2026-04-01,02:38 PM,Azad,Mess,02:34 PM,02:59 PM,0,0,0,0,477.34,102,39.55,Lunch,1,0
S2018,2026-04-26,08:25 PM,Azad,Mess,08:10 PM,08:52 PM,0,0,0,0,374.8,158,43.7,Dinner,0,0
S2019,2026-04-10,02:31 PM,Rajendra,Library,0,0,02:31 PM,04:56 PM,02:11 PM,05:40 PM,673.77,59,14.48,None,0,0
S2020,2026-04-20,08:03 PM,Ganga,Library,0,0,07:07 PM,08:17 PM,06:37 PM,08:48 PM,737.82,185,19.85,None,0,0
S2021,2026-04-22,11:35 PM,Yamuna,Hostel,0,0,0,0,0,0,1498.62,37,20.96,None,0,0
S2022,2026-04-16,12:21 PM,Yamuna,Mess,12:15 PM,12:40 PM,0,0,0,0,544.79,11,35.09,Lunch,1,0
S2023,2026-04-12,08:19 PM,Azad,Mess,08:01 PM,08:36 PM,0,0,0,0,447.7,25,32.96,Dinner,0,0
S2024,2026-04-01,01:58 AM,Ganga,Outside,0,0,0,0,12:43 AM,03:01 AM,310.04,85,9.24,None,0,0
S2025,2026-04-26,05:02 PM,Sarojini,Hostel,0,0,0,0,0,0,346.72,104,27.03,None,0,0
S2026,2026-05-01,09:20 PM,Sarojini,Mess,08:45 PM,09:40 PM,0,0,0,0,525.93,19,34.01,Dinner,0,0
S2027,2026-04-07,05:52 PM,Ganga,Library,0,0,04:45 PM,06:35 PM,04:38 PM,07:07 PM,452.97,86,14.08,None,0,0
S2028,2026-04-05,12:30 AM,Azad,Hostel,0,0,0,0,0,0,259.34,88,29.8,None,0,0
S2029,2026-04-14,09:31 AM,Rajendra,Library,0,0,09:26 AM,10:34 AM,09:17 AM,11:25 AM,716.5,93,18.8,None,1,1
S2030,2026-04-24,07:39 PM,Ganga,Mess,07:36 PM,08:13 PM,0,0,0,0,447.06,136,31.03,Dinner,0,0
S2031,2026-04-27,09:15 PM,Ganga,Library,0,0,08:30 PM,09:55 PM,08:17 PM,10:44 PM,757.06,17,14.72,None,0,0
S2032,2026-04-23,01:45 PM,Azad,Mess,01:35 PM,02:29 PM,0,0,0,0,372.52,65,32.4,Lunch,0,0
S2033,2026-04-20,09:01 AM,Yamuna,Mess,08:52 AM,09:18 AM,0,0,0,0,513.67,147,36.39,Breakfast,0,0
S2034,2026-04-12,09:44 PM,Ganga,Mess,09:16 PM,09:57 PM,0,0,0,0,482.05,149,38.38,Dinner,0,0
S2035,2026-04-20,10:01 AM,Ganga,Mess,09:58 AM,10:37 AM,0,0,0,0,426.26,45,27.1,Breakfast,0,0
S2036,2026-04-15,08:23 AM,Yamuna,Mess,08:20 AM,09:15 AM,0,0,0,0,566.84,135,56.55,Breakfast,0,0
S2037,2026-04-06,12:26 PM,Ganga,Mess,12:20 PM,12:50 PM,0,0,0,0,591.56,182,58.54,Lunch,0,0
S2038,2026-04-22,10:57 AM,Azad,Library,0,0,10:42 AM,11:29 AM,10:25 AM,12:16 PM,461.39,130,14.01,None,0,0
S2039,2026-04-27,02:51 PM,Sarojini,Mess,02:20 PM,02:55 PM,0,0,0,0,372.89,83,48.53,Lunch,1,0
S2040,2026-04-22,02:32 AM,Ganga,Hostel,0,0,0,0,0,0,228.9,151,36.9,None,0,0
S2041,2026-04-26,01:09 PM,Sarojini,Hostel,0,0,0,0,0,0,219.52,88,34.64,None,1,0
S2042,2026-04-04,01:34 AM,Azad,Outside,0,0,0,0,12:48 AM,03:32 AM,394.07,13,1.67,None,0,0
S2043,2026-04-20,03:45 PM,Sarojini,Library,0,0,03:11 PM,05:57 PM,02:43 PM,06:40 PM,770.57,21,8.59,None,0,0
S2044,2026-04-07,11:06 AM,Ganga,Library,0,0,10:18 AM,01:00 PM,09:55 AM,01:29 PM,749.16,185,27.76,None,0,0
S2045,2026-04-17,05:22 PM,Ganga,Library,0,0,05:08 PM,07:20 PM,04:40 PM,07:52 PM,857.28,147,27.85,None,0,0
S2046,2026-04-18,07:17 PM,Rajendra,Mess,07:15 PM,07:51 PM,0,0,0,0,503.5,123,43.12,Dinner,0,0
S2047,2026-04-22,08:08 PM,Sarojini,Library,0,0,06:41 PM,08:10 PM,06:13 PM,08:32 PM,817.97,22,16.14,None,0,0
S2048,2026-04-16,03:59 PM,Yamuna,Classroom,0,0,0,0,03:28 PM,05:06 PM,351.75,132,15.59,None,1,0
S2049,2026-04-24,08:48 AM,Sarojini,Outside,0,0,0,0,07:59 AM,11:16 AM,349.91,196,24.67,None,0,0
S2050,2026-04-12,12:05 PM,Yamuna,Hostel,0,0,0,0,0,0,394.38,84,33.55,None,1,0
S2051,2026-04-15,03:17 PM,Sarojini,Library,0,0,02:24 PM,05:14 PM,02:06 PM,06:08 PM,785.42,177,31.15,None,0,0
S2052,2026-04-29,05:07 PM,Yamuna,Library,0,0,04:05 PM,05:33 PM,03:59 PM,05:48 PM,748.95,49,11.16,None,0,0
S2053,2026-04-11,01:19 PM,Sarojini,Hostel,0,0,0,0,0,0,359.64,19,21.04,None,0,0
S2054,2026-04-03,09:43 PM,Azad,Mess,08:49 PM,09:48 PM,0,0,0,0,457.5,39,37.51,Dinner,0,0
S2055,2026-04-19,03:44 PM,Yamuna,Outside,0,0,0,0,02:25 PM,06:19 PM,177.34,41,3.97,None,0,0
S2056,2026-04-14,07:28 PM,Sarojini,Library,0,0,06:19 PM,08:33 PM,06:02 PM,08:49 PM,897.1,173,32.57,None,0,0
S2057,2026-04-20,08:10 PM,Azad,Hostel,0,0,0,0,0,0,1323.86,83,25.1,None,0,0
S2058,2026-04-21,09:51 PM,Sarojini,Mess,09:18 PM,09:51 PM,0,0,0,0,410.09,117,35.19,Dinner,0,0
S2059,2026-04-25,11:18 PM,Yamuna,Outside,0,0,0,0,09:55 PM,11:59 PM,395.1,147,9.05,None,0,0
S2060,2026-04-21,07:15 PM,Sarojini,Library,0,0,06:33 PM,08:40 PM,06:23 PM,09:29 PM,491.5,42,14.24,None,0,0
S2061,2026-04-09,05:13 AM,Yamuna,Outside,0,0,0,0,03:57 AM,07:13 AM,355.15,84,9.06,None,0,0
S2062,2026-04-17,02:42 PM,Rajendra,Library,0,0,12:23 PM,02:58 PM,12:18 PM,03:53 PM,624.0,133,19.67,None,0,0
S2063,2026-04-03,07:10 PM,Azad,Library,0,0,06:29 PM,07:42 PM,06:18 PM,08:38 PM,899.1,198,26.98,None,0,0
S2064,2026-04-18,02:00 PM,Ganga,Classroom,0,0,0,0,01:45 PM,04:00 PM,115.32,83,8.68,None,1,0
S2065,2026-04-03,12:45 PM,Sarojini,Mess,12:28 PM,12:51 PM,0,0,0,0,491.52,177,51.4,Lunch,1,0
S2066,2026-04-16,07:46 AM,Azad,Mess,07:12 AM,07:46 AM,0,0,0,0,546.92,113,33.54,Breakfast,0,0
S2067,2026-04-20,07:54 PM,Rajendra,Mess,07:17 PM,08:09 PM,0,0,0,0,542.73,85,44.78,Dinner,0,0
S2068,2026-05-01,01:58 PM,Azad,Mess,01:41 PM,02:09 PM,0,0,0,0,504.56,62,43.09,Lunch,1,0
S2069,2026-04-07,01:14 PM,Ganga,Mess,12:29 PM,01:28 PM,0,0,0,0,319.3,140,39.46,Lunch,0,0
S2070,2026-04-30,11:31 AM,Sarojini,Library,0,0,10:57 AM,12:49 PM,10:45 AM,01:35 PM,518.75,176,26.37,None,0,0
S2071,2026-04-07,01:36 PM,Azad,Mess,01:22 PM,02:22 PM,0,0,0,0,447.47,113,35.92,Lunch,1,0
S2072,2026-04-02,04:58 AM,Ganga,Outside,0,0,0,0,03:06 AM,07:27 AM,219.8,193,27.79,None,0,0
S2073,2026-04-09,07:47 AM,Yamuna,Mess,07:25 AM,07:57 AM,0,0,0,0,449.04,26,34.3,Breakfast,0,0
S2074,2026-04-03,09:13 PM,Ganga,Mess,09:00 PM,09:46 PM,0,0,0,0,375.93,196,49.63,Dinner,0,0
S2075,2026-04-09,01:48 PM,Yamuna,Library,0,0,12:43 PM,03:37 PM,12:23 PM,04:04 PM,754.99,131,27.42,None,0,0
S2076,2026-04-25,08:21 PM,Yamuna,Library,0,0,07:54 PM,10:20 PM,07:25 PM,10:38 PM,757.99,114,20.44,None,0,0
S2077,2026-04-13,12:23 PM,Yamuna,Mess,12:11 PM,12:39 PM,0,0,0,0,490.91,100,44.02,Lunch,1,0
S2078,2026-04-20,09:37 PM,Ganga,Mess,09:22 PM,09:50 PM,0,0,0,0,509.74,150,56.83,Dinner,0,0
S2079,2026-04-05,09:14 PM,Sarojini,Library,0,0,08:02 PM,09:55 PM,07:40 PM,10:53 PM,573.2,141,21.4,None,0,0
S2080,2026-04-22,09:39 PM,Azad,Mess,09:28 PM,10:11 PM,0,0,0,0,529.6,94,41.35,Dinner,0,0
S2081,2026-04-02,11:52 AM,Azad,Library,0,0,10:24 AM,12:21 PM,10:01 AM,12:54 PM,867.19,38,10.35,None,0,0
S2082,2026-04-21,08:13 PM,Azad,Outside,0,0,0,0,07:36 PM,11:04 PM,369.93,115,12.78,None,0,0
S2083,2026-04-02,11:10 PM,Ganga,Hostel,0,0,0,0,0,0,861.55,84,21.98,None,0,0
S2084,2026-04-28,10:00 AM,Ganga,Library,0,0,09:27 AM,10:25 AM,08:59 AM,11:01 AM,513.78,117,13.08,None,1,1
S2085,2026-05-01,06:36 PM,Rajendra,Library,0,0,05:56 PM,07:59 PM,05:27 PM,08:36 PM,741.78,44,8.89,None,0,0
S2086,2026-04-21,08:32 PM,Sarojini,Mess,08:07 PM,08:32 PM,0,0,0,0,428.4,130,55.66,Dinner,0,0
S2087,2026-04-16,07:42 PM,Azad,Outside,0,0,0,0,06:41 PM,10:40 PM,112.19,149,22.17,None,0,0
S2088,2026-04-25,07:24 PM,Yamuna,Library,0,0,07:18 PM,08:32 PM,06:54 PM,09:13 PM,701.22,105,25.63,None,0,0
S2089,2026-04-08,03:00 PM,Sarojini,Mess,02:40 PM,03:37 PM,0,0,0,0,259.23,25,40.19,Lunch,1,0
S2090,2026-04-23,12:48 PM,Rajendra,Classroom,0,0,0,0,12:37 PM,01:21 PM,193.0,16,1.15,None,1,0
S2091,2026-04-13,01:23 PM,Rajendra,Classroom,0,0,0,0,12:51 PM,02:21 PM,379.73,194,22.4,None,1,0
S2092,2026-04-20,12:22 PM,Azad,Library,0,0,11:52 AM,01:39 PM,11:38 AM,02:14 PM,603.77,75,21.01,None,1,0
S2093,2026-04-11,06:44 AM,Sarojini,Hostel,0,0,0,0,0,0,109.12,87,25.97,None,0,0
S2094,2026-04-08,08:56 PM,Yamuna,Mess,08:21 PM,09:04 PM,0,0,0,0,372.72,28,29.53,Dinner,0,0
S2095,2026-04-04,09:31 AM,Azad,Mess,09:05 AM,09:45 AM,0,0,0,0,533.12,164,52.36,Breakfast,0,0
S2096,2026-04-30,12:30 PM,Ganga,Outside,0,0,0,0,10:58 AM,01:49 PM,136.11,101,11.18,None,1,0
S2097,2026-04-13,09:17 AM,Rajendra,Classroom,0,0,0,0,09:01 AM,10:29 AM,284.09,156,19.88,None,1,1
S2098,2026-04-01,09:55 AM,Rajendra,Library,0,0,09:38 AM,10:27 AM,09:33 AM,10:52 AM,418.75,185,32.69,None,1,1
S2099,2026-04-06,01:59 PM,Yamuna,Mess,01:44 PM,02:12 PM,0,0,0,0,502.81,124,48.37,Lunch,0,0
S2100,2026-04-13,05:59 AM,Sarojini,Hostel,0,0,0,0,0,0,135.19,171,44.26,None,0,0
S2101,2026-04-04,10:14 AM,Rajendra,Mess,09:39 AM,10:23 AM,0,0,0,0,453.76,71,41.83,Breakfast,0,0
S2102,2026-04-17,08:39 PM,Sarojini,Mess,08:19 PM,09:07 PM,0,0,0,0,510.31,11,35.26,Dinner,0,0
S2103,2026-04-19,09:06 PM,Yamuna,Library,0,0,08:05 PM,09:12 PM,07:42 PM,09:59 PM,727.73,80,16.6,None,0,0
S2104,2026-04-10,08:24 AM,Sarojini,Mess,07:47 AM,08:26 AM,0,0,0,0,462.49,75,27.41,Breakfast,0,0
S2105,2026-04-18,11:11 AM,Yamuna,Library,0,0,10:17 AM,12:15 PM,10:10 AM,01:01 PM,748.97,95,10.56,None,0,0
S2106,2026-04-16,09:04 PM,Azad,Hostel,0,0,0,0,0,0,859.75,12,21.1,None,0,0
S2107,2026-04-17,07:52 AM,Sarojini,Hostel,0,0,0,0,0,0,291.22,83,31.18,None,0,0
S2108,2026-04-24,09:50 PM,Yamuna,Library,0,0,08:23 PM,10:36 PM,08:04 PM,11:00 PM,868.53,162,27.06,None,0,0
S2109,2026-04-26,11:52 PM,Azad,Outside,0,0,0,0,10:19 PM,11:59 PM,205.27,11,0.91,None,0,0
S2110,2026-04-14,10:11 PM,Ganga,Library,0,0,09:24 PM,11:59 PM,09:04 PM,11:59 PM,539.62,109,25.56,None,0,0
S2111,2026-04-23,01:18 PM,Azad,Classroom,0,0,0,0,12:50 PM,01:54 PM,379.05,73,8.47,None,1,0
S2112,2026-05-01,07:54 AM,Rajendra,Mess,07:25 AM,08:06 AM,0,0,0,0,488.81,106,35.29,Breakfast,0,0
S2113,2026-04-23,01:01 PM,Yamuna,Library,0,0,11:38 AM,02:20 PM,11:25 AM,03:01 PM,1023.56,47,12.98,None,0,0
S2114,2026-04-26,02:16 PM,Sarojini,Mess,01:53 PM,02:50 PM,0,0,0,0,469.92,97,42.28,Lunch,1,0
S2115,2026-04-01,10:13 AM,Azad,Classroom,0,0,0,0,09:54 AM,11:36 AM,327.79,12,1.3,None,1,1
S2116,2026-04-22,04:08 PM,Yamuna,Classroom,0,0,0,0,03:51 PM,04:47 PM,221.8,183,12.84,None,1,1
S2117,2026-04-14,10:54 PM,Ganga,Library,0,0,09:56 PM,11:28 PM,09:33 PM,11:59 PM,762.77,26,17.91,None,0,0
S2118,2026-04-03,02:21 AM,Rajendra,Hostel,0,0,0,0,0,0,185.38,64,32.36,None,0,0
S2119,2026-04-18,06:04 PM,Yamuna,Library,0,0,06:01 PM,06:51 PM,05:42 PM,07:40 PM,576.32,70,12.37,None,0,0
S2120,2026-04-05,08:13 PM,Sarojini,Mess,08:13 PM,09:02 PM,0,0,0,0,511.43,166,42.24,Dinner,0,0
S2121,2026-04-16,10:25 PM,Yamuna,Mess,09:38 PM,10:28 PM,0,0,0,0,543.64,142,44.52,Dinner,0,0
S2122,2026-04-08,12:15 AM,Yamuna,Hostel,0,0,0,0,0,0,260.44,178,46.47,None,0,0
S2123,2026-04-24,11:25 AM,Sarojini,Library,0,0,11:13 AM,11:54 AM,10:53 AM,12:33 PM,562.04,29,13.74,None,0,0
S2124,2026-04-23,10:51 PM,Azad,Library,0,0,09:30 PM,11:55 PM,09:11 PM,11:59 PM,923.14,130,16.34,None,0,0
S2125,2026-04-05,08:44 AM,Yamuna,Mess,08:21 AM,09:21 AM,0,0,0,0,486.55,161,44.28,Breakfast,0,0
S2126,2026-04-14,10:24 PM,Azad,Mess,09:50 PM,10:40 PM,0,0,0,0,407.52,99,42.01,Dinner,0,0
S2127,2026-04-30,01:08 PM,Sarojini,Library,0,0,01:06 PM,02:32 PM,12:51 PM,03:10 PM,926.86,25,11.07,None,0,0
S2128,2026-04-11,07:34 AM,Ganga,Outside,0,0,0,0,06:19 AM,09:33 AM,230.63,70,6.64,None,0,0
S2129,2026-04-11,08:27 PM,Yamuna,Mess,08:14 PM,09:12 PM,0,0,0,0,511.35,144,45.96,Dinner,0,0
S2130,2026-04-15,09:31 AM,Sarojini,Mess,08:40 AM,09:37 AM,0,0,0,0,482.07,189,46.72,Breakfast,1,1
S2131,2026-04-24,01:58 PM,Sarojini,Library,0,0,01:41 PM,02:12 PM,01:12 PM,02:41 PM,782.69,160,17.36,None,1,0
S2132,2026-04-20,04:26 AM,Ganga,Hostel,0,0,0,0,0,0,250.68,188,35.29,None,0,0
S2133,2026-04-03,12:39 PM,Azad,Mess,12:39 PM,01:26 PM,0,0,0,0,609.95,122,29.5,Lunch,0,0
S2134,2026-04-20,05:05 PM,Yamuna,Classroom,0,0,0,0,04:35 PM,05:37 PM,174.01,88,4.72,None,1,1
S2135,2026-04-08,12:55 PM,Azad,Hostel,0,0,0,0,0,0,319.43,165,38.24,None,0,0
S2136,2026-04-30,08:55 PM,Sarojini,Library,0,0,06:24 PM,09:04 PM,06:08 PM,10:03 PM,705.47,134,26.14,None,0,0
S2137,2026-04-05,05:01 PM,Azad,Hostel,0,0,0,0,0,0,135.89,103,35.85,None,0,0
S2138,2026-04-02,07:43 PM,Sarojini,Hostel,0,0,0,0,0,0,310.41,121,24.8,None,0,0
S2139,2026-04-25,01:27 PM,Azad,Mess,01:18 PM,01:42 PM,0,0,0,0,417.02,108,32.5,Lunch,1,0
S2140,2026-04-30,02:48 PM,Yamuna,Hostel,0,0,0,0,0,0,334.86,114,16.75,None,1,0
S2141,2026-04-26,08:54 PM,Azad,Mess,08:39 PM,09:19 PM,0,0,0,0,370.37,157,51.05,Dinner,0,0
S2142,2026-04-13,08:15 PM,Rajendra,Mess,08:00 PM,08:29 PM,0,0,0,0,588.78,51,29.1,Dinner,0,0
S2143,2026-04-29,11:36 PM,Azad,Hostel,0,0,0,0,0,0,1261.17,75,33.88,None,0,0
S2144,2026-04-16,12:49 PM,Yamuna,Library,0,0,11:35 AM,02:16 PM,11:14 AM,02:57 PM,513.69,166,28.34,None,1,0
S2145,2026-04-20,06:58 AM,Azad,Outside,0,0,0,0,06:04 AM,08:33 AM,301.33,52,6.98,None,0,0
S2146,2026-04-14,02:35 PM,Ganga,Mess,01:40 PM,02:37 PM,0,0,0,0,289.5,187,53.85,Lunch,0,0
S2147,2026-04-11,07:21 PM,Rajendra,Library,0,0,07:15 PM,09:54 PM,06:51 PM,10:32 PM,771.02,26,15.96,None,0,0
S2148,2026-04-24,12:59 PM,Yamuna,Mess,12:55 PM,01:17 PM,0,0,0,0,450.13,73,40.64,Lunch,0,0
S2149,2026-04-23,01:16 PM,Rajendra,Classroom,0,0,0,0,12:41 PM,02:52 PM,150.22,179,9.46,None,1,0
S2150,2026-04-29,05:56 PM,Azad,Library,0,0,03:43 PM,06:20 PM,03:35 PM,06:52 PM,1043.39,158,37.52,None,0,0
S2151,2026-04-27,04:41 AM,Azad,Outside,0,0,0,0,03:44 AM,07:20 AM,123.84,59,6.38,None,0,0
S2152,2026-04-15,05:53 PM,Sarojini,Outside,0,0,0,0,04:53 PM,08:08 PM,168.81,159,8.47,None,0,0
S2153,2026-04-11,01:26 AM,Azad,Hostel,0,0,0,0,0,0,355.82,113,23.23,None,0,0
S2154,2026-04-14,05:23 PM,Ganga,Library,0,0,05:15 PM,06:15 PM,04:52 PM,06:43 PM,640.18,73,24.35,None,0,0
S2155,2026-04-13,08:25 PM,Ganga,Mess,08:17 PM,08:39 PM,0,0,0,0,320.21,132,42.93,Dinner,0,0
S2156,2026-04-17,09:07 PM,Yamuna,Hostel,0,0,0,0,0,0,1016.87,38,18.46,None,0,0
S2157,2026-05-01,01:57 PM,Yamuna,Hostel,0,0,0,0,0,0,317.9,34,25.79,None,1,0
S2158,2026-04-24,09:29 AM,Sarojini,Library,0,0,09:12 AM,10:54 AM,09:03 AM,11:11 AM,859.22,14,16.28,None,1,1
S2159,2026-04-09,06:34 PM,Yamuna,Library,0,0,06:14 PM,08:10 PM,05:49 PM,08:34 PM,524.98,61,15.76,None,0,0
S2160,2026-04-02,07:36 AM,Sarojini,Mess,07:16 AM,07:42 AM,0,0,0,0,433.08,121,32.91,Breakfast,0,0
S2161,2026-04-03,12:32 PM,Ganga,Mess,12:26 PM,12:57 PM,0,0,0,0,443.87,46,33.81,Lunch,1,0
S2162,2026-04-14,09:30 PM,Yamuna,Mess,09:21 PM,10:17 PM,0,0,0,0,558.1,172,44.07,Dinner,0,0
S2163,2026-04-24,02:21 AM,Azad,Hostel,0,0,0,0,0,0,298.07,93,36.37,None,0,0
S2164,2026-04-07,10:58 PM,Ganga,Hostel,0,0,0,0,0,0,732.55,37,25.08,None,0,0
S2165,2026-04-18,09:47 PM,Azad,Library,0,0,08:03 PM,10:22 PM,07:34 PM,10:34 PM,1019.13,152,21.6,None,0,0
S2166,2026-04-29,07:46 AM,Yamuna,Mess,07:31 AM,08:01 AM,0,0,0,0,608.11,14,28.42,Breakfast,0,0
S2167,2026-04-11,02:07 PM,Sarojini,Mess,01:39 PM,02:12 PM,0,0,0,0,361.4,112,37.22,Lunch,1,0
S2168,2026-04-18,12:12 PM,Ganga,Mess,12:05 PM,12:30 PM,0,0,0,0,646.84,72,47.42,Lunch,0,0
S2169,2026-04-23,10:17 PM,Yamuna,Library,0,0,09:52 PM,11:59 PM,09:28 PM,11:59 PM,805.81,169,33.51,None,0,0
S2170,2026-04-30,12:14 PM,Rajendra,Mess,12:12 PM,12:36 PM,0,0,0,0,353.51,84,39.21,Lunch,1,0
S2171,2026-04-03,09:12 AM,Azad,Mess,09:07 AM,09:29 AM,0,0,0,0,329.41,71,45.16,Breakfast,1,1
S2172,2026-04-17,08:45 PM,Yamuna,Library,0,0,08:12 PM,08:59 PM,08:01 PM,09:42 PM,675.17,141,28.33,None,0,0
S2173,2026-04-05,12:16 PM,Yamuna,Classroom,0,0,0,0,11:39 AM,01:56 PM,343.35,79,10.97,None,1,0
S2174,2026-04-29,09:26 PM,Rajendra,Mess,08:57 PM,09:54 PM,0,0,0,0,511.82,58,38.15,Dinner,0,0
S2175,2026-04-02,07:07 PM,Yamuna,Hostel,0,0,0,0,0,0,139.12,104,29.76,None,0,0
S2176,2026-04-22,01:20 PM,Azad,Mess,01:20 PM,02:16 PM,0,0,0,0,567.91,49,29.82,Lunch,1,0
S2177,2026-04-06,02:15 PM,Azad,Classroom,0,0,0,0,02:03 PM,03:08 PM,392.21,51,2.95,None,1,0
S2178,2026-04-16,12:23 AM,Yamuna,Hostel,0,0,0,0,0,0,394.31,173,35.94,None,0,0
S2179,2026-04-02,06:31 PM,Rajendra,Library,0,0,06:23 PM,08:44 PM,06:17 PM,09:31 PM,845.73,45,11.53,None,0,0
S2180,2026-04-06,08:53 PM,Azad,Hostel,0,0,0,0,0,0,952.66,145,34.43,None,0,0
S2181,2026-04-13,12:08 AM,Sarojini,Hostel,0,0,0,0,0,0,173.02,114,27.07,None,0,0
S2182,2026-04-27,03:23 PM,Azad,Library,0,0,01:35 PM,03:59 PM,01:21 PM,04:43 PM,678.15,62,17.56,None,1,0
S2183,2026-04-04,05:13 PM,Sarojini,Library,0,0,02:40 PM,05:23 PM,02:10 PM,06:10 PM,605.84,161,20.63,None,0,0
S2184,2026-04-26,04:57 AM,Yamuna,Outside,0,0,0,0,04:01 AM,06:22 AM,106.47,123,6.52,None,0,0
S2185,2026-04-08,09:36 PM,Yamuna,Hostel,0,0,0,0,0,0,929.08,86,20.15,None,0,0
S2186,2026-04-23,12:42 PM,Sarojini,Mess,12:31 PM,01:18 PM,0,0,0,0,352.57,68,28.22,Lunch,0,0
S2187,2026-04-01,11:00 AM,Ganga,Library,0,0,11:00 AM,12:46 PM,10:33 AM,01:22 PM,551.16,93,26.4,None,0,0
S2188,2026-04-22,08:57 AM,Azad,Mess,08:51 AM,09:28 AM,0,0,0,0,582.02,61,37.37,Breakfast,0,0
S2189,2026-04-07,03:12 PM,Azad,Mess,02:57 PM,03:52 PM,0,0,0,0,286.01,104,43.76,Lunch,0,0
S2190,2026-04-21,10:32 AM,Rajendra,Library,0,0,09:30 AM,10:39 AM,09:22 AM,11:00 AM,1038.64,158,28.95,None,0,0
S2191,2026-04-19,03:12 PM,Ganga,Classroom,0,0,0,0,02:57 PM,03:45 PM,345.15,21,1.26,None,1,0
S2192,2026-04-11,09:41 AM,Yamuna,Mess,09:13 AM,09:41 AM,0,0,0,0,404.76,57,33.68,Breakfast,0,0
S2193,2026-04-28,08:54 AM,Azad,Mess,08:28 AM,09:05 AM,0,0,0,0,400.58,127,47.23,Breakfast,0,0
S2194,2026-04-26,04:00 PM,Yamuna,Hostel,0,0,0,0,0,0,358.28,164,34.19,None,1,1
S2195,2026-04-12,10:13 PM,Azad,Library,0,0,09:37 PM,10:23 PM,09:11 PM,10:41 PM,941.65,110,18.67,None,0,0
S2196,2026-04-17,09:15 PM,Yamuna,Library,0,0,09:00 PM,10:12 PM,08:36 PM,10:37 PM,805.73,127,24.39,None,0,0
S2197,2026-04-18,02:36 PM,Ganga,Mess,01:43 PM,02:39 PM,0,0,0,0,315.06,151,48.31,Lunch,1,0
S2198,2026-04-03,03:08 PM,Sarojini,Library,0,0,02:44 PM,03:24 PM,02:27 PM,03:48 PM,874.82,45,16.3,None,0,0
S2199,2026-04-29,12:14 PM,Sarojini,Hostel,0,0,0,0,0,0,296.59,120,33.82,None,1,0
S2200,2026-04-08,03:11 PM,Sarojini,Library,0,0,01:13 PM,04:08 PM,12:52 PM,05:01 PM,609.31,25,9.89,None,0,0
S2201,2026-04-17,08:21 PM,Sarojini,Mess,08:18 PM,09:17 PM,0,0,0,0,357.03,97,48.14,Dinner,0,0
S2202,2026-05-01,03:14 PM,Sarojini,Mess,02:51 PM,03:28 PM,0,0,0,0,536.76,48,33.71,Lunch,0,0
S2203,2026-04-19,01:23 PM,Azad,Library,0,0,01:22 PM,01:53 PM,01:02 PM,02:06 PM,690.43,181,18.35,None,0,0
S2204,2026-04-10,03:05 PM,Rajendra,Mess,02:59 PM,03:44 PM,0,0,0,0,232.73,159,47.4,Lunch,1,0
S2205,2026-04-08,07:18 PM,Azad,Library,0,0,05:56 PM,07:38 PM,05:33 PM,07:50 PM,638.28,106,28.24,None,0,0
S2206,2026-04-28,08:13 AM,Ganga,Mess,08:10 AM,08:35 AM,0,0,0,0,494.02,68,34.68,Breakfast,0,0
S2207,2026-04-18,11:24 PM,Sarojini,Library,0,0,10:03 PM,11:57 PM,09:37 PM,11:59 PM,735.26,57,19.27,None,0,0
S2208,2026-04-12,12:34 PM,Ganga,Mess,12:21 PM,01:06 PM,0,0,0,0,473.91,28,27.24,Lunch,0,0
S2209,2026-04-20,04:57 PM,Rajendra,Classroom,0,0,0,0,04:38 PM,05:57 PM,298.87,143,8.38,None,1,1
S2210,2026-04-20,06:00 PM,Sarojini,Library,0,0,05:09 PM,06:02 PM,04:44 PM,06:34 PM,827.66,117,21.79,None,0,0
S2211,2026-04-20,04:33 AM,Yamuna,Outside,0,0,0,0,03:00 AM,05:58 AM,138.02,34,2.73,None,0,0
S2212,2026-04-16,08:20 PM,Yamuna,Hostel,0,0,0,0,0,0,940.56,180,25.14,None,0,0
S2213,2026-04-20,11:11 AM,Rajendra,Classroom,0,0,0,0,10:51 AM,12:28 PM,351.75,14,1.98,None,1,0
S2214,2026-04-01,06:18 AM,Sarojini,Outside,0,0,0,0,05:34 AM,08:38 AM,317.8,174,19.77,None,0,0
S2215,2026-04-12,01:33 PM,Ganga,Library,0,0,12:31 PM,02:06 PM,12:11 PM,02:52 PM,659.81,21,8.39,None,0,0
S2216,2026-04-07,04:11 AM,Rajendra,Outside,0,0,0,0,03:17 AM,06:07 AM,312.01,153,22.44,None,0,0
S2217,2026-04-30,01:37 PM,Sarojini,Mess,01:12 PM,01:50 PM,0,0,0,0,420.2,71,36.62,Lunch,0,0
S2218,2026-04-12,09:56 AM,Rajendra,Mess,09:42 AM,10:22 AM,0,0,0,0,593.84,172,40.2,Breakfast,0,0
S2219,2026-04-30,11:57 AM,Ganga,Hostel,0,0,0,0,0,0,391.63,122,28.55,None,0,0
S2220,2026-04-14,07:16 AM,Yamuna,Mess,07:08 AM,07:39 AM,0,0,0,0,455.35,26,40.39,Breakfast,0,0
S2221,2026-04-18,09:26 PM,Azad,Outside,0,0,0,0,07:31 PM,11:26 PM,216.64,85,8.7,None,0,0
S2222,2026-04-08,04:02 PM,Azad,Library,0,0,03:42 PM,05:16 PM,03:23 PM,05:53 PM,830.4,53,15.57,None,1,1
S2223,2026-04-10,10:36 PM,Ganga,Library,0,0,08:24 PM,10:49 PM,08:14 PM,11:30 PM,867.8,107,22.12,None,0,0
S2224,2026-04-15,03:56 AM,Azad,Hostel,0,0,0,0,0,0,229.07,114,25.37,None,0,0
S2225,2026-04-04,02:43 PM,Rajendra,Library,0,0,02:41 PM,03:29 PM,02:24 PM,03:49 PM,865.03,124,12.8,None,1,0
S2226,2026-04-25,09:25 PM,Azad,Mess,09:17 PM,10:06 PM,0,0,0,0,473.83,13,24.67,Dinner,0,0
S2227,2026-04-29,09:30 PM,Azad,Mess,08:54 PM,09:50 PM,0,0,0,0,547.48,25,35.66,Dinner,0,0
S2228,2026-04-07,09:57 AM,Rajendra,Library,0,0,09:04 AM,10:18 AM,08:46 AM,10:59 AM,699.44,171,21.66,None,0,0
S2229,2026-04-11,07:53 PM,Rajendra,Mess,07:39 PM,08:06 PM,0,0,0,0,591.8,134,39.92,Dinner,0,0
S2230,2026-04-06,05:22 PM,Yamuna,Library,0,0,05:11 PM,06:02 PM,05:06 PM,06:53 PM,791.14,117,19.5,None,0,0
S2231,2026-04-08,10:39 AM,Azad,Library,0,0,10:18 AM,11:09 AM,09:53 AM,12:04 PM,655.54,170,29.73,None,1,1
S2232,2026-04-12,07:23 AM,Yamuna,Hostel,0,0,0,0,0,0,131.65,13,15.32,None,0,0
S2233,2026-04-15,08:03 PM,Rajendra,Library,0,0,07:53 PM,10:20 PM,07:40 PM,11:07 PM,915.46,76,14.63,None,0,0
S2234,2026-04-02,03:31 PM,Yamuna,Hostel,0,0,0,0,0,0,209.6,196,47.47,None,0,0
S2235,2026-04-17,11:42 AM,Azad,Hostel,0,0,0,0,0,0,322.3,147,33.42,None,1,0
S2236,2026-04-15,02:17 PM,Rajendra,Mess,02:16 PM,03:02 PM,0,0,0,0,396.66,68,36.77,Lunch,0,0
S2237,2026-04-26,06:38 PM,Ganga,Library,0,0,06:10 PM,06:54 PM,05:45 PM,07:39 PM,843.63,32,9.92,None,0,0
S2238,2026-04-10,08:43 PM,Rajendra,Mess,08:43 PM,09:05 PM,0,0,0,0,518.86,33,29.88,Dinner,0,0
S2239,2026-04-05,05:55 PM,Ganga,Hostel,0,0,0,0,0,0,399.42,123,33.09,None,0,0
S2240,2026-04-24,11:46 PM,Rajendra,Outside,0,0,0,0,09:51 PM,11:59 PM,200.35,89,12.64,None,0,0
S2241,2026-04-22,08:21 PM,Sarojini,Mess,07:54 PM,08:33 PM,0,0,0,0,592.23,36,30.85,Dinner,0,0
S2242,2026-04-16,08:46 AM,Sarojini,Mess,08:11 AM,08:53 AM,0,0,0,0,616.9,11,24.05,Breakfast,0,0
S2243,2026-04-13,09:44 AM,Sarojini,Mess,09:30 AM,10:21 AM,0,0,0,0,233.21,133,45.23,Breakfast,0,0
S2244,2026-04-06,09:38 AM,Rajendra,Mess,09:05 AM,09:57 AM,0,0,0,0,459.18,97,30.51,Breakfast,0,0
S2245,2026-04-26,07:27 AM,Ganga,Outside,0,0,0,0,05:28 AM,09:08 AM,226.78,45,6.16,None,0,0
S2246,2026-04-19,12:25 PM,Azad,Library,0,0,10:08 AM,12:40 PM,09:50 AM,12:58 PM,697.37,55,17.87,None,1,0
S2247,2026-04-28,11:31 AM,Sarojini,Outside,0,0,0,0,09:55 AM,02:30 PM,393.94,175,21.85,None,0,0
S2248,2026-04-12,09:40 PM,Ganga,Hostel,0,0,0,0,0,0,998.2,173,38.16,None,0,0
S2249,2026-04-22,01:54 AM,Ganga,Hostel,0,0,0,0,0,0,339.98,23,23.51,None,0,0
S2250,2026-04-27,09:55 PM,Yamuna,Hostel,0,0,0,0,0,0,691.82,196,25.83,None,0,0
S2251,2026-04-20,07:31 AM,Rajendra,Mess,07:12 AM,07:40 AM,0,0,0,0,349.19,49,40.86,Breakfast,0,0
S2252,2026-04-10,06:40 PM,Ganga,Classroom,0,0,0,0,06:27 PM,07:51 PM,214.03,158,8.4,None,1,1
S2253,2026-04-17,02:19 AM,Ganga,Outside,0,0,0,0,01:45 AM,04:10 AM,255.46,92,4.8,None,0,0
S2254,2026-04-08,01:51 PM,Sarojini,Library,0,0,01:41 PM,02:16 PM,01:30 PM,03:15 PM,711.11,102,22.28,None,1,0
S2255,2026-04-13,07:49 AM,Sarojini,Mess,07:19 AM,07:55 AM,0,0,0,0,280.65,70,47.12,Breakfast,0,0
S2256,2026-04-01,05:07 PM,Rajendra,Library,0,0,04:48 PM,06:37 PM,04:33 PM,07:01 PM,690.5,112,17.7,None,0,0
S2257,2026-04-23,07:49 AM,Sarojini,Hostel,0,0,0,0,0,0,176.43,42,13.61,None,0,0
S2258,2026-05-01,07:02 AM,Rajendra,Hostel,0,0,0,0,0,0,256.9,115,34.35,None,0,0
S2259,2026-04-01,10:41 PM,Azad,Hostel,0,0,0,0,0,0,1271.3,138,19.1,None,0,0
S2260,2026-04-24,06:51 PM,Yamuna,Classroom,0,0,0,0,06:39 PM,07:49 PM,124.02,180,22.51,None,1,1
S2261,2026-04-08,07:53 AM,Rajendra,Outside,0,0,0,0,06:50 AM,10:09 AM,344.08,191,28.29,None,0,0
S2262,2026-04-22,09:49 PM,Yamuna,Library,0,0,08:47 PM,10:23 PM,08:22 PM,10:54 PM,680.79,77,12.77,None,0,0
S2263,2026-04-14,06:13 AM,Rajendra,Hostel,0,0,0,0,0,0,114.85,117,26.18,None,0,0
S2264,2026-04-15,12:17 PM,Azad,Outside,0,0,0,0,10:22 AM,01:32 PM,203.56,111,11.71,None,0,0
S2265,2026-04-05,07:11 PM,Sarojini,Hostel,0,0,0,0,0,0,175.99,169,22.54,None,0,0
S2266,2026-04-29,02:46 PM,Azad,Mess,02:25 PM,03:03 PM,0,0,0,0,386.15,141,36.79,Lunch,1,0
S2267,2026-04-21,04:28 PM,Rajendra,Library,0,0,04:14 PM,04:49 PM,04:03 PM,05:34 PM,755.76,29,17.25,None,1,1
S2268,2026-04-28,03:02 PM,Rajendra,Mess,02:45 PM,03:34 PM,0,0,0,0,441.0,10,27.32,Lunch,0,0
S2269,2026-04-12,12:44 PM,Azad,Library,0,0,11:52 AM,01:26 PM,11:35 AM,02:21 PM,556.26,152,17.35,None,0,0
S2270,2026-04-03,01:03 PM,Ganga,Library,0,0,12:21 PM,01:15 PM,11:54 AM,01:25 PM,627.02,140,20.43,None,0,0
S2271,2026-04-21,11:30 PM,Azad,Outside,0,0,0,0,10:21 PM,11:59 PM,306.41,167,10.3,None,0,0
S2272,2026-04-23,01:15 PM,Yamuna,Mess,12:35 PM,01:24 PM,0,0,0,0,381.19,36,24.98,Lunch,0,0
S2273,2026-04-02,02:20 PM,Sarojini,Mess,02:12 PM,02:39 PM,0,0,0,0,492.48,182,57.26,Lunch,1,0
S2274,2026-04-28,06:46 AM,Yamuna,Hostel,0,0,0,0,0,0,231.14,115,22.0,None,0,0
S2275,2026-04-14,07:44 AM,Azad,Mess,07:32 AM,08:00 AM,0,0,0,0,636.16,170,41.98,Breakfast,0,0
S2276,2026-04-13,10:49 PM,Rajendra,Library,0,0,10:15 PM,11:59 PM,10:05 PM,11:59 PM,811.47,23,14.55,None,0,0
S2277,2026-04-05,01:47 PM,Ganga,Mess,01:21 PM,02:12 PM,0,0,0,0,497.58,73,38.12,Lunch,1,0
S2278,2026-04-07,02:39 AM,Azad,Outside,0,0,0,0,01:47 AM,05:29 AM,151.32,51,2.77,None,0,0
S2279,2026-04-22,01:12 PM,Ganga,Mess,12:51 PM,01:24 PM,0,0,0,0,624.68,173,50.71,Lunch,1,0
S2280,2026-04-24,05:12 PM,Azad,Library,0,0,04:33 PM,05:26 PM,04:19 PM,05:54 PM,628.86,80,18.87,None,0,0
S2281,2026-04-25,06:59 PM,Ganga,Library,0,0,06:35 PM,07:31 PM,06:30 PM,07:45 PM,680.93,28,17.08,None,0,0
S2282,2026-04-17,09:13 PM,Ganga,Mess,08:46 PM,09:18 PM,0,0,0,0,332.77,110,27.75,Dinner,0,0
S2283,2026-04-26,06:22 PM,Ganga,Hostel,0,0,0,0,0,0,231.91,64,21.09,None,0,0
S2284,2026-04-11,01:26 PM,Azad,Library,0,0,01:09 PM,02:31 PM,01:04 PM,03:08 PM,983.93,55,12.11,None,0,0
S2285,2026-04-16,07:38 PM,Sarojini,Library,0,0,07:20 PM,09:25 PM,06:56 PM,09:45 PM,794.2,155,29.71,None,0,0
S2286,2026-04-28,07:02 PM,Sarojini,Hostel,0,0,0,0,0,0,159.08,14,17.2,None,0,0
S2287,2026-04-14,08:26 PM,Ganga,Mess,08:09 PM,08:38 PM,0,0,0,0,402.73,185,36.74,Dinner,0,0
S2288,2026-04-09,09:05 PM,Rajendra,Mess,08:55 PM,09:21 PM,0,0,0,0,430.36,147,54.19,Dinner,0,0
S2289,2026-04-21,02:30 PM,Rajendra,Mess,02:05 PM,02:42 PM,0,0,0,0,412.27,93,38.79,Lunch,1,0
S2290,2026-04-24,03:25 PM,Yamuna,Classroom,0,0,0,0,03:05 PM,04:54 PM,157.92,140,10.22,None,1,0
S2291,2026-04-22,01:24 PM,Yamuna,Mess,12:49 PM,01:25 PM,0,0,0,0,377.45,47,41.53,Lunch,0,0
S2292,2026-04-06,02:19 AM,Sarojini,Outside,0,0,0,0,01:45 AM,03:26 AM,334.43,77,7.64,None,0,0
S2293,2026-04-20,10:15 AM,Sarojini,Mess,09:58 AM,10:25 AM,0,0,0,0,493.53,47,43.93,Breakfast,1,1
S2294,2026-04-14,12:00 PM,Azad,Classroom,0,0,0,0,11:31 AM,01:31 PM,243.64,16,1.31,None,1,0
S2295,2026-05-01,07:57 PM,Rajendra,Mess,07:49 PM,08:11 PM,0,0,0,0,362.49,88,49.04,Dinner,0,0
S2296,2026-04-20,07:54 AM,Rajendra,Outside,0,0,0,0,07:23 AM,10:43 AM,107.42,152,14.08,None,0,0
S2297,2026-04-04,12:33 PM,Yamuna,Mess,12:14 PM,12:42 PM,0,0,0,0,485.84,111,31.7,Lunch,0,0
S2298,2026-04-13,07:04 PM,Ganga,Library,0,0,06:59 PM,08:30 PM,06:43 PM,08:54 PM,646.07,51,15.15,None,0,0
S2299,2026-04-06,09:56 AM,Rajendra,Mess,09:44 AM,10:04 AM,0,0,0,0,444.63,172,57.39,Breakfast,1,1
S2300,2026-04-25,01:47 AM,Rajendra,Hostel,0,0,0,0,0,0,153.13,30,17.18,None,0,0
S2301,2026-04-26,07:47 PM,Ganga,Hostel,0,0,0,0,0,0,192.82,158,31.84,None,0,0
S2302,2026-04-25,09:27 PM,Ganga,Mess,09:21 PM,10:11 PM,0,0,0,0,456.09,143,33.42,Dinner,0,0
S2303,2026-04-21,02:02 PM,Azad,Hostel,0,0,0,0,0,0,355.06,130,27.29,None,0,0
S2304,2026-04-18,08:35 PM,Sarojini,Mess,08:03 PM,08:48 PM,0,0,0,0,466.67,112,43.38,Dinner,0,0
S2305,2026-04-15,09:54 PM,Rajendra,Library,0,0,07:18 PM,09:54 PM,07:08 PM,10:38 PM,800.0,90,21.65,None,0,0
S2306,2026-04-02,01:54 PM,Yamuna,Outside,0,0,0,0,12:43 PM,03:06 PM,223.05,138,9.57,None,0,0
S2307,2026-04-12,06:10 PM,Rajendra,Outside,0,0,0,0,05:38 PM,07:27 PM,395.57,179,24.81,None,0,0
S2308,2026-04-23,11:46 AM,Yamuna,Outside,0,0,0,0,09:49 AM,12:49 PM,127.27,130,7.46,None,1,0
S2309,2026-04-06,10:52 PM,Rajendra,Library,0,0,10:36 PM,11:32 PM,10:18 PM,11:57 PM,847.99,61,13.65,None,0,0
S2310,2026-04-05,07:16 PM,Sarojini,Library,0,0,05:51 PM,08:15 PM,05:45 PM,09:02 PM,602.41,197,39.96,None,0,0
S2311,2026-04-10,04:46 PM,Ganga,Outside,0,0,0,0,03:54 PM,07:42 PM,395.78,182,15.56,None,0,0
S2312,2026-04-17,01:44 PM,Sarojini,Mess,01:17 PM,02:07 PM,0,0,0,0,283.45,154,38.54,Lunch,1,0
S2313,2026-04-11,06:55 PM,Yamuna,Library,0,0,06:25 PM,07:06 PM,06:13 PM,08:04 PM,1036.49,138,18.09,None,0,0
S2314,2026-04-26,08:11 AM,Ganga,Mess,07:38 AM,08:12 AM,0,0,0,0,375.06,158,38.37,Breakfast,0,0
S2315,2026-04-06,02:09 AM,Sarojini,Hostel,0,0,0,0,0,0,115.8,150,38.25,None,0,0
S2316,2026-04-14,09:32 AM,Rajendra,Mess,09:20 AM,09:49 AM,0,0,0,0,618.94,58,31.94,Breakfast,0,0
S2317,2026-04-01,01:36 PM,Ganga,Classroom,0,0,0,0,01:11 PM,02:49 PM,389.36,51,6.54,None,1,0
S2318,2026-04-17,04:41 AM,Azad,Outside,0,0,0,0,03:42 AM,06:07 AM,162.78,24,2.23,None,0,0
S2319,2026-04-01,07:41 AM,Rajendra,Hostel,0,0,0,0,0,0,153.16,33,13.69,None,0,0
S2320,2026-04-05,01:35 AM,Sarojini,Outside,0,0,0,0,12:21 AM,03:32 AM,226.6,180,14.14,None,0,0
S2321,2026-04-18,03:17 AM,Azad,Outside,0,0,0,0,02:12 AM,05:36 AM,285.87,38,5.62,None,0,0
S2322,2026-04-15,07:39 PM,Azad,Outside,0,0,0,0,06:12 PM,10:08 PM,194.07,86,5.28,None,0,0
S2323,2026-04-24,01:56 PM,Ganga,Mess,01:36 PM,02:17 PM,0,0,0,0,489.41,50,25.22,Lunch,1,0
S2324,2026-04-25,07:41 AM,Ganga,Mess,07:09 AM,08:05 AM,0,0,0,0,500.5,147,49.7,Breakfast,0,0
S2325,2026-04-08,11:01 PM,Sarojini,Library,0,0,10:54 PM,11:59 PM,10:44 PM,11:59 PM,982.4,161,26.85,None,0,0
S2326,2026-04-06,05:36 PM,Yamuna,Library,0,0,04:35 PM,05:54 PM,04:09 PM,06:43 PM,606.89,28,8.81,None,0,0
S2327,2026-04-01,08:19 PM,Sarojini,Hostel,0,0,0,0,0,0,977.89,106,33.05,None,0,0
S2328,2026-04-23,12:51 PM,Azad,Library,0,0,12:20 PM,02:12 PM,11:54 AM,02:53 PM,809.76,14,14.29,None,1,0
S2329,2026-04-22,09:32 PM,Yamuna,Library,0,0,09:25 PM,11:13 PM,09:06 PM,11:32 PM,482.87,95,17.58,None,0,0
S2330,2026-04-13,10:34 AM,Azad,Library,0,0,10:16 AM,10:53 AM,09:59 AM,11:18 AM,690.16,79,19.94,None,1,1
S2331,2026-04-07,08:25 PM,Ganga,Mess,08:21 PM,09:21 PM,0,0,0,0,677.04,167,54.4,Dinner,0,0
S2332,2026-04-10,09:58 AM,Ganga,Mess,09:52 AM,10:32 AM,0,0,0,0,476.53,139,37.58,Breakfast,1,1
S2333,2026-04-07,09:36 AM,Azad,Library,0,0,09:09 AM,11:36 AM,08:47 AM,12:22 PM,566.29,46,13.69,None,1,1
S2334,2026-04-30,07:39 PM,Sarojini,Mess,07:27 PM,07:55 PM,0,0,0,0,465.33,74,40.96,Dinner,0,0
S2335,2026-04-06,02:26 AM,Yamuna,Hostel,0,0,0,0,0,0,272.67,59,19.84,None,0,0
S2336,2026-04-10,06:23 AM,Sarojini,Hostel,0,0,0,0,0,0,332.94,118,24.6,None,0,0
S2337,2026-04-06,08:55 PM,Sarojini,Outside,0,0,0,0,07:44 PM,09:59 PM,222.66,30,2.49,None,0,0
S2338,2026-04-15,12:36 PM,Rajendra,Mess,12:28 PM,01:02 PM,0,0,0,0,562.27,99,34.57,Lunch,0,0
S2339,2026-04-08,12:06 PM,Rajendra,Hostel,0,0,0,0,0,0,251.6,57,18.22,None,0,0
S2340,2026-04-07,03:04 PM,Yamuna,Mess,02:53 PM,03:22 PM,0,0,0,0,534.57,171,46.46,Lunch,0,0
S2341,2026-04-22,05:45 PM,Rajendra,Library,0,0,03:17 PM,06:05 PM,03:07 PM,06:47 PM,469.69,29,12.83,None,0,0
S2342,2026-04-13,10:25 AM,Azad,Library,0,0,10:09 AM,10:59 AM,10:01 AM,11:56 AM,721.13,157,26.64,None,1,1
S2343,2026-04-05,12:11 PM,Rajendra,Mess,12:10 PM,12:39 PM,0,0,0,0,421.66,189,48.89,Lunch,0,0
S2344,2026-04-03,01:33 PM,Ganga,Mess,01:21 PM,01:47 PM,0,0,0,0,649.81,10,22.91,Lunch,0,0
S2345,2026-04-22,06:01 PM,Azad,Library,0,0,05:23 PM,06:49 PM,04:59 PM,07:21 PM,696.17,19,11.44,None,0,0
S2346,2026-04-24,02:29 PM,Ganga,Library,0,0,02:12 PM,02:54 PM,01:52 PM,03:25 PM,617.13,146,32.4,None,1,0
S2347,2026-04-11,03:49 PM,Sarojini,Library,0,0,03:32 PM,05:15 PM,03:24 PM,05:46 PM,703.87,94,11.93,None,1,0
S2348,2026-04-20,10:09 AM,Rajendra,Mess,09:44 AM,10:36 AM,0,0,0,0,384.29,127,39.96,Breakfast,1,1
S2349,2026-04-09,10:16 PM,Azad,Library,0,0,08:16 PM,11:16 PM,07:47 PM,11:49 PM,675.88,139,15.45,None,0,0
S2350,2026-04-05,07:20 PM,Rajendra,Mess,07:10 PM,07:33 PM,0,0,0,0,553.96,30,27.15,Dinner,0,0
S2351,2026-04-30,03:37 PM,Ganga,Library,0,0,03:30 PM,04:48 PM,03:19 PM,05:31 PM,649.75,125,23.4,None,0,0
S2352,2026-04-11,07:29 AM,Sarojini,Mess,07:10 AM,07:31 AM,0,0,0,0,392.5,117,27.31,Breakfast,0,0
S2353,2026-04-04,01:25 PM,Ganga,Mess,01:16 PM,01:43 PM,0,0,0,0,461.36,133,43.55,Lunch,0,0
S2354,2026-04-06,08:55 PM,Rajendra,Library,0,0,08:25 PM,09:50 PM,08:18 PM,10:19 PM,772.6,146,27.31,None,0,0
S2355,2026-04-25,08:10 PM,Rajendra,Mess,08:01 PM,08:56 PM,0,0,0,0,339.62,40,26.96,Dinner,0,0
S2356,2026-04-23,11:02 PM,Sarojini,Library,0,0,10:59 PM,11:59 PM,10:36 PM,11:59 PM,768.63,45,16.14,None,0,0
S2357,2026-04-01,09:43 AM,Sarojini,Mess,09:38 AM,10:02 AM,0,0,0,0,525.53,168,39.2,Breakfast,1,1
S2358,2026-04-13,07:19 PM,Sarojini,Library,0,0,06:44 PM,08:26 PM,06:34 PM,09:12 PM,608.98,83,14.17,None,0,0
S2359,2026-04-10,09:01 PM,Sarojini,Library,0,0,08:28 PM,11:14 PM,07:58 PM,11:50 PM,1007.58,51,19.2,None,0,0
S2360,2026-04-23,09:37 AM,Sarojini,Mess,09:03 AM,09:42 AM,0,0,0,0,490.33,200,43.18,Breakfast,0,0
S2361,2026-04-26,06:27 PM,Azad,Hostel,0,0,0,0,0,0,310.55,150,37.77,None,0,0
S2362,2026-04-02,07:54 PM,Yamuna,Hostel,0,0,0,0,0,0,303.27,125,33.42,None,0,0
S2363,2026-04-30,07:47 PM,Ganga,Mess,07:45 PM,08:44 PM,0,0,0,0,552.54,163,43.86,Dinner,0,0
S2364,2026-04-12,09:06 PM,Azad,Library,0,0,08:23 PM,10:28 PM,07:58 PM,10:52 PM,677.6,36,9.55,None,0,0
S2365,2026-04-30,02:05 PM,Yamuna,Mess,01:45 PM,02:35 PM,0,0,0,0,494.7,126,39.7,Lunch,1,0
S2366,2026-04-24,01:52 PM,Yamuna,Library,0,0,01:20 PM,03:17 PM,12:53 PM,04:09 PM,721.22,12,16.27,None,1,0
S2367,2026-04-18,09:12 AM,Rajendra,Mess,08:29 AM,09:21 AM,0,0,0,0,585.16,47,39.95,Breakfast,1,1
S2368,2026-04-26,09:30 PM,Sarojini,Library,0,0,08:45 PM,10:53 PM,08:24 PM,11:04 PM,661.89,102,16.04,None,0,0
S2369,2026-04-24,10:30 PM,Yamuna,Mess,09:45 PM,10:33 PM,0,0,0,0,381.55,84,29.42,Dinner,0,0
S2370,2026-05-01,01:46 PM,Rajendra,Outside,0,0,0,0,12:51 PM,04:34 PM,117.91,147,7.97,None,0,0
S2371,2026-04-15,10:04 PM,Sarojini,Library,0,0,09:24 PM,10:09 PM,09:11 PM,10:35 PM,919.47,35,9.91,None,0,0
S2372,2026-04-05,09:14 PM,Ganga,Outside,0,0,0,0,08:11 PM,11:08 PM,302.51,63,3.19,None,0,0
S2373,2026-04-26,08:39 PM,Sarojini,Mess,08:21 PM,08:50 PM,0,0,0,0,484.65,159,39.55,Dinner,0,0
S2374,2026-04-29,08:52 PM,Sarojini,Library,0,0,07:15 PM,10:11 PM,07:01 PM,10:23 PM,894.06,51,16.11,None,0,0
S2375,2026-04-24,02:31 PM,Rajendra,Library,0,0,01:02 PM,03:17 PM,12:43 PM,04:10 PM,548.97,32,12.16,None,0,0
S2376,2026-04-13,12:50 PM,Sarojini,Classroom,0,0,0,0,12:36 PM,02:42 PM,202.88,133,7.29,None,1,0
S2377,2026-04-28,11:27 PM,Ganga,Library,0,0,10:22 PM,11:59 PM,10:11 PM,11:59 PM,986.54,170,33.45,None,0,0
S2378,2026-04-28,09:16 AM,Ganga,Outside,0,0,0,0,07:21 AM,10:16 AM,386.32,53,5.86,None,1,1
S2379,2026-04-13,05:32 PM,Yamuna,Outside,0,0,0,0,04:59 PM,07:50 PM,220.75,146,20.79,None,0,0
S2380,2026-04-13,12:33 PM,Ganga,Library,0,0,11:20 AM,01:44 PM,11:05 AM,02:03 PM,758.66,45,17.58,None,1,0
S2381,2026-04-07,02:24 PM,Azad,Mess,01:57 PM,02:30 PM,0,0,0,0,657.82,188,55.63,Lunch,1,0
S2382,2026-04-12,11:36 AM,Rajendra,Library,0,0,11:30 AM,12:29 PM,11:22 AM,12:54 PM,721.75,170,37.89,None,0,0
S2383,2026-04-02,02:29 PM,Rajendra,Mess,01:41 PM,02:29 PM,0,0,0,0,283.49,12,31.19,Lunch,1,0
S2384,2026-04-10,07:52 PM,Ganga,Mess,07:51 PM,08:49 PM,0,0,0,0,440.07,193,51.14,Dinner,0,0
S2385,2026-04-19,07:32 PM,Rajendra,Library,0,0,07:27 PM,08:53 PM,07:03 PM,09:08 PM,778.52,165,20.56,None,0,0
S2386,2026-04-16,01:38 PM,Azad,Library,0,0,01:27 PM,02:57 PM,01:10 PM,03:52 PM,956.82,115,26.75,None,1,0
S2387,2026-04-22,08:41 PM,Azad,Mess,08:08 PM,08:45 PM,0,0,0,0,620.55,62,31.48,Dinner,0,0
S2388,2026-04-30,11:35 AM,Azad,Outside,0,0,0,0,10:21 AM,02:24 PM,364.52,12,1.56,None,0,0
S2389,2026-04-23,10:13 PM,Sarojini,Outside,0,0,0,0,08:56 PM,11:59 PM,397.63,23,2.85,None,0,0
S2390,2026-04-03,09:34 PM,Rajendra,Library,0,0,09:23 PM,09:59 PM,09:00 PM,10:50 PM,702.67,192,30.26,None,0,0
S2391,2026-04-29,07:02 PM,Ganga,Hostel,0,0,0,0,0,0,272.55,89,21.72,None,0,0
S2392,2026-04-11,01:09 PM,Azad,Outside,0,0,0,0,11:25 AM,04:08 PM,157.07,86,6.2,None,1,0
S2393,2026-04-04,09:38 AM,Rajendra,Mess,09:37 AM,10:29 AM,0,0,0,0,353.94,169,61.13,Breakfast,1,1
S2394,2026-04-22,08:19 AM,Rajendra,Classroom,0,0,0,0,08:04 AM,10:09 AM,254.62,21,2.16,None,1,1
S2395,2026-04-18,01:28 AM,Rajendra,Hostel,0,0,0,0,0,0,245.47,182,25.24,None,0,0
S2396,2026-04-01,09:26 PM,Azad,Library,0,0,08:37 PM,10:23 PM,08:32 PM,10:59 PM,729.66,125,31.85,None,0,0
S2397,2026-04-18,07:58 AM,Rajendra,Outside,0,0,0,0,06:12 AM,09:18 AM,151.81,73,10.01,None,0,0
S2398,2026-04-11,12:23 PM,Ganga,Classroom,0,0,0,0,11:55 AM,01:59 PM,275.83,127,14.87,None,1,0
S2399,2026-04-15,12:38 PM,Azad,Outside,0,0,0,0,10:46 AM,02:47 PM,261.94,120,9.73,None,1,0
S2400,2026-04-25,11:44 AM,Rajendra,Library,0,0,09:02 AM,12:00 PM,08:38 AM,12:55 PM,792.49,28,7.44,None,1,0
S2401,2026-04-01,07:20 PM,Azad,Library,0,0,06:32 PM,08:54 PM,06:21 PM,09:46 PM,598.95,138,21.94,None,0,0
S2402,2026-04-12,01:27 PM,Rajendra,Mess,12:53 PM,01:44 PM,0,0,0,0,521.31,149,37.8,Lunch,1,0
S2403,2026-04-10,11:06 PM,Yamuna,Library,0,0,10:23 PM,11:41 PM,10:17 PM,11:53 PM,778.8,155,33.0,None,0,0
S2404,2026-04-03,03:16 PM,Sarojini,Outside,0,0,0,0,02:32 PM,05:55 PM,246.95,67,5.81,None,0,0
S2405,2026-04-13,02:08 PM,Sarojini,Mess,02:06 PM,02:45 PM,0,0,0,0,456.56,121,53.96,Lunch,1,0
S2406,2026-04-21,07:11 AM,Ganga,Outside,0,0,0,0,05:38 AM,08:37 AM,200.91,17,2.14,None,0,0
S2407,2026-04-02,04:35 PM,Ganga,Classroom,0,0,0,0,04:19 PM,05:06 PM,250.16,189,18.44,None,1,1
S2408,2026-04-20,07:32 AM,Ganga,Mess,07:14 AM,07:56 AM,0,0,0,0,493.11,51,35.28,Breakfast,0,0
S2409,2026-04-24,04:52 PM,Azad,Library,0,0,02:26 PM,05:10 PM,02:06 PM,06:09 PM,774.52,24,17.49,None,1,1
S2410,2026-04-12,12:59 PM,Ganga,Mess,12:25 PM,01:20 PM,0,0,0,0,294.17,66,30.52,Lunch,1,0
S2411,2026-04-16,07:59 PM,Ganga,Mess,07:33 PM,08:03 PM,0,0,0,0,475.98,52,35.25,Dinner,0,0
S2412,2026-04-05,11:51 PM,Sarojini,Library,0,0,10:37 PM,11:59 PM,10:25 PM,11:59 PM,1007.88,65,14.31,None,0,0
S2413,2026-04-12,05:37 AM,Ganga,Hostel,0,0,0,0,0,0,371.82,117,32.54,None,0,0
S2414,2026-04-30,11:29 AM,Yamuna,Library,0,0,11:25 AM,01:17 PM,11:03 AM,01:37 PM,761.71,176,17.2,None,0,0
S2415,2026-04-12,06:22 AM,Sarojini,Hostel,0,0,0,0,0,0,333.42,121,27.54,None,0,0
S2416,2026-04-15,12:40 AM,Azad,Outside,0,0,0,0,0,03:00 AM,321.78,94,8.7,None,0,0
S2417,2026-04-02,09:57 PM,Ganga,Hostel,0,0,0,0,0,0,873.14,109,30.58,None,0,0
S2418,2026-04-30,04:43 PM,Yamuna,Library,0,0,04:33 PM,05:26 PM,04:09 PM,06:05 PM,788.96,98,16.02,None,0,0
S2419,2026-04-01,07:58 PM,Rajendra,Hostel,0,0,0,0,0,0,301.55,126,42.46,None,0,0
S2420,2026-04-19,12:56 PM,Ganga,Outside,0,0,0,0,10:59 AM,03:21 PM,397.1,54,7.32,None,0,0
S2421,2026-04-17,09:35 PM,Rajendra,Mess,09:01 PM,09:40 PM,0,0,0,0,487.59,87,44.8,Dinner,0,0
S2422,2026-05-01,12:45 PM,Sarojini,Mess,12:42 PM,01:13 PM,0,0,0,0,463.65,47,43.57,Lunch,1,0
S2423,2026-04-17,09:10 AM,Azad,Mess,09:04 AM,09:33 AM,0,0,0,0,272.5,148,48.94,Breakfast,0,0
S2424,2026-04-15,04:01 PM,Yamuna,Classroom,0,0,0,0,03:36 PM,05:46 PM,234.71,19,1.32,None,1,1
S2425,2026-04-16,01:17 PM,Ganga,Library,0,0,12:50 PM,01:51 PM,12:43 PM,02:38 PM,989.66,127,24.83,None,0,0
S2426,2026-04-12,01:37 PM,Azad,Outside,0,0,0,0,01:03 PM,02:48 PM,395.25,127,15.96,None,1,0
S2427,2026-04-27,03:53 PM,Azad,Hostel,0,0,0,0,0,0,350.11,198,44.21,None,1,0
S2428,2026-04-25,07:25 PM,Yamuna,Mess,07:14 PM,07:45 PM,0,0,0,0,421.72,120,42.32,Dinner,0,0
S2429,2026-04-28,11:51 PM,Sarojini,Library,0,0,08:58 PM,11:53 PM,08:42 PM,11:59 PM,769.92,191,30.27,None,0,0
S2430,2026-04-17,12:44 PM,Rajendra,Library,0,0,11:03 AM,01:14 PM,10:35 AM,01:46 PM,682.99,175,36.29,None,1,0
S2431,2026-04-07,08:07 AM,Yamuna,Mess,07:51 AM,08:42 AM,0,0,0,0,397.28,63,42.91,Breakfast,0,0
S2432,2026-04-23,07:01 PM,Azad,Library,0,0,06:12 PM,07:14 PM,05:59 PM,07:34 PM,507.87,188,21.55,None,0,0
S2433,2026-04-01,10:23 AM,Rajendra,Library,0,0,10:12 AM,11:58 AM,09:47 AM,12:56 PM,439.94,10,12.7,None,1,1
S2434,2026-04-04,07:50 PM,Azad,Mess,07:40 PM,08:25 PM,0,0,0,0,402.27,120,40.83,Dinner,0,0
S2435,2026-04-14,07:25 AM,Sarojini,Outside,0,0,0,0,06:38 AM,08:58 AM,183.12,108,6.07,None,0,0
S2436,2026-04-10,08:59 PM,Azad,Library,0,0,08:41 PM,10:03 PM,08:25 PM,10:26 PM,683.79,110,25.1,None,0,0
S2437,2026-04-16,09:25 AM,Ganga,Library,0,0,09:07 AM,09:42 AM,08:47 AM,10:21 AM,756.26,165,23.95,None,1,1
S2438,2026-05-01,11:23 AM,Ganga,Library,0,0,10:48 AM,01:09 PM,10:30 AM,01:33 PM,632.32,11,6.75,None,0,0
S2439,2026-04-29,10:14 AM,Ganga,Library,0,0,09:57 AM,11:46 AM,09:38 AM,12:07 PM,514.64,156,23.76,None,1,1
S2440,2026-04-14,03:12 PM,Sarojini,Hostel,0,0,0,0,0,0,269.29,69,23.68,None,0,0
S2441,2026-04-11,08:43 AM,Ganga,Mess,08:24 AM,08:49 AM,0,0,0,0,575.98,65,30.89,Breakfast,0,0
S2442,2026-04-18,07:21 PM,Sarojini,Library,0,0,06:17 PM,09:03 PM,06:06 PM,09:59 PM,614.45,103,22.07,None,0,0
S2443,2026-04-27,03:23 PM,Yamuna,Mess,02:52 PM,03:45 PM,0,0,0,0,275.93,187,44.08,Lunch,0,0
S2444,2026-04-30,08:20 PM,Sarojini,Mess,07:27 PM,08:22 PM,0,0,0,0,611.94,198,44.45,Dinner,0,0
S2445,2026-04-06,03:05 PM,Ganga,Hostel,0,0,0,0,0,0,326.26,158,24.34,None,1,0
S2446,2026-04-01,03:48 PM,Yamuna,Library,0,0,03:01 PM,05:13 PM,02:45 PM,05:53 PM,729.85,116,16.76,None,0,0
S2447,2026-04-05,09:58 PM,Ganga,Mess,09:28 PM,10:11 PM,0,0,0,0,470.2,141,39.05,Dinner,0,0
S2448,2026-04-02,12:04 PM,Ganga,Library,0,0,11:15 AM,01:32 PM,10:47 AM,02:06 PM,916.0,122,25.96,None,1,0
S2449,2026-04-22,02:08 PM,Azad,Mess,02:00 PM,02:22 PM,0,0,0,0,539.2,94,26.03,Lunch,1,0
S2450,2026-04-29,07:15 AM,Rajendra,Outside,0,0,0,0,06:44 AM,08:29 AM,271.85,58,5.86,None,0,0
S2451,2026-04-25,09:25 PM,Ganga,Hostel,0,0,0,0,0,0,907.51,139,29.39,None,0,0
S2452,2026-04-26,09:51 AM,Yamuna,Library,0,0,09:44 AM,11:59 AM,09:29 AM,12:48 PM,833.75,13,9.76,None,1,1
S2453,2026-04-23,02:38 PM,Ganga,Mess,02:20 PM,02:47 PM,0,0,0,0,412.09,112,42.0,Lunch,0,0
S2454,2026-04-23,11:33 AM,Rajendra,Library,0,0,11:25 AM,01:49 PM,11:14 AM,02:20 PM,781.95,169,29.5,None,0,0
S2455,2026-04-11,08:29 PM,Yamuna,Library,0,0,08:06 PM,08:43 PM,07:42 PM,09:08 PM,713.36,31,9.21,None,0,0
S2456,2026-04-09,04:25 PM,Azad,Library,0,0,03:31 PM,05:40 PM,03:05 PM,06:24 PM,855.04,146,25.3,None,0,0
S2457,2026-04-25,01:11 PM,Azad,Mess,01:08 PM,02:05 PM,0,0,0,0,512.94,188,61.73,Lunch,1,0
S2458,2026-04-12,01:37 PM,Rajendra,Library,0,0,11:54 AM,01:42 PM,11:45 AM,02:24 PM,708.73,163,24.07,None,1,0
S2459,2026-04-17,11:44 AM,Sarojini,Library,0,0,11:08 AM,01:02 PM,10:55 AM,01:16 PM,857.65,145,24.12,None,0,0
S2460,2026-04-14,10:14 PM,Rajendra,Mess,09:42 PM,10:24 PM,0,0,0,0,459.36,80,38.29,Dinner,0,0
S2461,2026-04-19,09:02 AM,Yamuna,Mess,08:40 AM,09:03 AM,0,0,0,0,284.44,111,46.26,Breakfast,1,1
S2462,2026-04-03,12:53 AM,Azad,Outside,0,0,0,0,0,02:11 AM,259.6,182,10.17,None,0,0
S2463,2026-04-05,11:02 AM,Ganga,Library,0,0,10:17 AM,12:08 PM,10:12 AM,12:42 PM,988.29,198,24.33,None,1,0
S2464,2026-04-02,02:47 PM,Yamuna,Library,0,0,02:11 PM,02:50 PM,01:52 PM,03:09 PM,962.58,34,18.49,None,0,0
S2465,2026-04-07,01:56 PM,Yamuna,Mess,01:56 PM,02:54 PM,0,0,0,0,464.61,34,29.23,Lunch,1,0
S2466,2026-04-22,10:59 AM,Yamuna,Library,0,0,10:15 AM,01:12 PM,10:00 AM,02:07 PM,679.78,110,19.7,None,1,1
S2467,2026-04-30,02:49 PM,Azad,Library,0,0,01:21 PM,03:26 PM,01:08 PM,03:56 PM,710.74,200,33.66,None,0,0
S2468,2026-04-28,04:05 PM,Azad,Library,0,0,03:09 PM,05:46 PM,02:42 PM,06:36 PM,861.22,150,29.74,None,1,1
S2469,2026-04-16,02:14 AM,Yamuna,Hostel,0,0,0,0,0,0,286.44,56,25.7,None,0,0
S2470,2026-04-02,08:54 PM,Rajendra,Library,0,0,08:26 PM,09:32 PM,08:19 PM,10:08 PM,607.35,186,28.06,None,0,0
S2471,2026-04-03,07:19 AM,Yamuna,Mess,07:18 AM,08:03 AM,0,0,0,0,432.13,39,36.57,Breakfast,0,0
S2472,2026-04-27,01:40 PM,Sarojini,Outside,0,0,0,0,01:10 PM,03:05 PM,349.75,147,12.8,None,0,0
S2473,2026-04-04,11:18 AM,Rajendra,Outside,0,0,0,0,10:43 AM,12:36 PM,234.12,165,9.71,None,1,0
S2474,2026-05-01,10:02 AM,Sarojini,Library,0,0,09:58 AM,10:45 AM,09:37 AM,11:34 AM,805.99,27,9.36,None,1,1
S2475,2026-04-03,10:02 PM,Azad,Mess,09:57 PM,10:22 PM,0,0,0,0,584.0,45,34.51,Dinner,0,0
S2476,2026-04-15,03:13 PM,Ganga,Library,0,0,01:57 PM,03:33 PM,01:30 PM,04:30 PM,847.32,70,12.66,None,0,0
S2477,2026-04-25,07:41 AM,Rajendra,Mess,07:27 AM,08:06 AM,0,0,0,0,429.6,199,50.89,Breakfast,0,0
S2478,2026-04-17,03:24 PM,Sarojini,Classroom,0,0,0,0,02:53 PM,04:57 PM,142.05,69,6.31,None,1,0
S2479,2026-04-26,01:39 PM,Yamuna,Library,0,0,01:24 PM,02:45 PM,01:16 PM,03:25 PM,598.77,149,23.79,None,0,0
S2480,2026-05-01,10:05 AM,Ganga,Library,0,0,09:20 AM,10:19 AM,08:55 AM,11:01 AM,643.82,10,9.54,None,1,1
S2481,2026-04-02,04:30 AM,Rajendra,Hostel,0,0,0,0,0,0,133.66,195,39.28,None,0,0
S2482,2026-04-08,09:10 AM,Ganga,Hostel,0,0,0,0,0,0,142.36,171,33.42,None,0,0
S2483,2026-04-08,09:42 PM,Rajendra,Library,0,0,08:30 PM,10:37 PM,08:11 PM,11:14 PM,780.18,21,10.74,None,0,0
S2484,2026-04-08,01:02 PM,Rajendra,Mess,12:58 PM,01:22 PM,0,0,0,0,449.93,39,36.95,Lunch,0,0
S2485,2026-04-07,03:57 PM,Yamuna,Library,0,0,03:27 PM,05:20 PM,03:17 PM,05:39 PM,853.23,43,9.08,None,1,0
S2486,2026-04-01,01:10 PM,Ganga,Mess,12:59 PM,01:31 PM,0,0,0,0,432.11,77,35.4,Lunch,0,0
S2487,2026-04-22,10:34 PM,Sarojini,Outside,0,0,0,0,08:44 PM,11:59 PM,263.48,17,1.55,None,0,0
S2488,2026-04-07,01:31 PM,Sarojini,Library,0,0,01:29 PM,03:33 PM,01:20 PM,04:30 PM,794.77,39,11.01,None,0,0
S2489,2026-04-28,01:31 PM,Sarojini,Mess,01:10 PM,01:42 PM,0,0,0,0,543.96,60,30.86,Lunch,1,0
S2490,2026-04-24,09:25 PM,Azad,Library,0,0,09:03 PM,10:04 PM,08:51 PM,10:17 PM,741.75,132,23.35,None,0,0
S2491,2026-04-13,07:26 AM,Ganga,Hostel,0,0,0,0,0,0,352.6,147,25.89,None,0,0
S2492,2026-04-02,07:58 AM,Ganga,Mess,07:45 AM,08:40 AM,0,0,0,0,362.91,22,31.46,Breakfast,0,0
S2493,2026-04-10,08:41 PM,Azad,Mess,08:14 PM,08:49 PM,0,0,0,0,313.95,154,52.6,Dinner,0,0
S2494,2026-04-02,02:00 PM,Ganga,Classroom,0,0,0,0,01:30 PM,02:52 PM,290.91,174,12.1,None,1,0
S2495,2026-04-12,03:41 AM,Rajendra,Outside,0,0,0,0,01:57 AM,04:56 AM,319.36,122,15.93,None,0,0
S2496,2026-04-27,09:05 PM,Yamuna,Mess,08:54 PM,09:15 PM,0,0,0,0,472.66,37,37.57,Dinner,0,0
S2497,2026-04-27,01:54 AM,Sarojini,Outside,0,0,0,0,0,03:35 AM,166.16,38,2.27,None,0,0
S2498,2026-04-27,07:36 PM,Sarojini,Mess,07:07 PM,08:00 PM,0,0,0,0,388.41,16,27.54,Dinner,0,0
S2499,2026-04-30,07:52 AM,Yamuna,Mess,07:10 AM,07:57 AM,0,0,0,0,555.62,24,40.69,Breakfast,0,0
S2500,2026-04-16,07:33 AM,Yamuna,Hostel,0,0,0,0,0,0,192.12,38,27.55,None,0,0
S2501,2026-04-09,03:02 PM,Sarojini,Library,0,0,02:33 PM,05:20 PM,02:09 PM,05:30 PM,737.48,35,15.61,None,0,0
S2502,2026-04-27,07:58 PM,Ganga,Library,0,0,06:52 PM,08:00 PM,06:31 PM,08:50 PM,739.03,106,24.73,None,0,0
S2503,2026-04-17,07:09 AM,Rajendra,Hostel,0,0,0,0,0,0,150.02,35,14.9,None,0,0
S2504,2026-04-06,02:20 PM,Ganga,Mess,01:36 PM,02:36 PM,0,0,0,0,493.58,196,55.4,Lunch,0,0
S2505,2026-04-16,06:23 PM,Azad,Library,0,0,05:26 PM,06:36 PM,05:19 PM,06:57 PM,827.92,97,24.15,None,0,0
S2506,2026-04-03,11:19 AM,Yamuna,Library,0,0,10:38 AM,11:29 AM,10:24 AM,11:40 AM,836.91,186,27.76,None,0,0
S2507,2026-04-26,08:26 PM,Rajendra,Mess,08:05 PM,08:57 PM,0,0,0,0,297.21,145,33.7,Dinner,0,0
S2508,2026-04-01,10:59 PM,Yamuna,Hostel,0,0,0,0,0,0,1075.69,146,39.52,None,0,0
S2509,2026-04-15,02:47 PM,Ganga,Mess,02:31 PM,03:23 PM,0,0,0,0,471.35,20,25.4,Lunch,0,0
S2510,2026-04-27,02:41 PM,Yamuna,Library,0,0,01:54 PM,03:57 PM,01:43 PM,04:24 PM,580.76,93,20.68,None,0,0
S2511,2026-04-19,03:58 PM,Rajendra,Classroom,0,0,0,0,03:28 PM,04:38 PM,249.5,32,4.37,None,1,0
S2512,2026-04-25,05:16 PM,Sarojini,Library,0,0,04:13 PM,06:55 PM,03:43 PM,07:55 PM,839.04,130,26.31,None,0,0
S2513,2026-04-25,07:37 AM,Ganga,Mess,07:28 AM,08:09 AM,0,0,0,0,578.97,84,44.34,Breakfast,0,0
S2514,2026-04-20,10:14 PM,Ganga,Outside,0,0,0,0,09:20 PM,11:59 PM,349.58,39,3.12,None,0,0
S2515,2026-04-08,04:44 AM,Sarojini,Hostel,0,0,0,0,0,0,106.02,180,35.6,None,0,0
S2516,2026-04-12,07:28 AM,Rajendra,Outside,0,0,0,0,06:04 AM,09:12 AM,347.41,85,7.52,None,0,0
S2517,2026-04-20,10:52 AM,Yamuna,Outside,0,0,0,0,08:52 AM,01:28 PM,355.06,160,10.58,None,0,0
S2518,2026-04-30,09:37 PM,Ganga,Mess,09:09 PM,09:38 PM,0,0,0,0,468.01,177,43.43,Dinner,0,0
S2519,2026-04-12,04:49 PM,Sarojini,Classroom,0,0,0,0,04:27 PM,05:58 PM,349.44,158,23.04,None,1,1
S2520,2026-04-13,09:02 PM,Yamuna,Hostel,0,0,0,0,0,0,1041.6,130,31.47,None,0,0
S2521,2026-04-15,06:02 PM,Ganga,Classroom,0,0,0,0,05:35 PM,07:45 PM,221.17,79,9.78,None,1,1
S2522,2026-04-21,07:11 PM,Azad,Library,0,0,05:48 PM,07:29 PM,05:24 PM,08:15 PM,671.58,68,13.54,None,0,0
S2523,2026-04-28,05:03 AM,Azad,Hostel,0,0,0,0,0,0,307.29,130,29.26,None,0,0
S2524,2026-04-02,10:46 PM,Yamuna,Library,0,0,10:40 PM,11:43 PM,10:30 PM,11:59 PM,837.76,130,30.6,None,0,0
S2525,2026-04-18,12:18 AM,Yamuna,Outside,0,0,0,0,0,01:35 AM,389.44,148,18.01,None,0,0
S2526,2026-04-24,12:42 PM,Sarojini,Hostel,0,0,0,0,0,0,147.48,154,23.46,None,0,0
S2527,2026-04-17,08:32 PM,Azad,Mess,08:01 PM,08:45 PM,0,0,0,0,390.35,186,46.29,Dinner,0,0
S2528,2026-04-16,10:41 AM,Azad,Library,0,0,10:33 AM,11:54 AM,10:05 AM,12:47 PM,771.72,71,11.49,None,1,1
S2529,2026-04-02,02:37 PM,Yamuna,Mess,02:00 PM,02:59 PM,0,0,0,0,273.37,101,32.73,Lunch,1,0
S2530,2026-04-28,09:28 AM,Ganga,Mess,09:03 AM,10:00 AM,0,0,0,0,468.27,34,34.74,Breakfast,1,1
S2531,2026-04-09,05:20 PM,Yamuna,Library,0,0,04:42 PM,05:32 PM,04:24 PM,06:00 PM,737.22,89,25.55,None,0,0
S2532,2026-04-11,02:24 PM,Ganga,Library,0,0,01:47 PM,04:24 PM,01:31 PM,04:57 PM,1056.37,34,8.0,None,1,0
S2533,2026-04-16,12:55 PM,Rajendra,Library,0,0,10:55 AM,01:01 PM,10:49 AM,01:54 PM,860.72,174,29.94,None,1,0
S2534,2026-04-06,02:30 PM,Azad,Mess,02:14 PM,03:03 PM,0,0,0,0,441.05,189,40.36,Lunch,0,0
S2535,2026-04-25,09:25 PM,Yamuna,Mess,09:16 PM,10:01 PM,0,0,0,0,398.4,98,32.5,Dinner,0,0
S2536,2026-04-15,04:39 PM,Ganga,Library,0,0,02:56 PM,05:53 PM,02:35 PM,06:13 PM,596.7,60,21.12,None,1,1
S2537,2026-04-17,07:01 PM,Rajendra,Outside,0,0,0,0,06:16 PM,08:37 PM,307.8,173,25.47,None,0,0
S2538,2026-04-29,02:41 PM,Sarojini,Mess,02:21 PM,02:46 PM,0,0,0,0,585.63,50,27.2,Lunch,1,0
S2539,2026-04-05,02:47 AM,Sarojini,Outside,0,0,0,0,12:47 AM,05:39 AM,110.41,77,8.85,None,0,0
S2540,2026-04-14,01:31 PM,Rajendra,Library,0,0,12:36 PM,01:47 PM,12:27 PM,02:28 PM,645.19,40,9.85,None,0,0
S2541,2026-04-24,04:28 PM,Yamuna,Classroom,0,0,0,0,03:54 PM,06:28 PM,131.45,109,7.58,None,1,1
S2542,2026-04-25,10:08 AM,Sarojini,Mess,09:38 AM,10:15 AM,0,0,0,0,378.13,149,40.37,Breakfast,1,1
S2543,2026-04-06,12:40 PM,Azad,Mess,12:18 PM,01:07 PM,0,0,0,0,433.17,110,32.57,Lunch,1,0
S2544,2026-04-19,02:10 PM,Rajendra,Mess,01:27 PM,02:15 PM,0,0,0,0,399.11,29,25.42,Lunch,0,0
S2545,2026-04-03,02:19 PM,Rajendra,Mess,02:02 PM,02:48 PM,0,0,0,0,347.01,100,35.93,Lunch,0,0
S2546,2026-04-26,11:57 PM,Sarojini,Library,0,0,10:33 PM,11:59 PM,10:06 PM,11:59 PM,801.03,58,12.45,None,0,0
S2547,2026-04-15,02:39 PM,Yamuna,Library,0,0,02:13 PM,04:10 PM,02:05 PM,04:55 PM,617.87,16,12.72,None,1,0
S2548,2026-04-29,11:15 PM,Sarojini,Hostel,0,0,0,0,0,0,1100.46,99,19.86,None,0,0
S2549,2026-04-11,03:16 PM,Yamuna,Library,0,0,02:49 PM,03:20 PM,02:31 PM,04:06 PM,789.95,14,10.96,None,1,0
S2550,2026-04-21,03:10 AM,Rajendra,Outside,0,0,0,0,02:26 AM,05:47 AM,338.58,76,8.2,None,0,0
S2551,2026-04-13,12:57 AM,Sarojini,Hostel,0,0,0,0,0,0,111.45,135,22.08,None,0,0
S2552,2026-04-27,07:06 PM,Yamuna,Library,0,0,05:16 PM,07:34 PM,04:56 PM,08:26 PM,626.46,25,9.54,None,0,0
S2553,2026-04-12,11:43 AM,Rajendra,Hostel,0,0,0,0,0,0,143.8,33,21.6,None,1,0
S2554,2026-04-16,07:26 PM,Rajendra,Mess,07:21 PM,08:14 PM,0,0,0,0,300.31,172,42.29,Dinner,0,0
S2555,2026-04-24,03:31 PM,Rajendra,Hostel,0,0,0,0,0,0,112.98,51,18.04,None,1,0
S2556,2026-04-08,07:22 PM,Yamuna,Library,0,0,07:19 PM,07:49 PM,06:55 PM,08:04 PM,728.46,167,27.62,None,0,0
S2557,2026-04-16,09:19 PM,Sarojini,Mess,09:19 PM,10:08 PM,0,0,0,0,446.05,187,34.25,Dinner,0,0
S2558,2026-04-12,08:23 AM,Rajendra,Mess,08:23 AM,09:17 AM,0,0,0,0,681.1,192,41.59,Breakfast,0,0
S2559,2026-04-17,08:22 PM,Azad,Library,0,0,07:45 PM,09:31 PM,07:17 PM,09:52 PM,618.68,190,23.03,None,0,0
S2560,2026-04-19,04:23 PM,Rajendra,Outside,0,0,0,0,02:39 PM,06:47 PM,179.28,48,4.18,None,1,1
S2561,2026-04-08,06:44 PM,Yamuna,Outside,0,0,0,0,05:26 PM,09:33 PM,360.99,149,17.82,None,0,0
S2562,2026-04-08,09:31 PM,Ganga,Mess,08:44 PM,09:32 PM,0,0,0,0,365.78,53,39.06,Dinner,0,0
S2563,2026-04-07,12:51 PM,Ganga,Hostel,0,0,0,0,0,0,380.26,191,34.26,None,1,0
S2564,2026-04-19,02:49 PM,Ganga,Mess,02:25 PM,03:10 PM,0,0,0,0,275.25,138,33.0,Lunch,0,0
S2565,2026-04-18,07:59 AM,Sarojini,Mess,07:24 AM,08:11 AM,0,0,0,0,471.63,107,44.79,Breakfast,0,0
S2566,2026-04-24,07:36 PM,Yamuna,Library,0,0,07:15 PM,08:14 PM,06:46 PM,09:00 PM,636.34,27,8.82,None,0,0
S2567,2026-04-30,08:37 AM,Rajendra,Mess,08:26 AM,08:59 AM,0,0,0,0,400.43,124,49.32,Breakfast,0,0
S2568,2026-04-01,04:05 PM,Sarojini,Classroom,0,0,0,0,03:36 PM,05:34 PM,120.89,86,8.38,None,1,1
S2569,2026-04-02,08:06 AM,Yamuna,Mess,07:46 AM,08:29 AM,0,0,0,0,304.29,127,41.4,Breakfast,0,0
S2570,2026-04-28,08:38 AM,Sarojini,Mess,08:32 AM,09:16 AM,0,0,0,0,498.56,23,33.57,Breakfast,0,0
S2571,2026-04-11,07:35 AM,Yamuna,Mess,07:22 AM,07:48 AM,0,0,0,0,387.26,92,37.48,Breakfast,0,0
S2572,2026-04-25,08:03 AM,Rajendra,Hostel,0,0,0,0,0,0,296.62,13,25.22,None,0,0
S2573,2026-04-21,08:51 AM,Azad,Mess,08:33 AM,09:27 AM,0,0,0,0,526.89,29,30.95,Breakfast,0,0
S2574,2026-04-21,08:17 PM,Ganga,Mess,08:17 PM,09:04 PM,0,0,0,0,380.21,124,47.94,Dinner,0,0
S2575,2026-04-17,10:19 PM,Azad,Mess,09:58 PM,10:53 PM,0,0,0,0,316.72,155,43.07,Dinner,0,0
S2576,2026-04-22,04:12 PM,Sarojini,Library,0,0,03:51 PM,06:24 PM,03:46 PM,07:08 PM,614.12,197,34.23,None,0,0
S2577,2026-04-16,08:51 PM,Ganga,Mess,08:34 PM,09:12 PM,0,0,0,0,331.81,72,25.7,Dinner,0,0
S2578,2026-04-02,12:37 PM,Yamuna,Hostel,0,0,0,0,0,0,105.68,119,36.41,None,0,0
S2579,2026-04-08,12:33 PM,Sarojini,Classroom,0,0,0,0,12:19 PM,01:30 PM,260.18,161,9.59,None,1,0
S2580,2026-04-17,11:38 AM,Ganga,Library,0,0,10:53 AM,01:52 PM,10:32 AM,02:46 PM,855.31,47,19.58,None,0,0
S2581,2026-04-20,01:52 PM,Yamuna,Mess,01:25 PM,02:11 PM,0,0,0,0,237.63,189,39.95,Lunch,1,0
S2582,2026-04-27,07:50 PM,Rajendra,Mess,07:35 PM,08:08 PM,0,0,0,0,599.19,150,47.81,Dinner,0,0
S2583,2026-04-20,12:36 PM,Yamuna,Classroom,0,0,0,0,12:21 PM,02:23 PM,363.43,134,11.93,None,1,0
S2584,2026-04-23,08:51 PM,Yamuna,Library,0,0,07:30 PM,09:18 PM,07:12 PM,09:58 PM,758.39,153,23.16,None,0,0
S2585,2026-04-09,03:48 PM,Azad,Classroom,0,0,0,0,03:22 PM,04:54 PM,367.17,59,3.41,None,1,0
S2586,2026-04-18,03:24 AM,Rajendra,Hostel,0,0,0,0,0,0,115.79,71,32.71,None,0,0
S2587,2026-04-22,09:30 AM,Sarojini,Mess,09:04 AM,09:50 AM,0,0,0,0,611.07,42,22.65,Breakfast,0,0
S2588,2026-04-12,10:45 AM,Azad,Library,0,0,09:48 AM,11:37 AM,09:27 AM,12:18 PM,1059.04,101,19.18,None,1,1
S2589,2026-04-06,03:27 PM,Ganga,Library,0,0,03:13 PM,05:07 PM,02:48 PM,05:34 PM,837.98,36,14.06,None,1,0
S2590,2026-04-18,02:05 PM,Yamuna,Mess,01:50 PM,02:34 PM,0,0,0,0,360.97,198,43.39,Lunch,0,0
S2591,2026-04-20,01:57 PM,Rajendra,Mess,01:31 PM,02:13 PM,0,0,0,0,517.67,113,37.67,Lunch,1,0
S2592,2026-04-21,08:05 PM,Ganga,Outside,0,0,0,0,06:15 PM,10:51 PM,126.22,195,11.64,None,0,0
S2593,2026-04-27,05:51 AM,Yamuna,Outside,0,0,0,0,04:13 AM,07:42 AM,297.82,178,9.19,None,0,0
S2594,2026-04-13,07:18 AM,Yamuna,Mess,07:11 AM,07:36 AM,0,0,0,0,510.91,39,38.48,Breakfast,0,0
S2595,2026-04-03,08:43 PM,Ganga,Mess,08:30 PM,09:13 PM,0,0,0,0,484.18,163,41.47,Dinner,0,0
S2596,2026-04-11,06:48 AM,Ganga,Hostel,0,0,0,0,0,0,301.87,155,38.67,None,0,0
S2597,2026-04-30,08:37 AM,Rajendra,Mess,08:16 AM,08:47 AM,0,0,0,0,491.02,30,27.47,Breakfast,0,0
S2598,2026-04-12,02:39 PM,Yamuna,Classroom,0,0,0,0,02:26 PM,03:58 PM,215.77,129,15.2,None,1,0
S2599,2026-04-18,07:51 PM,Yamuna,Mess,07:19 PM,08:14 PM,0,0,0,0,431.02,148,33.71,Dinner,0,0
S2600,2026-04-06,03:50 PM,Ganga,Outside,0,0,0,0,02:29 PM,06:03 PM,349.91,86,11.88,None,1,0
S2601,2026-04-29,07:00 AM,Ganga,Hostel,0,0,0,0,0,0,105.47,16,17.58,None,0,0
S2602,2026-04-30,04:46 PM,Azad,Library,0,0,04:35 PM,05:40 PM,04:18 PM,06:12 PM,699.9,50,18.46,None,0,0
S2603,2026-04-07,11:52 AM,Sarojini,Library,0,0,10:35 AM,11:59 AM,10:08 AM,12:46 PM,893.89,189,21.71,None,1,0
S2604,2026-04-23,12:41 PM,Ganga,Library,0,0,12:01 PM,02:39 PM,11:47 AM,03:00 PM,691.61,86,18.14,None,1,0
S2605,2026-04-28,03:50 PM,Sarojini,Outside,0,0,0,0,01:56 PM,06:26 PM,242.55,62,3.42,None,0,0
S2606,2026-04-18,12:55 AM,Ganga,Hostel,0,0,0,0,0,0,247.23,115,32.7,None,0,0
S2607,2026-04-29,03:13 PM,Ganga,Mess,02:58 PM,03:19 PM,0,0,0,0,592.75,77,44.74,Lunch,0,0
S2608,2026-04-07,04:32 AM,Ganga,Hostel,0,0,0,0,0,0,372.55,101,21.7,None,0,0
S2609,2026-04-25,11:08 AM,Azad,Library,0,0,10:51 AM,11:22 AM,10:42 AM,11:43 AM,514.23,195,34.2,None,1,0
S2610,2026-04-05,04:51 PM,Rajendra,Library,0,0,04:46 PM,07:03 PM,04:23 PM,07:33 PM,853.84,141,29.81,None,0,0
S2611,2026-04-30,09:11 AM,Sarojini,Mess,09:09 AM,09:35 AM,0,0,0,0,356.06,127,51.99,Breakfast,1,1
S2612,2026-04-06,01:04 PM,Yamuna,Mess,01:01 PM,01:30 PM,0,0,0,0,325.3,23,39.95,Lunch,0,0
S2613,2026-04-30,01:04 PM,Rajendra,Mess,12:42 PM,01:15 PM,0,0,0,0,300.19,155,43.89,Lunch,1,0
S2614,2026-04-02,11:28 AM,Sarojini,Library,0,0,09:44 AM,12:35 PM,09:36 AM,01:34 PM,674.84,164,21.83,None,0,0
S2615,2026-04-05,03:47 PM,Ganga,Outside,0,0,0,0,03:15 PM,06:46 PM,204.18,122,18.29,None,0,0
S2616,2026-04-26,03:00 PM,Yamuna,Mess,02:46 PM,03:09 PM,0,0,0,0,473.08,16,21.89,Lunch,1,0
S2617,2026-04-08,07:37 PM,Rajendra,Hostel,0,0,0,0,0,0,152.32,185,46.29,None,0,0
S2618,2026-04-02,10:01 PM,Sarojini,Mess,09:41 PM,10:04 PM,0,0,0,0,431.44,98,35.49,Dinner,0,0
S2619,2026-04-20,03:54 PM,Sarojini,Library,0,0,02:55 PM,05:23 PM,02:47 PM,05:39 PM,818.67,29,17.2,None,0,0
S2620,2026-04-22,01:24 PM,Rajendra,Mess,12:58 PM,01:28 PM,0,0,0,0,600.43,179,43.53,Lunch,0,0
S2621,2026-04-25,03:20 PM,Azad,Mess,02:58 PM,03:38 PM,0,0,0,0,324.22,47,38.67,Lunch,0,0
S2622,2026-04-25,08:14 PM,Yamuna,Hostel,0,0,0,0,0,0,1354.86,58,26.2,None,0,0
S2623,2026-05-01,11:35 AM,Azad,Outside,0,0,0,0,09:59 AM,01:31 PM,136.22,144,17.43,None,1,0
S2624,2026-04-09,03:12 PM,Sarojini,Library,0,0,12:54 PM,03:12 PM,12:39 PM,03:44 PM,451.59,82,17.68,None,1,0
S2625,2026-04-29,02:37 PM,Ganga,Hostel,0,0,0,0,0,0,356.18,185,26.94,None,0,0
S2626,2026-04-07,02:10 PM,Rajendra,Mess,01:51 PM,02:50 PM,0,0,0,0,446.39,120,41.85,Lunch,1,0
S2627,2026-04-13,10:41 AM,Sarojini,Library,0,0,09:32 AM,11:48 AM,09:05 AM,12:02 PM,638.42,46,16.47,None,1,1
S2628,2026-04-13,06:33 PM,Ganga,Library,0,0,05:39 PM,08:02 PM,05:29 PM,09:01 PM,919.44,154,24.69,None,0,0
S2629,2026-04-09,08:06 PM,Azad,Library,0,0,06:43 PM,09:17 PM,06:24 PM,09:36 PM,860.96,154,25.09,None,0,0
S2630,2026-04-28,01:37 AM,Ganga,Hostel,0,0,0,0,0,0,390.07,37,28.12,None,0,0
S2631,2026-04-04,03:16 AM,Sarojini,Outside,0,0,0,0,01:17 AM,05:54 AM,137.37,145,19.22,None,0,0
S2632,2026-04-14,07:49 PM,Yamuna,Outside,0,0,0,0,06:35 PM,09:03 PM,270.96,153,16.74,None,0,0
S2633,2026-04-10,02:00 PM,Azad,Mess,02:00 PM,02:56 PM,0,0,0,0,437.9,185,42.65,Lunch,0,0
S2634,2026-04-07,04:24 PM,Sarojini,Library,0,0,02:56 PM,04:43 PM,02:37 PM,05:42 PM,786.06,61,16.99,None,0,0
S2635,2026-04-14,07:27 AM,Rajendra,Mess,07:18 AM,07:42 AM,0,0,0,0,669.52,91,44.26,Breakfast,0,0
S2636,2026-04-06,02:12 PM,Yamuna,Library,0,0,01:24 PM,02:13 PM,01:13 PM,03:09 PM,999.75,32,11.4,None,0,0
S2637,2026-04-26,09:10 PM,Azad,Hostel,0,0,0,0,0,0,1163.5,113,25.62,None,0,0
S2638,2026-04-15,09:06 AM,Yamuna,Mess,08:44 AM,09:32 AM,0,0,0,0,538.49,20,31.91,Breakfast,1,1
S2639,2026-04-12,10:03 PM,Sarojini,Library,0,0,08:14 PM,10:51 PM,08:05 PM,11:37 PM,753.24,38,9.48,None,0,0
S2640,2026-04-09,11:41 AM,Sarojini,Library,0,0,11:01 AM,12:50 PM,10:51 AM,01:50 PM,572.75,89,24.66,None,0,0
S2641,2026-04-23,06:21 PM,Rajendra,Outside,0,0,0,0,04:31 PM,08:46 PM,331.88,36,3.05,None,0,0
S2642,2026-04-06,10:35 PM,Azad,Library,0,0,08:16 PM,10:51 PM,08:08 PM,11:20 PM,747.97,11,8.69,None,0,0
S2643,2026-04-13,08:03 AM,Yamuna,Mess,07:50 AM,08:28 AM,0,0,0,0,447.74,194,49.54,Breakfast,0,0
S2644,2026-04-24,09:33 AM,Azad,Mess,09:19 AM,09:41 AM,0,0,0,0,225.06,128,42.33,Breakfast,1,1
S2645,2026-04-07,01:43 AM,Sarojini,Outside,0,0,0,0,0,04:34 AM,170.73,25,2.92,None,0,0
S2646,2026-04-10,09:00 AM,Azad,Mess,08:46 AM,09:16 AM,0,0,0,0,351.83,118,38.5,Breakfast,1,1
S2647,2026-04-26,09:58 PM,Azad,Library,0,0,08:37 PM,10:30 PM,08:14 PM,10:45 PM,700.04,175,32.42,None,0,0
S2648,2026-04-03,10:20 AM,Ganga,Mess,09:36 AM,10:21 AM,0,0,0,0,323.78,121,38.85,Breakfast,0,0
S2649,2026-04-02,08:04 PM,Azad,Mess,07:54 PM,08:41 PM,0,0,0,0,495.9,154,56.53,Dinner,0,0
S2650,2026-04-05,02:56 PM,Rajendra,Library,0,0,01:57 PM,03:21 PM,01:46 PM,03:47 PM,897.85,16,10.02,None,1,0
S2651,2026-04-29,06:27 PM,Rajendra,Library,0,0,05:36 PM,08:04 PM,05:28 PM,08:14 PM,525.83,80,20.33,None,0,0
S2652,2026-04-24,04:43 PM,Azad,Classroom,0,0,0,0,04:09 PM,06:15 PM,193.17,97,5.89,None,1,1
S2653,2026-04-10,08:02 PM,Rajendra,Library,0,0,06:21 PM,08:59 PM,06:07 PM,09:16 PM,745.12,29,16.93,None,0,0
S2654,2026-04-19,01:33 PM,Ganga,Library,0,0,12:25 PM,03:15 PM,12:12 PM,03:35 PM,782.36,195,20.44,None,1,0
S2655,2026-04-15,03:02 PM,Yamuna,Library,0,0,02:35 PM,05:17 PM,02:11 PM,05:58 PM,585.65,40,16.39,None,0,0
S2656,2026-04-01,03:20 PM,Azad,Mess,02:46 PM,03:31 PM,0,0,0,0,472.16,196,48.72,Lunch,0,0
S2657,2026-04-12,10:18 AM,Yamuna,Mess,09:53 AM,10:18 AM,0,0,0,0,555.87,161,49.61,Breakfast,1,1
S2658,2026-04-16,07:41 AM,Azad,Mess,07:18 AM,07:51 AM,0,0,0,0,620.68,118,41.96,Breakfast,0,0
S2659,2026-04-18,10:18 AM,Ganga,Mess,09:59 AM,10:53 AM,0,0,0,0,436.88,152,30.75,Breakfast,0,0
S2660,2026-04-24,08:26 PM,Ganga,Mess,08:02 PM,08:49 PM,0,0,0,0,422.28,120,48.86,Dinner,0,0
S2661,2026-05-01,08:28 PM,Ganga,Outside,0,0,0,0,07:58 PM,09:38 PM,242.13,32,3.86,None,0,0
S2662,2026-04-23,08:57 PM,Yamuna,Mess,08:37 PM,09:22 PM,0,0,0,0,376.78,53,29.05,Dinner,0,0
S2663,2026-04-02,01:39 PM,Ganga,Mess,01:24 PM,02:10 PM,0,0,0,0,490.09,41,34.53,Lunch,0,0
S2664,2026-04-18,12:04 AM,Rajendra,Outside,0,0,0,0,0,01:40 AM,213.23,103,8.62,None,0,0
S2665,2026-04-17,09:08 AM,Rajendra,Mess,08:36 AM,09:26 AM,0,0,0,0,334.55,108,46.67,Breakfast,0,0
S2666,2026-04-15,03:53 AM,Yamuna,Outside,0,0,0,0,02:26 AM,05:51 AM,100.29,63,7.34,None,0,0
S2667,2026-04-06,02:52 PM,Azad,Mess,02:41 PM,03:04 PM,0,0,0,0,499.18,65,36.29,Lunch,1,0
S2668,2026-04-27,08:40 PM,Azad,Mess,08:36 PM,09:04 PM,0,0,0,0,492.97,190,52.82,Dinner,0,0
S2669,2026-04-25,06:42 AM,Rajendra,Outside,0,0,0,0,05:23 AM,07:42 AM,352.04,124,9.26,None,0,0
S2670,2026-04-13,01:51 PM,Azad,Mess,01:28 PM,02:01 PM,0,0,0,0,482.9,173,49.07,Lunch,1,0
S2671,2026-04-03,05:17 PM,Sarojini,Library,0,0,03:56 PM,05:37 PM,03:39 PM,06:24 PM,1004.01,14,12.02,None,0,0
S2672,2026-04-21,06:29 AM,Yamuna,Outside,0,0,0,0,05:19 AM,09:10 AM,259.11,55,7.94,None,0,0
S2673,2026-05-01,11:43 PM,Yamuna,Outside,0,0,0,0,09:43 PM,11:59 PM,299.67,81,10.05,None,0,0
S2674,2026-04-26,12:33 PM,Sarojini,Mess,12:19 PM,12:39 PM,0,0,0,0,495.84,34,37.65,Lunch,0,0
S2675,2026-04-11,01:19 PM,Yamuna,Mess,12:54 PM,01:51 PM,0,0,0,0,488.45,74,35.36,Lunch,0,0
S2676,2026-04-09,07:27 PM,Yamuna,Outside,0,0,0,0,05:48 PM,10:26 PM,236.61,167,19.52,None,0,0
S2677,2026-04-02,01:13 PM,Yamuna,Outside,0,0,0,0,12:04 PM,02:40 PM,364.62,49,5.56,None,0,0
S2678,2026-04-22,07:34 AM,Sarojini,Mess,07:23 AM,08:02 AM,0,0,0,0,283.74,118,42.55,Breakfast,0,0
S2679,2026-04-03,05:18 PM,Azad,Library,0,0,05:07 PM,06:10 PM,04:54 PM,06:58 PM,967.35,122,19.95,None,0,0
S2680,2026-04-12,08:43 PM,Ganga,Library,0,0,07:54 PM,10:47 PM,07:43 PM,11:19 PM,636.11,103,25.4,None,0,0
S2681,2026-05-01,10:18 PM,Azad,Library,0,0,09:27 PM,11:12 PM,08:57 PM,11:36 PM,598.39,42,11.48,None,0,0
S2682,2026-04-21,10:47 PM,Ganga,Library,0,0,10:10 PM,11:59 PM,10:04 PM,11:59 PM,979.18,122,22.45,None,0,0
S2683,2026-04-04,10:22 PM,Yamuna,Mess,09:46 PM,10:29 PM,0,0,0,0,345.38,193,60.34,Dinner,0,0
S2684,2026-04-01,04:30 AM,Yamuna,Outside,0,0,0,0,03:45 AM,06:11 AM,347.83,127,14.1,None,0,0
S2685,2026-04-17,06:30 AM,Yamuna,Hostel,0,0,0,0,0,0,364.97,176,33.33,None,0,0
S2686,2026-04-05,07:26 PM,Rajendra,Mess,07:19 PM,08:15 PM,0,0,0,0,604.59,157,42.06,Dinner,0,0
S2687,2026-04-04,02:28 PM,Ganga,Library,0,0,01:50 PM,03:58 PM,01:28 PM,04:46 PM,627.19,63,14.27,None,1,0
S2688,2026-04-22,09:14 AM,Sarojini,Mess,09:02 AM,09:40 AM,0,0,0,0,487.18,132,40.63,Breakfast,0,0
S2689,2026-04-16,08:18 PM,Yamuna,Library,0,0,08:12 PM,08:47 PM,07:46 PM,09:02 PM,710.7,56,22.23,None,0,0
S2690,2026-04-21,04:13 PM,Yamuna,Outside,0,0,0,0,03:43 PM,05:30 PM,162.14,199,22.67,None,0,0
S2691,2026-04-16,01:47 PM,Yamuna,Library,0,0,12:06 PM,02:30 PM,11:56 AM,02:46 PM,618.54,116,29.9,None,0,0
S2692,2026-04-29,08:10 AM,Yamuna,Classroom,0,0,0,0,07:58 AM,09:33 AM,155.94,29,2.68,None,1,1
S2693,2026-04-25,12:08 PM,Sarojini,Library,0,0,11:54 AM,01:33 PM,11:34 AM,02:31 PM,549.34,56,15.31,None,1,0
S2694,2026-04-09,12:26 PM,Yamuna,Library,0,0,11:15 AM,12:31 PM,10:50 AM,12:51 PM,603.31,79,26.44,None,1,0
S2695,2026-04-26,01:29 PM,Azad,Library,0,0,01:21 PM,02:57 PM,01:12 PM,03:50 PM,739.44,190,27.39,None,1,0
S2696,2026-04-22,11:38 PM,Rajendra,Library,0,0,10:31 PM,11:59 PM,10:01 PM,11:59 PM,687.61,182,38.13,None,0,0
S2697,2026-04-06,04:56 AM,Yamuna,Hostel,0,0,0,0,0,0,353.13,142,27.98,None,0,0
S2698,2026-04-04,09:00 AM,Azad,Mess,08:33 AM,09:07 AM,0,0,0,0,385.99,95,31.5,Breakfast,1,1
S2699,2026-04-12,09:45 AM,Sarojini,Mess,09:15 AM,10:15 AM,0,0,0,0,494.46,200,49.85,Breakfast,1,1
S2700,2026-04-03,10:50 AM,Rajendra,Library,0,0,09:58 AM,11:29 AM,09:32 AM,11:51 AM,716.85,138,18.96,None,1,1
S2701,2026-04-21,03:54 AM,Sarojini,Hostel,0,0,0,0,0,0,223.42,108,27.47,None,0,0
S2702,2026-04-22,03:35 PM,Yamuna,Outside,0,0,0,0,01:36 PM,05:17 PM,259.76,99,8.87,None,0,0
S2703,2026-04-19,08:21 AM,Rajendra,Mess,08:06 AM,09:04 AM,0,0,0,0,257.49,32,40.64,Breakfast,0,0
S2704,2026-04-24,12:34 PM,Ganga,Library,0,0,12:27 PM,03:26 PM,12:02 PM,03:42 PM,575.95,179,21.03,None,0,0
S2705,2026-04-29,05:36 PM,Sarojini,Library,0,0,03:33 PM,05:57 PM,03:23 PM,06:39 PM,697.8,97,21.57,None,0,0
S2706,2026-04-15,03:29 PM,Azad,Library,0,0,02:22 PM,03:41 PM,02:14 PM,04:24 PM,815.41,164,19.35,None,0,0
S2707,2026-04-10,03:23 PM,Sarojini,Library,0,0,02:30 PM,05:11 PM,02:10 PM,05:43 PM,849.78,93,25.93,None,1,0
S2708,2026-04-27,01:58 PM,Yamuna,Mess,01:09 PM,02:04 PM,0,0,0,0,311.72,80,27.32,Lunch,1,0
S2709,2026-04-19,12:36 AM,Ganga,Hostel,0,0,0,0,0,0,381.1,174,34.42,None,0,0
S2710,2026-04-23,10:17 PM,Yamuna,Hostel,0,0,0,0,0,0,1221.27,27,12.92,None,0,0
S2711,2026-04-18,07:46 PM,Azad,Mess,07:26 PM,08:10 PM,0,0,0,0,543.14,188,42.78,Dinner,0,0
S2712,2026-04-30,08:17 AM,Rajendra,Mess,07:41 AM,08:34 AM,0,0,0,0,452.16,148,37.96,Breakfast,0,0
S2713,2026-04-17,07:57 AM,Sarojini,Mess,07:19 AM,08:00 AM,0,0,0,0,577.25,39,38.37,Breakfast,0,0
S2714,2026-04-13,05:23 PM,Ganga,Outside,0,0,0,0,03:31 PM,06:32 PM,298.09,112,12.65,None,0,0
S2715,2026-04-17,01:00 AM,Yamuna,Hostel,0,0,0,0,0,0,174.11,20,22.65,None,0,0
S2716,2026-04-05,10:00 AM,Sarojini,Mess,09:46 AM,10:10 AM,0,0,0,0,447.79,82,41.29,Breakfast,1,1
S2717,2026-05-01,02:51 PM,Ganga,Library,0,0,02:15 PM,04:39 PM,01:55 PM,05:37 PM,659.65,167,28.55,None,1,0
S2718,2026-04-21,08:06 PM,Azad,Library,0,0,06:56 PM,08:12 PM,06:31 PM,09:08 PM,1041.97,75,16.99,None,0,0
S2719,2026-04-30,09:14 AM,Yamuna,Mess,08:41 AM,09:20 AM,0,0,0,0,525.13,64,40.74,Breakfast,1,1
S2720,2026-04-23,04:20 PM,Yamuna,Library,0,0,04:17 PM,06:14 PM,03:50 PM,06:53 PM,584.97,123,24.52,None,0,0
S2721,2026-04-04,12:47 PM,Yamuna,Classroom,0,0,0,0,12:25 PM,01:28 PM,190.76,129,7.51,None,1,0
S2722,2026-04-22,12:22 PM,Azad,Classroom,0,0,0,0,11:55 AM,02:15 PM,370.02,191,22.46,None,1,0
S2723,2026-04-29,02:33 PM,Sarojini,Outside,0,0,0,0,01:48 PM,05:24 PM,270.77,75,5.74,None,1,0
S2724,2026-04-08,08:12 PM,Azad,Outside,0,0,0,0,06:55 PM,11:07 PM,262.2,62,9.09,None,0,0
S2725,2026-04-10,01:46 PM,Rajendra,Mess,01:24 PM,01:48 PM,0,0,0,0,503.58,25,22.98,Lunch,0,0
S2726,2026-04-07,10:53 AM,Yamuna,Library,0,0,10:49 AM,11:26 AM,10:32 AM,12:20 PM,692.84,108,19.72,None,0,0
S2727,2026-04-15,12:37 AM,Yamuna,Outside,0,0,0,0,12:04 AM,02:34 AM,322.47,25,1.82,None,0,0
S2728,2026-04-26,07:11 AM,Yamuna,Mess,07:10 AM,07:36 AM,0,0,0,0,416.06,186,43.6,Breakfast,0,0
S2729,2026-04-10,08:05 PM,Rajendra,Mess,08:02 PM,08:47 PM,0,0,0,0,392.57,48,35.83,Dinner,0,0
S2730,2026-04-02,08:49 AM,Yamuna,Classroom,0,0,0,0,08:12 AM,09:41 AM,149.92,185,12.87,None,1,1
S2731,2026-04-08,02:39 PM,Rajendra,Hostel,0,0,0,0,0,0,351.07,89,19.48,None,0,0
S2732,2026-04-21,02:22 PM,Azad,Library,0,0,01:59 PM,02:46 PM,01:52 PM,03:25 PM,700.12,115,23.23,None,0,0
S2733,2026-04-15,02:00 PM,Ganga,Mess,01:39 PM,02:37 PM,0,0,0,0,550.01,83,42.54,Lunch,0,0
S2734,2026-04-23,04:47 PM,Ganga,Library,0,0,04:18 PM,05:55 PM,04:10 PM,06:44 PM,754.8,158,29.9,None,0,0
S2735,2026-04-07,11:48 AM,Rajendra,Library,0,0,09:30 AM,11:54 AM,09:21 AM,12:14 PM,577.28,12,7.15,None,1,0
S2736,2026-04-12,07:35 AM,Sarojini,Mess,07:31 AM,08:06 AM,0,0,0,0,491.57,49,38.35,Breakfast,0,0
S2737,2026-04-01,06:29 PM,Sarojini,Classroom,0,0,0,0,06:15 PM,07:36 PM,351.89,148,11.07,None,1,1
S2738,2026-04-16,08:30 PM,Sarojini,Library,0,0,07:38 PM,09:18 PM,07:17 PM,09:28 PM,821.64,90,16.15,None,0,0
S2739,2026-04-12,10:17 AM,Azad,Classroom,0,0,0,0,09:39 AM,11:51 AM,342.85,157,12.25,None,1,1
S2740,2026-04-24,04:55 PM,Azad,Library,0,0,04:03 PM,06:48 PM,03:35 PM,07:42 PM,618.29,170,31.31,None,1,1
S2741,2026-04-13,08:34 AM,Sarojini,Mess,07:50 AM,08:50 AM,0,0,0,0,542.8,46,44.89,Breakfast,0,0
S2742,2026-04-28,04:55 PM,Rajendra,Hostel,0,0,0,0,0,0,398.94,94,21.79,None,0,0
S2743,2026-04-11,02:58 PM,Sarojini,Library,0,0,02:40 PM,05:08 PM,02:31 PM,05:22 PM,611.38,123,18.29,None,0,0
S2744,2026-04-28,03:25 PM,Ganga,Library,0,0,01:08 PM,04:04 PM,01:00 PM,04:48 PM,1017.1,16,7.84,None,1,0
S2745,2026-04-02,08:03 PM,Rajendra,Mess,07:56 PM,08:37 PM,0,0,0,0,429.92,151,60.64,Dinner,0,0
S2746,2026-04-01,01:28 AM,Azad,Hostel,0,0,0,0,0,0,347.88,14,12.33,None,0,0
S2747,2026-04-24,08:07 AM,Yamuna,Mess,08:07 AM,08:35 AM,0,0,0,0,575.26,189,41.27,Breakfast,0,0
S2748,2026-04-28,01:42 PM,Azad,Mess,01:16 PM,02:06 PM,0,0,0,0,613.15,30,37.32,Lunch,0,0
S2749,2026-04-05,01:49 PM,Rajendra,Outside,0,0,0,0,12:00 PM,04:44 PM,182.83,160,12.27,None,0,0
S2750,2026-04-19,12:56 PM,Sarojini,Library,0,0,12:25 PM,12:56 PM,12:20 PM,01:32 PM,708.53,157,20.44,None,1,0
S2751,2026-04-01,01:38 PM,Rajendra,Classroom,0,0,0,0,01:04 PM,02:26 PM,173.37,77,3.99,None,1,0
S2752,2026-04-09,08:01 AM,Rajendra,Mess,07:41 AM,08:26 AM,0,0,0,0,480.26,193,49.19,Breakfast,0,0
S2753,2026-04-17,06:45 PM,Yamuna,Library,0,0,06:38 PM,08:16 PM,06:28 PM,08:26 PM,565.34,173,26.54,None,0,0
S2754,2026-04-09,07:35 PM,Azad,Mess,07:07 PM,08:00 PM,0,0,0,0,499.92,145,31.95,Dinner,0,0
S2755,2026-04-22,10:25 AM,Sarojini,Library,0,0,10:05 AM,11:45 AM,09:38 AM,12:25 PM,985.61,36,16.24,None,1,1
S2756,2026-04-19,05:07 AM,Sarojini,Hostel,0,0,0,0,0,0,324.79,142,31.62,None,0,0
S2757,2026-04-14,04:54 AM,Rajendra,Hostel,0,0,0,0,0,0,229.6,54,26.1,None,0,0
S2758,2026-04-16,08:33 AM,Rajendra,Mess,08:18 AM,09:02 AM,0,0,0,0,394.31,191,43.48,Breakfast,0,0
S2759,2026-04-30,11:24 PM,Yamuna,Library,0,0,10:13 PM,11:56 PM,10:02 PM,11:59 PM,468.33,88,18.71,None,0,0
S2760,2026-04-11,04:56 PM,Ganga,Library,0,0,04:27 PM,05:38 PM,04:12 PM,05:57 PM,802.85,128,18.56,None,1,1
S2761,2026-04-10,07:44 PM,Yamuna,Mess,07:15 PM,08:06 PM,0,0,0,0,556.63,59,28.54,Dinner,0,0
S2762,2026-04-11,01:48 PM,Sarojini,Mess,01:39 PM,02:17 PM,0,0,0,0,431.65,109,34.87,Lunch,0,0
S2763,2026-04-17,12:45 PM,Azad,Library,0,0,11:29 AM,01:32 PM,11:07 AM,01:47 PM,862.04,115,22.95,None,1,0
S2764,2026-04-17,06:57 PM,Rajendra,Classroom,0,0,0,0,06:32 PM,08:46 PM,348.93,137,6.86,None,1,1
S2765,2026-04-08,06:00 PM,Yamuna,Hostel,0,0,0,0,0,0,195.48,67,30.11,None,0,0
S2766,2026-05-01,03:32 PM,Ganga,Mess,02:46 PM,03:42 PM,0,0,0,0,371.36,138,54.13,Lunch,1,0
S2767,2026-04-29,06:03 PM,Sarojini,Hostel,0,0,0,0,0,0,370.09,121,33.46,None,0,0
S2768,2026-04-03,07:29 PM,Ganga,Mess,07:02 PM,07:38 PM,0,0,0,0,339.43,91,32.26,Dinner,0,0
S2769,2026-04-28,09:18 PM,Azad,Mess,09:11 PM,09:32 PM,0,0,0,0,472.17,155,46.24,Dinner,0,0
S2770,2026-04-18,11:37 PM,Rajendra,Library,0,0,09:51 PM,11:42 PM,09:41 PM,11:59 PM,669.04,158,31.51,None,0,0
S2771,2026-04-16,07:58 PM,Yamuna,Library,0,0,07:06 PM,09:04 PM,06:37 PM,09:40 PM,633.94,116,23.84,None,0,0
S2772,2026-04-12,09:02 PM,Sarojini,Mess,08:21 PM,09:09 PM,0,0,0,0,444.17,171,51.07,Dinner,0,0
S2773,2026-04-15,12:45 AM,Ganga,Hostel,0,0,0,0,0,0,105.58,84,22.0,None,0,0
S2774,2026-04-27,09:20 PM,Rajendra,Outside,0,0,0,0,08:01 PM,11:59 PM,337.78,132,14.96,None,0,0
S2775,2026-04-23,11:08 AM,Sarojini,Outside,0,0,0,0,09:52 AM,12:50 PM,331.37,200,12.43,None,1,0
S2776,2026-04-08,08:32 PM,Ganga,Mess,08:13 PM,08:33 PM,0,0,0,0,509.6,157,35.35,Dinner,0,0
S2777,2026-04-09,01:15 PM,Rajendra,Mess,12:35 PM,01:16 PM,0,0,0,0,417.45,52,27.16,Lunch,0,0
S2778,2026-04-05,03:17 PM,Rajendra,Mess,02:53 PM,03:21 PM,0,0,0,0,592.06,26,35.36,Lunch,1,0
S2779,2026-04-19,09:59 PM,Rajendra,Mess,09:30 PM,10:30 PM,0,0,0,0,406.9,88,31.08,Dinner,0,0
S2780,2026-04-10,03:43 PM,Rajendra,Library,0,0,03:07 PM,05:36 PM,02:51 PM,06:30 PM,773.11,31,11.58,None,0,0
S2781,2026-04-05,06:38 PM,Yamuna,Outside,0,0,0,0,05:04 PM,08:08 PM,351.67,61,7.26,None,0,0
S2782,2026-04-11,01:15 PM,Yamuna,Mess,12:51 PM,01:27 PM,0,0,0,0,554.27,137,53.4,Lunch,1,0
S2783,2026-04-29,12:47 PM,Sarojini,Mess,12:04 PM,12:53 PM,0,0,0,0,325.01,165,33.85,Lunch,1,0
S2784,2026-04-29,09:14 AM,Azad,Mess,08:59 AM,09:34 AM,0,0,0,0,553.98,149,31.9,Breakfast,1,1
S2785,2026-04-29,10:03 AM,Ganga,Library,0,0,09:31 AM,11:58 AM,09:02 AM,12:46 PM,597.16,196,20.39,None,1,1
S2786,2026-04-08,07:08 PM,Rajendra,Mess,07:03 PM,07:31 PM,0,0,0,0,634.27,41,25.45,Dinner,0,0
S2787,2026-04-14,08:52 PM,Ganga,Mess,08:16 PM,09:00 PM,0,0,0,0,450.0,178,49.15,Dinner,0,0
S2788,2026-04-29,08:23 AM,Sarojini,Mess,08:12 AM,08:46 AM,0,0,0,0,433.7,81,41.44,Breakfast,0,0
S2789,2026-04-13,01:02 AM,Rajendra,Outside,0,0,0,0,0,03:59 AM,173.51,115,7.85,None,0,0
S2790,2026-04-19,04:22 PM,Ganga,Classroom,0,0,0,0,04:04 PM,05:16 PM,271.6,39,5.5,None,1,1
S2791,2026-04-05,02:19 PM,Azad,Mess,02:19 PM,03:09 PM,0,0,0,0,585.37,109,30.38,Lunch,1,0
S2792,2026-04-01,10:10 PM,Azad,Mess,09:48 PM,10:11 PM,0,0,0,0,436.32,62,37.7,Dinner,0,0
S2793,2026-04-09,05:33 PM,Sarojini,Library,0,0,04:45 PM,06:21 PM,04:40 PM,06:32 PM,973.48,97,22.72,None,0,0
S2794,2026-04-01,08:09 PM,Ganga,Mess,08:07 PM,09:05 PM,0,0,0,0,378.69,199,49.13,Dinner,0,0
S2795,2026-04-09,08:43 AM,Sarojini,Hostel,0,0,0,0,0,0,366.47,66,21.47,None,0,0
S2796,2026-04-14,02:43 PM,Azad,Library,0,0,01:50 PM,02:46 PM,01:27 PM,03:41 PM,685.99,114,19.89,None,1,0
S2797,2026-04-18,02:12 PM,Ganga,Library,0,0,01:52 PM,03:35 PM,01:44 PM,04:25 PM,916.1,70,21.6,None,0,0
S2798,2026-04-29,01:25 PM,Rajendra,Library,0,0,01:09 PM,01:58 PM,12:55 PM,02:48 PM,763.18,180,24.86,None,1,0
S2799,2026-04-12,02:57 PM,Sarojini,Mess,02:25 PM,02:58 PM,0,0,0,0,552.6,25,41.26,Lunch,0,0
S2800,2026-04-28,09:22 PM,Yamuna,Mess,08:51 PM,09:30 PM,0,0,0,0,433.47,33,22.48,Dinner,0,0
S2801,2026-04-22,11:37 AM,Ganga,Library,0,0,11:19 AM,11:56 AM,10:51 AM,12:14 PM,793.21,146,35.83,None,1,0
S2802,2026-04-20,03:51 PM,Ganga,Library,0,0,01:24 PM,03:52 PM,01:09 PM,04:46 PM,742.99,90,13.96,None,0,0
S2803,2026-04-29,11:16 PM,Yamuna,Library,0,0,10:15 PM,11:59 PM,10:00 PM,11:59 PM,742.49,189,27.11,None,0,0
S2804,2026-04-04,08:07 AM,Rajendra,Mess,07:52 AM,08:13 AM,0,0,0,0,481.03,36,38.89,Breakfast,0,0
S2805,2026-04-29,07:47 PM,Yamuna,Mess,07:28 PM,08:08 PM,0,0,0,0,501.84,73,27.49,Dinner,0,0
S2806,2026-04-17,09:34 AM,Rajendra,Mess,09:08 AM,09:58 AM,0,0,0,0,371.19,182,55.55,Breakfast,1,1
S2807,2026-04-11,04:31 PM,Yamuna,Library,0,0,04:10 PM,05:45 PM,04:05 PM,06:28 PM,602.73,48,9.93,None,1,1
S2808,2026-04-19,01:17 PM,Yamuna,Mess,01:15 PM,01:50 PM,0,0,0,0,528.09,33,40.65,Lunch,0,0
S2809,2026-04-02,02:53 PM,Sarojini,Mess,02:39 PM,03:06 PM,0,0,0,0,261.69,38,38.55,Lunch,0,0
S2810,2026-04-14,01:23 PM,Azad,Library,0,0,12:52 PM,01:28 PM,12:35 PM,01:48 PM,640.9,114,19.7,None,0,0
S2811,2026-04-22,12:53 PM,Azad,Library,0,0,12:40 PM,02:44 PM,12:20 PM,03:28 PM,1032.93,98,21.29,None,0,0
S2812,2026-04-10,03:53 PM,Sarojini,Library,0,0,03:36 PM,04:39 PM,03:06 PM,05:03 PM,818.79,108,23.95,None,1,0
S2813,2026-04-12,09:46 AM,Rajendra,Library,0,0,09:06 AM,09:53 AM,08:54 AM,10:27 AM,636.93,153,18.05,None,1,1
S2814,2026-04-19,09:04 AM,Azad,Mess,08:40 AM,09:34 AM,0,0,0,0,382.54,134,44.99,Breakfast,0,0
S2815,2026-04-07,12:59 PM,Azad,Mess,12:37 PM,01:20 PM,0,0,0,0,436.05,30,42.25,Lunch,1,0
S2816,2026-04-05,09:59 AM,Rajendra,Library,0,0,09:27 AM,10:55 AM,09:14 AM,11:06 AM,898.78,195,30.57,None,1,1
S2817,2026-04-07,09:22 PM,Sarojini,Mess,08:29 PM,09:23 PM,0,0,0,0,388.61,177,54.47,Dinner,0,0
S2818,2026-04-03,07:08 PM,Ganga,Library,0,0,06:57 PM,09:02 PM,06:40 PM,09:36 PM,650.87,131,18.92,None,0,0
S2819,2026-04-11,09:06 PM,Azad,Mess,08:53 PM,09:14 PM,0,0,0,0,425.52,48,38.05,Dinner,0,0
S2820,2026-04-06,01:53 PM,Yamuna,Library,0,0,12:12 PM,02:38 PM,11:55 AM,02:58 PM,889.31,55,17.7,None,1,0
S2821,2026-04-14,03:43 PM,Yamuna,Outside,0,0,0,0,02:30 PM,05:02 PM,318.48,39,2.27,None,0,0
S2822,2026-05-01,01:26 PM,Sarojini,Library,0,0,12:48 PM,01:35 PM,12:41 PM,02:01 PM,847.7,74,17.58,None,0,0
S2823,2026-04-10,06:52 PM,Yamuna,Classroom,0,0,0,0,06:15 PM,07:30 PM,312.69,180,18.21,None,1,1
S2824,2026-04-11,01:54 PM,Rajendra,Mess,01:01 PM,01:56 PM,0,0,0,0,575.82,46,35.78,Lunch,1,0
S2825,2026-04-16,09:51 PM,Sarojini,Library,0,0,09:15 PM,09:53 PM,09:06 PM,10:07 PM,728.79,151,23.82,None,0,0
S2826,2026-04-05,10:27 PM,Azad,Library,0,0,09:47 PM,11:52 PM,09:35 PM,11:59 PM,778.57,109,20.75,None,0,0
S2827,2026-04-15,01:49 PM,Yamuna,Mess,01:23 PM,01:55 PM,0,0,0,0,506.79,156,45.59,Lunch,1,0
S2828,2026-04-24,07:47 AM,Ganga,Mess,07:02 AM,07:52 AM,0,0,0,0,548.72,48,28.02,Breakfast,0,0
S2829,2026-04-02,03:01 AM,Ganga,Outside,0,0,0,0,02:25 AM,05:59 AM,229.22,27,2.23,None,0,0
S2830,2026-04-17,11:29 PM,Ganga,Library,0,0,10:32 PM,11:59 PM,10:15 PM,11:59 PM,724.36,17,8.62,None,0,0
S2831,2026-04-14,02:47 PM,Yamuna,Library,0,0,02:24 PM,03:23 PM,01:56 PM,04:19 PM,621.41,158,31.43,None,1,0
S2832,2026-04-14,10:19 PM,Ganga,Hostel,0,0,0,0,0,0,1198.26,35,24.13,None,0,0
S2833,2026-04-10,10:33 AM,Yamuna,Mess,09:55 AM,10:36 AM,0,0,0,0,494.65,117,45.42,Breakfast,1,1
S2834,2026-04-08,02:07 PM,Rajendra,Mess,01:56 PM,02:45 PM,0,0,0,0,547.79,61,43.79,Lunch,1,0
S2835,2026-04-26,01:20 PM,Yamuna,Library,0,0,12:58 PM,01:30 PM,12:47 PM,02:01 PM,565.42,109,18.68,None,1,0
S2836,2026-04-10,01:36 PM,Azad,Library,0,0,12:37 PM,03:28 PM,12:25 PM,04:09 PM,720.67,176,25.3,None,0,0
S2837,2026-04-23,07:44 PM,Sarojini,Library,0,0,06:10 PM,07:58 PM,05:49 PM,08:49 PM,639.92,196,28.17,None,0,0
S2838,2026-04-12,10:06 PM,Azad,Mess,09:31 PM,10:26 PM,0,0,0,0,344.07,167,49.25,Dinner,0,0
S2839,2026-04-13,04:46 PM,Rajendra,Library,0,0,03:56 PM,06:49 PM,03:32 PM,07:10 PM,661.09,70,16.57,None,0,0
S2840,2026-04-03,09:04 PM,Sarojini,Mess,09:00 PM,09:20 PM,0,0,0,0,467.16,124,33.42,Dinner,0,0
S2841,2026-04-04,08:26 AM,Rajendra,Mess,07:38 AM,08:37 AM,0,0,0,0,528.02,16,30.99,Breakfast,0,0
S2842,2026-04-21,09:35 PM,Yamuna,Library,0,0,07:01 PM,09:38 PM,06:48 PM,10:06 PM,701.25,177,28.03,None,0,0
S2843,2026-04-02,04:14 PM,Ganga,Library,0,0,04:08 PM,04:45 PM,03:44 PM,04:58 PM,677.73,65,18.0,None,0,0
S2844,2026-04-10,08:42 AM,Yamuna,Hostel,0,0,0,0,0,0,213.43,53,16.47,None,0,0
S2845,2026-04-20,05:44 AM,Sarojini,Hostel,0,0,0,0,0,0,263.07,103,32.54,None,0,0
S2846,2026-04-12,10:53 AM,Sarojini,Library,0,0,10:12 AM,11:34 AM,10:05 AM,12:09 PM,935.51,35,17.64,None,1,1
S2847,2026-04-06,07:10 AM,Sarojini,Hostel,0,0,0,0,0,0,183.3,164,43.53,None,0,0
S2848,2026-04-01,04:43 AM,Ganga,Outside,0,0,0,0,03:13 AM,06:20 AM,343.18,167,12.52,None,0,0
S2849,2026-04-18,07:50 PM,Sarojini,Hostel,0,0,0,0,0,0,196.7,62,29.27,None,0,0
S2850,2026-04-13,11:49 AM,Yamuna,Outside,0,0,0,0,10:30 AM,01:25 PM,217.87,104,7.58,None,1,0
S2851,2026-04-06,01:27 PM,Rajendra,Mess,12:56 PM,01:35 PM,0,0,0,0,537.85,25,22.32,Lunch,0,0
S2852,2026-04-27,08:56 PM,Sarojini,Mess,08:15 PM,09:12 PM,0,0,0,0,627.97,38,29.45,Dinner,0,0
S2853,2026-04-26,04:20 PM,Rajendra,Library,0,0,02:10 PM,04:43 PM,01:59 PM,05:22 PM,941.19,150,32.44,None,1,1
S2854,2026-04-22,09:56 AM,Yamuna,Outside,0,0,0,0,09:12 AM,12:40 PM,358.2,186,27.32,None,0,0
S2855,2026-04-09,06:37 AM,Rajendra,Hostel,0,0,0,0,0,0,217.11,45,18.32,None,0,0
S2856,2026-04-30,01:05 PM,Sarojini,Classroom,0,0,0,0,12:35 PM,02:32 PM,258.65,30,2.75,None,1,0
S2857,2026-04-20,02:03 PM,Rajendra,Mess,01:40 PM,02:27 PM,0,0,0,0,581.48,72,41.74,Lunch,1,0
S2858,2026-04-13,01:25 PM,Azad,Mess,01:21 PM,02:01 PM,0,0,0,0,668.27,46,26.37,Lunch,1,0
S2859,2026-04-07,10:30 PM,Yamuna,Mess,09:44 PM,10:32 PM,0,0,0,0,441.63,100,43.68,Dinner,0,0
S2860,2026-04-01,03:27 PM,Sarojini,Library,0,0,02:37 PM,05:21 PM,02:22 PM,05:59 PM,708.15,178,25.31,None,1,0
S2861,2026-04-13,01:08 PM,Sarojini,Library,0,0,12:36 PM,02:33 PM,12:27 PM,03:00 PM,939.97,172,22.71,None,0,0
S2862,2026-04-09,05:17 PM,Azad,Library,0,0,04:11 PM,06:18 PM,04:02 PM,07:06 PM,735.22,42,16.81,None,0,0
S2863,2026-04-15,01:53 PM,Azad,Mess,01:30 PM,01:57 PM,0,0,0,0,424.54,84,38.77,Lunch,0,0
S2864,2026-04-24,06:41 AM,Yamuna,Outside,0,0,0,0,05:25 AM,08:22 AM,128.97,126,11.29,None,0,0
S2865,2026-04-01,08:52 PM,Sarojini,Mess,08:28 PM,09:24 PM,0,0,0,0,458.34,49,28.5,Dinner,0,0
S2866,2026-04-23,04:42 PM,Rajendra,Hostel,0,0,0,0,0,0,215.9,113,33.81,None,0,0
S2867,2026-04-28,08:25 PM,Yamuna,Library,0,0,08:00 PM,09:59 PM,07:30 PM,10:59 PM,847.45,32,11.65,None,0,0
S2868,2026-04-27,02:26 PM,Yamuna,Classroom,0,0,0,0,02:13 PM,03:28 PM,324.45,71,4.8,None,1,0
S2869,2026-04-02,08:14 PM,Sarojini,Library,0,0,06:04 PM,08:16 PM,05:45 PM,09:01 PM,551.0,136,26.8,None,0,0
S2870,2026-04-27,12:15 PM,Sarojini,Mess,12:15 PM,12:54 PM,0,0,0,0,592.72,137,47.58,Lunch,0,0
S2871,2026-04-05,08:01 PM,Rajendra,Mess,07:45 PM,08:14 PM,0,0,0,0,607.99,64,27.31,Dinner,0,0
S2872,2026-04-11,04:06 PM,Yamuna,Library,0,0,03:42 PM,04:49 PM,03:28 PM,05:23 PM,422.76,160,21.12,None,0,0
S2873,2026-04-19,08:10 PM,Azad,Library,0,0,07:22 PM,09:04 PM,06:57 PM,09:37 PM,867.23,115,24.61,None,0,0
S2874,2026-04-28,01:02 PM,Sarojini,Library,0,0,12:00 PM,01:56 PM,11:50 AM,02:35 PM,707.36,125,21.34,None,0,0
S2875,2026-05-01,04:27 PM,Rajendra,Hostel,0,0,0,0,0,0,389.47,89,26.31,None,0,0
S2876,2026-04-16,06:28 PM,Rajendra,Library,0,0,04:36 PM,07:05 PM,04:21 PM,07:18 PM,1003.49,16,12.06,None,0,0
S2877,2026-04-09,12:59 AM,Ganga,Outside,0,0,0,0,0,03:30 AM,181.36,21,2.66,None,0,0
S2878,2026-04-12,01:21 AM,Azad,Hostel,0,0,0,0,0,0,220.34,40,24.99,None,0,0
S2879,2026-04-02,11:40 AM,Sarojini,Outside,0,0,0,0,10:03 AM,02:35 PM,229.89,48,7.16,None,1,0
S2880,2026-05-01,10:01 AM,Ganga,Mess,09:46 AM,10:31 AM,0,0,0,0,578.3,144,45.3,Breakfast,0,0
S2881,2026-04-27,07:36 AM,Azad,Outside,0,0,0,0,06:53 AM,09:07 AM,194.09,132,11.09,None,0,0
S2882,2026-05-01,01:02 PM,Ganga,Library,0,0,12:13 PM,02:48 PM,11:52 AM,03:18 PM,612.01,93,18.55,None,0,0
S2883,2026-04-17,07:20 AM,Ganga,Hostel,0,0,0,0,0,0,274.49,93,24.39,None,0,0
S2884,2026-04-04,02:31 PM,Sarojini,Mess,02:11 PM,02:37 PM,0,0,0,0,409.6,150,47.53,Lunch,0,0
S2885,2026-04-11,08:40 PM,Yamuna,Mess,08:38 PM,09:00 PM,0,0,0,0,478.49,144,46.18,Dinner,0,0
S2886,2026-04-05,01:46 PM,Rajendra,Mess,01:39 PM,02:06 PM,0,0,0,0,597.42,129,35.12,Lunch,0,0
S2887,2026-04-13,09:15 AM,Azad,Mess,09:01 AM,09:32 AM,0,0,0,0,593.92,176,42.89,Breakfast,1,1
S2888,2026-04-19,03:29 PM,Ganga,Library,0,0,02:46 PM,03:39 PM,02:37 PM,04:33 PM,620.6,71,14.9,None,1,0
S2889,2026-04-02,11:29 AM,Sarojini,Outside,0,0,0,0,09:46 AM,12:42 PM,344.74,52,5.11,None,0,0
S2890,2026-04-17,08:25 PM,Sarojini,Mess,08:03 PM,08:25 PM,0,0,0,0,438.45,94,47.85,Dinner,0,0
S2891,2026-04-24,12:46 PM,Rajendra,Mess,12:42 PM,01:03 PM,0,0,0,0,312.07,196,62.75,Lunch,1,0
S2892,2026-04-14,07:25 PM,Rajendra,Outside,0,0,0,0,06:30 PM,10:03 PM,175.23,176,25.61,None,0,0
S2893,2026-04-11,01:33 PM,Sarojini,Library,0,0,11:18 AM,01:54 PM,11:12 AM,02:09 PM,868.25,186,21.21,None,1,0
S2894,2026-04-02,08:22 PM,Rajendra,Library,0,0,07:34 PM,08:48 PM,07:26 PM,09:34 PM,995.06,150,29.97,None,0,0
S2895,2026-04-06,08:39 PM,Azad,Library,0,0,08:30 PM,09:56 PM,08:12 PM,10:26 PM,864.88,155,34.39,None,0,0
S2896,2026-04-10,02:47 PM,Sarojini,Mess,02:29 PM,02:59 PM,0,0,0,0,566.55,150,32.12,Lunch,1,0
S2897,2026-04-26,04:55 PM,Azad,Hostel,0,0,0,0,0,0,369.79,122,27.47,None,0,0
S2898,2026-04-16,09:09 PM,Sarojini,Hostel,0,0,0,0,0,0,902.37,83,23.23,None,0,0
S2899,2026-04-20,05:36 PM,Ganga,Library,0,0,04:34 PM,06:44 PM,04:11 PM,07:00 PM,418.3,177,34.15,None,0,0
S2900,2026-04-29,03:19 PM,Yamuna,Outside,0,0,0,0,01:34 PM,05:52 PM,174.99,186,20.85,None,0,0
S2901,2026-04-17,02:19 PM,Yamuna,Classroom,0,0,0,0,01:49 PM,03:06 PM,328.06,43,5.84,None,1,0
S2902,2026-04-09,11:31 AM,Yamuna,Library,0,0,09:15 AM,12:14 PM,08:49 AM,01:07 PM,711.01,104,20.51,None,1,0
S2903,2026-04-17,09:20 PM,Ganga,Mess,09:06 PM,09:39 PM,0,0,0,0,413.06,179,57.2,Dinner,0,0
S2904,2026-04-04,12:45 PM,Sarojini,Mess,12:40 PM,01:06 PM,0,0,0,0,462.32,104,38.08,Lunch,1,0
S2905,2026-04-12,10:25 PM,Sarojini,Hostel,0,0,0,0,0,0,1104.1,166,34.98,None,0,0
S2906,2026-04-04,09:19 PM,Sarojini,Mess,09:07 PM,10:00 PM,0,0,0,0,501.61,197,54.59,Dinner,0,0
S2907,2026-04-22,02:30 PM,Ganga,Library,0,0,02:29 PM,04:45 PM,02:24 PM,05:40 PM,1023.28,28,15.89,None,1,0
S2908,2026-04-23,02:21 PM,Ganga,Mess,02:18 PM,02:49 PM,0,0,0,0,309.6,46,35.7,Lunch,0,0
S2909,2026-04-05,09:30 PM,Rajendra,Outside,0,0,0,0,07:43 PM,10:45 PM,111.27,102,7.75,None,0,0
S2910,2026-04-11,03:56 AM,Yamuna,Outside,0,0,0,0,02:57 AM,05:41 AM,323.21,91,7.94,None,0,0
S2911,2026-04-03,11:48 PM,Rajendra,Outside,0,0,0,0,10:12 PM,11:59 PM,359.99,83,6.61,None,0,0
S2912,2026-05-01,09:15 PM,Azad,Mess,08:58 PM,09:49 PM,0,0,0,0,595.49,47,32.17,Dinner,0,0
S2913,2026-04-14,10:00 AM,Azad,Hostel,0,0,0,0,0,0,118.25,95,29.22,None,1,1
S2914,2026-04-06,03:14 PM,Rajendra,Library,0,0,02:27 PM,04:26 PM,02:09 PM,04:48 PM,871.45,157,27.5,None,1,0
S2915,2026-04-27,04:10 PM,Azad,Library,0,0,03:18 PM,05:26 PM,03:01 PM,05:46 PM,587.36,52,20.49,None,0,0
S2916,2026-04-17,09:09 AM,Ganga,Classroom,0,0,0,0,08:40 AM,10:30 AM,255.75,41,4.06,None,1,1
S2917,2026-04-24,12:19 PM,Azad,Library,0,0,11:55 AM,02:03 PM,11:50 AM,03:00 PM,1073.33,131,26.83,None,0,0
S2918,2026-04-07,09:55 PM,Sarojini,Library,0,0,07:22 PM,10:05 PM,07:13 PM,10:21 PM,804.86,111,19.33,None,0,0
S2919,2026-04-20,06:30 PM,Azad,Library,0,0,05:36 PM,06:42 PM,05:26 PM,06:58 PM,861.48,161,24.7,None,0,0
S2920,2026-04-29,10:16 AM,Rajendra,Library,0,0,09:35 AM,10:21 AM,09:10 AM,10:39 AM,827.14,149,30.29,None,0,0
S2921,2026-04-04,06:13 PM,Ganga,Library,0,0,05:51 PM,06:48 PM,05:40 PM,07:31 PM,668.17,99,27.37,None,0,0
S2922,2026-04-24,01:35 PM,Yamuna,Mess,01:24 PM,01:47 PM,0,0,0,0,417.69,124,40.04,Lunch,1,0
S2923,2026-05-01,06:35 AM,Azad,Hostel,0,0,0,0,0,0,204.04,136,34.61,None,0,0
S2924,2026-04-19,11:56 PM,Rajendra,Library,0,0,09:58 PM,11:59 PM,09:33 PM,11:59 PM,763.87,179,36.04,None,0,0
S2925,2026-04-12,07:17 PM,Azad,Outside,0,0,0,0,05:34 PM,08:33 PM,311.32,138,18.68,None,0,0
S2926,2026-04-15,09:38 AM,Yamuna,Library,0,0,09:04 AM,10:44 AM,08:34 AM,11:08 AM,491.59,87,16.56,None,1,1
S2927,2026-04-09,10:46 PM,Yamuna,Library,0,0,10:02 PM,11:34 PM,09:42 PM,11:59 PM,736.92,145,26.44,None,0,0
S2928,2026-04-04,12:51 PM,Azad,Classroom,0,0,0,0,12:22 PM,01:43 PM,259.07,169,20.47,None,1,0
S2929,2026-04-10,11:22 AM,Ganga,Hostel,0,0,0,0,0,0,222.19,40,15.99,None,1,0
S2930,2026-04-13,09:07 PM,Azad,Library,0,0,08:24 PM,09:43 PM,08:05 PM,10:14 PM,915.12,107,17.99,None,0,0
S2931,2026-04-27,07:30 PM,Yamuna,Library,0,0,06:43 PM,09:12 PM,06:20 PM,09:48 PM,815.35,62,15.45,None,0,0
S2932,2026-04-21,03:09 PM,Sarojini,Mess,02:53 PM,03:47 PM,0,0,0,0,530.18,194,53.97,Lunch,0,0
S2933,2026-04-12,11:55 PM,Rajendra,Library,0,0,10:46 PM,11:59 PM,10:30 PM,11:59 PM,925.56,177,16.42,None,0,0
S2934,2026-04-12,12:25 PM,Rajendra,Mess,12:12 PM,12:41 PM,0,0,0,0,263.66,198,63.1,Lunch,0,0
S2935,2026-04-14,02:24 PM,Azad,Classroom,0,0,0,0,02:06 PM,04:14 PM,137.14,182,15.91,None,1,0
S2936,2026-04-10,12:31 PM,Azad,Mess,12:29 PM,01:05 PM,0,0,0,0,598.34,164,51.52,Lunch,0,0
S2937,2026-04-18,02:39 PM,Ganga,Mess,02:19 PM,03:18 PM,0,0,0,0,300.38,87,43.33,Lunch,0,0
S2938,2026-04-10,04:48 PM,Ganga,Library,0,0,04:35 PM,05:29 PM,04:08 PM,05:46 PM,897.25,171,23.37,None,1,1
S2939,2026-04-24,09:06 PM,Ganga,Hostel,0,0,0,0,0,0,1398.27,110,31.67,None,0,0
S2940,2026-04-03,03:11 PM,Rajendra,Mess,02:56 PM,03:36 PM,0,0,0,0,362.85,121,45.28,Lunch,0,0
S2941,2026-04-20,08:55 PM,Azad,Mess,08:48 PM,09:21 PM,0,0,0,0,314.81,123,38.33,Dinner,0,0
S2942,2026-04-26,07:25 PM,Rajendra,Library,0,0,07:13 PM,08:31 PM,07:08 PM,09:07 PM,643.87,68,16.53,None,0,0
S2943,2026-04-14,05:10 AM,Sarojini,Hostel,0,0,0,0,0,0,198.84,11,24.53,None,0,0
S2944,2026-04-04,05:18 PM,Ganga,Library,0,0,04:00 PM,05:24 PM,03:36 PM,05:49 PM,870.03,199,30.72,None,0,0
S2945,2026-04-26,05:07 AM,Yamuna,Outside,0,0,0,0,03:37 AM,06:39 AM,327.15,42,4.5,None,0,0
S2946,2026-04-22,10:06 AM,Sarojini,Mess,09:54 AM,10:32 AM,0,0,0,0,396.96,170,44.24,Breakfast,1,1
S2947,2026-04-14,02:20 PM,Sarojini,Mess,02:16 PM,02:41 PM,0,0,0,0,615.6,30,27.37,Lunch,1,0
S2948,2026-04-29,03:31 AM,Ganga,Hostel,0,0,0,0,0,0,305.4,180,38.13,None,0,0
S2949,2026-04-29,05:49 AM,Yamuna,Hostel,0,0,0,0,0,0,345.47,151,43.69,None,0,0
S2950,2026-04-12,11:28 AM,Sarojini,Library,0,0,11:12 AM,12:08 PM,10:46 AM,12:49 PM,483.9,118,13.66,None,1,0
S2951,2026-04-06,08:15 PM,Rajendra,Outside,0,0,0,0,06:35 PM,09:58 PM,201.95,199,12.0,None,0,0
S2952,2026-04-04,08:08 PM,Rajendra,Mess,08:08 PM,09:02 PM,0,0,0,0,293.95,115,34.17,Dinner,0,0
S2953,2026-04-12,07:54 AM,Azad,Mess,07:34 AM,08:01 AM,0,0,0,0,552.38,46,31.4,Breakfast,0,0
S2954,2026-04-22,05:29 AM,Ganga,Hostel,0,0,0,0,0,0,223.62,200,35.83,None,0,0
S2955,2026-04-13,07:27 PM,Rajendra,Mess,07:09 PM,07:56 PM,0,0,0,0,409.57,39,40.37,Dinner,0,0
S2956,2026-04-19,08:57 PM,Ganga,Library,0,0,08:09 PM,08:57 PM,08:03 PM,09:46 PM,881.05,97,27.91,None,0,0
S2957,2026-04-02,04:30 PM,Sarojini,Library,0,0,03:45 PM,04:36 PM,03:31 PM,05:20 PM,665.15,177,31.89,None,0,0
S2958,2026-04-22,08:00 AM,Ganga,Mess,07:02 AM,08:01 AM,0,0,0,0,376.84,195,46.03,Breakfast,0,0
S2959,2026-04-18,01:39 PM,Azad,Mess,01:04 PM,02:02 PM,0,0,0,0,223.06,63,44.63,Lunch,0,0
S2960,2026-04-24,10:05 PM,Sarojini,Mess,09:44 PM,10:26 PM,0,0,0,0,467.16,45,28.32,Dinner,0,0
S2961,2026-04-02,01:24 AM,Azad,Outside,0,0,0,0,12:36 AM,03:02 AM,367.47,171,9.74,None,0,0
S2962,2026-04-12,12:50 PM,Sarojini,Mess,12:50 PM,01:13 PM,0,0,0,0,562.52,92,34.91,Lunch,0,0
S2963,2026-04-18,07:21 PM,Sarojini,Library,0,0,05:50 PM,08:00 PM,05:21 PM,08:15 PM,587.5,100,21.09,None,0,0
S2964,2026-04-28,08:51 PM,Azad,Library,0,0,06:54 PM,09:29 PM,06:33 PM,10:20 PM,714.34,170,28.19,None,0,0
S2965,2026-04-01,10:02 AM,Yamuna,Mess,09:56 AM,10:27 AM,0,0,0,0,478.75,200,46.63,Breakfast,0,0
S2966,2026-04-02,10:34 AM,Rajendra,Library,0,0,09:10 AM,11:35 AM,08:58 AM,12:26 PM,572.48,166,31.36,None,0,0
S2967,2026-04-16,06:51 AM,Azad,Hostel,0,0,0,0,0,0,197.93,25,27.52,None,0,0
S2968,2026-04-13,06:35 AM,Yamuna,Hostel,0,0,0,0,0,0,340.82,42,23.07,None,0,0
S2969,2026-04-22,07:59 AM,Ganga,Mess,07:41 AM,08:17 AM,0,0,0,0,296.0,154,43.92,Breakfast,0,0
S2970,2026-04-18,02:30 PM,Rajendra,Library,0,0,01:50 PM,03:37 PM,01:31 PM,04:17 PM,641.73,199,38.39,None,1,0
S2971,2026-04-12,08:33 PM,Azad,Library,0,0,07:35 PM,10:18 PM,07:10 PM,11:09 PM,818.45,110,26.68,None,0,0
S2972,2026-04-09,05:08 PM,Ganga,Library,0,0,04:50 PM,05:29 PM,04:21 PM,06:04 PM,474.44,55,13.93,None,0,0
S2973,2026-04-05,03:15 PM,Ganga,Classroom,0,0,0,0,03:02 PM,05:04 PM,324.26,115,6.08,None,1,0
S2974,2026-04-27,08:19 AM,Yamuna,Hostel,0,0,0,0,0,0,211.71,19,22.11,None,0,0
S2975,2026-04-27,09:58 PM,Yamuna,Library,0,0,09:02 PM,11:02 PM,08:53 PM,11:54 PM,686.96,197,37.78,None,0,0
S2976,2026-04-12,01:40 AM,Sarojini,Outside,0,0,0,0,12:10 AM,03:11 AM,129.16,107,6.63,None,0,0
S2977,2026-04-15,08:36 PM,Ganga,Library,0,0,07:29 PM,09:14 PM,07:01 PM,09:29 PM,671.4,151,21.99,None,0,0
S2978,2026-04-02,02:20 AM,Azad,Hostel,0,0,0,0,0,0,381.05,10,25.36,None,0,0
S2979,2026-04-28,03:57 PM,Sarojini,Library,0,0,02:05 PM,04:40 PM,01:57 PM,05:32 PM,436.5,38,12.84,None,1,0
S2980,2026-04-08,09:49 PM,Rajendra,Mess,09:17 PM,10:11 PM,0,0,0,0,452.14,38,27.09,Dinner,0,0
S2981,2026-04-23,09:00 AM,Yamuna,Mess,08:23 AM,09:14 AM,0,0,0,0,486.76,49,31.89,Breakfast,1,1
S2982,2026-04-06,08:35 PM,Rajendra,Mess,08:17 PM,08:49 PM,0,0,0,0,417.3,143,43.33,Dinner,0,0
S2983,2026-05-01,07:56 PM,Sarojini,Mess,07:20 PM,07:56 PM,0,0,0,0,465.43,22,33.53,Dinner,0,0
S2984,2026-04-13,12:16 PM,Yamuna,Hostel,0,0,0,0,0,0,392.08,53,21.03,None,1,0
S2985,2026-04-27,01:06 PM,Sarojini,Outside,0,0,0,0,11:06 AM,03:34 PM,156.13,47,5.69,None,1,0
S2986,2026-04-02,01:12 PM,Azad,Mess,12:55 PM,01:46 PM,0,0,0,0,691.66,101,47.08,Lunch,0,0
S2987,2026-04-05,09:07 PM,Yamuna,Mess,08:38 PM,09:12 PM,0,0,0,0,410.23,143,57.88,Dinner,0,0
S2988,2026-04-18,07:01 PM,Sarojini,Hostel,0,0,0,0,0,0,126.67,110,20.89,None,0,0
S2989,2026-04-29,12:14 PM,Azad,Classroom,0,0,0,0,12:04 PM,01:32 PM,155.52,190,28.34,None,1,0
S2990,2026-04-14,10:28 PM,Yamuna,Mess,09:56 PM,10:28 PM,0,0,0,0,475.49,13,41.24,Dinner,0,0
S2991,2026-04-12,06:54 PM,Ganga,Hostel,0,0,0,0,0,0,184.36,82,24.41,None,0,0
S2992,2026-04-30,07:49 PM,Azad,Mess,07:38 PM,08:15 PM,0,0,0,0,536.0,40,37.63,Dinner,0,0
S2993,2026-04-16,11:36 AM,Sarojini,Library,0,0,10:47 AM,12:14 PM,10:25 AM,01:10 PM,931.04,116,23.31,None,0,0
S2994,2026-04-02,09:07 AM,Sarojini,Mess,08:36 AM,09:17 AM,0,0,0,0,382.87,95,43.91,Breakfast,1,1
S2995,2026-04-23,04:25 PM,Sarojini,Library,0,0,03:26 PM,04:59 PM,02:56 PM,05:28 PM,647.82,91,19.34,None,1,1
S2996,2026-04-19,09:54 PM,Yamuna,Mess,09:54 PM,10:34 PM,0,0,0,0,221.83,82,43.37,Dinner,0,0
S2997,2026-04-25,08:40 AM,Rajendra,Mess,08:28 AM,08:49 AM,0,0,0,0,586.01,67,42.29,Breakfast,0,0
S2998,2026-04-06,07:03 PM,Ganga,Library,0,0,06:45 PM,07:49 PM,06:28 PM,08:29 PM,701.49,30,11.28,None,0,0
S2999,2026-04-18,02:17 PM,Rajendra,Library,0,0,02:06 PM,04:05 PM,01:53 PM,04:38 PM,791.88,48,13.96,None,0,0
S3000,2026-04-28,06:47 AM,Ganga,Outside,0,0,0,0,05:39 AM,08:50 AM,151.03,43,4.21,None,0,0
S3001,2026-04-06,12:53 PM,Rajendra,Mess,12:39 PM,01:11 PM,0,0,0,0,392.56,102,35.1,Lunch,0,0
S3002,2026-04-19,06:20 PM,Ganga,Library,0,0,04:30 PM,06:30 PM,04:07 PM,07:11 PM,731.87,86,13.51,None,0,0
S3003,2026-04-11,09:29 AM,Yamuna,Mess,09:24 AM,09:46 AM,0,0,0,0,428.42,112,54.23,Breakfast,0,0
S3004,2026-04-29,07:51 PM,Sarojini,Mess,07:23 PM,08:16 PM,0,0,0,0,366.19,42,31.79,Dinner,0,0
S3005,2026-04-29,09:42 AM,Ganga,Mess,09:18 AM,09:42 AM,0,0,0,0,252.63,90,47.13,Breakfast,0,0
S3006,2026-04-16,01:45 PM,Azad,Outside,0,0,0,0,12:23 PM,03:38 PM,125.82,107,5.59,None,0,0
S3007,2026-04-24,10:59 PM,Azad,Library,0,0,10:27 PM,11:59 PM,10:09 PM,11:59 PM,712.67,145,24.09,None,0,0
S3008,2026-04-29,09:22 PM,Yamuna,Hostel,0,0,0,0,0,0,1410.53,101,28.58,None,0,0
S3009,2026-04-05,09:33 PM,Rajendra,Mess,09:25 PM,09:50 PM,0,0,0,0,354.7,109,39.51,Dinner,0,0
S3010,2026-04-27,02:55 PM,Sarojini,Mess,02:37 PM,03:00 PM,0,0,0,0,562.25,133,40.91,Lunch,1,0
S3011,2026-04-15,09:19 PM,Sarojini,Mess,09:19 PM,09:49 PM,0,0,0,0,426.47,80,31.72,Dinner,0,0
S3012,2026-04-03,05:55 PM,Rajendra,Hostel,0,0,0,0,0,0,163.64,193,44.21,None,0,0
S3013,2026-04-11,04:23 PM,Yamuna,Library,0,0,03:47 PM,06:03 PM,03:26 PM,06:59 PM,580.16,95,25.03,None,1,1
S3014,2026-04-03,08:58 PM,Azad,Mess,08:46 PM,09:25 PM,0,0,0,0,397.48,53,40.86,Dinner,0,0
S3015,2026-04-02,01:18 AM,Ganga,Hostel,0,0,0,0,0,0,360.28,156,24.92,None,0,0
S3016,2026-04-22,07:18 AM,Azad,Mess,07:04 AM,07:46 AM,0,0,0,0,505.81,151,43.79,Breakfast,0,0
S3017,2026-04-29,09:53 PM,Ganga,Mess,09:17 PM,09:59 PM,0,0,0,0,659.2,163,59.1,Dinner,0,0
S3018,2026-04-26,03:21 PM,Yamuna,Library,0,0,02:13 PM,03:45 PM,01:50 PM,04:37 PM,868.04,182,34.36,None,0,0
S3019,2026-04-06,10:19 AM,Rajendra,Library,0,0,09:26 AM,12:17 PM,09:01 AM,12:47 PM,949.59,91,19.73,None,1,1
S3020,2026-05-01,11:39 PM,Azad,Library,0,0,10:42 PM,11:59 PM,10:30 PM,11:59 PM,845.86,119,20.25,None,0,0
S3021,2026-04-30,09:34 PM,Azad,Mess,08:54 PM,09:38 PM,0,0,0,0,496.57,115,40.06,Dinner,0,0
S3022,2026-04-28,09:21 AM,Sarojini,Mess,09:05 AM,09:56 AM,0,0,0,0,391.5,68,31.97,Breakfast,1,1
S3023,2026-04-13,03:53 PM,Sarojini,Library,0,0,03:40 PM,05:28 PM,03:11 PM,05:59 PM,806.07,84,20.5,None,1,0
S3024,2026-04-05,04:15 PM,Yamuna,Library,0,0,03:37 PM,04:41 PM,03:12 PM,05:15 PM,602.47,10,10.76,None,0,0
S3025,2026-04-13,10:19 AM,Azad,Classroom,0,0,0,0,09:51 AM,11:59 AM,266.8,154,15.97,None,1,1
S3026,2026-04-14,06:39 PM,Azad,Library,0,0,05:38 PM,07:05 PM,05:33 PM,07:30 PM,637.46,196,37.81,None,0,0
S3027,2026-04-19,03:26 PM,Rajendra,Hostel,0,0,0,0,0,0,263.93,52,19.9,None,1,0
S3028,2026-04-04,07:40 PM,Ganga,Hostel,0,0,0,0,0,0,152.19,158,39.03,None,0,0
S3029,2026-04-25,04:13 PM,Ganga,Hostel,0,0,0,0,0,0,341.85,78,21.09,None,1,1
S3030,2026-04-11,03:42 AM,Sarojini,Outside,0,0,0,0,01:51 AM,05:59 AM,225.65,40,3.87,None,0,0
S3031,2026-04-09,01:30 AM,Ganga,Outside,0,0,0,0,0,02:35 AM,114.54,59,6.41,None,0,0
S3032,2026-04-30,11:33 PM,Yamuna,Library,0,0,10:59 PM,11:59 PM,10:41 PM,11:59 PM,759.16,137,29.83,None,0,0
S3033,2026-04-23,09:25 PM,Ganga,Library,0,0,07:38 PM,09:52 PM,07:11 PM,10:48 PM,604.45,156,21.47,None,0,0
S3034,2026-05-01,06:18 AM,Yamuna,Hostel,0,0,0,0,0,0,191.36,66,25.97,None,0,0
S3035,2026-04-05,05:07 PM,Rajendra,Library,0,0,04:46 PM,05:17 PM,04:19 PM,05:53 PM,924.83,44,17.55,None,0,0
S3036,2026-04-14,06:22 PM,Azad,Hostel,0,0,0,0,0,0,142.36,87,34.63,None,0,0
S3037,2026-05-01,02:04 PM,Sarojini,Library,0,0,02:04 PM,04:18 PM,01:58 PM,05:00 PM,963.71,37,13.3,None,0,0
S3038,2026-04-01,02:04 PM,Azad,Library,0,0,12:16 PM,02:09 PM,11:51 AM,02:56 PM,728.45,126,13.61,None,1,0
S3039,2026-04-10,11:39 PM,Sarojini,Outside,0,0,0,0,10:03 PM,11:59 PM,380.69,147,19.03,None,0,0
S3040,2026-04-06,09:33 AM,Ganga,Mess,09:17 AM,09:40 AM,0,0,0,0,409.25,109,42.85,Breakfast,0,0
S3041,2026-04-29,03:13 AM,Yamuna,Hostel,0,0,0,0,0,0,212.83,184,31.62,None,0,0
S3042,2026-04-28,10:03 AM,Ganga,Mess,09:28 AM,10:10 AM,0,0,0,0,422.88,146,50.26,Breakfast,0,0
S3043,2026-04-25,09:39 AM,Rajendra,Mess,09:33 AM,09:55 AM,0,0,0,0,532.31,40,39.84,Breakfast,1,1
S3044,2026-04-17,10:56 PM,Sarojini,Library,0,0,10:52 PM,11:59 PM,10:31 PM,11:59 PM,887.32,99,12.31,None,0,0
S3045,2026-04-02,07:34 PM,Rajendra,Mess,07:06 PM,07:45 PM,0,0,0,0,429.08,200,51.54,Dinner,0,0
S3046,2026-04-09,12:49 PM,Rajendra,Classroom,0,0,0,0,12:24 PM,02:22 PM,136.06,25,1.36,None,1,0
S3047,2026-04-25,07:46 PM,Rajendra,Library,0,0,06:57 PM,09:39 PM,06:35 PM,10:23 PM,576.01,30,14.08,None,0,0
S3048,2026-04-24,03:31 PM,Ganga,Mess,02:42 PM,03:38 PM,0,0,0,0,435.75,77,48.46,Lunch,1,0
S3049,2026-04-21,11:06 AM,Ganga,Classroom,0,0,0,0,10:44 AM,12:25 PM,233.2,186,24.47,None,1,0
S3050,2026-04-24,12:07 PM,Azad,Hostel,0,0,0,0,0,0,183.64,108,32.47,None,1,0
S3051,2026-04-29,03:06 PM,Azad,Library,0,0,02:43 PM,05:15 PM,02:16 PM,05:38 PM,523.59,93,17.18,None,0,0
S3052,2026-04-03,01:16 PM,Ganga,Library,0,0,10:37 AM,01:30 PM,10:09 AM,02:04 PM,545.28,178,33.82,None,1,0
S3053,2026-04-30,09:40 AM,Sarojini,Library,0,0,09:15 AM,11:05 AM,08:49 AM,11:40 AM,815.51,147,27.05,None,0,0
S3054,2026-04-11,11:51 PM,Azad,Hostel,0,0,0,0,0,0,1115.95,75,31.4,None,0,0
S3055,2026-04-08,02:19 PM,Yamuna,Mess,02:15 PM,02:52 PM,0,0,0,0,459.95,67,44.95,Lunch,1,0
S3056,2026-04-18,08:19 AM,Rajendra,Classroom,0,0,0,0,07:42 AM,10:14 AM,391.34,67,4.63,None,1,1
S3057,2026-04-08,09:28 PM,Sarojini,Library,0,0,08:04 PM,09:35 PM,07:47 PM,09:55 PM,903.12,69,15.14,None,0,0
S3058,2026-04-06,02:50 PM,Azad,Library,0,0,01:23 PM,03:20 PM,01:15 PM,04:15 PM,922.54,40,16.75,None,0,0
S3059,2026-04-25,01:08 PM,Yamuna,Library,0,0,12:39 PM,01:36 PM,12:26 PM,01:50 PM,693.73,97,14.06,None,1,0
S3060,2026-04-30,08:08 PM,Rajendra,Mess,07:48 PM,08:48 PM,0,0,0,0,546.69,156,52.12,Dinner,0,0
S3061,2026-04-09,09:43 AM,Sarojini,Mess,09:32 AM,09:55 AM,0,0,0,0,322.21,96,43.26,Breakfast,1,1
S3062,2026-04-11,03:43 AM,Azad,Hostel,0,0,0,0,0,0,212.33,159,45.22,None,0,0
S3063,2026-04-02,01:38 PM,Ganga,Library,0,0,01:15 PM,01:52 PM,12:52 PM,02:09 PM,768.3,160,26.04,None,1,0
S3064,2026-05-01,08:35 AM,Yamuna,Classroom,0,0,0,0,08:14 AM,09:19 AM,220.61,33,4.43,None,1,1
S3065,2026-04-02,09:37 PM,Yamuna,Outside,0,0,0,0,08:15 PM,11:23 PM,227.44,114,13.06,None,0,0
S3066,2026-04-12,08:05 PM,Sarojini,Library,0,0,07:22 PM,08:32 PM,07:03 PM,09:18 PM,541.3,169,27.19,None,0,0
S3067,2026-04-10,08:09 PM,Azad,Hostel,0,0,0,0,0,0,977.99,40,13.74,None,0,0
S3068,2026-04-02,10:23 AM,Yamuna,Library,0,0,09:23 AM,11:32 AM,09:16 AM,12:03 PM,870.17,23,15.93,None,1,1
S3069,2026-04-20,08:35 PM,Yamuna,Outside,0,0,0,0,07:27 PM,11:32 PM,291.74,87,12.45,None,0,0
S3070,2026-04-17,08:26 PM,Yamuna,Mess,08:15 PM,08:57 PM,0,0,0,0,293.91,129,53.01,Dinner,0,0
S3071,2026-04-23,08:27 PM,Rajendra,Outside,0,0,0,0,06:34 PM,09:41 PM,134.3,106,11.82,None,0,0
S3072,2026-04-07,09:07 PM,Azad,Mess,08:42 PM,09:20 PM,0,0,0,0,373.06,47,24.71,Dinner,0,0
S3073,2026-04-28,09:26 PM,Rajendra,Mess,08:53 PM,09:30 PM,0,0,0,0,358.63,89,39.21,Dinner,0,0
S3074,2026-05-01,10:54 PM,Yamuna,Outside,0,0,0,0,09:52 PM,11:59 PM,149.88,86,6.47,None,0,0
S3075,2026-04-16,12:25 PM,Rajendra,Mess,12:07 PM,12:51 PM,0,0,0,0,406.63,130,29.79,Lunch,1,0
S3076,2026-04-20,07:32 PM,Azad,Library,0,0,05:46 PM,08:09 PM,05:36 PM,09:02 PM,845.53,195,30.61,None,0,0
S3077,2026-04-21,07:53 PM,Yamuna,Outside,0,0,0,0,07:03 PM,10:53 PM,212.71,119,6.83,None,0,0
S3078,2026-04-10,02:25 AM,Azad,Hostel,0,0,0,0,0,0,203.72,115,22.55,None,0,0
S3079,2026-04-27,08:24 PM,Yamuna,Library,0,0,06:51 PM,09:48 PM,06:25 PM,10:14 PM,786.79,68,24.4,None,0,0
S3080,2026-04-28,11:28 PM,Azad,Library,0,0,10:33 PM,11:59 PM,10:12 PM,11:59 PM,971.63,139,14.64,None,0,0
S3081,2026-04-09,09:44 AM,Yamuna,Library,0,0,09:19 AM,09:52 AM,09:02 AM,10:19 AM,759.64,184,26.52,None,0,0
S3082,2026-04-05,07:57 AM,Yamuna,Mess,07:41 AM,08:12 AM,0,0,0,0,539.68,100,39.11,Breakfast,0,0
S3083,2026-04-05,11:09 PM,Rajendra,Library,0,0,10:00 PM,11:36 PM,09:33 PM,11:51 PM,697.92,93,23.04,None,0,0
S3084,2026-04-02,09:49 PM,Azad,Mess,09:31 PM,09:55 PM,0,0,0,0,408.55,148,40.92,Dinner,0,0
S3085,2026-04-27,03:07 AM,Yamuna,Outside,0,0,0,0,01:25 AM,05:25 AM,217.5,20,2.44,None,0,0
S3086,2026-04-03,02:11 PM,Azad,Classroom,0,0,0,0,01:47 PM,03:31 PM,290.37,157,14.94,None,1,0
S3087,2026-04-28,08:02 AM,Rajendra,Classroom,0,0,0,0,07:34 AM,09:26 AM,164.65,105,11.51,None,1,1
S3088,2026-04-19,04:14 PM,Azad,Library,0,0,03:58 PM,04:49 PM,03:29 PM,05:00 PM,851.81,118,24.74,None,0,0
S3089,2026-04-30,06:39 PM,Ganga,Library,0,0,06:23 PM,06:59 PM,06:07 PM,07:45 PM,693.84,93,11.98,None,0,0
S3090,2026-04-10,02:51 PM,Sarojini,Mess,02:36 PM,02:56 PM,0,0,0,0,490.98,95,31.01,Lunch,0,0
S3091,2026-04-18,12:31 PM,Ganga,Library,0,0,11:33 AM,12:36 PM,11:22 AM,12:47 PM,663.23,73,18.4,None,1,0
S3092,2026-04-21,07:47 PM,Ganga,Library,0,0,07:28 PM,08:08 PM,07:13 PM,08:59 PM,557.59,123,14.27,None,0,0
S3093,2026-04-23,08:00 AM,Yamuna,Hostel,0,0,0,0,0,0,213.66,189,35.26,None,0,0
S3094,2026-04-28,09:06 AM,Ganga,Mess,08:39 AM,09:30 AM,0,0,0,0,502.82,65,33.91,Breakfast,0,0
S3095,2026-04-05,07:14 PM,Azad,Library,0,0,07:08 PM,08:30 PM,06:38 PM,09:11 PM,759.74,146,28.26,None,0,0
S3096,2026-04-10,09:09 AM,Azad,Classroom,0,0,0,0,08:57 AM,09:57 AM,165.4,33,2.66,None,1,1
S3097,2026-04-28,06:51 AM,Sarojini,Outside,0,0,0,0,06:13 AM,08:10 AM,309.1,163,16.6,None,0,0
S3098,2026-04-30,05:58 AM,Yamuna,Hostel,0,0,0,0,0,0,377.59,162,40.15,None,0,0
S3099,2026-04-11,07:51 PM,Sarojini,Library,0,0,07:51 PM,09:41 PM,07:43 PM,10:23 PM,787.27,31,10.99,None,0,0
S3100,2026-04-03,08:50 AM,Yamuna,Mess,08:09 AM,09:04 AM,0,0,0,0,343.22,105,42.07,Breakfast,0,0
S3101,2026-04-13,03:59 PM,Azad,Outside,0,0,0,0,02:45 PM,05:49 PM,186.18,76,6.7,None,1,0
S3102,2026-04-23,08:22 PM,Ganga,Mess,08:21 PM,08:44 PM,0,0,0,0,655.97,80,34.92,Dinner,0,0
S3103,2026-04-22,06:53 AM,Yamuna,Outside,0,0,0,0,06:06 AM,08:48 AM,269.74,55,3.42,None,0,0
S3104,2026-04-25,07:55 AM,Yamuna,Hostel,0,0,0,0,0,0,384.61,68,22.67,None,0,0
S3105,2026-04-02,12:58 AM,Ganga,Hostel,0,0,0,0,0,0,291.43,122,26.44,None,0,0
S3106,2026-04-09,11:06 PM,Yamuna,Library,0,0,10:54 PM,11:59 PM,10:27 PM,11:59 PM,804.68,180,32.17,None,0,0
S3107,2026-04-09,12:51 PM,Azad,Library,0,0,11:59 AM,01:44 PM,11:39 AM,02:22 PM,658.79,13,15.68,None,0,0
S3108,2026-04-27,11:09 PM,Azad,Library,0,0,09:58 PM,11:09 PM,09:31 PM,11:59 PM,584.45,107,24.52,None,0,0
S3109,2026-04-30,04:34 PM,Azad,Library,0,0,04:06 PM,04:59 PM,03:57 PM,05:38 PM,759.98,103,22.53,None,0,0
S3110,2026-04-14,08:56 PM,Yamuna,Mess,08:48 PM,09:13 PM,0,0,0,0,489.41,157,47.68,Dinner,0,0
S3111,2026-04-12,06:28 PM,Azad,Hostel,0,0,0,0,0,0,219.23,37,25.75,None,0,0
S3112,2026-04-24,11:49 AM,Sarojini,Classroom,0,0,0,0,11:23 AM,12:55 PM,271.77,73,6.05,None,1,0
S3113,2026-04-06,07:20 PM,Sarojini,Mess,07:14 PM,07:37 PM,0,0,0,0,298.1,163,46.07,Dinner,0,0
S3114,2026-04-27,12:14 PM,Sarojini,Outside,0,0,0,0,11:35 AM,03:14 PM,319.91,177,14.5,None,1,0
S3115,2026-04-26,11:12 AM,Sarojini,Library,0,0,10:31 AM,12:14 PM,10:17 AM,12:55 PM,581.35,79,20.58,None,1,0
S3116,2026-04-22,08:49 AM,Sarojini,Mess,08:20 AM,09:11 AM,0,0,0,0,546.21,187,52.87,Breakfast,0,0
S3117,2026-04-30,09:01 AM,Yamuna,Mess,08:49 AM,09:23 AM,0,0,0,0,528.16,32,39.85,Breakfast,1,1
S3118,2026-04-21,11:00 AM,Azad,Library,0,0,10:55 AM,11:41 AM,10:31 AM,11:56 AM,936.59,50,9.69,None,1,0
S3119,2026-04-09,01:13 PM,Ganga,Mess,01:08 PM,01:48 PM,0,0,0,0,573.17,160,39.5,Lunch,1,0
S3120,2026-04-08,10:08 PM,Rajendra,Mess,09:54 PM,10:44 PM,0,0,0,0,419.2,137,45.28,Dinner,0,0
S3121,2026-04-26,10:24 AM,Sarojini,Mess,09:57 AM,10:51 AM,0,0,0,0,575.13,59,33.84,Breakfast,0,0
S3122,2026-04-20,12:41 PM,Sarojini,Mess,12:00 PM,12:51 PM,0,0,0,0,384.91,78,35.26,Lunch,1,0
S3123,2026-04-21,08:42 AM,Yamuna,Mess,08:27 AM,09:10 AM,0,0,0,0,476.77,46,33.35,Breakfast,0,0
S3124,2026-04-21,09:41 PM,Rajendra,Outside,0,0,0,0,08:22 PM,11:59 PM,357.45,106,14.53,None,0,0
S3125,2026-04-11,02:05 PM,Ganga,Mess,01:40 PM,02:12 PM,0,0,0,0,366.01,41,34.06,Lunch,1,0
S3126,2026-04-05,07:33 AM,Sarojini,Outside,0,0,0,0,06:11 AM,09:25 AM,113.88,174,10.98,None,0,0
S3127,2026-04-29,09:49 PM,Azad,Hostel,0,0,0,0,0,0,840.36,70,28.48,None,0,0
S3128,2026-04-12,07:31 PM,Azad,Library,0,0,06:43 PM,07:55 PM,06:18 PM,08:15 PM,859.68,17,10.92,None,0,0
S3129,2026-04-24,10:56 PM,Azad,Library,0,0,08:52 PM,11:23 PM,08:35 PM,11:40 PM,832.51,108,18.32,None,0,0
S3130,2026-04-28,01:42 AM,Yamuna,Hostel,0,0,0,0,0,0,340.47,176,44.02,None,0,0
S3131,2026-04-23,09:39 PM,Azad,Library,0,0,09:08 PM,10:17 PM,08:56 PM,10:47 PM,829.58,169,18.7,None,0,0
S3132,2026-04-08,12:06 PM,Ganga,Mess,12:03 PM,12:28 PM,0,0,0,0,539.08,189,34.66,Lunch,1,0
S3133,2026-04-28,03:41 PM,Azad,Library,0,0,02:04 PM,03:55 PM,01:34 PM,04:06 PM,635.36,31,16.03,None,1,0
S3134,2026-04-02,10:03 PM,Ganga,Mess,09:34 PM,10:05 PM,0,0,0,0,330.5,105,41.99,Dinner,0,0
S3135,2026-04-22,08:55 AM,Ganga,Hostel,0,0,0,0,0,0,120.75,125,34.54,None,0,0
S3136,2026-04-18,12:05 AM,Rajendra,Hostel,0,0,0,0,0,0,219.57,127,20.43,None,0,0
S3137,2026-05-01,07:24 PM,Ganga,Library,0,0,07:15 PM,10:12 PM,06:46 PM,10:41 PM,926.36,179,35.37,None,0,0
S3138,2026-04-28,07:20 PM,Azad,Library,0,0,06:23 PM,07:23 PM,06:15 PM,08:11 PM,714.51,13,12.39,None,0,0
S3139,2026-04-06,09:02 PM,Rajendra,Mess,08:21 PM,09:21 PM,0,0,0,0,544.14,186,48.67,Dinner,0,0
S3140,2026-04-06,06:43 AM,Azad,Hostel,0,0,0,0,0,0,336.09,18,24.18,None,0,0
S3141,2026-04-29,12:45 PM,Ganga,Library,0,0,10:44 AM,01:04 PM,10:22 AM,01:30 PM,683.47,128,19.27,None,1,0
S3142,2026-04-09,10:14 PM,Rajendra,Mess,09:50 PM,10:16 PM,0,0,0,0,317.99,162,38.03,Dinner,0,0
S3143,2026-04-05,06:00 AM,Ganga,Outside,0,0,0,0,05:20 AM,08:03 AM,256.83,55,6.69,None,0,0
S3144,2026-04-25,07:55 PM,Ganga,Library,0,0,06:07 PM,08:30 PM,06:01 PM,09:09 PM,632.6,81,14.22,None,0,0
S3145,2026-04-10,03:05 PM,Rajendra,Mess,02:46 PM,03:42 PM,0,0,0,0,510.17,127,54.14,Lunch,1,0
S3146,2026-04-08,08:55 AM,Rajendra,Mess,08:24 AM,09:02 AM,0,0,0,0,389.98,61,41.25,Breakfast,0,0
S3147,2026-04-15,01:57 PM,Yamuna,Mess,01:49 PM,02:17 PM,0,0,0,0,378.21,12,36.64,Lunch,1,0
S3148,2026-05-01,01:32 PM,Sarojini,Mess,01:14 PM,01:40 PM,0,0,0,0,428.53,15,36.79,Lunch,1,0
S3149,2026-04-18,02:35 PM,Azad,Mess,02:04 PM,02:48 PM,0,0,0,0,690.77,14,24.93,Lunch,0,0
S3150,2026-04-15,03:04 PM,Sarojini,Mess,02:45 PM,03:05 PM,0,0,0,0,395.18,75,43.15,Lunch,0,0
S3151,2026-04-28,10:53 AM,Yamuna,Library,0,0,10:09 AM,11:54 AM,09:51 AM,12:18 PM,650.6,189,27.03,None,0,0
S3152,2026-04-17,12:10 PM,Ganga,Mess,12:07 PM,12:32 PM,0,0,0,0,453.12,136,40.22,Lunch,1,0
S3153,2026-04-21,07:42 PM,Azad,Mess,07:02 PM,07:55 PM,0,0,0,0,493.72,121,42.82,Dinner,0,0
S3154,2026-04-06,09:27 AM,Rajendra,Classroom,0,0,0,0,09:11 AM,11:17 AM,382.98,126,18.38,None,1,1
S3155,2026-04-03,09:37 PM,Sarojini,Mess,09:19 PM,10:19 PM,0,0,0,0,593.34,117,35.54,Dinner,0,0
S3156,2026-04-09,01:00 PM,Rajendra,Mess,12:55 PM,01:30 PM,0,0,0,0,519.35,18,27.49,Lunch,0,0
S3157,2026-04-08,01:51 PM,Yamuna,Library,0,0,01:42 PM,03:47 PM,01:12 PM,04:23 PM,812.5,50,11.96,None,0,0
S3158,2026-04-20,02:23 PM,Azad,Hostel,0,0,0,0,0,0,346.18,61,24.81,None,1,0
S3159,2026-04-29,12:43 PM,Yamuna,Mess,12:02 PM,12:58 PM,0,0,0,0,297.0,113,32.0,Lunch,1,0
S3160,2026-04-06,10:06 AM,Yamuna,Mess,09:54 AM,10:29 AM,0,0,0,0,514.61,126,35.57,Breakfast,1,1
S3161,2026-04-09,01:19 PM,Yamuna,Mess,01:13 PM,01:48 PM,0,0,0,0,381.91,10,39.52,Lunch,0,0
S3162,2026-04-04,11:58 PM,Sarojini,Outside,0,0,0,0,10:07 PM,11:59 PM,115.6,177,22.59,None,0,0
S3163,2026-04-17,04:27 PM,Ganga,Library,0,0,03:47 PM,04:42 PM,03:26 PM,05:12 PM,908.84,81,18.79,None,1,1
S3164,2026-04-19,01:57 PM,Rajendra,Hostel,0,0,0,0,0,0,395.22,41,14.67,None,0,0
S3165,2026-04-01,10:53 AM,Sarojini,Library,0,0,10:05 AM,12:54 PM,09:54 AM,01:41 PM,661.45,198,35.36,None,1,1
S3166,2026-04-23,03:24 PM,Sarojini,Library,0,0,02:42 PM,03:35 PM,02:20 PM,03:58 PM,949.51,190,26.93,None,0,0
S3167,2026-04-02,11:05 PM,Yamuna,Outside,0,0,0,0,10:27 PM,11:59 PM,274.85,154,22.35,None,0,0
S3168,2026-04-24,09:10 PM,Yamuna,Mess,08:56 PM,09:22 PM,0,0,0,0,491.76,91,45.16,Dinner,0,0
S3169,2026-04-04,02:23 AM,Azad,Hostel,0,0,0,0,0,0,258.68,160,25.27,None,0,0
S3170,2026-04-18,09:19 PM,Rajendra,Mess,09:16 PM,09:55 PM,0,0,0,0,593.08,161,52.71,Dinner,0,0
S3171,2026-04-23,01:10 PM,Sarojini,Library,0,0,11:01 AM,01:27 PM,10:40 AM,01:52 PM,578.57,98,21.87,None,1,0
S3172,2026-04-02,01:49 PM,Azad,Mess,01:05 PM,01:50 PM,0,0,0,0,330.54,123,43.83,Lunch,1,0
S3173,2026-04-15,09:32 PM,Azad,Mess,09:31 PM,09:52 PM,0,0,0,0,477.93,104,42.76,Dinner,0,0
S3174,2026-04-16,10:10 AM,Ganga,Mess,09:52 AM,10:44 AM,0,0,0,0,543.37,179,55.43,Breakfast,1,1
S3175,2026-04-21,08:03 PM,Yamuna,Mess,07:59 PM,08:51 PM,0,0,0,0,280.1,25,31.13,Dinner,0,0
S3176,2026-04-30,02:10 PM,Sarojini,Mess,01:34 PM,02:12 PM,0,0,0,0,365.94,191,37.91,Lunch,1,0
S3177,2026-04-17,08:18 AM,Sarojini,Mess,08:07 AM,08:48 AM,0,0,0,0,462.81,100,32.44,Breakfast,0,0
S3178,2026-04-10,03:19 PM,Ganga,Mess,02:52 PM,03:48 PM,0,0,0,0,420.58,30,31.75,Lunch,1,0
S3179,2026-04-28,10:06 PM,Azad,Hostel,0,0,0,0,0,0,1123.77,172,21.66,None,0,0
S3180,2026-04-24,07:40 AM,Rajendra,Mess,07:29 AM,08:04 AM,0,0,0,0,348.52,15,38.59,Breakfast,0,0
S3181,2026-04-13,12:01 PM,Rajendra,Library,0,0,11:56 AM,02:33 PM,11:43 AM,02:55 PM,750.96,16,9.39,None,0,0
S3182,2026-04-25,11:03 AM,Azad,Classroom,0,0,0,0,10:29 AM,12:31 PM,269.17,179,17.73,None,1,0
S3183,2026-04-14,03:20 PM,Sarojini,Mess,02:46 PM,03:28 PM,0,0,0,0,547.56,89,32.17,Lunch,1,0
S3184,2026-04-30,07:54 AM,Ganga,Mess,07:41 AM,08:11 AM,0,0,0,0,284.73,181,51.6,Breakfast,0,0
S3185,2026-04-22,07:54 PM,Yamuna,Hostel,0,0,0,0,0,0,276.5,78,21.61,None,0,0
S3186,2026-04-08,10:06 AM,Azad,Mess,09:46 AM,10:29 AM,0,0,0,0,663.46,55,33.97,Breakfast,1,1
S3187,2026-04-14,02:32 PM,Azad,Mess,02:24 PM,03:10 PM,0,0,0,0,490.13,44,34.01,Lunch,1,0
S3188,2026-04-01,07:30 PM,Sarojini,Library,0,0,06:35 PM,07:43 PM,06:19 PM,08:12 PM,664.51,68,15.04,None,0,0
S3189,2026-04-07,12:21 PM,Rajendra,Mess,12:12 PM,12:53 PM,0,0,0,0,600.36,33,31.17,Lunch,0,0
S3190,2026-04-26,09:02 PM,Rajendra,Library,0,0,08:37 PM,10:06 PM,08:10 PM,10:44 PM,807.17,58,20.8,None,0,0
S3191,2026-04-09,09:24 PM,Rajendra,Library,0,0,07:07 PM,09:52 PM,06:40 PM,10:05 PM,784.19,187,22.62,None,0,0
S3192,2026-04-01,02:29 PM,Ganga,Mess,02:02 PM,02:54 PM,0,0,0,0,500.87,50,33.31,Lunch,0,0
S3193,2026-04-28,09:30 PM,Yamuna,Hostel,0,0,0,0,0,0,1132.43,193,35.69,None,0,0
S3194,2026-04-22,07:10 PM,Ganga,Outside,0,0,0,0,06:37 PM,08:32 PM,349.17,100,12.58,None,0,0
S3195,2026-04-16,02:29 AM,Yamuna,Outside,0,0,0,0,01:35 AM,04:05 AM,347.32,59,5.3,None,0,0
S3196,2026-04-26,02:32 PM,Rajendra,Mess,02:22 PM,02:42 PM,0,0,0,0,630.18,88,36.98,Lunch,0,0
S3197,2026-04-14,03:13 PM,Yamuna,Mess,02:57 PM,03:21 PM,0,0,0,0,212.32,41,40.95,Lunch,0,0
S3198,2026-04-05,09:47 AM,Sarojini,Library,0,0,09:21 AM,11:32 AM,08:54 AM,11:46 AM,863.78,147,25.27,None,0,0
S3199,2026-04-24,09:50 PM,Yamuna,Library,0,0,09:38 PM,10:10 PM,09:33 PM,11:07 PM,686.13,67,18.68,None,0,0
S3200,2026-04-19,08:30 AM,Sarojini,Hostel,0,0,0,0,0,0,359.73,68,28.17,None,0,0
S3201,2026-04-25,01:33 AM,Sarojini,Outside,0,0,0,0,12:14 AM,04:15 AM,380.58,37,3.07,None,0,0
S3202,2026-04-12,02:26 AM,Yamuna,Hostel,0,0,0,0,0,0,163.68,94,25.85,None,0,0
S3203,2026-04-16,05:35 PM,Azad,Library,0,0,05:35 PM,06:55 PM,05:08 PM,07:37 PM,919.98,179,38.26,None,0,0
S3204,2026-04-24,09:25 PM,Rajendra,Mess,09:10 PM,09:31 PM,0,0,0,0,431.73,48,39.26,Dinner,0,0
S3205,2026-04-20,02:56 PM,Ganga,Mess,02:23 PM,03:19 PM,0,0,0,0,459.88,77,37.57,Lunch,0,0
S3206,2026-04-24,12:54 PM,Yamuna,Mess,12:08 PM,12:54 PM,0,0,0,0,422.21,184,43.08,Lunch,1,0
S3207,2026-04-08,09:57 PM,Sarojini,Library,0,0,07:58 PM,10:30 PM,07:35 PM,11:06 PM,837.62,58,17.53,None,0,0
S3208,2026-04-29,07:16 PM,Ganga,Library,0,0,05:04 PM,07:42 PM,04:43 PM,08:25 PM,988.75,93,26.07,None,0,0
S3209,2026-04-13,02:50 PM,Azad,Library,0,0,12:56 PM,02:57 PM,12:50 PM,03:19 PM,582.59,45,17.44,None,0,0
S3210,2026-04-17,03:16 PM,Rajendra,Classroom,0,0,0,0,02:48 PM,05:01 PM,128.34,10,0.85,None,1,0
S3211,2026-04-05,02:57 AM,Sarojini,Hostel,0,0,0,0,0,0,303.58,38,29.14,None,0,0
S3212,2026-04-04,07:11 AM,Yamuna,Mess,07:11 AM,07:33 AM,0,0,0,0,528.72,78,29.34,Breakfast,0,0
S3213,2026-04-08,12:44 PM,Sarojini,Mess,12:13 PM,12:46 PM,0,0,0,0,305.01,142,55.69,Lunch,1,0
S3214,2026-04-13,08:59 AM,Rajendra,Mess,08:54 AM,09:50 AM,0,0,0,0,334.3,195,63.82,Breakfast,0,0
S3215,2026-04-11,07:43 PM,Sarojini,Mess,07:25 PM,07:57 PM,0,0,0,0,330.75,109,43.66,Dinner,0,0
S3216,2026-04-06,11:42 AM,Sarojini,Classroom,0,0,0,0,11:29 AM,12:21 PM,299.27,64,3.23,None,1,0
S3217,2026-04-24,08:42 PM,Azad,Mess,08:21 PM,09:12 PM,0,0,0,0,451.97,44,39.57,Dinner,0,0
S3218,2026-04-07,07:00 AM,Sarojini,Hostel,0,0,0,0,0,0,296.43,148,40.32,None,0,0
S3219,2026-04-30,08:05 PM,Rajendra,Mess,07:41 PM,08:18 PM,0,0,0,0,518.38,141,50.42,Dinner,0,0
S3220,2026-04-21,09:33 PM,Yamuna,Mess,08:57 PM,09:43 PM,0,0,0,0,534.41,160,54.73,Dinner,0,0
S3221,2026-04-13,12:47 PM,Sarojini,Mess,12:33 PM,01:18 PM,0,0,0,0,467.69,35,35.2,Lunch,1,0
S3222,2026-04-26,08:36 PM,Sarojini,Library,0,0,08:14 PM,08:54 PM,07:59 PM,09:51 PM,680.11,158,25.51,None,0,0
S3223,2026-04-30,04:55 PM,Sarojini,Library,0,0,03:01 PM,05:00 PM,02:46 PM,05:16 PM,796.88,13,7.91,None,0,0
S3224,2026-04-21,07:59 AM,Ganga,Mess,07:53 AM,08:47 AM,0,0,0,0,583.69,17,35.49,Breakfast,0,0
S3225,2026-04-24,11:10 PM,Sarojini,Library,0,0,10:51 PM,11:59 PM,10:38 PM,11:59 PM,824.9,171,27.06,None,0,0
S3226,2026-04-21,05:54 PM,Sarojini,Library,0,0,05:54 PM,07:22 PM,05:46 PM,07:58 PM,777.23,12,8.7,None,0,0
S3227,2026-04-28,10:45 PM,Yamuna,Library,0,0,09:12 PM,10:56 PM,08:42 PM,11:07 PM,784.49,148,20.55,None,0,0
S3228,2026-04-28,12:54 PM,Ganga,Mess,12:39 PM,01:04 PM,0,0,0,0,473.41,189,60.07,Lunch,1,0
S3229,2026-04-07,11:23 AM,Sarojini,Library,0,0,10:53 AM,11:34 AM,10:32 AM,12:34 PM,810.33,80,16.78,None,0,0
S3230,2026-04-17,10:59 PM,Yamuna,Library,0,0,09:08 PM,11:14 PM,08:44 PM,11:24 PM,758.59,30,13.33,None,0,0
S3231,2026-04-29,07:01 PM,Yamuna,Hostel,0,0,0,0,0,0,365.83,198,45.82,None,0,0
S3232,2026-04-11,02:00 PM,Ganga,Mess,01:43 PM,02:10 PM,0,0,0,0,481.3,66,45.12,Lunch,0,0
S3233,2026-04-14,12:30 PM,Rajendra,Library,0,0,10:56 AM,01:18 PM,10:48 AM,02:14 PM,571.77,71,16.04,None,0,0
S3234,2026-04-07,05:17 AM,Sarojini,Hostel,0,0,0,0,0,0,173.49,128,34.41,None,0,0
S3235,2026-04-07,11:30 AM,Yamuna,Library,0,0,11:13 AM,01:18 PM,11:07 AM,01:43 PM,788.22,46,16.86,None,0,0
S3236,2026-04-05,12:41 PM,Azad,Mess,12:35 PM,01:25 PM,0,0,0,0,545.33,146,44.78,Lunch,0,0
S3237,2026-05-01,06:52 AM,Azad,Outside,0,0,0,0,05:34 AM,08:55 AM,321.6,83,9.79,None,0,0
S3238,2026-04-12,05:36 PM,Ganga,Library,0,0,03:51 PM,06:51 PM,03:24 PM,07:26 PM,677.14,61,14.21,None,0,0
S3239,2026-04-16,02:37 PM,Ganga,Library,0,0,02:11 PM,03:06 PM,01:43 PM,03:17 PM,728.62,190,18.96,None,1,0
S3240,2026-04-18,09:00 AM,Azad,Classroom,0,0,0,0,08:46 AM,09:51 AM,183.84,126,15.79,None,1,1
S3241,2026-04-02,08:13 PM,Azad,Library,0,0,06:55 PM,09:31 PM,06:25 PM,10:13 PM,567.36,10,11.48,None,0,0
S3242,2026-04-05,03:51 PM,Yamuna,Library,0,0,03:29 PM,06:27 PM,03:11 PM,07:02 PM,525.5,85,20.18,None,1,0
S3243,2026-04-05,01:56 PM,Ganga,Classroom,0,0,0,0,01:21 PM,02:48 PM,177.29,93,10.89,None,1,0
S3244,2026-04-04,01:38 PM,Rajendra,Library,0,0,01:16 PM,02:17 PM,01:04 PM,03:06 PM,822.8,173,20.64,None,1,0
S3245,2026-04-03,07:23 PM,Ganga,Outside,0,0,0,0,06:51 PM,09:57 PM,141.9,153,12.51,None,0,0
S3246,2026-04-28,03:45 PM,Rajendra,Outside,0,0,0,0,02:31 PM,06:09 PM,354.78,145,17.69,None,1,0
S3247,2026-04-17,06:58 AM,Yamuna,Hostel,0,0,0,0,0,0,189.43,67,15.38,None,0,0
S3248,2026-04-24,10:06 PM,Rajendra,Mess,09:43 PM,10:32 PM,0,0,0,0,423.66,55,32.23,Dinner,0,0
S3249,2026-04-28,08:34 PM,Sarojini,Mess,07:55 PM,08:41 PM,0,0,0,0,430.57,74,33.99,Dinner,0,0
S3250,2026-04-22,03:55 PM,Ganga,Library,0,0,01:55 PM,04:36 PM,01:38 PM,05:29 PM,784.29,109,18.42,None,1,0
S3251,2026-04-03,01:08 PM,Rajendra,Mess,12:16 PM,01:12 PM,0,0,0,0,426.9,88,31.84,Lunch,1,0
S3252,2026-04-09,08:47 AM,Ganga,Hostel,0,0,0,0,0,0,217.88,143,28.82,None,0,0
S3253,2026-04-24,08:57 PM,Ganga,Library,0,0,08:26 PM,10:52 PM,08:21 PM,11:02 PM,731.98,27,9.0,None,0,0
S3254,2026-04-03,07:53 AM,Rajendra,Mess,07:24 AM,08:14 AM,0,0,0,0,607.18,28,42.33,Breakfast,0,0
S3255,2026-04-02,04:30 AM,Ganga,Hostel,0,0,0,0,0,0,272.62,167,38.79,None,0,0
S3256,2026-04-10,09:10 AM,Azad,Hostel,0,0,0,0,0,0,343.71,75,27.85,None,1,1
S3257,2026-04-25,08:34 AM,Sarojini,Mess,07:58 AM,08:35 AM,0,0,0,0,301.02,198,56.35,Breakfast,0,0
S3258,2026-04-01,08:06 AM,Azad,Mess,08:02 AM,08:39 AM,0,0,0,0,685.81,189,41.47,Breakfast,0,0
S3259,2026-04-17,02:23 PM,Rajendra,Mess,01:47 PM,02:32 PM,0,0,0,0,457.37,47,41.9,Lunch,1,0
S3260,2026-04-04,11:46 AM,Azad,Outside,0,0,0,0,10:18 AM,01:16 PM,395.16,168,14.62,None,1,0
S3261,2026-04-06,10:31 AM,Sarojini,Mess,09:54 AM,10:54 AM,0,0,0,0,334.14,124,55.69,Breakfast,0,0
S3262,2026-04-25,06:51 PM,Yamuna,Library,0,0,06:29 PM,07:33 PM,06:22 PM,08:22 PM,859.46,10,7.87,None,0,0
S3263,2026-04-25,11:21 AM,Sarojini,Classroom,0,0,0,0,11:10 AM,11:54 AM,344.07,136,19.74,None,1,0
S3264,2026-04-21,08:47 AM,Sarojini,Hostel,0,0,0,0,0,0,249.11,182,25.81,None,0,0
S3265,2026-04-29,11:45 AM,Rajendra,Hostel,0,0,0,0,0,0,116.79,33,22.49,None,1,0
S3266,2026-04-08,12:02 PM,Azad,Library,0,0,11:00 AM,01:30 PM,10:50 AM,01:48 PM,831.1,107,18.82,None,0,0
S3267,2026-04-16,08:45 PM,Rajendra,Library,0,0,08:01 PM,09:14 PM,07:38 PM,09:54 PM,1020.46,124,18.17,None,0,0
S3268,2026-04-13,02:01 PM,Azad,Classroom,0,0,0,0,01:42 PM,03:43 PM,167.12,147,12.09,None,1,0
S3269,2026-04-10,01:10 PM,Azad,Mess,12:44 PM,01:32 PM,0,0,0,0,248.92,191,45.65,Lunch,0,0
S3270,2026-04-29,09:24 AM,Yamuna,Mess,09:05 AM,09:49 AM,0,0,0,0,447.91,101,44.54,Breakfast,0,0
S3271,2026-04-04,09:22 PM,Yamuna,Library,0,0,08:37 PM,09:42 PM,08:11 PM,10:08 PM,1018.5,148,29.37,None,0,0
S3272,2026-04-17,05:25 AM,Sarojini,Hostel,0,0,0,0,0,0,310.09,22,19.64,None,0,0
S3273,2026-04-17,06:27 PM,Ganga,Library,0,0,05:42 PM,07:46 PM,05:37 PM,07:57 PM,813.06,22,9.19,None,0,0
S3274,2026-04-25,12:49 PM,Yamuna,Mess,12:32 PM,01:05 PM,0,0,0,0,464.95,111,35.5,Lunch,0,0
S3275,2026-04-17,08:51 PM,Ganga,Mess,08:15 PM,09:01 PM,0,0,0,0,671.7,102,45.19,Dinner,0,0
S3276,2026-04-27,02:17 PM,Yamuna,Mess,02:07 PM,03:01 PM,0,0,0,0,424.7,182,47.98,Lunch,0,0
S3277,2026-04-27,11:46 PM,Azad,Outside,0,0,0,0,10:33 PM,11:59 PM,316.63,107,12.35,None,0,0
S3278,2026-04-25,09:09 AM,Rajendra,Mess,08:40 AM,09:17 AM,0,0,0,0,463.17,97,30.57,Breakfast,1,1
S3279,2026-04-14,10:11 PM,Ganga,Library,0,0,08:57 PM,10:16 PM,08:44 PM,11:05 PM,792.45,186,32.04,None,0,0
S3280,2026-04-03,08:04 PM,Rajendra,Library,0,0,07:24 PM,09:38 PM,06:59 PM,09:52 PM,1008.88,165,33.36,None,0,0
S3281,2026-04-06,05:28 AM,Sarojini,Outside,0,0,0,0,04:24 AM,07:11 AM,132.53,59,7.0,None,0,0
S3282,2026-04-16,09:02 AM,Yamuna,Mess,08:29 AM,09:28 AM,0,0,0,0,446.28,76,41.13,Breakfast,0,0
S3283,2026-04-16,05:04 PM,Sarojini,Outside,0,0,0,0,03:52 PM,06:25 PM,354.18,130,13.65,None,0,0
S3284,2026-04-22,02:22 AM,Rajendra,Outside,0,0,0,0,12:26 AM,04:53 AM,229.07,108,15.76,None,0,0
S3285,2026-04-13,12:00 AM,Rajendra,Outside,0,0,0,0,0,01:23 AM,119.6,182,17.07,None,0,0
S3286,2026-04-17,12:52 AM,Yamuna,Hostel,0,0,0,0,0,0,384.28,30,24.32,None,0,0
S3287,2026-04-11,04:38 PM,Yamuna,Outside,0,0,0,0,03:10 PM,05:43 PM,290.43,108,10.88,None,1,1
S3288,2026-04-27,01:39 PM,Azad,Mess,01:16 PM,01:39 PM,0,0,0,0,500.5,200,56.75,Lunch,1,0
S3289,2026-04-05,08:50 PM,Azad,Library,0,0,08:27 PM,09:35 PM,08:20 PM,10:10 PM,541.08,188,17.0,None,0,0
S3290,2026-04-22,07:55 PM,Rajendra,Hostel,0,0,0,0,0,0,189.78,179,47.08,None,0,0
S3291,2026-04-17,08:22 PM,Azad,Library,0,0,07:00 PM,09:58 PM,06:31 PM,10:39 PM,749.9,129,16.86,None,0,0
S3292,2026-04-19,08:55 AM,Rajendra,Mess,08:43 AM,09:05 AM,0,0,0,0,415.37,182,49.19,Breakfast,0,0
S3293,2026-04-17,12:25 AM,Azad,Hostel,0,0,0,0,0,0,346.12,42,21.79,None,0,0
S3294,2026-04-07,06:43 PM,Rajendra,Library,0,0,06:15 PM,06:54 PM,06:09 PM,07:07 PM,738.35,51,8.59,None,0,0
S3295,2026-04-07,11:46 AM,Rajendra,Library,0,0,11:06 AM,12:19 PM,10:47 AM,01:06 PM,960.03,52,15.73,None,0,0
S3296,2026-04-28,08:05 PM,Sarojini,Library,0,0,07:21 PM,08:59 PM,07:11 PM,09:55 PM,811.27,83,17.59,None,0,0
S3297,2026-04-22,05:00 AM,Azad,Hostel,0,0,0,0,0,0,124.91,118,23.59,None,0,0
S3298,2026-04-29,02:38 PM,Ganga,Mess,02:33 PM,03:21 PM,0,0,0,0,302.65,14,24.25,Lunch,1,0
S3299,2026-04-29,07:02 PM,Yamuna,Hostel,0,0,0,0,0,0,375.58,164,30.76,None,0,0
S3300,2026-04-30,03:32 PM,Sarojini,Outside,0,0,0,0,02:00 PM,05:30 PM,319.33,87,5.7,None,0,0
S3301,2026-04-26,09:21 PM,Rajendra,Mess,09:08 PM,09:29 PM,0,0,0,0,334.49,60,34.63,Dinner,0,0
S3302,2026-04-02,09:19 PM,Yamuna,Mess,08:28 PM,09:24 PM,0,0,0,0,275.14,133,38.43,Dinner,0,0
S3303,2026-05-01,10:58 PM,Azad,Hostel,0,0,0,0,0,0,951.33,87,26.88,None,0,0
S3304,2026-04-03,08:52 AM,Yamuna,Mess,08:37 AM,09:24 AM,0,0,0,0,464.9,175,42.61,Breakfast,0,0
S3305,2026-04-20,04:04 AM,Ganga,Hostel,0,0,0,0,0,0,302.3,64,22.18,None,0,0
S3306,2026-04-01,08:08 PM,Yamuna,Mess,07:22 PM,08:19 PM,0,0,0,0,419.05,141,48.38,Dinner,0,0
S3307,2026-04-10,03:21 PM,Azad,Library,0,0,02:54 PM,05:14 PM,02:48 PM,05:29 PM,582.23,99,16.73,None,1,0
S3308,2026-04-23,12:35 PM,Yamuna,Mess,12:04 PM,12:38 PM,0,0,0,0,580.05,178,46.71,Lunch,0,0
S3309,2026-04-02,12:36 AM,Sarojini,Outside,0,0,0,0,0,02:24 AM,265.89,147,16.59,None,0,0
S3310,2026-04-13,03:46 PM,Ganga,Hostel,0,0,0,0,0,0,348.72,186,51.87,None,1,0
S3311,2026-04-09,02:58 PM,Azad,Mess,02:54 PM,03:51 PM,0,0,0,0,577.49,120,47.52,Lunch,1,0
S3312,2026-04-08,07:25 PM,Yamuna,Outside,0,0,0,0,05:43 PM,10:21 PM,329.68,129,17.58,None,0,0
S3313,2026-04-19,10:10 AM,Ganga,Library,0,0,09:25 AM,10:19 AM,09:11 AM,11:08 AM,972.61,180,16.19,None,0,0
S3314,2026-04-29,05:04 AM,Ganga,Outside,0,0,0,0,03:06 AM,06:49 AM,243.05,11,0.85,None,0,0
S3315,2026-04-11,04:21 AM,Sarojini,Hostel,0,0,0,0,0,0,166.31,190,34.27,None,0,0
S3316,2026-04-17,09:48 PM,Sarojini,Mess,09:27 PM,10:09 PM,0,0,0,0,490.64,199,39.34,Dinner,0,0
S3317,2026-04-03,08:04 PM,Sarojini,Outside,0,0,0,0,06:38 PM,10:46 PM,172.91,142,9.69,None,0,0
S3318,2026-04-30,02:18 PM,Ganga,Library,0,0,01:57 PM,04:48 PM,01:35 PM,05:06 PM,706.94,56,20.62,None,1,0
S3319,2026-04-15,11:00 AM,Rajendra,Library,0,0,10:44 AM,11:54 AM,10:21 AM,12:23 PM,767.64,45,9.83,None,0,0
S3320,2026-04-27,09:49 AM,Yamuna,Classroom,0,0,0,0,09:21 AM,10:46 AM,396.79,138,11.94,None,1,1
S3321,2026-04-01,03:07 PM,Azad,Mess,02:32 PM,03:11 PM,0,0,0,0,354.51,156,46.41,Lunch,0,0
S3322,2026-04-09,09:04 PM,Azad,Mess,08:43 PM,09:35 PM,0,0,0,0,601.94,99,28.55,Dinner,0,0
S3323,2026-04-06,10:54 PM,Sarojini,Hostel,0,0,0,0,0,0,1034.69,46,23.05,None,0,0
S3324,2026-04-10,02:45 PM,Azad,Hostel,0,0,0,0,0,0,262.93,99,18.83,None,1,0
S3325,2026-04-02,08:29 PM,Rajendra,Mess,08:28 PM,08:54 PM,0,0,0,0,509.89,180,30.83,Dinner,0,0
S3326,2026-04-21,12:55 PM,Ganga,Mess,12:20 PM,01:05 PM,0,0,0,0,579.77,14,25.99,Lunch,0,0
S3327,2026-04-16,05:25 AM,Yamuna,Hostel,0,0,0,0,0,0,285.79,124,29.35,None,0,0
S3328,2026-04-27,08:07 AM,Azad,Mess,07:14 AM,08:10 AM,0,0,0,0,639.39,67,26.42,Breakfast,0,0
S3329,2026-04-27,08:40 PM,Ganga,Mess,07:51 PM,08:42 PM,0,0,0,0,305.71,113,36.29,Dinner,0,0
S3330,2026-04-13,11:11 PM,Rajendra,Outside,0,0,0,0,09:57 PM,11:59 PM,271.34,161,12.53,None,0,0
S3331,2026-04-22,08:37 AM,Sarojini,Mess,08:32 AM,09:22 AM,0,0,0,0,250.18,52,45.12,Breakfast,0,0
S3332,2026-04-11,02:56 PM,Rajendra,Library,0,0,02:31 PM,03:06 PM,02:16 PM,03:36 PM,917.12,28,12.66,None,1,0
S3333,2026-04-01,05:38 AM,Yamuna,Outside,0,0,0,0,04:54 AM,08:30 AM,326.31,189,28.3,None,0,0
S3334,2026-04-26,12:28 PM,Rajendra,Mess,12:15 PM,12:37 PM,0,0,0,0,423.92,54,32.47,Lunch,1,0
S3335,2026-04-14,09:15 PM,Rajendra,Hostel,0,0,0,0,0,0,1295.52,161,32.43,None,0,0
S3336,2026-04-13,09:46 AM,Rajendra,Library,0,0,09:17 AM,10:24 AM,09:01 AM,11:15 AM,890.52,75,16.99,None,0,0
S3337,2026-04-05,10:36 PM,Yamuna,Outside,0,0,0,0,08:49 PM,11:59 PM,222.3,143,11.12,None,0,0
S3338,2026-04-20,10:10 AM,Yamuna,Mess,09:59 AM,10:25 AM,0,0,0,0,407.39,92,48.65,Breakfast,0,0
S3339,2026-04-18,11:31 PM,Sarojini,Hostel,0,0,0,0,0,0,1469.78,30,13.17,None,0,0
S3340,2026-04-30,11:55 PM,Azad,Outside,0,0,0,0,10:36 PM,11:59 PM,204.87,93,12.24,None,0,0
S3341,2026-04-16,03:37 PM,Rajendra,Library,0,0,03:28 PM,04:31 PM,03:10 PM,05:07 PM,738.75,84,14.38,None,0,0
S3342,2026-04-12,01:56 PM,Rajendra,Library,0,0,01:42 PM,02:13 PM,01:36 PM,03:05 PM,671.53,42,11.28,None,1,0
S3343,2026-04-24,10:47 PM,Sarojini,Library,0,0,10:19 PM,11:59 PM,10:08 PM,11:59 PM,733.01,17,11.04,None,0,0
S3344,2026-04-06,09:18 PM,Sarojini,Mess,08:50 PM,09:21 PM,0,0,0,0,314.56,59,26.82,Dinner,0,0
S3345,2026-05-01,03:47 PM,Yamuna,Mess,02:54 PM,03:52 PM,0,0,0,0,545.27,121,46.34,Lunch,1,0
S3346,2026-04-09,11:28 AM,Azad,Outside,0,0,0,0,10:22 AM,02:14 PM,168.39,197,14.32,None,0,0
S3347,2026-04-29,03:08 PM,Ganga,Library,0,0,03:02 PM,05:49 PM,02:45 PM,06:15 PM,994.46,86,21.8,None,1,0
S3348,2026-04-30,08:43 AM,Sarojini,Mess,08:26 AM,09:05 AM,0,0,0,0,387.92,180,52.65,Breakfast,0,0
S3349,2026-04-06,09:10 PM,Azad,Library,0,0,08:58 PM,10:47 PM,08:46 PM,11:14 PM,440.3,14,8.54,None,0,0
S3350,2026-04-27,02:49 PM,Yamuna,Library,0,0,12:53 PM,03:33 PM,12:39 PM,03:51 PM,775.05,62,17.84,None,0,0
S3351,2026-04-28,12:03 PM,Azad,Library,0,0,11:59 AM,02:06 PM,11:35 AM,03:04 PM,746.07,133,18.27,None,1,0
S3352,2026-04-17,04:07 PM,Yamuna,Library,0,0,03:38 PM,04:20 PM,03:30 PM,04:40 PM,835.02,132,25.02,None,1,1
S3353,2026-04-03,01:44 AM,Azad,Outside,0,0,0,0,12:48 AM,04:27 AM,389.13,104,9.91,None,0,0
S3354,2026-04-18,07:21 PM,Yamuna,Mess,07:20 PM,08:07 PM,0,0,0,0,297.21,19,33.0,Dinner,0,0
S3355,2026-04-05,07:26 AM,Rajendra,Mess,07:06 AM,07:30 AM,0,0,0,0,478.45,13,29.21,Breakfast,0,0
S3356,2026-04-09,11:21 AM,Rajendra,Library,0,0,09:18 AM,11:54 AM,09:10 AM,12:14 PM,735.1,82,23.93,None,0,0
S3357,2026-04-18,08:00 AM,Azad,Mess,07:39 AM,08:14 AM,0,0,0,0,518.33,81,40.74,Breakfast,0,0
S3358,2026-04-25,01:58 PM,Yamuna,Mess,01:47 PM,02:32 PM,0,0,0,0,415.05,104,48.38,Lunch,0,0
S3359,2026-04-27,09:03 PM,Ganga,Library,0,0,09:02 PM,11:02 PM,08:33 PM,11:40 PM,788.55,29,18.23,None,0,0
S3360,2026-04-09,09:03 PM,Sarojini,Mess,08:21 PM,09:12 PM,0,0,0,0,448.02,20,23.87,Dinner,0,0
S3361,2026-04-15,06:03 PM,Sarojini,Outside,0,0,0,0,04:20 PM,07:50 PM,302.44,169,18.85,None,0,0
S3362,2026-04-26,11:09 AM,Yamuna,Hostel,0,0,0,0,0,0,164.2,72,33.15,None,0,0
S3363,2026-04-30,08:21 PM,Sarojini,Mess,07:55 PM,08:27 PM,0,0,0,0,309.05,160,52.74,Dinner,0,0
S3364,2026-04-27,03:45 PM,Yamuna,Outside,0,0,0,0,02:14 PM,05:32 PM,108.57,131,17.03,None,1,0
S3365,2026-04-13,10:19 PM,Sarojini,Mess,09:55 PM,10:40 PM,0,0,0,0,638.16,113,38.41,Dinner,0,0
S3366,2026-04-12,08:05 PM,Rajendra,Mess,07:23 PM,08:19 PM,0,0,0,0,503.35,32,26.79,Dinner,0,0
S3367,2026-04-24,09:01 AM,Ganga,Mess,08:19 AM,09:02 AM,0,0,0,0,330.93,69,30.61,Breakfast,0,0
S3368,2026-04-07,11:21 PM,Azad,Library,0,0,10:25 PM,11:59 PM,10:14 PM,11:59 PM,816.36,100,26.52,None,0,0
S3369,2026-04-10,08:25 AM,Yamuna,Mess,08:24 AM,08:59 AM,0,0,0,0,341.5,20,32.64,Breakfast,0,0
S3370,2026-04-11,07:40 PM,Rajendra,Mess,07:27 PM,08:16 PM,0,0,0,0,617.84,180,58.79,Dinner,0,0
S3371,2026-04-15,01:29 AM,Sarojini,Outside,0,0,0,0,12:31 AM,03:00 AM,365.87,92,6.17,None,0,0
S3372,2026-04-03,08:41 PM,Ganga,Mess,08:38 PM,09:29 PM,0,0,0,0,559.21,111,44.18,Dinner,0,0
S3373,2026-04-14,11:08 AM,Sarojini,Library,0,0,10:48 AM,12:04 PM,10:32 AM,12:36 PM,671.46,196,27.02,None,0,0
S3374,2026-04-27,08:13 PM,Yamuna,Mess,07:57 PM,08:50 PM,0,0,0,0,487.88,165,36.11,Dinner,0,0
S3375,2026-04-15,03:23 PM,Yamuna,Classroom,0,0,0,0,03:00 PM,04:19 PM,165.03,198,26.38,None,1,0
S3376,2026-04-20,11:25 AM,Azad,Library,0,0,09:33 AM,12:07 PM,09:14 AM,12:20 PM,845.36,55,14.81,None,1,0
S3377,2026-04-09,10:12 AM,Ganga,Library,0,0,09:28 AM,10:43 AM,09:15 AM,11:35 AM,776.87,178,26.81,None,1,1
S3378,2026-04-23,12:46 PM,Yamuna,Library,0,0,11:38 AM,01:58 PM,11:14 AM,02:50 PM,586.19,44,12.04,None,1,0
S3379,2026-04-14,09:31 AM,Rajendra,Outside,0,0,0,0,08:54 AM,11:44 AM,350.08,126,6.76,None,0,0
S3380,2026-04-26,05:31 PM,Sarojini,Library,0,0,04:42 PM,05:35 PM,04:33 PM,06:00 PM,547.47,107,19.63,None,0,0
S3381,2026-04-18,12:44 PM,Sarojini,Mess,12:32 PM,01:22 PM,0,0,0,0,577.29,90,35.75,Lunch,1,0
S3382,2026-04-17,07:00 PM,Ganga,Library,0,0,04:37 PM,07:00 PM,04:07 PM,07:58 PM,1004.72,174,27.35,None,0,0
S3383,2026-04-27,10:28 AM,Rajendra,Mess,09:33 AM,10:29 AM,0,0,0,0,341.93,112,39.02,Breakfast,1,1
S3384,2026-04-25,03:18 PM,Ganga,Library,0,0,03:10 PM,05:36 PM,03:05 PM,05:54 PM,630.94,104,13.9,None,1,0
S3385,2026-04-07,01:23 PM,Azad,Library,0,0,11:13 AM,01:26 PM,11:03 AM,01:51 PM,655.97,128,20.7,None,0,0
S3386,2026-04-28,12:59 PM,Azad,Library,0,0,11:25 AM,02:22 PM,10:57 AM,02:49 PM,891.49,169,28.59,None,1,0
S3387,2026-04-09,10:30 AM,Azad,Classroom,0,0,0,0,10:06 AM,12:26 PM,315.12,71,8.38,None,1,1
S3388,2026-04-02,10:45 PM,Sarojini,Library,0,0,10:05 PM,11:59 PM,09:40 PM,11:59 PM,747.86,157,34.72,None,0,0
S3389,2026-04-27,10:23 PM,Sarojini,Mess,09:41 PM,10:26 PM,0,0,0,0,572.53,26,34.56,Dinner,0,0
S3390,2026-04-11,06:49 AM,Rajendra,Hostel,0,0,0,0,0,0,320.42,51,17.92,None,0,0
S3391,2026-04-28,01:18 PM,Azad,Mess,12:24 PM,01:24 PM,0,0,0,0,536.1,40,33.33,Lunch,1,0
S3392,2026-05-01,02:56 PM,Yamuna,Mess,02:24 PM,03:07 PM,0,0,0,0,623.3,53,34.42,Lunch,0,0
S3393,2026-04-09,11:05 PM,Sarojini,Library,0,0,10:59 PM,11:59 PM,10:39 PM,11:59 PM,901.18,20,14.42,None,0,0
S3394,2026-04-21,09:02 AM,Rajendra,Mess,08:49 AM,09:36 AM,0,0,0,0,483.45,175,40.52,Breakfast,0,0
S3395,2026-04-24,11:10 AM,Ganga,Outside,0,0,0,0,09:30 AM,01:20 PM,361.55,168,18.62,None,0,0
S3396,2026-04-13,08:37 AM,Ganga,Mess,08:29 AM,09:27 AM,0,0,0,0,552.43,181,42.79,Breakfast,0,0
S3397,2026-04-28,02:51 PM,Ganga,Library,0,0,12:12 PM,03:07 PM,12:04 PM,03:56 PM,863.34,19,15.85,None,1,0
S3398,2026-04-25,01:15 PM,Yamuna,Outside,0,0,0,0,11:28 AM,03:39 PM,159.1,22,1.62,None,0,0
S3399,2026-04-06,12:36 AM,Sarojini,Outside,0,0,0,0,0,01:51 AM,372.91,42,2.21,None,0,0
S3400,2026-04-06,07:46 PM,Rajendra,Outside,0,0,0,0,06:57 PM,09:24 PM,245.16,79,5.5,None,0,0
S3401,2026-04-25,01:04 PM,Ganga,Mess,01:04 PM,01:55 PM,0,0,0,0,405.01,43,33.0,Lunch,1,0
S3402,2026-04-25,03:16 AM,Yamuna,Outside,0,0,0,0,02:02 AM,04:47 AM,374.19,62,3.53,None,0,0
S3403,2026-04-24,08:42 PM,Yamuna,Library,0,0,08:03 PM,08:53 PM,07:51 PM,09:46 PM,926.64,51,15.94,None,0,0
S3404,2026-04-26,09:01 PM,Ganga,Mess,08:30 PM,09:14 PM,0,0,0,0,384.23,119,45.7,Dinner,0,0
S3405,2026-04-20,02:48 PM,Sarojini,Library,0,0,12:41 PM,03:01 PM,12:18 PM,03:45 PM,691.96,188,22.78,None,1,0
S3406,2026-04-11,09:01 AM,Azad,Hostel,0,0,0,0,0,0,185.28,142,23.31,None,0,0
S3407,2026-04-15,12:55 PM,Ganga,Mess,12:52 PM,01:26 PM,0,0,0,0,291.76,129,34.35,Lunch,0,0
S3408,2026-04-29,08:50 AM,Ganga,Mess,08:47 AM,09:41 AM,0,0,0,0,413.69,181,54.02,Breakfast,0,0
S3409,2026-04-02,12:42 PM,Yamuna,Mess,12:13 PM,01:06 PM,0,0,0,0,297.05,116,43.48,Lunch,0,0
S3410,2026-04-18,10:22 PM,Rajendra,Mess,09:36 PM,10:30 PM,0,0,0,0,373.47,197,44.28,Dinner,0,0
S3411,2026-04-04,07:51 PM,Sarojini,Mess,07:33 PM,08:26 PM,0,0,0,0,639.35,75,36.18,Dinner,0,0
S3412,2026-04-01,12:18 PM,Ganga,Mess,12:04 PM,12:29 PM,0,0,0,0,566.96,61,43.26,Lunch,0,0
S3413,2026-04-11,08:09 PM,Ganga,Outside,0,0,0,0,06:40 PM,10:45 PM,386.37,149,17.15,None,0,0
S3414,2026-04-16,10:47 PM,Ganga,Library,0,0,10:32 PM,11:59 PM,10:19 PM,11:59 PM,633.51,194,35.91,None,0,0
S3415,2026-04-14,08:45 PM,Sarojini,Library,0,0,08:22 PM,09:11 PM,08:15 PM,09:58 PM,944.39,194,36.38,None,0,0
S3416,2026-04-09,12:07 PM,Yamuna,Library,0,0,11:42 AM,12:52 PM,11:27 AM,01:52 PM,995.87,129,22.13,None,1,0
S3417,2026-04-28,02:34 PM,Azad,Library,0,0,02:10 PM,03:38 PM,01:50 PM,03:52 PM,958.18,41,15.5,None,1,0
S3418,2026-04-01,08:27 AM,Azad,Hostel,0,0,0,0,0,0,103.06,150,34.99,None,0,0
S3419,2026-04-13,10:19 PM,Ganga,Library,0,0,09:18 PM,10:47 PM,08:49 PM,11:29 PM,677.18,53,15.78,None,0,0
S3420,2026-04-23,10:57 AM,Ganga,Outside,0,0,0,0,09:32 AM,12:58 PM,280.97,13,1.72,None,1,1
S3421,2026-04-21,11:57 AM,Azad,Library,0,0,11:18 AM,01:51 PM,10:52 AM,02:49 PM,940.43,25,9.19,None,1,0
S3422,2026-04-29,09:02 AM,Azad,Mess,08:37 AM,09:23 AM,0,0,0,0,223.67,141,40.22,Breakfast,1,1
S3423,2026-04-18,02:35 PM,Azad,Library,0,0,02:26 PM,03:32 PM,02:21 PM,04:28 PM,976.43,139,27.54,None,1,0
S3424,2026-04-08,08:51 PM,Yamuna,Mess,08:33 PM,09:20 PM,0,0,0,0,328.03,127,34.94,Dinner,0,0
S3425,2026-04-22,08:30 PM,Rajendra,Mess,08:03 PM,08:39 PM,0,0,0,0,328.39,46,40.22,Dinner,0,0
S3426,2026-04-12,12:25 AM,Yamuna,Outside,0,0,0,0,0,01:58 AM,365.18,141,14.53,None,0,0
S3427,2026-04-13,01:05 PM,Sarojini,Mess,12:58 PM,01:43 PM,0,0,0,0,486.39,195,43.18,Lunch,1,0
S3428,2026-04-17,10:58 PM,Rajendra,Library,0,0,09:47 PM,11:05 PM,09:31 PM,11:43 PM,940.0,93,21.05,None,0,0
S3429,2026-04-11,01:30 AM,Yamuna,Hostel,0,0,0,0,0,0,374.73,159,26.65,None,0,0
S3430,2026-04-16,11:17 PM,Yamuna,Outside,0,0,0,0,09:24 PM,11:59 PM,156.83,147,18.94,None,0,0
S3431,2026-04-08,10:08 PM,Sarojini,Mess,09:37 PM,10:32 PM,0,0,0,0,416.25,180,47.67,Dinner,0,0
S3432,2026-04-23,11:20 PM,Ganga,Library,0,0,09:19 PM,11:32 PM,09:01 PM,11:59 PM,1021.08,18,8.1,None,0,0
S3433,2026-04-26,10:13 PM,Sarojini,Library,0,0,08:18 PM,10:46 PM,08:05 PM,11:15 PM,603.78,94,20.46,None,0,0
S3434,2026-04-21,02:48 AM,Sarojini,Outside,0,0,0,0,01:14 AM,05:10 AM,256.96,76,9.29,None,0,0
S3435,2026-04-25,08:22 PM,Azad,Mess,07:38 PM,08:23 PM,0,0,0,0,454.06,23,41.04,Dinner,0,0
S3436,2026-04-07,09:28 AM,Rajendra,Mess,09:28 AM,10:09 AM,0,0,0,0,310.79,183,47.17,Breakfast,0,0
S3437,2026-04-08,08:54 PM,Yamuna,Library,0,0,08:21 PM,10:53 PM,08:03 PM,11:27 PM,460.04,188,41.57,None,0,0
S3438,2026-04-24,05:24 PM,Rajendra,Library,0,0,05:03 PM,07:13 PM,04:34 PM,07:45 PM,771.14,34,11.16,None,0,0
S3439,2026-04-13,01:22 AM,Azad,Outside,0,0,0,0,0,03:58 AM,234.82,200,10.47,None,0,0
S3440,2026-04-14,11:14 PM,Rajendra,Library,0,0,10:01 PM,11:59 PM,09:55 PM,11:59 PM,747.26,66,23.78,None,0,0
S3441,2026-04-20,09:59 AM,Rajendra,Mess,09:49 AM,10:24 AM,0,0,0,0,350.52,131,49.94,Breakfast,1,1
S3442,2026-04-02,12:10 AM,Sarojini,Outside,0,0,0,0,0,02:22 AM,246.6,139,20.2,None,0,0
S3443,2026-05-01,08:19 PM,Azad,Mess,08:07 PM,08:29 PM,0,0,0,0,387.99,186,39.38,Dinner,0,0
S3444,2026-04-22,10:12 AM,Azad,Mess,09:41 AM,10:22 AM,0,0,0,0,417.2,186,57.79,Breakfast,1,1
S3445,2026-04-19,05:28 AM,Sarojini,Hostel,0,0,0,0,0,0,275.88,179,28.65,None,0,0
S3446,2026-05-01,10:13 PM,Ganga,Mess,09:42 PM,10:42 PM,0,0,0,0,427.95,12,22.28,Dinner,0,0
S3447,2026-04-29,08:38 PM,Rajendra,Mess,07:58 PM,08:44 PM,0,0,0,0,347.92,11,40.21,Dinner,0,0
S3448,2026-04-09,09:25 AM,Sarojini,Mess,08:56 AM,09:36 AM,0,0,0,0,333.22,195,56.44,Breakfast,0,0
S3449,2026-04-14,05:31 PM,Rajendra,Library,0,0,03:44 PM,06:36 PM,03:18 PM,06:55 PM,747.13,121,17.93,None,0,0
S3450,2026-04-26,07:31 PM,Rajendra,Library,0,0,06:57 PM,07:36 PM,06:40 PM,07:47 PM,881.24,72,17.15,None,0,0
S3451,2026-04-16,11:59 PM,Rajendra,Hostel,0,0,0,0,0,0,934.77,63,32.51,None,0,0
S3452,2026-04-07,08:35 PM,Yamuna,Library,0,0,06:23 PM,09:14 PM,06:07 PM,09:56 PM,608.9,159,22.6,None,0,0
S3453,2026-04-16,06:35 PM,Azad,Library,0,0,06:20 PM,09:14 PM,06:05 PM,09:42 PM,625.3,22,8.63,None,0,0
S3454,2026-05-01,07:10 AM,Rajendra,Hostel,0,0,0,0,0,0,356.6,166,31.07,None,0,0
S3455,2026-04-18,07:02 PM,Rajendra,Library,0,0,05:00 PM,07:32 PM,04:36 PM,07:42 PM,604.57,152,25.07,None,0,0
S3456,2026-04-09,07:35 PM,Sarojini,Library,0,0,06:00 PM,07:43 PM,05:34 PM,08:08 PM,601.69,142,29.98,None,0,0
S3457,2026-04-07,12:24 PM,Azad,Library,0,0,12:12 PM,01:34 PM,12:05 PM,02:34 PM,910.32,183,33.02,None,0,0
S3458,2026-04-09,11:50 AM,Ganga,Library,0,0,11:42 AM,12:54 PM,11:29 AM,01:26 PM,735.48,189,33.48,None,1,0
S3459,2026-04-29,06:40 PM,Rajendra,Library,0,0,06:26 PM,07:25 PM,06:00 PM,07:44 PM,868.38,84,17.53,None,0,0
S3460,2026-04-17,08:58 PM,Sarojini,Hostel,0,0,0,0,0,0,853.8,62,17.53,None,0,0
S3461,2026-04-04,11:54 AM,Ganga,Library,0,0,11:43 AM,12:55 PM,11:18 AM,01:26 PM,694.05,148,31.16,None,1,0
S3462,2026-04-11,07:37 PM,Sarojini,Mess,07:26 PM,08:08 PM,0,0,0,0,572.66,122,44.13,Dinner,0,0
S3463,2026-04-13,02:42 PM,Yamuna,Library,0,0,02:07 PM,04:50 PM,01:42 PM,05:24 PM,685.69,58,13.24,None,1,0
S3464,2026-04-24,11:12 AM,Azad,Library,0,0,10:49 AM,11:21 AM,10:42 AM,11:32 AM,830.58,160,25.39,None,1,0
S3465,2026-04-25,01:10 AM,Sarojini,Hostel,0,0,0,0,0,0,126.82,112,28.67,None,0,0
S3466,2026-04-03,08:32 AM,Yamuna,Mess,07:52 AM,08:40 AM,0,0,0,0,284.03,26,24.66,Breakfast,0,0
S3467,2026-04-07,03:10 PM,Rajendra,Library,0,0,02:16 PM,03:35 PM,02:11 PM,03:46 PM,770.54,23,16.0,None,1,0
S3468,2026-04-25,04:33 PM,Yamuna,Library,0,0,04:16 PM,05:52 PM,04:03 PM,06:07 PM,694.99,200,22.85,None,0,0
S3469,2026-04-21,05:47 AM,Ganga,Outside,0,0,0,0,03:50 AM,08:42 AM,397.55,132,10.9,None,0,0
S3470,2026-04-13,03:23 PM,Sarojini,Outside,0,0,0,0,02:08 PM,05:20 PM,171.39,200,13.77,None,0,0
S3471,2026-04-02,12:55 PM,Rajendra,Mess,12:13 PM,12:56 PM,0,0,0,0,634.1,181,41.53,Lunch,1,0
S3472,2026-04-23,05:41 PM,Ganga,Classroom,0,0,0,0,05:12 PM,07:27 PM,122.89,168,23.57,None,1,1
S3473,2026-04-24,12:38 AM,Sarojini,Hostel,0,0,0,0,0,0,344.69,93,18.76,None,0,0
S3474,2026-04-04,08:06 AM,Ganga,Mess,07:42 AM,08:40 AM,0,0,0,0,373.16,183,56.17,Breakfast,0,0
S3475,2026-04-06,02:50 PM,Ganga,Classroom,0,0,0,0,02:10 PM,03:28 PM,326.47,93,7.16,None,1,0
S3476,2026-04-22,02:31 PM,Sarojini,Hostel,0,0,0,0,0,0,392.41,161,36.34,None,1,0
S3477,2026-04-29,06:04 PM,Rajendra,Classroom,0,0,0,0,05:54 PM,07:32 PM,246.97,100,10.16,None,1,1
S3478,2026-04-29,09:05 PM,Rajendra,Library,0,0,08:46 PM,09:50 PM,08:26 PM,10:11 PM,559.43,151,16.08,None,0,0
S3479,2026-04-20,06:31 PM,Sarojini,Library,0,0,06:30 PM,09:20 PM,06:16 PM,10:09 PM,941.46,40,14.88,None,0,0
S3480,2026-04-04,04:57 PM,Sarojini,Hostel,0,0,0,0,0,0,302.32,61,22.09,None,0,0
S3481,2026-04-09,08:27 PM,Yamuna,Library,0,0,07:48 PM,09:36 PM,07:25 PM,10:16 PM,960.22,72,19.25,None,0,0
S3482,2026-04-29,01:29 PM,Ganga,Library,0,0,12:58 PM,01:36 PM,12:38 PM,01:58 PM,737.81,130,30.84,None,1,0
S3483,2026-04-25,08:11 AM,Rajendra,Mess,07:55 AM,08:19 AM,0,0,0,0,334.61,157,39.4,Breakfast,0,0
S3484,2026-04-22,06:04 PM,Rajendra,Library,0,0,05:18 PM,06:14 PM,05:11 PM,07:00 PM,877.72,123,18.8,None,0,0
S3485,2026-04-28,05:49 AM,Ganga,Hostel,0,0,0,0,0,0,165.4,51,23.3,None,0,0
S3486,2026-04-07,10:03 PM,Sarojini,Mess,09:52 PM,10:17 PM,0,0,0,0,527.62,13,25.36,Dinner,0,0
S3487,2026-04-18,12:32 PM,Yamuna,Mess,12:19 PM,12:50 PM,0,0,0,0,394.12,158,58.62,Lunch,1,0
S3488,2026-04-09,10:27 PM,Rajendra,Library,0,0,09:03 PM,10:30 PM,08:41 PM,11:23 PM,708.26,57,13.65,None,0,0
S3489,2026-04-05,08:24 PM,Sarojini,Hostel,0,0,0,0,0,0,1226.02,97,35.89,None,0,0
S3490,2026-04-09,01:24 AM,Yamuna,Hostel,0,0,0,0,0,0,126.42,126,32.18,None,0,0
S3491,2026-04-02,05:27 PM,Sarojini,Library,0,0,04:29 PM,05:48 PM,04:17 PM,06:48 PM,839.2,92,17.35,None,0,0
S3492,2026-04-19,05:50 PM,Sarojini,Outside,0,0,0,0,03:53 PM,06:59 PM,225.08,44,5.28,None,0,0
S3493,2026-04-17,04:04 PM,Sarojini,Library,0,0,03:58 PM,05:03 PM,03:36 PM,05:21 PM,751.46,163,30.26,None,0,0
S3494,2026-04-06,02:11 PM,Azad,Classroom,0,0,0,0,01:43 PM,03:14 PM,147.93,173,16.15,None,1,0
S3495,2026-04-23,03:18 PM,Rajendra,Classroom,0,0,0,0,03:06 PM,03:50 PM,144.07,15,2.02,None,1,0
S3496,2026-04-06,12:25 PM,Sarojini,Library,0,0,11:15 AM,12:37 PM,10:57 AM,01:17 PM,833.23,68,12.4,None,1,0
S3497,2026-04-25,08:47 PM,Yamuna,Mess,08:17 PM,09:06 PM,0,0,0,0,628.83,77,33.89,Dinner,0,0
S3498,2026-04-10,03:54 AM,Rajendra,Outside,0,0,0,0,02:44 AM,06:25 AM,365.94,147,17.86,None,0,0
S3499,2026-04-16,12:09 PM,Azad,Hostel,0,0,0,0,0,0,392.14,188,44.43,None,1,0
S3500,2026-04-06,01:26 PM,Rajendra,Mess,12:36 PM,01:36 PM,0,0,0,0,437.45,172,56.95,Lunch,1,0
S3501,2026-04-24,08:57 AM,Azad,Mess,08:35 AM,09:04 AM,0,0,0,0,493.37,150,40.2,Breakfast,0,0
S3502,2026-04-22,06:41 PM,Ganga,Hostel,0,0,0,0,0,0,221.25,35,19.6,None,0,0
S3503,2026-04-11,10:27 AM,Rajendra,Outside,0,0,0,0,09:40 AM,01:24 PM,245.09,117,7.05,None,1,1
S3504,2026-04-09,07:31 PM,Ganga,Library,0,0,07:10 PM,09:02 PM,07:01 PM,09:53 PM,777.56,159,33.01,None,0,0
S3505,2026-04-24,01:00 PM,Ganga,Mess,12:35 PM,01:10 PM,0,0,0,0,345.16,26,26.65,Lunch,1,0
S3506,2026-04-07,04:07 PM,Yamuna,Classroom,0,0,0,0,03:43 PM,04:49 PM,199.67,66,6.89,None,1,1
S3507,2026-04-02,10:55 AM,Rajendra,Library,0,0,10:05 AM,11:17 AM,09:44 AM,12:09 PM,842.45,195,26.44,None,1,1
S3508,2026-04-26,02:11 PM,Sarojini,Mess,02:04 PM,02:32 PM,0,0,0,0,588.65,49,33.92,Lunch,1,0
S3509,2026-04-15,01:03 PM,Sarojini,Mess,12:50 PM,01:46 PM,0,0,0,0,325.51,190,59.29,Lunch,0,0
S3510,2026-04-25,05:55 PM,Sarojini,Library,0,0,05:05 PM,07:33 PM,04:53 PM,08:23 PM,774.84,168,25.2,None,0,0
S3511,2026-04-12,08:07 PM,Rajendra,Library,0,0,07:54 PM,09:15 PM,07:35 PM,10:01 PM,557.79,35,11.18,None,0,0
S3512,2026-04-19,06:00 AM,Yamuna,Outside,0,0,0,0,05:29 AM,08:04 AM,150.06,49,2.7,None,0,0
S3513,2026-05-01,11:41 AM,Rajendra,Library,0,0,11:06 AM,11:49 AM,10:50 AM,12:42 PM,711.41,180,30.61,None,1,0
S3514,2026-04-09,05:38 PM,Rajendra,Outside,0,0,0,0,04:43 PM,07:20 PM,351.51,66,9.81,None,0,0
S3515,2026-04-19,07:42 PM,Azad,Library,0,0,07:10 PM,08:23 PM,06:43 PM,08:37 PM,647.55,161,32.27,None,0,0
S3516,2026-04-29,08:55 AM,Ganga,Mess,08:39 AM,09:35 AM,0,0,0,0,403.73,159,47.77,Breakfast,0,0
S3517,2026-05-01,05:31 PM,Yamuna,Library,0,0,05:20 PM,06:53 PM,05:12 PM,07:30 PM,820.2,30,15.55,None,0,0
S3518,2026-04-26,11:09 AM,Ganga,Library,0,0,09:00 AM,11:48 AM,08:33 AM,12:02 PM,525.22,137,29.43,None,1,0
S3519,2026-04-10,07:37 PM,Sarojini,Library,0,0,06:40 PM,08:12 PM,06:30 PM,08:55 PM,705.94,17,8.98,None,0,0
S3520,2026-04-15,01:44 PM,Ganga,Classroom,0,0,0,0,01:29 PM,03:31 PM,226.56,65,9.2,None,1,0
S3521,2026-04-29,12:45 PM,Azad,Classroom,0,0,0,0,12:30 PM,02:01 PM,352.86,177,19.13,None,1,0
S3522,2026-04-11,03:45 PM,Ganga,Library,0,0,03:43 PM,05:50 PM,03:15 PM,06:10 PM,653.47,156,22.0,None,0,0
S3523,2026-04-19,08:46 PM,Rajendra,Mess,08:07 PM,08:52 PM,0,0,0,0,268.31,141,45.89,Dinner,0,0
S3524,2026-04-13,01:09 PM,Ganga,Library,0,0,01:02 PM,01:42 PM,12:32 PM,02:19 PM,448.34,160,31.64,None,1,0
S3525,2026-04-07,04:07 PM,Yamuna,Hostel,0,0,0,0,0,0,377.54,196,40.29,None,0,0
S3526,2026-04-17,03:14 AM,Sarojini,Outside,0,0,0,0,01:52 AM,05:41 AM,301.36,70,9.18,None,0,0
S3527,2026-04-26,08:49 PM,Azad,Mess,08:05 PM,08:53 PM,0,0,0,0,365.72,151,57.83,Dinner,0,0
S3528,2026-04-09,08:49 PM,Sarojini,Mess,08:16 PM,09:03 PM,0,0,0,0,286.0,174,62.38,Dinner,0,0
S3529,2026-04-28,09:57 PM,Sarojini,Library,0,0,09:53 PM,10:50 PM,09:45 PM,11:22 PM,892.71,146,28.62,None,0,0
S3530,2026-04-10,01:53 PM,Azad,Library,0,0,01:27 PM,02:14 PM,01:22 PM,03:09 PM,948.27,134,28.95,None,0,0
S3531,2026-04-14,01:25 PM,Ganga,Library,0,0,01:25 PM,02:02 PM,12:57 PM,02:12 PM,781.84,60,12.98,None,0,0
S3532,2026-04-30,09:27 PM,Rajendra,Outside,0,0,0,0,08:49 PM,10:54 PM,332.25,176,22.5,None,0,0
S3533,2026-04-22,12:18 PM,Azad,Library,0,0,12:17 PM,12:49 PM,11:52 AM,01:26 PM,558.35,133,22.74,None,0,0
S3534,2026-04-14,08:49 AM,Azad,Mess,08:24 AM,08:54 AM,0,0,0,0,510.56,198,46.02,Breakfast,0,0
S3535,2026-04-09,09:32 AM,Yamuna,Mess,09:23 AM,10:02 AM,0,0,0,0,594.97,26,35.58,Breakfast,0,0
S3536,2026-05-01,11:06 AM,Rajendra,Classroom,0,0,0,0,10:53 AM,11:46 AM,135.36,189,10.11,None,1,0
S3537,2026-04-03,01:17 PM,Azad,Mess,01:07 PM,01:54 PM,0,0,0,0,439.61,34,32.67,Lunch,0,0
S3538,2026-04-25,04:30 AM,Sarojini,Outside,0,0,0,0,03:52 AM,06:06 AM,123.56,125,9.11,None,0,0
S3539,2026-04-28,02:49 PM,Yamuna,Library,0,0,02:27 PM,03:27 PM,02:15 PM,04:03 PM,911.97,196,25.37,None,0,0
S3540,2026-05-01,02:42 PM,Yamuna,Mess,02:25 PM,02:57 PM,0,0,0,0,478.42,118,27.29,Lunch,1,0
S3541,2026-04-13,10:22 PM,Sarojini,Library,0,0,09:05 PM,10:23 PM,08:53 PM,10:55 PM,711.97,198,29.06,None,0,0
S3542,2026-04-20,07:24 PM,Ganga,Library,0,0,07:01 PM,09:14 PM,06:48 PM,10:07 PM,969.26,174,25.66,None,0,0
S3543,2026-04-20,12:53 PM,Ganga,Mess,12:35 PM,01:16 PM,0,0,0,0,428.2,56,40.7,Lunch,0,0
S3544,2026-04-25,04:43 PM,Azad,Classroom,0,0,0,0,04:30 PM,06:26 PM,171.39,191,15.66,None,1,1
S3545,2026-04-11,08:56 PM,Rajendra,Mess,08:37 PM,09:36 PM,0,0,0,0,421.98,78,41.14,Dinner,0,0
S3546,2026-04-25,08:56 PM,Ganga,Mess,08:41 PM,09:15 PM,0,0,0,0,336.79,133,44.21,Dinner,0,0
S3547,2026-04-02,01:23 PM,Ganga,Library,0,0,01:22 PM,02:02 PM,01:08 PM,02:37 PM,829.79,118,17.8,None,1,0
S3548,2026-04-09,04:57 PM,Rajendra,Outside,0,0,0,0,03:46 PM,07:00 PM,389.35,157,18.52,None,1,1
S3549,2026-04-02,10:32 AM,Yamuna,Mess,09:48 AM,10:39 AM,0,0,0,0,432.67,182,31.56,Breakfast,1,1
S3550,2026-04-23,11:27 AM,Yamuna,Classroom,0,0,0,0,11:04 AM,12:18 PM,126.13,13,0.91,None,1,0
S3551,2026-04-18,09:22 PM,Azad,Library,0,0,07:28 PM,09:26 PM,07:00 PM,10:17 PM,789.58,120,12.03,None,0,0
S3552,2026-04-26,03:55 AM,Sarojini,Outside,0,0,0,0,02:06 AM,06:22 AM,332.69,158,15.1,None,0,0
S3553,2026-04-21,09:06 AM,Yamuna,Classroom,0,0,0,0,08:52 AM,10:28 AM,146.94,198,20.12,None,1,1
S3554,2026-04-25,05:54 AM,Sarojini,Outside,0,0,0,0,05:05 AM,07:44 AM,189.66,152,19.15,None,0,0
S3555,2026-04-11,09:00 AM,Ganga,Mess,08:39 AM,09:39 AM,0,0,0,0,408.63,172,40.5,Breakfast,1,1
S3556,2026-04-01,10:22 PM,Rajendra,Hostel,0,0,0,0,0,0,986.56,22,25.87,None,0,0
S3557,2026-04-05,06:44 AM,Sarojini,Outside,0,0,0,0,05:50 AM,08:00 AM,139.7,21,2.8,None,0,0
S3558,2026-04-08,04:13 PM,Ganga,Classroom,0,0,0,0,03:52 PM,05:22 PM,167.52,193,17.21,None,1,1
S3559,2026-04-19,08:19 PM,Sarojini,Outside,0,0,0,0,06:29 PM,10:50 PM,313.36,123,15.67,None,0,0
S3560,2026-04-09,03:23 PM,Rajendra,Outside,0,0,0,0,01:39 PM,05:43 PM,176.98,24,3.56,None,1,0
S3561,2026-04-02,08:07 PM,Yamuna,Mess,08:01 PM,08:25 PM,0,0,0,0,355.97,117,36.37,Dinner,0,0
S3562,2026-04-21,08:23 PM,Ganga,Mess,08:15 PM,08:40 PM,0,0,0,0,538.67,109,47.68,Dinner,0,0
S3563,2026-04-21,09:02 PM,Yamuna,Library,0,0,08:46 PM,09:56 PM,08:32 PM,10:20 PM,876.14,171,20.4,None,0,0
S3564,2026-04-05,07:13 AM,Yamuna,Outside,0,0,0,0,05:37 AM,08:54 AM,206.42,76,9.14,None,0,0
S3565,2026-04-19,07:25 AM,Ganga,Outside,0,0,0,0,06:03 AM,09:43 AM,316.4,36,4.62,None,0,0
S3566,2026-04-07,01:12 PM,Sarojini,Mess,12:42 PM,01:24 PM,0,0,0,0,615.29,152,46.07,Lunch,1,0
S3567,2026-04-03,04:27 PM,Sarojini,Library,0,0,04:02 PM,05:36 PM,03:57 PM,06:34 PM,751.38,62,11.2,None,0,0
S3568,2026-04-06,02:16 AM,Sarojini,Hostel,0,0,0,0,0,0,245.61,167,39.75,None,0,0
S3569,2026-04-23,11:10 PM,Yamuna,Library,0,0,08:59 PM,11:59 PM,08:32 PM,11:59 PM,626.34,116,27.37,None,0,0
S3570,2026-04-23,01:01 PM,Yamuna,Mess,12:29 PM,01:03 PM,0,0,0,0,407.59,85,50.4,Lunch,0,0
S3571,2026-04-03,12:12 AM,Azad,Outside,0,0,0,0,0,01:38 AM,269.02,185,20.27,None,0,0
S3572,2026-04-08,11:37 AM,Rajendra,Classroom,0,0,0,0,11:01 AM,01:03 PM,220.07,135,12.81,None,1,0
S3573,2026-04-02,11:12 AM,Rajendra,Library,0,0,11:02 AM,12:48 PM,10:39 AM,01:15 PM,677.43,109,24.77,None,1,0
S3574,2026-04-11,01:06 PM,Sarojini,Mess,12:58 PM,01:21 PM,0,0,0,0,456.69,26,40.87,Lunch,0,0
S3575,2026-04-16,07:10 AM,Ganga,Hostel,0,0,0,0,0,0,342.35,132,36.36,None,0,0
S3576,2026-04-05,02:47 PM,Sarojini,Mess,02:25 PM,02:58 PM,0,0,0,0,363.63,188,39.78,Lunch,0,0
S3577,2026-04-16,11:22 AM,Ganga,Library,0,0,09:28 AM,11:58 AM,09:02 AM,12:26 PM,508.29,72,16.41,None,0,0
S3578,2026-04-04,10:17 AM,Ganga,Library,0,0,10:09 AM,11:24 AM,09:43 AM,11:36 AM,733.76,104,22.06,None,0,0
S3579,2026-04-25,02:34 PM,Yamuna,Library,0,0,01:14 PM,03:07 PM,01:05 PM,03:35 PM,798.73,138,16.67,None,0,0
S3580,2026-04-17,01:31 PM,Ganga,Mess,01:24 PM,02:07 PM,0,0,0,0,438.83,105,45.8,Lunch,1,0
S3581,2026-04-25,01:30 PM,Sarojini,Library,0,0,01:11 PM,03:01 PM,12:54 PM,03:55 PM,828.0,87,25.2,None,1,0
S3582,2026-04-13,07:45 AM,Sarojini,Outside,0,0,0,0,05:53 AM,10:01 AM,174.17,152,18.37,None,0,0
S3583,2026-04-28,06:34 PM,Ganga,Library,0,0,05:26 PM,07:05 PM,05:03 PM,07:34 PM,687.92,200,33.33,None,0,0
S3584,2026-04-16,12:57 PM,Rajendra,Hostel,0,0,0,0,0,0,367.45,142,28.11,None,0,0
S3585,2026-04-30,10:21 AM,Azad,Mess,09:51 AM,10:31 AM,0,0,0,0,363.69,83,42.57,Breakfast,0,0
S3586,2026-04-01,05:27 PM,Sarojini,Classroom,0,0,0,0,04:54 PM,06:29 PM,269.86,54,7.66,None,1,1
S3587,2026-04-11,01:18 PM,Rajendra,Library,0,0,12:57 PM,02:23 PM,12:50 PM,03:11 PM,826.74,129,22.94,None,1,0
S3588,2026-04-01,10:07 PM,Yamuna,Hostel,0,0,0,0,0,0,1050.36,21,16.86,None,0,0
S3589,2026-04-30,11:35 AM,Yamuna,Library,0,0,11:33 AM,12:20 PM,11:14 AM,12:32 PM,617.63,168,28.87,None,1,0
S3590,2026-04-05,02:19 AM,Ganga,Outside,0,0,0,0,01:45 AM,04:06 AM,167.9,78,6.38,None,0,0
S3591,2026-04-24,06:46 PM,Azad,Outside,0,0,0,0,05:33 PM,08:44 PM,187.83,190,14.31,None,0,0
S3592,2026-04-21,01:30 PM,Yamuna,Outside,0,0,0,0,11:56 AM,02:42 PM,169.93,15,2.0,None,1,0
S3593,2026-04-26,08:08 PM,Rajendra,Library,0,0,06:24 PM,09:05 PM,06:00 PM,09:38 PM,817.59,170,28.41,None,0,0
S3594,2026-04-25,02:21 PM,Rajendra,Library,0,0,02:15 PM,03:49 PM,01:59 PM,04:14 PM,688.11,134,24.77,None,1,0
S3595,2026-04-16,07:52 PM,Sarojini,Mess,07:34 PM,07:58 PM,0,0,0,0,469.48,187,43.61,Dinner,0,0
S3596,2026-04-03,04:18 PM,Yamuna,Library,0,0,03:13 PM,05:02 PM,02:59 PM,05:30 PM,731.42,176,31.67,None,0,0
S3597,2026-04-07,04:12 PM,Ganga,Library,0,0,03:21 PM,05:31 PM,03:14 PM,06:31 PM,658.2,82,15.56,None,0,0
S3598,2026-04-24,08:10 AM,Yamuna,Mess,07:41 AM,08:27 AM,0,0,0,0,501.78,81,36.73,Breakfast,0,0
S3599,2026-04-08,09:13 PM,Yamuna,Mess,08:52 PM,09:32 PM,0,0,0,0,490.96,175,47.71,Dinner,0,0
S3600,2026-04-19,09:08 PM,Sarojini,Library,0,0,08:34 PM,09:08 PM,08:19 PM,09:31 PM,957.18,130,33.78,None,0,0
S3601,2026-04-03,09:35 AM,Azad,Classroom,0,0,0,0,09:08 AM,10:16 AM,235.97,162,18.86,None,1,1
S3602,2026-04-09,01:33 PM,Ganga,Library,0,0,12:42 PM,03:16 PM,12:22 PM,03:34 PM,887.8,154,19.31,None,0,0
S3603,2026-04-06,02:16 PM,Ganga,Library,0,0,02:12 PM,04:14 PM,01:45 PM,04:26 PM,755.61,84,20.62,None,1,0
S3604,2026-04-10,02:01 PM,Ganga,Mess,01:28 PM,02:13 PM,0,0,0,0,386.73,183,53.2,Lunch,0,0
S3605,2026-04-08,07:08 AM,Rajendra,Mess,07:05 AM,07:29 AM,0,0,0,0,687.75,58,41.44,Breakfast,0,0
S3606,2026-04-30,09:48 AM,Azad,Mess,09:41 AM,10:02 AM,0,0,0,0,295.7,61,33.48,Breakfast,1,1
S3607,2026-04-20,10:01 PM,Azad,Mess,09:38 PM,10:16 PM,0,0,0,0,650.06,72,29.43,Dinner,0,0
S3608,2026-04-21,09:59 AM,Rajendra,Mess,09:50 AM,10:40 AM,0,0,0,0,650.23,80,45.05,Breakfast,0,0
S3609,2026-04-01,09:07 AM,Rajendra,Mess,08:39 AM,09:17 AM,0,0,0,0,612.26,198,45.65,Breakfast,1,1
S3610,2026-04-01,08:10 AM,Yamuna,Classroom,0,0,0,0,07:49 AM,09:51 AM,299.17,69,8.33,None,1,1
S3611,2026-04-22,05:46 AM,Rajendra,Outside,0,0,0,0,04:21 AM,06:50 AM,101.04,55,7.33,None,0,0
S3612,2026-04-26,03:17 PM,Sarojini,Library,0,0,02:26 PM,03:23 PM,02:03 PM,04:03 PM,896.25,185,28.79,None,1,0
S3613,2026-04-15,09:07 PM,Ganga,Mess,08:55 PM,09:41 PM,0,0,0,0,620.42,85,45.46,Dinner,0,0
S3614,2026-04-16,07:37 AM,Rajendra,Mess,07:32 AM,07:55 AM,0,0,0,0,357.18,109,45.23,Breakfast,0,0
S3615,2026-04-18,06:00 PM,Ganga,Library,0,0,05:51 PM,06:59 PM,05:43 PM,07:58 PM,467.84,81,20.31,None,0,0
S3616,2026-04-08,07:11 AM,Yamuna,Mess,07:03 AM,07:48 AM,0,0,0,0,423.96,181,32.24,Breakfast,0,0
S3617,2026-04-18,12:18 PM,Sarojini,Mess,12:10 PM,01:05 PM,0,0,0,0,426.64,114,47.44,Lunch,0,0
S3618,2026-04-21,12:43 PM,Yamuna,Library,0,0,10:19 AM,01:18 PM,10:02 AM,02:11 PM,683.54,115,28.7,None,1,0
S3619,2026-04-29,04:44 AM,Yamuna,Outside,0,0,0,0,03:43 AM,07:16 AM,151.41,62,7.24,None,0,0
S3620,2026-04-20,08:33 PM,Ganga,Library,0,0,08:06 PM,10:22 PM,07:54 PM,10:40 PM,790.12,145,22.81,None,0,0
S3621,2026-04-03,10:09 PM,Rajendra,Mess,09:26 PM,10:18 PM,0,0,0,0,281.68,41,30.49,Dinner,0,0
S3622,2026-04-25,06:46 AM,Azad,Outside,0,0,0,0,04:54 AM,08:13 AM,206.71,194,14.17,None,0,0
S3623,2026-04-06,04:48 PM,Sarojini,Library,0,0,04:06 PM,06:52 PM,03:57 PM,07:32 PM,674.87,57,21.83,None,1,1
S3624,2026-04-19,07:59 PM,Rajendra,Mess,07:52 PM,08:17 PM,0,0,0,0,356.8,124,45.79,Dinner,0,0
S3625,2026-04-19,05:41 AM,Sarojini,Outside,0,0,0,0,04:43 AM,07:41 AM,322.27,125,17.48,None,0,0
S3626,2026-04-27,03:38 PM,Rajendra,Library,0,0,01:13 PM,03:40 PM,01:01 PM,04:34 PM,910.24,135,18.58,None,0,0
S3627,2026-04-29,03:15 PM,Ganga,Library,0,0,02:39 PM,04:36 PM,02:10 PM,05:25 PM,654.39,172,28.01,None,1,0
S3628,2026-04-26,07:46 AM,Sarojini,Mess,07:36 AM,07:56 AM,0,0,0,0,570.96,191,45.09,Breakfast,0,0
S3629,2026-04-11,02:09 PM,Ganga,Mess,01:31 PM,02:09 PM,0,0,0,0,611.85,117,35.52,Lunch,1,0
S3630,2026-04-05,09:03 PM,Azad,Outside,0,0,0,0,08:10 PM,11:18 PM,216.77,138,19.7,None,0,0
S3631,2026-04-07,08:09 PM,Sarojini,Outside,0,0,0,0,07:25 PM,10:18 PM,390.95,75,4.48,None,0,0
S3632,2026-04-25,06:23 PM,Ganga,Classroom,0,0,0,0,05:46 PM,07:12 PM,375.78,42,2.93,None,1,1
S3633,2026-04-10,09:56 PM,Yamuna,Outside,0,0,0,0,08:15 PM,11:29 PM,376.43,71,6.51,None,0,0
S3634,2026-04-12,03:28 AM,Rajendra,Hostel,0,0,0,0,0,0,314.86,122,26.66,None,0,0
S3635,2026-04-15,06:53 AM,Azad,Hostel,0,0,0,0,0,0,275.52,198,44.42,None,0,0
S3636,2026-04-19,08:38 PM,Azad,Hostel,0,0,0,0,0,0,1155.74,94,19.86,None,0,0
S3637,2026-04-03,09:33 PM,Sarojini,Mess,09:11 PM,09:33 PM,0,0,0,0,573.64,47,35.71,Dinner,0,0
S3638,2026-04-27,01:20 PM,Sarojini,Hostel,0,0,0,0,0,0,263.57,164,35.01,None,0,0
S3639,2026-04-25,07:50 AM,Rajendra,Mess,07:27 AM,08:00 AM,0,0,0,0,458.43,143,38.71,Breakfast,0,0
S3640,2026-04-21,04:32 PM,Ganga,Library,0,0,03:15 PM,04:43 PM,03:10 PM,05:19 PM,716.46,115,16.18,None,1,1
S3641,2026-04-21,08:05 AM,Ganga,Mess,07:50 AM,08:25 AM,0,0,0,0,578.24,108,47.42,Breakfast,0,0
S3642,2026-04-16,12:36 PM,Sarojini,Mess,12:13 PM,12:46 PM,0,0,0,0,431.86,30,29.45,Lunch,1,0
S3643,2026-04-04,02:05 PM,Azad,Library,0,0,01:55 PM,03:10 PM,01:45 PM,03:30 PM,515.78,124,22.81,None,0,0
S3644,2026-04-14,05:42 AM,Azad,Hostel,0,0,0,0,0,0,349.93,57,23.1,None,0,0
S3645,2026-04-18,08:34 PM,Ganga,Mess,08:18 PM,08:55 PM,0,0,0,0,339.52,123,37.73,Dinner,0,0
S3646,2026-04-06,04:09 PM,Sarojini,Library,0,0,02:52 PM,04:10 PM,02:39 PM,04:38 PM,609.63,12,11.13,None,0,0
S3647,2026-04-20,09:42 AM,Ganga,Mess,09:31 AM,10:22 AM,0,0,0,0,319.02,136,43.97,Breakfast,1,1
S3648,2026-05-01,08:51 AM,Azad,Hostel,0,0,0,0,0,0,399.12,153,32.16,None,0,0
S3649,2026-04-09,09:57 PM,Ganga,Mess,09:52 PM,10:34 PM,0,0,0,0,472.04,112,33.82,Dinner,0,0
S3650,2026-04-11,10:52 PM,Azad,Library,0,0,09:02 PM,11:01 PM,08:54 PM,11:26 PM,791.62,49,14.25,None,0,0
S3651,2026-04-12,04:33 PM,Ganga,Library,0,0,03:44 PM,05:04 PM,03:25 PM,05:22 PM,659.04,42,11.89,None,0,0
S3652,2026-04-10,09:16 PM,Rajendra,Library,0,0,08:12 PM,09:38 PM,07:42 PM,10:15 PM,787.63,195,33.86,None,0,0
S3653,2026-04-04,08:41 AM,Ganga,Mess,07:52 AM,08:49 AM,0,0,0,0,410.88,86,40.41,Breakfast,0,0
S3654,2026-05-01,04:41 PM,Yamuna,Library,0,0,04:13 PM,05:14 PM,03:51 PM,05:52 PM,639.18,21,10.65,None,0,0
S3655,2026-04-18,09:27 PM,Ganga,Mess,09:06 PM,09:36 PM,0,0,0,0,402.23,134,35.93,Dinner,0,0
S3656,2026-04-13,04:43 AM,Yamuna,Outside,0,0,0,0,02:45 AM,07:31 AM,274.27,98,9.5,None,0,0
S3657,2026-04-13,05:58 AM,Rajendra,Hostel,0,0,0,0,0,0,368.52,137,34.38,None,0,0
S3658,2026-04-25,07:50 PM,Ganga,Hostel,0,0,0,0,0,0,322.02,105,22.55,None,0,0
S3659,2026-04-18,04:45 AM,Yamuna,Outside,0,0,0,0,02:48 AM,06:59 AM,266.73,24,3.47,None,0,0
S3660,2026-04-12,08:21 PM,Sarojini,Library,0,0,08:01 PM,09:45 PM,07:55 PM,10:06 PM,657.38,198,28.81,None,0,0
S3661,2026-04-25,08:39 PM,Sarojini,Mess,08:35 PM,09:02 PM,0,0,0,0,425.37,19,38.22,Dinner,0,0
S3662,2026-04-13,08:27 AM,Ganga,Mess,07:57 AM,08:30 AM,0,0,0,0,513.66,153,57.81,Breakfast,0,0
S3663,2026-04-12,07:36 PM,Ganga,Mess,07:26 PM,08:26 PM,0,0,0,0,449.67,86,35.61,Dinner,0,0
S3664,2026-04-10,03:04 PM,Ganga,Library,0,0,01:46 PM,03:38 PM,01:38 PM,03:55 PM,754.09,106,16.04,None,1,0
S3665,2026-04-09,08:30 PM,Rajendra,Mess,08:17 PM,08:47 PM,0,0,0,0,456.06,91,33.41,Dinner,0,0
S3666,2026-04-01,07:51 PM,Ganga,Mess,07:46 PM,08:13 PM,0,0,0,0,444.96,158,28.5,Dinner,0,0
S3667,2026-04-18,08:32 PM,Yamuna,Library,0,0,07:41 PM,08:45 PM,07:36 PM,09:04 PM,1018.08,23,9.95,None,0,0
S3668,2026-04-30,05:46 PM,Ganga,Library,0,0,04:25 PM,06:23 PM,04:17 PM,06:58 PM,898.7,139,29.94,None,0,0
S3669,2026-04-25,02:54 AM,Sarojini,Outside,0,0,0,0,12:56 AM,05:26 AM,327.42,162,8.59,None,0,0
S3670,2026-04-05,08:36 AM,Rajendra,Classroom,0,0,0,0,08:14 AM,09:24 AM,307.75,64,6.27,None,1,1
S3671,2026-04-22,05:03 PM,Sarojini,Hostel,0,0,0,0,0,0,220.13,52,25.4,None,0,0
S3672,2026-04-21,11:14 PM,Sarojini,Outside,0,0,0,0,10:27 PM,11:59 PM,288.03,148,8.07,None,0,0
S3673,2026-04-18,07:24 PM,Rajendra,Mess,07:22 PM,07:47 PM,0,0,0,0,661.38,34,43.9,Dinner,0,0
S3674,2026-04-25,08:59 PM,Azad,Library,0,0,08:24 PM,11:02 PM,08:19 PM,11:19 PM,864.05,73,17.65,None,0,0
S3675,2026-04-28,01:04 PM,Yamuna,Library,0,0,12:39 PM,03:00 PM,12:13 PM,03:27 PM,531.6,51,16.8,None,0,0
S3676,2026-04-09,05:29 AM,Azad,Hostel,0,0,0,0,0,0,267.67,171,48.09,None,0,0
S3677,2026-04-14,09:30 PM,Yamuna,Mess,09:08 PM,09:48 PM,0,0,0,0,431.9,59,32.96,Dinner,0,0
S3678,2026-04-06,07:48 AM,Sarojini,Outside,0,0,0,0,07:11 AM,10:31 AM,141.0,59,6.9,None,0,0
S3679,2026-04-12,08:29 PM,Azad,Mess,08:12 PM,09:03 PM,0,0,0,0,475.3,53,25.59,Dinner,0,0
S3680,2026-04-19,10:34 PM,Ganga,Library,0,0,10:12 PM,11:21 PM,10:05 PM,11:47 PM,679.44,175,31.91,None,0,0
S3681,2026-04-23,09:47 AM,Yamuna,Mess,09:19 AM,10:12 AM,0,0,0,0,556.42,101,33.84,Breakfast,0,0
S3682,2026-04-18,02:05 PM,Rajendra,Mess,02:00 PM,02:57 PM,0,0,0,0,479.22,117,43.94,Lunch,1,0
S3683,2026-04-20,03:32 PM,Ganga,Library,0,0,02:38 PM,04:57 PM,02:12 PM,05:40 PM,765.29,102,16.6,None,0,0
S3684,2026-04-03,04:49 PM,Yamuna,Classroom,0,0,0,0,04:30 PM,05:46 PM,285.55,92,4.83,None,1,1
S3685,2026-04-01,03:38 PM,Yamuna,Library,0,0,03:14 PM,05:59 PM,03:03 PM,06:24 PM,692.58,53,14.39,None,0,0
S3686,2026-04-22,02:31 PM,Rajendra,Mess,01:48 PM,02:44 PM,0,0,0,0,279.24,112,45.46,Lunch,0,0
S3687,2026-04-04,09:32 AM,Azad,Mess,09:05 AM,09:44 AM,0,0,0,0,522.32,110,44.0,Breakfast,0,0
S3688,2026-04-30,11:22 AM,Azad,Library,0,0,09:25 AM,11:59 AM,09:13 AM,12:21 PM,644.24,41,9.37,None,1,0
S3689,2026-04-15,02:27 PM,Sarojini,Mess,01:40 PM,02:40 PM,0,0,0,0,380.56,69,43.38,Lunch,1,0
S3690,2026-04-03,07:17 AM,Azad,Hostel,0,0,0,0,0,0,364.89,53,16.72,None,0,0
S3691,2026-04-14,03:00 PM,Yamuna,Mess,02:40 PM,03:34 PM,0,0,0,0,500.61,42,43.92,Lunch,1,0
S3692,2026-04-27,08:17 AM,Ganga,Mess,07:26 AM,08:23 AM,0,0,0,0,544.05,117,31.74,Breakfast,0,0
S3693,2026-04-27,01:38 PM,Sarojini,Mess,01:11 PM,02:03 PM,0,0,0,0,259.04,147,48.7,Lunch,1,0
S3694,2026-04-14,11:59 AM,Sarojini,Library,0,0,11:54 AM,01:58 PM,11:46 AM,02:36 PM,620.63,128,21.03,None,1,0
S3695,2026-04-29,07:37 AM,Rajendra,Mess,07:25 AM,08:03 AM,0,0,0,0,475.94,91,49.15,Breakfast,0,0
S3696,2026-04-15,10:25 AM,Sarojini,Hostel,0,0,0,0,0,0,105.22,39,17.62,None,1,1
S3697,2026-04-01,03:02 PM,Sarojini,Library,0,0,02:51 PM,04:07 PM,02:34 PM,05:00 PM,635.65,27,10.11,None,0,0
S3698,2026-04-17,08:02 PM,Yamuna,Outside,0,0,0,0,06:38 PM,10:36 PM,126.61,134,9.76,None,0,0
S3699,2026-04-16,01:11 PM,Yamuna,Mess,12:37 PM,01:26 PM,0,0,0,0,629.21,132,43.53,Lunch,1,0
S3700,2026-04-09,03:36 AM,Azad,Outside,0,0,0,0,01:51 AM,06:20 AM,371.76,168,19.57,None,0,0
S3701,2026-04-25,12:49 PM,Sarojini,Library,0,0,12:30 PM,02:52 PM,12:11 PM,03:46 PM,886.25,40,11.17,None,0,0
S3702,2026-05-01,05:08 PM,Rajendra,Library,0,0,04:33 PM,05:44 PM,04:04 PM,06:38 PM,672.99,74,13.88,None,0,0
S3703,2026-04-25,01:10 PM,Yamuna,Mess,12:56 PM,01:17 PM,0,0,0,0,541.62,26,40.96,Lunch,0,0
S3704,2026-04-05,07:29 AM,Ganga,Mess,07:15 AM,07:38 AM,0,0,0,0,448.31,164,47.7,Breakfast,0,0
S3705,2026-04-27,11:37 AM,Azad,Library,0,0,10:31 AM,12:30 PM,10:06 AM,12:40 PM,881.47,138,27.48,None,1,0
S3706,2026-04-05,06:49 AM,Yamuna,Hostel,0,0,0,0,0,0,346.48,184,41.83,None,0,0
S3707,2026-04-05,07:15 PM,Sarojini,Library,0,0,05:12 PM,07:44 PM,04:54 PM,08:23 PM,504.54,156,24.06,None,0,0
S3708,2026-04-27,03:37 AM,Azad,Hostel,0,0,0,0,0,0,390.18,134,26.04,None,0,0
S3709,2026-04-29,10:34 PM,Sarojini,Hostel,0,0,0,0,0,0,1023.4,45,25.55,None,0,0
S3710,2026-04-03,12:32 PM,Azad,Mess,12:26 PM,12:48 PM,0,0,0,0,421.32,94,48.08,Lunch,1,0
S3711,2026-04-08,02:29 AM,Rajendra,Outside,0,0,0,0,12:49 AM,03:45 AM,193.0,75,5.13,None,0,0
S3712,2026-04-27,01:41 PM,Yamuna,Mess,01:15 PM,01:43 PM,0,0,0,0,333.63,41,31.0,Lunch,0,0
S3713,2026-04-12,08:54 PM,Azad,Outside,0,0,0,0,08:20 PM,11:39 PM,247.3,19,2.16,None,0,0
S3714,2026-04-19,03:40 AM,Yamuna,Outside,0,0,0,0,02:08 AM,04:46 AM,359.7,114,12.26,None,0,0
S3715,2026-04-16,06:44 PM,Sarojini,Library,0,0,06:07 PM,06:50 PM,05:56 PM,07:43 PM,532.38,113,28.48,None,0,0
S3716,2026-04-04,07:09 PM,Ganga,Library,0,0,05:55 PM,08:48 PM,05:25 PM,09:26 PM,835.29,118,20.15,None,0,0
S3717,2026-04-02,12:58 PM,Ganga,Mess,12:57 PM,01:40 PM,0,0,0,0,446.71,191,43.37,Lunch,0,0
S3718,2026-04-16,11:27 PM,Yamuna,Outside,0,0,0,0,09:59 PM,11:59 PM,153.13,126,12.67,None,0,0
S3719,2026-04-21,09:58 AM,Ganga,Hostel,0,0,0,0,0,0,332.91,43,18.94,None,0,0
S3720,2026-04-24,06:56 AM,Ganga,Outside,0,0,0,0,05:45 AM,08:55 AM,189.78,186,26.03,None,0,0
S3721,2026-04-12,07:27 PM,Rajendra,Library,0,0,06:13 PM,08:00 PM,05:50 PM,08:47 PM,782.61,122,32.24,None,0,0
S3722,2026-04-22,10:46 AM,Sarojini,Classroom,0,0,0,0,10:22 AM,12:04 PM,118.54,98,10.35,None,1,1
S3723,2026-04-17,12:42 AM,Ganga,Hostel,0,0,0,0,0,0,224.75,152,31.25,None,0,0
S3724,2026-04-20,10:32 AM,Azad,Library,0,0,09:44 AM,10:54 AM,09:24 AM,11:18 AM,871.72,110,22.78,None,1,1
S3725,2026-04-21,03:49 PM,Ganga,Outside,0,0,0,0,01:50 PM,06:49 PM,282.41,103,11.77,None,1,0
S3726,2026-04-14,02:44 PM,Sarojini,Mess,02:29 PM,03:23 PM,0,0,0,0,335.36,132,47.58,Lunch,1,0
S3727,2026-04-28,08:11 AM,Rajendra,Mess,08:04 AM,08:31 AM,0,0,0,0,288.73,34,26.11,Breakfast,0,0
S3728,2026-04-13,03:43 PM,Rajendra,Library,0,0,02:17 PM,04:00 PM,01:54 PM,04:10 PM,644.67,64,16.82,None,1,0
S3729,2026-04-11,11:07 PM,Ganga,Hostel,0,0,0,0,0,0,875.71,68,30.48,None,0,0
S3730,2026-04-04,03:19 PM,Yamuna,Mess,02:52 PM,03:32 PM,0,0,0,0,641.65,162,49.21,Lunch,1,0
S3731,2026-04-04,02:46 PM,Ganga,Mess,02:20 PM,03:20 PM,0,0,0,0,464.75,110,43.73,Lunch,0,0
S3732,2026-04-27,01:27 PM,Sarojini,Classroom,0,0,0,0,12:50 PM,03:01 PM,321.41,78,6.03,None,1,0
S3733,2026-04-22,07:08 PM,Rajendra,Hostel,0,0,0,0,0,0,339.41,141,34.42,None,0,0
S3734,2026-04-24,07:57 PM,Rajendra,Mess,07:47 PM,08:16 PM,0,0,0,0,341.89,95,43.21,Dinner,0,0
S3735,2026-04-26,12:57 PM,Ganga,Mess,12:37 PM,01:33 PM,0,0,0,0,475.59,92,47.73,Lunch,0,0
S3736,2026-04-10,09:27 PM,Rajendra,Library,0,0,07:20 PM,10:08 PM,06:52 PM,11:07 PM,809.06,174,30.0,None,0,0
S3737,2026-04-06,02:16 PM,Rajendra,Outside,0,0,0,0,01:45 PM,03:54 PM,267.56,118,9.08,None,0,0
S3738,2026-04-01,10:28 AM,Azad,Mess,09:48 AM,10:46 AM,0,0,0,0,423.86,200,38.63,Breakfast,1,1
S3739,2026-04-29,12:43 PM,Rajendra,Mess,12:26 PM,12:48 PM,0,0,0,0,359.65,16,32.18,Lunch,1,0
S3740,2026-04-24,07:05 PM,Yamuna,Library,0,0,05:58 PM,08:15 PM,05:41 PM,08:27 PM,835.18,186,27.14,None,0,0
S3741,2026-04-16,10:39 AM,Yamuna,Outside,0,0,0,0,09:56 AM,01:16 PM,266.0,168,14.5,None,1,1
S3742,2026-04-22,04:54 PM,Rajendra,Library,0,0,04:19 PM,06:47 PM,03:50 PM,07:23 PM,637.73,149,28.69,None,0,0
S3743,2026-04-30,10:51 PM,Rajendra,Hostel,0,0,0,0,0,0,1168.24,185,27.35,None,0,0
S3744,2026-04-21,05:59 PM,Ganga,Classroom,0,0,0,0,05:33 PM,06:57 PM,306.18,31,2.91,None,1,1
S3745,2026-04-16,03:50 PM,Rajendra,Hostel,0,0,0,0,0,0,133.99,123,24.17,None,0,0
S3746,2026-04-10,02:32 PM,Azad,Library,0,0,01:01 PM,02:32 PM,12:39 PM,02:56 PM,1018.03,52,10.99,None,0,0
S3747,2026-04-15,03:02 AM,Yamuna,Outside,0,0,0,0,02:11 AM,04:03 AM,190.25,175,15.37,None,0,0
S3748,2026-04-28,03:39 PM,Rajendra,Outside,0,0,0,0,02:21 PM,06:31 PM,227.41,55,6.2,None,1,0
S3749,2026-04-23,08:19 PM,Yamuna,Mess,07:36 PM,08:22 PM,0,0,0,0,403.06,160,42.92,Dinner,0,0
S3750,2026-04-01,09:56 PM,Rajendra,Mess,09:21 PM,10:09 PM,0,0,0,0,553.31,118,49.03,Dinner,0,0
S3751,2026-04-09,09:02 AM,Azad,Mess,08:45 AM,09:11 AM,0,0,0,0,406.0,166,49.78,Breakfast,0,0
S3752,2026-04-07,12:50 AM,Azad,Outside,0,0,0,0,0,03:24 AM,209.85,48,4.2,None,0,0
S3753,2026-04-07,09:01 AM,Azad,Outside,0,0,0,0,07:05 AM,11:52 AM,284.52,37,5.26,None,1,1
S3754,2026-04-12,06:28 PM,Sarojini,Outside,0,0,0,0,05:18 PM,09:06 PM,274.61,110,15.11,None,0,0
S3755,2026-04-16,09:35 AM,Sarojini,Mess,09:25 AM,09:48 AM,0,0,0,0,422.18,163,41.21,Breakfast,0,0
S3756,2026-04-23,09:22 AM,Rajendra,Mess,08:58 AM,09:51 AM,0,0,0,0,531.04,200,49.37,Breakfast,1,1
S3757,2026-04-13,06:56 PM,Yamuna,Library,0,0,06:30 PM,07:55 PM,06:16 PM,08:51 PM,541.93,21,11.3,None,0,0
S3758,2026-04-03,10:29 AM,Azad,Mess,09:56 AM,10:29 AM,0,0,0,0,482.19,142,47.43,Breakfast,1,1
S3759,2026-04-21,07:48 AM,Rajendra,Mess,07:40 AM,08:23 AM,0,0,0,0,299.61,108,35.83,Breakfast,0,0
S3760,2026-04-22,04:56 PM,Rajendra,Classroom,0,0,0,0,04:44 PM,06:54 PM,377.1,105,5.94,None,1,1
S3761,2026-04-29,07:39 PM,Rajendra,Mess,07:36 PM,08:14 PM,0,0,0,0,306.37,21,36.88,Dinner,0,0
S3762,2026-04-06,07:35 AM,Azad,Mess,07:23 AM,07:44 AM,0,0,0,0,391.01,138,47.78,Breakfast,0,0
S3763,2026-04-07,12:36 AM,Ganga,Hostel,0,0,0,0,0,0,265.13,78,26.51,None,0,0
S3764,2026-04-09,09:28 PM,Rajendra,Outside,0,0,0,0,08:19 PM,11:04 PM,193.78,123,12.26,None,0,0
S3765,2026-04-11,08:27 AM,Rajendra,Outside,0,0,0,0,07:56 AM,10:57 AM,265.83,191,23.52,None,0,0
S3766,2026-04-06,01:41 PM,Yamuna,Library,0,0,01:33 PM,03:08 PM,01:05 PM,03:49 PM,448.43,162,25.88,None,1,0
S3767,2026-04-16,02:58 PM,Azad,Mess,02:49 PM,03:16 PM,0,0,0,0,524.88,123,40.39,Lunch,1,0
S3768,2026-04-15,08:35 PM,Yamuna,Mess,07:54 PM,08:36 PM,0,0,0,0,401.31,31,26.16,Dinner,0,0
S3769,2026-04-21,02:02 AM,Sarojini,Hostel,0,0,0,0,0,0,315.37,34,24.98,None,0,0
S3770,2026-04-05,09:37 AM,Rajendra,Mess,09:34 AM,10:23 AM,0,0,0,0,288.85,130,48.15,Breakfast,0,0
S3771,2026-04-22,02:07 PM,Azad,Library,0,0,12:47 PM,03:05 PM,12:21 PM,04:04 PM,639.27,189,38.3,None,0,0
S3772,2026-04-12,04:50 PM,Sarojini,Library,0,0,04:49 PM,05:47 PM,04:25 PM,06:17 PM,888.97,144,15.51,None,1,1
S3773,2026-04-11,06:11 AM,Sarojini,Hostel,0,0,0,0,0,0,272.47,115,30.11,None,0,0
S3774,2026-04-25,02:12 AM,Azad,Hostel,0,0,0,0,0,0,148.47,87,35.78,None,0,0
S3775,2026-04-02,01:54 PM,Yamuna,Library,0,0,01:42 PM,02:37 PM,01:30 PM,03:30 PM,572.8,89,15.38,None,0,0
S3776,2026-04-04,07:36 PM,Yamuna,Hostel,0,0,0,0,0,0,233.62,11,12.5,None,0,0
S3777,2026-04-23,11:45 AM,Ganga,Library,0,0,11:06 AM,12:03 PM,11:00 AM,12:28 PM,799.68,111,22.87,None,0,0
S3778,2026-04-22,11:23 AM,Azad,Library,0,0,10:33 AM,01:28 PM,10:09 AM,02:28 PM,638.55,98,21.82,None,0,0
S3779,2026-04-19,11:52 PM,Azad,Hostel,0,0,0,0,0,0,1017.11,183,38.02,None,0,0
S3780,2026-04-26,11:09 AM,Ganga,Classroom,0,0,0,0,10:33 AM,12:53 PM,224.93,121,10.47,None,1,0
S3781,2026-04-29,08:24 PM,Sarojini,Library,0,0,06:37 PM,09:04 PM,06:27 PM,09:28 PM,785.86,160,29.39,None,0,0
S3782,2026-04-18,09:53 PM,Ganga,Library,0,0,09:48 PM,10:23 PM,09:33 PM,10:47 PM,792.9,172,27.89,None,0,0
S3783,2026-04-30,09:14 PM,Ganga,Library,0,0,09:02 PM,09:49 PM,08:32 PM,10:26 PM,807.76,165,24.03,None,0,0
S3784,2026-04-12,09:22 AM,Yamuna,Library,0,0,09:22 AM,10:23 AM,08:59 AM,10:38 AM,703.1,137,27.85,None,1,1
S3785,2026-04-09,04:59 AM,Yamuna,Hostel,0,0,0,0,0,0,289.04,43,27.43,None,0,0
S3786,2026-04-02,12:30 PM,Azad,Library,0,0,11:00 AM,12:52 PM,10:51 AM,01:30 PM,835.46,106,20.27,None,0,0
S3787,2026-04-19,07:32 AM,Sarojini,Mess,07:07 AM,07:54 AM,0,0,0,0,582.87,124,53.28,Breakfast,0,0
S3788,2026-04-03,05:01 PM,Yamuna,Library,0,0,04:09 PM,05:10 PM,03:46 PM,05:46 PM,674.81,74,11.89,None,0,0
S3789,2026-04-12,07:50 PM,Azad,Library,0,0,06:35 PM,08:26 PM,06:25 PM,09:21 PM,465.82,126,17.88,None,0,0
S3790,2026-04-24,02:40 PM,Sarojini,Mess,02:19 PM,03:15 PM,0,0,0,0,458.04,64,31.45,Lunch,0,0
S3791,2026-04-05,07:22 PM,Ganga,Library,0,0,05:19 PM,07:34 PM,04:52 PM,08:01 PM,653.19,168,20.84,None,0,0
S3792,2026-04-13,11:19 PM,Sarojini,Hostel,0,0,0,0,0,0,781.84,69,27.07,None,0,0
S3793,2026-04-27,12:58 PM,Sarojini,Library,0,0,10:55 AM,01:45 PM,10:32 AM,02:20 PM,753.31,106,15.63,None,0,0
S3794,2026-04-11,10:55 PM,Azad,Library,0,0,08:50 PM,11:32 PM,08:33 PM,11:59 PM,913.11,117,16.24,None,0,0
S3795,2026-04-13,02:32 PM,Yamuna,Library,0,0,01:22 PM,03:06 PM,12:55 PM,03:47 PM,598.77,128,18.73,None,1,0
S3796,2026-04-19,02:26 PM,Yamuna,Mess,02:23 PM,03:06 PM,0,0,0,0,376.47,126,47.3,Lunch,0,0
S3797,2026-04-18,12:37 PM,Rajendra,Outside,0,0,0,0,11:19 AM,02:08 PM,316.35,106,8.43,None,1,0
S3798,2026-04-14,12:58 PM,Rajendra,Library,0,0,12:50 PM,02:20 PM,12:28 PM,03:00 PM,717.31,193,22.41,None,1,0
S3799,2026-04-06,03:09 PM,Yamuna,Mess,02:49 PM,03:34 PM,0,0,0,0,598.82,200,38.86,Lunch,1,0
S3800,2026-05-01,12:39 PM,Ganga,Classroom,0,0,0,0,12:27 PM,01:16 PM,304.84,108,9.22,None,1,0
S3801,2026-04-16,01:49 PM,Rajendra,Hostel,0,0,0,0,0,0,105.0,145,29.67,None,1,0
S3802,2026-04-15,06:14 PM,Rajendra,Library,0,0,05:44 PM,07:53 PM,05:27 PM,08:45 PM,907.0,52,16.41,None,0,0
S3803,2026-04-19,11:10 PM,Azad,Library,0,0,09:18 PM,11:33 PM,09:09 PM,11:59 PM,690.28,51,11.67,None,0,0
S3804,2026-04-24,01:39 AM,Sarojini,Outside,0,0,0,0,12:28 AM,03:53 AM,215.25,161,18.77,None,0,0
S3805,2026-04-26,05:42 PM,Ganga,Library,0,0,04:36 PM,07:11 PM,04:18 PM,07:30 PM,665.31,69,13.95,None,0,0
S3806,2026-04-07,12:23 PM,Yamuna,Library,0,0,11:55 AM,01:22 PM,11:44 AM,01:45 PM,844.66,130,14.38,None,0,0
S3807,2026-04-12,11:56 PM,Azad,Hostel,0,0,0,0,0,0,1398.79,97,24.29,None,0,0
S3808,2026-04-22,02:32 PM,Ganga,Mess,01:43 PM,02:43 PM,0,0,0,0,386.91,115,35.77,Lunch,0,0
S3809,2026-04-23,08:19 AM,Rajendra,Mess,08:02 AM,08:41 AM,0,0,0,0,348.24,123,47.84,Breakfast,0,0
S3810,2026-04-08,06:45 PM,Rajendra,Library,0,0,06:21 PM,09:06 PM,06:15 PM,09:46 PM,787.6,159,19.74,None,0,0
S3811,2026-05-01,03:05 PM,Yamuna,Outside,0,0,0,0,01:32 PM,05:52 PM,265.55,110,13.41,None,1,0
S3812,2026-04-11,09:43 AM,Azad,Library,0,0,09:12 AM,09:57 AM,08:45 AM,10:36 AM,641.1,141,30.81,None,0,0
S3813,2026-04-09,12:37 PM,Ganga,Outside,0,0,0,0,11:02 AM,02:57 PM,128.9,184,26.04,None,0,0
S3814,2026-04-10,08:59 AM,Azad,Mess,08:32 AM,09:12 AM,0,0,0,0,508.95,33,24.91,Breakfast,0,0
S3815,2026-04-21,07:05 AM,Azad,Hostel,0,0,0,0,0,0,148.0,65,21.71,None,0,0
S3816,2026-04-02,09:12 PM,Yamuna,Mess,09:02 PM,09:48 PM,0,0,0,0,342.56,108,35.38,Dinner,0,0
S3817,2026-04-13,09:22 AM,Sarojini,Library,0,0,09:10 AM,11:44 AM,08:51 AM,12:14 PM,927.2,154,27.36,None,0,0
S3818,2026-04-12,04:29 PM,Rajendra,Library,0,0,03:31 PM,04:47 PM,03:21 PM,05:12 PM,867.62,17,8.59,None,0,0
S3819,2026-04-12,06:07 PM,Yamuna,Library,0,0,06:03 PM,09:03 PM,05:57 PM,10:00 PM,846.63,151,22.06,None,0,0
S3820,2026-04-05,12:40 PM,Azad,Classroom,0,0,0,0,12:07 PM,01:44 PM,304.34,73,5.25,None,1,0
S3821,2026-04-12,02:14 PM,Sarojini,Mess,02:13 PM,03:10 PM,0,0,0,0,407.02,171,48.81,Lunch,0,0
S3822,2026-04-13,06:58 AM,Azad,Outside,0,0,0,0,06:16 AM,08:18 AM,226.43,115,11.77,None,0,0
S3823,2026-04-09,08:17 PM,Rajendra,Mess,07:44 PM,08:29 PM,0,0,0,0,466.83,80,34.87,Dinner,0,0
S3824,2026-04-05,06:31 PM,Sarojini,Library,0,0,05:52 PM,06:48 PM,05:36 PM,07:11 PM,517.29,60,12.26,None,0,0
S3825,2026-04-12,12:24 PM,Ganga,Hostel,0,0,0,0,0,0,282.6,64,18.3,None,0,0
S3826,2026-04-06,12:56 PM,Yamuna,Hostel,0,0,0,0,0,0,230.44,23,21.71,None,1,0
S3827,2026-04-21,09:30 PM,Azad,Library,0,0,09:12 PM,10:59 PM,09:06 PM,11:37 PM,483.93,105,28.74,None,0,0
S3828,2026-04-12,11:16 AM,Sarojini,Library,0,0,10:09 AM,11:56 AM,09:47 AM,12:54 PM,551.57,166,29.73,None,0,0
S3829,2026-04-03,11:08 PM,Yamuna,Library,0,0,09:07 PM,11:45 PM,08:47 PM,11:59 PM,930.05,103,21.62,None,0,0
S3830,2026-04-01,09:56 AM,Sarojini,Library,0,0,09:30 AM,10:54 AM,09:00 AM,11:21 AM,720.71,66,14.36,None,0,0
S3831,2026-04-26,06:30 AM,Azad,Outside,0,0,0,0,05:07 AM,08:59 AM,244.21,129,13.05,None,0,0
S3832,2026-04-29,10:52 PM,Yamuna,Outside,0,0,0,0,09:49 PM,11:59 PM,294.92,188,16.72,None,0,0
S3833,2026-04-14,03:06 AM,Azad,Outside,0,0,0,0,02:12 AM,05:20 AM,328.34,19,1.89,None,0,0
S3834,2026-04-15,06:07 PM,Azad,Classroom,0,0,0,0,05:40 PM,07:49 PM,153.89,168,15.41,None,1,1
S3835,2026-04-25,06:01 PM,Yamuna,Library,0,0,05:37 PM,06:45 PM,05:30 PM,07:22 PM,861.17,179,28.79,None,0,0
S3836,2026-04-11,07:57 AM,Yamuna,Mess,07:26 AM,08:07 AM,0,0,0,0,601.27,110,33.94,Breakfast,0,0
S3837,2026-04-13,01:31 PM,Azad,Mess,01:14 PM,01:59 PM,0,0,0,0,425.81,160,50.84,Lunch,1,0
S3838,2026-04-30,02:23 PM,Azad,Mess,02:05 PM,02:30 PM,0,0,0,0,560.34,156,49.49,Lunch,1,0
S3839,2026-04-11,09:29 PM,Rajendra,Mess,09:03 PM,09:57 PM,0,0,0,0,553.35,91,35.37,Dinner,0,0
S3840,2026-04-11,09:35 PM,Azad,Mess,09:20 PM,09:46 PM,0,0,0,0,592.9,67,35.99,Dinner,0,0
S3841,2026-04-13,08:11 AM,Azad,Mess,08:11 AM,08:37 AM,0,0,0,0,352.07,79,40.74,Breakfast,0,0
S3842,2026-04-11,08:24 AM,Rajendra,Mess,08:04 AM,08:33 AM,0,0,0,0,425.22,161,31.55,Breakfast,0,0
S3843,2026-04-24,08:18 PM,Ganga,Library,0,0,07:40 PM,10:13 PM,07:18 PM,11:07 PM,846.87,76,20.15,None,0,0
S3844,2026-04-26,05:28 PM,Yamuna,Outside,0,0,0,0,04:12 PM,08:01 PM,150.65,130,11.92,None,0,0
S3845,2026-04-11,05:10 PM,Ganga,Classroom,0,0,0,0,04:47 PM,06:48 PM,316.83,136,6.96,None,1,1
S3846,2026-04-04,02:42 PM,Azad,Mess,01:58 PM,02:50 PM,0,0,0,0,340.42,118,36.66,Lunch,1,0
S3847,2026-04-20,01:33 AM,Ganga,Outside,0,0,0,0,12:54 AM,02:50 AM,144.67,92,10.94,None,0,0
S3848,2026-04-22,11:26 PM,Azad,Library,0,0,10:40 PM,11:59 PM,10:25 PM,11:59 PM,731.34,53,15.57,None,0,0
S3849,2026-04-07,07:32 PM,Rajendra,Mess,07:32 PM,08:21 PM,0,0,0,0,327.36,107,46.17,Dinner,0,0
S3850,2026-04-02,11:33 PM,Azad,Library,0,0,10:12 PM,11:33 PM,09:47 PM,11:59 PM,422.94,69,15.69,None,0,0
S3851,2026-04-28,09:07 AM,Rajendra,Mess,08:40 AM,09:28 AM,0,0,0,0,218.33,190,52.75,Breakfast,1,1
S3852,2026-04-19,09:37 AM,Yamuna,Mess,09:21 AM,09:49 AM,0,0,0,0,554.52,69,43.95,Breakfast,1,1
S3853,2026-04-27,06:44 AM,Rajendra,Outside,0,0,0,0,04:55 AM,08:22 AM,148.31,73,6.7,None,0,0
S3854,2026-04-10,07:27 AM,Azad,Hostel,0,0,0,0,0,0,357.91,160,35.09,None,0,0
S3855,2026-04-13,09:07 PM,Ganga,Library,0,0,06:55 PM,09:28 PM,06:40 PM,09:59 PM,679.92,58,17.78,None,0,0
S3856,2026-04-05,01:32 PM,Ganga,Mess,01:13 PM,01:41 PM,0,0,0,0,477.86,88,38.12,Lunch,1,0
S3857,2026-04-01,10:19 AM,Ganga,Mess,09:33 AM,10:24 AM,0,0,0,0,495.02,174,64.47,Breakfast,0,0
S3858,2026-04-14,01:29 PM,Rajendra,Mess,01:19 PM,02:03 PM,0,0,0,0,376.96,198,52.45,Lunch,0,0
S3859,2026-04-11,04:55 AM,Azad,Hostel,0,0,0,0,0,0,391.21,82,25.53,None,0,0
S3860,2026-04-06,08:54 PM,Azad,Mess,08:43 PM,09:06 PM,0,0,0,0,496.77,17,31.81,Dinner,0,0
S3861,2026-05-01,04:09 PM,Rajendra,Library,0,0,03:36 PM,04:38 PM,03:22 PM,04:52 PM,564.17,197,28.73,None,1,1
S3862,2026-04-17,09:33 AM,Sarojini,Mess,08:39 AM,09:39 AM,0,0,0,0,650.68,114,52.74,Breakfast,1,1
S3863,2026-04-21,05:31 PM,Yamuna,Outside,0,0,0,0,04:14 PM,08:15 PM,360.89,62,5.95,None,0,0
S3864,2026-04-25,11:03 PM,Sarojini,Library,0,0,10:47 PM,11:20 PM,10:36 PM,11:54 PM,936.39,75,16.67,None,0,0
S3865,2026-04-22,09:34 AM,Sarojini,Outside,0,0,0,0,08:08 AM,12:05 PM,121.3,121,16.79,None,0,0
S3866,2026-04-17,07:19 AM,Rajendra,Mess,07:06 AM,07:46 AM,0,0,0,0,309.28,134,43.96,Breakfast,0,0
S3867,2026-04-08,04:05 PM,Azad,Outside,0,0,0,0,03:28 PM,06:11 PM,398.38,187,22.63,None,1,1
S3868,2026-04-11,08:37 PM,Ganga,Hostel,0,0,0,0,0,0,1191.76,46,20.32,None,0,0
S3869,2026-04-26,09:34 PM,Yamuna,Mess,08:55 PM,09:39 PM,0,0,0,0,527.81,189,41.15,Dinner,0,0
S3870,2026-04-01,02:12 PM,Azad,Mess,01:59 PM,02:49 PM,0,0,0,0,348.27,161,38.3,Lunch,0,0
S3871,2026-04-14,10:05 PM,Azad,Library,0,0,09:43 PM,10:42 PM,09:24 PM,11:06 PM,943.29,43,10.13,None,0,0
S3872,2026-04-19,12:54 PM,Sarojini,Mess,12:33 PM,01:13 PM,0,0,0,0,426.71,62,39.78,Lunch,0,0
S3873,2026-04-17,11:04 AM,Azad,Library,0,0,09:42 AM,11:34 AM,09:36 AM,11:55 AM,852.15,185,22.72,None,0,0
S3874,2026-04-20,07:15 AM,Azad,Hostel,0,0,0,0,0,0,395.95,147,36.18,None,0,0
S3875,2026-04-30,10:01 AM,Sarojini,Library,0,0,09:53 AM,10:26 AM,09:44 AM,10:58 AM,572.74,149,15.34,None,0,0
S3876,2026-04-06,02:09 PM,Sarojini,Outside,0,0,0,0,12:20 PM,03:58 PM,143.89,190,22.62,None,0,0
S3877,2026-04-24,11:36 AM,Ganga,Classroom,0,0,0,0,11:15 AM,01:12 PM,377.13,119,6.6,None,1,0
S3878,2026-04-21,07:38 PM,Rajendra,Library,0,0,07:26 PM,08:52 PM,07:07 PM,09:38 PM,632.91,102,15.26,None,0,0
S3879,2026-04-02,10:48 AM,Rajendra,Classroom,0,0,0,0,10:25 AM,12:01 PM,187.77,114,7.38,None,1,1
S3880,2026-04-12,06:27 AM,Ganga,Outside,0,0,0,0,04:40 AM,07:42 AM,119.3,69,8.44,None,0,0
S3881,2026-04-17,05:43 PM,Azad,Hostel,0,0,0,0,0,0,287.03,63,30.58,None,0,0
S3882,2026-04-26,02:39 AM,Yamuna,Outside,0,0,0,0,01:39 AM,04:16 AM,110.14,170,12.39,None,0,0
S3883,2026-04-11,01:47 PM,Ganga,Library,0,0,01:39 PM,03:42 PM,01:33 PM,04:23 PM,717.5,200,22.34,None,0,0
S3884,2026-04-30,01:43 PM,Rajendra,Mess,01:40 PM,02:14 PM,0,0,0,0,514.86,182,46.74,Lunch,0,0
S3885,2026-05-01,03:40 PM,Yamuna,Classroom,0,0,0,0,03:01 PM,05:40 PM,188.86,181,25.88,None,1,0
S3886,2026-04-20,09:58 PM,Sarojini,Library,0,0,08:16 PM,10:54 PM,07:47 PM,11:23 PM,616.49,46,17.39,None,0,0
S3887,2026-04-14,07:37 AM,Rajendra,Mess,07:12 AM,08:07 AM,0,0,0,0,588.41,118,50.35,Breakfast,0,0
S3888,2026-04-14,04:36 PM,Ganga,Hostel,0,0,0,0,0,0,174.19,125,32.44,None,1,1
S3889,2026-04-24,02:33 AM,Yamuna,Hostel,0,0,0,0,0,0,206.62,77,21.44,None,0,0
S3890,2026-04-01,03:25 PM,Rajendra,Library,0,0,03:02 PM,03:32 PM,02:51 PM,04:09 PM,865.86,98,13.27,None,1,0
S3891,2026-04-04,04:19 PM,Rajendra,Library,0,0,03:36 PM,05:24 PM,03:23 PM,05:59 PM,702.44,83,15.54,None,0,0
S3892,2026-05-01,08:58 AM,Yamuna,Mess,08:52 AM,09:21 AM,0,0,0,0,424.37,159,50.23,Breakfast,0,0
S3893,2026-04-29,02:37 PM,Ganga,Library,0,0,02:17 PM,04:29 PM,01:58 PM,04:45 PM,487.06,76,16.24,None,1,0
S3894,2026-04-16,07:31 AM,Rajendra,Mess,07:28 AM,07:59 AM,0,0,0,0,387.06,129,44.16,Breakfast,0,0
S3895,2026-04-09,07:22 AM,Rajendra,Mess,07:08 AM,07:51 AM,0,0,0,0,362.45,56,43.08,Breakfast,0,0
S3896,2026-04-08,03:14 PM,Ganga,Hostel,0,0,0,0,0,0,158.88,111,23.12,None,0,0
S3897,2026-04-05,09:16 PM,Ganga,Mess,08:45 PM,09:38 PM,0,0,0,0,485.73,28,41.94,Dinner,0,0
S3898,2026-04-29,10:39 PM,Azad,Library,0,0,10:38 PM,11:15 PM,10:14 PM,11:53 PM,660.18,75,16.13,None,0,0
S3899,2026-04-27,08:59 PM,Ganga,Hostel,0,0,0,0,0,0,781.42,145,31.76,None,0,0
S3900,2026-04-21,03:32 PM,Rajendra,Library,0,0,03:07 PM,03:43 PM,02:50 PM,04:42 PM,668.68,61,17.02,None,1,0
S3901,2026-04-30,07:40 PM,Yamuna,Mess,07:17 PM,07:47 PM,0,0,0,0,328.48,145,47.64,Dinner,0,0
S3902,2026-04-08,12:43 PM,Rajendra,Classroom,0,0,0,0,12:11 PM,02:06 PM,378.07,40,4.77,None,1,0
S3903,2026-04-30,08:28 PM,Ganga,Hostel,0,0,0,0,0,0,1030.19,20,13.46,None,0,0
S3904,2026-04-07,10:52 PM,Yamuna,Library,0,0,10:33 PM,11:59 PM,10:05 PM,11:59 PM,863.4,27,17.08,None,0,0
S3905,2026-04-19,08:50 AM,Azad,Mess,08:29 AM,09:24 AM,0,0,0,0,588.83,37,41.99,Breakfast,0,0
S3906,2026-04-13,09:52 AM,Azad,Hostel,0,0,0,0,0,0,342.34,87,19.72,None,0,0
S3907,2026-04-02,08:58 PM,Yamuna,Hostel,0,0,0,0,0,0,776.57,186,41.16,None,0,0
S3908,2026-04-03,07:55 PM,Yamuna,Outside,0,0,0,0,05:57 PM,09:37 PM,109.03,135,14.29,None,0,0
S3909,2026-04-24,11:22 AM,Azad,Classroom,0,0,0,0,11:02 AM,01:00 PM,144.3,132,6.87,None,1,0
S3910,2026-04-09,03:15 PM,Sarojini,Library,0,0,02:07 PM,04:15 PM,01:52 PM,04:38 PM,816.28,104,18.3,None,0,0
S3911,2026-04-27,08:03 AM,Yamuna,Mess,07:42 AM,08:13 AM,0,0,0,0,506.23,180,57.08,Breakfast,0,0
S3912,2026-04-21,07:26 AM,Rajendra,Mess,07:00 AM,07:40 AM,0,0,0,0,527.12,45,23.59,Breakfast,0,0
S3913,2026-04-13,09:00 PM,Yamuna,Mess,08:39 PM,09:05 PM,0,0,0,0,346.34,183,52.44,Dinner,0,0
S3914,2026-04-30,07:12 AM,Yamuna,Mess,07:12 AM,07:55 AM,0,0,0,0,424.81,138,41.33,Breakfast,0,0
S3915,2026-04-23,07:59 PM,Sarojini,Mess,07:39 PM,08:09 PM,0,0,0,0,557.35,81,28.61,Dinner,0,0
S3916,2026-05-01,06:31 PM,Azad,Library,0,0,06:06 PM,06:37 PM,05:59 PM,06:54 PM,1037.74,99,20.9,None,0,0
S3917,2026-05-01,06:00 PM,Rajendra,Library,0,0,03:56 PM,06:17 PM,03:49 PM,06:48 PM,956.79,197,38.59,None,0,0
S3918,2026-04-19,08:50 PM,Rajendra,Mess,08:26 PM,09:24 PM,0,0,0,0,572.05,145,50.9,Dinner,0,0
S3919,2026-04-04,09:52 PM,Yamuna,Hostel,0,0,0,0,0,0,1014.39,185,37.78,None,0,0
S3920,2026-04-02,11:19 AM,Rajendra,Hostel,0,0,0,0,0,0,135.22,70,28.03,None,0,0
S3921,2026-04-20,02:22 PM,Yamuna,Mess,01:58 PM,02:27 PM,0,0,0,0,565.79,45,42.31,Lunch,0,0
S3922,2026-04-04,12:36 PM,Sarojini,Mess,12:03 PM,12:53 PM,0,0,0,0,590.91,173,56.99,Lunch,1,0
S3923,2026-04-20,09:34 PM,Azad,Library,0,0,07:42 PM,10:12 PM,07:19 PM,10:27 PM,871.68,26,10.24,None,0,0
S3924,2026-04-19,09:47 PM,Azad,Hostel,0,0,0,0,0,0,918.39,140,26.19,None,0,0
S3925,2026-04-15,10:11 PM,Rajendra,Mess,09:26 PM,10:15 PM,0,0,0,0,222.44,136,53.38,Dinner,0,0
S3926,2026-04-08,06:06 AM,Ganga,Outside,0,0,0,0,05:33 AM,08:37 AM,231.31,19,2.21,None,0,0
S3927,2026-04-27,07:41 AM,Ganga,Mess,07:38 AM,08:30 AM,0,0,0,0,491.7,196,45.96,Breakfast,0,0
S3928,2026-04-20,02:17 PM,Azad,Mess,02:08 PM,02:41 PM,0,0,0,0,472.12,17,31.38,Lunch,1,0
S3929,2026-04-20,07:14 AM,Azad,Mess,07:07 AM,07:32 AM,0,0,0,0,311.38,187,51.96,Breakfast,0,0
S3930,2026-04-13,04:56 AM,Sarojini,Outside,0,0,0,0,04:12 AM,07:05 AM,145.78,10,1.3,None,0,0
S3931,2026-04-13,03:24 AM,Ganga,Hostel,0,0,0,0,0,0,389.08,103,38.16,None,0,0
S3932,2026-04-20,07:50 PM,Yamuna,Library,0,0,07:20 PM,09:23 PM,06:56 PM,10:20 PM,966.64,140,22.99,None,0,0
S3933,2026-04-02,02:49 PM,Yamuna,Library,0,0,02:13 PM,03:05 PM,01:58 PM,03:39 PM,645.39,186,31.87,None,0,0
S3934,2026-04-30,10:46 PM,Yamuna,Library,0,0,10:32 PM,11:21 PM,10:12 PM,11:49 PM,674.53,65,21.41,None,0,0
S3935,2026-04-11,04:36 PM,Azad,Outside,0,0,0,0,03:21 PM,05:56 PM,332.73,159,16.88,None,1,1
S3936,2026-04-23,04:30 PM,Yamuna,Library,0,0,03:54 PM,05:12 PM,03:41 PM,06:00 PM,851.95,33,17.11,None,0,0
S3937,2026-04-09,07:33 PM,Rajendra,Library,0,0,07:21 PM,08:01 PM,07:09 PM,08:51 PM,609.66,113,24.94,None,0,0
S3938,2026-04-09,12:40 PM,Yamuna,Mess,12:23 PM,01:04 PM,0,0,0,0,393.42,116,41.56,Lunch,1,0
S3939,2026-04-22,10:11 PM,Sarojini,Mess,09:53 PM,10:44 PM,0,0,0,0,480.78,114,33.83,Dinner,0,0
S3940,2026-04-17,03:24 PM,Yamuna,Mess,02:58 PM,03:58 PM,0,0,0,0,381.78,28,35.76,Lunch,1,0
S3941,2026-04-14,10:43 AM,Azad,Library,0,0,09:48 AM,10:44 AM,09:39 AM,11:16 AM,527.35,39,12.5,None,1,1
S3942,2026-04-10,09:51 AM,Azad,Mess,09:15 AM,09:54 AM,0,0,0,0,548.8,18,35.42,Breakfast,0,0
S3943,2026-04-11,02:26 PM,Sarojini,Library,0,0,02:17 PM,02:56 PM,01:54 PM,03:15 PM,515.62,192,33.63,None,0,0
S3944,2026-04-23,09:14 AM,Sarojini,Mess,08:42 AM,09:18 AM,0,0,0,0,430.53,86,26.86,Breakfast,1,1
S3945,2026-04-02,10:36 PM,Azad,Library,0,0,10:31 PM,11:59 PM,10:11 PM,11:59 PM,534.36,29,10.15,None,0,0
S3946,2026-04-10,01:15 PM,Ganga,Mess,01:03 PM,01:33 PM,0,0,0,0,335.79,117,36.78,Lunch,1,0
S3947,2026-04-03,08:26 PM,Azad,Library,0,0,07:23 PM,08:45 PM,07:07 PM,09:23 PM,416.23,165,31.51,None,0,0
S3948,2026-04-19,12:42 PM,Ganga,Library,0,0,12:28 PM,03:09 PM,12:00 PM,03:39 PM,936.69,198,33.03,None,1,0
S3949,2026-04-04,09:26 PM,Ganga,Mess,08:57 PM,09:39 PM,0,0,0,0,446.09,104,42.09,Dinner,0,0
S3950,2026-04-20,07:17 PM,Azad,Library,0,0,06:46 PM,07:41 PM,06:27 PM,08:24 PM,932.42,190,28.02,None,0,0
S3951,2026-04-16,11:28 PM,Azad,Library,0,0,10:39 PM,11:59 PM,10:34 PM,11:59 PM,763.6,25,8.21,None,0,0
S3952,2026-04-24,02:36 PM,Ganga,Mess,01:54 PM,02:37 PM,0,0,0,0,295.28,175,33.41,Lunch,0,0
S3953,2026-04-01,08:02 PM,Ganga,Mess,07:54 PM,08:22 PM,0,0,0,0,410.8,137,38.45,Dinner,0,0
S3954,2026-04-30,10:07 PM,Ganga,Mess,09:28 PM,10:11 PM,0,0,0,0,424.6,21,40.65,Dinner,0,0
S3955,2026-04-15,08:35 PM,Ganga,Outside,0,0,0,0,07:34 PM,10:18 PM,170.34,120,8.77,None,0,0
S3956,2026-04-23,05:09 PM,Rajendra,Library,0,0,05:01 PM,05:41 PM,04:51 PM,06:39 PM,973.78,123,21.76,None,0,0
S3957,2026-04-12,03:30 PM,Azad,Classroom,0,0,0,0,03:17 PM,04:03 PM,204.8,186,10.84,None,1,0
S3958,2026-04-22,06:50 PM,Sarojini,Hostel,0,0,0,0,0,0,254.98,76,27.13,None,0,0
S3959,2026-04-26,06:14 AM,Sarojini,Hostel,0,0,0,0,0,0,386.05,100,32.84,None,0,0
S3960,2026-04-07,03:35 PM,Azad,Hostel,0,0,0,0,0,0,189.18,76,25.24,None,0,0
S3961,2026-04-21,12:59 PM,Azad,Mess,12:18 PM,01:12 PM,0,0,0,0,452.71,21,24.76,Lunch,0,0
S3962,2026-04-02,03:55 PM,Yamuna,Library,0,0,03:35 PM,06:27 PM,03:27 PM,07:18 PM,691.3,13,9.54,None,0,0
S3963,2026-04-03,04:22 PM,Sarojini,Library,0,0,04:16 PM,06:28 PM,03:57 PM,07:06 PM,662.56,108,14.91,None,0,0
S3964,2026-04-19,10:42 PM,Ganga,Library,0,0,10:19 PM,11:59 PM,10:03 PM,11:59 PM,586.53,29,15.65,None,0,0
S3965,2026-04-29,09:36 PM,Rajendra,Library,0,0,09:22 PM,10:12 PM,08:56 PM,11:02 PM,888.92,81,17.55,None,0,0
S3966,2026-04-03,04:12 AM,Sarojini,Hostel,0,0,0,0,0,0,196.59,170,27.31,None,0,0
S3967,2026-04-26,03:46 PM,Sarojini,Classroom,0,0,0,0,03:13 PM,04:30 PM,296.0,46,3.94,None,1,0
S3968,2026-04-03,11:35 AM,Sarojini,Library,0,0,10:22 AM,12:44 PM,10:02 AM,01:12 PM,1014.19,70,15.46,None,0,0
S3969,2026-04-29,07:56 PM,Ganga,Mess,07:33 PM,08:18 PM,0,0,0,0,493.59,165,40.53,Dinner,0,0
S3970,2026-04-17,07:46 PM,Sarojini,Mess,07:25 PM,08:04 PM,0,0,0,0,399.13,52,41.41,Dinner,0,0
S3971,2026-04-28,08:31 PM,Azad,Library,0,0,07:46 PM,08:51 PM,07:41 PM,09:09 PM,735.05,60,20.86,None,0,0
S3972,2026-04-16,08:53 AM,Ganga,Mess,08:42 AM,09:03 AM,0,0,0,0,602.36,58,32.37,Breakfast,0,0
S3973,2026-04-15,10:57 AM,Rajendra,Library,0,0,10:52 AM,11:43 AM,10:47 AM,12:10 PM,966.87,140,30.08,None,1,1
S3974,2026-04-14,04:21 PM,Rajendra,Library,0,0,03:55 PM,05:54 PM,03:29 PM,06:13 PM,782.4,139,31.87,None,0,0
S3975,2026-04-23,02:35 PM,Rajendra,Mess,02:20 PM,02:47 PM,0,0,0,0,515.27,160,51.08,Lunch,0,0
S3976,2026-04-01,12:13 AM,Ganga,Outside,0,0,0,0,0,01:23 AM,379.21,15,1.23,None,0,0
S3977,2026-04-30,12:03 PM,Ganga,Mess,12:00 PM,12:40 PM,0,0,0,0,378.72,176,39.78,Lunch,0,0
S3978,2026-04-18,08:11 AM,Sarojini,Outside,0,0,0,0,06:56 AM,11:06 AM,175.72,195,24.42,None,0,0
S3979,2026-04-25,06:22 PM,Yamuna,Hostel,0,0,0,0,0,0,296.65,149,33.72,None,0,0
S3980,2026-04-29,01:51 PM,Sarojini,Classroom,0,0,0,0,01:36 PM,02:26 PM,331.64,94,13.61,None,1,0
S3981,2026-04-08,08:17 AM,Rajendra,Classroom,0,0,0,0,07:44 AM,08:54 AM,263.0,92,7.93,None,1,1
S3982,2026-04-04,07:41 PM,Sarojini,Library,0,0,07:21 PM,08:24 PM,06:57 PM,08:59 PM,798.67,110,14.2,None,0,0
S3983,2026-04-13,04:52 PM,Azad,Hostel,0,0,0,0,0,0,132.76,121,29.86,None,1,1
S3984,2026-04-04,11:00 PM,Azad,Library,0,0,09:53 PM,11:58 PM,09:26 PM,11:59 PM,568.94,188,35.24,None,0,0
S3985,2026-04-28,09:00 PM,Ganga,Mess,08:43 PM,09:03 PM,0,0,0,0,450.5,53,42.57,Dinner,0,0
S3986,2026-04-28,05:16 PM,Azad,Library,0,0,04:35 PM,06:11 PM,04:25 PM,07:08 PM,888.23,181,22.49,None,0,0
S3987,2026-04-19,02:41 PM,Azad,Mess,02:41 PM,03:05 PM,0,0,0,0,333.31,35,30.72,Lunch,0,0
S3988,2026-04-06,07:43 PM,Yamuna,Mess,07:14 PM,07:48 PM,0,0,0,0,438.62,50,42.69,Dinner,0,0
S3989,2026-04-12,02:49 PM,Sarojini,Mess,02:22 PM,03:15 PM,0,0,0,0,613.05,83,37.32,Lunch,0,0
S3990,2026-04-04,06:15 PM,Sarojini,Library,0,0,04:21 PM,07:06 PM,03:59 PM,07:55 PM,721.29,21,16.92,None,0,0
S3991,2026-04-07,11:30 AM,Yamuna,Library,0,0,09:58 AM,11:55 AM,09:29 AM,12:22 PM,779.59,111,26.97,None,1,0
S3992,2026-04-08,03:05 AM,Azad,Hostel,0,0,0,0,0,0,289.12,118,30.89,None,0,0
S3993,2026-04-15,08:16 PM,Azad,Mess,08:00 PM,08:38 PM,0,0,0,0,532.45,180,36.11,Dinner,0,0
S3994,2026-04-29,05:33 PM,Yamuna,Hostel,0,0,0,0,0,0,214.74,194,35.93,None,0,0
S3995,2026-04-17,08:41 PM,Azad,Library,0,0,06:24 PM,08:52 PM,06:12 PM,09:19 PM,809.86,102,21.88,None,0,0
S3996,2026-04-15,04:38 PM,Yamuna,Library,0,0,03:48 PM,05:05 PM,03:33 PM,05:57 PM,1018.06,106,23.02,None,0,0
S3997,2026-04-18,03:33 PM,Rajendra,Library,0,0,03:11 PM,04:11 PM,02:51 PM,05:09 PM,561.29,73,16.97,None,1,0
S3998,2026-04-13,01:57 PM,Ganga,Mess,01:11 PM,01:59 PM,0,0,0,0,535.55,108,34.32,Lunch,1,0
S3999,2026-04-17,09:22 PM,Yamuna,Outside,0,0,0,0,07:28 PM,11:32 PM,217.18,152,8.39,None,0,0
S4000,2026-04-04,08:49 AM,Azad,Classroom,0,0,0,0,08:30 AM,10:19 AM,234.32,116,10.69,None,1,1
S4001,2026-04-29,01:29 PM,Yamuna,Library,0,0,12:05 PM,02:30 PM,11:43 AM,03:03 PM,675.05,126,22.29,None,0,0
S4002,2026-04-30,08:38 PM,Sarojini,Library,0,0,07:59 PM,08:59 PM,07:51 PM,09:13 PM,586.79,124,14.27,None,0,0
S4003,2026-04-28,08:35 AM,Yamuna,Classroom,0,0,0,0,08:00 AM,09:33 AM,127.96,129,18.69,None,1,1
S4004,2026-05-01,06:29 PM,Rajendra,Library,0,0,06:28 PM,07:45 PM,06:23 PM,08:11 PM,651.41,178,17.03,None,0,0
S4005,2026-04-17,06:14 AM,Yamuna,Hostel,0,0,0,0,0,0,321.89,169,35.18,None,0,0
S4006,2026-04-29,07:31 PM,Ganga,Library,0,0,07:19 PM,08:27 PM,07:01 PM,09:11 PM,636.41,14,15.87,None,0,0
S4007,2026-04-13,07:46 PM,Rajendra,Mess,07:19 PM,07:54 PM,0,0,0,0,343.47,122,30.49,Dinner,0,0
S4008,2026-04-19,04:43 PM,Yamuna,Hostel,0,0,0,0,0,0,394.79,56,16.89,None,0,0
S4009,2026-04-06,01:00 PM,Sarojini,Mess,12:53 PM,01:19 PM,0,0,0,0,239.98,24,40.22,Lunch,1,0
S4010,2026-05-01,02:14 PM,Rajendra,Library,0,0,01:09 PM,02:54 PM,12:53 PM,03:27 PM,781.48,64,10.03,None,0,0
S4011,2026-04-13,11:07 AM,Yamuna,Library,0,0,09:45 AM,12:30 PM,09:18 AM,12:48 PM,984.77,187,28.64,None,1,0
S4012,2026-05-01,12:45 AM,Yamuna,Outside,0,0,0,0,0,01:54 AM,174.59,174,14.85,None,0,0
S4013,2026-04-04,08:57 PM,Yamuna,Mess,08:55 PM,09:20 PM,0,0,0,0,432.6,149,42.99,Dinner,0,0
S4014,2026-04-07,07:38 PM,Azad,Library,0,0,05:58 PM,07:44 PM,05:28 PM,08:33 PM,672.29,183,35.59,None,0,0
S4015,2026-04-27,08:09 PM,Azad,Mess,07:59 PM,08:19 PM,0,0,0,0,337.19,69,26.9,Dinner,0,0
S4016,2026-04-08,09:17 PM,Azad,Mess,09:11 PM,09:32 PM,0,0,0,0,485.1,86,43.83,Dinner,0,0
S4017,2026-04-24,09:23 AM,Rajendra,Library,0,0,09:00 AM,10:40 AM,08:31 AM,11:00 AM,719.48,138,17.29,None,0,0
S4018,2026-04-15,05:06 PM,Yamuna,Hostel,0,0,0,0,0,0,166.23,175,37.41,None,0,0
S4019,2026-04-08,01:34 PM,Yamuna,Mess,01:15 PM,01:52 PM,0,0,0,0,301.64,113,51.36,Lunch,1,0
S4020,2026-04-29,01:35 AM,Yamuna,Hostel,0,0,0,0,0,0,227.01,94,37.93,None,0,0
S4021,2026-04-04,11:02 PM,Sarojini,Hostel,0,0,0,0,0,0,1239.95,141,22.81,None,0,0
S4022,2026-04-06,04:46 PM,Yamuna,Library,0,0,04:33 PM,05:07 PM,04:21 PM,05:31 PM,923.55,181,25.19,None,0,0
S4023,2026-04-08,07:44 AM,Ganga,Mess,07:07 AM,07:53 AM,0,0,0,0,609.56,175,55.42,Breakfast,0,0
S4024,2026-04-12,01:39 AM,Rajendra,Outside,0,0,0,0,0,03:00 AM,192.06,121,13.1,None,0,0
S4025,2026-04-10,10:54 PM,Azad,Outside,0,0,0,0,09:07 PM,11:59 PM,134.17,155,20.61,None,0,0
S4026,2026-04-01,09:44 PM,Rajendra,Outside,0,0,0,0,09:03 PM,10:46 PM,237.84,91,7.67,None,0,0
S4027,2026-04-10,07:54 PM,Sarojini,Library,0,0,07:06 PM,08:36 PM,06:57 PM,09:17 PM,445.27,191,28.21,None,0,0
S4028,2026-04-21,03:53 PM,Yamuna,Library,0,0,02:36 PM,05:21 PM,02:30 PM,05:43 PM,681.19,54,17.36,None,0,0
S4029,2026-04-11,03:44 PM,Rajendra,Hostel,0,0,0,0,0,0,339.06,91,19.18,None,1,0
S4030,2026-04-12,08:08 PM,Sarojini,Library,0,0,07:22 PM,08:55 PM,07:05 PM,09:14 PM,700.1,195,26.64,None,0,0
S4031,2026-04-14,04:39 PM,Sarojini,Classroom,0,0,0,0,04:29 PM,06:20 PM,274.38,138,9.55,None,1,1
S4032,2026-04-15,03:02 PM,Yamuna,Outside,0,0,0,0,01:10 PM,05:13 PM,237.59,69,9.87,None,1,0
S4033,2026-04-30,05:43 AM,Sarojini,Hostel,0,0,0,0,0,0,351.11,65,15.63,None,0,0
S4034,2026-04-08,07:01 PM,Sarojini,Library,0,0,06:36 PM,09:09 PM,06:21 PM,09:24 PM,915.19,47,11.76,None,0,0
S4035,2026-04-01,08:25 PM,Rajendra,Mess,07:43 PM,08:36 PM,0,0,0,0,465.13,47,42.01,Dinner,0,0
S4036,2026-04-25,01:56 PM,Azad,Mess,01:04 PM,01:58 PM,0,0,0,0,558.53,96,45.85,Lunch,1,0
S4037,2026-04-18,08:19 PM,Sarojini,Library,0,0,07:20 PM,08:24 PM,07:09 PM,09:20 PM,556.1,18,13.65,None,0,0
S4038,2026-04-01,04:07 PM,Ganga,Library,0,0,03:28 PM,04:20 PM,03:15 PM,05:04 PM,724.1,89,19.41,None,0,0
S4039,2026-04-01,12:00 PM,Sarojini,Classroom,0,0,0,0,11:34 AM,01:26 PM,382.83,92,7.81,None,1,0
S4040,2026-04-01,03:34 PM,Rajendra,Hostel,0,0,0,0,0,0,221.26,128,23.35,None,1,0
S4041,2026-04-02,07:44 AM,Ganga,Mess,07:43 AM,08:14 AM,0,0,0,0,422.94,194,66.89,Breakfast,0,0
S4042,2026-04-26,10:44 AM,Rajendra,Library,0,0,10:38 AM,12:34 PM,10:10 AM,12:50 PM,796.44,153,28.67,None,0,0
S4043,2026-04-24,05:06 AM,Rajendra,Hostel,0,0,0,0,0,0,359.4,20,17.8,None,0,0
S4044,2026-04-27,04:42 PM,Ganga,Hostel,0,0,0,0,0,0,172.12,75,28.93,None,1,1
S4045,2026-04-10,02:22 PM,Sarojini,Mess,01:41 PM,02:23 PM,0,0,0,0,351.06,125,45.88,Lunch,1,0
S4046,2026-04-20,06:44 PM,Sarojini,Library,0,0,06:37 PM,08:27 PM,06:20 PM,08:40 PM,647.56,116,23.78,None,0,0
S4047,2026-04-08,09:58 PM,Rajendra,Hostel,0,0,0,0,0,0,864.53,196,37.65,None,0,0
S4048,2026-04-08,07:36 AM,Azad,Outside,0,0,0,0,06:29 AM,09:26 AM,234.32,110,13.61,None,0,0
S4049,2026-04-18,06:27 PM,Sarojini,Library,0,0,05:31 PM,07:56 PM,05:23 PM,08:15 PM,666.48,172,36.6,None,0,0
S4050,2026-04-01,05:50 PM,Azad,Library,0,0,04:25 PM,06:35 PM,04:06 PM,06:59 PM,939.77,18,12.53,None,0,0
S4051,2026-04-16,04:50 AM,Rajendra,Hostel,0,0,0,0,0,0,297.77,149,36.4,None,0,0
S4052,2026-04-23,01:42 AM,Yamuna,Hostel,0,0,0,0,0,0,370.31,106,29.5,None,0,0
S4053,2026-04-29,12:35 PM,Rajendra,Mess,12:29 PM,01:04 PM,0,0,0,0,615.63,39,33.1,Lunch,1,0
S4054,2026-04-23,08:33 PM,Yamuna,Mess,08:14 PM,09:05 PM,0,0,0,0,611.19,147,34.96,Dinner,0,0
S4055,2026-04-17,10:05 AM,Yamuna,Library,0,0,09:21 AM,10:48 AM,09:05 AM,11:48 AM,912.26,119,20.14,None,1,1
S4056,2026-04-30,08:32 PM,Ganga,Library,0,0,08:05 PM,09:34 PM,07:39 PM,10:28 PM,766.17,188,33.97,None,0,0
S4057,2026-04-21,02:57 PM,Yamuna,Hostel,0,0,0,0,0,0,327.14,187,32.25,None,0,0
S4058,2026-04-01,01:35 PM,Azad,Mess,01:07 PM,02:02 PM,0,0,0,0,371.3,160,56.83,Lunch,0,0
S4059,2026-05-01,09:22 PM,Azad,Library,0,0,07:29 PM,09:44 PM,07:17 PM,10:17 PM,739.12,45,15.04,None,0,0
S4060,2026-04-10,10:05 AM,Ganga,Library,0,0,10:04 AM,11:09 AM,09:50 AM,12:08 PM,574.51,29,9.21,None,0,0
S4061,2026-04-17,03:30 AM,Yamuna,Hostel,0,0,0,0,0,0,217.61,97,22.66,None,0,0
S4062,2026-04-23,10:03 AM,Ganga,Classroom,0,0,0,0,09:46 AM,11:07 AM,148.72,32,4.23,None,1,1
S4063,2026-04-09,08:02 AM,Azad,Classroom,0,0,0,0,07:24 AM,08:43 AM,352.43,74,8.3,None,1,1
S4064,2026-04-03,07:15 PM,Yamuna,Library,0,0,06:38 PM,07:31 PM,06:12 PM,07:59 PM,894.71,39,15.34,None,0,0
S4065,2026-04-26,10:13 PM,Rajendra,Outside,0,0,0,0,08:16 PM,11:59 PM,398.12,92,6.85,None,0,0
S4066,2026-04-19,09:54 PM,Azad,Library,0,0,09:25 PM,10:15 PM,09:10 PM,11:12 PM,594.6,79,20.25,None,0,0
S4067,2026-04-25,05:44 PM,Azad,Library,0,0,05:13 PM,07:53 PM,04:52 PM,08:35 PM,561.03,171,17.77,None,0,0
S4068,2026-04-09,07:29 PM,Sarojini,Library,0,0,06:35 PM,07:46 PM,06:25 PM,08:11 PM,815.23,140,27.11,None,0,0
S4069,2026-04-23,08:22 PM,Azad,Library,0,0,07:51 PM,08:57 PM,07:23 PM,09:37 PM,500.24,49,17.59,None,0,0
S4070,2026-04-01,08:06 PM,Rajendra,Library,0,0,06:56 PM,08:11 PM,06:34 PM,09:04 PM,756.25,181,41.72,None,0,0
S4071,2026-04-28,11:23 PM,Ganga,Library,0,0,10:47 PM,11:59 PM,10:20 PM,11:59 PM,556.58,197,25.35,None,0,0
S4072,2026-04-12,03:46 PM,Yamuna,Library,0,0,03:25 PM,04:53 PM,03:19 PM,05:42 PM,684.49,37,16.15,None,1,0
S4073,2026-04-09,09:59 AM,Yamuna,Mess,09:10 AM,09:59 AM,0,0,0,0,475.51,42,43.75,Breakfast,1,1
S4074,2026-04-05,12:34 PM,Yamuna,Library,0,0,11:07 AM,01:01 PM,11:00 AM,01:33 PM,475.89,79,10.35,None,0,0
S4075,2026-04-09,11:27 PM,Yamuna,Library,0,0,10:43 PM,11:59 PM,10:30 PM,11:59 PM,558.64,11,7.61,None,0,0
S4076,2026-04-17,08:48 AM,Rajendra,Mess,08:19 AM,09:00 AM,0,0,0,0,369.5,113,36.78,Breakfast,0,0
S4077,2026-04-27,12:54 PM,Azad,Outside,0,0,0,0,12:12 PM,03:51 PM,165.57,44,2.52,None,1,0
S4078,2026-04-26,09:16 PM,Rajendra,Library,0,0,08:44 PM,09:23 PM,08:16 PM,09:53 PM,760.01,129,21.49,None,0,0
S4079,2026-04-24,02:41 PM,Yamuna,Library,0,0,12:28 PM,03:15 PM,12:20 PM,03:56 PM,590.1,159,31.27,None,0,0
S4080,2026-04-09,12:57 PM,Sarojini,Library,0,0,10:50 AM,01:16 PM,10:43 AM,01:49 PM,630.19,23,11.51,None,1,0
S4081,2026-05-01,06:05 PM,Sarojini,Library,0,0,06:03 PM,08:37 PM,05:57 PM,09:19 PM,581.45,28,13.51,None,0,0
S4082,2026-04-28,01:21 PM,Sarojini,Classroom,0,0,0,0,01:09 PM,03:05 PM,271.51,37,3.39,None,1,0
S4083,2026-04-25,10:13 PM,Sarojini,Library,0,0,09:38 PM,10:13 PM,09:09 PM,10:32 PM,442.18,166,34.22,None,0,0
S4084,2026-05-01,09:07 PM,Ganga,Mess,09:03 PM,10:00 PM,0,0,0,0,580.13,83,36.85,Dinner,0,0
S4085,2026-04-23,02:18 PM,Sarojini,Library,0,0,01:57 PM,03:21 PM,01:27 PM,03:52 PM,616.57,24,10.05,None,0,0
S4086,2026-04-04,07:25 PM,Yamuna,Library,0,0,06:47 PM,08:55 PM,06:30 PM,09:12 PM,487.84,64,19.34,None,0,0
S4087,2026-04-11,11:35 PM,Azad,Library,0,0,10:34 PM,11:59 PM,10:17 PM,11:59 PM,477.61,161,23.11,None,0,0
S4088,2026-04-20,07:32 PM,Azad,Hostel,0,0,0,0,0,0,204.64,109,35.33,None,0,0
S4089,2026-04-25,11:44 PM,Rajendra,Library,0,0,10:23 PM,11:59 PM,09:59 PM,11:59 PM,580.43,199,29.35,None,0,0
S4090,2026-04-12,04:11 PM,Azad,Classroom,0,0,0,0,03:48 PM,05:25 PM,307.31,136,10.12,None,1,1
S4091,2026-04-05,03:46 AM,Azad,Outside,0,0,0,0,02:13 AM,06:31 AM,372.71,142,13.55,None,0,0
S4092,2026-04-15,08:20 PM,Azad,Outside,0,0,0,0,06:45 PM,11:04 PM,194.27,125,12.91,None,0,0
S4093,2026-04-26,08:26 PM,Yamuna,Outside,0,0,0,0,07:14 PM,10:36 PM,349.13,122,12.1,None,0,0
S4094,2026-04-30,07:28 AM,Yamuna,Hostel,0,0,0,0,0,0,362.83,185,29.63,None,0,0
S4095,2026-04-06,04:57 PM,Azad,Library,0,0,04:10 PM,06:45 PM,03:58 PM,07:25 PM,875.89,169,33.75,None,1,1
S4096,2026-04-16,11:16 AM,Azad,Library,0,0,09:38 AM,11:34 AM,09:30 AM,12:11 PM,718.79,149,32.37,None,1,0
S4097,2026-04-10,09:44 AM,Ganga,Mess,09:43 AM,10:42 AM,0,0,0,0,526.82,13,35.52,Breakfast,0,0
S4098,2026-04-19,11:52 AM,Rajendra,Hostel,0,0,0,0,0,0,120.54,71,24.89,None,1,0
S4099,2026-04-19,10:38 PM,Azad,Outside,0,0,0,0,08:55 PM,11:59 PM,279.11,190,24.24,None,0,0
S4100,2026-04-30,04:49 AM,Sarojini,Outside,0,0,0,0,03:43 AM,07:35 AM,234.34,77,7.48,None,0,0
S4101,2026-04-22,07:35 AM,Sarojini,Hostel,0,0,0,0,0,0,305.18,67,33.17,None,0,0
S4102,2026-04-22,08:01 PM,Rajendra,Mess,07:25 PM,08:15 PM,0,0,0,0,473.21,96,45.42,Dinner,0,0
S4103,2026-04-07,10:41 PM,Rajendra,Library,0,0,09:51 PM,11:59 PM,09:41 PM,11:59 PM,643.84,194,32.76,None,0,0
S4104,2026-04-30,08:09 PM,Rajendra,Mess,08:04 PM,08:34 PM,0,0,0,0,376.33,23,26.49,Dinner,0,0
S4105,2026-04-09,10:20 AM,Yamuna,Library,0,0,10:11 AM,10:50 AM,09:48 AM,11:29 AM,568.12,125,30.13,None,0,0
S4106,2026-04-10,08:12 PM,Rajendra,Library,0,0,06:39 PM,09:08 PM,06:29 PM,09:40 PM,773.61,119,23.95,None,0,0
S4107,2026-04-14,11:01 AM,Yamuna,Classroom,0,0,0,0,10:39 AM,12:39 PM,250.21,10,0.81,None,1,0
S4108,2026-04-17,05:50 PM,Sarojini,Library,0,0,05:35 PM,07:04 PM,05:18 PM,07:48 PM,995.48,169,24.34,None,0,0
S4109,2026-04-02,12:09 PM,Yamuna,Library,0,0,11:56 AM,02:20 PM,11:40 AM,02:43 PM,895.09,101,19.14,None,1,0
S4110,2026-04-23,10:22 PM,Rajendra,Mess,09:48 PM,10:28 PM,0,0,0,0,263.34,75,25.81,Dinner,0,0
S4111,2026-04-04,02:01 PM,Sarojini,Library,0,0,01:15 PM,02:36 PM,01:07 PM,03:31 PM,832.35,200,28.13,None,0,0
S4112,2026-04-27,07:13 AM,Sarojini,Hostel,0,0,0,0,0,0,225.81,172,29.12,None,0,0
S4113,2026-04-02,01:52 PM,Sarojini,Mess,01:33 PM,02:15 PM,0,0,0,0,586.02,121,31.02,Lunch,0,0
S4114,2026-04-06,02:27 PM,Sarojini,Library,0,0,02:04 PM,02:51 PM,01:57 PM,03:38 PM,737.6,163,16.15,None,0,0
S4115,2026-04-29,07:49 AM,Ganga,Mess,07:33 AM,07:55 AM,0,0,0,0,626.68,147,35.3,Breakfast,0,0
S4116,2026-04-12,03:22 PM,Azad,Classroom,0,0,0,0,03:00 PM,04:01 PM,137.85,151,8.98,None,1,0
S4117,2026-04-11,09:52 AM,Azad,Mess,09:41 AM,10:19 AM,0,0,0,0,434.38,128,37.39,Breakfast,0,0
S4118,2026-04-04,02:14 PM,Azad,Library,0,0,01:38 PM,02:19 PM,01:28 PM,02:33 PM,866.3,28,13.64,None,1,0
S4119,2026-04-12,04:16 AM,Azad,Outside,0,0,0,0,02:35 AM,07:12 AM,305.24,29,2.8,None,0,0
S4120,2026-04-25,09:37 PM,Rajendra,Outside,0,0,0,0,08:53 PM,11:18 PM,169.73,49,6.33,None,0,0
S4121,2026-04-01,11:13 PM,Yamuna,Library,0,0,10:28 PM,11:59 PM,10:08 PM,11:59 PM,812.0,25,16.83,None,0,0
S4122,2026-04-03,12:48 PM,Ganga,Mess,12:26 PM,12:58 PM,0,0,0,0,565.05,170,48.59,Lunch,1,0
S4123,2026-04-20,04:12 PM,Sarojini,Library,0,0,02:38 PM,04:14 PM,02:18 PM,04:36 PM,528.1,124,18.61,None,0,0
S4124,2026-04-17,08:58 PM,Rajendra,Mess,08:47 PM,09:27 PM,0,0,0,0,422.64,54,45.01,Dinner,0,0
S4125,2026-04-29,09:00 PM,Sarojini,Library,0,0,08:38 PM,09:14 PM,08:12 PM,10:12 PM,621.59,44,14.33,None,0,0
S4126,2026-04-21,03:02 PM,Rajendra,Library,0,0,02:07 PM,03:22 PM,01:52 PM,03:34 PM,671.31,35,11.37,None,0,0
S4127,2026-04-29,10:48 AM,Azad,Library,0,0,10:35 AM,12:03 PM,10:13 AM,12:31 PM,867.41,88,19.27,None,1,1
S4128,2026-04-30,05:32 AM,Sarojini,Outside,0,0,0,0,04:26 AM,07:15 AM,399.74,13,1.16,None,0,0
S4129,2026-04-17,03:36 AM,Azad,Hostel,0,0,0,0,0,0,169.58,175,31.73,None,0,0
S4130,2026-04-19,07:50 AM,Ganga,Mess,07:37 AM,08:13 AM,0,0,0,0,463.87,98,37.59,Breakfast,0,0
S4131,2026-04-21,03:27 AM,Yamuna,Outside,0,0,0,0,01:37 AM,05:48 AM,117.89,166,10.41,None,0,0
S4132,2026-04-19,01:32 PM,Rajendra,Library,0,0,12:26 PM,01:42 PM,12:20 PM,02:32 PM,1065.61,99,13.01,None,1,0
S4133,2026-04-28,12:22 PM,Azad,Mess,12:05 PM,01:04 PM,0,0,0,0,530.58,39,33.83,Lunch,1,0
S4134,2026-04-21,03:44 PM,Sarojini,Library,0,0,03:22 PM,04:06 PM,03:12 PM,04:46 PM,950.52,200,30.55,None,0,0
S4135,2026-04-06,09:54 AM,Azad,Library,0,0,09:42 AM,11:25 AM,09:19 AM,12:05 PM,917.99,131,21.41,None,1,1
S4136,2026-04-22,09:42 PM,Azad,Library,0,0,08:57 PM,09:53 PM,08:33 PM,10:08 PM,814.96,140,23.51,None,0,0
S4137,2026-04-05,10:05 AM,Yamuna,Mess,09:38 AM,10:18 AM,0,0,0,0,417.38,126,44.26,Breakfast,1,1
S4138,2026-04-08,08:10 AM,Sarojini,Mess,07:38 AM,08:20 AM,0,0,0,0,548.83,38,25.6,Breakfast,0,0
S4139,2026-04-17,09:28 AM,Rajendra,Mess,09:00 AM,09:38 AM,0,0,0,0,334.05,150,53.75,Breakfast,1,1
S4140,2026-04-21,02:40 PM,Yamuna,Library,0,0,01:50 PM,03:18 PM,01:31 PM,03:59 PM,734.01,176,33.29,None,0,0
S4141,2026-04-20,04:05 AM,Yamuna,Outside,0,0,0,0,03:02 AM,06:10 AM,176.54,144,18.94,None,0,0
S4142,2026-04-22,09:15 PM,Yamuna,Mess,08:47 PM,09:33 PM,0,0,0,0,484.54,180,39.56,Dinner,0,0
S4143,2026-04-07,11:17 AM,Sarojini,Classroom,0,0,0,0,11:03 AM,11:57 AM,326.46,57,7.59,None,1,0
S4144,2026-04-24,10:23 AM,Sarojini,Library,0,0,09:53 AM,12:43 PM,09:23 AM,01:19 PM,844.02,31,11.54,None,0,0
S4145,2026-04-23,06:42 PM,Azad,Outside,0,0,0,0,06:07 PM,07:50 PM,287.07,30,2.65,None,0,0
S4146,2026-04-25,08:08 PM,Ganga,Mess,07:48 PM,08:19 PM,0,0,0,0,367.25,124,57.97,Dinner,0,0
S4147,2026-04-27,08:13 AM,Yamuna,Mess,07:51 AM,08:38 AM,0,0,0,0,448.21,138,57.74,Breakfast,0,0
S4148,2026-04-04,02:33 PM,Azad,Mess,02:15 PM,02:57 PM,0,0,0,0,430.77,140,31.34,Lunch,0,0
S4149,2026-04-23,07:57 PM,Yamuna,Mess,07:33 PM,08:01 PM,0,0,0,0,432.8,33,24.76,Dinner,0,0
S4150,2026-04-06,10:55 PM,Azad,Outside,0,0,0,0,09:04 PM,11:59 PM,114.99,151,10.52,None,0,0
S4151,2026-04-30,01:12 PM,Ganga,Mess,12:37 PM,01:14 PM,0,0,0,0,412.19,198,55.1,Lunch,0,0
S4152,2026-04-17,10:51 PM,Sarojini,Library,0,0,08:53 PM,11:14 PM,08:31 PM,11:51 PM,915.37,196,32.86,None,0,0
S4153,2026-04-27,03:34 PM,Azad,Classroom,0,0,0,0,02:54 PM,04:44 PM,200.95,134,10.59,None,1,0
S4154,2026-04-20,09:40 PM,Rajendra,Mess,09:10 PM,09:49 PM,0,0,0,0,605.23,109,46.47,Dinner,0,0
S4155,2026-04-23,09:33 PM,Sarojini,Library,0,0,08:13 PM,09:37 PM,07:48 PM,10:26 PM,814.01,64,11.65,None,0,0
S4156,2026-04-23,06:30 AM,Rajendra,Hostel,0,0,0,0,0,0,345.01,108,32.69,None,0,0
S4157,2026-04-01,03:39 PM,Rajendra,Library,0,0,02:15 PM,03:51 PM,01:52 PM,04:39 PM,893.14,115,24.61,None,1,0
S4158,2026-04-08,02:00 PM,Ganga,Mess,01:36 PM,02:30 PM,0,0,0,0,531.34,98,38.51,Lunch,0,0
S4159,2026-04-09,09:59 PM,Ganga,Library,0,0,09:06 PM,09:59 PM,08:55 PM,10:27 PM,551.52,177,31.08,None,0,0
S4160,2026-04-26,09:57 AM,Yamuna,Mess,09:52 AM,10:40 AM,0,0,0,0,505.56,156,52.16,Breakfast,0,0
S4161,2026-04-11,09:32 PM,Sarojini,Mess,09:20 PM,09:57 PM,0,0,0,0,354.55,120,32.9,Dinner,0,0
S4162,2026-04-23,02:11 PM,Yamuna,Library,0,0,01:41 PM,02:16 PM,01:14 PM,02:39 PM,793.09,22,14.02,None,0,0
S4163,2026-04-27,12:50 PM,Azad,Mess,12:17 PM,01:02 PM,0,0,0,0,437.06,75,42.96,Lunch,1,0
S4164,2026-04-23,09:19 AM,Azad,Mess,08:36 AM,09:25 AM,0,0,0,0,593.74,196,63.37,Breakfast,1,1
S4165,2026-04-26,05:16 PM,Yamuna,Outside,0,0,0,0,03:24 PM,07:28 PM,206.38,135,19.1,None,0,0
S4166,2026-04-15,08:18 PM,Yamuna,Outside,0,0,0,0,07:44 PM,10:26 PM,374.16,147,21.47,None,0,0
S4167,2026-04-26,09:25 AM,Yamuna,Mess,09:09 AM,09:30 AM,0,0,0,0,610.32,168,46.76,Breakfast,0,0
S4168,2026-04-12,01:43 PM,Sarojini,Hostel,0,0,0,0,0,0,344.87,38,23.71,None,1,0
S4169,2026-04-10,07:11 PM,Yamuna,Hostel,0,0,0,0,0,0,177.41,109,31.6,None,0,0
S4170,2026-04-04,08:26 PM,Azad,Mess,08:11 PM,08:51 PM,0,0,0,0,457.77,90,30.7,Dinner,0,0
S4171,2026-04-20,09:38 AM,Azad,Classroom,0,0,0,0,09:18 AM,11:09 AM,243.28,74,6.44,None,1,1
S4172,2026-04-08,01:20 PM,Ganga,Mess,01:06 PM,01:28 PM,0,0,0,0,529.39,131,46.94,Lunch,0,0
S4173,2026-04-05,03:54 PM,Rajendra,Hostel,0,0,0,0,0,0,343.13,44,15.39,None,0,0
S4174,2026-04-03,06:51 PM,Azad,Library,0,0,05:24 PM,07:15 PM,05:10 PM,07:32 PM,593.57,69,16.42,None,0,0
S4175,2026-05-01,09:46 AM,Yamuna,Hostel,0,0,0,0,0,0,274.13,91,22.65,None,0,0
S4176,2026-05-01,04:12 PM,Ganga,Hostel,0,0,0,0,0,0,154.24,146,27.8,None,1,1
S4177,2026-04-02,03:35 AM,Ganga,Outside,0,0,0,0,02:22 AM,06:34 AM,317.66,140,13.52,None,0,0
S4178,2026-04-17,12:47 PM,Rajendra,Mess,12:44 PM,01:34 PM,0,0,0,0,235.83,79,35.53,Lunch,0,0
S4179,2026-04-17,03:12 PM,Rajendra,Outside,0,0,0,0,02:23 PM,05:47 PM,128.95,161,16.45,None,1,0
S4180,2026-04-26,06:30 AM,Azad,Outside,0,0,0,0,05:04 AM,08:23 AM,304.87,91,9.7,None,0,0
S4181,2026-04-07,01:17 PM,Rajendra,Mess,01:11 PM,02:01 PM,0,0,0,0,521.42,47,25.74,Lunch,1,0
S4182,2026-04-03,09:21 AM,Yamuna,Outside,0,0,0,0,08:11 AM,10:26 AM,284.59,95,10.74,None,0,0
S4183,2026-04-14,07:55 PM,Sarojini,Mess,07:33 PM,08:21 PM,0,0,0,0,491.66,179,42.47,Dinner,0,0
S4184,2026-04-01,02:33 PM,Azad,Hostel,0,0,0,0,0,0,163.78,63,26.14,None,0,0
S4185,2026-04-15,02:26 AM,Rajendra,Hostel,0,0,0,0,0,0,305.52,119,31.51,None,0,0
S4186,2026-04-03,03:16 PM,Ganga,Hostel,0,0,0,0,0,0,277.99,178,39.68,None,0,0
S4187,2026-04-22,07:49 AM,Azad,Mess,07:33 AM,07:56 AM,0,0,0,0,348.95,61,40.81,Breakfast,0,0
S4188,2026-04-29,09:31 PM,Rajendra,Library,0,0,09:29 PM,10:03 PM,09:04 PM,10:40 PM,1039.97,40,17.5,None,0,0
S4189,2026-04-13,08:23 PM,Ganga,Library,0,0,06:25 PM,08:38 PM,06:01 PM,08:58 PM,850.62,21,10.88,None,0,0
S4190,2026-04-26,08:00 PM,Sarojini,Library,0,0,07:33 PM,08:16 PM,07:19 PM,09:06 PM,772.01,160,26.91,None,0,0
S4191,2026-04-24,09:55 AM,Sarojini,Mess,09:53 AM,10:13 AM,0,0,0,0,457.72,173,48.37,Breakfast,1,1
S4192,2026-04-28,09:27 PM,Rajendra,Library,0,0,07:43 PM,10:00 PM,07:27 PM,10:28 PM,475.12,93,18.73,None,0,0
S4193,2026-04-12,10:22 PM,Yamuna,Library,0,0,09:33 PM,11:59 PM,09:16 PM,11:59 PM,581.02,192,21.18,None,0,0
S4194,2026-04-29,07:51 PM,Rajendra,Outside,0,0,0,0,06:14 PM,10:25 PM,311.92,113,12.98,None,0,0
S4195,2026-04-22,03:49 PM,Sarojini,Library,0,0,03:09 PM,03:59 PM,02:54 PM,04:46 PM,884.61,116,18.87,None,1,0
S4196,2026-04-09,03:44 PM,Azad,Hostel,0,0,0,0,0,0,303.51,11,25.31,None,0,0
S4197,2026-04-18,01:42 PM,Sarojini,Mess,01:12 PM,01:59 PM,0,0,0,0,330.3,173,46.99,Lunch,0,0
S4198,2026-04-28,09:04 AM,Ganga,Mess,08:47 AM,09:19 AM,0,0,0,0,430.79,146,46.87,Breakfast,0,0
S4199,2026-04-16,09:10 AM,Yamuna,Outside,0,0,0,0,08:20 AM,11:46 AM,324.38,94,7.19,None,0,0
S4200,2026-04-30,09:49 PM,Sarojini,Library,0,0,09:49 PM,10:22 PM,09:27 PM,11:02 PM,653.68,11,7.54,None,0,0
S4201,2026-04-03,01:05 PM,Azad,Library,0,0,12:24 PM,01:09 PM,12:03 PM,02:03 PM,811.21,170,19.6,None,0,0
S4202,2026-04-23,05:22 PM,Ganga,Library,0,0,05:09 PM,07:47 PM,04:44 PM,08:31 PM,550.71,192,35.35,None,0,0
S4203,2026-04-14,02:56 PM,Yamuna,Library,0,0,01:14 PM,03:10 PM,12:48 PM,03:49 PM,712.37,109,13.83,None,1,0
S4204,2026-04-27,10:25 PM,Ganga,Library,0,0,09:40 PM,10:29 PM,09:18 PM,10:43 PM,867.55,139,24.31,None,0,0
S4205,2026-04-01,04:52 PM,Yamuna,Classroom,0,0,0,0,04:34 PM,06:18 PM,361.86,143,8.55,None,1,1
S4206,2026-04-30,11:31 AM,Sarojini,Library,0,0,11:18 AM,11:48 AM,10:57 AM,12:38 PM,657.23,85,20.99,None,0,0
S4207,2026-04-29,02:26 PM,Ganga,Mess,02:07 PM,02:42 PM,0,0,0,0,517.49,102,35.07,Lunch,0,0
S4208,2026-04-17,11:17 PM,Sarojini,Library,0,0,10:38 PM,11:59 PM,10:18 PM,11:59 PM,584.17,191,25.16,None,0,0
S4209,2026-04-27,10:03 PM,Sarojini,Mess,09:42 PM,10:42 PM,0,0,0,0,604.29,95,32.47,Dinner,0,0
S4210,2026-04-30,05:44 PM,Ganga,Library,0,0,05:26 PM,07:25 PM,05:06 PM,07:48 PM,631.57,28,11.86,None,0,0
S4211,2026-04-03,01:12 AM,Ganga,Hostel,0,0,0,0,0,0,106.61,155,30.08,None,0,0
S4212,2026-04-09,03:27 PM,Rajendra,Classroom,0,0,0,0,02:57 PM,05:26 PM,243.49,106,11.22,None,1,0
S4213,2026-04-25,07:52 AM,Yamuna,Hostel,0,0,0,0,0,0,109.38,131,29.13,None,0,0
S4214,2026-04-17,09:57 PM,Rajendra,Hostel,0,0,0,0,0,0,1417.53,170,25.77,None,0,0
S4215,2026-04-21,07:53 PM,Rajendra,Mess,07:51 PM,08:38 PM,0,0,0,0,394.37,107,37.93,Dinner,0,0
S4216,2026-04-22,12:56 PM,Rajendra,Mess,12:45 PM,01:26 PM,0,0,0,0,629.73,188,57.75,Lunch,0,0
S4217,2026-04-14,06:57 PM,Azad,Outside,0,0,0,0,05:36 PM,08:59 PM,178.0,10,1.04,None,0,0
S4218,2026-04-24,02:12 PM,Sarojini,Mess,01:23 PM,02:14 PM,0,0,0,0,448.6,37,31.24,Lunch,1,0
S4219,2026-04-17,12:29 PM,Sarojini,Mess,12:28 PM,12:48 PM,0,0,0,0,487.6,195,56.55,Lunch,0,0
S4220,2026-04-15,01:44 PM,Azad,Classroom,0,0,0,0,01:07 PM,03:34 PM,237.38,23,1.63,None,1,0
S4221,2026-04-06,10:13 PM,Yamuna,Library,0,0,09:51 PM,10:35 PM,09:36 PM,11:27 PM,868.99,49,13.12,None,0,0
S4222,2026-04-23,05:24 PM,Azad,Classroom,0,0,0,0,04:50 PM,06:22 PM,209.27,132,17.13,None,1,1
S4223,2026-04-27,02:06 PM,Yamuna,Mess,01:42 PM,02:20 PM,0,0,0,0,493.02,154,56.21,Lunch,0,0
S4224,2026-04-20,02:37 PM,Rajendra,Library,0,0,01:49 PM,02:53 PM,01:36 PM,03:52 PM,685.26,92,22.05,None,1,0
S4225,2026-04-19,08:43 PM,Ganga,Library,0,0,07:36 PM,09:58 PM,07:15 PM,10:35 PM,607.56,59,16.74,None,0,0
S4226,2026-04-13,10:21 AM,Azad,Library,0,0,10:00 AM,11:27 AM,09:53 AM,12:09 PM,837.71,77,13.7,None,1,1
S4227,2026-04-25,03:06 PM,Azad,Mess,02:17 PM,03:07 PM,0,0,0,0,271.76,143,47.73,Lunch,0,0
S4228,2026-04-27,09:55 PM,Yamuna,Library,0,0,08:39 PM,10:51 PM,08:16 PM,11:41 PM,757.0,64,15.06,None,0,0
S4229,2026-04-09,03:06 PM,Yamuna,Library,0,0,01:32 PM,04:01 PM,01:20 PM,04:28 PM,521.2,112,27.73,None,1,0
S4230,2026-04-28,08:54 PM,Rajendra,Mess,08:52 PM,09:23 PM,0,0,0,0,477.72,99,50.48,Dinner,0,0
S4231,2026-04-15,10:29 AM,Yamuna,Classroom,0,0,0,0,10:15 AM,11:27 AM,322.76,75,8.89,None,1,1
S4232,2026-04-26,08:18 AM,Yamuna,Mess,08:09 AM,09:06 AM,0,0,0,0,252.99,39,23.09,Breakfast,0,0
S4233,2026-04-17,03:06 PM,Rajendra,Mess,02:59 PM,03:26 PM,0,0,0,0,572.0,176,45.2,Lunch,1,0
S4234,2026-04-05,09:26 AM,Sarojini,Mess,08:31 AM,09:29 AM,0,0,0,0,520.8,28,41.64,Breakfast,0,0
S4235,2026-04-15,10:55 PM,Rajendra,Library,0,0,10:36 PM,11:28 PM,10:27 PM,11:59 PM,865.15,26,14.8,None,0,0
S4236,2026-04-08,04:23 PM,Ganga,Library,0,0,03:26 PM,06:09 PM,03:00 PM,06:23 PM,791.63,64,16.98,None,1,1
S4237,2026-04-14,09:09 AM,Azad,Mess,08:50 AM,09:36 AM,0,0,0,0,420.61,154,55.57,Breakfast,1,1
S4238,2026-04-23,08:05 AM,Rajendra,Outside,0,0,0,0,07:01 AM,10:25 AM,144.9,28,4.15,None,0,0
S4239,2026-04-06,10:45 PM,Ganga,Library,0,0,09:43 PM,10:51 PM,09:13 PM,11:51 PM,805.59,55,13.02,None,0,0
S4240,2026-04-08,07:09 PM,Azad,Library,0,0,05:17 PM,07:36 PM,05:09 PM,07:57 PM,549.31,107,18.92,None,0,0
S4241,2026-04-03,01:46 PM,Yamuna,Mess,01:08 PM,01:57 PM,0,0,0,0,473.36,89,28.84,Lunch,0,0
S4242,2026-04-02,01:10 AM,Sarojini,Outside,0,0,0,0,12:29 AM,02:40 AM,343.1,197,23.14,None,0,0
S4243,2026-04-30,02:06 PM,Ganga,Mess,02:06 PM,02:50 PM,0,0,0,0,260.56,194,36.59,Lunch,0,0
S4244,2026-04-09,03:55 PM,Sarojini,Hostel,0,0,0,0,0,0,316.75,172,46.07,None,0,0
S4245,2026-04-14,01:52 PM,Yamuna,Hostel,0,0,0,0,0,0,247.28,98,23.66,None,0,0
S4246,2026-04-06,10:25 PM,Rajendra,Library,0,0,10:17 PM,11:14 PM,09:47 PM,11:53 PM,670.92,177,30.07,None,0,0
S4247,2026-05-01,08:25 PM,Azad,Mess,07:44 PM,08:40 PM,0,0,0,0,610.1,58,29.11,Dinner,0,0
S4248,2026-04-17,02:54 PM,Yamuna,Library,0,0,12:31 PM,03:11 PM,12:15 PM,03:26 PM,437.5,122,20.48,None,0,0
S4249,2026-04-01,05:17 AM,Sarojini,Outside,0,0,0,0,04:21 AM,07:33 AM,360.88,101,7.22,None,0,0
S4250,2026-04-07,08:13 PM,Yamuna,Outside,0,0,0,0,07:39 PM,10:33 PM,275.93,49,3.07,None,0,0
S4251,2026-04-26,12:22 PM,Ganga,Mess,12:05 PM,12:33 PM,0,0,0,0,487.46,142,37.87,Lunch,1,0
S4252,2026-04-06,11:50 PM,Azad,Outside,0,0,0,0,10:58 PM,11:59 PM,219.94,200,24.03,None,0,0
S4253,2026-04-30,02:41 PM,Ganga,Library,0,0,01:44 PM,02:51 PM,01:38 PM,03:34 PM,663.72,120,32.38,None,1,0
S4254,2026-04-24,01:58 PM,Rajendra,Mess,01:25 PM,01:58 PM,0,0,0,0,416.75,86,32.09,Lunch,0,0
S4255,2026-04-21,01:33 PM,Azad,Mess,01:01 PM,01:33 PM,0,0,0,0,330.68,131,36.5,Lunch,1,0
S4256,2026-04-05,11:09 PM,Sarojini,Library,0,0,10:41 PM,11:59 PM,10:25 PM,11:59 PM,720.14,126,24.34,None,0,0
S4257,2026-04-27,12:34 AM,Yamuna,Outside,0,0,0,0,0,02:44 AM,253.51,194,10.96,None,0,0
S4258,2026-04-28,09:36 AM,Rajendra,Library,0,0,09:22 AM,11:15 AM,08:59 AM,12:07 PM,846.27,75,18.59,None,0,0
S4259,2026-04-21,11:03 AM,Rajendra,Hostel,0,0,0,0,0,0,128.39,166,20.68,None,0,0
S4260,2026-04-27,02:25 AM,Rajendra,Hostel,0,0,0,0,0,0,382.25,121,20.69,None,0,0
S4261,2026-04-23,12:03 AM,Yamuna,Hostel,0,0,0,0,0,0,116.66,134,34.25,None,0,0
S4262,2026-04-01,10:12 AM,Azad,Mess,09:58 AM,10:19 AM,0,0,0,0,407.26,160,49.67,Breakfast,1,1
S4263,2026-04-29,08:57 AM,Yamuna,Mess,08:49 AM,09:28 AM,0,0,0,0,408.84,22,38.02,Breakfast,0,0
S4264,2026-04-27,04:10 PM,Sarojini,Hostel,0,0,0,0,0,0,390.66,86,26.07,None,1,1
S4265,2026-04-09,02:01 PM,Yamuna,Mess,01:53 PM,02:37 PM,0,0,0,0,505.07,158,46.43,Lunch,0,0
S4266,2026-04-02,04:14 AM,Sarojini,Outside,0,0,0,0,03:04 AM,07:02 AM,275.18,15,1.26,None,0,0
S4267,2026-04-11,11:35 PM,Rajendra,Library,0,0,10:03 PM,11:53 PM,09:47 PM,11:59 PM,804.08,167,34.24,None,0,0
S4268,2026-05-01,03:32 PM,Yamuna,Hostel,0,0,0,0,0,0,119.66,175,26.51,None,1,0
S4269,2026-04-11,08:01 PM,Sarojini,Mess,07:49 PM,08:43 PM,0,0,0,0,392.89,146,47.6,Dinner,0,0
S4270,2026-04-02,10:39 AM,Yamuna,Library,0,0,09:07 AM,11:24 AM,08:38 AM,12:22 PM,686.15,193,27.86,None,0,0
S4271,2026-04-06,09:23 AM,Sarojini,Hostel,0,0,0,0,0,0,177.95,126,30.84,None,0,0
S4272,2026-04-03,07:33 PM,Rajendra,Outside,0,0,0,0,05:57 PM,09:27 PM,389.84,184,18.0,None,0,0
S4273,2026-04-17,06:45 PM,Ganga,Library,0,0,06:26 PM,07:21 PM,05:56 PM,07:40 PM,790.2,78,20.96,None,0,0
S4274,2026-04-17,09:21 AM,Rajendra,Mess,08:56 AM,09:30 AM,0,0,0,0,429.66,91,49.52,Breakfast,1,1
S4275,2026-04-18,10:15 PM,Rajendra,Outside,0,0,0,0,09:21 PM,11:59 PM,206.18,181,23.76,None,0,0
S4276,2026-04-04,07:22 PM,Yamuna,Mess,07:16 PM,08:00 PM,0,0,0,0,623.24,20,39.1,Dinner,0,0
S4277,2026-04-08,11:13 AM,Azad,Library,0,0,10:52 AM,11:22 AM,10:45 AM,11:34 AM,652.19,182,27.82,None,1,0
S4278,2026-04-11,10:04 PM,Sarojini,Mess,09:53 PM,10:36 PM,0,0,0,0,362.53,155,47.95,Dinner,0,0
S4279,2026-04-29,08:48 PM,Ganga,Library,0,0,07:22 PM,09:47 PM,07:17 PM,10:23 PM,862.18,129,25.6,None,0,0
S4280,2026-04-11,07:01 AM,Azad,Mess,07:00 AM,07:29 AM,0,0,0,0,445.55,183,53.49,Breakfast,0,0
S4281,2026-04-24,09:04 AM,Azad,Mess,08:56 AM,09:36 AM,0,0,0,0,651.63,115,41.87,Breakfast,1,1
S4282,2026-05-01,01:10 PM,Yamuna,Library,0,0,10:35 AM,01:27 PM,10:11 AM,01:41 PM,553.76,19,15.55,None,1,0
S4283,2026-04-10,02:35 PM,Yamuna,Library,0,0,02:32 PM,03:16 PM,02:15 PM,03:50 PM,695.58,146,31.61,None,0,0
S4284,2026-05-01,07:35 AM,Azad,Mess,07:12 AM,07:53 AM,0,0,0,0,313.09,178,44.16,Breakfast,0,0
S4285,2026-04-15,12:46 PM,Azad,Hostel,0,0,0,0,0,0,318.9,133,36.27,None,0,0
S4286,2026-04-17,10:00 AM,Ganga,Mess,09:22 AM,10:19 AM,0,0,0,0,510.02,145,28.75,Breakfast,0,0
S4287,2026-04-17,12:18 PM,Rajendra,Library,0,0,12:09 PM,01:42 PM,11:43 AM,01:53 PM,759.48,163,26.61,None,0,0
S4288,2026-04-28,01:39 PM,Ganga,Library,0,0,11:22 AM,02:20 PM,11:14 AM,03:05 PM,460.24,129,15.61,None,0,0
S4289,2026-04-06,01:36 PM,Azad,Mess,01:18 PM,01:50 PM,0,0,0,0,287.48,159,45.74,Lunch,0,0
S4290,2026-05-01,07:45 PM,Ganga,Mess,07:42 PM,08:20 PM,0,0,0,0,382.72,90,40.59,Dinner,0,0
S4291,2026-04-21,01:17 PM,Ganga,Library,0,0,11:46 AM,01:30 PM,11:25 AM,02:01 PM,691.17,117,26.39,None,0,0
S4292,2026-04-02,02:46 PM,Yamuna,Library,0,0,01:54 PM,02:50 PM,01:26 PM,03:24 PM,456.64,75,10.55,None,1,0
S4293,2026-04-17,09:50 AM,Rajendra,Library,0,0,09:11 AM,10:08 AM,08:41 AM,11:00 AM,509.28,132,26.75,None,0,0
S4294,2026-04-13,03:30 AM,Sarojini,Hostel,0,0,0,0,0,0,221.31,121,20.44,None,0,0
S4295,2026-04-24,05:12 PM,Yamuna,Outside,0,0,0,0,04:24 PM,07:47 PM,331.57,137,17.29,None,0,0
S4296,2026-04-24,10:04 PM,Azad,Library,0,0,10:04 PM,10:39 PM,09:43 PM,11:28 PM,472.15,108,22.82,None,0,0
S4297,2026-04-04,10:59 AM,Azad,Library,0,0,10:05 AM,11:05 AM,09:38 AM,11:26 AM,474.41,81,19.7,None,0,0
S4298,2026-04-21,10:01 AM,Rajendra,Outside,0,0,0,0,08:01 AM,12:13 PM,302.32,124,14.83,None,0,0
S4299,2026-04-22,01:50 PM,Sarojini,Mess,01:02 PM,02:00 PM,0,0,0,0,509.23,125,38.15,Lunch,1,0
S4300,2026-05-01,09:30 PM,Rajendra,Mess,09:15 PM,10:08 PM,0,0,0,0,597.31,117,44.53,Dinner,0,0
S4301,2026-04-26,09:32 AM,Ganga,Mess,09:25 AM,10:23 AM,0,0,0,0,411.36,76,34.09,Breakfast,1,1
S4302,2026-04-23,06:55 PM,Rajendra,Hostel,0,0,0,0,0,0,325.33,184,44.8,None,0,0
S4303,2026-04-16,05:10 AM,Rajendra,Outside,0,0,0,0,04:20 AM,07:29 AM,186.62,92,13.41,None,0,0
S4304,2026-04-02,12:04 PM,Yamuna,Classroom,0,0,0,0,11:48 AM,01:45 PM,282.07,93,8.4,None,1,0
S4305,2026-04-29,02:25 AM,Ganga,Hostel,0,0,0,0,0,0,290.37,17,19.96,None,0,0
S4306,2026-04-16,12:51 PM,Sarojini,Hostel,0,0,0,0,0,0,257.93,184,27.55,None,0,0
S4307,2026-04-28,09:17 PM,Yamuna,Library,0,0,07:39 PM,10:38 PM,07:17 PM,11:24 PM,863.34,100,27.15,None,0,0
S4308,2026-04-08,09:59 AM,Azad,Hostel,0,0,0,0,0,0,275.09,114,29.66,None,0,0
S4309,2026-04-17,12:33 AM,Azad,Outside,0,0,0,0,0,02:13 AM,355.13,102,9.8,None,0,0
S4310,2026-04-07,04:16 AM,Yamuna,Outside,0,0,0,0,03:40 AM,06:28 AM,175.86,156,11.98,None,0,0
S4311,2026-04-24,09:58 PM,Azad,Mess,09:19 PM,10:12 PM,0,0,0,0,452.34,182,53.54,Dinner,0,0
S4312,2026-04-29,04:40 AM,Ganga,Outside,0,0,0,0,03:28 AM,05:54 AM,236.25,117,15.59,None,0,0
S4313,2026-04-01,03:19 PM,Ganga,Mess,02:52 PM,03:35 PM,0,0,0,0,567.53,115,46.78,Lunch,1,0
S4314,2026-04-12,07:55 AM,Rajendra,Mess,07:12 AM,07:59 AM,0,0,0,0,516.82,35,33.37,Breakfast,0,0
S4315,2026-04-15,10:45 AM,Ganga,Hostel,0,0,0,0,0,0,345.35,79,31.93,None,1,1
S4316,2026-04-13,10:25 AM,Ganga,Classroom,0,0,0,0,09:54 AM,12:15 PM,270.66,128,15.05,None,1,1
S4317,2026-04-11,07:44 PM,Azad,Mess,07:09 PM,07:50 PM,0,0,0,0,463.3,136,35.27,Dinner,0,0
S4318,2026-04-11,01:00 PM,Yamuna,Mess,12:32 PM,01:05 PM,0,0,0,0,420.81,174,55.79,Lunch,1,0
S4319,2026-04-25,01:19 AM,Yamuna,Outside,0,0,0,0,0,02:33 AM,188.94,36,4.21,None,0,0
S4320,2026-04-18,02:23 PM,Rajendra,Mess,02:06 PM,02:26 PM,0,0,0,0,425.87,165,40.22,Lunch,0,0
S4321,2026-04-26,12:49 PM,Azad,Library,0,0,11:51 AM,01:55 PM,11:23 AM,02:08 PM,474.77,189,35.49,None,0,0
S4322,2026-04-01,11:41 PM,Azad,Outside,0,0,0,0,09:47 PM,11:59 PM,395.37,64,8.86,None,0,0
S4323,2026-04-18,09:57 PM,Yamuna,Library,0,0,09:22 PM,10:12 PM,09:07 PM,11:07 PM,959.8,173,33.8,None,0,0
S4324,2026-04-16,05:26 PM,Ganga,Library,0,0,04:06 PM,06:27 PM,03:42 PM,07:27 PM,854.9,153,23.55,None,0,0
S4325,2026-04-04,08:58 AM,Azad,Outside,0,0,0,0,07:55 AM,10:15 AM,224.0,132,18.33,None,0,0
S4326,2026-04-26,05:37 PM,Azad,Library,0,0,04:31 PM,06:14 PM,04:04 PM,06:32 PM,733.98,25,12.28,None,0,0
S4327,2026-04-09,12:40 PM,Sarojini,Library,0,0,11:11 AM,01:45 PM,10:41 AM,02:10 PM,811.52,10,15.98,None,0,0
S4328,2026-04-27,01:40 PM,Azad,Classroom,0,0,0,0,01:20 PM,02:36 PM,121.44,135,14.09,None,1,0
S4329,2026-04-04,01:56 PM,Sarojini,Mess,01:14 PM,02:01 PM,0,0,0,0,590.94,116,40.43,Lunch,0,0
S4330,2026-04-14,05:02 PM,Sarojini,Hostel,0,0,0,0,0,0,242.95,119,30.19,None,0,0
S4331,2026-04-23,12:47 PM,Azad,Hostel,0,0,0,0,0,0,164.9,150,41.68,None,0,0
S4332,2026-04-24,06:01 PM,Azad,Library,0,0,05:48 PM,06:38 PM,05:42 PM,06:51 PM,532.19,54,14.16,None,0,0
S4333,2026-05-01,12:05 PM,Azad,Mess,12:01 PM,12:23 PM,0,0,0,0,426.68,133,40.53,Lunch,0,0
S4334,2026-04-02,08:42 PM,Yamuna,Mess,08:29 PM,08:52 PM,0,0,0,0,461.35,196,56.52,Dinner,0,0
S4335,2026-04-12,07:25 PM,Rajendra,Mess,07:16 PM,08:00 PM,0,0,0,0,593.82,166,48.94,Dinner,0,0
S4336,2026-04-03,05:50 AM,Rajendra,Outside,0,0,0,0,05:04 AM,07:32 AM,283.56,157,14.32,None,0,0
S4337,2026-04-02,01:43 PM,Yamuna,Mess,01:28 PM,02:15 PM,0,0,0,0,445.57,27,28.99,Lunch,1,0
S4338,2026-04-14,12:19 PM,Ganga,Library,0,0,10:24 AM,01:01 PM,10:02 AM,01:46 PM,751.56,188,30.41,None,0,0
S4339,2026-04-06,09:53 AM,Yamuna,Mess,09:14 AM,10:09 AM,0,0,0,0,436.41,13,27.61,Breakfast,1,1
S4340,2026-04-17,01:23 PM,Sarojini,Mess,01:19 PM,01:54 PM,0,0,0,0,335.78,36,25.66,Lunch,0,0
S4341,2026-05-01,11:59 PM,Azad,Library,0,0,10:28 PM,11:59 PM,10:03 PM,11:59 PM,952.23,145,20.36,None,0,0
S4342,2026-04-27,08:30 AM,Rajendra,Mess,07:38 AM,08:31 AM,0,0,0,0,598.51,173,46.83,Breakfast,0,0
S4343,2026-04-12,11:23 PM,Azad,Library,0,0,09:39 PM,11:26 PM,09:23 PM,11:39 PM,639.82,167,23.54,None,0,0
S4344,2026-04-20,10:16 AM,Ganga,Library,0,0,10:01 AM,11:45 AM,09:37 AM,12:36 PM,919.04,102,16.03,None,1,1
S4345,2026-04-09,12:32 PM,Sarojini,Library,0,0,10:10 AM,01:10 PM,10:05 AM,02:02 PM,874.49,163,29.94,None,0,0
S4346,2026-04-30,03:28 PM,Rajendra,Library,0,0,02:34 PM,03:50 PM,02:18 PM,04:28 PM,554.43,29,11.25,None,1,0
S4347,2026-04-28,07:36 PM,Ganga,Mess,07:12 PM,07:43 PM,0,0,0,0,564.87,85,29.52,Dinner,0,0
S4348,2026-04-09,08:03 AM,Sarojini,Mess,07:38 AM,08:15 AM,0,0,0,0,435.27,64,29.51,Breakfast,0,0
S4349,2026-04-30,04:44 AM,Yamuna,Hostel,0,0,0,0,0,0,365.91,50,17.14,None,0,0
S4350,2026-04-08,08:38 AM,Rajendra,Mess,08:20 AM,08:48 AM,0,0,0,0,515.07,103,43.82,Breakfast,0,0
S4351,2026-04-23,07:35 PM,Yamuna,Library,0,0,06:35 PM,09:01 PM,06:11 PM,09:24 PM,686.3,79,16.22,None,0,0
S4352,2026-04-02,09:20 PM,Rajendra,Mess,08:56 PM,09:41 PM,0,0,0,0,278.39,16,35.89,Dinner,0,0
S4353,2026-04-20,09:44 PM,Sarojini,Outside,0,0,0,0,09:06 PM,11:05 PM,169.31,73,3.9,None,0,0
S4354,2026-04-19,03:18 PM,Yamuna,Mess,02:31 PM,03:18 PM,0,0,0,0,496.3,143,50.93,Lunch,0,0
S4355,2026-04-07,02:55 AM,Yamuna,Outside,0,0,0,0,01:31 AM,04:23 AM,165.87,90,13.25,None,0,0
S4356,2026-04-14,04:28 AM,Rajendra,Outside,0,0,0,0,02:56 AM,05:39 AM,302.44,166,12.64,None,0,0
S4357,2026-04-16,10:01 PM,Rajendra,Mess,09:29 PM,10:19 PM,0,0,0,0,327.04,173,55.64,Dinner,0,0
S4358,2026-04-21,08:44 AM,Ganga,Hostel,0,0,0,0,0,0,286.24,120,24.24,None,0,0
S4359,2026-04-18,09:27 AM,Ganga,Mess,09:21 AM,09:59 AM,0,0,0,0,331.9,41,40.61,Breakfast,0,0
S4360,2026-04-30,12:02 PM,Sarojini,Outside,0,0,0,0,11:16 AM,02:03 PM,225.24,85,7.39,None,0,0
S4361,2026-04-20,02:43 AM,Rajendra,Outside,0,0,0,0,01:32 AM,05:30 AM,235.0,79,6.45,None,0,0
S4362,2026-04-28,09:43 AM,Yamuna,Mess,09:35 AM,10:01 AM,0,0,0,0,525.7,22,23.93,Breakfast,0,0
S4363,2026-04-22,12:27 PM,Yamuna,Hostel,0,0,0,0,0,0,253.92,80,30.59,None,0,0
S4364,2026-04-24,09:28 PM,Yamuna,Library,0,0,08:31 PM,09:42 PM,08:11 PM,10:20 PM,836.92,54,18.88,None,0,0
S4365,2026-04-18,11:36 AM,Sarojini,Library,0,0,10:02 AM,12:29 PM,09:52 AM,01:28 PM,797.55,29,16.09,None,1,0
S4366,2026-05-01,12:28 AM,Azad,Outside,0,0,0,0,0,02:45 AM,140.13,41,5.07,None,0,0
S4367,2026-04-23,03:02 PM,Ganga,Mess,02:53 PM,03:24 PM,0,0,0,0,568.46,54,33.42,Lunch,0,0
S4368,2026-04-03,02:53 PM,Azad,Mess,02:40 PM,03:12 PM,0,0,0,0,640.04,187,46.25,Lunch,0,0
S4369,2026-04-15,09:07 PM,Azad,Mess,08:55 PM,09:51 PM,0,0,0,0,473.5,152,52.49,Dinner,0,0
S4370,2026-04-05,10:51 AM,Azad,Library,0,0,09:35 AM,11:52 AM,09:14 AM,12:44 PM,1009.22,34,16.43,None,0,0
S4371,2026-04-11,08:22 AM,Yamuna,Mess,08:19 AM,09:00 AM,0,0,0,0,526.75,59,44.5,Breakfast,0,0
S4372,2026-04-17,09:58 AM,Yamuna,Library,0,0,09:55 AM,12:18 PM,09:25 AM,01:00 PM,865.09,199,18.02,None,0,0
S4373,2026-04-09,12:25 PM,Ganga,Library,0,0,12:09 PM,01:19 PM,11:57 AM,01:49 PM,789.03,27,9.44,None,1,0
S4374,2026-04-04,06:35 PM,Sarojini,Library,0,0,06:27 PM,07:08 PM,06:21 PM,07:52 PM,428.79,68,9.11,None,0,0
S4375,2026-04-01,03:35 PM,Rajendra,Library,0,0,02:31 PM,04:01 PM,02:25 PM,04:48 PM,813.85,198,34.05,None,0,0
S4376,2026-04-17,04:29 PM,Sarojini,Library,0,0,03:34 PM,04:46 PM,03:04 PM,05:35 PM,641.5,46,17.68,None,1,1
S4377,2026-04-27,02:38 PM,Ganga,Library,0,0,12:58 PM,02:47 PM,12:52 PM,03:46 PM,507.62,74,12.29,None,0,0
S4378,2026-04-22,11:40 PM,Sarojini,Outside,0,0,0,0,10:59 PM,11:59 PM,180.3,28,3.44,None,0,0
S4379,2026-04-10,10:46 AM,Yamuna,Hostel,0,0,0,0,0,0,240.04,120,29.8,None,0,0
S4380,2026-04-01,09:02 PM,Sarojini,Library,0,0,08:49 PM,10:58 PM,08:20 PM,11:47 PM,552.3,47,9.66,None,0,0
S4381,2026-04-16,10:06 PM,Rajendra,Library,0,0,09:55 PM,11:59 PM,09:38 PM,11:59 PM,519.93,168,33.44,None,0,0
S4382,2026-04-12,08:21 PM,Azad,Mess,07:49 PM,08:29 PM,0,0,0,0,437.98,42,26.67,Dinner,0,0
S4383,2026-04-03,08:16 PM,Yamuna,Library,0,0,06:49 PM,09:31 PM,06:20 PM,10:15 PM,667.54,113,18.53,None,0,0
S4384,2026-04-24,12:02 AM,Ganga,Outside,0,0,0,0,0,01:37 AM,325.16,120,17.31,None,0,0
S4385,2026-04-15,10:00 AM,Ganga,Mess,09:48 AM,10:21 AM,0,0,0,0,436.32,184,56.68,Breakfast,1,1
S4386,2026-04-12,03:26 PM,Azad,Hostel,0,0,0,0,0,0,236.89,43,16.42,None,1,0
S4387,2026-04-08,09:12 PM,Ganga,Mess,08:33 PM,09:32 PM,0,0,0,0,564.8,59,39.77,Dinner,0,0
S4388,2026-04-05,10:35 AM,Azad,Library,0,0,09:58 AM,12:24 PM,09:38 AM,01:06 PM,653.17,14,10.78,None,1,1
S4389,2026-05-01,11:43 AM,Azad,Library,0,0,11:42 AM,02:27 PM,11:33 AM,03:19 PM,1014.96,65,16.14,None,1,0
S4390,2026-04-27,08:02 AM,Yamuna,Mess,07:53 AM,08:24 AM,0,0,0,0,314.84,114,37.93,Breakfast,0,0
S4391,2026-04-08,12:46 PM,Sarojini,Library,0,0,10:49 AM,12:53 PM,10:30 AM,01:19 PM,971.87,58,15.24,None,1,0
S4392,2026-04-21,04:37 PM,Sarojini,Outside,0,0,0,0,03:36 PM,06:52 PM,380.98,99,9.75,None,0,0
S4393,2026-04-30,07:13 PM,Yamuna,Outside,0,0,0,0,06:08 PM,09:54 PM,214.52,95,8.61,None,0,0
S4394,2026-04-25,10:09 AM,Ganga,Mess,09:45 AM,10:15 AM,0,0,0,0,633.76,135,51.93,Breakfast,1,1
S4395,2026-04-09,05:58 AM,Yamuna,Outside,0,0,0,0,04:47 AM,08:43 AM,114.46,155,8.82,None,0,0
S4396,2026-04-25,11:32 AM,Sarojini,Library,0,0,09:43 AM,11:54 AM,09:33 AM,12:49 PM,632.01,55,21.39,None,0,0
S4397,2026-04-10,10:03 PM,Azad,Mess,09:58 PM,10:35 PM,0,0,0,0,472.67,11,22.9,Dinner,0,0
S4398,2026-04-07,09:22 AM,Yamuna,Mess,09:09 AM,09:38 AM,0,0,0,0,475.32,88,37.03,Breakfast,0,0
S4399,2026-04-17,05:58 PM,Sarojini,Classroom,0,0,0,0,05:43 PM,07:52 PM,150.9,132,9.03,None,1,1
S4400,2026-04-02,10:23 PM,Azad,Library,0,0,10:15 PM,11:40 PM,10:04 PM,11:59 PM,633.21,44,12.76,None,0,0
S4401,2026-04-08,08:53 AM,Sarojini,Mess,08:28 AM,09:23 AM,0,0,0,0,334.19,14,26.93,Breakfast,0,0
S4402,2026-04-30,02:59 PM,Ganga,Mess,02:54 PM,03:14 PM,0,0,0,0,446.67,102,37.82,Lunch,0,0
S4403,2026-04-15,08:34 PM,Sarojini,Mess,08:30 PM,08:57 PM,0,0,0,0,563.76,144,41.19,Dinner,0,0
S4404,2026-04-08,02:42 PM,Yamuna,Mess,02:00 PM,02:45 PM,0,0,0,0,455.63,144,37.48,Lunch,1,0
S4405,2026-04-08,09:20 PM,Ganga,Mess,09:09 PM,09:30 PM,0,0,0,0,320.04,113,33.06,Dinner,0,0
S4406,2026-04-30,10:19 PM,Yamuna,Hostel,0,0,0,0,0,0,910.15,51,27.05,None,0,0
S4407,2026-04-21,09:20 PM,Rajendra,Mess,08:35 PM,09:33 PM,0,0,0,0,391.74,116,42.65,Dinner,0,0
S4408,2026-04-16,09:17 PM,Rajendra,Library,0,0,08:00 PM,10:08 PM,07:34 PM,10:45 PM,593.53,37,13.81,None,0,0
S4409,2026-04-04,02:54 PM,Rajendra,Hostel,0,0,0,0,0,0,210.51,27,28.53,None,1,0
S4410,2026-04-13,05:04 PM,Rajendra,Library,0,0,03:57 PM,05:05 PM,03:52 PM,05:58 PM,1009.1,41,13.43,None,0,0
S4411,2026-04-05,07:31 PM,Sarojini,Mess,07:09 PM,07:32 PM,0,0,0,0,394.2,86,27.26,Dinner,0,0
S4412,2026-04-09,06:11 PM,Ganga,Library,0,0,05:25 PM,06:26 PM,05:09 PM,07:18 PM,840.74,141,20.03,None,0,0
S4413,2026-04-08,03:45 PM,Sarojini,Library,0,0,03:31 PM,05:28 PM,03:15 PM,06:15 PM,734.05,86,14.76,None,1,0
S4414,2026-04-13,06:58 AM,Ganga,Outside,0,0,0,0,05:09 AM,09:47 AM,396.21,33,4.9,None,0,0
S4415,2026-04-16,01:15 PM,Sarojini,Mess,01:13 PM,01:50 PM,0,0,0,0,540.32,59,29.01,Lunch,0,0
S4416,2026-04-13,09:43 AM,Yamuna,Mess,09:35 AM,10:09 AM,0,0,0,0,325.85,103,29.29,Breakfast,1,1
S4417,2026-04-27,01:24 PM,Yamuna,Mess,01:16 PM,01:46 PM,0,0,0,0,542.14,107,48.8,Lunch,0,0
S4418,2026-04-13,08:51 PM,Azad,Outside,0,0,0,0,07:22 PM,11:02 PM,124.68,190,12.09,None,0,0
S4419,2026-04-07,07:37 PM,Ganga,Hostel,0,0,0,0,0,0,189.43,151,43.66,None,0,0
S4420,2026-04-04,07:53 AM,Ganga,Outside,0,0,0,0,06:25 AM,10:40 AM,139.32,65,5.52,None,0,0
S4421,2026-04-05,11:25 AM,Yamuna,Hostel,0,0,0,0,0,0,218.04,139,40.56,None,1,0
S4422,2026-04-16,07:23 PM,Yamuna,Outside,0,0,0,0,06:01 PM,09:12 PM,272.09,124,8.09,None,0,0
S4423,2026-04-05,09:43 PM,Yamuna,Library,0,0,07:51 PM,10:44 PM,07:42 PM,11:40 PM,806.16,105,24.57,None,0,0
S4424,2026-04-04,02:39 AM,Ganga,Outside,0,0,0,0,12:47 AM,03:46 AM,207.93,124,9.9,None,0,0
S4425,2026-04-16,08:39 AM,Azad,Mess,08:33 AM,09:23 AM,0,0,0,0,502.05,134,44.38,Breakfast,0,0
S4426,2026-04-28,04:19 PM,Azad,Library,0,0,03:54 PM,06:29 PM,03:33 PM,06:51 PM,663.45,114,23.6,None,1,1
S4427,2026-04-02,10:13 AM,Yamuna,Mess,09:56 AM,10:19 AM,0,0,0,0,438.39,93,31.38,Breakfast,1,1
S4428,2026-04-05,07:35 AM,Ganga,Mess,07:10 AM,07:35 AM,0,0,0,0,629.03,189,56.28,Breakfast,0,0
S4429,2026-04-18,09:52 PM,Sarojini,Library,0,0,09:46 PM,11:08 PM,09:21 PM,11:47 PM,911.0,36,11.77,None,0,0
S4430,2026-04-30,06:08 AM,Rajendra,Hostel,0,0,0,0,0,0,254.76,99,17.67,None,0,0
S4431,2026-04-05,06:03 PM,Azad,Classroom,0,0,0,0,05:24 PM,07:27 PM,259.18,179,16.03,None,1,1
S4432,2026-04-03,09:36 PM,Yamuna,Mess,09:33 PM,09:54 PM,0,0,0,0,518.85,146,49.61,Dinner,0,0
S4433,2026-04-15,02:15 PM,Rajendra,Hostel,0,0,0,0,0,0,175.2,123,30.39,None,0,0
S4434,2026-04-10,11:30 PM,Rajendra,Hostel,0,0,0,0,0,0,1206.85,188,35.2,None,0,0
S4435,2026-04-01,06:31 PM,Azad,Library,0,0,04:31 PM,06:45 PM,04:13 PM,06:57 PM,972.0,102,18.5,None,0,0
S4436,2026-04-17,04:27 PM,Azad,Library,0,0,04:27 PM,05:42 PM,04:07 PM,06:28 PM,634.59,57,10.67,None,0,0
S4437,2026-04-28,09:58 AM,Ganga,Mess,09:15 AM,10:14 AM,0,0,0,0,474.6,117,39.41,Breakfast,0,0
S4438,2026-04-13,01:44 PM,Ganga,Classroom,0,0,0,0,01:11 PM,02:42 PM,106.81,194,24.43,None,1,0
S4439,2026-04-23,07:04 PM,Yamuna,Library,0,0,04:47 PM,07:36 PM,04:41 PM,07:51 PM,1034.91,124,14.86,None,0,0
S4440,2026-04-20,10:26 AM,Yamuna,Classroom,0,0,0,0,10:03 AM,11:43 AM,337.76,168,17.89,None,1,1
S4441,2026-04-19,06:29 PM,Rajendra,Library,0,0,05:28 PM,08:28 PM,05:12 PM,09:26 PM,676.33,39,9.69,None,0,0
S4442,2026-05-01,07:32 PM,Rajendra,Mess,07:25 PM,07:49 PM,0,0,0,0,518.28,74,40.35,Dinner,0,0
S4443,2026-04-19,08:42 AM,Ganga,Mess,07:55 AM,08:45 AM,0,0,0,0,343.33,59,31.48,Breakfast,0,0
S4444,2026-04-08,08:27 PM,Sarojini,Mess,07:42 PM,08:35 PM,0,0,0,0,507.59,82,34.64,Dinner,0,0
S4445,2026-04-25,12:30 AM,Ganga,Outside,0,0,0,0,0,03:15 AM,342.51,98,9.98,None,0,0
S4446,2026-04-18,05:23 PM,Yamuna,Classroom,0,0,0,0,04:59 PM,06:11 PM,124.84,10,0.74,None,1,1
S4447,2026-04-22,09:00 PM,Yamuna,Library,0,0,07:33 PM,09:38 PM,07:16 PM,10:08 PM,713.11,74,17.5,None,0,0
S4448,2026-04-01,12:57 PM,Ganga,Outside,0,0,0,0,11:57 AM,02:34 PM,260.45,30,1.94,None,1,0
S4449,2026-04-13,09:06 AM,Rajendra,Mess,08:21 AM,09:21 AM,0,0,0,0,623.89,141,41.58,Breakfast,0,0
S4450,2026-04-13,02:18 AM,Azad,Outside,0,0,0,0,01:09 AM,04:05 AM,284.27,60,8.32,None,0,0
S4451,2026-04-09,10:45 AM,Ganga,Library,0,0,09:38 AM,11:00 AM,09:25 AM,11:34 AM,867.29,87,20.36,None,0,0
S4452,2026-04-22,10:03 PM,Azad,Mess,09:11 PM,10:03 PM,0,0,0,0,391.51,146,50.44,Dinner,0,0
S4453,2026-04-29,10:36 AM,Sarojini,Outside,0,0,0,0,09:30 AM,01:07 PM,193.94,137,9.04,None,0,0
S4454,2026-04-18,09:32 PM,Yamuna,Mess,08:57 PM,09:40 PM,0,0,0,0,437.82,70,46.22,Dinner,0,0
S4455,2026-04-07,09:55 PM,Rajendra,Library,0,0,09:36 PM,10:14 PM,09:13 PM,11:09 PM,906.88,56,13.12,None,0,0
S4456,2026-04-15,08:06 AM,Yamuna,Mess,08:02 AM,08:37 AM,0,0,0,0,646.19,122,45.99,Breakfast,0,0
S4457,2026-04-01,09:12 PM,Azad,Library,0,0,08:09 PM,09:22 PM,08:03 PM,09:56 PM,823.09,133,24.65,None,0,0
S4458,2026-04-12,10:14 PM,Yamuna,Mess,09:51 PM,10:20 PM,0,0,0,0,472.69,95,33.82,Dinner,0,0
S4459,2026-04-03,01:57 PM,Rajendra,Mess,01:04 PM,02:04 PM,0,0,0,0,336.61,53,26.45,Lunch,0,0
S4460,2026-04-26,08:30 PM,Rajendra,Mess,07:43 PM,08:43 PM,0,0,0,0,438.89,53,32.36,Dinner,0,0
S4461,2026-04-08,10:10 PM,Sarojini,Library,0,0,07:50 PM,10:48 PM,07:22 PM,11:34 PM,582.65,107,17.37,None,0,0
S4462,2026-04-24,01:46 PM,Azad,Mess,01:05 PM,02:00 PM,0,0,0,0,608.84,195,33.27,Lunch,0,0
S4463,2026-04-04,09:02 AM,Sarojini,Mess,08:45 AM,09:25 AM,0,0,0,0,295.36,132,41.27,Breakfast,0,0
S4464,2026-04-26,06:05 PM,Azad,Library,0,0,05:44 PM,07:04 PM,05:26 PM,07:14 PM,1008.33,125,21.29,None,0,0
S4465,2026-04-10,07:12 PM,Rajendra,Library,0,0,07:05 PM,08:10 PM,06:50 PM,08:29 PM,662.11,44,13.8,None,0,0
S4466,2026-04-19,04:54 PM,Rajendra,Library,0,0,04:21 PM,05:58 PM,04:00 PM,06:08 PM,707.93,65,17.23,None,1,1
S4467,2026-04-30,11:34 PM,Ganga,Outside,0,0,0,0,09:45 PM,11:59 PM,238.02,81,6.93,None,0,0
S4468,2026-04-17,11:46 PM,Yamuna,Library,0,0,10:34 PM,11:59 PM,10:11 PM,11:59 PM,863.03,54,12.79,None,0,0
S4469,2026-04-26,09:37 PM,Sarojini,Mess,09:37 PM,10:19 PM,0,0,0,0,492.4,12,25.71,Dinner,0,0
S4470,2026-04-14,09:16 AM,Sarojini,Mess,08:27 AM,09:20 AM,0,0,0,0,484.4,45,30.44,Breakfast,1,1
S4471,2026-04-30,02:26 PM,Ganga,Outside,0,0,0,0,01:21 PM,05:14 PM,132.3,114,6.35,None,0,0
S4472,2026-04-15,09:55 PM,Sarojini,Mess,09:22 PM,10:02 PM,0,0,0,0,674.56,69,40.63,Dinner,0,0
S4473,2026-04-26,07:21 PM,Sarojini,Library,0,0,06:27 PM,08:03 PM,06:09 PM,08:27 PM,704.42,180,26.74,None,0,0
S4474,2026-04-20,07:17 AM,Yamuna,Outside,0,0,0,0,06:33 AM,08:36 AM,271.28,154,14.98,None,0,0
S4475,2026-04-06,07:39 AM,Ganga,Hostel,0,0,0,0,0,0,288.83,74,20.67,None,0,0
S4476,2026-04-08,11:23 AM,Rajendra,Outside,0,0,0,0,09:28 AM,01:29 PM,384.93,136,7.78,None,1,0
S4477,2026-04-22,02:33 PM,Rajendra,Mess,02:18 PM,02:43 PM,0,0,0,0,581.2,39,39.43,Lunch,0,0
S4478,2026-04-01,10:03 PM,Azad,Hostel,0,0,0,0,0,0,1448.71,134,24.24,None,0,0
S4479,2026-04-02,01:04 PM,Yamuna,Mess,12:46 PM,01:29 PM,0,0,0,0,294.21,145,34.59,Lunch,0,0
S4480,2026-04-12,07:29 PM,Azad,Mess,07:05 PM,07:39 PM,0,0,0,0,383.06,101,40.69,Dinner,0,0
S4481,2026-04-28,07:11 PM,Ganga,Mess,07:05 PM,07:50 PM,0,0,0,0,468.29,24,26.59,Dinner,0,0
S4482,2026-04-30,08:40 PM,Ganga,Mess,08:35 PM,09:35 PM,0,0,0,0,535.82,130,44.93,Dinner,0,0
S4483,2026-04-17,07:35 PM,Ganga,Library,0,0,06:36 PM,07:41 PM,06:15 PM,08:02 PM,872.66,190,26.01,None,0,0
S4484,2026-04-10,09:41 PM,Yamuna,Library,0,0,09:00 PM,09:46 PM,08:51 PM,10:30 PM,590.05,137,24.75,None,0,0
S4485,2026-04-17,05:02 AM,Sarojini,Outside,0,0,0,0,03:45 AM,07:11 AM,263.75,10,0.6,None,0,0
S4486,2026-04-29,08:58 PM,Sarojini,Mess,08:44 PM,09:16 PM,0,0,0,0,439.25,87,40.84,Dinner,0,0
S4487,2026-04-03,02:37 PM,Yamuna,Mess,02:15 PM,02:53 PM,0,0,0,0,255.1,149,37.14,Lunch,0,0
S4488,2026-04-07,09:29 PM,Sarojini,Mess,09:29 PM,09:58 PM,0,0,0,0,424.81,136,43.22,Dinner,0,0
S4489,2026-04-06,11:42 AM,Rajendra,Library,0,0,10:59 AM,12:29 PM,10:43 AM,01:12 PM,816.78,43,14.88,None,0,0
S4490,2026-04-26,11:42 AM,Sarojini,Library,0,0,11:24 AM,11:57 AM,11:17 AM,12:07 PM,971.32,185,33.25,None,0,0
S4491,2026-04-14,02:15 PM,Ganga,Library,0,0,01:00 PM,03:11 PM,12:36 PM,03:38 PM,749.17,99,13.97,None,1,0
S4492,2026-04-17,07:32 AM,Azad,Mess,07:27 AM,07:48 AM,0,0,0,0,332.24,155,61.51,Breakfast,0,0
S4493,2026-04-24,09:46 PM,Azad,Mess,09:37 PM,10:31 PM,0,0,0,0,477.53,37,32.52,Dinner,0,0
S4494,2026-04-06,09:21 PM,Rajendra,Library,0,0,07:45 PM,10:37 PM,07:27 PM,11:26 PM,769.77,49,13.98,None,0,0
S4495,2026-04-24,09:02 PM,Azad,Library,0,0,08:59 PM,09:36 PM,08:33 PM,10:08 PM,942.68,172,35.14,None,0,0
S4496,2026-04-24,12:23 PM,Sarojini,Mess,12:10 PM,12:58 PM,0,0,0,0,483.68,19,25.38,Lunch,1,0
S4497,2026-04-02,01:45 PM,Yamuna,Mess,01:16 PM,01:56 PM,0,0,0,0,551.27,135,40.59,Lunch,0,0
S4498,2026-05-01,09:50 AM,Azad,Mess,09:46 AM,10:44 AM,0,0,0,0,402.44,53,28.83,Breakfast,0,0
S4499,2026-04-08,06:55 AM,Azad,Outside,0,0,0,0,04:58 AM,09:30 AM,190.21,31,1.75,None,0,0
S4500,2026-04-10,12:18 PM,Yamuna,Hostel,0,0,0,0,0,0,169.71,20,26.61,None,1,0
S4501,2026-04-18,12:34 AM,Ganga,Outside,0,0,0,0,0,01:59 AM,209.97,69,6.65,None,0,0
S4502,2026-04-21,10:42 PM,Rajendra,Library,0,0,09:43 PM,11:59 PM,09:15 PM,11:59 PM,734.47,133,24.93,None,0,0
S4503,2026-04-08,10:35 PM,Sarojini,Outside,0,0,0,0,09:29 PM,11:59 PM,330.4,84,7.21,None,0,0
S4504,2026-04-11,10:32 AM,Yamuna,Library,0,0,09:56 AM,10:35 AM,09:34 AM,11:06 AM,873.91,182,22.37,None,1,1
S4505,2026-04-12,09:23 PM,Yamuna,Mess,09:03 PM,09:48 PM,0,0,0,0,340.22,95,39.5,Dinner,0,0
S4506,2026-04-16,09:28 PM,Sarojini,Outside,0,0,0,0,08:46 PM,11:24 PM,200.22,197,26.92,None,0,0
S4507,2026-04-06,12:24 PM,Yamuna,Hostel,0,0,0,0,0,0,311.94,19,14.47,None,0,0
S4508,2026-04-07,02:19 AM,Azad,Outside,0,0,0,0,01:29 AM,04:42 AM,365.51,181,26.1,None,0,0
S4509,2026-04-08,07:41 PM,Ganga,Library,0,0,06:50 PM,08:04 PM,06:30 PM,08:39 PM,601.83,77,22.7,None,0,0
S4510,2026-04-10,01:49 PM,Rajendra,Library,0,0,01:26 PM,02:18 PM,01:10 PM,02:51 PM,702.32,66,11.0,None,0,0
S4511,2026-04-28,07:32 AM,Ganga,Mess,07:30 AM,07:58 AM,0,0,0,0,568.6,65,42.43,Breakfast,0,0
S4512,2026-04-04,03:30 PM,Yamuna,Library,0,0,03:22 PM,04:15 PM,03:16 PM,05:02 PM,938.02,27,15.66,None,0,0
S4513,2026-04-16,08:36 PM,Yamuna,Mess,08:20 PM,08:40 PM,0,0,0,0,372.87,154,54.16,Dinner,0,0
S4514,2026-04-16,02:48 PM,Ganga,Mess,02:32 PM,03:10 PM,0,0,0,0,400.16,89,42.6,Lunch,1,0
S4515,2026-04-10,05:37 AM,Rajendra,Hostel,0,0,0,0,0,0,204.52,47,16.81,None,0,0
S4516,2026-04-11,10:32 PM,Rajendra,Library,0,0,08:23 PM,11:21 PM,07:54 PM,11:50 PM,968.03,158,26.76,None,0,0
S4517,2026-04-29,08:34 AM,Ganga,Classroom,0,0,0,0,08:17 AM,10:15 AM,253.59,119,7.57,None,1,1
S4518,2026-04-16,09:35 AM,Sarojini,Library,0,0,09:27 AM,10:08 AM,09:20 AM,10:27 AM,918.29,59,19.25,None,1,1
S4519,2026-04-13,07:59 PM,Ganga,Library,0,0,07:54 PM,08:40 PM,07:26 PM,09:10 PM,825.27,30,8.57,None,0,0
S4520,2026-04-20,10:27 PM,Rajendra,Outside,0,0,0,0,08:52 PM,11:59 PM,214.92,119,16.47,None,0,0
S4521,2026-05-01,07:37 PM,Rajendra,Outside,0,0,0,0,05:41 PM,09:50 PM,235.25,98,11.35,None,0,0
S4522,2026-04-10,10:22 AM,Yamuna,Library,0,0,09:32 AM,12:18 PM,09:04 AM,01:18 PM,746.56,194,32.23,None,0,0
S4523,2026-04-21,08:19 PM,Sarojini,Mess,08:00 PM,08:36 PM,0,0,0,0,494.0,164,48.54,Dinner,0,0
S4524,2026-04-04,07:28 AM,Yamuna,Outside,0,0,0,0,06:58 AM,08:31 AM,244.53,165,21.72,None,0,0
S4525,2026-04-22,03:07 PM,Yamuna,Library,0,0,01:58 PM,04:58 PM,01:34 PM,05:54 PM,689.98,19,9.93,None,1,0
S4526,2026-04-16,08:56 AM,Ganga,Classroom,0,0,0,0,08:29 AM,09:35 AM,115.94,25,1.55,None,1,1
S4527,2026-04-19,09:00 PM,Yamuna,Mess,08:40 PM,09:33 PM,0,0,0,0,432.93,27,25.44,Dinner,0,0
S4528,2026-04-29,09:30 PM,Rajendra,Mess,08:55 PM,09:46 PM,0,0,0,0,375.2,17,27.37,Dinner,0,0
S4529,2026-05-01,11:15 PM,Ganga,Library,0,0,09:54 PM,11:59 PM,09:44 PM,11:59 PM,758.72,145,29.57,None,0,0
S4530,2026-04-02,09:06 PM,Azad,Library,0,0,09:01 PM,11:59 PM,08:44 PM,11:59 PM,626.72,136,22.73,None,0,0
S4531,2026-05-01,04:24 PM,Sarojini,Library,0,0,04:24 PM,05:09 PM,04:01 PM,05:41 PM,879.06,83,12.87,None,1,1
S4532,2026-04-24,05:41 PM,Ganga,Library,0,0,03:15 PM,05:58 PM,03:10 PM,06:25 PM,580.2,145,26.3,None,0,0
S4533,2026-04-29,09:40 AM,Yamuna,Mess,09:18 AM,09:49 AM,0,0,0,0,496.43,21,26.85,Breakfast,1,1
S4534,2026-04-26,12:12 PM,Yamuna,Hostel,0,0,0,0,0,0,339.52,117,27.25,None,0,0
S4535,2026-04-09,08:19 AM,Ganga,Classroom,0,0,0,0,07:52 AM,09:04 AM,269.8,86,11.91,None,1,1
S4536,2026-04-01,03:39 PM,Rajendra,Library,0,0,03:20 PM,05:31 PM,03:06 PM,06:12 PM,566.22,27,16.46,None,1,0
S4537,2026-04-04,08:07 PM,Azad,Mess,07:55 PM,08:37 PM,0,0,0,0,433.26,90,41.45,Dinner,0,0
S4538,2026-04-29,02:58 PM,Azad,Library,0,0,12:47 PM,03:06 PM,12:30 PM,03:29 PM,581.18,155,13.97,None,0,0
S4539,2026-04-10,08:41 AM,Rajendra,Mess,08:25 AM,09:12 AM,0,0,0,0,362.78,59,29.78,Breakfast,0,0
S4540,2026-04-13,07:44 PM,Azad,Library,0,0,07:14 PM,07:51 PM,06:49 PM,08:19 PM,907.81,55,10.02,None,0,0
S4541,2026-04-19,03:09 PM,Azad,Mess,02:36 PM,03:34 PM,0,0,0,0,350.72,175,44.71,Lunch,0,0
S4542,2026-04-11,01:51 PM,Azad,Library,0,0,01:10 PM,02:19 PM,12:54 PM,02:49 PM,1083.72,151,18.24,None,0,0
S4543,2026-04-26,06:42 PM,Azad,Hostel,0,0,0,0,0,0,236.44,31,28.05,None,0,0
S4544,2026-04-28,10:38 AM,Ganga,Library,0,0,10:35 AM,11:47 AM,10:06 AM,12:34 PM,552.89,40,19.16,None,1,1
S4545,2026-04-25,09:05 AM,Yamuna,Mess,08:36 AM,09:32 AM,0,0,0,0,655.09,122,39.87,Breakfast,0,0
S4546,2026-04-07,07:18 AM,Ganga,Hostel,0,0,0,0,0,0,198.32,196,43.74,None,0,0
S4547,2026-04-05,08:05 AM,Yamuna,Mess,07:22 AM,08:19 AM,0,0,0,0,324.96,170,49.7,Breakfast,0,0
S4548,2026-04-14,11:35 AM,Rajendra,Library,0,0,10:46 AM,11:56 AM,10:36 AM,12:14 PM,926.2,89,22.13,None,0,0
S4549,2026-04-15,06:00 AM,Rajendra,Outside,0,0,0,0,04:39 AM,07:42 AM,399.91,20,2.3,None,0,0
S4550,2026-04-15,08:22 AM,Ganga,Outside,0,0,0,0,07:36 AM,09:34 AM,277.93,79,9.06,None,0,0
S4551,2026-04-19,03:44 AM,Rajendra,Hostel,0,0,0,0,0,0,136.88,193,45.79,None,0,0
S4552,2026-04-20,08:52 AM,Yamuna,Outside,0,0,0,0,07:40 AM,10:15 AM,344.44,192,24.48,None,0,0
S4553,2026-04-04,01:47 PM,Ganga,Mess,01:31 PM,01:53 PM,0,0,0,0,474.45,115,36.27,Lunch,1,0
S4554,2026-04-02,01:33 PM,Azad,Mess,01:03 PM,01:36 PM,0,0,0,0,409.35,80,44.05,Lunch,0,0
S4555,2026-04-24,06:39 PM,Yamuna,Hostel,0,0,0,0,0,0,272.2,141,38.98,None,0,0
S4556,2026-04-26,11:13 AM,Sarojini,Library,0,0,10:49 AM,11:28 AM,10:35 AM,12:11 PM,452.82,196,34.17,None,0,0
S4557,2026-04-08,10:35 PM,Ganga,Library,0,0,09:15 PM,11:17 PM,09:00 PM,11:49 PM,850.47,177,29.55,None,0,0
S4558,2026-05-01,06:06 PM,Yamuna,Hostel,0,0,0,0,0,0,184.29,101,23.89,None,0,0
S4559,2026-04-30,01:18 AM,Rajendra,Outside,0,0,0,0,12:20 AM,03:58 AM,214.5,16,2.24,None,0,0
S4560,2026-04-10,12:39 AM,Sarojini,Hostel,0,0,0,0,0,0,112.82,158,34.89,None,0,0
S4561,2026-04-01,07:49 AM,Ganga,Outside,0,0,0,0,06:12 AM,10:38 AM,240.83,70,6.45,None,0,0
S4562,2026-04-13,08:37 PM,Sarojini,Hostel,0,0,0,0,0,0,1027.13,156,30.17,None,0,0
S4563,2026-04-30,05:47 PM,Sarojini,Library,0,0,04:38 PM,06:01 PM,04:08 PM,06:30 PM,714.91,62,21.32,None,0,0
S4564,2026-04-06,01:33 PM,Yamuna,Mess,01:11 PM,02:09 PM,0,0,0,0,529.75,17,30.25,Lunch,1,0
S4565,2026-04-22,12:52 PM,Sarojini,Classroom,0,0,0,0,12:25 PM,01:36 PM,128.84,190,20.49,None,1,0
S4566,2026-04-02,12:07 PM,Rajendra,Library,0,0,11:34 AM,02:16 PM,11:20 AM,02:29 PM,627.24,123,23.63,None,1,0
S4567,2026-04-11,03:52 PM,Azad,Library,0,0,03:41 PM,04:36 PM,03:12 PM,05:27 PM,786.08,48,18.26,None,0,0
S4568,2026-04-16,03:07 AM,Azad,Outside,0,0,0,0,02:12 AM,05:27 AM,321.94,166,21.93,None,0,0
S4569,2026-04-02,10:25 AM,Sarojini,Library,0,0,10:15 AM,11:04 AM,09:46 AM,11:57 AM,569.75,11,7.64,None,0,0
S4570,2026-04-30,09:41 PM,Ganga,Library,0,0,09:27 PM,11:41 PM,09:19 PM,11:59 PM,551.6,180,25.6,None,0,0
S4571,2026-04-09,03:14 PM,Sarojini,Library,0,0,01:22 PM,03:20 PM,01:07 PM,03:42 PM,504.4,47,12.1,None,0,0
S4572,2026-04-12,03:15 PM,Azad,Classroom,0,0,0,0,03:04 PM,04:10 PM,191.99,45,6.17,None,1,0
S4573,2026-04-16,08:55 PM,Rajendra,Outside,0,0,0,0,07:14 PM,11:06 PM,338.06,110,15.51,None,0,0
S4574,2026-04-14,01:03 PM,Rajendra,Mess,12:42 PM,01:10 PM,0,0,0,0,478.86,26,28.74,Lunch,0,0
S4575,2026-04-24,12:19 PM,Yamuna,Mess,12:06 PM,12:28 PM,0,0,0,0,472.85,166,61.25,Lunch,0,0
S4576,2026-04-23,02:30 PM,Sarojini,Mess,02:19 PM,02:41 PM,0,0,0,0,442.21,137,35.2,Lunch,1,0
S4577,2026-04-09,09:56 PM,Yamuna,Hostel,0,0,0,0,0,0,712.07,48,23.72,None,0,0
S4578,2026-04-17,02:53 PM,Azad,Mess,02:52 PM,03:24 PM,0,0,0,0,447.01,156,41.49,Lunch,0,0
S4579,2026-04-26,01:18 PM,Yamuna,Mess,01:08 PM,01:41 PM,0,0,0,0,536.45,199,49.14,Lunch,1,0
S4580,2026-04-20,01:56 PM,Sarojini,Mess,01:49 PM,02:26 PM,0,0,0,0,348.3,180,37.53,Lunch,0,0
S4581,2026-04-04,09:12 AM,Sarojini,Mess,08:54 AM,09:15 AM,0,0,0,0,313.35,43,23.53,Breakfast,0,0
S4582,2026-04-17,08:56 PM,Sarojini,Mess,08:24 PM,09:13 PM,0,0,0,0,334.65,113,32.54,Dinner,0,0
S4583,2026-04-14,09:46 AM,Azad,Library,0,0,09:15 AM,10:28 AM,09:07 AM,10:40 AM,974.15,140,30.41,None,0,0
S4584,2026-04-17,09:21 AM,Ganga,Mess,08:31 AM,09:25 AM,0,0,0,0,608.77,130,41.96,Breakfast,1,1
S4585,2026-04-01,04:06 PM,Rajendra,Library,0,0,03:48 PM,04:47 PM,03:37 PM,05:06 PM,611.19,126,23.47,None,0,0
S4586,2026-04-02,11:03 AM,Ganga,Library,0,0,10:38 AM,12:25 PM,10:22 AM,12:37 PM,727.63,81,21.54,None,1,0
S4587,2026-04-03,10:02 PM,Rajendra,Library,0,0,09:53 PM,11:59 PM,09:30 PM,11:59 PM,812.95,120,19.4,None,0,0
S4588,2026-04-26,12:26 PM,Azad,Mess,12:23 PM,01:10 PM,0,0,0,0,405.73,32,34.74,Lunch,0,0
S4589,2026-04-22,06:51 AM,Rajendra,Outside,0,0,0,0,05:17 AM,09:08 AM,161.38,169,22.02,None,0,0
S4590,2026-04-06,08:28 AM,Yamuna,Mess,08:26 AM,08:53 AM,0,0,0,0,301.75,12,28.92,Breakfast,0,0
S4591,2026-04-13,02:00 AM,Yamuna,Hostel,0,0,0,0,0,0,263.73,105,30.86,None,0,0
S4592,2026-04-06,09:58 AM,Sarojini,Mess,09:55 AM,10:45 AM,0,0,0,0,405.06,154,46.68,Breakfast,0,0
S4593,2026-04-06,09:47 PM,Rajendra,Library,0,0,09:32 PM,11:51 PM,09:05 PM,11:59 PM,901.32,18,12.69,None,0,0
S4594,2026-04-23,08:16 AM,Rajendra,Mess,08:12 AM,08:32 AM,0,0,0,0,572.6,169,36.02,Breakfast,0,0
S4595,2026-04-02,04:47 PM,Rajendra,Classroom,0,0,0,0,04:36 PM,05:26 PM,170.97,130,12.68,None,1,1
S4596,2026-04-08,09:06 PM,Azad,Library,0,0,08:13 PM,10:40 PM,07:53 PM,11:23 PM,666.88,160,26.05,None,0,0
S4597,2026-04-09,09:19 PM,Sarojini,Mess,08:52 PM,09:20 PM,0,0,0,0,590.55,183,35.15,Dinner,0,0
S4598,2026-04-13,01:42 PM,Azad,Library,0,0,12:56 PM,02:28 PM,12:39 PM,03:21 PM,559.15,88,11.4,None,1,0
S4599,2026-04-01,09:20 PM,Sarojini,Mess,08:37 PM,09:25 PM,0,0,0,0,576.91,166,53.3,Dinner,0,0
S4600,2026-04-28,10:02 AM,Azad,Library,0,0,09:37 AM,10:23 AM,09:19 AM,11:00 AM,902.77,104,25.26,None,1,1
S4601,2026-04-18,12:03 PM,Sarojini,Hostel,0,0,0,0,0,0,293.39,40,17.37,None,0,0
S4602,2026-04-13,04:13 PM,Azad,Hostel,0,0,0,0,0,0,242.62,177,32.26,None,1,1
S4603,2026-04-24,08:28 AM,Rajendra,Mess,08:28 AM,09:18 AM,0,0,0,0,537.98,52,40.02,Breakfast,0,0
S4604,2026-04-05,04:40 PM,Azad,Library,0,0,03:11 PM,04:47 PM,02:45 PM,05:23 PM,838.6,87,22.17,None,0,0
S4605,2026-04-20,05:03 PM,Yamuna,Library,0,0,04:31 PM,06:56 PM,04:03 PM,07:22 PM,918.18,20,14.31,None,0,0
S4606,2026-04-17,03:41 PM,Ganga,Library,0,0,03:24 PM,05:19 PM,03:01 PM,05:52 PM,733.16,94,16.06,None,0,0
S4607,2026-04-11,08:17 AM,Yamuna,Hostel,0,0,0,0,0,0,164.48,13,23.39,None,0,0
S4608,2026-04-10,07:33 PM,Rajendra,Library,0,0,05:45 PM,08:07 PM,05:35 PM,08:17 PM,901.0,141,29.39,None,0,0
S4609,2026-04-06,05:12 PM,Yamuna,Outside,0,0,0,0,03:33 PM,08:04 PM,130.18,145,17.09,None,0,0
S4610,2026-04-26,07:18 PM,Sarojini,Library,0,0,07:18 PM,10:03 PM,06:53 PM,11:00 PM,549.38,93,27.95,None,0,0
S4611,2026-04-13,07:08 PM,Yamuna,Outside,0,0,0,0,06:05 PM,08:11 PM,286.27,156,7.98,None,0,0
S4612,2026-04-09,08:25 PM,Yamuna,Mess,08:11 PM,08:54 PM,0,0,0,0,518.74,134,51.08,Dinner,0,0
S4613,2026-04-30,08:48 PM,Azad,Mess,08:45 PM,09:08 PM,0,0,0,0,307.31,159,56.69,Dinner,0,0
S4614,2026-04-02,06:54 AM,Rajendra,Outside,0,0,0,0,05:51 AM,09:07 AM,106.85,51,6.97,None,0,0
S4615,2026-04-16,11:39 PM,Rajendra,Outside,0,0,0,0,11:02 PM,11:59 PM,255.66,109,15.92,None,0,0
S4616,2026-04-05,11:11 PM,Yamuna,Outside,0,0,0,0,10:14 PM,11:59 PM,385.51,134,8.31,None,0,0
S4617,2026-04-10,11:23 AM,Yamuna,Library,0,0,10:32 AM,12:44 PM,10:20 AM,01:09 PM,592.88,161,16.0,None,0,0
S4618,2026-04-15,05:27 AM,Azad,Outside,0,0,0,0,03:39 AM,07:38 AM,269.57,161,20.52,None,0,0
S4619,2026-04-26,09:18 PM,Rajendra,Library,0,0,08:34 PM,10:21 PM,08:21 PM,11:03 PM,527.24,22,9.46,None,0,0
S4620,2026-04-13,08:34 PM,Yamuna,Mess,08:24 PM,09:00 PM,0,0,0,0,412.82,68,26.43,Dinner,0,0
S4621,2026-04-11,07:14 PM,Ganga,Library,0,0,06:32 PM,07:46 PM,06:06 PM,07:59 PM,810.51,88,13.75,None,0,0
S4622,2026-04-04,03:37 PM,Ganga,Mess,02:51 PM,03:49 PM,0,0,0,0,326.75,77,38.81,Lunch,0,0
S4623,2026-04-16,07:47 AM,Rajendra,Mess,07:01 AM,07:55 AM,0,0,0,0,444.36,142,48.94,Breakfast,0,0
S4624,2026-04-23,02:14 PM,Sarojini,Library,0,0,02:14 PM,03:47 PM,02:06 PM,04:01 PM,519.56,64,16.4,None,1,0
S4625,2026-04-22,10:02 PM,Rajendra,Library,0,0,08:23 PM,10:48 PM,07:55 PM,11:27 PM,692.2,48,16.01,None,0,0
S4626,2026-04-26,01:10 PM,Azad,Mess,12:27 PM,01:13 PM,0,0,0,0,504.58,144,52.44,Lunch,1,0
S4627,2026-04-19,06:12 PM,Rajendra,Library,0,0,05:25 PM,07:02 PM,05:06 PM,07:12 PM,435.69,68,16.48,None,0,0
S4628,2026-04-11,10:24 PM,Azad,Mess,09:53 PM,10:40 PM,0,0,0,0,474.15,186,49.26,Dinner,0,0
S4629,2026-04-07,07:28 PM,Yamuna,Hostel,0,0,0,0,0,0,314.42,15,24.28,None,0,0
S4630,2026-04-19,03:04 PM,Yamuna,Mess,02:36 PM,03:13 PM,0,0,0,0,550.9,188,40.25,Lunch,0,0
S4631,2026-04-06,01:14 PM,Azad,Mess,01:08 PM,01:44 PM,0,0,0,0,371.28,121,44.65,Lunch,0,0
S4632,2026-04-16,05:33 PM,Yamuna,Classroom,0,0,0,0,05:03 PM,06:24 PM,232.76,77,10.18,None,1,1
S4633,2026-04-06,10:28 AM,Sarojini,Mess,09:48 AM,10:28 AM,0,0,0,0,538.4,189,49.0,Breakfast,0,0
S4634,2026-04-20,10:33 PM,Yamuna,Library,0,0,10:27 PM,11:09 PM,10:12 PM,11:36 PM,663.37,38,9.4,None,0,0
S4635,2026-04-09,02:12 PM,Rajendra,Library,0,0,02:09 PM,03:15 PM,01:53 PM,03:47 PM,854.06,31,15.25,None,0,0
S4636,2026-04-28,02:03 PM,Yamuna,Library,0,0,01:39 PM,03:01 PM,01:20 PM,03:46 PM,772.16,116,26.5,None,1,0
S4637,2026-04-19,08:39 PM,Ganga,Hostel,0,0,0,0,0,0,908.87,175,32.12,None,0,0
S4638,2026-04-09,04:05 PM,Yamuna,Library,0,0,02:50 PM,04:59 PM,02:23 PM,05:43 PM,555.92,154,21.84,None,0,0
S4639,2026-04-28,02:41 PM,Rajendra,Library,0,0,01:43 PM,03:33 PM,01:16 PM,04:33 PM,810.86,161,20.04,None,1,0
S4640,2026-04-07,08:44 PM,Ganga,Library,0,0,07:02 PM,09:49 PM,06:49 PM,10:46 PM,835.21,60,16.18,None,0,0
S4641,2026-04-11,09:44 AM,Ganga,Mess,09:41 AM,10:14 AM,0,0,0,0,513.31,78,30.12,Breakfast,0,0
S4642,2026-04-07,03:54 PM,Azad,Outside,0,0,0,0,01:56 PM,06:51 PM,205.35,130,11.56,None,0,0
S4643,2026-04-18,07:02 PM,Ganga,Mess,07:01 PM,07:34 PM,0,0,0,0,430.2,140,50.02,Dinner,0,0
S4644,2026-04-18,01:44 PM,Ganga,Mess,01:42 PM,02:06 PM,0,0,0,0,513.55,15,26.92,Lunch,1,0
S4645,2026-04-01,11:54 PM,Ganga,Library,0,0,10:54 PM,11:59 PM,10:39 PM,11:59 PM,718.78,104,10.96,None,0,0
S4646,2026-04-05,04:53 PM,Sarojini,Classroom,0,0,0,0,04:22 PM,06:47 PM,209.26,71,7.86,None,1,1
S4647,2026-04-06,08:05 AM,Ganga,Outside,0,0,0,0,07:30 AM,09:37 AM,136.86,40,2.57,None,0,0
S4648,2026-04-20,05:53 PM,Ganga,Hostel,0,0,0,0,0,0,128.03,200,26.42,None,0,0
S4649,2026-04-30,12:58 PM,Yamuna,Library,0,0,12:34 PM,01:39 PM,12:22 PM,02:07 PM,676.79,119,19.64,None,0,0
S4650,2026-04-17,01:11 PM,Sarojini,Mess,01:01 PM,01:26 PM,0,0,0,0,420.5,119,56.66,Lunch,0,0
S4651,2026-04-05,05:48 AM,Yamuna,Outside,0,0,0,0,04:45 AM,07:02 AM,359.7,135,12.43,None,0,0
S4652,2026-04-25,10:09 AM,Sarojini,Classroom,0,0,0,0,09:44 AM,12:04 PM,272.77,114,15.49,None,1,1
S4653,2026-04-11,05:20 PM,Azad,Library,0,0,03:39 PM,06:38 PM,03:20 PM,07:38 PM,953.42,171,25.01,None,0,0
S4654,2026-04-15,11:54 AM,Sarojini,Library,0,0,11:46 AM,12:52 PM,11:35 AM,01:33 PM,796.49,22,7.31,None,1,0
S4655,2026-04-08,05:41 PM,Ganga,Hostel,0,0,0,0,0,0,206.33,175,42.14,None,0,0
S4656,2026-04-18,05:05 AM,Rajendra,Outside,0,0,0,0,03:15 AM,07:15 AM,304.18,54,5.51,None,0,0
S4657,2026-04-26,10:35 PM,Sarojini,Library,0,0,08:55 PM,10:57 PM,08:39 PM,11:24 PM,891.76,180,37.5,None,0,0
S4658,2026-04-24,09:34 PM,Sarojini,Library,0,0,08:09 PM,10:02 PM,07:43 PM,10:43 PM,831.79,147,24.17,None,0,0
S4659,2026-04-29,05:19 PM,Sarojini,Outside,0,0,0,0,04:33 PM,07:12 PM,374.92,114,6.32,None,0,0
S4660,2026-04-20,05:41 PM,Yamuna,Classroom,0,0,0,0,05:10 PM,07:19 PM,123.21,143,10.17,None,1,1
S4661,2026-04-04,10:48 AM,Yamuna,Hostel,0,0,0,0,0,0,207.98,113,28.22,None,0,0
S4662,2026-04-06,08:22 AM,Azad,Mess,08:04 AM,08:50 AM,0,0,0,0,560.52,60,39.03,Breakfast,0,0
S4663,2026-04-09,01:08 PM,Sarojini,Library,0,0,12:32 PM,01:14 PM,12:27 PM,01:29 PM,524.19,142,25.43,None,0,0
S4664,2026-04-06,04:40 AM,Azad,Outside,0,0,0,0,03:30 AM,06:21 AM,348.23,69,5.58,None,0,0
S4665,2026-04-07,01:20 AM,Azad,Hostel,0,0,0,0,0,0,239.84,122,20.53,None,0,0
S4666,2026-04-14,01:23 PM,Yamuna,Mess,12:55 PM,01:48 PM,0,0,0,0,424.15,155,50.51,Lunch,0,0
S4667,2026-04-17,11:17 AM,Azad,Library,0,0,09:43 AM,12:04 PM,09:31 AM,01:00 PM,594.17,167,34.06,None,1,0
S4668,2026-04-29,02:59 PM,Ganga,Mess,02:04 PM,03:03 PM,0,0,0,0,418.57,58,41.48,Lunch,1,0
S4669,2026-04-07,12:19 PM,Yamuna,Library,0,0,11:51 AM,12:25 PM,11:40 AM,12:56 PM,795.52,117,28.12,None,1,0
S4670,2026-04-24,01:29 PM,Azad,Mess,01:16 PM,01:46 PM,0,0,0,0,459.36,53,25.88,Lunch,1,0
S4671,2026-04-30,12:49 PM,Azad,Library,0,0,11:43 AM,01:14 PM,11:18 AM,01:47 PM,480.99,41,15.29,None,0,0
S4672,2026-04-09,03:23 AM,Rajendra,Outside,0,0,0,0,02:24 AM,05:27 AM,350.65,183,17.86,None,0,0
S4673,2026-04-19,09:37 PM,Sarojini,Mess,08:58 PM,09:51 PM,0,0,0,0,441.85,198,59.44,Dinner,0,0
S4674,2026-04-25,12:23 AM,Yamuna,Hostel,0,0,0,0,0,0,319.14,148,27.66,None,0,0
S4675,2026-04-01,11:04 AM,Yamuna,Library,0,0,10:51 AM,11:51 AM,10:40 AM,12:05 PM,870.66,97,23.23,None,0,0
S4676,2026-04-23,04:51 PM,Azad,Library,0,0,02:22 PM,05:17 PM,02:07 PM,05:39 PM,665.56,38,11.61,None,1,1
S4677,2026-04-27,11:03 AM,Yamuna,Classroom,0,0,0,0,10:33 AM,12:19 PM,335.99,188,9.57,None,1,0
S4678,2026-04-03,09:03 AM,Yamuna,Mess,08:36 AM,09:31 AM,0,0,0,0,523.99,110,39.75,Breakfast,1,1
S4679,2026-04-15,07:38 PM,Sarojini,Mess,07:37 PM,08:01 PM,0,0,0,0,435.01,69,30.62,Dinner,0,0
S4680,2026-04-21,08:05 PM,Yamuna,Library,0,0,07:56 PM,08:41 PM,07:48 PM,09:25 PM,786.43,137,23.74,None,0,0
S4681,2026-04-27,04:07 PM,Azad,Hostel,0,0,0,0,0,0,336.95,116,19.57,None,1,1
S4682,2026-04-21,05:08 PM,Yamuna,Library,0,0,04:58 PM,05:48 PM,04:28 PM,06:03 PM,735.44,133,30.68,None,0,0
S4683,2026-04-08,04:36 PM,Yamuna,Hostel,0,0,0,0,0,0,128.77,121,25.67,None,0,0
S4684,2026-04-18,04:15 AM,Ganga,Outside,0,0,0,0,03:22 AM,05:34 AM,163.72,73,3.78,None,0,0
S4685,2026-04-04,09:57 AM,Rajendra,Mess,09:22 AM,10:12 AM,0,0,0,0,300.94,150,49.67,Breakfast,0,0
S4686,2026-04-08,11:59 AM,Yamuna,Library,0,0,11:30 AM,12:17 PM,11:19 AM,01:17 PM,798.58,70,18.98,None,0,0
S4687,2026-05-01,07:26 AM,Yamuna,Mess,07:06 AM,07:36 AM,0,0,0,0,568.08,20,32.75,Breakfast,0,0
S4688,2026-04-23,02:26 AM,Sarojini,Outside,0,0,0,0,12:35 AM,03:59 AM,259.15,81,10.43,None,0,0
S4689,2026-04-03,03:26 AM,Rajendra,Outside,0,0,0,0,01:59 AM,05:06 AM,206.52,54,7.99,None,0,0
S4690,2026-05-01,12:17 PM,Azad,Classroom,0,0,0,0,12:02 PM,12:56 PM,135.67,112,8.21,None,1,0
S4691,2026-04-12,03:49 AM,Yamuna,Outside,0,0,0,0,03:13 AM,06:17 AM,393.38,120,8.82,None,0,0
S4692,2026-04-06,08:17 PM,Sarojini,Mess,07:30 PM,08:21 PM,0,0,0,0,441.64,113,48.32,Dinner,0,0
S4693,2026-04-25,12:25 PM,Ganga,Library,0,0,12:05 PM,12:38 PM,12:00 PM,12:52 PM,722.61,86,17.53,None,0,0
S4694,2026-04-15,12:41 PM,Yamuna,Mess,12:27 PM,01:16 PM,0,0,0,0,375.81,16,22.87,Lunch,0,0
S4695,2026-04-10,01:16 PM,Rajendra,Library,0,0,01:02 PM,02:05 PM,12:49 PM,02:52 PM,899.33,195,35.86,None,1,0
S4696,2026-04-25,12:39 PM,Rajendra,Mess,12:18 PM,12:42 PM,0,0,0,0,621.2,72,34.01,Lunch,1,0
S4697,2026-04-15,05:45 PM,Rajendra,Library,0,0,05:19 PM,06:48 PM,04:57 PM,07:01 PM,646.22,84,18.55,None,0,0
S4698,2026-04-09,12:07 PM,Yamuna,Library,0,0,10:35 AM,12:46 PM,10:11 AM,01:34 PM,851.65,103,16.65,None,1,0
S4699,2026-05-01,06:21 PM,Azad,Library,0,0,04:41 PM,06:36 PM,04:21 PM,07:12 PM,620.51,23,14.9,None,0,0
S4700,2026-04-18,09:53 PM,Rajendra,Library,0,0,07:40 PM,10:34 PM,07:26 PM,11:13 PM,627.22,61,18.97,None,0,0
S4701,2026-04-03,09:40 AM,Sarojini,Outside,0,0,0,0,08:56 AM,11:30 AM,340.99,101,10.9,None,1,1
S4702,2026-04-22,10:09 AM,Azad,Library,0,0,09:45 AM,12:39 PM,09:21 AM,01:36 PM,683.93,155,23.07,None,0,0
S4703,2026-04-27,10:13 PM,Sarojini,Mess,09:54 PM,10:44 PM,0,0,0,0,624.42,33,31.91,Dinner,0,0
S4704,2026-04-08,09:15 PM,Rajendra,Library,0,0,09:00 PM,10:19 PM,08:37 PM,10:45 PM,800.36,179,31.58,None,0,0
S4705,2026-04-16,12:49 PM,Rajendra,Library,0,0,11:41 AM,02:09 PM,11:19 AM,02:41 PM,764.18,115,14.8,None,0,0
S4706,2026-04-23,05:36 AM,Rajendra,Outside,0,0,0,0,03:57 AM,07:29 AM,387.99,50,3.57,None,0,0
S4707,2026-04-01,12:23 PM,Azad,Mess,12:08 PM,12:59 PM,0,0,0,0,329.82,106,29.21,Lunch,1,0
S4708,2026-04-24,02:31 PM,Yamuna,Library,0,0,12:39 PM,02:59 PM,12:24 PM,03:37 PM,697.65,180,30.08,None,1,0
S4709,2026-04-10,07:23 PM,Azad,Mess,07:02 PM,07:32 PM,0,0,0,0,439.39,196,62.59,Dinner,0,0
S4710,2026-04-02,05:51 AM,Yamuna,Outside,0,0,0,0,05:05 AM,08:28 AM,316.27,71,6.05,None,0,0
S4711,2026-04-12,10:27 AM,Rajendra,Classroom,0,0,0,0,09:50 AM,11:40 AM,218.24,107,8.91,None,1,1
S4712,2026-04-12,02:21 PM,Azad,Mess,02:09 PM,02:35 PM,0,0,0,0,472.07,86,33.81,Lunch,0,0
S4713,2026-04-17,03:14 PM,Ganga,Classroom,0,0,0,0,03:00 PM,04:34 PM,317.95,183,22.73,None,1,0
S4714,2026-04-19,07:02 AM,Sarojini,Outside,0,0,0,0,06:06 AM,09:42 AM,189.27,162,17.15,None,0,0
S4715,2026-04-20,12:30 PM,Ganga,Mess,12:05 PM,12:46 PM,0,0,0,0,348.7,161,48.2,Lunch,0,0
S4716,2026-04-02,07:26 AM,Azad,Mess,07:01 AM,07:51 AM,0,0,0,0,309.3,200,52.51,Breakfast,0,0
S4717,2026-04-27,04:12 PM,Yamuna,Library,0,0,03:41 PM,05:33 PM,03:19 PM,06:05 PM,850.23,125,20.88,None,1,1
S4718,2026-04-16,02:46 PM,Azad,Library,0,0,12:31 PM,03:17 PM,12:22 PM,03:28 PM,903.23,92,22.94,None,1,0
S4719,2026-04-03,01:23 PM,Yamuna,Mess,01:05 PM,02:02 PM,0,0,0,0,566.67,25,25.56,Lunch,0,0
S4720,2026-04-25,06:11 PM,Ganga,Library,0,0,05:13 PM,07:39 PM,04:48 PM,07:53 PM,1029.44,191,27.74,None,0,0
S4721,2026-04-05,03:49 PM,Rajendra,Library,0,0,01:07 PM,04:05 PM,12:47 PM,04:29 PM,733.85,61,19.58,None,0,0
S4722,2026-04-21,03:37 PM,Sarojini,Hostel,0,0,0,0,0,0,343.65,32,24.41,None,0,0
S4723,2026-04-27,10:00 PM,Azad,Hostel,0,0,0,0,0,0,1431.94,171,38.19,None,0,0
S4724,2026-04-13,11:12 PM,Yamuna,Library,0,0,10:36 PM,11:57 PM,10:11 PM,11:59 PM,1004.37,182,24.31,None,0,0
S4725,2026-04-08,04:55 PM,Azad,Library,0,0,02:49 PM,05:04 PM,02:40 PM,06:04 PM,1072.02,19,13.1,None,0,0
S4726,2026-04-16,12:10 PM,Rajendra,Outside,0,0,0,0,10:24 AM,01:54 PM,201.29,44,3.22,None,1,0
S4727,2026-04-27,08:14 AM,Yamuna,Classroom,0,0,0,0,08:00 AM,09:06 AM,264.99,46,4.58,None,1,1
S4728,2026-04-14,09:53 PM,Rajendra,Mess,09:49 PM,10:46 PM,0,0,0,0,606.6,84,42.43,Dinner,0,0
S4729,2026-04-20,10:52 PM,Yamuna,Library,0,0,09:24 PM,11:22 PM,09:15 PM,11:41 PM,549.81,89,20.27,None,0,0
S4730,2026-04-20,03:46 PM,Sarojini,Library,0,0,03:17 PM,04:49 PM,02:53 PM,05:46 PM,492.71,38,17.82,None,1,0
S4731,2026-05-01,08:50 PM,Ganga,Library,0,0,07:12 PM,08:51 PM,07:05 PM,09:45 PM,900.11,138,23.58,None,0,0
S4732,2026-04-10,05:44 PM,Yamuna,Library,0,0,04:14 PM,07:05 PM,03:49 PM,07:47 PM,656.3,136,16.24,None,0,0
S4733,2026-04-01,02:48 PM,Sarojini,Mess,02:31 PM,03:12 PM,0,0,0,0,485.02,45,39.33,Lunch,1,0
S4734,2026-04-12,08:45 AM,Azad,Hostel,0,0,0,0,0,0,298.25,169,37.0,None,0,0
S4735,2026-04-30,09:01 AM,Sarojini,Mess,08:43 AM,09:33 AM,0,0,0,0,329.76,38,31.72,Breakfast,1,1
S4736,2026-04-18,10:20 AM,Ganga,Library,0,0,09:29 AM,10:47 AM,09:05 AM,11:33 AM,757.45,107,27.56,None,1,1
S4737,2026-04-02,11:05 PM,Rajendra,Library,0,0,10:52 PM,11:59 PM,10:31 PM,11:59 PM,991.59,30,9.81,None,0,0
S4738,2026-04-09,05:15 PM,Rajendra,Library,0,0,05:03 PM,07:43 PM,04:56 PM,08:34 PM,1020.2,178,26.6,None,0,0
S4739,2026-04-07,09:11 PM,Yamuna,Mess,08:29 PM,09:19 PM,0,0,0,0,537.88,134,36.11,Dinner,0,0
S4740,2026-04-19,02:43 PM,Yamuna,Library,0,0,01:32 PM,03:15 PM,01:07 PM,03:48 PM,951.12,58,15.82,None,1,0
S4741,2026-04-18,08:10 AM,Sarojini,Mess,07:47 AM,08:34 AM,0,0,0,0,495.36,124,43.24,Breakfast,0,0
S4742,2026-04-20,04:24 PM,Rajendra,Library,0,0,04:19 PM,06:16 PM,03:49 PM,07:09 PM,670.74,84,15.61,None,1,1
S4743,2026-04-21,02:10 PM,Yamuna,Mess,02:04 PM,02:25 PM,0,0,0,0,627.59,97,45.15,Lunch,0,0
S4744,2026-04-14,07:32 AM,Ganga,Mess,07:02 AM,07:40 AM,0,0,0,0,666.28,60,41.61,Breakfast,0,0
S4745,2026-05-01,12:31 PM,Rajendra,Mess,12:16 PM,01:03 PM,0,0,0,0,510.28,80,33.63,Lunch,1,0
S4746,2026-04-28,08:51 AM,Rajendra,Mess,08:24 AM,08:51 AM,0,0,0,0,547.01,112,52.17,Breakfast,0,0
S4747,2026-04-02,12:33 PM,Rajendra,Library,0,0,12:00 PM,01:09 PM,11:32 AM,01:25 PM,544.52,198,27.33,None,0,0
S4748,2026-04-01,01:14 PM,Sarojini,Hostel,0,0,0,0,0,0,271.45,163,37.0,None,0,0
S4749,2026-04-17,01:12 PM,Azad,Library,0,0,01:02 PM,02:31 PM,12:46 PM,02:47 PM,940.22,165,32.57,None,1,0
S4750,2026-04-28,07:49 AM,Sarojini,Mess,07:35 AM,08:24 AM,0,0,0,0,486.61,193,44.82,Breakfast,0,0
S4751,2026-04-08,05:58 PM,Sarojini,Hostel,0,0,0,0,0,0,303.44,162,38.29,None,0,0
S4752,2026-04-07,09:16 PM,Rajendra,Mess,08:57 PM,09:25 PM,0,0,0,0,647.23,120,52.84,Dinner,0,0
S4753,2026-04-20,11:16 PM,Azad,Outside,0,0,0,0,09:45 PM,11:59 PM,397.36,31,2.57,None,0,0
S4754,2026-04-18,05:21 AM,Rajendra,Hostel,0,0,0,0,0,0,111.1,10,23.78,None,0,0
S4755,2026-04-04,06:29 PM,Yamuna,Library,0,0,04:34 PM,06:40 PM,04:27 PM,07:33 PM,760.72,143,33.87,None,0,0
S4756,2026-04-26,01:54 PM,Azad,Mess,01:14 PM,02:00 PM,0,0,0,0,498.61,97,31.01,Lunch,0,0
S4757,2026-04-11,08:46 AM,Rajendra,Mess,08:44 AM,09:07 AM,0,0,0,0,470.65,19,39.53,Breakfast,0,0
S4758,2026-04-04,02:24 PM,Sarojini,Mess,02:11 PM,02:45 PM,0,0,0,0,508.89,153,45.52,Lunch,0,0
S4759,2026-04-11,07:03 PM,Sarojini,Mess,07:01 PM,07:46 PM,0,0,0,0,386.31,83,51.96,Dinner,0,0
S4760,2026-04-19,07:10 PM,Azad,Mess,07:08 PM,07:33 PM,0,0,0,0,397.42,26,29.76,Dinner,0,0
S4761,2026-04-11,03:14 PM,Yamuna,Mess,02:38 PM,03:22 PM,0,0,0,0,339.15,14,32.08,Lunch,1,0
S4762,2026-04-01,02:29 PM,Yamuna,Mess,02:25 PM,02:53 PM,0,0,0,0,519.76,88,33.9,Lunch,1,0
S4763,2026-04-30,03:06 PM,Yamuna,Library,0,0,01:39 PM,03:54 PM,01:10 PM,04:19 PM,863.16,121,15.07,None,0,0
S4764,2026-04-08,11:14 AM,Azad,Classroom,0,0,0,0,11:02 AM,01:08 PM,167.54,114,13.16,None,1,0
S4765,2026-04-04,07:06 PM,Rajendra,Outside,0,0,0,0,05:15 PM,08:56 PM,261.57,142,11.74,None,0,0
S4766,2026-04-29,02:11 AM,Rajendra,Outside,0,0,0,0,12:57 AM,03:22 AM,162.35,63,3.52,None,0,0
S4767,2026-04-05,08:29 PM,Sarojini,Mess,08:04 PM,09:03 PM,0,0,0,0,384.68,118,34.88,Dinner,0,0
S4768,2026-04-05,10:50 PM,Rajendra,Outside,0,0,0,0,09:58 PM,11:59 PM,178.49,186,11.99,None,0,0
S4769,2026-04-22,11:42 PM,Sarojini,Library,0,0,10:22 PM,11:46 PM,10:06 PM,11:59 PM,708.17,48,9.53,None,0,0
S4770,2026-04-02,12:56 PM,Azad,Mess,12:53 PM,01:41 PM,0,0,0,0,415.82,153,46.97,Lunch,0,0
S4771,2026-04-08,10:31 PM,Yamuna,Library,0,0,08:34 PM,11:14 PM,08:11 PM,11:59 PM,684.87,162,29.99,None,0,0
S4772,2026-04-21,07:19 PM,Sarojini,Mess,07:16 PM,07:39 PM,0,0,0,0,353.47,59,39.55,Dinner,0,0
S4773,2026-04-25,09:08 PM,Rajendra,Library,0,0,07:07 PM,09:52 PM,07:00 PM,10:40 PM,483.48,130,27.38,None,0,0
S4774,2026-04-28,12:59 PM,Azad,Mess,12:34 PM,01:15 PM,0,0,0,0,478.23,61,41.27,Lunch,0,0
S4775,2026-04-14,04:56 PM,Sarojini,Library,0,0,03:05 PM,05:04 PM,02:42 PM,05:37 PM,836.84,33,8.92,None,0,0
S4776,2026-04-07,10:25 AM,Rajendra,Mess,09:56 AM,10:35 AM,0,0,0,0,511.89,145,41.29,Breakfast,1,1
S4777,2026-04-16,05:25 PM,Ganga,Library,0,0,04:49 PM,07:32 PM,04:42 PM,08:13 PM,550.53,143,22.2,None,0,0
S4778,2026-04-23,06:06 PM,Sarojini,Hostel,0,0,0,0,0,0,182.98,110,21.66,None,0,0
S4779,2026-04-26,07:03 PM,Yamuna,Library,0,0,05:23 PM,07:36 PM,05:00 PM,07:55 PM,777.97,99,24.03,None,0,0
S4780,2026-04-03,08:53 AM,Sarojini,Mess,08:40 AM,09:10 AM,0,0,0,0,332.91,56,46.54,Breakfast,0,0
S4781,2026-04-14,12:56 AM,Azad,Outside,0,0,0,0,12:10 AM,03:25 AM,166.45,27,2.94,None,0,0
S4782,2026-04-09,07:52 AM,Sarojini,Mess,07:33 AM,08:00 AM,0,0,0,0,223.05,156,45.04,Breakfast,0,0
S4783,2026-04-16,01:17 PM,Azad,Mess,12:30 PM,01:30 PM,0,0,0,0,600.95,58,39.56,Lunch,1,0
S4784,2026-04-05,05:04 PM,Ganga,Outside,0,0,0,0,03:48 PM,07:54 PM,187.74,174,20.93,None,0,0
S4785,2026-04-14,08:29 AM,Yamuna,Mess,08:28 AM,08:56 AM,0,0,0,0,228.79,149,42.67,Breakfast,0,0
S4786,2026-04-20,07:43 PM,Sarojini,Library,0,0,06:20 PM,08:10 PM,05:53 PM,08:31 PM,609.44,18,13.2,None,0,0
S4787,2026-04-22,07:27 PM,Sarojini,Mess,07:19 PM,08:16 PM,0,0,0,0,360.79,150,54.18,Dinner,0,0
S4788,2026-04-02,01:57 PM,Rajendra,Library,0,0,01:35 PM,03:17 PM,01:26 PM,04:08 PM,748.12,166,25.32,None,1,0
S4789,2026-04-08,08:38 PM,Sarojini,Mess,08:13 PM,08:40 PM,0,0,0,0,661.87,159,47.4,Dinner,0,0
S4790,2026-04-20,08:47 PM,Sarojini,Mess,08:37 PM,09:36 PM,0,0,0,0,523.11,159,48.82,Dinner,0,0
S4791,2026-04-04,10:05 AM,Ganga,Mess,09:54 AM,10:28 AM,0,0,0,0,472.09,42,30.14,Breakfast,1,1
S4792,2026-05-01,10:20 AM,Sarojini,Mess,09:53 AM,10:36 AM,0,0,0,0,603.19,33,28.13,Breakfast,1,1
S4793,2026-04-15,12:20 PM,Sarojini,Outside,0,0,0,0,11:08 AM,02:31 PM,357.75,190,27.05,None,0,0
S4794,2026-04-13,01:25 PM,Yamuna,Library,0,0,12:17 PM,02:19 PM,12:04 PM,03:12 PM,758.11,34,15.23,None,1,0
S4795,2026-04-05,06:00 PM,Yamuna,Library,0,0,04:21 PM,06:53 PM,04:14 PM,07:09 PM,1034.39,33,13.69,None,0,0
S4796,2026-04-07,05:03 AM,Sarojini,Outside,0,0,0,0,04:28 AM,06:37 AM,278.32,193,24.76,None,0,0
S4797,2026-04-10,08:13 PM,Sarojini,Mess,07:34 PM,08:31 PM,0,0,0,0,679.89,57,39.27,Dinner,0,0
S4798,2026-04-20,12:40 PM,Sarojini,Library,0,0,12:05 PM,02:09 PM,11:54 AM,02:51 PM,711.34,18,14.63,None,1,0
S4799,2026-04-06,07:16 PM,Sarojini,Library,0,0,07:04 PM,08:30 PM,06:45 PM,09:18 PM,992.03,173,21.06,None,0,0
S4800,2026-04-01,09:44 PM,Ganga,Outside,0,0,0,0,09:07 PM,11:09 PM,253.88,141,18.09,None,0,0
S4801,2026-04-14,05:33 AM,Rajendra,Outside,0,0,0,0,04:48 AM,07:38 AM,301.0,186,18.14,None,0,0
S4802,2026-04-08,06:54 PM,Sarojini,Library,0,0,04:55 PM,06:59 PM,04:38 PM,07:09 PM,643.06,103,25.24,None,0,0
S4803,2026-04-06,11:57 PM,Sarojini,Library,0,0,10:20 PM,11:59 PM,10:14 PM,11:59 PM,825.42,102,21.47,None,0,0
S4804,2026-05-01,02:56 PM,Rajendra,Library,0,0,12:51 PM,03:43 PM,12:40 PM,04:39 PM,692.43,177,26.19,None,0,0
S4805,2026-04-14,01:53 AM,Ganga,Outside,0,0,0,0,12:17 AM,03:40 AM,154.51,126,8.06,None,0,0
S4806,2026-04-04,12:33 AM,Ganga,Outside,0,0,0,0,0,03:24 AM,394.17,181,23.42,None,0,0
S4807,2026-04-29,08:44 PM,Azad,Library,0,0,08:06 PM,09:10 PM,07:53 PM,09:48 PM,781.27,84,21.67,None,0,0
S4808,2026-05-01,02:51 PM,Azad,Mess,02:46 PM,03:24 PM,0,0,0,0,607.81,146,60.96,Lunch,0,0
S4809,2026-04-20,12:27 PM,Azad,Library,0,0,10:06 AM,12:29 PM,09:40 AM,12:53 PM,882.66,170,25.1,None,0,0
S4810,2026-04-06,09:38 PM,Sarojini,Library,0,0,09:02 PM,11:09 PM,08:56 PM,11:45 PM,755.09,170,26.86,None,0,0
S4811,2026-04-25,07:18 AM,Azad,Mess,07:02 AM,07:38 AM,0,0,0,0,376.28,30,26.48,Breakfast,0,0
S4812,2026-04-25,01:13 PM,Azad,Mess,01:05 PM,01:43 PM,0,0,0,0,436.48,45,38.47,Lunch,1,0
S4813,2026-04-11,08:34 PM,Ganga,Mess,08:01 PM,08:56 PM,0,0,0,0,532.64,106,46.93,Dinner,0,0
S4814,2026-04-28,01:00 PM,Azad,Library,0,0,12:09 PM,01:38 PM,12:01 PM,02:16 PM,735.99,171,36.73,None,1,0
S4815,2026-04-17,09:02 PM,Sarojini,Mess,08:57 PM,09:37 PM,0,0,0,0,541.71,200,49.2,Dinner,0,0
S4816,2026-04-28,08:54 PM,Ganga,Mess,08:50 PM,09:29 PM,0,0,0,0,514.15,185,46.31,Dinner,0,0
S4817,2026-04-26,09:56 PM,Azad,Library,0,0,09:56 PM,11:14 PM,09:36 PM,11:59 PM,956.22,77,15.41,None,0,0
S4818,2026-04-01,11:05 PM,Sarojini,Library,0,0,10:07 PM,11:33 PM,10:02 PM,11:59 PM,825.21,63,13.67,None,0,0
S4819,2026-04-16,12:54 PM,Sarojini,Mess,12:36 PM,01:15 PM,0,0,0,0,644.47,26,35.52,Lunch,0,0
S4820,2026-04-28,11:23 AM,Ganga,Library,0,0,10:42 AM,11:47 AM,10:16 AM,12:09 PM,1010.05,59,17.79,None,1,0
S4821,2026-05-01,10:02 PM,Sarojini,Library,0,0,09:04 PM,10:04 PM,08:47 PM,10:26 PM,711.15,67,16.14,None,0,0
S4822,2026-04-11,12:32 PM,Yamuna,Library,0,0,11:52 AM,01:01 PM,11:28 AM,01:58 PM,934.75,67,21.22,None,0,0
S4823,2026-04-26,10:03 AM,Sarojini,Mess,09:18 AM,10:14 AM,0,0,0,0,416.52,166,41.13,Breakfast,1,1
S4824,2026-04-04,10:11 AM,Sarojini,Outside,0,0,0,0,09:17 AM,01:00 PM,247.68,159,17.6,None,0,0
S4825,2026-04-28,08:50 PM,Yamuna,Library,0,0,08:05 PM,10:22 PM,07:49 PM,10:51 PM,1009.86,126,31.02,None,0,0
S4826,2026-04-13,02:04 PM,Azad,Mess,01:13 PM,02:04 PM,0,0,0,0,426.19,82,33.22,Lunch,1,0
S4827,2026-04-13,02:54 PM,Sarojini,Mess,02:41 PM,03:04 PM,0,0,0,0,262.51,111,53.75,Lunch,0,0
S4828,2026-04-03,11:47 AM,Yamuna,Outside,0,0,0,0,10:45 AM,02:27 PM,336.45,43,3.96,None,1,0
S4829,2026-04-11,01:46 PM,Rajendra,Library,0,0,12:03 PM,01:52 PM,11:43 AM,02:45 PM,612.73,198,30.33,None,1,0
S4830,2026-04-19,08:17 PM,Rajendra,Mess,08:00 PM,08:28 PM,0,0,0,0,517.57,63,33.37,Dinner,0,0
S4831,2026-04-10,10:13 AM,Rajendra,Outside,0,0,0,0,09:31 AM,01:00 PM,304.87,64,3.9,None,0,0
S4832,2026-04-11,02:55 PM,Rajendra,Library,0,0,02:28 PM,02:58 PM,02:18 PM,03:36 PM,636.79,16,11.13,None,1,0
S4833,2026-04-13,10:35 PM,Sarojini,Outside,0,0,0,0,09:11 PM,11:59 PM,269.0,115,16.57,None,0,0
S4834,2026-04-02,04:18 AM,Rajendra,Outside,0,0,0,0,03:43 AM,05:22 AM,281.46,158,18.41,None,0,0
S4835,2026-04-13,01:34 AM,Sarojini,Hostel,0,0,0,0,0,0,386.27,171,41.15,None,0,0
S4836,2026-04-17,09:17 AM,Ganga,Mess,08:38 AM,09:32 AM,0,0,0,0,456.19,102,41.12,Breakfast,1,1
S4837,2026-04-29,02:09 PM,Sarojini,Hostel,0,0,0,0,0,0,239.73,167,37.09,None,0,0
S4838,2026-04-10,10:37 PM,Yamuna,Library,0,0,10:02 PM,11:09 PM,09:46 PM,11:25 PM,824.72,165,22.49,None,0,0
S4839,2026-05-01,02:05 PM,Yamuna,Library,0,0,01:55 PM,02:28 PM,01:34 PM,02:44 PM,610.75,107,24.21,None,0,0
S4840,2026-04-26,07:34 AM,Ganga,Mess,07:21 AM,07:50 AM,0,0,0,0,627.09,76,34.12,Breakfast,0,0
S4841,2026-04-21,03:02 PM,Ganga,Mess,02:26 PM,03:24 PM,0,0,0,0,631.74,175,49.99,Lunch,1,0
S4842,2026-04-22,11:40 AM,Ganga,Library,0,0,11:05 AM,11:43 AM,10:48 AM,12:05 PM,660.4,51,15.73,None,1,0
S4843,2026-04-15,06:17 PM,Sarojini,Library,0,0,04:58 PM,06:29 PM,04:42 PM,06:46 PM,950.71,19,14.98,None,0,0
S4844,2026-04-20,12:44 PM,Rajendra,Outside,0,0,0,0,11:46 AM,03:01 PM,299.77,26,1.84,None,0,0
S4845,2026-04-14,10:45 PM,Ganga,Library,0,0,09:20 PM,10:53 PM,08:55 PM,11:10 PM,890.38,114,29.29,None,0,0
S4846,2026-04-26,07:42 PM,Yamuna,Mess,07:42 PM,08:29 PM,0,0,0,0,656.88,93,47.91,Dinner,0,0
S4847,2026-04-24,10:51 PM,Sarojini,Outside,0,0,0,0,09:54 PM,11:59 PM,218.31,105,13.22,None,0,0
S4848,2026-04-02,09:07 AM,Sarojini,Mess,08:38 AM,09:36 AM,0,0,0,0,464.56,79,28.53,Breakfast,0,0
S4849,2026-04-16,11:26 AM,Ganga,Classroom,0,0,0,0,11:03 AM,12:24 PM,140.68,122,9.18,None,1,0
S4850,2026-04-21,09:20 PM,Sarojini,Hostel,0,0,0,0,0,0,1130.14,80,22.19,None,0,0
S4851,2026-04-10,10:56 PM,Azad,Library,0,0,10:45 PM,11:58 PM,10:15 PM,11:59 PM,782.71,26,8.55,None,0,0
S4852,2026-04-07,10:14 AM,Sarojini,Library,0,0,10:12 AM,12:30 PM,09:57 AM,12:45 PM,783.9,36,15.89,None,0,0
S4853,2026-04-10,01:30 PM,Rajendra,Mess,01:13 PM,02:13 PM,0,0,0,0,565.09,39,36.42,Lunch,1,0
S4854,2026-05-01,11:13 PM,Ganga,Outside,0,0,0,0,09:46 PM,11:59 PM,372.25,92,13.3,None,0,0
S4855,2026-04-14,08:16 PM,Azad,Library,0,0,06:13 PM,08:48 PM,06:02 PM,09:36 PM,691.56,54,19.88,None,0,0
S4856,2026-04-18,10:21 AM,Ganga,Outside,0,0,0,0,09:34 AM,12:50 PM,304.14,198,27.08,None,0,0
S4857,2026-04-16,09:43 AM,Ganga,Mess,09:23 AM,10:07 AM,0,0,0,0,582.57,182,56.0,Breakfast,0,0
S4858,2026-04-01,01:23 PM,Rajendra,Mess,01:19 PM,01:45 PM,0,0,0,0,353.87,170,47.62,Lunch,1,0
S4859,2026-04-01,05:49 AM,Sarojini,Hostel,0,0,0,0,0,0,146.86,156,34.89,None,0,0
S4860,2026-04-10,09:43 PM,Azad,Outside,0,0,0,0,08:38 PM,10:52 PM,153.33,197,15.1,None,0,0
S4861,2026-04-05,05:21 AM,Ganga,Hostel,0,0,0,0,0,0,226.76,29,16.22,None,0,0
S4862,2026-04-10,01:08 PM,Sarojini,Mess,12:54 PM,01:18 PM,0,0,0,0,609.09,50,37.48,Lunch,0,0
S4863,2026-04-01,02:46 PM,Yamuna,Classroom,0,0,0,0,02:18 PM,04:42 PM,382.38,125,14.21,None,1,0
S4864,2026-04-05,09:16 AM,Rajendra,Mess,09:08 AM,10:03 AM,0,0,0,0,320.16,18,38.96,Breakfast,1,1
S4865,2026-04-29,09:57 PM,Rajendra,Library,0,0,08:19 PM,11:15 PM,07:59 PM,11:59 PM,830.44,156,19.34,None,0,0
S4866,2026-04-12,06:16 AM,Rajendra,Hostel,0,0,0,0,0,0,213.21,54,15.92,None,0,0
S4867,2026-04-08,09:14 PM,Yamuna,Hostel,0,0,0,0,0,0,893.47,147,35.13,None,0,0
S4868,2026-04-04,05:35 PM,Yamuna,Library,0,0,03:44 PM,06:20 PM,03:19 PM,06:46 PM,764.89,70,9.66,None,0,0
S4869,2026-04-19,01:12 PM,Sarojini,Library,0,0,12:40 PM,01:14 PM,12:12 PM,01:49 PM,459.44,64,12.3,None,1,0
S4870,2026-04-19,02:19 PM,Yamuna,Library,0,0,12:33 PM,03:24 PM,12:21 PM,03:35 PM,597.71,70,15.64,None,1,0
S4871,2026-04-09,09:04 PM,Yamuna,Library,0,0,07:37 PM,10:35 PM,07:21 PM,10:54 PM,996.45,24,15.99,None,0,0
S4872,2026-04-10,08:03 AM,Rajendra,Mess,07:45 AM,08:31 AM,0,0,0,0,533.44,87,36.9,Breakfast,0,0
S4873,2026-04-05,09:10 AM,Sarojini,Mess,09:02 AM,09:39 AM,0,0,0,0,533.99,91,50.34,Breakfast,0,0
S4874,2026-04-22,01:12 AM,Rajendra,Hostel,0,0,0,0,0,0,389.89,146,26.25,None,0,0
S4875,2026-04-14,01:32 PM,Ganga,Mess,01:13 PM,01:33 PM,0,0,0,0,416.45,189,37.72,Lunch,0,0
S4876,2026-04-11,12:08 PM,Ganga,Mess,12:01 PM,12:52 PM,0,0,0,0,456.39,24,40.47,Lunch,0,0
S4877,2026-04-16,12:32 AM,Ganga,Outside,0,0,0,0,0,02:06 AM,260.01,50,5.29,None,0,0
S4878,2026-05-01,02:43 PM,Sarojini,Outside,0,0,0,0,01:49 PM,05:40 PM,194.06,177,11.87,None,0,0
S4879,2026-04-15,12:02 AM,Azad,Hostel,0,0,0,0,0,0,144.11,76,20.69,None,0,0
S4880,2026-04-28,01:00 PM,Azad,Mess,12:34 PM,01:00 PM,0,0,0,0,486.82,106,43.14,Lunch,0,0
S4881,2026-04-04,12:39 PM,Sarojini,Mess,12:18 PM,12:58 PM,0,0,0,0,469.52,165,50.6,Lunch,1,0
S4882,2026-04-29,11:18 PM,Ganga,Library,0,0,10:51 PM,11:56 PM,10:28 PM,11:59 PM,747.76,123,25.13,None,0,0
S4883,2026-04-02,10:08 PM,Azad,Library,0,0,09:34 PM,10:16 PM,09:23 PM,10:29 PM,796.1,62,16.87,None,0,0
S4884,2026-04-14,02:28 AM,Azad,Outside,0,0,0,0,01:13 AM,04:50 AM,241.69,168,16.56,None,0,0
S4885,2026-04-30,10:12 PM,Sarojini,Library,0,0,09:31 PM,10:51 PM,09:26 PM,11:50 PM,501.29,186,25.33,None,0,0
S4886,2026-04-11,04:45 AM,Ganga,Hostel,0,0,0,0,0,0,393.28,20,15.59,None,0,0
S4887,2026-04-24,11:08 PM,Azad,Library,0,0,10:16 PM,11:14 PM,10:03 PM,11:54 PM,912.46,48,11.34,None,0,0
S4888,2026-04-26,05:08 PM,Ganga,Library,0,0,03:55 PM,06:00 PM,03:32 PM,06:41 PM,944.75,187,33.22,None,0,0
S4889,2026-04-03,12:48 PM,Azad,Library,0,0,12:26 PM,01:06 PM,12:19 PM,01:22 PM,841.68,99,22.93,None,0,0
S4890,2026-04-24,12:35 PM,Rajendra,Mess,12:26 PM,01:09 PM,0,0,0,0,428.63,174,59.46,Lunch,0,0
S4891,2026-04-17,09:49 PM,Rajendra,Library,0,0,09:39 PM,11:16 PM,09:28 PM,11:49 PM,676.23,35,16.35,None,0,0
S4892,2026-04-18,12:54 AM,Ganga,Outside,0,0,0,0,0,02:17 AM,171.51,191,24.06,None,0,0
S4893,2026-04-13,02:41 PM,Ganga,Mess,01:59 PM,02:54 PM,0,0,0,0,588.82,93,47.34,Lunch,0,0
S4894,2026-04-04,12:30 AM,Azad,Outside,0,0,0,0,0,03:26 AM,333.08,180,13.24,None,0,0
S4895,2026-04-02,03:08 PM,Sarojini,Mess,02:44 PM,03:44 PM,0,0,0,0,262.59,52,43.14,Lunch,1,0
S4896,2026-04-07,10:32 PM,Azad,Hostel,0,0,0,0,0,0,1135.37,102,27.76,None,0,0
S4897,2026-04-22,11:11 AM,Azad,Library,0,0,11:00 AM,12:55 PM,10:34 AM,01:10 PM,993.15,23,7.92,None,1,0
S4898,2026-04-03,12:48 PM,Azad,Mess,12:32 PM,01:14 PM,0,0,0,0,326.57,34,24.3,Lunch,0,0
S4899,2026-04-28,11:02 AM,Ganga,Library,0,0,10:20 AM,12:11 PM,09:57 AM,01:04 PM,933.65,174,26.95,None,0,0
S4900,2026-04-22,01:11 PM,Yamuna,Library,0,0,12:18 PM,01:44 PM,12:06 PM,02:21 PM,714.98,186,26.11,None,1,0
S4901,2026-04-03,07:26 PM,Sarojini,Outside,0,0,0,0,06:11 PM,09:31 PM,162.88,113,14.15,None,0,0
S4902,2026-04-01,04:06 PM,Rajendra,Library,0,0,02:58 PM,04:35 PM,02:44 PM,05:29 PM,955.58,146,24.22,None,0,0
S4903,2026-04-28,12:58 PM,Yamuna,Outside,0,0,0,0,11:29 AM,02:16 PM,285.17,51,4.02,None,1,0
S4904,2026-04-24,06:15 PM,Rajendra,Hostel,0,0,0,0,0,0,143.34,141,42.12,None,0,0
S4905,2026-04-11,10:23 AM,Rajendra,Library,0,0,09:40 AM,11:25 AM,09:14 AM,11:59 AM,929.56,160,30.56,None,1,1
S4906,2026-04-09,10:54 PM,Rajendra,Outside,0,0,0,0,10:14 PM,11:59 PM,325.35,195,20.11,None,0,0
S4907,2026-04-07,06:03 PM,Ganga,Library,0,0,05:37 PM,06:40 PM,05:12 PM,06:56 PM,908.02,72,21.03,None,0,0
S4908,2026-04-14,03:43 PM,Sarojini,Library,0,0,02:52 PM,03:47 PM,02:34 PM,03:57 PM,670.44,190,29.37,None,0,0
S4909,2026-04-15,11:17 PM,Azad,Hostel,0,0,0,0,0,0,1082.96,74,35.03,None,0,0
S4910,2026-04-11,09:41 AM,Ganga,Library,0,0,09:39 AM,10:35 AM,09:19 AM,11:18 AM,609.79,39,17.48,None,1,1
S4911,2026-04-11,09:42 AM,Azad,Classroom,0,0,0,0,09:03 AM,10:23 AM,391.55,81,5.27,None,1,1
S4912,2026-04-16,11:19 PM,Rajendra,Library,0,0,10:43 PM,11:59 PM,10:36 PM,11:59 PM,830.68,51,18.52,None,0,0
S4913,2026-04-05,09:44 PM,Rajendra,Hostel,0,0,0,0,0,0,1032.31,166,37.16,None,0,0
S4914,2026-04-27,12:56 PM,Ganga,Mess,12:15 PM,01:06 PM,0,0,0,0,367.72,56,39.46,Lunch,0,0
S4915,2026-04-07,07:26 AM,Rajendra,Mess,07:19 AM,08:03 AM,0,0,0,0,442.93,123,42.62,Breakfast,0,0
S4916,2026-04-05,11:26 AM,Azad,Classroom,0,0,0,0,11:02 AM,12:46 PM,266.3,116,11.8,None,1,0
S4917,2026-04-18,10:49 AM,Ganga,Library,0,0,10:31 AM,11:32 AM,10:20 AM,11:44 AM,722.5,39,15.7,None,0,0
S4918,2026-04-14,06:31 PM,Yamuna,Library,0,0,05:57 PM,06:47 PM,05:49 PM,07:47 PM,768.98,113,26.44,None,0,0
S4919,2026-04-05,12:56 PM,Yamuna,Outside,0,0,0,0,12:10 PM,02:57 PM,394.99,31,2.37,None,0,0
S4920,2026-04-02,04:57 PM,Rajendra,Library,0,0,04:42 PM,06:10 PM,04:32 PM,06:38 PM,798.15,186,26.43,None,0,0
S4921,2026-04-07,03:37 PM,Ganga,Classroom,0,0,0,0,03:20 PM,04:27 PM,249.22,135,7.12,None,1,0
S4922,2026-04-13,06:52 PM,Rajendra,Outside,0,0,0,0,05:07 PM,09:03 PM,349.32,15,1.55,None,0,0
S4923,2026-04-09,08:32 AM,Yamuna,Mess,08:16 AM,08:51 AM,0,0,0,0,437.52,25,25.31,Breakfast,0,0
S4924,2026-04-09,12:56 PM,Sarojini,Classroom,0,0,0,0,12:46 PM,01:47 PM,306.24,78,8.65,None,1,0
S4925,2026-04-03,10:07 PM,Ganga,Mess,09:57 PM,10:54 PM,0,0,0,0,311.28,157,45.98,Dinner,0,0
S4926,2026-04-21,03:38 PM,Ganga,Classroom,0,0,0,0,03:27 PM,04:51 PM,329.9,117,6.49,None,1,0
S4927,2026-04-30,03:10 PM,Sarojini,Mess,02:55 PM,03:20 PM,0,0,0,0,347.19,111,50.1,Lunch,0,0
S4928,2026-04-16,01:31 AM,Azad,Outside,0,0,0,0,0,03:18 AM,180.53,63,5.33,None,0,0
S4929,2026-04-18,07:59 AM,Azad,Mess,07:34 AM,08:17 AM,0,0,0,0,545.18,105,33.48,Breakfast,0,0
S4930,2026-04-23,12:11 PM,Sarojini,Library,0,0,10:14 AM,12:26 PM,10:05 AM,12:50 PM,778.11,157,22.4,None,1,0
S4931,2026-04-21,02:59 PM,Yamuna,Mess,02:51 PM,03:46 PM,0,0,0,0,484.86,12,34.47,Lunch,0,0
S4932,2026-04-15,01:10 PM,Rajendra,Mess,01:06 PM,01:31 PM,0,0,0,0,399.79,174,51.22,Lunch,1,0
S4933,2026-04-28,01:15 PM,Rajendra,Library,0,0,11:02 AM,01:33 PM,10:52 AM,01:52 PM,716.14,153,31.59,None,1,0
S4934,2026-04-26,09:01 PM,Yamuna,Outside,0,0,0,0,07:41 PM,11:26 PM,293.48,94,9.41,None,0,0
S4935,2026-04-27,01:11 PM,Sarojini,Mess,01:03 PM,01:43 PM,0,0,0,0,648.52,146,43.55,Lunch,0,0
S4936,2026-04-09,10:16 PM,Azad,Library,0,0,08:22 PM,10:44 PM,07:57 PM,11:09 PM,765.37,63,19.52,None,0,0
S4937,2026-04-15,11:13 AM,Rajendra,Hostel,0,0,0,0,0,0,371.1,137,31.44,None,0,0
S4938,2026-04-11,08:08 PM,Azad,Mess,07:46 PM,08:13 PM,0,0,0,0,513.0,120,32.9,Dinner,0,0
S4939,2026-04-18,11:00 PM,Sarojini,Library,0,0,10:51 PM,11:59 PM,10:30 PM,11:59 PM,860.99,160,31.68,None,0,0
S4940,2026-04-10,07:25 AM,Azad,Mess,07:06 AM,07:51 AM,0,0,0,0,595.93,127,47.9,Breakfast,0,0
S4941,2026-04-27,04:38 AM,Ganga,Hostel,0,0,0,0,0,0,309.76,149,30.86,None,0,0
S4942,2026-05-01,02:50 AM,Yamuna,Hostel,0,0,0,0,0,0,288.0,141,21.52,None,0,0
S4943,2026-04-05,10:20 AM,Yamuna,Mess,09:58 AM,10:35 AM,0,0,0,0,491.94,99,45.35,Breakfast,1,1
S4944,2026-04-07,09:00 PM,Sarojini,Library,0,0,08:15 PM,09:44 PM,07:54 PM,10:01 PM,621.26,143,26.01,None,0,0
S4945,2026-04-05,12:35 PM,Sarojini,Library,0,0,11:28 AM,01:39 PM,11:05 AM,01:49 PM,573.49,181,34.37,None,1,0
S4946,2026-04-06,10:50 AM,Sarojini,Library,0,0,09:32 AM,11:22 AM,09:15 AM,11:36 AM,549.26,54,9.28,None,1,1
S4947,2026-04-19,09:48 AM,Azad,Hostel,0,0,0,0,0,0,366.33,184,46.2,None,1,1
S4948,2026-04-26,03:06 AM,Yamuna,Outside,0,0,0,0,02:16 AM,04:54 AM,113.99,42,3.82,None,0,0
S4949,2026-04-02,07:41 PM,Sarojini,Mess,07:19 PM,08:16 PM,0,0,0,0,502.35,120,39.23,Dinner,0,0
S4950,2026-04-03,08:16 PM,Azad,Hostel,0,0,0,0,0,0,1218.94,175,33.3,None,0,0
S4951,2026-04-09,05:50 PM,Ganga,Library,0,0,04:17 PM,07:14 PM,04:05 PM,07:26 PM,551.62,185,34.72,None,0,0
S4952,2026-05-01,02:16 PM,Azad,Library,0,0,01:13 PM,03:00 PM,12:53 PM,03:38 PM,677.82,195,26.45,None,1,0
S4953,2026-04-30,01:12 PM,Azad,Hostel,0,0,0,0,0,0,383.22,81,27.71,None,0,0
S4954,2026-05-01,08:12 PM,Yamuna,Hostel,0,0,0,0,0,0,910.43,137,23.81,None,0,0
S4955,2026-04-17,09:56 PM,Azad,Mess,09:28 PM,10:28 PM,0,0,0,0,464.02,48,30.63,Dinner,0,0
S4956,2026-04-22,08:59 PM,Azad,Outside,0,0,0,0,07:06 PM,10:29 PM,398.63,107,10.63,None,0,0
S4957,2026-04-12,09:39 PM,Rajendra,Mess,09:24 PM,09:44 PM,0,0,0,0,452.66,172,46.17,Dinner,0,0
S4958,2026-04-28,06:04 PM,Azad,Library,0,0,04:04 PM,06:37 PM,03:35 PM,07:25 PM,687.56,147,17.05,None,0,0
S4959,2026-04-11,07:14 AM,Rajendra,Hostel,0,0,0,0,0,0,249.93,110,36.34,None,0,0
S4960,2026-04-23,02:50 PM,Ganga,Library,0,0,02:19 PM,03:02 PM,01:52 PM,03:22 PM,622.97,120,25.68,None,1,0
S4961,2026-04-30,05:18 AM,Rajendra,Hostel,0,0,0,0,0,0,292.9,25,19.34,None,0,0
S4962,2026-04-19,10:46 PM,Rajendra,Outside,0,0,0,0,09:34 PM,11:59 PM,322.33,27,3.04,None,0,0
S4963,2026-04-11,10:33 PM,Rajendra,Library,0,0,10:10 PM,11:31 PM,10:00 PM,11:59 PM,697.94,72,15.26,None,0,0
S4964,2026-04-25,08:49 PM,Azad,Mess,08:48 PM,09:40 PM,0,0,0,0,535.61,107,35.29,Dinner,0,0
S4965,2026-04-16,07:45 AM,Rajendra,Hostel,0,0,0,0,0,0,265.24,18,17.22,None,0,0
S4966,2026-04-21,02:41 PM,Rajendra,Mess,01:57 PM,02:42 PM,0,0,0,0,460.2,87,36.62,Lunch,1,0
S4967,2026-04-30,03:23 AM,Rajendra,Hostel,0,0,0,0,0,0,187.06,160,31.32,None,0,0
S4968,2026-04-18,06:02 PM,Azad,Library,0,0,05:29 PM,06:17 PM,05:00 PM,07:04 PM,439.89,65,18.91,None,0,0
S4969,2026-04-19,07:47 AM,Sarojini,Hostel,0,0,0,0,0,0,204.82,36,16.18,None,0,0
S4970,2026-05-01,06:58 PM,Azad,Library,0,0,06:14 PM,08:13 PM,05:54 PM,08:23 PM,615.9,112,14.45,None,0,0
S4971,2026-04-17,05:59 PM,Rajendra,Library,0,0,04:56 PM,07:39 PM,04:35 PM,07:56 PM,607.62,166,28.57,None,0,0
S4972,2026-04-27,07:00 PM,Rajendra,Library,0,0,06:38 PM,07:21 PM,06:31 PM,08:21 PM,1083.7,116,29.47,None,0,0
S4973,2026-04-02,09:54 PM,Rajendra,Library,0,0,07:24 PM,10:22 PM,06:55 PM,10:33 PM,1050.1,161,27.55,None,0,0
S4974,2026-04-13,12:54 PM,Sarojini,Mess,12:38 PM,01:34 PM,0,0,0,0,496.7,18,21.92,Lunch,1,0
S4975,2026-04-21,01:37 PM,Ganga,Mess,01:20 PM,01:41 PM,0,0,0,0,422.47,105,31.59,Lunch,1,0
S4976,2026-04-27,08:09 AM,Ganga,Mess,07:43 AM,08:19 AM,0,0,0,0,329.55,108,44.71,Breakfast,0,0
S4977,2026-04-07,11:55 AM,Yamuna,Library,0,0,11:18 AM,12:46 PM,10:57 AM,01:03 PM,443.07,183,26.49,None,1,0
S4978,2026-04-28,08:08 AM,Azad,Mess,07:57 AM,08:33 AM,0,0,0,0,481.3,94,37.9,Breakfast,0,0
S4979,2026-04-03,06:15 PM,Rajendra,Outside,0,0,0,0,05:32 PM,08:02 PM,214.03,150,16.12,None,0,0
S4980,2026-04-22,08:02 PM,Sarojini,Library,0,0,07:54 PM,08:41 PM,07:40 PM,09:28 PM,958.86,187,36.37,None,0,0
S4981,2026-04-13,03:03 AM,Sarojini,Outside,0,0,0,0,01:15 AM,05:32 AM,284.03,169,11.44,None,0,0
S4982,2026-04-26,09:55 AM,Azad,Mess,09:30 AM,10:05 AM,0,0,0,0,489.56,107,33.69,Breakfast,1,1
S4983,2026-04-29,01:09 PM,Rajendra,Mess,12:30 PM,01:09 PM,0,0,0,0,657.83,84,28.33,Lunch,0,0
S4984,2026-04-30,06:21 PM,Azad,Library,0,0,05:20 PM,07:04 PM,05:07 PM,07:51 PM,630.6,200,36.5,None,0,0
S4985,2026-04-21,06:32 PM,Ganga,Classroom,0,0,0,0,06:16 PM,08:26 PM,273.92,167,23.46,None,1,1
S4986,2026-04-09,09:14 AM,Yamuna,Library,0,0,09:03 AM,09:54 AM,08:56 AM,10:49 AM,730.42,51,17.93,None,0,0
S4987,2026-04-17,08:45 AM,Azad,Mess,08:45 AM,09:41 AM,0,0,0,0,662.88,17,37.91,Breakfast,0,0
S4988,2026-04-04,09:42 PM,Azad,Mess,09:11 PM,09:46 PM,0,0,0,0,326.75,101,44.99,Dinner,0,0
S4989,2026-04-01,01:24 PM,Sarojini,Library,0,0,12:47 PM,03:44 PM,12:37 PM,04:27 PM,494.47,111,15.23,None,1,0
S4990,2026-05-01,08:29 PM,Sarojini,Mess,07:54 PM,08:49 PM,0,0,0,0,477.95,32,40.68,Dinner,0,0
S4991,2026-05-01,06:29 PM,Rajendra,Hostel,0,0,0,0,0,0,169.61,82,28.12,None,0,0
S4992,2026-04-24,12:58 PM,Yamuna,Classroom,0,0,0,0,12:21 PM,01:59 PM,326.62,31,1.67,None,1,0
S4993,2026-04-05,06:49 PM,Ganga,Library,0,0,04:28 PM,06:52 PM,04:08 PM,07:25 PM,623.3,38,15.58,None,0,0
S4994,2026-04-20,12:01 AM,Azad,Hostel,0,0,0,0,0,0,397.82,48,15.55,None,0,0
S4995,2026-04-09,10:15 AM,Yamuna,Mess,09:41 AM,10:34 AM,0,0,0,0,369.7,109,35.79,Breakfast,1,1
S4996,2026-04-22,09:33 AM,Rajendra,Mess,09:19 AM,09:53 AM,0,0,0,0,238.37,135,51.22,Breakfast,1,1
S4997,2026-04-17,11:01 AM,Yamuna,Library,0,0,10:21 AM,11:11 AM,10:15 AM,11:46 AM,758.47,114,24.37,None,0,0
S4998,2026-04-26,09:03 AM,Ganga,Mess,08:57 AM,09:24 AM,0,0,0,0,353.19,175,47.4,Breakfast,1,1
S4999,2026-04-18,08:40 PM,Sarojini,Mess,08:17 PM,08:53 PM,0,0,0,0,437.69,24,30.51,Dinner,0,0
S5000,2026-04-01,04:00 PM,Rajendra,Library,0,0,02:33 PM,04:14 PM,02:19 PM,04:27 PM,736.29,192,24.78,None,0,0
S5001,2026-04-19,07:34 AM,Rajendra,Mess,07:13 AM,07:51 AM,0,0,0,0,538.78,84,42.96,Breakfast,0,0
S5002,2026-04-16,10:17 PM,Azad,Library,0,0,09:12 PM,10:51 PM,08:56 PM,11:41 PM,954.95,112,25.18,None,0,0
S5003,2026-04-22,08:47 AM,Azad,Mess,08:26 AM,09:25 AM,0,0,0,0,543.75,15,39.05,Breakfast,0,0
S5004,2026-04-09,08:31 PM,Rajendra,Library,0,0,08:00 PM,10:01 PM,07:32 PM,10:16 PM,807.14,138,22.78,None,0,0
S5005,2026-04-07,07:37 PM,Sarojini,Hostel,0,0,0,0,0,0,113.86,187,23.34,None,0,0
S5006,2026-05-01,02:21 AM,Ganga,Hostel,0,0,0,0,0,0,314.75,62,27.48,None,0,0
S5007,2026-04-26,05:39 PM,Sarojini,Library,0,0,04:15 PM,05:45 PM,04:09 PM,06:26 PM,795.93,160,21.81,None,0,0
S5008,2026-04-25,11:17 PM,Azad,Library,0,0,09:36 PM,11:59 PM,09:29 PM,11:59 PM,763.33,55,19.45,None,0,0
S5009,2026-04-05,08:42 PM,Rajendra,Mess,08:20 PM,09:09 PM,0,0,0,0,415.27,73,36.33,Dinner,0,0
S5010,2026-04-16,09:12 PM,Sarojini,Library,0,0,08:12 PM,09:17 PM,07:56 PM,09:49 PM,751.08,50,16.3,None,0,0
S5011,2026-04-11,06:52 PM,Azad,Outside,0,0,0,0,05:20 PM,07:56 PM,115.69,152,19.72,None,0,0
S5012,2026-04-04,02:51 PM,Sarojini,Mess,02:47 PM,03:10 PM,0,0,0,0,432.98,126,43.81,Lunch,0,0
S5013,2026-04-22,01:17 PM,Rajendra,Mess,01:15 PM,02:05 PM,0,0,0,0,610.94,195,41.86,Lunch,0,0
S5014,2026-04-04,09:51 PM,Rajendra,Hostel,0,0,0,0,0,0,911.57,39,18.57,None,0,0
S5015,2026-04-25,09:32 PM,Rajendra,Mess,09:07 PM,09:40 PM,0,0,0,0,469.96,155,58.38,Dinner,0,0
S5016,2026-04-09,12:45 AM,Yamuna,Outside,0,0,0,0,0,02:40 AM,204.42,181,17.52,None,0,0
S5017,2026-04-06,09:10 PM,Rajendra,Hostel,0,0,0,0,0,0,997.16,25,16.67,None,0,0
S5018,2026-04-28,08:58 PM,Azad,Hostel,0,0,0,0,0,0,1062.84,94,21.78,None,0,0
S5019,2026-04-17,01:41 PM,Ganga,Classroom,0,0,0,0,01:11 PM,02:50 PM,213.88,174,16.99,None,1,0
S5020,2026-05-01,02:41 AM,Azad,Outside,0,0,0,0,01:59 AM,04:59 AM,104.58,185,21.0,None,0,0
S5021,2026-04-08,03:49 PM,Sarojini,Library,0,0,03:11 PM,04:34 PM,02:50 PM,05:07 PM,551.2,13,13.75,None,0,0
S5022,2026-04-08,02:49 PM,Sarojini,Mess,02:37 PM,03:30 PM,0,0,0,0,383.39,120,28.21,Lunch,0,0
S5023,2026-05-01,09:07 PM,Sarojini,Library,0,0,09:07 PM,09:41 PM,09:01 PM,10:10 PM,658.64,126,15.59,None,0,0
S5024,2026-04-06,10:00 PM,Yamuna,Mess,09:45 PM,10:11 PM,0,0,0,0,521.34,109,32.47,Dinner,0,0
S5025,2026-04-14,07:55 PM,Yamuna,Hostel,0,0,0,0,0,0,280.49,45,23.69,None,0,0
S5026,2026-04-26,03:05 PM,Ganga,Library,0,0,01:43 PM,04:15 PM,01:37 PM,04:53 PM,609.2,94,14.27,None,1,0
S5027,2026-04-17,07:44 PM,Sarojini,Library,0,0,07:25 PM,09:10 PM,07:11 PM,09:22 PM,861.68,119,25.47,None,0,0
S5028,2026-04-20,04:01 PM,Rajendra,Library,0,0,03:55 PM,06:16 PM,03:45 PM,06:50 PM,877.73,175,32.02,None,1,1
S5029,2026-04-16,10:37 AM,Ganga,Hostel,0,0,0,0,0,0,152.6,196,30.91,None,1,1
S5030,2026-04-03,11:34 AM,Rajendra,Library,0,0,10:43 AM,12:43 PM,10:31 AM,01:03 PM,705.15,13,11.46,None,1,0
S5031,2026-04-21,12:55 PM,Yamuna,Hostel,0,0,0,0,0,0,309.46,29,22.64,None,0,0
S5032,2026-04-21,05:33 PM,Yamuna,Library,0,0,03:54 PM,06:21 PM,03:47 PM,07:00 PM,781.09,178,22.48,None,0,0
S5033,2026-04-02,12:31 PM,Azad,Library,0,0,11:20 AM,12:49 PM,11:14 AM,01:32 PM,891.2,26,14.07,None,1,0
S5034,2026-04-02,09:38 AM,Sarojini,Mess,09:04 AM,09:56 AM,0,0,0,0,398.11,154,59.72,Breakfast,1,1
S5035,2026-04-22,02:58 PM,Rajendra,Mess,02:51 PM,03:40 PM,0,0,0,0,349.22,153,42.23,Lunch,0,0
S5036,2026-04-03,09:33 PM,Sarojini,Outside,0,0,0,0,07:34 PM,11:23 PM,281.17,36,4.63,None,0,0
S5037,2026-04-14,01:48 PM,Sarojini,Library,0,0,12:40 PM,02:00 PM,12:20 PM,02:10 PM,856.03,110,16.39,None,1,0
S5038,2026-04-06,09:19 PM,Yamuna,Hostel,0,0,0,0,0,0,1267.31,101,33.67,None,0,0
S5039,2026-04-08,12:21 PM,Ganga,Library,0,0,11:43 AM,02:30 PM,11:35 AM,03:01 PM,734.6,93,20.27,None,0,0
S5040,2026-04-06,09:19 PM,Rajendra,Library,0,0,09:02 PM,10:23 PM,08:47 PM,10:50 PM,878.84,93,13.59,None,0,0
S5041,2026-04-16,09:51 AM,Ganga,Mess,09:51 AM,10:11 AM,0,0,0,0,448.19,14,36.3,Breakfast,1,1
S5042,2026-04-10,09:43 AM,Ganga,Mess,09:07 AM,09:52 AM,0,0,0,0,457.69,113,42.81,Breakfast,1,1
S5043,2026-04-29,04:12 AM,Ganga,Hostel,0,0,0,0,0,0,190.02,191,25.98,None,0,0
S5044,2026-04-25,07:55 PM,Azad,Mess,07:27 PM,08:04 PM,0,0,0,0,485.61,122,46.27,Dinner,0,0
S5045,2026-04-05,08:18 PM,Yamuna,Hostel,0,0,0,0,0,0,1061.75,38,18.05,None,0,0
S5046,2026-04-27,12:48 PM,Sarojini,Mess,12:32 PM,01:22 PM,0,0,0,0,330.5,65,41.07,Lunch,1,0
S5047,2026-04-17,08:14 AM,Ganga,Hostel,0,0,0,0,0,0,311.53,71,23.04,None,0,0
S5048,2026-04-08,01:31 PM,Ganga,Library,0,0,01:06 PM,02:37 PM,12:41 PM,03:20 PM,796.74,135,29.97,None,1,0
S5049,2026-04-22,10:19 AM,Yamuna,Library,0,0,09:12 AM,11:05 AM,09:06 AM,11:43 AM,888.23,103,21.57,None,0,0
S5050,2026-04-04,04:56 PM,Azad,Classroom,0,0,0,0,04:22 PM,05:57 PM,296.47,104,9.39,None,1,1
S5051,2026-04-14,10:32 AM,Ganga,Library,0,0,10:10 AM,11:14 AM,10:01 AM,12:02 PM,629.49,111,29.68,None,0,0
S5052,2026-04-20,04:58 PM,Yamuna,Library,0,0,04:28 PM,07:27 PM,03:59 PM,08:20 PM,782.96,200,30.54,None,1,1
S5053,2026-04-29,09:43 AM,Yamuna,Mess,09:20 AM,09:57 AM,0,0,0,0,377.09,33,28.3,Breakfast,1,1
S5054,2026-04-24,10:46 AM,Rajendra,Library,0,0,09:12 AM,11:37 AM,09:00 AM,12:27 PM,756.54,57,13.1,None,1,1
S5055,2026-04-02,08:58 AM,Ganga,Classroom,0,0,0,0,08:28 AM,10:33 AM,220.47,36,3.28,None,1,1
S5056,2026-04-01,07:10 PM,Rajendra,Mess,07:02 PM,07:44 PM,0,0,0,0,437.48,35,27.81,Dinner,0,0
S5057,2026-04-08,08:54 AM,Sarojini,Mess,08:38 AM,09:00 AM,0,0,0,0,284.02,17,37.22,Breakfast,0,0
S5058,2026-04-10,07:14 PM,Azad,Mess,07:10 PM,07:39 PM,0,0,0,0,241.92,196,45.72,Dinner,0,0
S5059,2026-04-09,12:50 AM,Rajendra,Outside,0,0,0,0,0,02:56 AM,253.72,47,4.0,None,0,0
S5060,2026-04-11,01:22 PM,Yamuna,Hostel,0,0,0,0,0,0,105.14,165,38.86,None,0,0
S5061,2026-04-06,02:53 AM,Ganga,Outside,0,0,0,0,01:54 AM,05:46 AM,147.9,69,4.16,None,0,0
S5062,2026-04-19,09:33 AM,Sarojini,Library,0,0,09:01 AM,10:59 AM,08:50 AM,11:33 AM,651.51,114,27.5,None,1,1
S5063,2026-04-13,06:49 AM,Yamuna,Outside,0,0,0,0,05:16 AM,08:43 AM,195.74,130,15.56,None,0,0
S5064,2026-04-22,07:48 PM,Ganga,Mess,07:26 PM,07:56 PM,0,0,0,0,594.32,14,31.78,Dinner,0,0
S5065,2026-04-05,10:31 PM,Sarojini,Library,0,0,08:05 PM,11:02 PM,07:44 PM,11:17 PM,629.83,154,24.63,None,0,0
S5066,2026-04-25,11:38 PM,Rajendra,Library,0,0,10:04 PM,11:59 PM,09:58 PM,11:59 PM,904.61,79,17.37,None,0,0
S5067,2026-04-19,10:24 AM,Sarojini,Library,0,0,10:23 AM,11:28 AM,09:57 AM,12:07 PM,670.74,186,36.96,None,0,0
S5068,2026-04-24,03:24 PM,Sarojini,Library,0,0,02:09 PM,04:08 PM,01:52 PM,04:43 PM,698.32,169,26.25,None,1,0
S5069,2026-04-28,07:44 PM,Rajendra,Library,0,0,04:45 PM,07:44 PM,04:31 PM,08:44 PM,770.85,171,26.45,None,0,0
S5070,2026-04-17,05:18 PM,Sarojini,Library,0,0,04:40 PM,07:05 PM,04:17 PM,08:00 PM,820.91,200,25.09,None,0,0
S5071,2026-04-02,08:43 PM,Sarojini,Mess,08:24 PM,08:54 PM,0,0,0,0,352.78,133,37.15,Dinner,0,0
S5072,2026-04-05,03:04 AM,Sarojini,Hostel,0,0,0,0,0,0,121.51,56,16.96,None,0,0
S5073,2026-04-08,10:25 PM,Azad,Mess,09:47 PM,10:35 PM,0,0,0,0,488.39,168,31.8,Dinner,0,0
S5074,2026-04-24,11:08 PM,Azad,Library,0,0,10:53 PM,11:59 PM,10:35 PM,11:59 PM,824.58,90,16.76,None,0,0
S5075,2026-04-19,03:11 PM,Sarojini,Mess,02:59 PM,03:34 PM,0,0,0,0,278.16,74,40.65,Lunch,0,0
S5076,2026-04-24,10:02 AM,Sarojini,Library,0,0,09:57 AM,10:36 AM,09:34 AM,11:22 AM,858.92,132,17.49,None,0,0
S5077,2026-04-05,07:38 PM,Yamuna,Library,0,0,07:22 PM,08:16 PM,07:13 PM,08:49 PM,824.28,129,24.22,None,0,0
S5078,2026-04-12,02:58 AM,Sarojini,Outside,0,0,0,0,01:39 AM,04:24 AM,102.41,78,8.26,None,0,0
S5079,2026-04-02,09:35 PM,Rajendra,Mess,09:14 PM,09:54 PM,0,0,0,0,426.8,193,61.66,Dinner,0,0
S5080,2026-04-29,02:37 PM,Rajendra,Library,0,0,02:34 PM,04:22 PM,02:26 PM,04:44 PM,738.3,190,20.73,None,0,0
S5081,2026-04-23,03:40 PM,Ganga,Library,0,0,03:02 PM,04:15 PM,02:32 PM,04:41 PM,606.11,168,17.08,None,1,0
S5082,2026-04-13,12:34 AM,Yamuna,Hostel,0,0,0,0,0,0,372.56,76,15.8,None,0,0
S5083,2026-04-05,08:22 AM,Rajendra,Outside,0,0,0,0,06:31 AM,11:05 AM,333.83,138,14.92,None,0,0
S5084,2026-04-11,12:30 AM,Yamuna,Hostel,0,0,0,0,0,0,290.48,20,24.89,None,0,0
S5085,2026-04-14,04:40 PM,Rajendra,Outside,0,0,0,0,03:57 PM,06:34 PM,338.97,30,4.08,None,1,1
S5086,2026-04-27,08:39 PM,Ganga,Hostel,0,0,0,0,0,0,1108.82,83,19.97,None,0,0
S5087,2026-04-27,09:29 PM,Yamuna,Mess,09:14 PM,09:50 PM,0,0,0,0,373.41,36,41.44,Dinner,0,0
S5088,2026-04-29,10:54 PM,Rajendra,Hostel,0,0,0,0,0,0,886.51,126,32.26,None,0,0
S5089,2026-04-11,12:33 PM,Sarojini,Mess,12:16 PM,12:37 PM,0,0,0,0,508.3,181,55.01,Lunch,0,0
S5090,2026-04-08,09:06 PM,Ganga,Library,0,0,08:06 PM,09:37 PM,07:51 PM,10:31 PM,793.7,111,18.48,None,0,0
S5091,2026-04-27,04:48 PM,Ganga,Classroom,0,0,0,0,04:17 PM,06:42 PM,161.61,124,8.82,None,1,1
S5092,2026-04-02,03:48 AM,Yamuna,Hostel,0,0,0,0,0,0,232.62,111,38.81,None,0,0
S5093,2026-04-20,12:52 PM,Rajendra,Library,0,0,12:07 PM,01:31 PM,11:40 AM,02:06 PM,821.48,49,16.59,None,1,0
S5094,2026-04-28,08:25 PM,Azad,Mess,08:06 PM,08:46 PM,0,0,0,0,454.68,22,32.42,Dinner,0,0
S5095,2026-04-19,09:50 PM,Yamuna,Outside,0,0,0,0,09:18 PM,11:59 PM,324.33,175,15.96,None,0,0
S5096,2026-04-14,02:11 PM,Rajendra,Mess,01:37 PM,02:11 PM,0,0,0,0,332.87,46,37.9,Lunch,1,0
S5097,2026-04-25,02:21 PM,Azad,Outside,0,0,0,0,12:53 PM,04:36 PM,206.38,194,13.69,None,1,0
S5098,2026-04-15,08:43 AM,Azad,Mess,08:15 AM,09:10 AM,0,0,0,0,511.3,58,31.77,Breakfast,0,0
S5099,2026-04-11,07:38 PM,Sarojini,Mess,07:21 PM,08:02 PM,0,0,0,0,493.24,164,49.49,Dinner,0,0
S5100,2026-04-03,02:15 PM,Sarojini,Classroom,0,0,0,0,01:40 PM,03:37 PM,367.23,86,6.03,None,1,0
S5101,2026-04-17,02:51 PM,Sarojini,Library,0,0,02:36 PM,03:27 PM,02:12 PM,04:27 PM,792.94,68,14.58,None,1,0
S5102,2026-04-04,08:52 AM,Ganga,Hostel,0,0,0,0,0,0,285.95,119,30.74,None,0,0
S5103,2026-04-27,02:45 PM,Yamuna,Mess,02:24 PM,03:16 PM,0,0,0,0,342.34,20,28.08,Lunch,0,0
S5104,2026-04-03,01:17 PM,Sarojini,Mess,01:17 PM,01:37 PM,0,0,0,0,492.12,36,37.69,Lunch,1,0
S5105,2026-04-20,06:25 PM,Yamuna,Hostel,0,0,0,0,0,0,138.46,139,31.21,None,0,0
S5106,2026-04-29,01:24 AM,Yamuna,Outside,0,0,0,0,12:01 AM,03:25 AM,111.37,134,9.35,None,0,0
S5107,2026-04-27,01:22 AM,Ganga,Hostel,0,0,0,0,0,0,103.95,116,33.37,None,0,0
S5108,2026-04-01,04:11 PM,Sarojini,Library,0,0,03:45 PM,06:19 PM,03:24 PM,07:10 PM,943.88,111,15.34,None,1,1
S5109,2026-04-26,08:35 PM,Sarojini,Hostel,0,0,0,0,0,0,1354.07,152,26.01,None,0,0
S5110,2026-04-02,10:47 AM,Azad,Hostel,0,0,0,0,0,0,342.65,155,20.89,None,1,1
S5111,2026-04-04,08:57 PM,Yamuna,Library,0,0,07:34 PM,09:55 PM,07:07 PM,10:43 PM,921.01,175,32.92,None,0,0
S5112,2026-04-12,01:46 PM,Ganga,Library,0,0,01:35 PM,04:17 PM,01:07 PM,04:27 PM,706.17,83,21.6,None,0,0
S5113,2026-04-17,01:40 PM,Ganga,Library,0,0,12:28 PM,02:07 PM,12:12 PM,02:24 PM,986.01,188,24.89,None,1,0
S5114,2026-04-06,02:55 PM,Ganga,Mess,02:48 PM,03:33 PM,0,0,0,0,501.07,66,31.6,Lunch,1,0
S5115,2026-04-27,10:15 PM,Rajendra,Library,0,0,10:03 PM,11:59 PM,09:52 PM,11:59 PM,531.77,130,25.58,None,0,0
S5116,2026-04-22,02:16 PM,Rajendra,Mess,01:36 PM,02:35 PM,0,0,0,0,489.62,132,50.31,Lunch,0,0
S5117,2026-05-01,04:47 PM,Yamuna,Library,0,0,04:35 PM,05:31 PM,04:29 PM,05:56 PM,574.01,110,23.61,None,1,1
S5118,2026-04-06,01:12 PM,Rajendra,Mess,01:10 PM,01:44 PM,0,0,0,0,252.37,199,34.86,Lunch,0,0
S5119,2026-04-20,08:40 PM,Yamuna,Mess,08:05 PM,09:03 PM,0,0,0,0,553.58,117,33.3,Dinner,0,0
S5120,2026-04-29,12:43 PM,Ganga,Mess,12:36 PM,01:04 PM,0,0,0,0,295.9,60,47.97,Lunch,0,0
S5121,2026-04-04,11:18 AM,Yamuna,Classroom,0,0,0,0,11:08 AM,12:28 PM,363.98,108,11.34,None,1,0
S5122,2026-04-08,02:08 PM,Ganga,Mess,02:02 PM,02:37 PM,0,0,0,0,577.53,165,39.12,Lunch,0,0
S5123,2026-04-05,10:06 PM,Sarojini,Library,0,0,08:56 PM,11:00 PM,08:47 PM,11:47 PM,842.5,173,19.55,None,0,0
S5124,2026-04-04,08:50 PM,Azad,Library,0,0,07:35 PM,09:29 PM,07:18 PM,10:25 PM,549.11,186,22.67,None,0,0
S5125,2026-04-19,04:05 PM,Rajendra,Hostel,0,0,0,0,0,0,133.8,17,16.69,None,1,1
S5126,2026-04-16,04:18 PM,Sarojini,Library,0,0,03:36 PM,04:48 PM,03:10 PM,05:42 PM,521.86,85,17.63,None,1,1
S5127,2026-04-30,09:13 AM,Azad,Mess,08:47 AM,09:28 AM,0,0,0,0,285.28,170,52.24,Breakfast,1,1
S5128,2026-04-29,12:31 PM,Yamuna,Hostel,0,0,0,0,0,0,389.25,39,25.06,None,0,0
S5129,2026-04-29,09:05 AM,Sarojini,Classroom,0,0,0,0,08:46 AM,09:44 AM,133.28,58,4.22,None,1,1
S5130,2026-04-06,01:11 PM,Sarojini,Hostel,0,0,0,0,0,0,391.13,88,34.47,None,1,0
S5131,2026-04-02,08:55 PM,Rajendra,Library,0,0,08:42 PM,09:52 PM,08:29 PM,10:05 PM,768.08,180,19.52,None,0,0
S5132,2026-04-17,08:14 AM,Sarojini,Mess,07:57 AM,08:43 AM,0,0,0,0,575.99,11,37.6,Breakfast,0,0
S5133,2026-04-23,01:08 PM,Ganga,Library,0,0,11:45 AM,02:16 PM,11:18 AM,02:30 PM,642.72,116,28.5,None,1,0
S5134,2026-04-09,02:36 PM,Ganga,Outside,0,0,0,0,01:03 PM,04:44 PM,378.4,143,18.2,None,1,0
S5135,2026-04-06,02:08 PM,Yamuna,Mess,01:39 PM,02:16 PM,0,0,0,0,425.92,171,57.83,Lunch,1,0
S5136,2026-04-23,10:35 PM,Azad,Library,0,0,10:00 PM,11:45 PM,09:51 PM,11:59 PM,723.87,119,21.39,None,0,0
S5137,2026-05-01,05:09 PM,Yamuna,Hostel,0,0,0,0,0,0,330.55,64,22.8,None,0,0
S5138,2026-04-02,12:48 PM,Rajendra,Mess,12:14 PM,01:03 PM,0,0,0,0,545.05,12,26.36,Lunch,1,0
S5139,2026-04-02,10:04 AM,Sarojini,Mess,09:37 AM,10:07 AM,0,0,0,0,405.51,120,40.82,Breakfast,1,1
S5140,2026-04-01,12:19 PM,Sarojini,Library,0,0,11:42 AM,01:42 PM,11:24 AM,02:18 PM,702.89,149,30.81,None,1,0
S5141,2026-04-13,10:33 AM,Ganga,Classroom,0,0,0,0,10:06 AM,11:12 AM,201.28,103,10.32,None,1,1
S5142,2026-04-16,09:38 AM,Sarojini,Outside,0,0,0,0,08:37 AM,10:54 AM,190.61,62,5.18,None,1,1
S5143,2026-04-06,11:33 PM,Yamuna,Hostel,0,0,0,0,0,0,976.73,86,27.09,None,0,0
S5144,2026-04-06,05:44 PM,Rajendra,Library,0,0,05:04 PM,07:52 PM,04:51 PM,08:03 PM,807.93,169,19.05,None,0,0
S5145,2026-04-14,11:34 AM,Rajendra,Library,0,0,11:13 AM,01:19 PM,11:05 AM,01:47 PM,624.17,192,27.53,None,0,0
S5146,2026-04-29,12:29 PM,Azad,Mess,12:26 PM,01:10 PM,0,0,0,0,487.77,69,43.13,Lunch,0,0
S5147,2026-04-06,10:22 PM,Rajendra,Hostel,0,0,0,0,0,0,935.34,79,23.23,None,0,0
S5148,2026-04-08,12:50 PM,Sarojini,Mess,12:41 PM,01:20 PM,0,0,0,0,422.02,135,47.22,Lunch,1,0
S5149,2026-04-05,06:11 PM,Sarojini,Library,0,0,05:55 PM,08:35 PM,05:43 PM,08:46 PM,737.31,104,15.89,None,0,0
S5150,2026-04-27,04:04 AM,Ganga,Hostel,0,0,0,0,0,0,137.78,54,15.04,None,0,0
S5151,2026-04-11,09:38 PM,Yamuna,Mess,08:52 PM,09:38 PM,0,0,0,0,458.52,64,44.76,Dinner,0,0
S5152,2026-04-27,04:37 PM,Azad,Library,0,0,04:17 PM,05:50 PM,03:54 PM,06:30 PM,632.15,54,18.9,None,0,0
S5153,2026-04-22,10:25 PM,Ganga,Library,0,0,07:44 PM,10:27 PM,07:16 PM,11:18 PM,641.59,82,22.82,None,0,0
S5154,2026-04-13,01:34 PM,Rajendra,Library,0,0,01:01 PM,02:40 PM,12:35 PM,02:57 PM,695.86,167,26.09,None,0,0
S5155,2026-04-28,11:44 AM,Rajendra,Library,0,0,10:44 AM,12:20 PM,10:25 AM,01:10 PM,583.6,125,32.24,None,1,0
S5156,2026-04-04,02:01 PM,Yamuna,Mess,02:00 PM,02:20 PM,0,0,0,0,507.61,14,36.73,Lunch,0,0
S5157,2026-04-28,07:37 PM,Azad,Mess,07:30 PM,08:00 PM,0,0,0,0,464.12,40,33.32,Dinner,0,0
S5158,2026-04-07,09:12 PM,Sarojini,Mess,08:49 PM,09:39 PM,0,0,0,0,452.31,104,45.1,Dinner,0,0
S5159,2026-04-23,08:41 AM,Rajendra,Mess,08:33 AM,08:59 AM,0,0,0,0,519.6,51,41.19,Breakfast,0,0
S5160,2026-04-02,06:51 PM,Rajendra,Hostel,0,0,0,0,0,0,308.44,130,24.36,None,0,0
S5161,2026-04-15,10:07 PM,Yamuna,Mess,09:56 PM,10:16 PM,0,0,0,0,484.42,86,42.8,Dinner,0,0
S5162,2026-04-23,07:26 PM,Sarojini,Mess,07:09 PM,07:31 PM,0,0,0,0,455.0,18,32.0,Dinner,0,0
S5163,2026-04-21,11:05 PM,Sarojini,Library,0,0,10:48 PM,11:59 PM,10:18 PM,11:59 PM,711.56,68,18.51,None,0,0
S5164,2026-04-20,07:05 PM,Ganga,Library,0,0,06:52 PM,08:20 PM,06:26 PM,09:02 PM,934.13,50,20.76,None,0,0
S5165,2026-04-13,09:03 PM,Sarojini,Mess,09:00 PM,09:22 PM,0,0,0,0,341.7,24,38.6,Dinner,0,0
S5166,2026-04-14,09:27 PM,Ganga,Mess,08:51 PM,09:33 PM,0,0,0,0,497.04,56,37.69,Dinner,0,0
S5167,2026-04-04,02:35 PM,Azad,Classroom,0,0,0,0,02:18 PM,04:29 PM,336.75,159,18.55,None,1,0
S5168,2026-04-24,09:52 AM,Sarojini,Mess,09:32 AM,10:19 AM,0,0,0,0,534.21,71,37.58,Breakfast,0,0
S5169,2026-04-23,05:12 PM,Yamuna,Library,0,0,05:01 PM,05:37 PM,04:32 PM,05:47 PM,847.57,147,22.57,None,0,0
S5170,2026-04-12,01:38 PM,Yamuna,Hostel,0,0,0,0,0,0,395.96,188,41.19,None,0,0
S5171,2026-04-25,02:20 PM,Ganga,Library,0,0,02:20 PM,04:28 PM,02:00 PM,05:09 PM,599.24,59,15.69,None,0,0
S5172,2026-05-01,11:13 PM,Sarojini,Outside,0,0,0,0,10:29 PM,11:59 PM,372.12,181,10.07,None,0,0
S5173,2026-04-01,04:10 PM,Sarojini,Outside,0,0,0,0,03:00 PM,06:04 PM,307.04,171,12.1,None,1,1
S5174,2026-04-02,06:11 PM,Ganga,Library,0,0,04:47 PM,06:25 PM,04:17 PM,06:38 PM,841.81,176,30.4,None,0,0
S5175,2026-04-06,09:36 PM,Ganga,Library,0,0,08:24 PM,09:53 PM,08:09 PM,10:50 PM,771.83,83,17.24,None,0,0
S5176,2026-04-25,02:45 PM,Rajendra,Mess,02:44 PM,03:43 PM,0,0,0,0,592.98,95,32.09,Lunch,1,0
S5177,2026-04-29,07:24 PM,Azad,Library,0,0,06:25 PM,09:20 PM,06:07 PM,09:46 PM,826.96,129,14.84,None,0,0
S5178,2026-04-24,07:52 AM,Sarojini,Mess,07:10 AM,08:09 AM,0,0,0,0,264.93,74,35.26,Breakfast,0,0
S5179,2026-05-01,01:49 AM,Azad,Outside,0,0,0,0,0,03:14 AM,186.34,160,15.94,None,0,0
S5180,2026-04-12,01:57 PM,Azad,Library,0,0,01:48 PM,03:55 PM,01:37 PM,04:12 PM,785.85,162,36.92,None,1,0
S5181,2026-04-12,08:10 AM,Sarojini,Outside,0,0,0,0,07:10 AM,09:32 AM,185.81,16,2.22,None,0,0
S5182,2026-04-28,12:47 PM,Azad,Classroom,0,0,0,0,12:37 PM,01:18 PM,198.82,182,14.06,None,1,0
S5183,2026-04-06,12:19 PM,Azad,Classroom,0,0,0,0,11:41 AM,01:03 PM,229.96,179,24.64,None,1,0
S5184,2026-04-12,02:15 PM,Ganga,Mess,02:06 PM,03:02 PM,0,0,0,0,427.38,120,38.67,Lunch,0,0
S5185,2026-04-06,01:05 PM,Azad,Mess,12:39 PM,01:05 PM,0,0,0,0,544.72,169,35.09,Lunch,0,0
S5186,2026-04-04,07:18 AM,Ganga,Hostel,0,0,0,0,0,0,232.01,86,19.48,None,0,0
S5187,2026-04-17,08:26 PM,Yamuna,Mess,07:35 PM,08:29 PM,0,0,0,0,361.82,78,33.31,Dinner,0,0
S5188,2026-04-27,08:06 AM,Azad,Mess,07:24 AM,08:11 AM,0,0,0,0,293.54,189,46.72,Breakfast,0,0
S5189,2026-04-21,08:01 PM,Yamuna,Library,0,0,07:31 PM,08:44 PM,07:16 PM,08:59 PM,960.2,94,22.13,None,0,0
S5190,2026-04-11,04:03 PM,Yamuna,Library,0,0,03:05 PM,04:48 PM,02:47 PM,05:35 PM,842.33,112,21.06,None,1,1
S5191,2026-04-10,08:51 PM,Azad,Mess,08:51 PM,09:36 PM,0,0,0,0,516.19,194,42.82,Dinner,0,0
S5192,2026-04-21,02:45 PM,Ganga,Mess,02:40 PM,03:38 PM,0,0,0,0,364.46,80,33.47,Lunch,1,0
S5193,2026-04-09,08:19 AM,Rajendra,Mess,07:56 AM,08:25 AM,0,0,0,0,525.45,107,43.46,Breakfast,0,0
S5194,2026-04-01,03:05 PM,Yamuna,Library,0,0,02:28 PM,04:29 PM,02:13 PM,04:43 PM,596.81,117,24.19,None,0,0
S5195,2026-04-27,04:16 PM,Rajendra,Library,0,0,04:16 PM,04:57 PM,04:09 PM,05:32 PM,571.34,155,27.52,None,1,1
S5196,2026-04-25,08:12 PM,Yamuna,Library,0,0,06:52 PM,08:33 PM,06:33 PM,09:06 PM,811.55,70,13.94,None,0,0
S5197,2026-04-07,08:06 AM,Yamuna,Hostel,0,0,0,0,0,0,358.23,90,23.25,None,0,0
S5198,2026-04-11,08:02 PM,Yamuna,Mess,07:53 PM,08:19 PM,0,0,0,0,640.93,13,22.07,Dinner,0,0
S5199,2026-04-23,09:47 AM,Ganga,Classroom,0,0,0,0,09:15 AM,11:03 AM,173.68,99,5.62,None,1,1
S5200,2026-04-09,11:08 PM,Sarojini,Library,0,0,10:55 PM,11:56 PM,10:45 PM,11:59 PM,526.23,177,31.59,None,0,0
S5201,2026-04-08,10:49 AM,Ganga,Library,0,0,10:46 AM,12:07 PM,10:20 AM,12:41 PM,804.48,143,29.96,None,0,0
S5202,2026-04-07,03:43 AM,Azad,Outside,0,0,0,0,02:24 AM,05:26 AM,362.96,187,17.63,None,0,0
S5203,2026-04-02,09:37 AM,Azad,Mess,09:20 AM,09:41 AM,0,0,0,0,404.04,104,26.87,Breakfast,1,1
S5204,2026-04-06,01:50 PM,Sarojini,Hostel,0,0,0,0,0,0,141.74,200,32.14,None,1,0
S5205,2026-04-04,04:20 PM,Ganga,Library,0,0,03:15 PM,05:37 PM,02:53 PM,06:35 PM,980.11,34,14.59,None,1,1
S5206,2026-04-15,01:38 PM,Azad,Library,0,0,01:13 PM,02:01 PM,12:47 PM,02:27 PM,802.19,195,21.23,None,1,0
S5207,2026-04-21,08:43 AM,Azad,Mess,08:12 AM,08:49 AM,0,0,0,0,304.12,144,46.64,Breakfast,0,0
S5208,2026-04-01,09:15 AM,Azad,Mess,08:24 AM,09:22 AM,0,0,0,0,430.05,39,40.56,Breakfast,0,0
S5209,2026-04-12,05:10 PM,Rajendra,Hostel,0,0,0,0,0,0,148.55,69,15.85,None,0,0
S5210,2026-04-24,12:36 PM,Sarojini,Library,0,0,12:26 PM,01:01 PM,12:19 PM,01:54 PM,722.26,169,37.86,None,1,0
S5211,2026-04-26,08:50 AM,Rajendra,Hostel,0,0,0,0,0,0,100.28,183,33.59,None,0,0
S5212,2026-04-23,07:22 PM,Ganga,Mess,07:09 PM,07:57 PM,0,0,0,0,285.58,127,47.98,Dinner,0,0
S5213,2026-04-17,08:04 PM,Azad,Mess,07:47 PM,08:27 PM,0,0,0,0,441.95,163,48.19,Dinner,0,0
S5214,2026-04-24,11:44 AM,Ganga,Hostel,0,0,0,0,0,0,186.65,188,24.88,None,0,0
S5215,2026-04-10,07:50 AM,Sarojini,Outside,0,0,0,0,06:28 AM,09:19 AM,289.16,175,20.22,None,0,0
S5216,2026-04-10,11:17 PM,Yamuna,Library,0,0,10:31 PM,11:28 PM,10:22 PM,11:59 PM,670.57,92,18.75,None,0,0
S5217,2026-04-05,10:11 AM,Ganga,Outside,0,0,0,0,08:35 AM,11:50 AM,184.8,122,17.24,None,0,0
S5218,2026-04-10,04:43 PM,Ganga,Outside,0,0,0,0,03:46 PM,06:33 PM,109.9,135,13.79,None,0,0
S5219,2026-04-20,11:25 AM,Azad,Library,0,0,10:17 AM,12:07 PM,10:11 AM,12:40 PM,663.15,58,14.2,None,0,0
S5220,2026-04-16,02:18 PM,Sarojini,Mess,01:48 PM,02:22 PM,0,0,0,0,567.86,145,40.03,Lunch,1,0
S5221,2026-04-20,09:51 AM,Sarojini,Mess,09:22 AM,10:22 AM,0,0,0,0,381.95,174,37.69,Breakfast,1,1
S5222,2026-04-16,08:24 PM,Rajendra,Library,0,0,06:56 PM,09:10 PM,06:27 PM,09:49 PM,955.49,104,15.2,None,0,0
S5223,2026-04-10,09:19 PM,Sarojini,Library,0,0,08:19 PM,10:12 PM,07:50 PM,10:30 PM,601.87,111,25.13,None,0,0
S5224,2026-04-19,03:44 PM,Ganga,Outside,0,0,0,0,03:02 PM,05:03 PM,180.86,148,19.65,None,0,0
S5225,2026-04-04,09:45 AM,Rajendra,Library,0,0,09:21 AM,11:52 AM,09:07 AM,12:09 PM,749.06,185,25.82,None,1,1
S5226,2026-04-11,07:28 PM,Yamuna,Hostel,0,0,0,0,0,0,283.61,131,29.71,None,0,0
S5227,2026-04-13,03:40 AM,Yamuna,Outside,0,0,0,0,02:25 AM,06:15 AM,235.8,128,13.1,None,0,0
S5228,2026-04-15,05:53 PM,Yamuna,Library,0,0,05:17 PM,07:07 PM,04:53 PM,07:41 PM,814.62,188,31.09,None,0,0
S5229,2026-04-19,12:35 PM,Sarojini,Mess,12:17 PM,12:46 PM,0,0,0,0,444.99,86,38.16,Lunch,1,0
S5230,2026-05-01,10:08 PM,Sarojini,Mess,09:24 PM,10:13 PM,0,0,0,0,423.38,14,23.89,Dinner,0,0
S5231,2026-04-23,08:08 AM,Sarojini,Mess,08:01 AM,08:48 AM,0,0,0,0,613.15,156,49.85,Breakfast,0,0
S5232,2026-04-15,08:26 AM,Rajendra,Mess,08:10 AM,08:36 AM,0,0,0,0,218.3,182,53.29,Breakfast,0,0
S5233,2026-04-25,11:59 AM,Azad,Classroom,0,0,0,0,11:33 AM,01:42 PM,163.4,157,17.4,None,1,0
S5234,2026-04-28,11:05 PM,Ganga,Library,0,0,10:41 PM,11:59 PM,10:31 PM,11:59 PM,708.48,195,17.12,None,0,0
S5235,2026-04-07,10:22 PM,Yamuna,Library,0,0,10:13 PM,11:59 PM,09:57 PM,11:59 PM,717.48,61,14.19,None,0,0
S5236,2026-04-15,08:36 AM,Yamuna,Classroom,0,0,0,0,08:05 AM,09:50 AM,268.25,121,14.66,None,1,1
S5237,2026-04-16,12:39 PM,Ganga,Library,0,0,12:35 PM,01:08 PM,12:25 PM,02:00 PM,1042.93,89,15.79,None,1,0
S5238,2026-04-14,02:12 PM,Ganga,Mess,01:47 PM,02:44 PM,0,0,0,0,430.4,37,30.62,Lunch,0,0
S5239,2026-04-21,01:25 PM,Rajendra,Library,0,0,01:23 PM,02:37 PM,01:17 PM,03:15 PM,955.93,143,30.57,None,0,0
S5240,2026-04-24,03:45 PM,Ganga,Classroom,0,0,0,0,03:21 PM,04:37 PM,109.54,24,3.36,None,1,0
S5241,2026-04-08,07:58 AM,Rajendra,Mess,07:40 AM,08:19 AM,0,0,0,0,460.54,34,24.14,Breakfast,0,0
S5242,2026-05-01,08:35 PM,Azad,Mess,08:08 PM,08:48 PM,0,0,0,0,388.09,155,44.9,Dinner,0,0
S5243,2026-05-01,07:03 PM,Sarojini,Library,0,0,06:42 PM,07:13 PM,06:19 PM,07:59 PM,512.15,160,27.85,None,0,0
S5244,2026-04-10,09:55 PM,Sarojini,Mess,09:53 PM,10:49 PM,0,0,0,0,523.09,20,25.84,Dinner,0,0
S5245,2026-04-02,09:53 PM,Azad,Library,0,0,08:56 PM,10:20 PM,08:45 PM,10:58 PM,626.4,110,21.52,None,0,0
S5246,2026-04-06,10:13 AM,Sarojini,Mess,09:19 AM,10:18 AM,0,0,0,0,431.53,175,47.05,Breakfast,0,0
S5247,2026-04-18,05:17 PM,Sarojini,Hostel,0,0,0,0,0,0,361.4,47,16.44,None,0,0
S5248,2026-04-03,06:08 PM,Sarojini,Library,0,0,05:07 PM,06:21 PM,04:50 PM,07:04 PM,681.1,19,9.65,None,0,0
S5249,2026-04-06,04:49 PM,Azad,Library,0,0,02:47 PM,05:16 PM,02:41 PM,06:09 PM,850.45,149,23.29,None,0,0
S5250,2026-04-13,02:05 PM,Sarojini,Outside,0,0,0,0,12:28 PM,04:11 PM,136.42,184,16.01,None,1,0
S5251,2026-04-20,03:47 PM,Yamuna,Library,0,0,03:29 PM,04:07 PM,03:02 PM,04:52 PM,935.87,68,18.17,None,1,0
S5252,2026-04-21,01:50 PM,Azad,Library,0,0,01:01 PM,02:05 PM,12:49 PM,03:04 PM,833.32,92,20.68,None,1,0
S5253,2026-04-09,05:19 PM,Rajendra,Library,0,0,03:28 PM,05:38 PM,03:08 PM,05:49 PM,761.24,101,15.29,None,0,0
S5254,2026-04-11,07:04 PM,Sarojini,Library,0,0,05:46 PM,07:05 PM,05:35 PM,07:56 PM,932.06,11,6.39,None,0,0
S5255,2026-04-13,08:50 PM,Ganga,Library,0,0,07:40 PM,08:53 PM,07:13 PM,09:21 PM,801.11,104,16.49,None,0,0
S5256,2026-04-26,07:02 PM,Rajendra,Library,0,0,05:50 PM,07:08 PM,05:38 PM,07:29 PM,914.85,183,20.11,None,0,0
S5257,2026-04-09,03:34 PM,Rajendra,Mess,02:49 PM,03:46 PM,0,0,0,0,563.52,50,28.97,Lunch,0,0
S5258,2026-04-24,09:32 PM,Azad,Hostel,0,0,0,0,0,0,1086.81,168,39.62,None,0,0
S5259,2026-04-08,08:32 PM,Ganga,Mess,08:20 PM,08:56 PM,0,0,0,0,430.14,198,43.19,Dinner,0,0
S5260,2026-04-14,09:33 PM,Ganga,Mess,09:17 PM,09:38 PM,0,0,0,0,554.94,166,44.79,Dinner,0,0
S5261,2026-04-09,01:33 PM,Azad,Library,0,0,12:57 PM,02:55 PM,12:30 PM,03:28 PM,909.79,95,19.55,None,1,0
S5262,2026-04-24,11:35 PM,Azad,Outside,0,0,0,0,10:55 PM,11:59 PM,297.33,82,12.14,None,0,0
S5263,2026-04-25,05:24 AM,Rajendra,Hostel,0,0,0,0,0,0,366.24,155,33.93,None,0,0
S5264,2026-04-26,09:58 AM,Yamuna,Hostel,0,0,0,0,0,0,199.85,29,28.17,None,0,0
S5265,2026-04-18,03:58 AM,Sarojini,Outside,0,0,0,0,02:46 AM,05:51 AM,347.42,40,4.19,None,0,0
S5266,2026-04-08,01:44 PM,Sarojini,Mess,01:15 PM,01:44 PM,0,0,0,0,480.54,101,35.21,Lunch,1,0
S5267,2026-04-01,09:41 AM,Rajendra,Library,0,0,09:36 AM,11:13 AM,09:12 AM,11:30 AM,960.8,14,13.67,None,1,1
S5268,2026-04-18,12:04 AM,Azad,Outside,0,0,0,0,0,02:45 AM,167.96,109,11.8,None,0,0
S5269,2026-04-11,12:36 AM,Rajendra,Outside,0,0,0,0,0,01:46 AM,334.79,166,13.6,None,0,0
S5270,2026-04-29,04:00 AM,Sarojini,Hostel,0,0,0,0,0,0,183.33,35,18.27,None,0,0
S5271,2026-04-13,07:18 PM,Azad,Mess,07:05 PM,07:54 PM,0,0,0,0,609.29,124,43.94,Dinner,0,0
S5272,2026-05-01,08:31 PM,Rajendra,Outside,0,0,0,0,07:26 PM,10:35 PM,186.48,117,17.28,None,0,0
S5273,2026-04-29,07:30 AM,Yamuna,Mess,07:28 AM,07:50 AM,0,0,0,0,298.88,102,41.37,Breakfast,0,0
S5274,2026-04-22,10:21 AM,Sarojini,Library,0,0,09:26 AM,12:12 PM,09:06 AM,12:37 PM,639.92,193,22.25,None,1,1
S5275,2026-04-02,07:56 AM,Sarojini,Hostel,0,0,0,0,0,0,289.35,75,23.38,None,0,0
S5276,2026-04-05,08:12 AM,Ganga,Mess,07:50 AM,08:33 AM,0,0,0,0,565.39,57,30.11,Breakfast,0,0
S5277,2026-04-20,09:44 PM,Yamuna,Mess,09:03 PM,09:56 PM,0,0,0,0,631.34,156,44.85,Dinner,0,0
S5278,2026-04-11,09:04 AM,Azad,Mess,08:45 AM,09:13 AM,0,0,0,0,310.65,164,52.0,Breakfast,0,0
S5279,2026-04-06,12:13 PM,Azad,Mess,12:11 PM,12:49 PM,0,0,0,0,412.49,114,47.78,Lunch,0,0
S5280,2026-04-10,06:19 PM,Sarojini,Outside,0,0,0,0,05:32 PM,08:51 PM,100.08,68,7.19,None,0,0
S5281,2026-04-11,06:27 PM,Azad,Classroom,0,0,0,0,06:04 PM,07:33 PM,309.02,84,7.52,None,1,1
S5282,2026-04-09,07:50 PM,Azad,Mess,07:21 PM,07:56 PM,0,0,0,0,587.66,100,38.37,Dinner,0,0
S5283,2026-04-25,04:51 AM,Rajendra,Hostel,0,0,0,0,0,0,203.06,70,24.48,None,0,0
S5284,2026-04-12,07:55 AM,Rajendra,Hostel,0,0,0,0,0,0,365.33,106,34.91,None,0,0
S5285,2026-04-29,06:51 PM,Yamuna,Library,0,0,06:05 PM,07:28 PM,05:41 PM,07:48 PM,959.06,173,30.85,None,0,0
S5286,2026-04-04,04:33 PM,Azad,Library,0,0,03:33 PM,06:20 PM,03:06 PM,06:37 PM,635.77,74,19.8,None,1,1
S5287,2026-05-01,03:19 PM,Ganga,Library,0,0,03:12 PM,04:04 PM,02:43 PM,05:02 PM,653.59,46,17.86,None,1,0
S5288,2026-04-24,07:47 PM,Yamuna,Mess,07:47 PM,08:13 PM,0,0,0,0,632.18,112,28.07,Dinner,0,0
S5289,2026-04-02,03:40 PM,Azad,Library,0,0,02:57 PM,03:44 PM,02:34 PM,04:23 PM,647.02,139,27.89,None,1,0
S5290,2026-04-23,04:37 PM,Rajendra,Classroom,0,0,0,0,03:57 PM,06:07 PM,109.31,75,10.32,None,1,1
S5291,2026-04-02,10:34 PM,Yamuna,Mess,09:53 PM,10:34 PM,0,0,0,0,420.77,135,39.06,Dinner,0,0
S5292,2026-04-09,08:00 PM,Ganga,Library,0,0,06:51 PM,08:00 PM,06:43 PM,08:44 PM,737.1,50,19.69,None,0,0
S5293,2026-04-30,09:09 AM,Sarojini,Mess,08:31 AM,09:09 AM,0,0,0,0,475.21,138,41.53,Breakfast,0,0
S5294,2026-04-22,06:12 AM,Ganga,Hostel,0,0,0,0,0,0,280.38,60,26.74,None,0,0
S5295,2026-05-01,04:26 AM,Azad,Outside,0,0,0,0,03:33 AM,06:43 AM,354.63,197,12.52,None,0,0
S5296,2026-04-10,01:06 PM,Sarojini,Library,0,0,12:11 PM,02:15 PM,11:54 AM,03:04 PM,791.93,85,26.73,None,0,0
S5297,2026-04-24,07:23 PM,Yamuna,Mess,07:01 PM,07:25 PM,0,0,0,0,648.93,155,52.62,Dinner,0,0
S5298,2026-04-30,09:19 PM,Ganga,Mess,08:44 PM,09:21 PM,0,0,0,0,427.16,153,52.75,Dinner,0,0
S5299,2026-04-12,11:09 AM,Rajendra,Library,0,0,11:05 AM,01:10 PM,10:46 AM,01:47 PM,462.1,123,21.92,None,1,0
S5300,2026-04-09,12:28 PM,Ganga,Mess,12:19 PM,12:47 PM,0,0,0,0,504.03,137,45.97,Lunch,0,0
S5301,2026-04-18,08:25 AM,Azad,Mess,07:46 AM,08:45 AM,0,0,0,0,498.7,26,31.09,Breakfast,0,0
S5302,2026-04-02,05:55 PM,Sarojini,Hostel,0,0,0,0,0,0,163.82,64,28.3,None,0,0
S5303,2026-04-02,03:49 PM,Sarojini,Mess,02:50 PM,03:49 PM,0,0,0,0,377.29,161,43.35,Lunch,1,0
S5304,2026-04-27,01:01 PM,Yamuna,Library,0,0,12:41 PM,01:38 PM,12:16 PM,02:04 PM,769.94,37,12.12,None,1,0
S5305,2026-04-02,11:09 PM,Sarojini,Hostel,0,0,0,0,0,0,1158.25,121,21.32,None,0,0
S5306,2026-04-01,12:47 PM,Sarojini,Mess,12:17 PM,01:11 PM,0,0,0,0,362.91,49,25.65,Lunch,1,0
S5307,2026-04-18,09:16 PM,Azad,Library,0,0,08:08 PM,09:28 PM,08:00 PM,10:19 PM,596.49,160,20.8,None,0,0
S5308,2026-04-07,12:30 PM,Ganga,Mess,12:23 PM,12:52 PM,0,0,0,0,518.03,46,28.21,Lunch,1,0
S5309,2026-04-26,09:45 AM,Azad,Outside,0,0,0,0,08:05 AM,11:20 AM,194.34,152,11.02,None,0,0
S5310,2026-04-25,10:52 AM,Ganga,Outside,0,0,0,0,09:51 AM,12:20 PM,363.27,117,7.34,None,1,1
S5311,2026-04-04,11:24 AM,Sarojini,Library,0,0,09:37 AM,12:17 PM,09:19 AM,12:52 PM,864.89,79,13.61,None,0,0
S5312,2026-04-11,03:52 PM,Rajendra,Library,0,0,02:20 PM,04:24 PM,01:52 PM,05:24 PM,736.63,42,19.7,None,0,0
S5313,2026-04-15,08:34 AM,Azad,Classroom,0,0,0,0,08:12 AM,09:18 AM,358.69,86,7.08,None,1,1
S5314,2026-05-01,09:51 PM,Sarojini,Library,0,0,09:07 PM,10:11 PM,08:41 PM,11:05 PM,1032.43,160,29.17,None,0,0
S5315,2026-04-05,12:34 PM,Ganga,Mess,12:28 PM,01:00 PM,0,0,0,0,325.52,137,52.74,Lunch,0,0
S5316,2026-04-02,12:33 PM,Rajendra,Library,0,0,12:20 PM,01:11 PM,11:54 AM,01:35 PM,650.63,60,13.09,None,0,0
S5317,2026-04-03,05:42 PM,Rajendra,Library,0,0,04:07 PM,06:06 PM,03:51 PM,06:23 PM,913.33,74,18.21,None,0,0
S5318,2026-05-01,11:31 AM,Rajendra,Library,0,0,09:49 AM,12:29 PM,09:44 AM,12:54 PM,948.98,29,16.93,None,1,0
S5319,2026-04-23,01:39 PM,Sarojini,Library,0,0,01:13 PM,04:05 PM,01:05 PM,04:15 PM,897.8,23,16.44,None,0,0
S5320,2026-04-12,11:14 AM,Azad,Library,0,0,10:53 AM,12:18 PM,10:30 AM,01:11 PM,757.59,170,23.25,None,1,0
S5321,2026-04-03,01:12 PM,Rajendra,Library,0,0,12:58 PM,03:06 PM,12:28 PM,04:02 PM,728.77,34,18.04,None,0,0
S5322,2026-04-10,04:22 PM,Azad,Classroom,0,0,0,0,03:53 PM,05:10 PM,122.73,78,6.19,None,1,1
S5323,2026-04-08,08:32 AM,Ganga,Mess,08:07 AM,09:04 AM,0,0,0,0,573.51,190,55.07,Breakfast,0,0
S5324,2026-04-10,07:28 PM,Rajendra,Mess,07:25 PM,07:51 PM,0,0,0,0,300.19,132,58.08,Dinner,0,0
S5325,2026-04-28,08:10 AM,Ganga,Mess,07:56 AM,08:52 AM,0,0,0,0,384.5,67,37.54,Breakfast,0,0
S5326,2026-04-04,04:32 PM,Ganga,Outside,0,0,0,0,03:17 PM,06:53 PM,170.73,62,6.4,None,1,1
S5327,2026-04-18,01:24 PM,Yamuna,Library,0,0,01:14 PM,04:08 PM,12:48 PM,04:23 PM,786.46,73,11.4,None,0,0
S5328,2026-04-20,06:41 PM,Ganga,Library,0,0,06:05 PM,08:05 PM,05:46 PM,08:38 PM,1058.36,153,34.75,None,0,0
S5329,2026-04-04,04:10 AM,Rajendra,Hostel,0,0,0,0,0,0,222.43,17,23.15,None,0,0
S5330,2026-04-19,06:31 PM,Azad,Hostel,0,0,0,0,0,0,357.9,40,19.49,None,0,0
S5331,2026-04-13,01:18 PM,Yamuna,Hostel,0,0,0,0,0,0,159.61,193,41.67,None,1,0
S5332,2026-04-01,12:10 PM,Rajendra,Library,0,0,11:33 AM,02:14 PM,11:09 AM,02:41 PM,878.98,76,16.72,None,1,0
S5333,2026-04-03,08:52 AM,Rajendra,Mess,08:32 AM,08:59 AM,0,0,0,0,587.96,22,34.66,Breakfast,0,0
S5334,2026-04-16,09:54 PM,Azad,Mess,09:33 PM,10:05 PM,0,0,0,0,415.74,76,29.35,Dinner,0,0
S5335,2026-04-02,04:06 PM,Yamuna,Outside,0,0,0,0,02:23 PM,05:46 PM,230.82,185,17.9,None,1,1
S5336,2026-04-05,11:17 AM,Ganga,Library,0,0,09:16 AM,11:27 AM,08:59 AM,12:06 PM,533.83,29,8.85,None,1,0
S5337,2026-04-09,12:46 PM,Azad,Library,0,0,12:00 PM,02:15 PM,11:34 AM,02:46 PM,787.86,190,22.05,None,0,0
S5338,2026-04-08,11:52 AM,Rajendra,Classroom,0,0,0,0,11:35 AM,01:14 PM,271.45,176,9.18,None,1,0
S5339,2026-04-17,09:21 PM,Sarojini,Mess,09:19 PM,09:42 PM,0,0,0,0,520.69,84,47.59,Dinner,0,0
S5340,2026-04-22,02:50 PM,Azad,Library,0,0,01:56 PM,04:08 PM,01:48 PM,04:55 PM,936.58,55,16.33,None,1,0
S5341,2026-04-04,12:57 PM,Yamuna,Hostel,0,0,0,0,0,0,117.41,138,22.51,None,1,0
S5342,2026-04-28,04:33 AM,Azad,Hostel,0,0,0,0,0,0,335.09,38,16.27,None,0,0
S5343,2026-04-24,12:59 AM,Rajendra,Outside,0,0,0,0,0,03:46 AM,270.3,117,17.22,None,0,0
S5344,2026-04-06,02:31 PM,Rajendra,Mess,02:22 PM,03:05 PM,0,0,0,0,355.77,194,46.61,Lunch,0,0
S5345,2026-04-16,03:00 PM,Rajendra,Library,0,0,01:43 PM,03:21 PM,01:30 PM,04:15 PM,613.54,181,27.78,None,1,0
S5346,2026-04-10,07:02 PM,Azad,Library,0,0,06:41 PM,07:43 PM,06:35 PM,08:35 PM,901.43,157,18.78,None,0,0
S5347,2026-04-16,02:12 PM,Yamuna,Mess,02:11 PM,02:31 PM,0,0,0,0,587.87,95,34.8,Lunch,0,0
S5348,2026-04-16,09:40 AM,Azad,Classroom,0,0,0,0,09:04 AM,11:06 AM,206.64,55,2.75,None,1,1
S5349,2026-04-30,04:33 PM,Rajendra,Library,0,0,03:24 PM,05:01 PM,03:01 PM,06:01 PM,653.9,59,13.76,None,0,0
S5350,2026-04-03,08:18 PM,Ganga,Library,0,0,07:33 PM,09:37 PM,07:15 PM,09:54 PM,772.95,144,32.36,None,0,0
S5351,2026-04-03,10:28 PM,Azad,Mess,09:52 PM,10:31 PM,0,0,0,0,437.73,106,52.9,Dinner,0,0
S5352,2026-04-10,08:03 PM,Yamuna,Library,0,0,07:50 PM,09:28 PM,07:40 PM,09:52 PM,774.08,168,20.98,None,0,0
S5353,2026-04-01,09:47 PM,Sarojini,Mess,09:17 PM,10:16 PM,0,0,0,0,521.32,44,27.15,Dinner,0,0
S5354,2026-04-28,11:00 AM,Azad,Hostel,0,0,0,0,0,0,194.86,91,34.6,None,1,0
S5355,2026-04-29,12:21 PM,Yamuna,Library,0,0,11:38 AM,12:50 PM,11:29 AM,01:30 PM,971.28,104,20.88,None,0,0
S5356,2026-04-02,08:54 PM,Azad,Library,0,0,08:31 PM,10:47 PM,08:17 PM,11:37 PM,889.4,156,25.0,None,0,0
S5357,2026-04-25,09:10 PM,Sarojini,Outside,0,0,0,0,08:36 PM,11:59 PM,373.83,193,10.63,None,0,0
S5358,2026-04-07,03:05 PM,Sarojini,Library,0,0,02:23 PM,04:23 PM,02:06 PM,04:34 PM,574.12,87,17.66,None,0,0
S5359,2026-04-28,11:26 AM,Ganga,Library,0,0,10:27 AM,11:59 AM,09:58 AM,12:48 PM,988.49,173,30.32,None,0,0
S5360,2026-04-26,12:32 PM,Rajendra,Mess,12:00 PM,12:34 PM,0,0,0,0,586.89,122,35.5,Lunch,0,0
S5361,2026-05-01,08:55 AM,Sarojini,Outside,0,0,0,0,07:17 AM,10:31 AM,248.19,173,18.41,None,0,0
S5362,2026-04-23,10:13 PM,Rajendra,Mess,09:51 PM,10:22 PM,0,0,0,0,655.07,96,47.92,Dinner,0,0
S5363,2026-04-13,07:40 AM,Yamuna,Hostel,0,0,0,0,0,0,201.53,119,25.85,None,0,0
S5364,2026-04-17,07:28 PM,Sarojini,Library,0,0,06:45 PM,09:00 PM,06:27 PM,09:22 PM,616.38,145,27.93,None,0,0
S5365,2026-04-02,04:16 PM,Rajendra,Library,0,0,04:07 PM,04:46 PM,03:56 PM,05:34 PM,687.15,22,16.0,None,1,1
S5366,2026-04-02,10:05 AM,Yamuna,Hostel,0,0,0,0,0,0,150.0,151,28.05,None,1,1
S5367,2026-04-10,09:28 AM,Sarojini,Library,0,0,09:10 AM,11:28 AM,08:44 AM,12:19 PM,955.73,153,22.86,None,1,1
S5368,2026-04-17,01:09 PM,Rajendra,Mess,12:48 PM,01:16 PM,0,0,0,0,588.7,14,37.57,Lunch,0,0
S5369,2026-04-28,07:37 PM,Sarojini,Mess,07:36 PM,08:16 PM,0,0,0,0,477.84,100,53.64,Dinner,0,0
S5370,2026-04-10,01:07 PM,Ganga,Outside,0,0,0,0,12:25 PM,02:43 PM,109.43,29,2.22,None,1,0
S5371,2026-04-13,02:00 PM,Azad,Mess,01:46 PM,02:26 PM,0,0,0,0,240.33,152,38.74,Lunch,0,0
S5372,2026-04-24,12:03 AM,Rajendra,Outside,0,0,0,0,0,01:38 AM,103.72,34,1.76,None,0,0
S5373,2026-04-19,10:56 PM,Ganga,Outside,0,0,0,0,10:14 PM,11:59 PM,166.23,102,11.68,None,0,0
S5374,2026-04-10,10:26 PM,Yamuna,Library,0,0,09:41 PM,10:50 PM,09:25 PM,11:16 PM,886.94,200,30.06,None,0,0
S5375,2026-04-17,05:15 PM,Sarojini,Library,0,0,03:18 PM,05:50 PM,03:09 PM,06:24 PM,853.92,144,24.21,None,0,0
S5376,2026-04-03,02:15 PM,Yamuna,Mess,01:56 PM,02:38 PM,0,0,0,0,493.22,186,48.6,Lunch,0,0
S5377,2026-04-07,02:11 PM,Ganga,Library,0,0,02:11 PM,03:10 PM,02:02 PM,03:50 PM,530.21,107,21.28,None,1,0
S5378,2026-04-08,08:01 PM,Azad,Library,0,0,07:07 PM,08:22 PM,06:51 PM,08:36 PM,655.58,125,32.2,None,0,0
S5379,2026-04-25,12:52 PM,Sarojini,Mess,12:15 PM,01:13 PM,0,0,0,0,404.95,56,33.26,Lunch,1,0
S5380,2026-04-13,09:05 PM,Yamuna,Outside,0,0,0,0,08:02 PM,10:56 PM,283.8,29,4.21,None,0,0
S5381,2026-04-08,09:11 AM,Sarojini,Mess,08:42 AM,09:17 AM,0,0,0,0,449.9,168,48.55,Breakfast,1,1
S5382,2026-04-18,07:56 PM,Sarojini,Mess,07:52 PM,08:21 PM,0,0,0,0,261.87,167,37.63,Dinner,0,0
S5383,2026-04-16,03:06 PM,Rajendra,Library,0,0,02:58 PM,04:36 PM,02:40 PM,04:49 PM,467.06,177,27.19,None,0,0
S5384,2026-04-27,03:35 PM,Yamuna,Library,0,0,03:02 PM,05:02 PM,02:53 PM,05:57 PM,764.53,185,33.35,None,0,0
S5385,2026-04-17,12:01 PM,Yamuna,Library,0,0,11:38 AM,12:57 PM,11:27 AM,01:32 PM,902.56,155,22.31,None,0,0
S5386,2026-04-09,02:28 PM,Ganga,Mess,01:56 PM,02:28 PM,0,0,0,0,665.72,144,53.59,Lunch,1,0
S5387,2026-04-06,07:55 AM,Yamuna,Hostel,0,0,0,0,0,0,160.4,190,51.64,None,0,0
S5388,2026-04-14,10:17 PM,Sarojini,Library,0,0,10:02 PM,10:56 PM,09:42 PM,11:17 PM,623.01,145,32.91,None,0,0
S5389,2026-04-05,09:30 AM,Azad,Outside,0,0,0,0,08:00 AM,10:41 AM,150.99,14,1.0,None,1,1
S5390,2026-04-05,06:42 PM,Rajendra,Hostel,0,0,0,0,0,0,384.41,20,13.72,None,0,0
S5391,2026-04-21,08:30 AM,Sarojini,Mess,08:04 AM,09:00 AM,0,0,0,0,275.36,84,33.75,Breakfast,0,0
S5392,2026-04-17,12:31 PM,Yamuna,Outside,0,0,0,0,11:46 AM,03:04 PM,302.05,99,11.74,None,0,0
S5393,2026-04-26,11:31 AM,Sarojini,Library,0,0,10:13 AM,12:15 PM,09:43 AM,01:01 PM,885.29,113,19.24,None,1,0
S5394,2026-04-01,11:31 AM,Azad,Library,0,0,11:18 AM,01:40 PM,10:57 AM,01:53 PM,798.05,70,16.65,None,1,0
S5395,2026-04-04,07:44 PM,Azad,Hostel,0,0,0,0,0,0,280.7,139,36.91,None,0,0
S5396,2026-04-27,04:51 PM,Azad,Library,0,0,04:14 PM,07:02 PM,04:09 PM,07:29 PM,594.72,107,15.49,None,1,1
S5397,2026-04-21,08:51 PM,Rajendra,Hostel,0,0,0,0,0,0,1196.55,198,38.38,None,0,0
S5398,2026-05-01,10:23 PM,Sarojini,Library,0,0,09:13 PM,10:49 PM,08:50 PM,11:10 PM,732.44,167,15.82,None,0,0
S5399,2026-04-03,09:19 AM,Rajendra,Mess,09:05 AM,09:52 AM,0,0,0,0,435.42,124,52.13,Breakfast,1,1
S5400,2026-04-05,05:56 PM,Yamuna,Library,0,0,04:14 PM,07:14 PM,03:51 PM,07:54 PM,946.63,167,23.64,None,0,0
S5401,2026-04-01,08:55 PM,Ganga,Mess,08:48 PM,09:14 PM,0,0,0,0,352.95,19,33.5,Dinner,0,0
S5402,2026-04-10,12:28 PM,Rajendra,Hostel,0,0,0,0,0,0,152.03,86,24.77,None,1,0
S5403,2026-04-02,04:06 PM,Yamuna,Classroom,0,0,0,0,03:39 PM,04:56 PM,363.11,175,17.45,None,1,1
S5404,2026-04-17,11:59 AM,Ganga,Library,0,0,10:54 AM,12:37 PM,10:39 AM,01:26 PM,633.23,143,19.19,None,0,0
S5405,2026-04-10,11:21 AM,Ganga,Outside,0,0,0,0,10:29 AM,02:06 PM,315.66,15,1.36,None,0,0
S5406,2026-04-04,12:35 PM,Rajendra,Library,0,0,11:32 AM,12:44 PM,11:03 AM,01:39 PM,733.21,178,22.87,None,1,0
S5407,2026-04-13,09:50 PM,Ganga,Hostel,0,0,0,0,0,0,1348.01,91,19.51,None,0,0
S5408,2026-04-11,04:52 PM,Azad,Library,0,0,04:50 PM,07:40 PM,04:34 PM,07:51 PM,864.23,69,11.22,None,1,1
S5409,2026-04-24,12:41 PM,Rajendra,Mess,12:20 PM,01:17 PM,0,0,0,0,617.66,149,49.59,Lunch,0,0
S5410,2026-04-28,09:03 PM,Rajendra,Hostel,0,0,0,0,0,0,1257.21,66,19.87,None,0,0
S5411,2026-04-18,10:34 AM,Rajendra,Library,0,0,10:03 AM,12:17 PM,09:55 AM,12:46 PM,769.95,194,33.51,None,1,1
S5412,2026-04-30,09:12 PM,Azad,Mess,08:38 PM,09:38 PM,0,0,0,0,654.87,22,31.77,Dinner,0,0
S5413,2026-04-23,01:14 PM,Azad,Mess,12:54 PM,01:26 PM,0,0,0,0,364.59,11,40.33,Lunch,0,0
S5414,2026-04-09,02:16 PM,Azad,Mess,01:50 PM,02:39 PM,0,0,0,0,369.78,11,29.03,Lunch,0,0
S5415,2026-04-01,04:30 AM,Yamuna,Outside,0,0,0,0,03:28 AM,07:22 AM,258.24,118,6.16,None,0,0
S5416,2026-04-29,03:00 AM,Rajendra,Outside,0,0,0,0,02:12 AM,04:54 AM,121.59,98,7.68,None,0,0
S5417,2026-04-12,06:57 PM,Sarojini,Library,0,0,05:25 PM,07:40 PM,05:09 PM,08:05 PM,731.65,181,29.35,None,0,0
S5418,2026-04-15,05:21 AM,Rajendra,Outside,0,0,0,0,03:58 AM,06:27 AM,391.48,179,14.1,None,0,0
S5419,2026-04-30,11:45 AM,Rajendra,Classroom,0,0,0,0,11:11 AM,01:16 PM,280.9,151,13.61,None,1,0
S5420,2026-04-02,01:57 PM,Sarojini,Mess,01:46 PM,02:35 PM,0,0,0,0,358.31,102,51.84,Lunch,1,0
S5421,2026-04-24,04:53 AM,Azad,Hostel,0,0,0,0,0,0,283.16,96,34.02,None,0,0
S5422,2026-04-16,07:58 PM,Sarojini,Mess,07:19 PM,08:19 PM,0,0,0,0,460.88,66,33.98,Dinner,0,0
S5423,2026-04-12,04:45 PM,Ganga,Outside,0,0,0,0,03:31 PM,06:32 PM,119.13,141,14.63,None,1,1
S5424,2026-04-22,04:30 PM,Ganga,Outside,0,0,0,0,03:04 PM,06:16 PM,133.67,22,1.54,None,1,1
S5425,2026-04-30,01:32 AM,Ganga,Hostel,0,0,0,0,0,0,332.75,130,30.56,None,0,0
S5426,2026-04-07,04:14 AM,Rajendra,Hostel,0,0,0,0,0,0,213.98,124,34.25,None,0,0
S5427,2026-04-08,08:36 AM,Rajendra,Mess,08:26 AM,09:04 AM,0,0,0,0,419.77,188,62.19,Breakfast,0,0
S5428,2026-04-12,08:13 PM,Azad,Mess,08:04 PM,08:24 PM,0,0,0,0,360.55,57,35.89,Dinner,0,0
S5429,2026-04-27,12:31 PM,Rajendra,Library,0,0,10:26 AM,01:24 PM,10:01 AM,02:07 PM,836.19,20,15.38,None,0,0
S5430,2026-04-12,08:52 AM,Azad,Mess,08:32 AM,08:52 AM,0,0,0,0,555.07,47,38.87,Breakfast,0,0
S5431,2026-04-15,07:23 PM,Azad,Hostel,0,0,0,0,0,0,283.89,42,21.95,None,0,0
S5432,2026-04-20,10:35 PM,Sarojini,Mess,09:49 PM,10:43 PM,0,0,0,0,439.85,188,42.96,Dinner,0,0
S5433,2026-04-05,07:18 PM,Rajendra,Mess,07:08 PM,07:29 PM,0,0,0,0,395.54,79,47.43,Dinner,0,0
S5434,2026-04-14,07:27 AM,Rajendra,Mess,07:22 AM,08:12 AM,0,0,0,0,429.53,198,52.67,Breakfast,0,0
S5435,2026-04-22,05:17 PM,Ganga,Library,0,0,05:16 PM,06:09 PM,04:51 PM,06:34 PM,578.88,143,25.19,None,0,0
S5436,2026-04-02,10:22 AM,Sarojini,Outside,0,0,0,0,09:37 AM,12:01 PM,315.59,114,10.05,None,0,0
S5437,2026-04-25,08:42 PM,Rajendra,Mess,08:30 PM,09:20 PM,0,0,0,0,530.99,187,37.66,Dinner,0,0
S5438,2026-04-21,01:05 AM,Ganga,Outside,0,0,0,0,12:25 AM,03:46 AM,222.89,118,12.48,None,0,0
S5439,2026-04-02,08:03 AM,Azad,Mess,07:38 AM,08:18 AM,0,0,0,0,360.87,94,44.99,Breakfast,0,0
S5440,2026-04-14,05:57 AM,Ganga,Outside,0,0,0,0,04:20 AM,07:34 AM,299.13,78,5.18,None,0,0
S5441,2026-04-02,09:54 PM,Yamuna,Mess,09:46 PM,10:24 PM,0,0,0,0,593.65,161,57.01,Dinner,0,0
S5442,2026-04-14,10:43 PM,Rajendra,Outside,0,0,0,0,09:01 PM,11:59 PM,295.07,53,4.49,None,0,0
S5443,2026-04-03,03:03 PM,Azad,Library,0,0,02:19 PM,04:26 PM,02:08 PM,05:19 PM,439.45,88,20.57,None,1,0
S5444,2026-04-09,11:00 PM,Ganga,Library,0,0,10:03 PM,11:59 PM,09:54 PM,11:59 PM,823.15,25,13.12,None,0,0
S5445,2026-04-05,09:28 AM,Yamuna,Hostel,0,0,0,0,0,0,137.2,139,34.2,None,1,1
S5446,2026-04-05,09:19 AM,Rajendra,Mess,08:35 AM,09:22 AM,0,0,0,0,343.13,194,39.58,Breakfast,0,0
S5447,2026-04-26,08:59 PM,Yamuna,Mess,08:49 PM,09:22 PM,0,0,0,0,257.59,35,39.59,Dinner,0,0
S5448,2026-04-02,11:09 PM,Sarojini,Library,0,0,10:35 PM,11:20 PM,10:21 PM,11:55 PM,809.98,105,14.61,None,0,0
S5449,2026-04-17,11:49 PM,Azad,Library,0,0,09:52 PM,11:59 PM,09:44 PM,11:59 PM,858.59,139,34.72,None,0,0
S5450,2026-04-18,09:02 AM,Rajendra,Mess,08:37 AM,09:06 AM,0,0,0,0,328.71,94,42.42,Breakfast,0,0
S5451,2026-04-20,10:10 AM,Yamuna,Outside,0,0,0,0,08:47 AM,12:00 PM,113.48,90,11.64,None,0,0
S5452,2026-05-01,09:42 PM,Rajendra,Mess,09:26 PM,10:03 PM,0,0,0,0,578.4,131,43.14,Dinner,0,0
S5453,2026-04-26,09:00 AM,Azad,Mess,08:58 AM,09:40 AM,0,0,0,0,287.45,45,34.94,Breakfast,1,1
S5454,2026-04-19,11:42 PM,Yamuna,Library,0,0,09:07 PM,11:43 PM,08:49 PM,11:59 PM,666.96,116,19.54,None,0,0
S5455,2026-04-17,10:27 PM,Sarojini,Library,0,0,10:00 PM,11:22 PM,09:50 PM,11:36 PM,771.34,128,18.22,None,0,0
S5456,2026-04-08,04:09 AM,Ganga,Hostel,0,0,0,0,0,0,246.27,160,35.43,None,0,0
S5457,2026-04-19,03:02 PM,Sarojini,Mess,02:31 PM,03:06 PM,0,0,0,0,597.07,72,36.3,Lunch,1,0
S5458,2026-04-03,11:46 PM,Rajendra,Library,0,0,10:58 PM,11:59 PM,10:33 PM,11:59 PM,742.0,110,21.68,None,0,0
S5459,2026-04-01,11:52 AM,Sarojini,Library,0,0,11:36 AM,01:21 PM,11:25 AM,01:41 PM,973.6,120,20.61,None,0,0
S5460,2026-04-16,06:47 PM,Azad,Hostel,0,0,0,0,0,0,364.25,110,32.94,None,0,0
S5461,2026-04-08,01:38 AM,Azad,Outside,0,0,0,0,12:51 AM,02:55 AM,137.2,78,7.66,None,0,0
S5462,2026-04-02,10:30 AM,Ganga,Outside,0,0,0,0,09:06 AM,11:41 AM,221.32,40,4.46,None,1,1
S5463,2026-04-19,09:49 AM,Ganga,Library,0,0,09:19 AM,10:33 AM,08:57 AM,10:53 AM,943.35,66,14.28,None,0,0
S5464,2026-04-25,07:43 PM,Yamuna,Mess,07:31 PM,07:52 PM,0,0,0,0,377.3,111,29.18,Dinner,0,0
S5465,2026-04-24,11:38 PM,Yamuna,Library,0,0,09:22 PM,11:59 PM,09:02 PM,11:59 PM,834.26,91,18.52,None,0,0
S5466,2026-04-13,10:55 AM,Ganga,Library,0,0,10:07 AM,11:14 AM,10:00 AM,12:00 PM,573.55,152,23.02,None,1,1
S5467,2026-04-20,10:56 AM,Yamuna,Hostel,0,0,0,0,0,0,255.29,156,39.03,None,0,0
S5468,2026-04-15,07:53 AM,Rajendra,Mess,07:21 AM,07:55 AM,0,0,0,0,392.73,176,60.06,Breakfast,0,0
S5469,2026-04-18,09:44 PM,Yamuna,Library,0,0,08:44 PM,11:00 PM,08:17 PM,11:53 PM,870.07,28,10.56,None,0,0
S5470,2026-04-27,09:37 PM,Sarojini,Library,0,0,09:33 PM,11:34 PM,09:08 PM,11:59 PM,528.9,111,28.92,None,0,0
S5471,2026-04-27,09:48 PM,Sarojini,Library,0,0,09:24 PM,11:55 PM,09:16 PM,11:59 PM,1033.63,81,19.45,None,0,0
S5472,2026-04-27,07:49 PM,Ganga,Mess,07:01 PM,07:57 PM,0,0,0,0,470.94,134,42.93,Dinner,0,0
S5473,2026-04-16,08:38 AM,Yamuna,Mess,08:07 AM,09:01 AM,0,0,0,0,438.68,24,30.76,Breakfast,0,0
S5474,2026-04-26,01:22 PM,Ganga,Outside,0,0,0,0,12:39 PM,04:18 PM,107.65,185,15.79,None,0,0
S5475,2026-04-17,02:35 PM,Sarojini,Library,0,0,01:57 PM,03:15 PM,01:40 PM,03:54 PM,1045.53,120,17.5,None,1,0
S5476,2026-04-24,05:48 AM,Rajendra,Outside,0,0,0,0,03:48 AM,08:09 AM,373.38,138,16.21,None,0,0
S5477,2026-04-06,07:47 AM,Rajendra,Mess,07:06 AM,07:53 AM,0,0,0,0,279.28,126,36.54,Breakfast,0,0
S5478,2026-04-03,06:29 PM,Ganga,Library,0,0,04:26 PM,06:40 PM,04:19 PM,06:56 PM,710.56,164,33.45,None,0,0
S5479,2026-04-20,10:07 AM,Sarojini,Classroom,0,0,0,0,09:42 AM,11:31 AM,330.2,160,17.27,None,1,1
S5480,2026-04-10,06:52 AM,Azad,Hostel,0,0,0,0,0,0,316.94,158,33.19,None,0,0
S5481,2026-04-28,01:31 PM,Sarojini,Library,0,0,11:00 AM,01:54 PM,10:38 AM,02:23 PM,803.87,32,17.54,None,1,0
S5482,2026-04-23,10:02 PM,Azad,Hostel,0,0,0,0,0,0,1338.69,148,26.87,None,0,0
S5483,2026-04-03,05:01 AM,Azad,Outside,0,0,0,0,04:21 AM,06:26 AM,398.3,52,7.18,None,0,0
S5484,2026-05-01,02:08 PM,Sarojini,Outside,0,0,0,0,12:27 PM,03:43 PM,143.71,97,14.28,None,0,0
S5485,2026-04-16,01:12 PM,Yamuna,Outside,0,0,0,0,11:45 AM,02:39 PM,269.13,184,13.32,None,1,0
S5486,2026-04-25,02:58 PM,Yamuna,Mess,02:52 PM,03:22 PM,0,0,0,0,363.6,192,51.48,Lunch,1,0
S5487,2026-04-15,01:26 PM,Sarojini,Mess,12:45 PM,01:43 PM,0,0,0,0,440.3,99,44.0,Lunch,0,0
S5488,2026-04-12,12:20 PM,Yamuna,Library,0,0,12:03 PM,02:29 PM,11:37 AM,02:52 PM,946.72,95,17.72,None,1,0
S5489,2026-04-25,09:10 PM,Azad,Mess,09:07 PM,09:28 PM,0,0,0,0,459.64,80,47.31,Dinner,0,0
S5490,2026-04-12,12:12 AM,Azad,Hostel,0,0,0,0,0,0,236.85,161,37.96,None,0,0
S5491,2026-04-11,10:23 PM,Ganga,Mess,09:57 PM,10:32 PM,0,0,0,0,375.39,31,34.94,Dinner,0,0
S5492,2026-04-27,10:29 PM,Ganga,Library,0,0,09:56 PM,11:59 PM,09:36 PM,11:59 PM,885.47,158,27.03,None,0,0
S5493,2026-04-06,07:55 AM,Azad,Mess,07:15 AM,08:09 AM,0,0,0,0,634.83,75,37.33,Breakfast,0,0
S5494,2026-04-30,08:31 PM,Rajendra,Mess,08:02 PM,08:44 PM,0,0,0,0,403.42,49,42.49,Dinner,0,0
S5495,2026-04-07,02:50 PM,Azad,Library,0,0,01:19 PM,03:12 PM,12:54 PM,03:40 PM,916.31,131,21.54,None,1,0
S5496,2026-04-09,10:28 AM,Sarojini,Library,0,0,10:04 AM,10:47 AM,09:37 AM,11:41 AM,760.02,59,15.2,None,1,1
S5497,2026-04-16,12:18 PM,Ganga,Library,0,0,11:43 AM,02:21 PM,11:17 AM,02:48 PM,990.28,178,17.3,None,1,0
S5498,2026-04-17,08:07 PM,Rajendra,Mess,07:24 PM,08:17 PM,0,0,0,0,286.66,171,62.97,Dinner,0,0
S5499,2026-04-03,04:44 AM,Ganga,Outside,0,0,0,0,03:20 AM,06:49 AM,293.63,135,17.96,None,0,0
S5500,2026-04-28,03:49 PM,Azad,Library,0,0,03:05 PM,06:05 PM,02:40 PM,06:43 PM,937.75,188,30.18,None,0,0
S5501,2026-04-28,10:19 PM,Azad,Hostel,0,0,0,0,0,0,1262.32,171,36.74,None,0,0
S5502,2026-04-27,12:20 AM,Rajendra,Hostel,0,0,0,0,0,0,290.85,18,18.5,None,0,0
S5503,2026-04-19,11:15 AM,Azad,Library,0,0,10:18 AM,11:52 AM,09:56 AM,12:08 PM,601.21,85,19.35,None,0,0
S5504,2026-04-11,01:00 PM,Yamuna,Library,0,0,12:30 PM,01:16 PM,12:00 PM,02:10 PM,764.44,49,15.13,None,0,0
S5505,2026-04-26,11:01 AM,Azad,Classroom,0,0,0,0,10:45 AM,12:42 PM,311.39,167,15.54,None,1,0
S5506,2026-04-27,09:03 AM,Azad,Mess,08:59 AM,09:34 AM,0,0,0,0,418.15,12,21.75,Breakfast,1,1
S5507,2026-04-05,07:22 PM,Yamuna,Library,0,0,06:19 PM,07:30 PM,05:58 PM,08:15 PM,685.1,103,26.68,None,0,0
S5508,2026-04-07,08:36 PM,Rajendra,Outside,0,0,0,0,07:05 PM,10:25 PM,122.8,49,5.08,None,0,0
S5509,2026-04-22,05:54 AM,Rajendra,Outside,0,0,0,0,05:15 AM,08:31 AM,208.4,197,12.43,None,0,0
S5510,2026-04-14,06:50 PM,Rajendra,Library,0,0,05:41 PM,06:57 PM,05:16 PM,07:46 PM,741.95,84,14.96,None,0,0
S5511,2026-04-06,09:38 AM,Ganga,Mess,09:12 AM,10:10 AM,0,0,0,0,450.85,191,54.49,Breakfast,0,0
S5512,2026-04-19,01:58 PM,Azad,Mess,01:35 PM,02:10 PM,0,0,0,0,583.29,169,54.33,Lunch,1,0
S5513,2026-04-05,10:00 PM,Azad,Hostel,0,0,0,0,0,0,909.13,129,23.28,None,0,0
S5514,2026-04-16,05:59 PM,Ganga,Library,0,0,03:42 PM,06:31 PM,03:37 PM,07:27 PM,801.72,115,15.3,None,0,0
S5515,2026-04-03,07:46 AM,Ganga,Mess,07:25 AM,08:17 AM,0,0,0,0,419.23,45,34.07,Breakfast,0,0
S5516,2026-04-03,06:39 PM,Sarojini,Library,0,0,06:02 PM,07:02 PM,05:57 PM,08:02 PM,925.58,62,16.47,None,0,0
S5517,2026-04-21,09:17 PM,Ganga,Mess,09:16 PM,09:51 PM,0,0,0,0,527.9,194,57.1,Dinner,0,0
S5518,2026-04-20,10:14 PM,Ganga,Outside,0,0,0,0,09:39 PM,11:59 PM,181.96,70,4.92,None,0,0
S5519,2026-04-22,09:34 PM,Sarojini,Outside,0,0,0,0,08:45 PM,11:42 PM,220.06,169,23.76,None,0,0
S5520,2026-04-15,10:36 PM,Rajendra,Outside,0,0,0,0,08:53 PM,11:59 PM,315.7,124,11.4,None,0,0
S5521,2026-04-16,01:07 PM,Yamuna,Library,0,0,12:53 PM,02:43 PM,12:46 PM,03:24 PM,606.61,148,22.57,None,1,0
S5522,2026-04-21,02:03 PM,Yamuna,Mess,01:43 PM,02:22 PM,0,0,0,0,584.28,186,38.22,Lunch,1,0
S5523,2026-04-30,10:31 AM,Ganga,Library,0,0,09:27 AM,11:47 AM,08:59 AM,12:38 PM,795.15,93,12.51,None,0,0
S5524,2026-04-14,01:06 PM,Rajendra,Mess,12:18 PM,01:07 PM,0,0,0,0,505.26,65,39.84,Lunch,0,0
S5525,2026-04-22,01:10 PM,Rajendra,Outside,0,0,0,0,11:33 AM,03:43 PM,330.38,189,13.0,None,1,0
S5526,2026-04-30,05:13 PM,Ganga,Hostel,0,0,0,0,0,0,302.3,108,34.04,None,0,0
S5527,2026-04-12,08:15 PM,Sarojini,Mess,08:15 PM,08:57 PM,0,0,0,0,521.9,125,41.78,Dinner,0,0
S5528,2026-04-06,06:42 PM,Sarojini,Library,0,0,06:40 PM,07:22 PM,06:30 PM,07:50 PM,808.52,171,18.84,None,0,0
S5529,2026-04-06,10:08 PM,Ganga,Outside,0,0,0,0,08:27 PM,11:59 PM,332.04,192,22.45,None,0,0
S5530,2026-04-05,02:14 AM,Azad,Hostel,0,0,0,0,0,0,105.34,128,40.2,None,0,0
S5531,2026-04-20,08:06 AM,Yamuna,Mess,07:58 AM,08:22 AM,0,0,0,0,384.73,44,39.75,Breakfast,0,0
S5532,2026-04-05,12:14 PM,Ganga,Hostel,0,0,0,0,0,0,247.34,15,25.87,None,1,0
S5533,2026-04-18,03:01 AM,Sarojini,Outside,0,0,0,0,01:53 AM,05:30 AM,261.23,81,5.69,None,0,0
S5534,2026-04-01,02:29 PM,Yamuna,Mess,02:09 PM,02:33 PM,0,0,0,0,501.82,116,37.11,Lunch,0,0
S5535,2026-04-07,02:56 PM,Azad,Hostel,0,0,0,0,0,0,313.04,57,15.51,None,1,0
S5536,2026-04-18,09:33 AM,Rajendra,Classroom,0,0,0,0,09:20 AM,10:54 AM,133.15,69,4.46,None,1,1
S5537,2026-04-08,01:42 PM,Sarojini,Mess,01:32 PM,01:53 PM,0,0,0,0,511.13,127,43.52,Lunch,1,0
S5538,2026-04-11,08:20 PM,Azad,Library,0,0,08:05 PM,08:48 PM,07:46 PM,09:07 PM,720.17,22,11.86,None,0,0
S5539,2026-04-13,09:29 PM,Yamuna,Outside,0,0,0,0,08:03 PM,11:53 PM,209.78,129,10.0,None,0,0
S5540,2026-04-09,08:33 PM,Rajendra,Library,0,0,08:24 PM,08:54 PM,08:04 PM,09:04 PM,810.19,76,10.96,None,0,0
S5541,2026-04-09,09:42 AM,Azad,Outside,0,0,0,0,08:31 AM,11:03 AM,294.11,84,12.1,None,0,0
S5542,2026-04-17,09:39 PM,Ganga,Library,0,0,08:38 PM,11:29 PM,08:22 PM,11:59 PM,629.18,98,20.33,None,0,0
S5543,2026-04-08,08:29 AM,Rajendra,Mess,08:23 AM,08:56 AM,0,0,0,0,435.6,84,46.46,Breakfast,0,0
S5544,2026-04-21,06:06 PM,Sarojini,Classroom,0,0,0,0,05:35 PM,07:34 PM,247.73,99,8.5,None,1,1
S5545,2026-04-24,05:00 PM,Rajendra,Outside,0,0,0,0,03:03 PM,07:09 PM,205.03,61,7.65,None,0,0
S5546,2026-04-28,09:47 AM,Azad,Library,0,0,09:40 AM,12:22 PM,09:22 AM,12:43 PM,499.11,83,25.03,None,0,0
S5547,2026-04-08,07:47 PM,Yamuna,Mess,07:15 PM,07:56 PM,0,0,0,0,607.99,15,36.79,Dinner,0,0
S5548,2026-04-26,09:00 AM,Ganga,Mess,08:50 AM,09:13 AM,0,0,0,0,583.75,82,26.57,Breakfast,1,1
S5549,2026-04-12,10:18 AM,Rajendra,Hostel,0,0,0,0,0,0,111.97,54,28.75,None,1,1
S5550,2026-05-01,07:41 PM,Rajendra,Mess,07:05 PM,07:46 PM,0,0,0,0,464.61,18,24.69,Dinner,0,0
S5551,2026-04-19,01:01 PM,Rajendra,Library,0,0,12:20 PM,01:58 PM,12:05 PM,02:22 PM,983.76,25,12.1,None,0,0
S5552,2026-04-26,10:21 AM,Sarojini,Classroom,0,0,0,0,09:46 AM,11:21 AM,245.67,41,3.68,None,1,1
S5553,2026-04-17,10:11 PM,Yamuna,Library,0,0,08:47 PM,10:19 PM,08:31 PM,10:44 PM,901.26,173,26.58,None,0,0
S5554,2026-04-07,12:59 PM,Ganga,Mess,12:56 PM,01:40 PM,0,0,0,0,403.99,44,31.36,Lunch,1,0
S5555,2026-04-12,11:41 PM,Rajendra,Library,0,0,10:10 PM,11:59 PM,09:45 PM,11:59 PM,779.42,195,25.68,None,0,0
S5556,2026-04-07,10:40 AM,Yamuna,Library,0,0,10:03 AM,11:04 AM,09:47 AM,12:04 PM,886.97,152,21.56,None,1,1
S5557,2026-04-09,11:30 AM,Sarojini,Library,0,0,10:22 AM,11:35 AM,10:16 AM,12:02 PM,657.32,166,14.62,None,1,0
S5558,2026-04-24,02:54 PM,Ganga,Library,0,0,01:41 PM,02:55 PM,01:15 PM,03:25 PM,701.99,54,17.78,None,1,0
S5559,2026-04-10,07:51 AM,Sarojini,Hostel,0,0,0,0,0,0,325.73,37,24.0,None,0,0
S5560,2026-04-11,12:23 PM,Yamuna,Mess,12:17 PM,01:04 PM,0,0,0,0,237.8,136,53.65,Lunch,0,0
S5561,2026-04-05,01:48 PM,Yamuna,Mess,01:19 PM,02:15 PM,0,0,0,0,558.56,115,30.7,Lunch,0,0
S5562,2026-04-05,07:58 AM,Azad,Mess,07:31 AM,08:06 AM,0,0,0,0,387.13,158,46.87,Breakfast,0,0
S5563,2026-04-09,01:02 PM,Ganga,Mess,12:55 PM,01:49 PM,0,0,0,0,428.55,121,31.42,Lunch,0,0
S5564,2026-04-19,07:49 PM,Rajendra,Mess,07:26 PM,07:52 PM,0,0,0,0,511.65,133,45.73,Dinner,0,0
S5565,2026-04-15,11:57 PM,Sarojini,Outside,0,0,0,0,10:41 PM,11:59 PM,104.16,44,4.0,None,0,0
S5566,2026-04-20,10:20 AM,Yamuna,Classroom,0,0,0,0,10:01 AM,10:59 AM,206.51,115,9.72,None,1,1
S5567,2026-04-04,09:01 AM,Yamuna,Mess,08:54 AM,09:35 AM,0,0,0,0,462.27,10,25.07,Breakfast,1,1
S5568,2026-04-02,03:19 PM,Ganga,Library,0,0,02:17 PM,03:32 PM,01:57 PM,03:45 PM,884.28,23,16.97,None,0,0
S5569,2026-04-01,02:44 PM,Azad,Hostel,0,0,0,0,0,0,314.88,76,26.88,None,1,0
S5570,2026-04-03,03:13 PM,Azad,Mess,02:31 PM,03:25 PM,0,0,0,0,506.15,13,28.58,Lunch,0,0
S5571,2026-04-29,10:42 AM,Rajendra,Library,0,0,10:31 AM,11:07 AM,10:12 AM,12:02 PM,739.99,116,17.36,None,1,1
S5572,2026-04-24,08:51 AM,Sarojini,Mess,08:39 AM,09:28 AM,0,0,0,0,535.09,185,37.35,Breakfast,0,0
S5573,2026-04-01,09:32 PM,Sarojini,Library,0,0,09:18 PM,10:10 PM,09:03 PM,10:20 PM,932.4,103,21.01,None,0,0
S5574,2026-04-07,12:48 PM,Sarojini,Mess,12:37 PM,01:05 PM,0,0,0,0,597.85,62,32.29,Lunch,1,0
S5575,2026-04-11,09:44 PM,Yamuna,Library,0,0,08:40 PM,11:31 PM,08:10 PM,11:59 PM,534.5,141,26.58,None,0,0
S5576,2026-04-04,07:51 AM,Sarojini,Mess,07:27 AM,08:03 AM,0,0,0,0,399.6,181,60.63,Breakfast,0,0
S5577,2026-04-22,03:14 PM,Yamuna,Hostel,0,0,0,0,0,0,306.11,101,36.81,None,0,0
S5578,2026-04-05,07:01 PM,Rajendra,Mess,07:01 PM,07:31 PM,0,0,0,0,356.18,72,32.6,Dinner,0,0
S5579,2026-04-05,01:01 PM,Ganga,Outside,0,0,0,0,11:05 AM,03:52 PM,248.47,68,3.49,None,1,0
S5580,2026-04-11,07:40 PM,Ganga,Mess,07:40 PM,08:33 PM,0,0,0,0,450.0,135,44.33,Dinner,0,0
S5581,2026-04-27,09:13 PM,Rajendra,Hostel,0,0,0,0,0,0,1485.14,132,30.64,None,0,0
S5582,2026-04-11,09:04 AM,Ganga,Mess,09:00 AM,09:44 AM,0,0,0,0,522.39,39,41.85,Breakfast,0,0
S5583,2026-04-21,06:20 PM,Azad,Classroom,0,0,0,0,06:05 PM,08:10 PM,227.36,82,10.37,None,1,1
S5584,2026-04-15,11:33 AM,Yamuna,Library,0,0,10:17 AM,12:12 PM,09:59 AM,12:29 PM,550.3,193,26.99,None,1,0
S5585,2026-04-11,11:09 PM,Azad,Library,0,0,10:06 PM,11:59 PM,09:51 PM,11:59 PM,648.61,76,20.16,None,0,0
S5586,2026-04-01,10:02 AM,Yamuna,Mess,09:33 AM,10:19 AM,0,0,0,0,238.53,156,50.12,Breakfast,0,0
S5587,2026-04-13,03:36 PM,Ganga,Library,0,0,02:09 PM,03:47 PM,01:57 PM,04:07 PM,626.96,131,16.89,None,0,0
S5588,2026-04-20,08:04 AM,Yamuna,Mess,07:51 AM,08:27 AM,0,0,0,0,449.1,63,38.63,Breakfast,0,0
S5589,2026-04-15,01:10 PM,Yamuna,Outside,0,0,0,0,12:35 PM,03:43 PM,331.8,65,6.74,None,1,0
S5590,2026-04-14,07:59 PM,Rajendra,Library,0,0,07:56 PM,09:22 PM,07:49 PM,09:41 PM,906.85,123,23.75,None,0,0
S5591,2026-04-23,06:08 PM,Yamuna,Classroom,0,0,0,0,05:55 PM,06:53 PM,194.28,130,18.51,None,1,1
S5592,2026-04-14,08:44 PM,Sarojini,Library,0,0,07:31 PM,10:17 PM,07:16 PM,10:51 PM,913.82,70,21.23,None,0,0
S5593,2026-04-14,10:06 AM,Yamuna,Outside,0,0,0,0,09:20 AM,01:00 PM,165.2,183,11.26,None,1,1
S5594,2026-05-01,08:15 AM,Azad,Mess,07:36 AM,08:35 AM,0,0,0,0,361.55,153,48.34,Breakfast,0,0
S5595,2026-04-23,05:43 PM,Sarojini,Outside,0,0,0,0,05:06 PM,07:15 PM,313.1,11,0.79,None,0,0
S5596,2026-04-19,03:12 AM,Ganga,Outside,0,0,0,0,02:13 AM,05:57 AM,385.96,48,5.99,None,0,0
S5597,2026-04-14,03:11 PM,Azad,Mess,02:57 PM,03:43 PM,0,0,0,0,492.73,151,42.78,Lunch,0,0
S5598,2026-04-04,02:46 AM,Rajendra,Hostel,0,0,0,0,0,0,352.5,79,31.94,None,0,0
S5599,2026-04-12,01:53 PM,Azad,Library,0,0,12:54 PM,02:21 PM,12:36 PM,03:07 PM,707.85,197,37.45,None,1,0
S5600,2026-04-04,05:23 PM,Azad,Library,0,0,04:12 PM,06:24 PM,03:58 PM,06:55 PM,881.08,95,13.03,None,0,0
S5601,2026-04-09,09:19 PM,Ganga,Library,0,0,09:15 PM,11:35 PM,08:49 PM,11:48 PM,630.4,52,18.71,None,0,0
S5602,2026-04-02,01:26 PM,Ganga,Classroom,0,0,0,0,12:52 PM,03:08 PM,163.35,198,27.83,None,1,0
S5603,2026-05-01,05:37 AM,Azad,Hostel,0,0,0,0,0,0,262.51,142,21.57,None,0,0
S5604,2026-04-26,06:08 PM,Rajendra,Library,0,0,05:25 PM,07:48 PM,05:02 PM,08:29 PM,585.65,144,26.72,None,0,0
S5605,2026-04-01,09:49 PM,Rajendra,Mess,09:22 PM,10:11 PM,0,0,0,0,397.47,29,35.49,Dinner,0,0
S5606,2026-04-06,12:33 PM,Azad,Mess,12:32 PM,01:28 PM,0,0,0,0,395.74,15,33.86,Lunch,1,0
S5607,2026-04-27,09:32 PM,Azad,Mess,09:17 PM,09:38 PM,0,0,0,0,572.05,73,37.25,Dinner,0,0
S5608,2026-04-02,10:50 PM,Rajendra,Library,0,0,10:29 PM,11:59 PM,09:59 PM,11:59 PM,572.26,62,22.0,None,0,0
S5609,2026-04-25,08:17 PM,Sarojini,Mess,08:09 PM,08:37 PM,0,0,0,0,589.38,159,38.15,Dinner,0,0
S5610,2026-05-01,09:21 AM,Ganga,Mess,09:09 AM,09:32 AM,0,0,0,0,676.92,71,46.28,Breakfast,1,1
S5611,2026-04-20,05:33 PM,Azad,Classroom,0,0,0,0,04:57 PM,06:43 PM,265.16,191,17.99,None,1,1
S5612,2026-04-13,11:06 PM,Yamuna,Hostel,0,0,0,0,0,0,1349.51,28,25.42,None,0,0
S5613,2026-04-19,01:43 AM,Yamuna,Hostel,0,0,0,0,0,0,293.9,119,37.15,None,0,0
S5614,2026-04-04,09:23 PM,Ganga,Mess,09:22 PM,09:53 PM,0,0,0,0,429.28,170,47.11,Dinner,0,0
S5615,2026-04-07,01:27 AM,Rajendra,Hostel,0,0,0,0,0,0,197.04,39,26.98,None,0,0
S5616,2026-04-03,09:11 PM,Yamuna,Outside,0,0,0,0,08:00 PM,11:59 PM,396.18,130,14.49,None,0,0
S5617,2026-04-16,12:41 PM,Azad,Mess,12:31 PM,01:09 PM,0,0,0,0,520.88,100,39.77,Lunch,1,0
S5618,2026-04-09,06:59 PM,Yamuna,Library,0,0,06:49 PM,08:49 PM,06:39 PM,09:43 PM,695.86,175,22.13,None,0,0
S5619,2026-04-09,08:08 PM,Ganga,Hostel,0,0,0,0,0,0,1260.96,186,49.02,None,0,0
S5620,2026-04-15,11:25 AM,Sarojini,Library,0,0,11:04 AM,02:02 PM,10:43 AM,02:55 PM,776.4,112,25.84,None,0,0
S5621,2026-04-30,07:15 AM,Azad,Mess,07:06 AM,07:49 AM,0,0,0,0,420.35,31,29.1,Breakfast,0,0
S5622,2026-04-02,06:06 AM,Rajendra,Outside,0,0,0,0,04:34 AM,08:29 AM,126.66,152,13.44,None,0,0
S5623,2026-04-30,03:11 AM,Azad,Outside,0,0,0,0,02:32 AM,04:34 AM,154.71,82,7.97,None,0,0
S5624,2026-04-13,03:12 PM,Ganga,Outside,0,0,0,0,01:47 PM,05:08 PM,133.78,83,4.96,None,0,0
S5625,2026-04-12,06:56 PM,Sarojini,Library,0,0,06:22 PM,07:22 PM,06:03 PM,07:35 PM,816.51,92,24.26,None,0,0
S5626,2026-04-19,08:01 AM,Sarojini,Mess,07:06 AM,08:03 AM,0,0,0,0,468.98,141,57.13,Breakfast,0,0
S5627,2026-04-14,08:35 AM,Rajendra,Mess,08:25 AM,09:00 AM,0,0,0,0,313.02,176,40.12,Breakfast,0,0
S5628,2026-05-01,05:22 PM,Yamuna,Outside,0,0,0,0,04:22 PM,07:38 PM,130.46,159,21.19,None,0,0
S5629,2026-04-07,08:05 PM,Sarojini,Mess,07:56 PM,08:51 PM,0,0,0,0,572.22,54,32.19,Dinner,0,0
S5630,2026-04-03,12:25 AM,Ganga,Outside,0,0,0,0,0,02:12 AM,292.3,54,7.13,None,0,0
S5631,2026-04-06,01:09 PM,Sarojini,Hostel,0,0,0,0,0,0,284.73,173,45.01,None,1,0
S5632,2026-04-13,09:23 PM,Azad,Mess,08:44 PM,09:31 PM,0,0,0,0,557.08,170,41.78,Dinner,0,0
S5633,2026-04-26,02:29 PM,Rajendra,Classroom,0,0,0,0,02:13 PM,03:43 PM,375.0,184,17.64,None,1,0
S5634,2026-04-11,12:20 PM,Azad,Library,0,0,11:42 AM,12:20 PM,11:28 AM,01:05 PM,614.98,38,17.96,None,0,0
S5635,2026-04-16,07:32 PM,Rajendra,Hostel,0,0,0,0,0,0,124.87,160,24.48,None,0,0
S5636,2026-04-10,01:31 PM,Azad,Library,0,0,12:44 PM,02:39 PM,12:33 PM,03:33 PM,641.51,177,24.01,None,0,0
S5637,2026-04-22,06:17 PM,Sarojini,Library,0,0,05:54 PM,07:29 PM,05:42 PM,08:19 PM,1033.15,122,23.55,None,0,0
S5638,2026-04-08,07:55 PM,Ganga,Outside,0,0,0,0,06:11 PM,10:31 PM,199.22,38,4.8,None,0,0
S5639,2026-04-20,11:06 AM,Ganga,Hostel,0,0,0,0,0,0,230.34,44,26.71,None,0,0
S5640,2026-04-10,06:27 PM,Azad,Library,0,0,05:51 PM,06:32 PM,05:43 PM,07:16 PM,923.73,141,22.94,None,0,0
S5641,2026-04-24,10:40 AM,Ganga,Library,0,0,10:32 AM,11:10 AM,10:02 AM,11:33 AM,686.86,95,16.17,None,0,0
S5642,2026-05-01,12:32 PM,Sarojini,Classroom,0,0,0,0,11:56 AM,01:16 PM,279.83,32,4.32,None,1,0
S5643,2026-04-14,01:30 PM,Yamuna,Library,0,0,11:43 AM,02:04 PM,11:22 AM,02:45 PM,963.16,197,32.02,None,0,0
S5644,2026-04-13,06:54 PM,Sarojini,Library,0,0,05:59 PM,08:23 PM,05:36 PM,08:43 PM,663.04,101,19.66,None,0,0
S5645,2026-04-29,08:09 AM,Azad,Outside,0,0,0,0,07:30 AM,10:21 AM,222.22,44,3.05,None,0,0
S5646,2026-04-26,11:24 AM,Yamuna,Library,0,0,10:56 AM,11:44 AM,10:41 AM,12:19 PM,787.53,199,25.37,None,0,0
S5647,2026-04-17,09:02 PM,Sarojini,Library,0,0,08:11 PM,10:24 PM,08:00 PM,10:48 PM,808.78,147,28.09,None,0,0
S5648,2026-04-11,07:59 PM,Sarojini,Library,0,0,05:55 PM,08:19 PM,05:47 PM,08:54 PM,537.04,37,9.55,None,0,0
S5649,2026-04-22,09:26 AM,Azad,Mess,09:22 AM,09:50 AM,0,0,0,0,293.44,148,39.42,Breakfast,1,1
S5650,2026-04-08,09:33 PM,Sarojini,Mess,08:42 PM,09:34 PM,0,0,0,0,339.99,150,48.63,Dinner,0,0
S5651,2026-04-24,11:46 PM,Ganga,Library,0,0,10:23 PM,11:59 PM,10:04 PM,11:59 PM,454.25,107,15.53,None,0,0
S5652,2026-04-18,04:36 AM,Yamuna,Outside,0,0,0,0,03:19 AM,06:21 AM,277.84,91,11.61,None,0,0
S5653,2026-04-05,02:47 AM,Azad,Outside,0,0,0,0,01:01 AM,04:14 AM,336.79,42,5.42,None,0,0
S5654,2026-04-25,05:12 PM,Ganga,Library,0,0,04:54 PM,06:59 PM,04:39 PM,07:27 PM,777.88,199,38.95,None,0,0
S5655,2026-04-13,02:17 PM,Sarojini,Mess,01:52 PM,02:39 PM,0,0,0,0,545.52,96,30.25,Lunch,0,0
S5656,2026-04-20,01:06 PM,Ganga,Mess,12:36 PM,01:07 PM,0,0,0,0,489.4,82,34.05,Lunch,0,0
S5657,2026-04-22,05:07 PM,Ganga,Classroom,0,0,0,0,04:54 PM,05:52 PM,251.91,27,2.2,None,1,1
S5658,2026-04-20,12:07 PM,Sarojini,Library,0,0,11:49 AM,12:51 PM,11:22 AM,01:12 PM,853.72,110,19.1,None,0,0
S5659,2026-04-06,03:15 PM,Ganga,Mess,02:55 PM,03:34 PM,0,0,0,0,461.45,53,44.51,Lunch,1,0
S5660,2026-04-28,12:08 PM,Azad,Library,0,0,09:46 AM,12:19 PM,09:18 AM,12:31 PM,538.89,116,17.88,None,0,0
S5661,2026-04-14,09:47 AM,Yamuna,Mess,09:08 AM,10:07 AM,0,0,0,0,435.61,99,34.78,Breakfast,0,0
S5662,2026-04-28,08:29 PM,Azad,Hostel,0,0,0,0,0,0,978.01,122,28.5,None,0,0
S5663,2026-04-18,04:54 PM,Ganga,Library,0,0,04:39 PM,05:37 PM,04:11 PM,06:31 PM,823.42,74,23.9,None,1,1
S5664,2026-04-02,09:07 AM,Azad,Outside,0,0,0,0,07:49 AM,11:45 AM,399.43,101,13.4,None,1,1
S5665,2026-04-25,08:54 AM,Yamuna,Classroom,0,0,0,0,08:20 AM,09:25 AM,227.02,147,10.63,None,1,1
S5666,2026-04-17,01:47 PM,Yamuna,Mess,01:42 PM,02:25 PM,0,0,0,0,508.04,129,47.15,Lunch,0,0
S5667,2026-04-17,07:52 AM,Yamuna,Mess,07:08 AM,07:58 AM,0,0,0,0,555.98,128,47.72,Breakfast,0,0
S5668,2026-04-25,08:33 PM,Azad,Mess,08:27 PM,09:03 PM,0,0,0,0,302.18,51,43.17,Dinner,0,0
S5669,2026-04-22,07:11 PM,Yamuna,Library,0,0,05:12 PM,07:25 PM,05:07 PM,07:59 PM,665.36,88,24.4,None,0,0
S5670,2026-04-05,12:37 PM,Azad,Library,0,0,12:19 PM,12:49 PM,11:52 AM,01:07 PM,654.27,155,25.46,None,1,0
S5671,2026-04-20,02:35 AM,Ganga,Outside,0,0,0,0,01:28 AM,04:15 AM,390.05,189,17.0,None,0,0
S5672,2026-04-09,09:57 PM,Sarojini,Mess,09:57 PM,10:53 PM,0,0,0,0,332.22,168,42.5,Dinner,0,0
S5673,2026-04-20,10:03 PM,Rajendra,Mess,09:54 PM,10:32 PM,0,0,0,0,527.59,65,30.18,Dinner,0,0
S5674,2026-04-13,07:36 PM,Sarojini,Mess,07:22 PM,08:02 PM,0,0,0,0,441.47,110,34.89,Dinner,0,0
S5675,2026-04-09,09:35 PM,Sarojini,Library,0,0,09:10 PM,09:40 PM,08:50 PM,09:56 PM,821.6,105,26.64,None,0,0
S5676,2026-04-08,01:52 PM,Yamuna,Library,0,0,01:19 PM,02:12 PM,12:54 PM,03:05 PM,900.81,23,14.8,None,0,0
S5677,2026-04-26,08:03 PM,Yamuna,Mess,07:39 PM,08:13 PM,0,0,0,0,436.09,25,35.33,Dinner,0,0
S5678,2026-04-03,02:53 PM,Yamuna,Mess,02:36 PM,03:11 PM,0,0,0,0,498.51,100,33.62,Lunch,1,0
S5679,2026-04-12,08:25 AM,Ganga,Classroom,0,0,0,0,08:00 AM,10:06 AM,300.24,79,5.96,None,1,1
S5680,2026-04-10,09:26 PM,Azad,Library,0,0,08:37 PM,10:11 PM,08:20 PM,10:55 PM,626.83,122,24.03,None,0,0
S5681,2026-05-01,10:03 PM,Azad,Library,0,0,09:33 PM,11:00 PM,09:15 PM,11:24 PM,556.79,189,23.81,None,0,0
S5682,2026-04-21,01:16 PM,Rajendra,Mess,12:52 PM,01:45 PM,0,0,0,0,625.45,72,32.3,Lunch,0,0
S5683,2026-04-12,03:47 PM,Ganga,Hostel,0,0,0,0,0,0,233.45,128,33.75,None,1,0
S5684,2026-04-18,08:30 AM,Rajendra,Mess,08:02 AM,08:31 AM,0,0,0,0,371.93,171,40.9,Breakfast,0,0
S5685,2026-04-02,12:54 AM,Sarojini,Outside,0,0,0,0,0,02:29 AM,309.18,58,3.2,None,0,0
S5686,2026-04-21,05:01 PM,Azad,Outside,0,0,0,0,03:58 PM,07:39 PM,254.99,164,11.8,None,0,0
S5687,2026-04-07,11:26 PM,Yamuna,Library,0,0,10:09 PM,11:28 PM,10:03 PM,11:59 PM,762.97,134,19.18,None,0,0
S5688,2026-04-17,04:53 AM,Ganga,Hostel,0,0,0,0,0,0,350.59,46,22.55,None,0,0
S5689,2026-04-22,01:56 PM,Sarojini,Mess,01:41 PM,02:14 PM,0,0,0,0,436.21,152,38.04,Lunch,1,0
S5690,2026-04-23,08:43 PM,Rajendra,Mess,08:24 PM,08:44 PM,0,0,0,0,379.31,160,48.84,Dinner,0,0
S5691,2026-04-25,08:55 PM,Ganga,Hostel,0,0,0,0,0,0,889.05,35,15.26,None,0,0
S5692,2026-04-17,10:58 PM,Ganga,Library,0,0,09:45 PM,11:59 PM,09:17 PM,11:59 PM,846.74,85,20.24,None,0,0
S5693,2026-04-03,10:23 AM,Azad,Mess,09:59 AM,10:26 AM,0,0,0,0,325.63,74,45.08,Breakfast,1,1
S5694,2026-04-23,08:38 AM,Ganga,Mess,08:12 AM,08:49 AM,0,0,0,0,296.43,192,47.27,Breakfast,0,0
S5695,2026-04-04,09:54 PM,Sarojini,Library,0,0,09:27 PM,10:02 PM,09:02 PM,10:35 PM,676.58,62,12.97,None,0,0
S5696,2026-04-13,09:26 AM,Sarojini,Mess,08:42 AM,09:34 AM,0,0,0,0,412.52,140,52.65,Breakfast,0,0
S5697,2026-04-13,10:12 PM,Rajendra,Outside,0,0,0,0,09:39 PM,11:44 PM,110.03,119,8.33,None,0,0
S5698,2026-04-29,07:47 AM,Ganga,Outside,0,0,0,0,06:38 AM,09:20 AM,115.37,36,2.52,None,0,0
S5699,2026-04-10,07:29 PM,Rajendra,Mess,07:29 PM,07:55 PM,0,0,0,0,498.08,92,34.31,Dinner,0,0
S5700,2026-04-08,09:43 AM,Ganga,Library,0,0,09:10 AM,09:47 AM,08:54 AM,10:37 AM,823.79,24,11.62,None,1,1
S5701,2026-04-30,12:32 PM,Rajendra,Classroom,0,0,0,0,12:00 PM,02:05 PM,341.46,30,2.16,None,1,0
S5702,2026-04-22,09:32 AM,Ganga,Mess,09:23 AM,09:46 AM,0,0,0,0,522.77,186,56.14,Breakfast,0,0
S5703,2026-04-06,06:52 PM,Sarojini,Library,0,0,05:41 PM,08:35 PM,05:29 PM,09:21 PM,517.24,193,38.94,None,0,0
S5704,2026-04-18,12:42 PM,Ganga,Mess,12:34 PM,01:28 PM,0,0,0,0,426.72,176,58.15,Lunch,0,0
S5705,2026-04-14,02:45 PM,Rajendra,Classroom,0,0,0,0,02:26 PM,03:55 PM,170.95,138,13.71,None,1,0
S5706,2026-04-23,09:08 AM,Sarojini,Outside,0,0,0,0,07:19 AM,11:54 AM,255.51,143,12.31,None,0,0
S5707,2026-04-30,01:14 PM,Yamuna,Library,0,0,12:59 PM,03:35 PM,12:37 PM,03:56 PM,953.73,176,25.95,None,0,0
S5708,2026-04-09,03:08 PM,Ganga,Mess,02:47 PM,03:32 PM,0,0,0,0,544.35,130,29.55,Lunch,1,0
S5709,2026-04-13,05:02 PM,Azad,Library,0,0,04:23 PM,05:30 PM,04:04 PM,05:58 PM,679.29,67,20.0,None,0,0
S5710,2026-04-03,11:39 PM,Yamuna,Library,0,0,09:26 PM,11:59 PM,09:16 PM,11:59 PM,749.22,117,19.45,None,0,0
S5711,2026-04-11,08:54 PM,Yamuna,Outside,0,0,0,0,08:18 PM,10:08 PM,315.5,106,12.26,None,0,0
S5712,2026-04-25,11:10 PM,Sarojini,Library,0,0,08:59 PM,11:40 PM,08:47 PM,11:59 PM,713.72,196,34.43,None,0,0
S5713,2026-04-30,09:43 AM,Rajendra,Mess,09:17 AM,09:47 AM,0,0,0,0,579.61,199,52.05,Breakfast,0,0
S5714,2026-04-13,03:42 PM,Azad,Library,0,0,03:29 PM,04:16 PM,03:11 PM,04:27 PM,968.57,109,19.39,None,0,0
S5715,2026-04-02,07:38 PM,Sarojini,Mess,07:27 PM,07:53 PM,0,0,0,0,324.02,55,29.33,Dinner,0,0
S5716,2026-04-07,08:14 AM,Azad,Mess,07:32 AM,08:29 AM,0,0,0,0,556.98,183,50.03,Breakfast,0,0
S5717,2026-04-11,09:43 PM,Azad,Library,0,0,09:31 PM,10:17 PM,09:14 PM,10:36 PM,681.84,30,16.77,None,0,0
S5718,2026-04-10,09:32 PM,Rajendra,Library,0,0,09:28 PM,09:58 PM,09:10 PM,10:09 PM,802.44,184,19.95,None,0,0
S5719,2026-04-30,06:12 PM,Yamuna,Outside,0,0,0,0,04:43 PM,07:32 PM,343.48,177,15.97,None,0,0
S5720,2026-04-02,08:03 PM,Azad,Library,0,0,07:18 PM,08:35 PM,06:52 PM,09:29 PM,951.57,173,31.6,None,0,0
S5721,2026-04-18,11:04 AM,Sarojini,Library,0,0,10:53 AM,12:06 PM,10:35 AM,12:34 PM,822.52,192,41.15,None,1,0
S5722,2026-04-08,11:36 AM,Azad,Library,0,0,11:04 AM,11:42 AM,10:52 AM,12:39 PM,885.01,31,10.89,None,0,0
S5723,2026-04-10,10:58 PM,Azad,Library,0,0,09:02 PM,11:53 PM,08:40 PM,11:59 PM,770.78,159,22.05,None,0,0
S5724,2026-04-09,08:20 AM,Rajendra,Mess,07:48 AM,08:22 AM,0,0,0,0,301.89,63,29.16,Breakfast,0,0
S5725,2026-04-15,12:37 PM,Sarojini,Mess,12:11 PM,01:09 PM,0,0,0,0,307.97,163,47.34,Lunch,1,0
S5726,2026-04-07,02:43 PM,Sarojini,Hostel,0,0,0,0,0,0,172.6,70,28.35,None,1,0
S5727,2026-04-26,12:38 PM,Azad,Library,0,0,11:00 AM,12:58 PM,10:51 AM,01:55 PM,599.95,92,17.03,None,0,0
S5728,2026-04-03,01:40 PM,Sarojini,Mess,01:36 PM,02:18 PM,0,0,0,0,454.26,163,56.62,Lunch,0,0
S5729,2026-04-23,12:08 AM,Azad,Outside,0,0,0,0,0,02:57 AM,314.48,93,10.3,None,0,0
S5730,2026-04-26,09:06 PM,Yamuna,Library,0,0,08:36 PM,09:07 PM,08:21 PM,09:56 PM,574.96,155,31.71,None,0,0
S5731,2026-04-15,12:20 AM,Sarojini,Hostel,0,0,0,0,0,0,143.39,112,28.54,None,0,0
S5732,2026-04-26,02:21 PM,Ganga,Library,0,0,12:32 PM,03:06 PM,12:02 PM,03:48 PM,899.72,195,25.4,None,1,0
S5733,2026-04-11,02:02 PM,Yamuna,Mess,01:18 PM,02:17 PM,0,0,0,0,304.99,173,56.91,Lunch,1,0
S5734,2026-04-24,10:14 PM,Azad,Library,0,0,09:16 PM,11:59 PM,09:08 PM,11:59 PM,826.19,137,30.17,None,0,0
S5735,2026-04-04,08:23 AM,Yamuna,Classroom,0,0,0,0,07:49 AM,09:47 AM,338.2,71,8.46,None,1,1
S5736,2026-04-26,07:20 PM,Yamuna,Library,0,0,06:07 PM,08:22 PM,05:39 PM,08:40 PM,929.4,61,13.53,None,0,0
S5737,2026-04-30,09:46 PM,Sarojini,Hostel,0,0,0,0,0,0,933.08,189,28.83,None,0,0
S5738,2026-04-11,09:40 PM,Sarojini,Hostel,0,0,0,0,0,0,1310.43,67,28.69,None,0,0
S5739,2026-04-06,09:00 AM,Azad,Mess,08:31 AM,09:22 AM,0,0,0,0,499.28,17,38.79,Breakfast,0,0
S5740,2026-04-05,05:54 PM,Ganga,Classroom,0,0,0,0,05:22 PM,07:46 PM,148.21,189,27.13,None,1,1
S5741,2026-04-23,08:53 AM,Rajendra,Mess,08:37 AM,09:18 AM,0,0,0,0,616.71,43,39.28,Breakfast,0,0
S5742,2026-04-18,03:53 PM,Azad,Library,0,0,03:21 PM,05:03 PM,03:15 PM,05:20 PM,687.24,199,19.14,None,1,0
S5743,2026-04-25,04:28 PM,Sarojini,Library,0,0,04:11 PM,05:13 PM,03:41 PM,05:50 PM,1015.41,147,34.08,None,0,0
S5744,2026-04-20,01:37 PM,Sarojini,Hostel,0,0,0,0,0,0,179.3,182,31.72,None,0,0
S5745,2026-04-13,11:35 AM,Azad,Library,0,0,10:47 AM,12:02 PM,10:38 AM,12:20 PM,705.01,71,15.36,None,1,0
S5746,2026-04-12,07:36 PM,Rajendra,Mess,07:12 PM,07:52 PM,0,0,0,0,222.65,114,44.66,Dinner,0,0
S5747,2026-04-23,08:40 PM,Rajendra,Library,0,0,08:09 PM,10:35 PM,08:02 PM,11:29 PM,860.06,185,32.52,None,0,0
S5748,2026-04-11,08:17 PM,Azad,Library,0,0,08:01 PM,08:55 PM,07:32 PM,09:33 PM,817.99,139,25.09,None,0,0
S5749,2026-04-14,02:48 PM,Rajendra,Classroom,0,0,0,0,02:29 PM,04:19 PM,236.26,113,12.89,None,1,0
S5750,2026-04-20,12:51 PM,Ganga,Mess,12:27 PM,01:16 PM,0,0,0,0,417.73,37,44.04,Lunch,0,0
S5751,2026-04-20,10:02 PM,Ganga,Library,0,0,07:53 PM,10:26 PM,07:28 PM,10:43 PM,552.77,12,11.04,None,0,0
S5752,2026-04-02,01:23 PM,Ganga,Library,0,0,01:06 PM,03:55 PM,12:39 PM,04:31 PM,973.02,182,32.74,None,1,0
S5753,2026-04-10,04:41 AM,Sarojini,Outside,0,0,0,0,03:11 AM,06:28 AM,388.3,199,11.28,None,0,0
S5754,2026-04-03,05:01 PM,Ganga,Outside,0,0,0,0,03:52 PM,06:30 PM,393.39,187,10.01,None,0,0
S5755,2026-04-24,07:37 AM,Yamuna,Hostel,0,0,0,0,0,0,105.61,36,17.86,None,0,0
S5756,2026-04-07,11:34 PM,Yamuna,Hostel,0,0,0,0,0,0,1164.93,156,33.14,None,0,0
S5757,2026-04-26,09:04 PM,Yamuna,Hostel,0,0,0,0,0,0,1156.67,22,20.69,None,0,0
S5758,2026-04-09,08:58 PM,Rajendra,Mess,08:56 PM,09:29 PM,0,0,0,0,279.68,76,29.95,Dinner,0,0
S5759,2026-04-19,09:25 PM,Rajendra,Mess,09:02 PM,09:33 PM,0,0,0,0,448.6,115,34.84,Dinner,0,0
S5760,2026-04-08,09:23 AM,Rajendra,Classroom,0,0,0,0,09:00 AM,10:26 AM,352.0,42,5.83,None,1,1
S5761,2026-04-13,07:55 AM,Sarojini,Outside,0,0,0,0,06:10 AM,10:17 AM,389.98,39,4.1,None,0,0
S5762,2026-04-24,02:51 PM,Yamuna,Library,0,0,01:43 PM,04:22 PM,01:26 PM,04:49 PM,678.02,150,22.92,None,0,0
S5763,2026-04-10,12:59 PM,Ganga,Library,0,0,12:03 PM,01:43 PM,11:49 AM,02:39 PM,631.39,118,24.8,None,0,0
S5764,2026-04-21,10:32 AM,Rajendra,Hostel,0,0,0,0,0,0,110.91,110,28.2,None,0,0
S5765,2026-04-11,09:52 AM,Azad,Mess,09:15 AM,09:54 AM,0,0,0,0,412.18,110,50.37,Breakfast,1,1
S5766,2026-04-12,09:16 AM,Azad,Mess,09:15 AM,09:59 AM,0,0,0,0,355.79,180,51.28,Breakfast,0,0
S5767,2026-05-01,07:57 AM,Azad,Mess,07:35 AM,08:17 AM,0,0,0,0,513.61,45,39.92,Breakfast,0,0
S5768,2026-04-21,08:50 PM,Yamuna,Hostel,0,0,0,0,0,0,1112.56,58,22.74,None,0,0
S5769,2026-04-08,01:27 PM,Yamuna,Outside,0,0,0,0,12:06 PM,04:15 PM,395.11,185,22.16,None,1,0
S5770,2026-04-30,06:20 AM,Rajendra,Hostel,0,0,0,0,0,0,187.25,23,21.43,None,0,0
S5771,2026-05-01,12:30 AM,Sarojini,Outside,0,0,0,0,0,01:31 AM,105.83,83,8.96,None,0,0
S5772,2026-04-06,11:42 PM,Sarojini,Hostel,0,0,0,0,0,0,1005.43,152,26.89,None,0,0
S5773,2026-04-07,12:14 PM,Azad,Library,0,0,10:03 AM,12:59 PM,09:50 AM,01:32 PM,746.98,176,28.31,None,0,0
S5774,2026-04-06,11:24 AM,Azad,Library,0,0,10:34 AM,11:52 AM,10:07 AM,12:25 PM,768.82,149,28.98,None,0,0
S5775,2026-04-02,10:32 PM,Yamuna,Outside,0,0,0,0,08:55 PM,11:59 PM,209.52,21,1.87,None,0,0
S5776,2026-04-20,05:28 PM,Sarojini,Outside,0,0,0,0,04:11 PM,08:05 PM,309.95,181,20.36,None,0,0
S5777,2026-04-04,04:40 PM,Azad,Outside,0,0,0,0,03:40 PM,05:40 PM,150.29,43,4.09,None,0,0
S5778,2026-04-13,11:23 AM,Azad,Library,0,0,10:12 AM,11:25 AM,09:58 AM,12:19 PM,713.14,10,15.03,None,0,0
S5779,2026-04-05,10:11 AM,Yamuna,Library,0,0,09:04 AM,11:17 AM,08:38 AM,11:47 AM,874.45,89,14.0,None,0,0
S5780,2026-04-18,01:16 AM,Azad,Hostel,0,0,0,0,0,0,227.54,52,18.65,None,0,0
S5781,2026-04-06,12:23 PM,Azad,Mess,12:14 PM,12:37 PM,0,0,0,0,377.42,99,41.87,Lunch,0,0
S5782,2026-04-29,05:33 PM,Sarojini,Library,0,0,05:23 PM,06:33 PM,04:54 PM,07:05 PM,969.9,152,22.91,None,0,0
S5783,2026-04-03,01:25 PM,Yamuna,Classroom,0,0,0,0,12:47 PM,02:15 PM,257.06,134,16.19,None,1,0
S5784,2026-04-19,06:31 AM,Rajendra,Outside,0,0,0,0,05:56 AM,08:37 AM,134.79,167,9.84,None,0,0
S5785,2026-04-07,02:51 PM,Ganga,Mess,02:26 PM,02:55 PM,0,0,0,0,390.12,30,31.71,Lunch,1,0
S5786,2026-04-01,07:39 PM,Yamuna,Library,0,0,06:45 PM,07:40 PM,06:26 PM,08:21 PM,911.14,17,9.69,None,0,0
S5787,2026-04-28,09:34 PM,Azad,Mess,08:48 PM,09:44 PM,0,0,0,0,618.68,91,40.85,Dinner,0,0
S5788,2026-04-20,12:48 PM,Rajendra,Mess,12:19 PM,01:14 PM,0,0,0,0,478.74,23,38.56,Lunch,0,0
S5789,2026-04-12,12:30 PM,Sarojini,Library,0,0,11:14 AM,01:54 PM,10:52 AM,02:44 PM,772.54,179,33.57,None,1,0
S5790,2026-04-23,06:37 PM,Azad,Library,0,0,06:29 PM,07:02 PM,06:22 PM,07:33 PM,782.56,40,10.52,None,0,0
S5791,2026-04-27,07:31 PM,Rajendra,Library,0,0,07:09 PM,08:14 PM,07:02 PM,08:42 PM,824.87,83,17.68,None,0,0
S5792,2026-04-23,02:26 PM,Ganga,Mess,01:48 PM,02:36 PM,0,0,0,0,433.03,167,45.42,Lunch,1,0
S5793,2026-04-20,12:08 AM,Azad,Outside,0,0,0,0,0,01:41 AM,354.38,68,8.5,None,0,0
S5794,2026-04-14,02:31 AM,Sarojini,Hostel,0,0,0,0,0,0,321.92,174,35.86,None,0,0
S5795,2026-04-11,06:23 PM,Rajendra,Classroom,0,0,0,0,06:11 PM,07:28 PM,344.06,136,15.94,None,1,1
S5796,2026-04-07,03:26 AM,Ganga,Hostel,0,0,0,0,0,0,151.34,198,37.47,None,0,0
S5797,2026-04-18,12:19 PM,Rajendra,Mess,12:15 PM,01:07 PM,0,0,0,0,590.37,73,29.31,Lunch,0,0
S5798,2026-04-20,11:36 PM,Sarojini,Outside,0,0,0,0,10:43 PM,11:59 PM,340.49,107,9.24,None,0,0
S5799,2026-04-20,01:01 PM,Azad,Mess,12:37 PM,01:16 PM,0,0,0,0,439.13,69,39.66,Lunch,1,0
S5800,2026-05-01,01:28 AM,Azad,Outside,0,0,0,0,0,02:34 AM,165.0,15,1.0,None,0,0
S5801,2026-05-01,10:10 AM,Sarojini,Library,0,0,09:58 AM,11:33 AM,09:41 AM,11:59 AM,693.81,102,17.68,None,0,0
S5802,2026-04-12,03:48 AM,Ganga,Hostel,0,0,0,0,0,0,160.08,177,32.11,None,0,0
S5803,2026-05-01,02:38 PM,Rajendra,Outside,0,0,0,0,01:52 PM,04:08 PM,277.84,158,9.45,None,1,0
S5804,2026-04-30,05:53 AM,Sarojini,Outside,0,0,0,0,04:56 AM,07:00 AM,132.24,111,12.66,None,0,0
S5805,2026-04-18,04:03 PM,Yamuna,Library,0,0,02:28 PM,05:12 PM,02:03 PM,05:47 PM,839.33,58,22.03,None,0,0
S5806,2026-04-13,11:04 AM,Yamuna,Outside,0,0,0,0,10:02 AM,12:43 PM,156.88,89,7.07,None,1,0
S5807,2026-04-11,09:44 AM,Yamuna,Mess,09:43 AM,10:32 AM,0,0,0,0,525.2,34,36.24,Breakfast,1,1
S5808,2026-04-05,09:33 PM,Sarojini,Library,0,0,08:52 PM,10:29 PM,08:22 PM,11:19 PM,683.71,187,32.73,None,0,0
S5809,2026-04-04,08:21 AM,Sarojini,Mess,07:59 AM,08:48 AM,0,0,0,0,430.1,94,45.94,Breakfast,0,0
S5810,2026-04-08,12:00 AM,Rajendra,Outside,0,0,0,0,0,02:14 AM,217.62,48,6.81,None,0,0
S5811,2026-04-18,10:12 AM,Sarojini,Mess,09:44 AM,10:37 AM,0,0,0,0,296.94,31,34.74,Breakfast,0,0
S5812,2026-04-22,06:46 PM,Yamuna,Hostel,0,0,0,0,0,0,107.14,184,36.29,None,0,0
S5813,2026-04-25,12:28 PM,Azad,Library,0,0,12:28 PM,01:24 PM,12:18 PM,01:55 PM,718.24,134,27.12,None,0,0
S5814,2026-04-27,04:40 AM,Ganga,Outside,0,0,0,0,03:30 AM,05:42 AM,184.19,58,3.85,None,0,0
S5815,2026-04-07,05:47 AM,Ganga,Outside,0,0,0,0,04:31 AM,07:39 AM,367.05,52,2.93,None,0,0
S5816,2026-04-14,09:00 PM,Yamuna,Library,0,0,07:46 PM,10:00 PM,07:37 PM,10:50 PM,792.26,124,24.76,None,0,0
S5817,2026-04-05,04:05 PM,Yamuna,Outside,0,0,0,0,02:30 PM,06:58 PM,287.87,62,7.29,None,1,1
S5818,2026-04-19,12:19 AM,Yamuna,Hostel,0,0,0,0,0,0,237.57,92,24.3,None,0,0
S5819,2026-04-12,11:13 AM,Sarojini,Library,0,0,09:16 AM,12:12 PM,08:56 AM,01:03 PM,788.71,61,21.02,None,0,0
S5820,2026-04-14,09:09 PM,Sarojini,Library,0,0,08:13 PM,10:34 PM,07:47 PM,11:33 PM,828.1,93,15.85,None,0,0
S5821,2026-04-12,01:29 PM,Azad,Outside,0,0,0,0,11:59 AM,04:04 PM,315.21,40,3.9,None,0,0
S5822,2026-04-01,01:20 PM,Ganga,Library,0,0,11:00 AM,01:24 PM,10:45 AM,01:35 PM,755.34,129,17.85,None,1,0
S5823,2026-04-10,10:52 AM,Ganga,Classroom,0,0,0,0,10:40 AM,11:27 AM,366.44,12,1.58,None,1,1
S5824,2026-04-15,10:32 AM,Sarojini,Mess,09:52 AM,10:47 AM,0,0,0,0,509.22,81,44.72,Breakfast,1,1
S5825,2026-04-21,10:17 AM,Azad,Library,0,0,09:49 AM,10:26 AM,09:28 AM,11:11 AM,810.96,44,12.21,None,0,0
S5826,2026-04-16,02:20 PM,Rajendra,Library,0,0,01:32 PM,03:13 PM,01:20 PM,03:47 PM,627.01,35,12.19,None,1,0
S5827,2026-04-10,02:35 PM,Rajendra,Library,0,0,01:48 PM,03:02 PM,01:22 PM,04:01 PM,786.98,11,6.0,None,0,0
S5828,2026-04-22,03:17 PM,Yamuna,Classroom,0,0,0,0,02:54 PM,04:01 PM,345.46,27,1.52,None,1,0
S5829,2026-04-04,08:37 AM,Sarojini,Mess,08:36 AM,09:09 AM,0,0,0,0,510.45,183,58.42,Breakfast,0,0
S5830,2026-04-22,08:46 PM,Sarojini,Outside,0,0,0,0,06:50 PM,11:34 PM,267.28,193,26.93,None,0,0
S5831,2026-04-10,08:30 AM,Ganga,Mess,08:13 AM,08:42 AM,0,0,0,0,212.98,69,42.71,Breakfast,0,0
S5832,2026-04-12,08:20 PM,Azad,Mess,07:37 PM,08:22 PM,0,0,0,0,371.93,97,34.95,Dinner,0,0
S5833,2026-04-16,07:52 PM,Ganga,Library,0,0,07:50 PM,09:22 PM,07:29 PM,09:46 PM,738.56,82,24.66,None,0,0
S5834,2026-04-17,12:38 PM,Sarojini,Library,0,0,11:29 AM,02:01 PM,11:09 AM,02:22 PM,813.83,25,17.14,None,1,0
S5835,2026-04-19,01:16 AM,Ganga,Hostel,0,0,0,0,0,0,238.22,176,26.82,None,0,0
S5836,2026-04-18,02:58 PM,Yamuna,Library,0,0,02:09 PM,03:00 PM,01:40 PM,03:33 PM,750.34,174,23.68,None,1,0
S5837,2026-04-29,05:06 PM,Yamuna,Library,0,0,04:44 PM,06:29 PM,04:26 PM,07:26 PM,577.77,89,18.38,None,0,0
S5838,2026-04-17,06:10 PM,Rajendra,Hostel,0,0,0,0,0,0,249.11,70,19.85,None,0,0
S5839,2026-04-05,06:46 PM,Azad,Library,0,0,05:47 PM,06:51 PM,05:41 PM,07:23 PM,615.98,195,37.38,None,0,0
S5840,2026-04-20,10:11 PM,Ganga,Mess,09:50 PM,10:13 PM,0,0,0,0,534.11,88,38.67,Dinner,0,0
S5841,2026-04-15,06:08 PM,Azad,Library,0,0,05:10 PM,06:46 PM,05:04 PM,07:39 PM,529.48,64,8.93,None,0,0
S5842,2026-04-16,11:40 PM,Yamuna,Library,0,0,10:05 PM,11:59 PM,09:44 PM,11:59 PM,731.94,77,14.11,None,0,0
S5843,2026-04-20,10:36 PM,Sarojini,Hostel,0,0,0,0,0,0,1028.16,90,33.64,None,0,0
S5844,2026-04-05,07:50 AM,Azad,Mess,07:27 AM,07:54 AM,0,0,0,0,411.33,80,29.53,Breakfast,0,0
S5845,2026-04-30,02:22 PM,Ganga,Mess,02:00 PM,02:33 PM,0,0,0,0,336.01,23,40.76,Lunch,0,0
S5846,2026-04-15,07:26 AM,Ganga,Hostel,0,0,0,0,0,0,248.97,115,26.59,None,0,0
S5847,2026-04-05,12:35 PM,Yamuna,Library,0,0,11:40 AM,01:16 PM,11:34 AM,02:06 PM,820.06,156,21.1,None,0,0
S5848,2026-04-03,08:45 PM,Azad,Mess,08:41 PM,09:04 PM,0,0,0,0,622.55,38,30.76,Dinner,0,0
S5849,2026-04-07,12:18 PM,Rajendra,Library,0,0,11:37 AM,01:34 PM,11:07 AM,02:21 PM,611.63,116,28.64,None,0,0
S5850,2026-04-18,06:15 PM,Yamuna,Library,0,0,05:24 PM,06:51 PM,05:01 PM,07:08 PM,869.23,135,18.58,None,0,0
S5851,2026-04-17,07:53 PM,Rajendra,Mess,07:42 PM,08:23 PM,0,0,0,0,483.39,118,32.94,Dinner,0,0
S5852,2026-05-01,08:06 PM,Ganga,Library,0,0,07:19 PM,08:23 PM,07:08 PM,08:40 PM,696.53,25,17.61,None,0,0
S5853,2026-04-07,02:30 PM,Ganga,Library,0,0,12:38 PM,03:06 PM,12:13 PM,03:37 PM,715.5,175,32.43,None,0,0
S5854,2026-04-05,02:14 PM,Sarojini,Mess,01:25 PM,02:18 PM,0,0,0,0,556.07,20,26.09,Lunch,0,0
S5855,2026-04-19,10:05 PM,Yamuna,Hostel,0,0,0,0,0,0,1214.53,118,28.21,None,0,0
S5856,2026-04-05,06:42 PM,Rajendra,Library,0,0,06:20 PM,08:33 PM,06:02 PM,08:45 PM,643.19,38,11.5,None,0,0
S5857,2026-04-09,01:46 PM,Ganga,Outside,0,0,0,0,12:32 PM,03:43 PM,115.15,195,24.36,None,0,0
S5858,2026-04-09,02:27 PM,Ganga,Library,0,0,02:15 PM,03:18 PM,01:59 PM,04:18 PM,759.41,114,17.16,None,0,0
S5859,2026-04-13,02:07 PM,Sarojini,Mess,02:01 PM,02:52 PM,0,0,0,0,376.99,32,25.55,Lunch,0,0
S5860,2026-04-07,02:15 PM,Yamuna,Classroom,0,0,0,0,01:57 PM,03:27 PM,326.49,81,7.39,None,1,0
S5861,2026-05-01,08:16 PM,Azad,Mess,08:02 PM,08:36 PM,0,0,0,0,409.57,186,51.73,Dinner,0,0
S5862,2026-04-10,03:01 PM,Ganga,Mess,02:53 PM,03:53 PM,0,0,0,0,518.16,154,36.22,Lunch,0,0
S5863,2026-04-16,09:19 AM,Rajendra,Mess,08:58 AM,09:51 AM,0,0,0,0,472.15,87,44.39,Breakfast,1,1
S5864,2026-04-28,09:43 PM,Sarojini,Library,0,0,08:50 PM,11:34 PM,08:30 PM,11:52 PM,732.39,160,16.89,None,0,0
S5865,2026-04-23,09:17 AM,Sarojini,Mess,08:52 AM,09:52 AM,0,0,0,0,446.91,14,41.27,Breakfast,1,1
S5866,2026-04-11,02:57 PM,Yamuna,Mess,02:48 PM,03:19 PM,0,0,0,0,532.07,91,31.9,Lunch,1,0
S5867,2026-04-07,05:33 PM,Yamuna,Outside,0,0,0,0,04:50 PM,08:18 PM,232.11,170,20.47,None,0,0
S5868,2026-04-25,08:28 PM,Rajendra,Mess,08:14 PM,08:36 PM,0,0,0,0,556.58,133,42.43,Dinner,0,0
S5869,2026-04-08,09:33 PM,Rajendra,Library,0,0,08:50 PM,10:55 PM,08:41 PM,11:14 PM,462.03,118,21.07,None,0,0
S5870,2026-04-05,09:08 PM,Yamuna,Mess,08:59 PM,09:34 PM,0,0,0,0,502.71,15,35.45,Dinner,0,0
S5871,2026-04-28,10:11 PM,Sarojini,Mess,09:59 PM,10:27 PM,0,0,0,0,583.35,93,33.39,Dinner,0,0
S5872,2026-04-11,10:24 PM,Ganga,Mess,09:52 PM,10:36 PM,0,0,0,0,457.56,143,52.75,Dinner,0,0
S5873,2026-04-23,05:31 PM,Sarojini,Outside,0,0,0,0,03:43 PM,08:29 PM,264.96,146,9.34,None,0,0
S5874,2026-04-03,06:49 PM,Rajendra,Library,0,0,03:54 PM,06:52 PM,03:30 PM,07:03 PM,785.37,139,20.7,None,0,0
S5875,2026-04-25,08:17 PM,Rajendra,Library,0,0,08:00 PM,09:12 PM,07:34 PM,10:03 PM,962.42,193,37.57,None,0,0
S5876,2026-04-10,06:50 PM,Yamuna,Outside,0,0,0,0,05:22 PM,08:29 PM,252.08,36,2.77,None,0,0
S5877,2026-04-30,11:11 AM,Rajendra,Hostel,0,0,0,0,0,0,360.31,134,34.94,None,0,0
S5878,2026-04-03,03:30 PM,Azad,Library,0,0,01:56 PM,04:13 PM,01:32 PM,04:23 PM,879.8,125,15.03,None,1,0
S5879,2026-04-08,06:56 PM,Ganga,Library,0,0,06:01 PM,08:22 PM,05:52 PM,08:42 PM,545.15,187,34.11,None,0,0
S5880,2026-04-13,08:47 PM,Rajendra,Mess,08:43 PM,09:32 PM,0,0,0,0,610.37,130,39.03,Dinner,0,0
S5881,2026-04-28,08:11 PM,Rajendra,Library,0,0,07:00 PM,08:35 PM,06:35 PM,09:18 PM,816.81,115,19.2,None,0,0
S5882,2026-04-04,09:58 PM,Ganga,Mess,09:56 PM,10:17 PM,0,0,0,0,537.42,13,35.99,Dinner,0,0
S5883,2026-04-10,02:36 AM,Ganga,Hostel,0,0,0,0,0,0,365.54,84,31.94,None,0,0
S5884,2026-04-20,04:12 AM,Rajendra,Hostel,0,0,0,0,0,0,248.58,71,21.02,None,0,0
S5885,2026-04-04,01:18 AM,Ganga,Hostel,0,0,0,0,0,0,382.32,23,18.06,None,0,0
S5886,2026-04-26,10:38 PM,Yamuna,Hostel,0,0,0,0,0,0,1327.27,73,19.72,None,0,0
S5887,2026-04-18,04:13 AM,Ganga,Outside,0,0,0,0,03:21 AM,05:48 AM,370.75,104,13.08,None,0,0
S5888,2026-04-04,02:42 PM,Yamuna,Mess,02:27 PM,03:27 PM,0,0,0,0,336.86,174,48.17,Lunch,1,0
S5889,2026-04-04,07:51 AM,Ganga,Mess,07:47 AM,08:31 AM,0,0,0,0,404.24,182,45.91,Breakfast,0,0
S5890,2026-04-19,07:39 AM,Azad,Mess,07:25 AM,08:25 AM,0,0,0,0,593.06,185,51.93,Breakfast,0,0
S5891,2026-04-06,09:34 PM,Yamuna,Library,0,0,08:47 PM,10:20 PM,08:19 PM,11:02 PM,1045.37,176,24.32,None,0,0
S5892,2026-04-08,09:23 PM,Rajendra,Mess,09:01 PM,09:47 PM,0,0,0,0,412.64,198,45.9,Dinner,0,0
S5893,2026-04-08,06:08 AM,Sarojini,Outside,0,0,0,0,04:39 AM,07:54 AM,143.73,98,9.08,None,0,0
S5894,2026-04-23,02:56 PM,Azad,Mess,02:45 PM,03:44 PM,0,0,0,0,531.26,60,32.19,Lunch,1,0
S5895,2026-04-16,10:05 PM,Ganga,Library,0,0,09:54 PM,10:25 PM,09:33 PM,10:49 PM,654.31,87,19.76,None,0,0
S5896,2026-04-10,05:01 PM,Sarojini,Library,0,0,04:24 PM,05:08 PM,04:06 PM,05:19 PM,714.91,175,23.53,None,0,0
S5897,2026-04-18,03:14 PM,Rajendra,Mess,02:30 PM,03:24 PM,0,0,0,0,593.58,12,26.07,Lunch,0,0
S5898,2026-04-20,07:45 PM,Rajendra,Library,0,0,07:30 PM,08:37 PM,07:09 PM,08:47 PM,755.99,51,12.82,None,0,0
S5899,2026-04-16,10:20 PM,Ganga,Mess,09:38 PM,10:25 PM,0,0,0,0,395.79,172,55.3,Dinner,0,0
S5900,2026-04-05,10:24 AM,Yamuna,Hostel,0,0,0,0,0,0,176.52,33,18.11,None,0,0
S5901,2026-04-19,08:21 PM,Yamuna,Mess,07:59 PM,08:45 PM,0,0,0,0,246.47,41,41.8,Dinner,0,0
S5902,2026-04-10,08:17 AM,Rajendra,Mess,07:34 AM,08:20 AM,0,0,0,0,650.67,53,35.61,Breakfast,0,0
S5903,2026-04-10,01:27 PM,Rajendra,Mess,01:13 PM,01:57 PM,0,0,0,0,436.21,90,41.73,Lunch,0,0
S5904,2026-04-29,08:07 AM,Yamuna,Mess,07:31 AM,08:17 AM,0,0,0,0,570.48,15,24.09,Breakfast,0,0
S5905,2026-04-25,07:39 AM,Ganga,Outside,0,0,0,0,06:02 AM,09:29 AM,299.69,153,10.41,None,0,0
S5906,2026-04-16,11:57 PM,Azad,Outside,0,0,0,0,11:01 PM,11:59 PM,112.18,80,6.7,None,0,0
S5907,2026-05-01,04:56 PM,Ganga,Library,0,0,02:52 PM,05:45 PM,02:36 PM,06:07 PM,733.2,200,25.49,None,1,1
S5908,2026-04-27,08:05 PM,Sarojini,Library,0,0,05:49 PM,08:23 PM,05:24 PM,08:39 PM,773.91,20,11.7,None,0,0
S5909,2026-04-26,09:41 AM,Sarojini,Library,0,0,09:23 AM,11:46 AM,08:55 AM,11:59 AM,801.42,77,14.14,None,0,0
S5910,2026-04-09,03:43 AM,Ganga,Outside,0,0,0,0,02:27 AM,05:44 AM,155.55,106,8.7,None,0,0
S5911,2026-04-29,06:51 AM,Yamuna,Hostel,0,0,0,0,0,0,190.1,43,19.51,None,0,0
S5912,2026-04-27,09:19 AM,Rajendra,Outside,0,0,0,0,07:54 AM,11:33 AM,300.92,64,4.37,None,0,0
S5913,2026-04-28,06:55 PM,Sarojini,Library,0,0,06:05 PM,07:34 PM,05:40 PM,08:16 PM,866.72,198,29.03,None,0,0
S5914,2026-04-12,01:31 PM,Ganga,Mess,01:25 PM,01:48 PM,0,0,0,0,332.99,167,57.58,Lunch,1,0
S5915,2026-04-17,11:29 AM,Sarojini,Library,0,0,11:29 AM,02:27 PM,11:07 AM,03:16 PM,828.05,197,23.01,None,0,0
S5916,2026-04-17,08:57 PM,Ganga,Outside,0,0,0,0,07:42 PM,11:57 PM,230.21,90,4.85,None,0,0
S5917,2026-04-11,12:02 AM,Rajendra,Hostel,0,0,0,0,0,0,338.25,42,15.77,None,0,0
S5918,2026-04-21,12:45 PM,Ganga,Mess,12:24 PM,12:46 PM,0,0,0,0,537.59,151,56.91,Lunch,0,0
S5919,2026-04-18,12:39 PM,Ganga,Outside,0,0,0,0,11:55 AM,03:26 PM,284.11,117,7.97,None,1,0
S5920,2026-04-08,01:29 PM,Ganga,Mess,12:52 PM,01:35 PM,0,0,0,0,538.5,93,37.59,Lunch,0,0
S5921,2026-04-19,06:48 PM,Rajendra,Classroom,0,0,0,0,06:36 PM,08:35 PM,176.23,62,5.78,None,1,1
S5922,2026-04-22,02:23 PM,Rajendra,Hostel,0,0,0,0,0,0,285.39,162,34.48,None,0,0
S5923,2026-04-10,04:09 PM,Rajendra,Library,0,0,03:56 PM,05:02 PM,03:47 PM,05:52 PM,633.37,158,29.59,None,0,0
S5924,2026-04-07,07:04 PM,Azad,Library,0,0,06:39 PM,07:15 PM,06:34 PM,07:39 PM,681.59,51,11.43,None,0,0
S5925,2026-04-07,11:33 AM,Rajendra,Outside,0,0,0,0,10:24 AM,01:36 PM,206.45,158,18.59,None,1,0
S5926,2026-04-24,04:02 PM,Yamuna,Library,0,0,02:00 PM,04:47 PM,01:54 PM,05:31 PM,500.34,142,30.95,None,1,1
S5927,2026-04-16,10:02 PM,Azad,Library,0,0,09:51 PM,10:43 PM,09:35 PM,11:38 PM,744.18,16,7.54,None,0,0
S5928,2026-04-26,11:16 PM,Yamuna,Library,0,0,09:29 PM,11:23 PM,09:13 PM,11:35 PM,811.42,151,27.64,None,0,0
S5929,2026-04-06,10:53 AM,Sarojini,Library,0,0,09:52 AM,11:02 AM,09:28 AM,11:13 AM,974.84,87,14.0,None,1,1
S5930,2026-04-04,08:33 PM,Azad,Library,0,0,07:54 PM,09:07 PM,07:40 PM,09:34 PM,577.1,36,12.65,None,0,0
S5931,2026-04-04,10:28 PM,Azad,Outside,0,0,0,0,08:43 PM,11:59 PM,319.54,75,4.47,None,0,0
S5932,2026-04-09,06:08 PM,Rajendra,Hostel,0,0,0,0,0,0,271.58,70,31.25,None,0,0
S5933,2026-04-20,08:09 PM,Rajendra,Outside,0,0,0,0,07:01 PM,10:05 PM,378.18,73,7.67,None,0,0
S5934,2026-04-14,01:11 PM,Azad,Library,0,0,11:26 AM,02:00 PM,11:17 AM,02:39 PM,862.0,14,10.53,None,0,0
S5935,2026-05-01,01:50 PM,Sarojini,Mess,01:30 PM,01:53 PM,0,0,0,0,618.44,47,43.23,Lunch,0,0
S5936,2026-04-08,11:30 PM,Sarojini,Library,0,0,09:53 PM,11:46 PM,09:28 PM,11:59 PM,564.95,124,18.75,None,0,0
S5937,2026-04-12,04:28 PM,Yamuna,Library,0,0,03:38 PM,05:55 PM,03:17 PM,06:54 PM,548.7,26,9.08,None,1,1
S5938,2026-04-21,10:57 AM,Azad,Library,0,0,09:38 AM,11:14 AM,09:26 AM,12:09 PM,620.15,118,21.09,None,1,1
S5939,2026-04-21,07:14 AM,Ganga,Mess,07:02 AM,07:26 AM,0,0,0,0,623.25,60,42.88,Breakfast,0,0
S5940,2026-04-09,11:10 AM,Ganga,Library,0,0,10:19 AM,11:29 AM,09:50 AM,12:06 PM,485.36,158,16.45,None,1,0
S5941,2026-04-01,10:45 PM,Azad,Library,0,0,10:18 PM,11:19 PM,09:49 PM,11:59 PM,726.88,54,17.48,None,0,0
S5942,2026-04-30,07:40 AM,Yamuna,Mess,07:22 AM,07:44 AM,0,0,0,0,340.59,197,45.29,Breakfast,0,0
S5943,2026-04-05,02:44 PM,Azad,Hostel,0,0,0,0,0,0,399.73,139,21.49,None,0,0
S5944,2026-04-16,02:38 PM,Azad,Mess,01:49 PM,02:48 PM,0,0,0,0,297.47,166,52.59,Lunch,0,0
S5945,2026-04-09,02:02 PM,Yamuna,Library,0,0,01:22 PM,02:13 PM,12:52 PM,02:59 PM,716.51,112,26.09,None,1,0
S5946,2026-04-21,01:28 PM,Ganga,Mess,01:00 PM,01:29 PM,0,0,0,0,414.75,148,46.71,Lunch,1,0
S5947,2026-04-19,07:25 AM,Yamuna,Mess,07:00 AM,07:30 AM,0,0,0,0,483.77,119,37.17,Breakfast,0,0
S5948,2026-04-07,02:50 PM,Yamuna,Mess,02:09 PM,03:05 PM,0,0,0,0,360.47,119,39.54,Lunch,0,0
S5949,2026-04-04,09:26 PM,Rajendra,Outside,0,0,0,0,08:49 PM,10:38 PM,168.23,193,12.7,None,0,0
S5950,2026-04-15,06:37 PM,Rajendra,Library,0,0,05:48 PM,07:03 PM,05:34 PM,07:42 PM,602.45,139,28.99,None,0,0
S5951,2026-04-24,04:00 AM,Sarojini,Outside,0,0,0,0,02:24 AM,06:28 AM,144.51,112,14.55,None,0,0
S5952,2026-05-01,11:07 PM,Sarojini,Outside,0,0,0,0,10:27 PM,11:59 PM,248.85,130,15.77,None,0,0
S5953,2026-04-29,07:05 PM,Ganga,Hostel,0,0,0,0,0,0,179.95,58,22.16,None,0,0
S5954,2026-04-06,05:52 PM,Azad,Classroom,0,0,0,0,05:24 PM,07:22 PM,155.75,138,15.87,None,1,1
S5955,2026-04-30,02:54 PM,Yamuna,Mess,02:32 PM,02:56 PM,0,0,0,0,438.66,65,34.62,Lunch,1,0
S5956,2026-04-07,10:20 AM,Azad,Library,0,0,09:17 AM,11:01 AM,09:01 AM,11:17 AM,690.73,11,16.56,None,0,0
S5957,2026-04-20,01:37 PM,Sarojini,Mess,01:28 PM,02:10 PM,0,0,0,0,441.69,49,38.75,Lunch,0,0
S5958,2026-04-24,10:33 PM,Yamuna,Hostel,0,0,0,0,0,0,1405.57,188,33.15,None,0,0
S5959,2026-04-07,07:56 AM,Azad,Mess,07:30 AM,08:02 AM,0,0,0,0,511.9,157,56.01,Breakfast,0,0
S5960,2026-04-07,04:44 PM,Yamuna,Library,0,0,03:49 PM,05:07 PM,03:32 PM,06:06 PM,610.25,36,18.54,None,1,1
S5961,2026-04-30,11:25 PM,Rajendra,Library,0,0,10:21 PM,11:59 PM,10:13 PM,11:59 PM,806.9,95,23.91,None,0,0
S5962,2026-04-01,07:28 PM,Ganga,Library,0,0,06:33 PM,09:02 PM,06:06 PM,09:51 PM,810.4,141,31.45,None,0,0
S5963,2026-04-06,01:46 PM,Azad,Mess,12:56 PM,01:54 PM,0,0,0,0,480.02,69,36.12,Lunch,1,0
S5964,2026-04-03,08:13 AM,Ganga,Mess,08:03 AM,08:58 AM,0,0,0,0,317.57,132,49.53,Breakfast,0,0
S5965,2026-04-25,05:45 PM,Sarojini,Library,0,0,04:53 PM,06:58 PM,04:43 PM,07:21 PM,690.77,71,9.59,None,0,0
S5966,2026-04-14,05:25 PM,Rajendra,Library,0,0,03:32 PM,06:11 PM,03:11 PM,06:28 PM,893.25,184,30.61,None,0,0
S5967,2026-04-14,09:39 AM,Yamuna,Mess,08:58 AM,09:39 AM,0,0,0,0,489.08,187,52.83,Breakfast,1,1
S5968,2026-04-15,05:52 PM,Yamuna,Library,0,0,05:52 PM,06:38 PM,05:38 PM,06:59 PM,517.95,59,18.74,None,0,0
S5969,2026-05-01,09:57 PM,Azad,Library,0,0,09:22 PM,10:10 PM,09:07 PM,11:09 PM,815.96,23,7.78,None,0,0
S5970,2026-04-06,09:20 PM,Sarojini,Hostel,0,0,0,0,0,0,1018.27,195,37.91,None,0,0
S5971,2026-04-06,09:46 PM,Sarojini,Mess,09:22 PM,10:13 PM,0,0,0,0,276.69,187,57.29,Dinner,0,0
S5972,2026-04-19,08:00 PM,Azad,Mess,07:18 PM,08:00 PM,0,0,0,0,386.3,187,36.31,Dinner,0,0
S5973,2026-04-06,12:41 PM,Rajendra,Classroom,0,0,0,0,12:22 PM,02:13 PM,254.4,81,8.7,None,1,0
S5974,2026-04-12,02:01 PM,Sarojini,Mess,01:56 PM,02:19 PM,0,0,0,0,502.12,40,39.65,Lunch,1,0
S5975,2026-04-20,02:24 PM,Rajendra,Mess,02:04 PM,02:26 PM,0,0,0,0,499.12,118,43.56,Lunch,1,0
S5976,2026-04-11,02:09 PM,Ganga,Outside,0,0,0,0,01:14 PM,03:34 PM,343.99,191,25.67,None,0,0
S5977,2026-04-30,10:42 AM,Ganga,Library,0,0,10:03 AM,11:09 AM,09:57 AM,11:21 AM,621.01,92,22.43,None,1,1
S5978,2026-04-14,05:47 PM,Yamuna,Library,0,0,04:29 PM,06:14 PM,04:21 PM,06:37 PM,467.97,175,26.01,None,0,0
S5979,2026-04-09,10:36 AM,Yamuna,Library,0,0,09:55 AM,12:45 PM,09:28 AM,01:03 PM,859.02,61,14.76,None,1,1
S5980,2026-04-19,10:56 PM,Ganga,Outside,0,0,0,0,09:04 PM,11:59 PM,369.64,58,3.35,None,0,0
S5981,2026-04-13,02:16 PM,Rajendra,Library,0,0,01:13 PM,02:59 PM,12:55 PM,03:47 PM,592.88,184,34.65,None,1,0
S5982,2026-04-17,11:35 PM,Ganga,Library,0,0,10:37 PM,11:59 PM,10:25 PM,11:59 PM,1044.12,138,18.97,None,0,0
S5983,2026-04-06,09:08 AM,Yamuna,Mess,08:24 AM,09:17 AM,0,0,0,0,451.09,184,51.15,Breakfast,0,0
S5984,2026-04-11,08:00 PM,Azad,Mess,07:43 PM,08:05 PM,0,0,0,0,477.59,86,33.03,Dinner,0,0
S5985,2026-04-29,04:02 PM,Rajendra,Outside,0,0,0,0,02:04 PM,06:39 PM,241.71,57,8.26,None,1,1
S5986,2026-04-15,09:40 AM,Ganga,Mess,08:58 AM,09:41 AM,0,0,0,0,511.06,180,40.48,Breakfast,1,1
S5987,2026-04-17,06:51 PM,Sarojini,Library,0,0,06:20 PM,06:56 PM,06:14 PM,07:14 PM,598.57,165,20.67,None,0,0
S5988,2026-04-30,02:54 PM,Yamuna,Mess,02:44 PM,03:29 PM,0,0,0,0,441.42,81,35.46,Lunch,1,0
S5989,2026-04-12,05:13 AM,Sarojini,Hostel,0,0,0,0,0,0,137.94,37,26.39,None,0,0
S5990,2026-04-21,02:40 PM,Ganga,Library,0,0,02:38 PM,04:47 PM,02:33 PM,05:31 PM,1044.17,117,19.52,None,0,0
S5991,2026-04-17,12:16 PM,Sarojini,Mess,12:00 PM,12:49 PM,0,0,0,0,358.78,32,31.17,Lunch,1,0
S5992,2026-04-23,08:48 PM,Sarojini,Library,0,0,08:08 PM,10:17 PM,07:39 PM,10:27 PM,920.46,85,24.43,None,0,0
S5993,2026-04-23,09:10 PM,Azad,Mess,08:24 PM,09:19 PM,0,0,0,0,421.68,188,43.67,Dinner,0,0
S5994,2026-04-04,08:49 AM,Rajendra,Classroom,0,0,0,0,08:11 AM,09:47 AM,112.62,167,22.63,None,1,1
S5995,2026-04-24,10:10 AM,Rajendra,Library,0,0,09:42 AM,12:42 PM,09:15 AM,01:21 PM,733.93,142,29.29,None,0,0
S5996,2026-04-06,05:55 AM,Yamuna,Hostel,0,0,0,0,0,0,188.11,30,15.27,None,0,0
S5997,2026-04-12,12:48 AM,Yamuna,Outside,0,0,0,0,12:12 AM,02:43 AM,220.46,169,19.83,None,0,0
S5998,2026-04-12,07:20 AM,Sarojini,Hostel,0,0,0,0,0,0,326.43,22,18.33,None,0,0
S5999,2026-04-29,11:40 AM,Rajendra,Classroom,0,0,0,0,11:22 AM,01:12 PM,169.58,37,3.84,None,1,0
S6000,2026-04-16,03:19 PM,Sarojini,Mess,02:56 PM,03:55 PM,0,0,0,0,410.73,176,54.11,Lunch,0,0
S6001,2026-04-18,10:39 PM,Azad,Library,0,0,09:51 PM,10:51 PM,09:38 PM,11:18 PM,857.46,17,12.05,None,0,0
S6002,2026-04-24,10:34 AM,Sarojini,Library,0,0,10:06 AM,10:44 AM,09:38 AM,11:13 AM,478.83,81,19.29,None,1,1
S6003,2026-04-15,11:41 AM,Yamuna,Hostel,0,0,0,0,0,0,386.6,34,14.12,None,0,0
S6004,2026-04-13,07:44 PM,Yamuna,Library,0,0,06:17 PM,07:44 PM,05:49 PM,08:05 PM,786.06,171,34.23,None,0,0
S6005,2026-04-28,07:48 PM,Azad,Outside,0,0,0,0,06:39 PM,09:13 PM,323.68,87,7.74,None,0,0
S6006,2026-04-20,05:58 PM,Ganga,Library,0,0,05:32 PM,06:13 PM,05:02 PM,06:36 PM,1029.61,11,7.89,None,0,0
S6007,2026-04-07,07:53 PM,Azad,Library,0,0,07:45 PM,09:41 PM,07:37 PM,10:02 PM,585.65,42,18.2,None,0,0
S6008,2026-04-19,03:18 AM,Rajendra,Hostel,0,0,0,0,0,0,152.29,98,25.55,None,0,0
S6009,2026-04-17,08:02 PM,Sarojini,Library,0,0,06:42 PM,09:14 PM,06:32 PM,09:55 PM,729.35,45,15.97,None,0,0
S6010,2026-04-20,01:41 PM,Azad,Mess,01:31 PM,02:01 PM,0,0,0,0,487.05,191,45.21,Lunch,0,0
S6011,2026-04-11,08:42 PM,Rajendra,Mess,07:56 PM,08:46 PM,0,0,0,0,331.05,179,43.06,Dinner,0,0
S6012,2026-04-01,10:16 PM,Azad,Library,0,0,09:50 PM,10:31 PM,09:36 PM,11:14 PM,854.26,94,19.27,None,0,0
S6013,2026-04-07,09:09 PM,Rajendra,Library,0,0,08:03 PM,10:03 PM,07:40 PM,10:38 PM,809.79,89,14.01,None,0,0
S6014,2026-04-16,10:06 AM,Ganga,Library,0,0,10:05 AM,11:16 AM,10:00 AM,11:54 AM,542.87,11,8.04,None,1,1
S6015,2026-04-01,08:32 PM,Rajendra,Mess,08:31 PM,09:23 PM,0,0,0,0,535.09,157,46.05,Dinner,0,0
S6016,2026-04-05,09:22 PM,Yamuna,Mess,09:11 PM,09:38 PM,0,0,0,0,245.76,152,52.55,Dinner,0,0
S6017,2026-04-26,06:15 AM,Yamuna,Hostel,0,0,0,0,0,0,204.31,63,28.55,None,0,0
S6018,2026-04-28,02:34 AM,Rajendra,Hostel,0,0,0,0,0,0,226.55,131,21.47,None,0,0
S6019,2026-04-09,09:51 AM,Sarojini,Library,0,0,09:14 AM,11:05 AM,08:49 AM,11:47 AM,504.35,28,9.62,None,1,1
S6020,2026-04-21,07:22 PM,Azad,Library,0,0,06:48 PM,08:17 PM,06:19 PM,08:37 PM,667.69,118,29.43,None,0,0
S6021,2026-04-28,09:32 AM,Sarojini,Mess,09:25 AM,09:52 AM,0,0,0,0,266.12,101,52.46,Breakfast,0,0
S6022,2026-04-20,06:00 PM,Ganga,Library,0,0,05:51 PM,08:09 PM,05:42 PM,08:26 PM,660.38,78,24.84,None,0,0
S6023,2026-04-12,12:30 PM,Sarojini,Mess,12:12 PM,12:32 PM,0,0,0,0,489.67,127,54.09,Lunch,0,0
S6024,2026-04-19,08:40 PM,Ganga,Library,0,0,07:59 PM,10:54 PM,07:35 PM,11:36 PM,608.92,153,27.6,None,0,0
S6025,2026-04-17,04:17 PM,Rajendra,Library,0,0,04:12 PM,05:11 PM,03:57 PM,05:38 PM,992.92,115,17.06,None,0,0
S6026,2026-04-12,06:33 AM,Yamuna,Hostel,0,0,0,0,0,0,376.49,37,20.54,None,0,0
S6027,2026-04-29,12:39 PM,Azad,Mess,12:04 PM,12:40 PM,0,0,0,0,494.74,115,37.04,Lunch,1,0
S6028,2026-04-26,08:16 AM,Rajendra,Mess,08:10 AM,08:43 AM,0,0,0,0,603.51,152,50.28,Breakfast,0,0
S6029,2026-04-15,07:27 PM,Sarojini,Mess,07:14 PM,08:00 PM,0,0,0,0,373.25,187,55.35,Dinner,0,0
S6030,2026-04-27,12:39 PM,Azad,Mess,12:27 PM,01:14 PM,0,0,0,0,266.77,36,30.06,Lunch,1,0
S6031,2026-04-15,05:58 PM,Sarojini,Library,0,0,05:06 PM,06:18 PM,04:47 PM,06:30 PM,738.44,156,23.54,None,0,0
S6032,2026-04-03,06:37 AM,Yamuna,Hostel,0,0,0,0,0,0,138.88,68,28.5,None,0,0
S6033,2026-04-02,03:12 PM,Rajendra,Mess,02:56 PM,03:19 PM,0,0,0,0,416.76,79,33.58,Lunch,1,0
S6034,2026-04-30,09:12 PM,Ganga,Library,0,0,06:38 PM,09:33 PM,06:22 PM,10:07 PM,496.36,178,24.9,None,0,0
S6035,2026-04-20,04:32 AM,Azad,Hostel,0,0,0,0,0,0,129.13,56,22.58,None,0,0
S6036,2026-04-29,09:39 PM,Rajendra,Library,0,0,08:58 PM,11:14 PM,08:33 PM,11:59 PM,1007.37,141,27.25,None,0,0
S6037,2026-04-02,09:17 AM,Rajendra,Mess,08:49 AM,09:22 AM,0,0,0,0,356.78,32,37.33,Breakfast,0,0
S6038,2026-04-17,05:52 PM,Yamuna,Library,0,0,03:41 PM,06:00 PM,03:12 PM,06:41 PM,930.47,66,19.85,None,0,0
S6039,2026-04-07,02:17 PM,Ganga,Library,0,0,01:26 PM,03:25 PM,01:12 PM,04:07 PM,776.38,36,10.51,None,0,0
S6040,2026-05-01,10:42 PM,Azad,Hostel,0,0,0,0,0,0,851.83,156,37.52,None,0,0
S6041,2026-04-24,03:01 PM,Azad,Hostel,0,0,0,0,0,0,163.07,122,28.14,None,1,0
S6042,2026-04-21,09:57 PM,Sarojini,Mess,09:10 PM,09:59 PM,0,0,0,0,334.89,26,32.49,Dinner,0,0
S6043,2026-04-11,09:58 AM,Ganga,Library,0,0,09:33 AM,11:36 AM,09:13 AM,12:15 PM,603.14,109,17.95,None,0,0
S6044,2026-04-01,06:27 PM,Yamuna,Library,0,0,05:52 PM,08:32 PM,05:26 PM,08:44 PM,646.41,31,14.41,None,0,0
S6045,2026-04-07,02:14 PM,Yamuna,Library,0,0,01:41 PM,02:35 PM,01:29 PM,03:10 PM,824.69,116,23.15,None,0,0
S6046,2026-04-03,11:12 AM,Sarojini,Library,0,0,10:12 AM,12:30 PM,10:05 AM,01:12 PM,966.86,52,14.72,None,0,0
S6047,2026-04-15,01:12 PM,Ganga,Library,0,0,12:40 PM,02:29 PM,12:34 PM,03:10 PM,733.05,66,15.0,None,0,0
S6048,2026-04-15,04:44 AM,Sarojini,Outside,0,0,0,0,02:52 AM,07:06 AM,106.42,157,12.44,None,0,0
S6049,2026-04-05,01:07 PM,Sarojini,Classroom,0,0,0,0,12:48 PM,02:02 PM,326.29,73,6.74,None,1,0
S6050,2026-04-27,02:27 PM,Ganga,Mess,02:21 PM,03:11 PM,0,0,0,0,462.38,93,45.25,Lunch,1,0
S6051,2026-04-02,01:17 PM,Ganga,Library,0,0,12:49 PM,02:17 PM,12:42 PM,02:32 PM,554.79,152,19.35,None,0,0
S6052,2026-04-05,04:20 PM,Azad,Hostel,0,0,0,0,0,0,350.83,11,12.03,None,0,0
S6053,2026-04-15,10:05 AM,Sarojini,Classroom,0,0,0,0,09:42 AM,10:47 AM,157.97,171,22.84,None,1,1
S6054,2026-04-25,04:29 PM,Yamuna,Classroom,0,0,0,0,04:02 PM,05:18 PM,318.64,40,2.53,None,1,1
S6055,2026-04-06,07:09 AM,Ganga,Hostel,0,0,0,0,0,0,155.17,161,27.92,None,0,0
S6056,2026-04-23,09:04 AM,Yamuna,Library,0,0,09:00 AM,09:53 AM,08:40 AM,10:42 AM,904.08,39,13.32,None,0,0
S6057,2026-04-21,11:35 PM,Rajendra,Library,0,0,10:56 PM,11:59 PM,10:27 PM,11:59 PM,619.21,57,15.07,None,0,0
S6058,2026-04-07,03:48 PM,Sarojini,Library,0,0,03:22 PM,04:59 PM,02:53 PM,05:52 PM,675.2,65,18.85,None,1,0
S6059,2026-04-27,01:23 PM,Azad,Mess,01:14 PM,02:01 PM,0,0,0,0,578.76,53,31.6,Lunch,0,0
S6060,2026-04-11,10:39 PM,Rajendra,Outside,0,0,0,0,09:05 PM,11:59 PM,102.68,26,1.44,None,0,0
S6061,2026-04-24,01:55 AM,Sarojini,Hostel,0,0,0,0,0,0,246.07,162,32.21,None,0,0
S6062,2026-04-27,10:15 PM,Yamuna,Mess,09:59 PM,10:43 PM,0,0,0,0,421.49,45,36.64,Dinner,0,0
S6063,2026-04-28,09:33 AM,Ganga,Library,0,0,09:26 AM,09:58 AM,08:59 AM,10:46 AM,922.31,113,23.36,None,0,0
S6064,2026-05-01,12:18 PM,Rajendra,Mess,12:09 PM,12:47 PM,0,0,0,0,293.87,108,43.42,Lunch,0,0
S6065,2026-04-23,01:42 PM,Ganga,Library,0,0,01:32 PM,02:20 PM,01:08 PM,03:19 PM,869.56,17,10.02,None,0,0
S6066,2026-04-10,02:15 PM,Sarojini,Outside,0,0,0,0,01:00 PM,03:51 PM,371.32,176,18.78,None,1,0
S6067,2026-04-10,09:47 AM,Yamuna,Library,0,0,09:00 AM,10:28 AM,08:50 AM,11:02 AM,1024.33,147,20.37,None,1,1
S6068,2026-05-01,07:52 PM,Azad,Library,0,0,06:18 PM,08:42 PM,05:49 PM,09:18 PM,519.61,11,13.74,None,0,0
S6069,2026-04-01,04:41 PM,Yamuna,Library,0,0,02:52 PM,05:09 PM,02:45 PM,05:24 PM,479.93,46,10.08,None,1,1
S6070,2026-04-02,11:10 PM,Ganga,Outside,0,0,0,0,09:44 PM,11:59 PM,220.85,155,17.74,None,0,0
S6071,2026-04-27,04:37 PM,Sarojini,Library,0,0,04:17 PM,05:41 PM,04:05 PM,06:30 PM,716.26,103,18.34,None,0,0
S6072,2026-04-01,01:03 PM,Ganga,Library,0,0,12:17 PM,01:53 PM,11:51 AM,02:05 PM,709.71,72,19.91,None,1,0
S6073,2026-04-25,11:12 AM,Sarojini,Library,0,0,10:14 AM,12:28 PM,10:09 AM,01:14 PM,1021.53,70,14.06,None,1,0
S6074,2026-05-01,02:39 PM,Yamuna,Outside,0,0,0,0,01:07 PM,05:28 PM,257.54,180,17.52,None,0,0
S6075,2026-04-22,04:03 AM,Ganga,Hostel,0,0,0,0,0,0,353.69,43,28.66,None,0,0
S6076,2026-04-20,09:37 PM,Ganga,Mess,09:23 PM,09:54 PM,0,0,0,0,524.47,156,56.11,Dinner,0,0
S6077,2026-04-04,06:30 AM,Yamuna,Hostel,0,0,0,0,0,0,370.32,76,32.25,None,0,0
S6078,2026-04-08,05:31 PM,Rajendra,Library,0,0,04:49 PM,06:56 PM,04:35 PM,07:16 PM,955.12,78,14.43,None,0,0
S6079,2026-04-05,12:06 PM,Rajendra,Hostel,0,0,0,0,0,0,227.87,97,29.4,None,0,0
S6080,2026-04-21,11:04 AM,Rajendra,Outside,0,0,0,0,10:13 AM,12:24 PM,131.47,178,25.3,None,1,0
S6081,2026-04-02,08:26 AM,Rajendra,Mess,08:06 AM,08:29 AM,0,0,0,0,480.11,199,53.81,Breakfast,0,0
S6082,2026-04-05,09:06 PM,Ganga,Outside,0,0,0,0,07:42 PM,10:18 PM,169.61,185,17.61,None,0,0
S6083,2026-04-12,06:07 PM,Rajendra,Library,0,0,06:06 PM,08:53 PM,05:41 PM,09:40 PM,775.46,60,14.22,None,0,0
S6084,2026-04-01,01:39 AM,Ganga,Outside,0,0,0,0,01:07 AM,02:47 AM,194.7,166,13.94,None,0,0
S6085,2026-05-01,09:41 PM,Yamuna,Hostel,0,0,0,0,0,0,1144.6,17,22.83,None,0,0
S6086,2026-04-26,06:58 PM,Sarojini,Hostel,0,0,0,0,0,0,275.95,38,13.43,None,0,0
S6087,2026-04-24,10:01 AM,Rajendra,Mess,09:29 AM,10:03 AM,0,0,0,0,420.4,110,32.13,Breakfast,1,1
S6088,2026-04-24,04:44 PM,Sarojini,Hostel,0,0,0,0,0,0,181.99,197,47.44,None,0,0
S6089,2026-04-23,01:48 PM,Yamuna,Library,0,0,01:19 PM,03:12 PM,12:59 PM,03:31 PM,889.37,147,28.63,None,1,0
S6090,2026-04-01,05:33 PM,Ganga,Library,0,0,04:35 PM,06:48 PM,04:21 PM,07:14 PM,656.69,83,14.82,None,0,0
S6091,2026-04-15,08:22 AM,Azad,Mess,08:22 AM,09:01 AM,0,0,0,0,466.95,169,40.82,Breakfast,0,0
S6092,2026-04-21,09:24 AM,Sarojini,Mess,08:52 AM,09:26 AM,0,0,0,0,522.83,62,30.34,Breakfast,1,1
S6093,2026-04-13,03:54 PM,Rajendra,Library,0,0,03:16 PM,05:37 PM,03:09 PM,06:02 PM,904.44,166,19.09,None,0,0
S6094,2026-04-23,09:19 PM,Rajendra,Mess,09:09 PM,09:29 PM,0,0,0,0,365.31,172,50.13,Dinner,0,0
S6095,2026-04-06,11:43 PM,Yamuna,Library,0,0,10:50 PM,11:59 PM,10:38 PM,11:59 PM,866.4,50,16.15,None,0,0
S6096,2026-04-28,12:56 PM,Rajendra,Library,0,0,12:06 PM,01:54 PM,12:01 PM,02:48 PM,930.35,46,16.0,None,0,0
S6097,2026-04-17,10:50 PM,Azad,Library,0,0,09:26 PM,11:22 PM,08:57 PM,11:59 PM,859.65,90,12.42,None,0,0
S6098,2026-04-04,05:58 PM,Ganga,Library,0,0,04:05 PM,06:51 PM,03:38 PM,07:25 PM,912.2,184,16.86,None,0,0
S6099,2026-04-09,06:04 PM,Azad,Classroom,0,0,0,0,05:27 PM,07:41 PM,230.25,37,3.75,None,1,1
S6100,2026-04-24,11:14 PM,Sarojini,Library,0,0,10:00 PM,11:59 PM,09:50 PM,11:59 PM,841.81,163,31.79,None,0,0
S6101,2026-04-06,05:58 PM,Yamuna,Classroom,0,0,0,0,05:38 PM,06:42 PM,389.1,130,10.9,None,1,1
S6102,2026-05-01,07:21 AM,Ganga,Hostel,0,0,0,0,0,0,371.85,188,33.2,None,0,0
S6103,2026-04-15,11:10 AM,Sarojini,Library,0,0,09:13 AM,11:19 AM,08:51 AM,11:57 AM,859.13,19,9.19,None,1,0
S6104,2026-04-20,02:40 AM,Ganga,Outside,0,0,0,0,12:58 AM,05:33 AM,269.01,20,1.01,None,0,0
S6105,2026-04-16,11:09 AM,Yamuna,Library,0,0,09:34 AM,11:37 AM,09:28 AM,11:52 AM,818.65,113,18.91,None,0,0
S6106,2026-04-21,12:34 PM,Sarojini,Mess,12:26 PM,12:47 PM,0,0,0,0,494.28,106,37.76,Lunch,0,0
S6107,2026-04-12,04:50 PM,Azad,Hostel,0,0,0,0,0,0,210.16,134,25.93,None,1,1
S6108,2026-04-30,01:51 AM,Rajendra,Hostel,0,0,0,0,0,0,354.46,54,22.25,None,0,0
S6109,2026-04-24,03:04 PM,Ganga,Mess,02:37 PM,03:20 PM,0,0,0,0,367.55,43,35.17,Lunch,1,0
S6110,2026-04-13,03:10 PM,Yamuna,Hostel,0,0,0,0,0,0,197.86,79,35.19,None,0,0
S6111,2026-04-02,09:49 PM,Azad,Mess,09:28 PM,09:49 PM,0,0,0,0,375.54,130,44.2,Dinner,0,0
S6112,2026-04-22,08:22 PM,Sarojini,Library,0,0,08:17 PM,09:50 PM,08:06 PM,10:31 PM,742.36,167,22.9,None,0,0
S6113,2026-04-03,06:34 PM,Ganga,Outside,0,0,0,0,05:50 PM,08:46 PM,130.65,110,8.44,None,0,0
S6114,2026-04-14,08:34 PM,Yamuna,Mess,07:52 PM,08:48 PM,0,0,0,0,373.69,106,32.41,Dinner,0,0
S6115,2026-04-17,10:25 AM,Sarojini,Hostel,0,0,0,0,0,0,306.19,99,32.51,None,1,1
S6116,2026-04-16,01:08 PM,Sarojini,Library,0,0,01:01 PM,03:19 PM,12:40 PM,03:54 PM,818.53,28,8.5,None,1,0
S6117,2026-04-03,06:57 PM,Yamuna,Hostel,0,0,0,0,0,0,135.98,127,30.76,None,0,0
S6118,2026-04-05,08:54 PM,Rajendra,Library,0,0,08:21 PM,08:56 PM,08:07 PM,09:43 PM,985.0,100,20.89,None,0,0
S6119,2026-04-24,09:01 PM,Rajendra,Hostel,0,0,0,0,0,0,1231.58,136,38.22,None,0,0
S6120,2026-04-29,11:06 AM,Rajendra,Library,0,0,10:38 AM,11:22 AM,10:27 AM,12:07 PM,596.21,19,9.87,None,1,0
S6121,2026-04-20,01:17 PM,Yamuna,Mess,12:54 PM,01:31 PM,0,0,0,0,499.3,98,26.33,Lunch,0,0
S6122,2026-04-22,10:45 AM,Azad,Library,0,0,09:52 AM,12:09 PM,09:43 AM,12:40 PM,743.68,147,20.35,None,0,0
S6123,2026-04-13,09:47 PM,Rajendra,Mess,09:32 PM,10:27 PM,0,0,0,0,504.47,30,41.13,Dinner,0,0
S6124,2026-04-11,03:03 PM,Azad,Library,0,0,02:23 PM,05:02 PM,02:00 PM,06:01 PM,863.01,114,24.54,None,0,0
S6125,2026-04-28,02:49 PM,Rajendra,Mess,02:33 PM,03:25 PM,0,0,0,0,628.95,167,51.11,Lunch,1,0
S6126,2026-04-01,07:31 AM,Yamuna,Mess,07:23 AM,08:05 AM,0,0,0,0,617.91,14,32.34,Breakfast,0,0
S6127,2026-04-22,12:15 AM,Rajendra,Outside,0,0,0,0,0,01:56 AM,345.3,197,21.7,None,0,0
S6128,2026-04-04,08:50 AM,Yamuna,Hostel,0,0,0,0,0,0,328.43,156,35.9,None,0,0
S6129,2026-05-01,12:59 PM,Rajendra,Mess,12:34 PM,01:24 PM,0,0,0,0,236.56,134,47.78,Lunch,1,0
S6130,2026-04-01,09:48 PM,Azad,Mess,09:38 PM,10:08 PM,0,0,0,0,412.8,44,32.97,Dinner,0,0
S6131,2026-04-27,08:42 PM,Azad,Outside,0,0,0,0,07:32 PM,11:32 PM,196.69,14,1.41,None,0,0
S6132,2026-04-20,03:00 AM,Sarojini,Hostel,0,0,0,0,0,0,228.68,174,43.6,None,0,0
S6133,2026-04-01,12:12 PM,Yamuna,Mess,12:12 PM,12:42 PM,0,0,0,0,369.77,146,53.99,Lunch,1,0
S6134,2026-04-10,10:48 PM,Ganga,Library,0,0,10:47 PM,11:59 PM,10:24 PM,11:59 PM,562.01,72,20.21,None,0,0
S6135,2026-04-05,04:22 PM,Azad,Hostel,0,0,0,0,0,0,239.37,106,29.45,None,1,1
S6136,2026-04-26,08:07 PM,Yamuna,Mess,08:01 PM,08:56 PM,0,0,0,0,310.75,114,34.8,Dinner,0,0
S6137,2026-04-12,01:55 AM,Rajendra,Hostel,0,0,0,0,0,0,237.62,142,39.24,None,0,0
S6138,2026-04-01,08:23 AM,Rajendra,Mess,07:52 AM,08:46 AM,0,0,0,0,542.72,78,31.65,Breakfast,0,0
S6139,2026-04-11,06:46 PM,Azad,Library,0,0,04:44 PM,06:53 PM,04:15 PM,07:44 PM,805.38,114,19.87,None,0,0
S6140,2026-04-21,10:57 AM,Yamuna,Hostel,0,0,0,0,0,0,293.5,31,19.94,None,1,1
S6141,2026-04-12,01:37 AM,Yamuna,Outside,0,0,0,0,12:33 AM,03:44 AM,123.77,16,2.05,None,0,0
S6142,2026-04-19,09:50 AM,Sarojini,Mess,09:14 AM,10:03 AM,0,0,0,0,448.56,142,42.55,Breakfast,1,1
S6143,2026-04-01,02:02 PM,Rajendra,Library,0,0,01:00 PM,03:58 PM,12:49 PM,04:57 PM,990.92,11,14.53,None,1,0
S6144,2026-04-12,02:01 PM,Rajendra,Library,0,0,11:44 AM,02:22 PM,11:20 AM,03:08 PM,669.4,160,24.68,None,1,0
S6145,2026-04-19,09:04 AM,Yamuna,Mess,08:45 AM,09:16 AM,0,0,0,0,268.37,142,47.34,Breakfast,0,0
S6146,2026-04-02,10:05 PM,Sarojini,Library,0,0,08:38 PM,11:21 PM,08:27 PM,11:59 PM,759.51,79,18.06,None,0,0
S6147,2026-04-22,02:03 PM,Sarojini,Mess,01:39 PM,02:17 PM,0,0,0,0,261.75,102,51.69,Lunch,0,0
S6148,2026-04-29,02:38 PM,Rajendra,Mess,02:30 PM,02:53 PM,0,0,0,0,377.22,75,50.36,Lunch,0,0
S6149,2026-04-12,09:52 AM,Sarojini,Outside,0,0,0,0,07:57 AM,11:59 AM,277.68,158,15.3,None,1,1
S6150,2026-04-28,09:48 PM,Azad,Mess,09:19 PM,09:48 PM,0,0,0,0,636.02,89,35.33,Dinner,0,0
S6151,2026-04-25,12:58 PM,Ganga,Mess,12:38 PM,01:13 PM,0,0,0,0,496.75,104,42.79,Lunch,1,0
S6152,2026-04-05,05:19 AM,Yamuna,Hostel,0,0,0,0,0,0,228.48,196,37.18,None,0,0
S6153,2026-04-18,09:44 PM,Ganga,Mess,09:28 PM,09:59 PM,0,0,0,0,390.1,13,34.68,Dinner,0,0
S6154,2026-04-24,01:30 PM,Ganga,Library,0,0,12:48 PM,02:38 PM,12:34 PM,03:20 PM,786.54,12,13.44,None,1,0
S6155,2026-04-01,09:24 AM,Sarojini,Library,0,0,09:02 AM,11:24 AM,08:56 AM,11:43 AM,907.4,110,21.23,None,1,1
S6156,2026-04-08,10:55 PM,Azad,Library,0,0,10:51 PM,11:59 PM,10:38 PM,11:59 PM,713.76,88,15.01,None,0,0
S6157,2026-04-27,02:14 PM,Azad,Mess,02:14 PM,02:37 PM,0,0,0,0,624.51,80,47.29,Lunch,1,0
S6158,2026-04-05,09:28 PM,Rajendra,Library,0,0,09:05 PM,09:41 PM,08:35 PM,09:57 PM,785.3,156,25.41,None,0,0
S6159,2026-04-13,09:03 AM,Yamuna,Mess,09:00 AM,09:47 AM,0,0,0,0,491.95,33,31.38,Breakfast,1,1
S6160,2026-04-22,01:38 PM,Yamuna,Classroom,0,0,0,0,12:58 PM,02:11 PM,172.27,115,7.91,None,1,0
S6161,2026-04-20,01:27 AM,Rajendra,Hostel,0,0,0,0,0,0,313.58,130,28.77,None,0,0
S6162,2026-04-19,07:42 PM,Azad,Library,0,0,05:27 PM,08:03 PM,05:18 PM,08:44 PM,810.8,132,14.85,None,0,0
S6163,2026-04-29,08:25 PM,Sarojini,Mess,07:57 PM,08:39 PM,0,0,0,0,676.85,81,33.51,Dinner,0,0
S6164,2026-04-09,07:49 AM,Yamuna,Hostel,0,0,0,0,0,0,375.86,157,36.8,None,0,0
S6165,2026-04-22,03:17 PM,Azad,Library,0,0,02:09 PM,03:42 PM,01:39 PM,04:08 PM,830.76,28,16.37,None,0,0
S6166,2026-04-09,08:24 PM,Sarojini,Mess,08:16 PM,08:55 PM,0,0,0,0,419.05,89,29.68,Dinner,0,0
S6167,2026-04-10,07:48 PM,Yamuna,Mess,07:21 PM,08:03 PM,0,0,0,0,421.0,132,47.61,Dinner,0,0
S6168,2026-04-07,02:13 AM,Ganga,Outside,0,0,0,0,01:40 AM,03:56 AM,271.0,87,5.0,None,0,0
S6169,2026-04-22,02:27 PM,Azad,Hostel,0,0,0,0,0,0,319.15,46,17.11,None,1,0
S6170,2026-04-12,10:50 AM,Sarojini,Library,0,0,10:25 AM,11:01 AM,10:11 AM,11:33 AM,697.63,92,22.37,None,1,1
S6171,2026-04-14,11:04 PM,Sarojini,Library,0,0,10:15 PM,11:51 PM,09:59 PM,11:59 PM,768.65,116,24.51,None,0,0
S6172,2026-04-21,01:36 AM,Rajendra,Outside,0,0,0,0,12:35 AM,03:42 AM,389.69,11,0.64,None,0,0
S6173,2026-04-14,06:52 PM,Azad,Library,0,0,06:34 PM,07:23 PM,06:17 PM,08:06 PM,802.5,131,19.2,None,0,0
S6174,2026-04-27,10:15 AM,Yamuna,Hostel,0,0,0,0,0,0,282.15,88,20.08,None,0,0
S6175,2026-04-13,12:28 PM,Ganga,Library,0,0,11:44 AM,01:24 PM,11:20 AM,02:19 PM,813.32,90,14.93,None,1,0
S6176,2026-04-17,10:27 AM,Azad,Hostel,0,0,0,0,0,0,255.17,81,21.12,None,1,1
S6177,2026-04-10,09:52 PM,Ganga,Hostel,0,0,0,0,0,0,813.85,131,39.17,None,0,0
S6178,2026-04-30,02:34 PM,Azad,Library,0,0,02:16 PM,05:06 PM,02:11 PM,05:23 PM,633.69,178,29.58,None,1,0
S6179,2026-04-20,09:50 PM,Sarojini,Mess,09:50 PM,10:19 PM,0,0,0,0,552.67,24,36.18,Dinner,0,0
S6180,2026-04-19,04:21 PM,Sarojini,Library,0,0,03:50 PM,04:32 PM,03:42 PM,04:51 PM,948.88,66,14.62,None,0,0
S6181,2026-04-14,05:24 PM,Sarojini,Library,0,0,03:19 PM,05:24 PM,03:02 PM,06:02 PM,683.65,117,19.27,None,0,0
S6182,2026-04-27,03:27 PM,Yamuna,Classroom,0,0,0,0,03:00 PM,04:49 PM,139.2,112,15.01,None,1,0
S6183,2026-04-21,08:37 AM,Rajendra,Hostel,0,0,0,0,0,0,209.62,175,34.97,None,0,0
S6184,2026-05-01,06:52 PM,Yamuna,Classroom,0,0,0,0,06:18 PM,07:53 PM,167.09,71,3.56,None,1,1
S6185,2026-04-23,08:54 PM,Yamuna,Mess,08:27 PM,09:15 PM,0,0,0,0,536.25,146,46.72,Dinner,0,0
S6186,2026-04-26,09:27 AM,Ganga,Mess,08:54 AM,09:51 AM,0,0,0,0,427.28,159,47.25,Breakfast,0,0
S6187,2026-04-05,03:23 AM,Sarojini,Hostel,0,0,0,0,0,0,181.09,152,25.81,None,0,0
S6188,2026-04-06,10:40 PM,Sarojini,Mess,09:48 PM,10:45 PM,0,0,0,0,311.07,139,47.56,Dinner,0,0
S6189,2026-04-17,07:03 PM,Azad,Library,0,0,05:09 PM,08:03 PM,04:41 PM,08:19 PM,743.34,182,22.85,None,0,0
S6190,2026-04-11,04:40 AM,Azad,Hostel,0,0,0,0,0,0,293.91,11,17.42,None,0,0
S6191,2026-04-04,08:08 PM,Sarojini,Mess,07:49 PM,08:38 PM,0,0,0,0,447.85,159,44.1,Dinner,0,0
S6192,2026-04-12,10:02 PM,Sarojini,Mess,09:43 PM,10:23 PM,0,0,0,0,316.77,92,31.31,Dinner,0,0
S6193,2026-04-21,08:03 AM,Azad,Mess,07:33 AM,08:25 AM,0,0,0,0,401.11,64,45.4,Breakfast,0,0
S6194,2026-04-21,09:08 PM,Ganga,Mess,09:03 PM,09:36 PM,0,0,0,0,617.57,92,42.18,Dinner,0,0
S6195,2026-04-28,03:55 PM,Ganga,Library,0,0,03:51 PM,05:00 PM,03:21 PM,05:58 PM,462.14,154,27.41,None,0,0
S6196,2026-04-26,09:23 PM,Rajendra,Library,0,0,07:57 PM,10:19 PM,07:40 PM,11:04 PM,581.53,14,7.55,None,0,0
S6197,2026-04-08,05:56 PM,Sarojini,Library,0,0,04:07 PM,06:33 PM,03:58 PM,07:29 PM,736.7,122,19.31,None,0,0
S6198,2026-04-06,08:06 PM,Rajendra,Mess,08:05 PM,08:38 PM,0,0,0,0,492.81,170,51.9,Dinner,0,0
S6199,2026-04-17,02:02 PM,Sarojini,Mess,01:50 PM,02:26 PM,0,0,0,0,558.17,15,33.66,Lunch,1,0
S6200,2026-04-17,04:20 AM,Yamuna,Hostel,0,0,0,0,0,0,182.72,59,21.11,None,0,0
S6201,2026-04-30,11:19 AM,Ganga,Library,0,0,10:44 AM,11:24 AM,10:19 AM,11:43 AM,524.1,143,35.04,None,0,0
S6202,2026-05-01,10:28 PM,Sarojini,Outside,0,0,0,0,08:40 PM,11:59 PM,265.0,51,6.33,None,0,0
S6203,2026-04-13,08:04 PM,Sarojini,Mess,07:59 PM,08:27 PM,0,0,0,0,451.23,66,30.11,Dinner,0,0
S6204,2026-04-30,01:46 PM,Yamuna,Classroom,0,0,0,0,01:15 PM,03:02 PM,343.52,163,19.24,None,1,0
S6205,2026-04-08,10:33 PM,Rajendra,Outside,0,0,0,0,10:01 PM,11:59 PM,387.57,74,6.83,None,0,0
S6206,2026-04-07,10:00 AM,Sarojini,Mess,09:33 AM,10:30 AM,0,0,0,0,500.26,127,51.12,Breakfast,0,0
S6207,2026-04-22,12:19 PM,Rajendra,Mess,12:17 PM,12:51 PM,0,0,0,0,310.72,101,37.47,Lunch,1,0
S6208,2026-04-30,02:00 AM,Ganga,Outside,0,0,0,0,12:33 AM,04:13 AM,392.61,53,6.45,None,0,0
S6209,2026-04-25,11:45 PM,Sarojini,Outside,0,0,0,0,11:06 PM,11:59 PM,264.43,128,9.52,None,0,0
S6210,2026-04-19,07:12 PM,Yamuna,Mess,07:07 PM,07:42 PM,0,0,0,0,495.35,195,44.98,Dinner,0,0
S6211,2026-04-16,04:38 PM,Rajendra,Library,0,0,03:30 PM,06:22 PM,03:13 PM,06:37 PM,724.34,57,21.29,None,0,0
S6212,2026-04-18,01:04 PM,Sarojini,Classroom,0,0,0,0,12:31 PM,03:02 PM,189.38,45,4.67,None,1,0
S6213,2026-04-07,05:42 PM,Azad,Library,0,0,05:37 PM,06:49 PM,05:10 PM,07:49 PM,659.91,129,25.76,None,0,0
S6214,2026-04-20,10:45 PM,Azad,Library,0,0,09:32 PM,11:59 PM,09:11 PM,11:59 PM,768.65,157,25.69,None,0,0
S6215,2026-05-01,01:40 PM,Rajendra,Mess,12:57 PM,01:41 PM,0,0,0,0,487.26,110,35.27,Lunch,1,0
S6216,2026-04-03,09:22 AM,Sarojini,Outside,0,0,0,0,08:33 AM,12:18 PM,313.66,113,8.4,None,0,0
S6217,2026-04-19,08:15 AM,Sarojini,Mess,07:47 AM,08:23 AM,0,0,0,0,296.56,87,26.43,Breakfast,0,0
S6218,2026-04-26,11:48 PM,Ganga,Outside,0,0,0,0,11:10 PM,11:59 PM,109.72,49,2.98,None,0,0
S6219,2026-04-14,08:41 PM,Yamuna,Mess,08:11 PM,08:50 PM,0,0,0,0,613.22,30,29.92,Dinner,0,0
S6220,2026-04-15,12:51 PM,Sarojini,Mess,12:33 PM,01:01 PM,0,0,0,0,418.3,115,39.8,Lunch,1,0
S6221,2026-04-15,05:23 PM,Azad,Library,0,0,05:00 PM,05:31 PM,04:53 PM,05:58 PM,908.9,131,28.57,None,0,0
S6222,2026-04-29,07:35 PM,Sarojini,Library,0,0,06:53 PM,08:55 PM,06:46 PM,09:55 PM,763.91,56,20.24,None,0,0
S6223,2026-04-18,11:24 PM,Ganga,Library,0,0,10:01 PM,11:59 PM,09:43 PM,11:59 PM,725.08,149,24.05,None,0,0
S6224,2026-04-29,02:46 PM,Yamuna,Mess,02:10 PM,02:46 PM,0,0,0,0,302.01,48,31.22,Lunch,1,0
S6225,2026-04-27,05:56 AM,Yamuna,Outside,0,0,0,0,04:43 AM,07:40 AM,331.12,138,16.68,None,0,0
S6226,2026-04-26,05:17 PM,Rajendra,Library,0,0,04:58 PM,06:48 PM,04:29 PM,07:38 PM,976.15,106,12.99,None,0,0
S6227,2026-04-28,07:11 PM,Ganga,Hostel,0,0,0,0,0,0,204.7,158,26.8,None,0,0
S6228,2026-04-15,10:17 AM,Ganga,Outside,0,0,0,0,09:13 AM,11:19 AM,394.7,56,5.13,None,1,1
S6229,2026-04-26,10:31 PM,Yamuna,Library,0,0,09:01 PM,11:46 PM,08:46 PM,11:59 PM,527.52,74,16.29,None,0,0
S6230,2026-04-03,08:13 PM,Yamuna,Mess,07:55 PM,08:29 PM,0,0,0,0,398.17,72,33.74,Dinner,0,0
S6231,2026-04-14,10:53 PM,Ganga,Library,0,0,10:01 PM,11:59 PM,09:51 PM,11:59 PM,926.64,156,26.75,None,0,0
S6232,2026-04-22,08:58 PM,Rajendra,Library,0,0,08:28 PM,10:10 PM,08:21 PM,11:03 PM,742.3,147,16.4,None,0,0
S6233,2026-04-28,03:38 PM,Yamuna,Library,0,0,02:38 PM,05:33 PM,02:16 PM,06:25 PM,590.44,157,23.16,None,0,0
S6234,2026-04-13,10:04 PM,Rajendra,Library,0,0,09:34 PM,10:05 PM,09:05 PM,10:15 PM,580.59,32,15.69,None,0,0
S6235,2026-04-11,10:23 PM,Sarojini,Library,0,0,10:04 PM,10:50 PM,09:46 PM,11:25 PM,807.02,65,13.01,None,0,0
S6236,2026-04-13,04:17 AM,Azad,Outside,0,0,0,0,03:30 AM,06:32 AM,244.73,78,5.44,None,0,0
S6237,2026-04-28,07:27 PM,Yamuna,Outside,0,0,0,0,05:57 PM,08:48 PM,206.57,189,9.53,None,0,0
S6238,2026-04-29,07:42 PM,Sarojini,Library,0,0,07:17 PM,08:03 PM,07:03 PM,09:01 PM,661.53,63,20.54,None,0,0
S6239,2026-04-20,07:18 PM,Azad,Library,0,0,05:14 PM,07:18 PM,04:58 PM,07:46 PM,453.48,91,21.19,None,0,0
S6240,2026-04-19,08:43 PM,Sarojini,Mess,08:38 PM,08:59 PM,0,0,0,0,608.74,104,42.41,Dinner,0,0
S6241,2026-04-23,09:51 PM,Ganga,Mess,09:20 PM,10:00 PM,0,0,0,0,537.45,94,38.11,Dinner,0,0
S6242,2026-04-29,09:43 PM,Sarojini,Mess,09:30 PM,10:26 PM,0,0,0,0,512.55,120,46.33,Dinner,0,0
S6243,2026-04-26,01:38 AM,Ganga,Outside,0,0,0,0,01:06 AM,02:45 AM,175.64,31,1.7,None,0,0
S6244,2026-04-11,06:58 PM,Ganga,Hostel,0,0,0,0,0,0,239.94,180,49.39,None,0,0
S6245,2026-04-03,10:29 PM,Ganga,Mess,09:45 PM,10:30 PM,0,0,0,0,535.86,91,36.48,Dinner,0,0
S6246,2026-04-12,02:32 PM,Sarojini,Mess,02:01 PM,02:36 PM,0,0,0,0,383.04,89,32.35,Lunch,0,0
S6247,2026-04-24,07:01 PM,Sarojini,Library,0,0,04:52 PM,07:50 PM,04:42 PM,08:25 PM,996.41,96,20.59,None,0,0
S6248,2026-04-17,02:43 PM,Rajendra,Mess,01:59 PM,02:48 PM,0,0,0,0,470.18,172,50.39,Lunch,0,0
S6249,2026-04-11,05:25 AM,Azad,Hostel,0,0,0,0,0,0,239.62,85,32.21,None,0,0
S6250,2026-04-23,02:22 PM,Rajendra,Mess,02:18 PM,02:56 PM,0,0,0,0,393.09,175,46.5,Lunch,1,0
S6251,2026-04-25,02:37 PM,Ganga,Mess,02:25 PM,03:03 PM,0,0,0,0,359.53,176,43.95,Lunch,1,0
S6252,2026-04-20,01:49 PM,Sarojini,Mess,01:23 PM,01:52 PM,0,0,0,0,375.66,183,47.59,Lunch,0,0
S6253,2026-04-20,04:33 PM,Ganga,Library,0,0,02:05 PM,04:52 PM,01:43 PM,05:49 PM,833.53,171,28.53,None,1,1
S6254,2026-04-02,05:24 PM,Rajendra,Library,0,0,04:17 PM,05:54 PM,04:06 PM,06:20 PM,616.2,112,16.65,None,0,0
S6255,2026-04-18,09:55 PM,Sarojini,Library,0,0,09:44 PM,11:59 PM,09:30 PM,11:59 PM,628.53,130,21.35,None,0,0
S6256,2026-04-26,10:42 AM,Sarojini,Outside,0,0,0,0,09:45 AM,12:06 PM,376.41,159,19.72,None,0,0
S6257,2026-04-16,11:44 AM,Ganga,Library,0,0,10:11 AM,12:31 PM,09:45 AM,01:14 PM,732.38,29,7.81,None,0,0
S6258,2026-04-03,07:49 PM,Rajendra,Mess,07:44 PM,08:33 PM,0,0,0,0,404.97,119,42.53,Dinner,0,0
S6259,2026-04-19,07:12 AM,Azad,Mess,07:05 AM,07:41 AM,0,0,0,0,521.0,41,25.75,Breakfast,0,0
S6260,2026-04-04,02:42 AM,Sarojini,Hostel,0,0,0,0,0,0,250.68,159,37.15,None,0,0
S6261,2026-04-08,02:40 PM,Rajendra,Classroom,0,0,0,0,02:30 PM,04:11 PM,354.49,55,3.45,None,1,0
S6262,2026-04-01,07:09 AM,Azad,Mess,07:04 AM,07:31 AM,0,0,0,0,426.1,98,39.98,Breakfast,0,0
S6263,2026-04-16,07:02 AM,Ganga,Hostel,0,0,0,0,0,0,370.32,126,32.5,None,0,0
S6264,2026-04-16,05:50 AM,Sarojini,Outside,0,0,0,0,04:35 AM,07:09 AM,269.59,116,16.9,None,0,0
S6265,2026-04-25,03:08 PM,Azad,Library,0,0,03:00 PM,05:27 PM,02:52 PM,05:41 PM,745.73,189,19.15,None,0,0
S6266,2026-04-16,08:01 PM,Ganga,Mess,08:00 PM,08:30 PM,0,0,0,0,330.99,169,34.57,Dinner,0,0
S6267,2026-04-20,12:14 PM,Rajendra,Mess,12:12 PM,12:40 PM,0,0,0,0,402.95,47,35.67,Lunch,1,0
S6268,2026-04-02,09:09 AM,Azad,Hostel,0,0,0,0,0,0,394.85,161,27.47,None,0,0
S6269,2026-04-24,12:21 PM,Rajendra,Library,0,0,10:23 AM,12:38 PM,10:14 AM,01:12 PM,621.33,135,21.1,None,0,0
S6270,2026-04-10,10:53 AM,Rajendra,Outside,0,0,0,0,09:45 AM,12:14 PM,321.53,157,11.4,None,1,1
S6271,2026-04-29,12:05 AM,Rajendra,Outside,0,0,0,0,0,02:30 AM,210.3,115,7.58,None,0,0
S6272,2026-04-26,08:22 PM,Ganga,Mess,07:32 PM,08:28 PM,0,0,0,0,659.72,99,43.92,Dinner,0,0
S6273,2026-04-29,12:26 PM,Azad,Library,0,0,12:01 PM,12:33 PM,11:32 AM,12:58 PM,592.11,13,7.48,None,1,0
S6274,2026-04-17,06:10 PM,Ganga,Hostel,0,0,0,0,0,0,398.82,14,15.81,None,0,0
S6275,2026-04-27,01:19 PM,Sarojini,Outside,0,0,0,0,12:03 PM,02:24 PM,394.98,105,9.37,None,0,0
S6276,2026-04-30,11:48 AM,Rajendra,Outside,0,0,0,0,10:34 AM,01:22 PM,355.77,79,10.96,None,0,0
S6277,2026-04-01,09:38 PM,Sarojini,Mess,09:25 PM,09:52 PM,0,0,0,0,405.19,29,40.15,Dinner,0,0
S6278,2026-04-22,01:10 PM,Sarojini,Library,0,0,12:02 PM,01:27 PM,11:49 AM,02:03 PM,665.93,165,25.49,None,0,0
S6279,2026-04-27,08:37 PM,Rajendra,Mess,08:14 PM,09:08 PM,0,0,0,0,558.91,12,39.14,Dinner,0,0
S6280,2026-04-07,11:22 PM,Rajendra,Outside,0,0,0,0,10:49 PM,11:59 PM,303.75,198,20.37,None,0,0
S6281,2026-04-15,01:30 PM,Ganga,Outside,0,0,0,0,11:40 AM,03:27 PM,203.39,166,20.6,None,0,0
S6282,2026-05-01,07:27 PM,Rajendra,Library,0,0,07:27 PM,09:54 PM,07:09 PM,10:40 PM,589.49,148,15.1,None,0,0
S6283,2026-04-23,09:19 PM,Sarojini,Library,0,0,07:59 PM,09:56 PM,07:44 PM,10:29 PM,526.63,17,12.03,None,0,0
S6284,2026-04-13,02:12 PM,Azad,Mess,01:44 PM,02:17 PM,0,0,0,0,402.33,92,41.17,Lunch,0,0
S6285,2026-04-24,05:39 PM,Yamuna,Library,0,0,05:15 PM,05:59 PM,05:09 PM,06:22 PM,1042.53,138,13.93,None,0,0
S6286,2026-04-03,08:38 AM,Ganga,Classroom,0,0,0,0,07:59 AM,09:48 AM,191.84,15,1.13,None,1,1
S6287,2026-04-23,09:16 PM,Sarojini,Library,0,0,06:57 PM,09:19 PM,06:31 PM,10:09 PM,1012.15,179,29.89,None,0,0
S6288,2026-04-01,10:37 AM,Sarojini,Mess,09:51 AM,10:50 AM,0,0,0,0,387.68,167,36.54,Breakfast,0,0
S6289,2026-04-26,01:24 AM,Yamuna,Hostel,0,0,0,0,0,0,120.14,78,21.8,None,0,0
S6290,2026-04-04,09:58 PM,Rajendra,Library,0,0,09:21 PM,11:59 PM,09:09 PM,11:59 PM,824.18,187,20.95,None,0,0
S6291,2026-04-16,11:46 AM,Rajendra,Library,0,0,09:15 AM,12:07 PM,09:09 AM,12:52 PM,1053.7,12,7.89,None,1,0
S6292,2026-04-08,11:07 PM,Ganga,Library,0,0,08:46 PM,11:07 PM,08:39 PM,11:45 PM,778.02,56,15.68,None,0,0
S6293,2026-04-04,01:15 AM,Ganga,Outside,0,0,0,0,0,02:55 AM,281.76,61,7.98,None,0,0
S6294,2026-04-24,08:41 AM,Sarojini,Mess,08:22 AM,08:47 AM,0,0,0,0,502.76,181,62.43,Breakfast,0,0
S6295,2026-05-01,08:34 AM,Ganga,Mess,08:32 AM,09:02 AM,0,0,0,0,411.39,14,23.58,Breakfast,0,0
S6296,2026-04-22,03:07 PM,Yamuna,Mess,02:51 PM,03:24 PM,0,0,0,0,539.23,137,46.72,Lunch,0,0
S6297,2026-04-22,04:24 PM,Sarojini,Library,0,0,03:53 PM,04:45 PM,03:42 PM,05:15 PM,908.87,112,15.75,None,1,1
S6298,2026-04-04,05:05 PM,Sarojini,Library,0,0,04:47 PM,07:34 PM,04:34 PM,07:49 PM,715.73,129,17.7,None,0,0
S6299,2026-04-21,11:23 PM,Yamuna,Library,0,0,10:16 PM,11:40 PM,09:46 PM,11:59 PM,496.61,151,20.31,None,0,0
S6300,2026-04-08,01:26 AM,Sarojini,Hostel,0,0,0,0,0,0,253.87,21,23.13,None,0,0
S6301,2026-05-01,09:45 AM,Sarojini,Mess,09:30 AM,10:01 AM,0,0,0,0,471.54,27,28.29,Breakfast,0,0
S6302,2026-04-24,03:46 PM,Ganga,Library,0,0,01:33 PM,04:20 PM,01:24 PM,05:19 PM,568.4,189,23.13,None,0,0
S6303,2026-04-04,09:08 AM,Ganga,Mess,08:25 AM,09:08 AM,0,0,0,0,299.73,169,39.47,Breakfast,0,0
S6304,2026-04-16,12:57 PM,Azad,Mess,12:50 PM,01:10 PM,0,0,0,0,265.93,158,38.32,Lunch,0,0
S6305,2026-04-30,07:42 AM,Rajendra,Hostel,0,0,0,0,0,0,148.48,104,26.77,None,0,0
S6306,2026-04-24,07:33 PM,Azad,Outside,0,0,0,0,05:36 PM,08:36 PM,256.36,112,7.37,None,0,0
S6307,2026-04-13,07:35 PM,Yamuna,Mess,07:28 PM,08:15 PM,0,0,0,0,552.53,16,24.24,Dinner,0,0
S6308,2026-04-18,11:34 AM,Rajendra,Library,0,0,11:19 AM,01:17 PM,10:53 AM,01:29 PM,859.93,145,19.29,None,1,0
S6309,2026-04-05,09:34 PM,Sarojini,Mess,09:27 PM,09:52 PM,0,0,0,0,652.15,98,47.52,Dinner,0,0
S6310,2026-04-15,08:11 PM,Sarojini,Mess,08:10 PM,08:40 PM,0,0,0,0,383.31,72,46.42,Dinner,0,0
S6311,2026-04-21,02:26 PM,Sarojini,Hostel,0,0,0,0,0,0,132.13,11,14.87,None,1,0
S6312,2026-04-17,05:44 PM,Yamuna,Library,0,0,05:26 PM,06:43 PM,05:07 PM,07:09 PM,529.71,43,17.05,None,0,0
S6313,2026-04-04,03:05 AM,Azad,Outside,0,0,0,0,01:52 AM,05:40 AM,100.34,39,3.95,None,0,0
S6314,2026-04-14,10:35 PM,Yamuna,Hostel,0,0,0,0,0,0,1452.83,142,38.8,None,0,0
S6315,2026-04-15,01:25 PM,Ganga,Mess,12:55 PM,01:28 PM,0,0,0,0,648.12,96,33.87,Lunch,0,0
S6316,2026-04-27,09:17 PM,Ganga,Mess,08:42 PM,09:20 PM,0,0,0,0,475.22,124,31.21,Dinner,0,0
S6317,2026-04-13,06:54 PM,Yamuna,Library,0,0,05:08 PM,07:06 PM,04:55 PM,08:06 PM,667.73,48,18.24,None,0,0
S6318,2026-04-25,10:06 PM,Sarojini,Library,0,0,09:57 PM,11:59 PM,09:29 PM,11:59 PM,618.06,44,14.44,None,0,0
S6319,2026-04-09,12:43 AM,Azad,Hostel,0,0,0,0,0,0,110.58,111,38.29,None,0,0
S6320,2026-04-26,11:37 PM,Rajendra,Library,0,0,10:48 PM,11:59 PM,10:31 PM,11:59 PM,787.25,29,14.82,None,0,0
S6321,2026-04-27,07:52 PM,Sarojini,Outside,0,0,0,0,06:14 PM,10:17 PM,221.41,95,11.76,None,0,0
S6322,2026-04-27,09:41 PM,Rajendra,Library,0,0,08:16 PM,10:14 PM,08:07 PM,10:32 PM,952.22,81,11.39,None,0,0
S6323,2026-04-05,10:14 AM,Rajendra,Mess,09:16 AM,10:14 AM,0,0,0,0,484.67,39,32.82,Breakfast,0,0
S6324,2026-04-18,08:15 PM,Azad,Library,0,0,07:45 PM,08:59 PM,07:20 PM,09:43 PM,853.02,134,32.61,None,0,0
S6325,2026-04-03,01:30 AM,Sarojini,Outside,0,0,0,0,0,03:14 AM,162.88,150,11.77,None,0,0
S6326,2026-04-25,06:58 PM,Yamuna,Library,0,0,06:36 PM,07:07 PM,06:21 PM,07:28 PM,576.79,14,13.48,None,0,0
S6327,2026-04-04,09:07 PM,Azad,Library,0,0,07:49 PM,10:18 PM,07:23 PM,11:16 PM,740.33,170,34.73,None,0,0
S6328,2026-04-25,05:28 PM,Sarojini,Library,0,0,04:25 PM,05:36 PM,04:08 PM,05:48 PM,690.93,54,17.69,None,0,0
S6329,2026-04-02,08:15 PM,Ganga,Hostel,0,0,0,0,0,0,1128.06,95,24.12,None,0,0
S6330,2026-04-02,11:39 PM,Ganga,Library,0,0,10:00 PM,11:51 PM,09:47 PM,11:59 PM,523.66,60,14.74,None,0,0
S6331,2026-04-19,09:20 PM,Ganga,Library,0,0,08:56 PM,09:49 PM,08:41 PM,09:59 PM,1007.24,37,8.91,None,0,0
S6332,2026-04-25,06:38 PM,Azad,Outside,0,0,0,0,05:50 PM,09:19 PM,390.73,179,10.88,None,0,0
S6333,2026-04-25,11:48 PM,Rajendra,Library,0,0,10:49 PM,11:59 PM,10:26 PM,11:59 PM,855.91,159,23.98,None,0,0
S6334,2026-04-17,12:01 PM,Rajendra,Library,0,0,11:41 AM,12:20 PM,11:22 AM,12:44 PM,664.49,175,35.25,None,1,0
S6335,2026-04-24,01:24 PM,Yamuna,Mess,12:26 PM,01:25 PM,0,0,0,0,638.91,153,34.71,Lunch,0,0
S6336,2026-04-14,08:43 PM,Azad,Mess,08:00 PM,08:46 PM,0,0,0,0,502.42,189,33.91,Dinner,0,0
S6337,2026-04-20,09:47 AM,Ganga,Mess,09:44 AM,10:36 AM,0,0,0,0,477.44,90,40.69,Breakfast,0,0
S6338,2026-04-06,07:07 PM,Ganga,Outside,0,0,0,0,05:20 PM,08:10 PM,236.53,46,3.08,None,0,0
S6339,2026-04-24,08:31 AM,Ganga,Hostel,0,0,0,0,0,0,105.37,76,21.68,None,0,0
S6340,2026-04-02,06:59 AM,Ganga,Outside,0,0,0,0,05:07 AM,08:18 AM,236.94,191,14.85,None,0,0
S6341,2026-04-25,05:51 PM,Rajendra,Library,0,0,04:30 PM,06:04 PM,04:03 PM,06:42 PM,565.9,52,13.0,None,0,0
S6342,2026-04-14,05:43 PM,Yamuna,Library,0,0,04:39 PM,06:53 PM,04:14 PM,07:46 PM,876.8,66,19.12,None,0,0
S6343,2026-04-09,09:48 AM,Sarojini,Hostel,0,0,0,0,0,0,204.41,169,30.7,None,1,1
S6344,2026-04-24,08:31 PM,Rajendra,Library,0,0,06:10 PM,08:36 PM,05:43 PM,09:22 PM,774.73,70,22.38,None,0,0
S6345,2026-05-01,10:28 PM,Azad,Hostel,0,0,0,0,0,0,1067.19,10,16.34,None,0,0
S6346,2026-04-08,09:41 AM,Rajendra,Mess,09:27 AM,10:06 AM,0,0,0,0,434.36,15,32.12,Breakfast,1,1
S6347,2026-04-05,04:01 PM,Rajendra,Hostel,0,0,0,0,0,0,263.78,122,24.57,None,0,0
S6348,2026-04-05,05:01 AM,Azad,Hostel,0,0,0,0,0,0,337.17,190,42.68,None,0,0
S6349,2026-04-04,07:51 PM,Ganga,Library,0,0,07:41 PM,08:22 PM,07:24 PM,09:10 PM,676.8,95,13.72,None,0,0
S6350,2026-04-02,04:48 AM,Rajendra,Hostel,0,0,0,0,0,0,219.06,129,19.62,None,0,0
S6351,2026-04-28,03:39 AM,Azad,Outside,0,0,0,0,02:10 AM,06:37 AM,304.75,111,12.36,None,0,0
S6352,2026-04-23,08:41 PM,Rajendra,Library,0,0,07:55 PM,09:45 PM,07:47 PM,10:19 PM,895.47,76,22.39,None,0,0
S6353,2026-04-23,11:31 AM,Ganga,Hostel,0,0,0,0,0,0,172.19,43,24.5,None,1,0
S6354,2026-04-06,08:15 AM,Azad,Classroom,0,0,0,0,07:49 AM,08:53 AM,306.72,67,9.77,None,1,1
S6355,2026-04-20,04:56 PM,Rajendra,Classroom,0,0,0,0,04:27 PM,05:37 PM,160.6,72,10.23,None,1,1
S6356,2026-04-22,07:01 PM,Rajendra,Library,0,0,05:29 PM,08:25 PM,05:08 PM,08:54 PM,498.4,153,24.07,None,0,0
S6357,2026-04-08,02:38 PM,Sarojini,Mess,02:05 PM,02:51 PM,0,0,0,0,295.62,10,39.32,Lunch,0,0
S6358,2026-04-24,11:37 AM,Rajendra,Classroom,0,0,0,0,11:14 AM,01:35 PM,193.19,192,12.21,None,1,0
S6359,2026-05-01,09:26 AM,Ganga,Mess,09:14 AM,09:35 AM,0,0,0,0,482.76,24,24.99,Breakfast,0,0
S6360,2026-05-01,08:04 PM,Azad,Library,0,0,07:27 PM,08:15 PM,06:58 PM,08:58 PM,1019.13,62,15.32,None,0,0
S6361,2026-04-18,08:35 PM,Sarojini,Mess,08:03 PM,08:36 PM,0,0,0,0,340.49,94,31.04,Dinner,0,0
S6362,2026-04-29,11:05 PM,Yamuna,Hostel,0,0,0,0,0,0,1164.94,102,28.33,None,0,0
S6363,2026-04-15,02:08 PM,Ganga,Mess,01:40 PM,02:39 PM,0,0,0,0,286.46,153,41.96,Lunch,0,0
S6364,2026-04-22,04:33 PM,Azad,Outside,0,0,0,0,03:23 PM,07:01 PM,372.23,62,8.67,None,0,0
S6365,2026-04-27,02:23 PM,Ganga,Mess,01:44 PM,02:41 PM,0,0,0,0,546.94,157,38.82,Lunch,1,0
S6366,2026-04-15,05:52 AM,Yamuna,Outside,0,0,0,0,04:53 AM,07:19 AM,392.55,131,16.48,None,0,0
S6367,2026-04-14,04:30 PM,Azad,Library,0,0,02:37 PM,04:41 PM,02:08 PM,05:10 PM,903.24,57,17.24,None,1,1
S6368,2026-04-16,09:40 PM,Sarojini,Library,0,0,09:36 PM,11:37 PM,09:21 PM,11:53 PM,793.72,87,14.74,None,0,0
S6369,2026-04-14,05:07 AM,Azad,Hostel,0,0,0,0,0,0,189.91,180,33.4,None,0,0
S6370,2026-04-14,09:31 AM,Ganga,Outside,0,0,0,0,08:55 AM,10:34 AM,117.74,116,8.52,None,1,1
S6371,2026-04-10,08:44 PM,Sarojini,Outside,0,0,0,0,07:23 PM,11:30 PM,185.34,104,14.18,None,0,0
S6372,2026-04-14,09:36 PM,Sarojini,Outside,0,0,0,0,08:44 PM,11:59 PM,390.86,151,17.12,None,0,0
S6373,2026-04-24,03:36 PM,Rajendra,Library,0,0,02:15 PM,03:59 PM,01:45 PM,04:55 PM,758.58,21,9.44,None,0,0
S6374,2026-04-01,04:14 AM,Sarojini,Outside,0,0,0,0,03:18 AM,06:24 AM,218.45,97,13.47,None,0,0
S6375,2026-04-17,09:55 PM,Azad,Library,0,0,08:48 PM,10:40 PM,08:29 PM,11:38 PM,852.67,153,27.96,None,0,0
S6376,2026-04-07,08:56 PM,Sarojini,Outside,0,0,0,0,07:34 PM,10:57 PM,383.69,51,3.17,None,0,0
S6377,2026-04-26,05:52 PM,Yamuna,Library,0,0,05:42 PM,08:15 PM,05:16 PM,08:36 PM,751.24,170,25.61,None,0,0
S6378,2026-04-24,01:50 PM,Yamuna,Library,0,0,01:18 PM,02:25 PM,01:11 PM,02:58 PM,641.21,20,15.15,None,0,0
S6379,2026-04-14,08:22 PM,Yamuna,Mess,08:10 PM,08:54 PM,0,0,0,0,582.93,180,57.41,Dinner,0,0
S6380,2026-04-18,09:32 PM,Azad,Outside,0,0,0,0,07:42 PM,11:22 PM,168.34,56,3.13,None,0,0
S6381,2026-04-23,08:11 AM,Ganga,Mess,07:51 AM,08:50 AM,0,0,0,0,518.16,134,30.15,Breakfast,0,0
S6382,2026-04-07,12:16 PM,Sarojini,Mess,12:08 PM,01:01 PM,0,0,0,0,306.98,127,55.88,Lunch,0,0
S6383,2026-04-14,01:47 PM,Rajendra,Mess,01:05 PM,01:59 PM,0,0,0,0,408.67,164,48.46,Lunch,1,0
S6384,2026-04-06,07:15 PM,Azad,Library,0,0,06:52 PM,07:47 PM,06:28 PM,08:22 PM,765.86,170,29.99,None,0,0
S6385,2026-04-14,08:14 AM,Azad,Classroom,0,0,0,0,07:47 AM,09:32 AM,333.49,10,1.14,None,1,1
S6386,2026-04-29,10:42 AM,Ganga,Library,0,0,10:39 AM,11:57 AM,10:19 AM,12:15 PM,635.35,129,24.51,None,1,1
S6387,2026-04-04,05:44 PM,Rajendra,Classroom,0,0,0,0,05:06 PM,07:07 PM,259.03,44,5.31,None,1,1
S6388,2026-04-10,09:33 PM,Azad,Mess,09:25 PM,09:50 PM,0,0,0,0,266.58,18,30.92,Dinner,0,0
S6389,2026-04-30,09:39 PM,Yamuna,Library,0,0,08:32 PM,10:05 PM,08:20 PM,10:42 PM,575.76,135,17.22,None,0,0
S6390,2026-04-22,03:33 PM,Sarojini,Classroom,0,0,0,0,02:59 PM,04:09 PM,197.02,13,0.7,None,1,0
S6391,2026-04-12,01:09 PM,Sarojini,Mess,12:15 PM,01:13 PM,0,0,0,0,508.11,184,34.38,Lunch,0,0
S6392,2026-04-04,08:57 AM,Ganga,Mess,08:23 AM,09:21 AM,0,0,0,0,488.98,123,39.33,Breakfast,0,0
S6393,2026-04-06,06:09 PM,Sarojini,Library,0,0,04:41 PM,07:04 PM,04:12 PM,07:16 PM,812.69,170,30.89,None,0,0
S6394,2026-04-23,08:42 AM,Azad,Mess,08:40 AM,09:14 AM,0,0,0,0,304.5,49,41.38,Breakfast,0,0
S6395,2026-04-10,10:19 PM,Rajendra,Library,0,0,08:23 PM,10:35 PM,08:10 PM,11:27 PM,728.36,180,36.69,None,0,0
S6396,2026-04-30,08:15 PM,Yamuna,Library,0,0,08:01 PM,08:50 PM,07:37 PM,09:27 PM,861.74,55,9.93,None,0,0
S6397,2026-04-18,02:02 PM,Rajendra,Library,0,0,01:53 PM,02:52 PM,01:35 PM,03:51 PM,827.62,108,23.66,None,1,0
S6398,2026-05-01,01:30 PM,Rajendra,Mess,01:18 PM,02:14 PM,0,0,0,0,464.56,37,38.07,Lunch,0,0
S6399,2026-04-24,07:29 PM,Ganga,Mess,07:28 PM,08:05 PM,0,0,0,0,413.87,172,39.93,Dinner,0,0
S6400,2026-04-01,05:55 PM,Rajendra,Outside,0,0,0,0,05:10 PM,07:46 PM,181.3,67,6.59,None,0,0
S6401,2026-04-04,09:05 PM,Azad,Outside,0,0,0,0,08:10 PM,10:33 PM,184.88,189,18.86,None,0,0
S6402,2026-04-09,08:51 AM,Rajendra,Mess,08:33 AM,09:00 AM,0,0,0,0,471.75,180,32.82,Breakfast,0,0
S6403,2026-04-26,09:19 AM,Azad,Library,0,0,09:09 AM,10:45 AM,08:41 AM,11:41 AM,884.69,192,18.84,None,0,0
S6404,2026-04-24,12:25 PM,Rajendra,Hostel,0,0,0,0,0,0,112.36,115,20.32,None,0,0
S6405,2026-04-06,01:31 PM,Rajendra,Mess,01:16 PM,01:37 PM,0,0,0,0,285.89,120,44.42,Lunch,1,0
S6406,2026-04-12,09:25 AM,Yamuna,Mess,09:22 AM,10:16 AM,0,0,0,0,482.45,21,37.63,Breakfast,0,0
S6407,2026-04-15,05:35 PM,Sarojini,Library,0,0,02:58 PM,05:47 PM,02:37 PM,06:04 PM,440.94,72,17.27,None,0,0
S6408,2026-04-04,10:11 PM,Sarojini,Outside,0,0,0,0,09:26 PM,11:59 PM,137.63,115,9.37,None,0,0
S6409,2026-04-30,12:59 PM,Ganga,Library,0,0,12:20 PM,02:41 PM,11:53 AM,03:12 PM,662.91,62,20.23,None,0,0
S6410,2026-04-29,09:02 PM,Azad,Hostel,0,0,0,0,0,0,985.29,19,24.26,None,0,0
S6411,2026-04-21,08:53 AM,Azad,Mess,08:34 AM,09:03 AM,0,0,0,0,374.56,33,33.67,Breakfast,0,0
S6412,2026-04-28,12:25 PM,Sarojini,Library,0,0,11:29 AM,01:42 PM,11:07 AM,02:10 PM,929.52,67,16.73,None,1,0
S6413,2026-04-27,01:14 PM,Sarojini,Library,0,0,12:37 PM,02:17 PM,12:32 PM,02:29 PM,791.26,18,10.21,None,0,0
S6414,2026-04-03,09:59 PM,Ganga,Outside,0,0,0,0,08:27 PM,11:59 PM,364.0,184,24.54,None,0,0
S6415,2026-04-23,10:39 AM,Yamuna,Library,0,0,10:06 AM,11:08 AM,09:58 AM,11:32 AM,752.53,183,23.93,None,1,1
S6416,2026-04-02,01:30 PM,Sarojini,Mess,01:29 PM,02:03 PM,0,0,0,0,373.42,32,31.64,Lunch,1,0
S6417,2026-04-13,09:38 AM,Sarojini,Mess,09:14 AM,09:42 AM,0,0,0,0,493.4,21,39.8,Breakfast,0,0
S6418,2026-04-03,01:50 PM,Sarojini,Library,0,0,01:06 PM,04:06 PM,12:47 PM,04:25 PM,804.11,200,34.77,None,0,0
S6419,2026-04-20,10:28 PM,Rajendra,Hostel,0,0,0,0,0,0,852.47,53,20.25,None,0,0
S6420,2026-04-22,01:50 AM,Azad,Outside,0,0,0,0,12:07 AM,03:44 AM,279.42,172,15.23,None,0,0
S6421,2026-04-26,08:05 AM,Rajendra,Mess,07:56 AM,08:30 AM,0,0,0,0,351.24,25,34.25,Breakfast,0,0
S6422,2026-04-09,04:08 PM,Yamuna,Classroom,0,0,0,0,03:55 PM,05:27 PM,332.13,108,15.01,None,1,1
S6423,2026-04-14,07:22 AM,Azad,Outside,0,0,0,0,06:09 AM,09:07 AM,311.4,25,3.44,None,0,0
S6424,2026-04-30,12:13 PM,Sarojini,Outside,0,0,0,0,11:03 AM,01:58 PM,181.09,30,1.89,None,0,0
S6425,2026-04-18,02:15 PM,Azad,Mess,01:58 PM,02:53 PM,0,0,0,0,380.79,75,36.43,Lunch,0,0
S6426,2026-04-06,12:51 AM,Ganga,Hostel,0,0,0,0,0,0,312.68,177,21.37,None,0,0
S6427,2026-05-01,06:30 PM,Yamuna,Library,0,0,05:57 PM,08:04 PM,05:43 PM,08:48 PM,679.09,191,21.63,None,0,0
S6428,2026-04-19,10:52 PM,Sarojini,Hostel,0,0,0,0,0,0,1380.55,105,31.89,None,0,0
S6429,2026-04-25,08:19 PM,Rajendra,Mess,08:14 PM,08:38 PM,0,0,0,0,379.93,142,33.28,Dinner,0,0
S6430,2026-04-23,01:51 AM,Ganga,Hostel,0,0,0,0,0,0,344.26,196,33.8,None,0,0
S6431,2026-04-24,01:14 PM,Yamuna,Classroom,0,0,0,0,12:51 PM,03:07 PM,341.58,131,10.63,None,1,0
S6432,2026-04-08,01:51 PM,Ganga,Mess,01:04 PM,01:52 PM,0,0,0,0,502.72,46,28.45,Lunch,1,0
S6433,2026-04-03,01:53 PM,Rajendra,Mess,01:44 PM,02:34 PM,0,0,0,0,524.09,150,45.87,Lunch,0,0
S6434,2026-04-06,01:29 PM,Ganga,Hostel,0,0,0,0,0,0,257.4,87,29.93,None,1,0
S6435,2026-04-26,09:50 PM,Ganga,Outside,0,0,0,0,08:56 PM,11:59 PM,362.63,196,10.87,None,0,0
S6436,2026-04-26,11:37 PM,Azad,Library,0,0,10:21 PM,11:59 PM,10:07 PM,11:59 PM,500.8,168,30.38,None,0,0
S6437,2026-05-01,02:48 PM,Sarojini,Mess,02:01 PM,03:01 PM,0,0,0,0,530.38,107,37.29,Lunch,1,0
S6438,2026-04-28,09:02 PM,Rajendra,Library,0,0,08:33 PM,10:27 PM,08:23 PM,10:40 PM,979.83,85,22.64,None,0,0
S6439,2026-04-09,12:10 PM,Yamuna,Library,0,0,10:30 AM,12:44 PM,10:24 AM,01:28 PM,473.66,94,20.16,None,1,0
S6440,2026-04-27,02:06 PM,Yamuna,Mess,01:53 PM,02:26 PM,0,0,0,0,380.26,91,33.76,Lunch,0,0
S6441,2026-04-18,07:58 PM,Sarojini,Mess,07:21 PM,08:18 PM,0,0,0,0,259.68,163,40.69,Dinner,0,0
S6442,2026-04-25,01:43 PM,Rajendra,Library,0,0,01:10 PM,01:48 PM,12:58 PM,02:32 PM,620.2,142,25.82,None,0,0
S6443,2026-04-25,08:24 PM,Yamuna,Library,0,0,06:39 PM,09:07 PM,06:14 PM,09:28 PM,773.68,126,22.39,None,0,0
S6444,2026-04-08,02:54 PM,Yamuna,Mess,02:45 PM,03:19 PM,0,0,0,0,420.83,27,32.68,Lunch,1,0
S6445,2026-04-22,12:25 PM,Rajendra,Mess,12:17 PM,12:53 PM,0,0,0,0,308.34,52,28.69,Lunch,0,0
S6446,2026-04-19,09:50 PM,Azad,Outside,0,0,0,0,08:33 PM,11:22 PM,121.71,145,10.19,None,0,0
S6447,2026-04-30,07:27 AM,Azad,Outside,0,0,0,0,05:35 AM,10:13 AM,151.16,101,5.75,None,0,0
S6448,2026-04-27,02:15 PM,Azad,Mess,01:43 PM,02:15 PM,0,0,0,0,456.33,73,33.0,Lunch,1,0
S6449,2026-04-07,09:08 AM,Sarojini,Mess,08:16 AM,09:13 AM,0,0,0,0,409.84,21,22.1,Breakfast,0,0
S6450,2026-04-08,04:46 PM,Sarojini,Library,0,0,04:04 PM,05:29 PM,03:42 PM,05:54 PM,1042.96,115,20.76,None,0,0
S6451,2026-04-07,08:04 PM,Rajendra,Library,0,0,07:33 PM,08:58 PM,07:09 PM,09:39 PM,893.15,106,17.91,None,0,0
S6452,2026-04-24,07:30 AM,Rajendra,Outside,0,0,0,0,06:45 AM,09:19 AM,157.72,136,10.77,None,0,0
S6453,2026-04-18,10:22 PM,Yamuna,Mess,09:38 PM,10:37 PM,0,0,0,0,337.47,60,27.4,Dinner,0,0
S6454,2026-04-06,01:06 PM,Sarojini,Mess,12:27 PM,01:14 PM,0,0,0,0,691.11,28,42.51,Lunch,0,0
S6455,2026-04-05,02:32 PM,Yamuna,Mess,02:11 PM,02:52 PM,0,0,0,0,425.97,111,40.99,Lunch,0,0
S6456,2026-04-14,04:16 PM,Azad,Library,0,0,02:11 PM,04:25 PM,01:45 PM,05:02 PM,938.64,24,8.32,None,1,1
S6457,2026-04-28,06:58 PM,Azad,Library,0,0,05:28 PM,07:52 PM,05:18 PM,08:05 PM,968.1,133,21.41,None,0,0
S6458,2026-04-09,08:12 AM,Yamuna,Classroom,0,0,0,0,07:46 AM,10:11 AM,337.49,63,4.81,None,1,1
S6459,2026-04-04,06:07 PM,Sarojini,Library,0,0,03:38 PM,06:29 PM,03:25 PM,06:55 PM,864.32,70,13.85,None,0,0
S6460,2026-04-25,10:39 AM,Azad,Library,0,0,10:04 AM,12:19 PM,09:52 AM,01:12 PM,738.13,21,7.24,None,0,0
S6461,2026-04-01,07:31 PM,Rajendra,Outside,0,0,0,0,05:35 PM,09:56 PM,155.68,119,11.57,None,0,0
S6462,2026-04-15,05:55 PM,Rajendra,Library,0,0,04:43 PM,06:33 PM,04:37 PM,07:07 PM,1006.29,136,15.88,None,0,0
S6463,2026-04-27,01:53 AM,Azad,Outside,0,0,0,0,12:22 AM,03:59 AM,241.97,185,24.26,None,0,0
S6464,2026-05-01,01:40 AM,Azad,Outside,0,0,0,0,01:04 AM,03:50 AM,157.02,155,11.61,None,0,0
S6465,2026-04-15,06:13 AM,Ganga,Hostel,0,0,0,0,0,0,214.43,61,29.92,None,0,0
S6466,2026-04-08,07:53 PM,Rajendra,Hostel,0,0,0,0,0,0,322.07,193,34.59,None,0,0
S6467,2026-04-11,08:20 AM,Azad,Mess,08:07 AM,09:02 AM,0,0,0,0,482.67,71,38.61,Breakfast,0,0
S6468,2026-04-16,12:45 AM,Yamuna,Hostel,0,0,0,0,0,0,191.6,75,17.66,None,0,0
S6469,2026-04-25,07:59 PM,Rajendra,Mess,07:35 PM,08:31 PM,0,0,0,0,581.98,38,37.07,Dinner,0,0
S6470,2026-04-16,07:21 PM,Rajendra,Library,0,0,06:43 PM,09:16 PM,06:30 PM,09:57 PM,990.11,109,23.46,None,0,0
S6471,2026-04-09,02:19 PM,Yamuna,Hostel,0,0,0,0,0,0,347.62,132,39.13,None,1,0
S6472,2026-04-09,02:26 AM,Azad,Outside,0,0,0,0,01:15 AM,04:07 AM,316.52,16,1.24,None,0,0
S6473,2026-04-01,01:54 PM,Rajendra,Classroom,0,0,0,0,01:33 PM,03:24 PM,128.59,184,23.88,None,1,0
S6474,2026-04-18,10:32 AM,Azad,Classroom,0,0,0,0,10:21 AM,11:31 AM,195.79,58,5.59,None,1,1
S6475,2026-04-05,01:58 PM,Ganga,Library,0,0,12:56 PM,02:13 PM,12:35 PM,03:06 PM,791.68,61,22.84,None,1,0
S6476,2026-04-28,01:59 PM,Yamuna,Mess,01:48 PM,02:32 PM,0,0,0,0,477.63,59,27.71,Lunch,1,0
S6477,2026-04-04,08:52 PM,Yamuna,Hostel,0,0,0,0,0,0,1271.68,66,23.78,None,0,0
S6478,2026-04-22,07:27 PM,Sarojini,Library,0,0,06:46 PM,08:00 PM,06:37 PM,08:22 PM,753.84,101,17.38,None,0,0
S6479,2026-04-01,12:47 PM,Rajendra,Library,0,0,12:38 PM,01:54 PM,12:20 PM,02:48 PM,670.87,179,33.71,None,1,0
S6480,2026-04-23,05:01 AM,Ganga,Hostel,0,0,0,0,0,0,297.54,87,33.21,None,0,0
S6481,2026-04-26,10:30 PM,Ganga,Outside,0,0,0,0,08:31 PM,11:54 PM,386.91,77,6.32,None,0,0
S6482,2026-04-29,08:12 PM,Rajendra,Outside,0,0,0,0,07:11 PM,09:56 PM,145.54,21,1.76,None,0,0
S6483,2026-04-23,08:13 PM,Azad,Library,0,0,05:56 PM,08:30 PM,05:32 PM,09:20 PM,653.36,18,15.02,None,0,0
S6484,2026-04-16,02:25 PM,Rajendra,Mess,02:01 PM,02:30 PM,0,0,0,0,576.1,197,46.79,Lunch,0,0
S6485,2026-04-20,04:44 PM,Azad,Library,0,0,04:24 PM,04:56 PM,04:09 PM,05:29 PM,720.2,158,30.05,None,1,1
S6486,2026-04-01,09:39 AM,Sarojini,Mess,09:01 AM,09:48 AM,0,0,0,0,627.37,36,39.14,Breakfast,1,1
S6487,2026-04-27,08:51 PM,Sarojini,Mess,08:12 PM,09:12 PM,0,0,0,0,599.76,84,28.86,Dinner,0,0
S6488,2026-04-23,07:53 PM,Yamuna,Mess,07:42 PM,08:06 PM,0,0,0,0,290.8,162,49.67,Dinner,0,0
S6489,2026-04-28,04:18 PM,Rajendra,Hostel,0,0,0,0,0,0,363.05,123,22.99,None,0,0
S6490,2026-04-02,04:07 AM,Rajendra,Outside,0,0,0,0,03:19 AM,05:17 AM,210.75,100,6.45,None,0,0
S6491,2026-05-01,12:16 AM,Azad,Hostel,0,0,0,0,0,0,387.31,167,32.84,None,0,0
S6492,2026-04-12,02:22 PM,Sarojini,Library,0,0,01:32 PM,04:27 PM,01:13 PM,05:17 PM,896.99,41,10.13,None,1,0
S6493,2026-04-25,04:37 PM,Rajendra,Hostel,0,0,0,0,0,0,236.0,18,25.58,None,0,0
S6494,2026-04-24,04:29 AM,Rajendra,Outside,0,0,0,0,03:37 AM,06:35 AM,256.45,143,12.85,None,0,0
S6495,2026-04-27,09:16 PM,Sarojini,Library,0,0,08:15 PM,09:36 PM,07:52 PM,10:02 PM,931.51,100,11.7,None,0,0
S6496,2026-04-16,09:04 PM,Azad,Hostel,0,0,0,0,0,0,1376.03,64,27.31,None,0,0
S6497,2026-04-27,09:28 PM,Azad,Mess,08:51 PM,09:38 PM,0,0,0,0,239.78,142,54.62,Dinner,0,0
S6498,2026-04-03,08:36 PM,Yamuna,Outside,0,0,0,0,06:46 PM,10:26 PM,128.72,80,4.69,None,0,0
S6499,2026-04-06,08:06 AM,Azad,Mess,07:57 AM,08:44 AM,0,0,0,0,472.62,111,41.27,Breakfast,0,0
S6500,2026-04-06,03:30 PM,Azad,Library,0,0,02:33 PM,04:08 PM,02:27 PM,04:23 PM,747.61,76,18.95,None,0,0
S6501,2026-04-11,11:00 PM,Sarojini,Outside,0,0,0,0,09:20 PM,11:59 PM,371.22,183,10.0,None,0,0
S6502,2026-04-18,11:27 PM,Ganga,Outside,0,0,0,0,09:52 PM,11:59 PM,346.85,187,13.37,None,0,0
S6503,2026-04-02,02:00 PM,Ganga,Outside,0,0,0,0,12:02 PM,03:20 PM,172.06,43,5.15,None,1,0
S6504,2026-04-14,09:05 AM,Azad,Mess,09:01 AM,09:22 AM,0,0,0,0,343.71,110,34.96,Breakfast,1,1
S6505,2026-04-14,04:48 AM,Rajendra,Hostel,0,0,0,0,0,0,367.28,64,31.05,None,0,0
S6506,2026-04-09,03:55 PM,Rajendra,Library,0,0,03:42 PM,04:13 PM,03:17 PM,05:04 PM,753.93,33,13.15,None,0,0
S6507,2026-04-28,01:53 PM,Sarojini,Library,0,0,01:22 PM,02:17 PM,12:52 PM,03:01 PM,680.26,71,13.61,None,1,0
S6508,2026-04-20,02:43 PM,Yamuna,Hostel,0,0,0,0,0,0,108.33,83,31.84,None,0,0
S6509,2026-04-21,09:31 PM,Sarojini,Library,0,0,09:05 PM,11:36 PM,08:58 PM,11:59 PM,681.59,69,20.97,None,0,0
S6510,2026-04-12,07:37 PM,Sarojini,Library,0,0,07:20 PM,08:55 PM,06:51 PM,09:51 PM,922.44,55,18.29,None,0,0
S6511,2026-04-19,06:22 PM,Rajendra,Outside,0,0,0,0,05:34 PM,09:17 PM,111.61,40,5.33,None,0,0
S6512,2026-04-03,10:07 AM,Rajendra,Mess,09:54 AM,10:43 AM,0,0,0,0,405.54,107,40.57,Breakfast,0,0
S6513,2026-04-15,08:49 AM,Ganga,Classroom,0,0,0,0,08:21 AM,09:25 AM,243.51,169,14.89,None,1,1
S6514,2026-04-29,10:10 PM,Azad,Library,0,0,09:24 PM,11:20 PM,09:19 PM,11:34 PM,546.88,76,21.03,None,0,0
S6515,2026-04-05,07:15 PM,Rajendra,Outside,0,0,0,0,06:19 PM,09:43 PM,121.26,163,13.62,None,0,0
S6516,2026-04-30,06:28 PM,Rajendra,Library,0,0,04:38 PM,07:33 PM,04:31 PM,07:56 PM,613.88,83,20.21,None,0,0
S6517,2026-04-14,10:47 PM,Yamuna,Hostel,0,0,0,0,0,0,1240.77,85,23.17,None,0,0
S6518,2026-04-13,02:14 PM,Sarojini,Library,0,0,02:03 PM,03:12 PM,01:34 PM,03:40 PM,597.32,10,7.32,None,1,0
S6519,2026-04-08,07:52 AM,Rajendra,Mess,07:13 AM,08:05 AM,0,0,0,0,575.86,129,29.53,Breakfast,0,0
S6520,2026-04-21,01:21 PM,Yamuna,Library,0,0,12:22 PM,02:25 PM,11:55 AM,03:24 PM,1009.84,24,15.04,None,0,0
S6521,2026-04-08,08:45 AM,Sarojini,Mess,08:05 AM,08:57 AM,0,0,0,0,532.45,144,49.5,Breakfast,0,0
S6522,2026-04-06,11:58 AM,Sarojini,Library,0,0,10:59 AM,12:43 PM,10:47 AM,01:29 PM,608.47,61,16.6,None,0,0
S6523,2026-04-29,12:38 PM,Yamuna,Mess,12:25 PM,01:19 PM,0,0,0,0,463.42,51,43.68,Lunch,0,0
S6524,2026-04-06,07:53 PM,Rajendra,Mess,07:29 PM,07:59 PM,0,0,0,0,593.53,122,38.16,Dinner,0,0
S6525,2026-04-07,04:22 PM,Yamuna,Library,0,0,03:22 PM,05:42 PM,03:04 PM,05:59 PM,893.53,169,26.95,None,0,0
S6526,2026-04-27,11:52 AM,Yamuna,Library,0,0,09:52 AM,12:26 PM,09:46 AM,12:51 PM,913.69,39,16.87,None,1,0
S6527,2026-04-27,09:47 PM,Yamuna,Mess,09:25 PM,09:59 PM,0,0,0,0,527.02,14,30.07,Dinner,0,0
S6528,2026-04-30,02:17 AM,Rajendra,Outside,0,0,0,0,12:21 AM,04:30 AM,398.79,98,7.89,None,0,0
S6529,2026-04-19,12:03 PM,Azad,Classroom,0,0,0,0,11:24 AM,01:47 PM,303.11,155,21.97,None,1,0
S6530,2026-04-17,03:24 PM,Sarojini,Library,0,0,12:43 PM,03:38 PM,12:36 PM,04:01 PM,777.08,37,13.98,None,1,0
S6531,2026-04-25,01:12 PM,Rajendra,Mess,12:46 PM,01:13 PM,0,0,0,0,414.92,158,34.21,Lunch,1,0
S6532,2026-04-07,09:13 AM,Ganga,Mess,08:40 AM,09:15 AM,0,0,0,0,322.61,137,40.84,Breakfast,0,0
S6533,2026-04-12,02:13 PM,Rajendra,Library,0,0,11:28 AM,02:16 PM,11:00 AM,02:54 PM,836.97,161,25.46,None,0,0
S6534,2026-04-02,10:36 PM,Azad,Library,0,0,10:19 PM,11:17 PM,10:11 PM,11:41 PM,721.03,22,17.51,None,0,0
S6535,2026-05-01,07:58 AM,Sarojini,Mess,07:36 AM,08:18 AM,0,0,0,0,456.27,156,39.58,Breakfast,0,0
S6536,2026-04-10,08:36 PM,Azad,Outside,0,0,0,0,06:52 PM,11:09 PM,157.15,110,11.85,None,0,0
S6537,2026-04-10,09:07 PM,Yamuna,Library,0,0,08:30 PM,10:53 PM,08:05 PM,11:38 PM,611.87,27,15.0,None,0,0
S6538,2026-04-01,09:17 PM,Azad,Library,0,0,07:45 PM,09:54 PM,07:35 PM,10:32 PM,651.45,133,12.53,None,0,0
S6539,2026-04-09,02:54 AM,Azad,Hostel,0,0,0,0,0,0,389.16,133,36.09,None,0,0
S6540,2026-04-24,01:27 PM,Rajendra,Mess,12:53 PM,01:34 PM,0,0,0,0,552.03,59,33.22,Lunch,1,0
S6541,2026-04-06,08:38 PM,Yamuna,Hostel,0,0,0,0,0,0,1302.55,192,35.31,None,0,0
S6542,2026-04-20,01:08 PM,Rajendra,Library,0,0,12:41 PM,02:12 PM,12:31 PM,03:10 PM,676.77,79,17.56,None,1,0
S6543,2026-04-18,08:19 PM,Azad,Hostel,0,0,0,0,0,0,997.11,37,27.95,None,0,0
S6544,2026-04-14,06:00 PM,Azad,Library,0,0,03:55 PM,06:02 PM,03:25 PM,06:54 PM,859.78,25,7.18,None,0,0
S6545,2026-04-01,09:50 AM,Sarojini,Mess,09:19 AM,09:51 AM,0,0,0,0,516.94,176,41.42,Breakfast,1,1
S6546,2026-04-25,10:37 PM,Rajendra,Hostel,0,0,0,0,0,0,953.13,149,24.57,None,0,0
S6547,2026-04-24,09:47 AM,Sarojini,Mess,09:40 AM,10:09 AM,0,0,0,0,464.94,124,30.79,Breakfast,0,0
S6548,2026-04-11,06:41 PM,Rajendra,Library,0,0,06:40 PM,08:22 PM,06:17 PM,09:10 PM,631.33,87,15.29,None,0,0
S6549,2026-04-19,09:31 AM,Yamuna,Mess,08:56 AM,09:34 AM,0,0,0,0,517.0,93,35.52,Breakfast,1,1
S6550,2026-04-20,12:34 PM,Yamuna,Classroom,0,0,0,0,12:17 PM,02:15 PM,228.19,199,16.15,None,1,0
S6551,2026-04-07,02:50 PM,Azad,Library,0,0,02:27 PM,03:46 PM,01:57 PM,04:03 PM,972.6,163,23.2,None,1,0
S6552,2026-04-06,11:43 AM,Yamuna,Outside,0,0,0,0,10:47 AM,02:07 PM,286.78,176,12.77,None,0,0
S6553,2026-04-27,07:41 PM,Rajendra,Library,0,0,06:35 PM,07:52 PM,06:30 PM,08:34 PM,619.31,41,11.68,None,0,0
S6554,2026-04-27,07:18 AM,Ganga,Mess,07:17 AM,08:04 AM,0,0,0,0,483.47,99,41.33,Breakfast,0,0
S6555,2026-04-18,09:19 AM,Sarojini,Mess,08:35 AM,09:32 AM,0,0,0,0,608.87,28,41.21,Breakfast,1,1
S6556,2026-04-08,12:43 PM,Yamuna,Library,0,0,12:16 PM,01:19 PM,11:56 AM,01:30 PM,910.51,87,17.57,None,0,0
S6557,2026-04-29,08:04 PM,Rajendra,Mess,07:42 PM,08:14 PM,0,0,0,0,385.98,62,37.74,Dinner,0,0
S6558,2026-04-28,08:55 PM,Rajendra,Library,0,0,07:41 PM,09:11 PM,07:18 PM,09:44 PM,739.98,148,33.88,None,0,0
S6559,2026-04-25,01:45 PM,Azad,Mess,01:22 PM,02:03 PM,0,0,0,0,404.0,61,42.35,Lunch,1,0
S6560,2026-04-03,02:37 PM,Azad,Mess,02:27 PM,03:04 PM,0,0,0,0,325.63,80,44.69,Lunch,1,0
S6561,2026-04-02,10:00 AM,Azad,Mess,09:48 AM,10:20 AM,0,0,0,0,558.69,181,57.02,Breakfast,0,0
S6562,2026-04-03,06:35 AM,Yamuna,Hostel,0,0,0,0,0,0,170.08,119,26.07,None,0,0
S6563,2026-04-10,12:43 PM,Rajendra,Hostel,0,0,0,0,0,0,176.29,14,16.99,None,0,0
S6564,2026-04-15,09:32 AM,Yamuna,Classroom,0,0,0,0,09:03 AM,11:29 AM,120.27,59,4.46,None,1,1
S6565,2026-04-25,07:08 PM,Yamuna,Library,0,0,06:07 PM,07:17 PM,05:53 PM,07:52 PM,978.81,68,17.21,None,0,0
S6566,2026-04-06,02:22 PM,Sarojini,Mess,02:00 PM,02:29 PM,0,0,0,0,285.54,170,35.48,Lunch,0,0
S6567,2026-04-27,09:22 PM,Rajendra,Hostel,0,0,0,0,0,0,942.16,106,25.74,None,0,0
S6568,2026-05-01,05:18 AM,Yamuna,Hostel,0,0,0,0,0,0,310.53,140,30.92,None,0,0
S6569,2026-04-23,09:15 PM,Ganga,Mess,09:05 PM,09:48 PM,0,0,0,0,508.72,60,31.82,Dinner,0,0
S6570,2026-04-28,12:52 PM,Rajendra,Library,0,0,12:42 PM,01:56 PM,12:32 PM,02:48 PM,890.59,199,30.71,None,1,0
S6571,2026-04-18,10:01 AM,Rajendra,Library,0,0,09:23 AM,10:14 AM,09:02 AM,10:25 AM,812.27,107,22.23,None,0,0
S6572,2026-04-01,10:36 AM,Sarojini,Mess,09:50 AM,10:36 AM,0,0,0,0,331.04,164,42.01,Breakfast,0,0
S6573,2026-04-07,07:43 PM,Azad,Hostel,0,0,0,0,0,0,238.42,102,29.93,None,0,0
S6574,2026-04-26,08:12 AM,Sarojini,Mess,07:44 AM,08:21 AM,0,0,0,0,408.79,110,51.67,Breakfast,0,0
S6575,2026-04-17,10:08 AM,Azad,Library,0,0,09:23 AM,10:23 AM,09:16 AM,11:05 AM,874.09,181,27.18,None,0,0
S6576,2026-04-20,11:19 AM,Sarojini,Library,0,0,09:02 AM,11:27 AM,08:46 AM,12:05 PM,488.24,82,21.45,None,1,0
S6577,2026-04-05,02:08 AM,Sarojini,Hostel,0,0,0,0,0,0,291.59,52,16.42,None,0,0
S6578,2026-04-18,10:24 AM,Yamuna,Library,0,0,09:53 AM,11:05 AM,09:28 AM,12:04 PM,642.01,139,29.82,None,1,1
S6579,2026-04-20,04:53 AM,Ganga,Hostel,0,0,0,0,0,0,116.36,183,28.51,None,0,0
S6580,2026-04-10,11:07 AM,Yamuna,Outside,0,0,0,0,09:44 AM,12:40 PM,387.89,83,9.99,None,0,0
S6581,2026-04-08,10:30 PM,Azad,Library,0,0,09:44 PM,11:07 PM,09:20 PM,11:27 PM,767.58,173,30.27,None,0,0
S6582,2026-04-04,09:26 AM,Ganga,Mess,09:13 AM,09:56 AM,0,0,0,0,245.59,114,38.13,Breakfast,1,1
S6583,2026-04-07,08:05 PM,Azad,Library,0,0,07:46 PM,10:40 PM,07:36 PM,11:16 PM,873.27,15,10.04,None,0,0
S6584,2026-04-12,07:11 PM,Ganga,Mess,07:02 PM,07:46 PM,0,0,0,0,564.88,93,50.12,Dinner,0,0
S6585,2026-04-20,06:32 PM,Rajendra,Library,0,0,05:39 PM,07:50 PM,05:27 PM,08:12 PM,1016.45,145,24.8,None,0,0
S6586,2026-04-21,05:52 PM,Yamuna,Outside,0,0,0,0,05:21 PM,08:48 PM,377.46,78,5.86,None,0,0
S6587,2026-04-22,03:37 AM,Sarojini,Outside,0,0,0,0,01:55 AM,06:31 AM,376.4,29,2.81,None,0,0
S6588,2026-04-28,10:56 PM,Rajendra,Library,0,0,10:30 PM,11:38 PM,10:00 PM,11:59 PM,944.16,155,22.22,None,0,0
S6589,2026-05-01,01:58 PM,Sarojini,Mess,01:41 PM,02:05 PM,0,0,0,0,617.95,144,41.28,Lunch,0,0
S6590,2026-04-24,10:16 PM,Rajendra,Library,0,0,09:58 PM,11:43 PM,09:30 PM,11:56 PM,649.52,74,20.56,None,0,0
S6591,2026-04-07,08:44 PM,Ganga,Outside,0,0,0,0,06:55 PM,09:44 PM,200.1,49,2.86,None,0,0
S6592,2026-04-10,04:53 PM,Yamuna,Library,0,0,04:35 PM,05:15 PM,04:29 PM,06:15 PM,630.82,151,27.01,None,0,0
S6593,2026-05-01,09:16 AM,Azad,Library,0,0,09:02 AM,11:12 AM,08:41 AM,12:10 PM,880.11,104,20.13,None,0,0
S6594,2026-04-15,08:44 PM,Rajendra,Mess,08:13 PM,08:47 PM,0,0,0,0,664.12,140,41.25,Dinner,0,0
S6595,2026-04-18,11:40 AM,Ganga,Library,0,0,11:11 AM,12:13 PM,10:41 AM,12:45 PM,923.38,152,24.31,None,1,0
S6596,2026-04-02,01:50 PM,Rajendra,Mess,01:15 PM,02:00 PM,0,0,0,0,570.79,177,52.93,Lunch,1,0
S6597,2026-04-04,11:07 AM,Sarojini,Classroom,0,0,0,0,10:51 AM,12:23 PM,396.8,17,0.86,None,1,0
S6598,2026-04-13,01:59 PM,Yamuna,Library,0,0,12:38 PM,02:34 PM,12:25 PM,03:03 PM,1030.33,27,13.36,None,1,0
S6599,2026-04-27,04:45 PM,Azad,Library,0,0,02:01 PM,05:00 PM,01:31 PM,05:49 PM,426.93,188,37.37,None,0,0
S6600,2026-04-13,03:18 PM,Ganga,Mess,02:54 PM,03:49 PM,0,0,0,0,562.66,120,51.67,Lunch,0,0
S6601,2026-04-22,08:28 PM,Ganga,Library,0,0,08:27 PM,09:13 PM,08:10 PM,09:37 PM,735.87,89,23.82,None,0,0
S6602,2026-04-20,11:02 PM,Ganga,Outside,0,0,0,0,09:53 PM,11:59 PM,306.49,49,4.23,None,0,0
S6603,2026-04-13,08:50 PM,Azad,Library,0,0,08:33 PM,09:33 PM,08:18 PM,10:17 PM,897.87,161,34.55,None,0,0
S6604,2026-04-05,11:50 AM,Yamuna,Library,0,0,11:31 AM,12:27 PM,11:20 AM,12:47 PM,851.07,107,21.95,None,0,0
S6605,2026-04-06,09:47 PM,Rajendra,Hostel,0,0,0,0,0,0,716.68,73,28.16,None,0,0
S6606,2026-05-01,01:43 AM,Rajendra,Hostel,0,0,0,0,0,0,211.86,189,38.97,None,0,0
S6607,2026-04-27,10:05 PM,Azad,Mess,09:47 PM,10:40 PM,0,0,0,0,442.86,35,32.84,Dinner,0,0
S6608,2026-04-27,03:21 PM,Ganga,Mess,02:38 PM,03:38 PM,0,0,0,0,537.58,99,47.62,Lunch,1,0
S6609,2026-04-06,05:39 PM,Azad,Hostel,0,0,0,0,0,0,283.33,172,30.33,None,0,0
S6610,2026-04-13,11:02 PM,Sarojini,Library,0,0,09:23 PM,11:57 PM,09:12 PM,11:59 PM,679.44,18,13.53,None,0,0
S6611,2026-04-01,12:12 PM,Azad,Library,0,0,11:17 AM,12:13 PM,11:03 AM,12:26 PM,778.02,28,17.02,None,1,0
S6612,2026-04-14,07:09 PM,Yamuna,Mess,07:00 PM,07:47 PM,0,0,0,0,388.41,178,42.04,Dinner,0,0
S6613,2026-04-10,05:25 PM,Rajendra,Hostel,0,0,0,0,0,0,226.86,165,33.04,None,0,0
S6614,2026-04-19,09:49 AM,Ganga,Mess,09:26 AM,10:23 AM,0,0,0,0,471.73,112,44.49,Breakfast,1,1
S6615,2026-04-27,03:25 PM,Yamuna,Library,0,0,02:16 PM,04:16 PM,01:59 PM,05:04 PM,717.77,51,13.53,None,1,0
S6616,2026-04-09,01:15 PM,Ganga,Library,0,0,12:33 PM,01:15 PM,12:27 PM,01:42 PM,839.85,193,24.56,None,0,0
S6617,2026-04-27,04:07 PM,Azad,Library,0,0,02:48 PM,04:34 PM,02:22 PM,05:15 PM,636.79,138,13.93,None,1,1
S6618,2026-04-29,01:15 PM,Sarojini,Mess,12:45 PM,01:31 PM,0,0,0,0,507.0,75,33.78,Lunch,0,0
S6619,2026-04-26,08:23 PM,Ganga,Mess,07:37 PM,08:27 PM,0,0,0,0,661.78,27,26.9,Dinner,0,0
S6620,2026-04-12,08:10 PM,Rajendra,Outside,0,0,0,0,07:26 PM,10:42 PM,176.11,182,9.17,None,0,0
S6621,2026-04-27,12:07 PM,Rajendra,Hostel,0,0,0,0,0,0,399.09,150,21.56,None,0,0
S6622,2026-04-01,09:48 PM,Yamuna,Mess,09:35 PM,09:58 PM,0,0,0,0,398.92,155,47.68,Dinner,0,0
S6623,2026-05-01,09:03 AM,Azad,Outside,0,0,0,0,07:52 AM,10:12 AM,190.05,22,1.74,None,1,1
S6624,2026-04-04,08:13 PM,Yamuna,Library,0,0,07:01 PM,08:57 PM,06:32 PM,09:20 PM,607.75,173,17.6,None,0,0
S6625,2026-04-11,04:22 PM,Yamuna,Outside,0,0,0,0,02:25 PM,07:05 PM,336.76,96,11.25,None,0,0
S6626,2026-04-20,09:03 PM,Ganga,Mess,08:58 PM,09:55 PM,0,0,0,0,463.88,61,28.53,Dinner,0,0
S6627,2026-04-09,02:10 PM,Ganga,Mess,01:29 PM,02:15 PM,0,0,0,0,643.55,152,39.24,Lunch,1,0
S6628,2026-04-21,09:24 PM,Yamuna,Mess,09:01 PM,09:38 PM,0,0,0,0,416.94,189,59.52,Dinner,0,0
S6629,2026-04-17,03:59 PM,Sarojini,Classroom,0,0,0,0,03:39 PM,04:31 PM,265.38,25,1.42,None,1,0
S6630,2026-04-27,08:39 PM,Rajendra,Library,0,0,07:35 PM,08:58 PM,07:22 PM,09:53 PM,866.97,192,35.65,None,0,0
S6631,2026-05-01,09:32 PM,Azad,Mess,09:21 PM,10:18 PM,0,0,0,0,510.75,29,25.43,Dinner,0,0
S6632,2026-04-23,01:21 PM,Ganga,Library,0,0,11:36 AM,01:42 PM,11:24 AM,01:58 PM,629.21,96,24.01,None,0,0
S6633,2026-04-06,09:04 PM,Ganga,Outside,0,0,0,0,07:30 PM,11:31 PM,146.86,155,21.83,None,0,0
S6634,2026-04-17,01:22 PM,Yamuna,Library,0,0,11:50 AM,01:59 PM,11:43 AM,02:46 PM,567.33,31,13.18,None,0,0
S6635,2026-04-06,02:39 PM,Rajendra,Outside,0,0,0,0,01:57 PM,04:39 PM,302.01,149,15.69,None,0,0
S6636,2026-04-23,02:00 PM,Yamuna,Mess,01:12 PM,02:04 PM,0,0,0,0,456.17,52,32.91,Lunch,0,0
S6637,2026-04-23,07:38 AM,Sarojini,Mess,07:18 AM,07:44 AM,0,0,0,0,476.57,129,48.99,Breakfast,0,0
S6638,2026-04-19,09:11 PM,Sarojini,Library,0,0,07:49 PM,10:30 PM,07:38 PM,10:50 PM,1000.6,29,18.03,None,0,0
S6639,2026-04-24,09:41 AM,Sarojini,Mess,09:16 AM,09:43 AM,0,0,0,0,243.53,109,39.84,Breakfast,1,1
S6640,2026-04-27,08:06 PM,Ganga,Mess,07:41 PM,08:36 PM,0,0,0,0,461.19,112,49.16,Dinner,0,0
S6641,2026-04-09,01:55 PM,Sarojini,Mess,01:49 PM,02:44 PM,0,0,0,0,486.83,25,38.46,Lunch,1,0
S6642,2026-04-02,11:05 PM,Yamuna,Hostel,0,0,0,0,0,0,915.76,157,38.57,None,0,0
S6643,2026-04-15,08:07 PM,Rajendra,Library,0,0,06:15 PM,08:13 PM,05:49 PM,08:45 PM,863.03,65,16.14,None,0,0
S6644,2026-04-11,04:25 PM,Rajendra,Library,0,0,04:22 PM,05:11 PM,03:53 PM,05:38 PM,986.94,99,21.84,None,1,1
S6645,2026-04-12,08:31 PM,Ganga,Mess,08:22 PM,08:57 PM,0,0,0,0,581.13,189,41.52,Dinner,0,0
S6646,2026-04-23,07:19 AM,Azad,Mess,07:15 AM,07:42 AM,0,0,0,0,390.79,26,25.8,Breakfast,0,0
S6647,2026-04-19,01:11 PM,Sarojini,Mess,12:59 PM,01:30 PM,0,0,0,0,209.81,187,42.93,Lunch,0,0
S6648,2026-04-01,10:10 PM,Yamuna,Hostel,0,0,0,0,0,0,1267.45,168,31.32,None,0,0
S6649,2026-04-26,03:08 PM,Azad,Mess,02:11 PM,03:09 PM,0,0,0,0,443.36,100,29.05,Lunch,0,0
S6650,2026-04-15,07:24 AM,Azad,Mess,07:00 AM,07:43 AM,0,0,0,0,513.5,168,51.68,Breakfast,0,0
S6651,2026-04-23,07:49 AM,Sarojini,Mess,07:35 AM,08:16 AM,0,0,0,0,525.48,109,47.13,Breakfast,0,0
S6652,2026-04-29,07:41 PM,Sarojini,Library,0,0,07:39 PM,09:18 PM,07:19 PM,09:54 PM,1014.52,143,22.14,None,0,0
S6653,2026-05-01,04:36 PM,Rajendra,Library,0,0,02:59 PM,05:15 PM,02:47 PM,05:29 PM,819.84,88,25.24,None,0,0
S6654,2026-04-16,03:11 PM,Rajendra,Library,0,0,02:33 PM,03:56 PM,02:15 PM,04:56 PM,697.57,49,14.34,None,1,0
S6655,2026-04-11,01:02 PM,Rajendra,Mess,12:33 PM,01:22 PM,0,0,0,0,543.99,98,44.55,Lunch,0,0
S6656,2026-04-26,08:36 AM,Yamuna,Mess,08:27 AM,08:51 AM,0,0,0,0,535.27,10,37.28,Breakfast,0,0
S6657,2026-04-03,01:35 PM,Sarojini,Mess,01:10 PM,01:44 PM,0,0,0,0,528.85,155,38.69,Lunch,0,0
S6658,2026-05-01,08:14 PM,Rajendra,Library,0,0,05:47 PM,08:27 PM,05:25 PM,09:08 PM,650.07,135,22.28,None,0,0
S6659,2026-04-13,10:13 PM,Azad,Library,0,0,09:01 PM,11:26 PM,08:36 PM,11:53 PM,669.8,180,27.37,None,0,0
S6660,2026-04-16,11:25 PM,Azad,Library,0,0,10:49 PM,11:37 PM,10:22 PM,11:59 PM,850.87,17,17.48,None,0,0
S6661,2026-04-12,07:58 PM,Ganga,Outside,0,0,0,0,06:52 PM,10:47 PM,296.66,13,0.71,None,0,0
S6662,2026-04-01,10:06 AM,Azad,Classroom,0,0,0,0,09:33 AM,11:47 AM,253.85,104,10.15,None,1,1
S6663,2026-04-29,03:46 PM,Yamuna,Hostel,0,0,0,0,0,0,194.57,194,28.51,None,1,0
S6664,2026-04-02,04:41 PM,Sarojini,Library,0,0,04:00 PM,05:22 PM,03:34 PM,06:05 PM,760.76,42,8.64,None,1,1
S6665,2026-04-29,12:01 AM,Ganga,Hostel,0,0,0,0,0,0,398.55,25,21.87,None,0,0
S6666,2026-04-11,11:09 PM,Ganga,Outside,0,0,0,0,10:33 PM,11:59 PM,254.41,157,13.39,None,0,0
S6667,2026-04-21,11:47 PM,Rajendra,Library,0,0,10:54 PM,11:59 PM,10:43 PM,11:59 PM,716.52,119,26.32,None,0,0
S6668,2026-04-03,07:32 PM,Rajendra,Hostel,0,0,0,0,0,0,133.0,65,26.69,None,0,0
S6669,2026-04-24,08:56 PM,Rajendra,Library,0,0,07:37 PM,09:19 PM,07:20 PM,09:52 PM,884.92,79,23.71,None,0,0
S6670,2026-04-04,06:37 PM,Rajendra,Hostel,0,0,0,0,0,0,158.06,147,41.64,None,0,0
S6671,2026-04-28,01:05 PM,Rajendra,Hostel,0,0,0,0,0,0,211.17,153,32.65,None,0,0
S6672,2026-04-01,02:09 AM,Yamuna,Outside,0,0,0,0,01:24 AM,05:02 AM,136.41,28,1.97,None,0,0
S6673,2026-04-15,05:19 PM,Sarojini,Hostel,0,0,0,0,0,0,242.77,85,28.02,None,0,0
S6674,2026-04-02,10:18 AM,Rajendra,Library,0,0,09:31 AM,10:35 AM,09:05 AM,11:03 AM,726.27,94,18.71,None,1,1
S6675,2026-04-15,01:52 PM,Azad,Library,0,0,12:18 PM,02:42 PM,11:53 AM,03:19 PM,998.2,138,33.75,None,0,0
S6676,2026-04-07,07:20 AM,Yamuna,Mess,07:01 AM,07:21 AM,0,0,0,0,303.45,96,39.53,Breakfast,0,0
S6677,2026-04-12,04:10 PM,Sarojini,Library,0,0,01:35 PM,04:15 PM,01:17 PM,05:09 PM,799.84,150,16.35,None,0,0
S6678,2026-04-02,10:27 PM,Rajendra,Mess,09:57 PM,10:45 PM,0,0,0,0,360.94,198,47.95,Dinner,0,0
S6679,2026-04-07,09:42 PM,Azad,Mess,08:54 PM,09:48 PM,0,0,0,0,379.51,101,35.41,Dinner,0,0
S6680,2026-04-08,05:14 PM,Yamuna,Library,0,0,04:03 PM,06:30 PM,03:57 PM,06:54 PM,625.7,159,29.74,None,0,0
S6681,2026-04-04,10:09 PM,Rajendra,Library,0,0,09:38 PM,10:25 PM,09:30 PM,10:56 PM,660.75,156,15.47,None,0,0
S6682,2026-04-03,09:19 PM,Sarojini,Outside,0,0,0,0,07:34 PM,10:46 PM,154.0,116,11.02,None,0,0
S6683,2026-04-13,08:52 PM,Ganga,Hostel,0,0,0,0,0,0,956.49,146,23.82,None,0,0
S6684,2026-04-02,08:08 PM,Sarojini,Hostel,0,0,0,0,0,0,951.27,112,25.95,None,0,0
S6685,2026-04-26,02:19 PM,Ganga,Mess,01:42 PM,02:21 PM,0,0,0,0,355.24,128,48.63,Lunch,0,0
S6686,2026-04-05,12:59 AM,Rajendra,Outside,0,0,0,0,12:06 AM,03:02 AM,237.27,92,8.9,None,0,0
S6687,2026-04-24,07:14 PM,Yamuna,Library,0,0,07:00 PM,08:29 PM,06:41 PM,09:27 PM,772.37,194,19.98,None,0,0
S6688,2026-04-28,10:03 AM,Sarojini,Library,0,0,09:18 AM,11:57 AM,09:12 AM,12:08 PM,925.43,28,10.17,None,1,1
S6689,2026-04-15,08:48 PM,Yamuna,Mess,08:21 PM,08:55 PM,0,0,0,0,404.3,71,39.84,Dinner,0,0
S6690,2026-04-01,09:24 PM,Sarojini,Library,0,0,09:23 PM,11:32 PM,09:16 PM,11:59 PM,777.82,66,15.94,None,0,0
S6691,2026-04-27,11:41 PM,Azad,Library,0,0,10:19 PM,11:59 PM,09:57 PM,11:59 PM,801.82,30,14.01,None,0,0
S6692,2026-04-08,10:41 PM,Sarojini,Hostel,0,0,0,0,0,0,1328.27,40,17.91,None,0,0
S6693,2026-04-23,02:12 AM,Ganga,Outside,0,0,0,0,01:38 AM,03:23 AM,152.83,12,0.61,None,0,0
S6694,2026-04-06,09:19 PM,Ganga,Library,0,0,09:14 PM,09:56 PM,08:55 PM,10:35 PM,913.56,28,12.02,None,0,0
S6695,2026-04-10,01:05 PM,Ganga,Mess,01:02 PM,01:37 PM,0,0,0,0,455.16,47,34.66,Lunch,0,0
S6696,2026-04-19,07:40 PM,Azad,Mess,07:31 PM,07:55 PM,0,0,0,0,422.88,23,34.96,Dinner,0,0
S6697,2026-04-03,09:08 PM,Ganga,Outside,0,0,0,0,08:01 PM,11:53 PM,335.31,168,11.22,None,0,0
S6698,2026-04-16,06:22 PM,Yamuna,Classroom,0,0,0,0,06:05 PM,08:19 PM,346.25,22,1.35,None,1,1
S6699,2026-04-24,08:23 PM,Azad,Mess,07:49 PM,08:32 PM,0,0,0,0,628.98,93,34.21,Dinner,0,0
S6700,2026-04-20,04:12 AM,Yamuna,Hostel,0,0,0,0,0,0,258.95,163,28.48,None,0,0
S6701,2026-04-23,03:03 PM,Azad,Mess,02:38 PM,03:11 PM,0,0,0,0,480.98,11,24.62,Lunch,1,0
S6702,2026-04-22,07:37 AM,Rajendra,Mess,07:17 AM,07:39 AM,0,0,0,0,595.96,122,55.14,Breakfast,0,0
S6703,2026-04-12,03:38 PM,Ganga,Library,0,0,03:16 PM,04:56 PM,02:59 PM,05:38 PM,844.75,156,31.32,None,1,0
S6704,2026-04-24,09:45 PM,Ganga,Library,0,0,09:11 PM,09:53 PM,08:41 PM,10:52 PM,622.0,32,14.5,None,0,0
S6705,2026-04-05,07:59 AM,Azad,Mess,07:25 AM,08:01 AM,0,0,0,0,552.02,118,43.23,Breakfast,0,0
S6706,2026-04-22,04:10 PM,Ganga,Library,0,0,02:59 PM,04:59 PM,02:37 PM,05:28 PM,781.47,58,10.82,None,0,0
S6707,2026-04-02,08:01 PM,Azad,Mess,07:19 PM,08:07 PM,0,0,0,0,367.77,12,26.18,Dinner,0,0
S6708,2026-04-13,12:38 PM,Yamuna,Mess,12:12 PM,01:10 PM,0,0,0,0,364.44,199,40.52,Lunch,1,0
S6709,2026-04-13,01:20 AM,Yamuna,Hostel,0,0,0,0,0,0,180.64,142,37.54,None,0,0
S6710,2026-04-03,11:24 PM,Rajendra,Library,0,0,09:19 PM,11:59 PM,09:00 PM,11:59 PM,690.68,45,15.32,None,0,0
S6711,2026-04-25,04:35 PM,Azad,Library,0,0,04:00 PM,06:09 PM,03:43 PM,06:29 PM,779.55,120,16.44,None,1,1
S6712,2026-04-07,11:55 AM,Azad,Outside,0,0,0,0,10:32 AM,01:43 PM,138.04,119,7.48,None,1,0
S6713,2026-04-20,01:08 PM,Rajendra,Mess,12:49 PM,01:10 PM,0,0,0,0,254.22,115,43.33,Lunch,1,0
S6714,2026-04-29,03:00 PM,Azad,Mess,02:36 PM,03:21 PM,0,0,0,0,593.35,183,47.96,Lunch,1,0
S6715,2026-04-08,08:24 AM,Yamuna,Outside,0,0,0,0,07:02 AM,10:09 AM,294.9,47,2.66,None,0,0
S6716,2026-04-10,11:56 PM,Rajendra,Library,0,0,10:53 PM,11:59 PM,10:46 PM,11:59 PM,861.89,117,27.1,None,0,0
S6717,2026-04-13,08:18 PM,Ganga,Library,0,0,07:26 PM,09:01 PM,07:20 PM,09:18 PM,722.55,29,10.56,None,0,0
S6718,2026-04-08,12:37 PM,Rajendra,Library,0,0,12:15 PM,01:25 PM,12:05 PM,02:21 PM,486.29,189,25.65,None,0,0
S6719,2026-04-17,09:51 AM,Ganga,Hostel,0,0,0,0,0,0,101.77,135,32.77,None,0,0
S6720,2026-04-19,10:30 AM,Rajendra,Classroom,0,0,0,0,10:05 AM,12:08 PM,285.11,184,26.56,None,1,1
S6721,2026-04-09,09:11 PM,Rajendra,Mess,08:50 PM,09:29 PM,0,0,0,0,349.55,58,30.3,Dinner,0,0
S6722,2026-04-13,06:13 AM,Ganga,Outside,0,0,0,0,05:16 AM,08:36 AM,248.34,30,1.83,None,0,0
S6723,2026-04-24,06:37 PM,Sarojini,Library,0,0,06:27 PM,07:54 PM,06:18 PM,08:38 PM,655.48,63,13.26,None,0,0
S6724,2026-04-30,08:40 PM,Rajendra,Library,0,0,08:08 PM,09:23 PM,07:41 PM,10:17 PM,862.03,148,35.8,None,0,0
S6725,2026-04-13,08:51 PM,Ganga,Mess,08:06 PM,08:53 PM,0,0,0,0,448.44,81,37.53,Dinner,0,0
S6726,2026-04-13,12:39 PM,Sarojini,Hostel,0,0,0,0,0,0,379.19,185,36.94,None,0,0
S6727,2026-04-17,04:46 AM,Rajendra,Outside,0,0,0,0,03:37 AM,06:56 AM,382.08,92,6.68,None,0,0
S6728,2026-05-01,01:32 AM,Azad,Hostel,0,0,0,0,0,0,394.64,47,20.57,None,0,0
S6729,2026-04-02,11:25 PM,Rajendra,Library,0,0,08:52 PM,11:43 PM,08:28 PM,11:59 PM,845.88,141,14.24,None,0,0
S6730,2026-04-16,05:14 PM,Ganga,Library,0,0,03:39 PM,05:45 PM,03:10 PM,06:11 PM,568.26,86,15.77,None,0,0
S6731,2026-04-01,10:45 PM,Ganga,Hostel,0,0,0,0,0,0,987.28,130,30.81,None,0,0
S6732,2026-04-08,06:24 PM,Yamuna,Library,0,0,05:54 PM,07:20 PM,05:46 PM,08:07 PM,465.15,13,8.33,None,0,0
S6733,2026-04-11,11:25 AM,Rajendra,Library,0,0,10:49 AM,11:39 AM,10:44 AM,12:27 PM,571.52,187,31.76,None,1,0
S6734,2026-04-21,08:01 AM,Ganga,Mess,07:44 AM,08:08 AM,0,0,0,0,457.35,40,28.88,Breakfast,0,0
S6735,2026-04-07,04:53 PM,Yamuna,Hostel,0,0,0,0,0,0,137.5,37,22.84,None,0,0
S6736,2026-04-28,02:47 PM,Sarojini,Mess,02:32 PM,02:53 PM,0,0,0,0,518.04,74,36.66,Lunch,1,0
S6737,2026-04-20,01:29 PM,Ganga,Library,0,0,12:16 PM,01:47 PM,12:00 PM,02:26 PM,683.55,17,14.5,None,0,0
S6738,2026-04-29,03:40 PM,Rajendra,Outside,0,0,0,0,02:17 PM,04:50 PM,225.01,95,11.5,None,0,0
S6739,2026-04-14,02:58 PM,Rajendra,Classroom,0,0,0,0,02:21 PM,03:53 PM,129.32,50,7.39,None,1,0
S6740,2026-04-29,07:23 AM,Yamuna,Mess,07:15 AM,07:48 AM,0,0,0,0,372.25,131,33.54,Breakfast,0,0
S6741,2026-04-30,06:33 PM,Azad,Library,0,0,05:32 PM,07:43 PM,05:21 PM,08:38 PM,722.03,107,20.28,None,0,0
S6742,2026-04-30,09:08 PM,Ganga,Outside,0,0,0,0,07:14 PM,10:37 PM,244.66,154,17.8,None,0,0
S6743,2026-04-21,04:40 PM,Azad,Library,0,0,03:43 PM,06:29 PM,03:17 PM,07:12 PM,760.3,189,25.91,None,1,1
S6744,2026-04-20,10:09 PM,Azad,Mess,09:25 PM,10:11 PM,0,0,0,0,377.27,70,34.36,Dinner,0,0
S6745,2026-04-21,11:45 PM,Ganga,Library,0,0,09:58 PM,11:59 PM,09:43 PM,11:59 PM,805.94,88,16.24,None,0,0
S6746,2026-04-07,04:45 PM,Sarojini,Library,0,0,03:27 PM,04:46 PM,03:13 PM,05:40 PM,616.99,166,28.35,None,1,1
S6747,2026-04-17,09:54 PM,Sarojini,Library,0,0,09:36 PM,10:23 PM,09:13 PM,10:59 PM,537.67,107,20.14,None,0,0
S6748,2026-04-09,09:47 PM,Rajendra,Outside,0,0,0,0,09:07 PM,11:19 PM,226.07,73,10.01,None,0,0
S6749,2026-04-07,05:56 PM,Azad,Library,0,0,05:17 PM,06:30 PM,05:06 PM,06:55 PM,949.8,166,37.07,None,0,0
S6750,2026-04-07,02:42 PM,Sarojini,Mess,02:16 PM,02:54 PM,0,0,0,0,459.0,66,43.47,Lunch,0,0
S6751,2026-04-06,03:47 PM,Yamuna,Library,0,0,02:07 PM,05:05 PM,01:47 PM,05:23 PM,870.73,73,15.07,None,1,0
S6752,2026-04-25,09:25 PM,Azad,Outside,0,0,0,0,07:51 PM,11:14 PM,173.76,168,15.05,None,0,0
S6753,2026-04-07,09:37 AM,Rajendra,Mess,09:30 AM,09:56 AM,0,0,0,0,443.82,164,49.06,Breakfast,1,1
S6754,2026-04-11,04:02 PM,Ganga,Library,0,0,02:49 PM,04:42 PM,02:42 PM,05:02 PM,712.78,122,24.36,None,1,1
S6755,2026-04-05,12:21 AM,Azad,Outside,0,0,0,0,0,02:32 AM,317.55,156,17.43,None,0,0
S6756,2026-04-19,09:02 PM,Sarojini,Mess,08:20 PM,09:17 PM,0,0,0,0,386.71,159,39.54,Dinner,0,0
S6757,2026-04-27,07:23 AM,Sarojini,Hostel,0,0,0,0,0,0,240.41,10,15.29,None,0,0
S6758,2026-05-01,09:18 AM,Yamuna,Mess,08:52 AM,09:52 AM,0,0,0,0,552.19,200,54.09,Breakfast,1,1
S6759,2026-04-28,05:30 AM,Azad,Outside,0,0,0,0,04:35 AM,08:30 AM,286.35,158,18.29,None,0,0
S6760,2026-04-13,08:11 PM,Azad,Mess,08:10 PM,08:45 PM,0,0,0,0,307.27,171,52.74,Dinner,0,0
S6761,2026-04-19,10:05 PM,Rajendra,Hostel,0,0,0,0,0,0,879.55,186,29.76,None,0,0
S6762,2026-04-11,05:20 PM,Sarojini,Classroom,0,0,0,0,04:46 PM,05:56 PM,198.93,84,11.55,None,1,1
S6763,2026-04-13,08:31 PM,Sarojini,Library,0,0,08:14 PM,10:29 PM,07:51 PM,10:39 PM,792.47,64,14.58,None,0,0
S6764,2026-04-12,01:57 PM,Sarojini,Hostel,0,0,0,0,0,0,253.17,99,25.53,None,0,0
S6765,2026-04-08,07:17 AM,Azad,Hostel,0,0,0,0,0,0,153.74,95,28.12,None,0,0
S6766,2026-04-20,10:29 PM,Sarojini,Library,0,0,10:18 PM,11:59 PM,09:56 PM,11:59 PM,837.59,176,22.6,None,0,0
S6767,2026-04-09,01:28 AM,Rajendra,Hostel,0,0,0,0,0,0,358.95,25,23.49,None,0,0
S6768,2026-04-05,08:18 PM,Sarojini,Mess,08:01 PM,08:26 PM,0,0,0,0,508.59,171,48.89,Dinner,0,0
S6769,2026-04-18,06:20 PM,Azad,Library,0,0,06:17 PM,07:30 PM,05:49 PM,07:49 PM,916.31,10,14.54,None,0,0
S6770,2026-04-17,08:09 PM,Yamuna,Mess,08:01 PM,08:42 PM,0,0,0,0,353.83,62,40.63,Dinner,0,0
S6771,2026-04-11,08:28 PM,Azad,Mess,08:23 PM,09:13 PM,0,0,0,0,525.26,27,27.67,Dinner,0,0
S6772,2026-04-13,12:14 PM,Ganga,Hostel,0,0,0,0,0,0,388.96,48,25.58,None,1,0
S6773,2026-04-30,02:56 PM,Sarojini,Library,0,0,02:28 PM,03:46 PM,02:11 PM,04:01 PM,923.2,96,17.5,None,0,0
S6774,2026-04-01,02:51 PM,Rajendra,Classroom,0,0,0,0,02:38 PM,04:45 PM,285.04,171,15.75,None,1,0
S6775,2026-04-08,07:26 PM,Ganga,Mess,07:22 PM,07:55 PM,0,0,0,0,365.72,115,28.5,Dinner,0,0
S6776,2026-05-01,09:59 PM,Azad,Mess,09:35 PM,10:03 PM,0,0,0,0,584.91,118,51.94,Dinner,0,0
S6777,2026-04-09,01:26 PM,Rajendra,Mess,12:51 PM,01:28 PM,0,0,0,0,561.19,109,44.21,Lunch,0,0
S6778,2026-04-03,07:14 PM,Sarojini,Hostel,0,0,0,0,0,0,102.9,170,36.55,None,0,0
S6779,2026-04-20,09:57 AM,Ganga,Hostel,0,0,0,0,0,0,369.23,61,30.78,None,1,1
S6780,2026-04-16,07:47 AM,Yamuna,Mess,07:32 AM,08:01 AM,0,0,0,0,338.45,19,32.16,Breakfast,0,0
S6781,2026-04-25,06:20 PM,Sarojini,Library,0,0,05:49 PM,08:32 PM,05:26 PM,09:05 PM,540.55,193,24.51,None,0,0
S6782,2026-04-10,10:26 AM,Ganga,Library,0,0,09:57 AM,10:36 AM,09:43 AM,11:02 AM,828.9,161,22.94,None,0,0
S6783,2026-04-22,01:31 PM,Sarojini,Mess,01:24 PM,02:18 PM,0,0,0,0,386.4,175,49.85,Lunch,1,0
S6784,2026-04-28,04:48 PM,Ganga,Library,0,0,02:33 PM,05:11 PM,02:12 PM,05:54 PM,661.41,33,16.39,None,0,0
S6785,2026-05-01,02:58 PM,Yamuna,Mess,02:13 PM,02:59 PM,0,0,0,0,406.49,18,25.07,Lunch,0,0
S6786,2026-04-02,09:52 PM,Yamuna,Mess,09:49 PM,10:49 PM,0,0,0,0,607.29,147,32.5,Dinner,0,0
S6787,2026-04-27,09:06 AM,Azad,Mess,08:51 AM,09:32 AM,0,0,0,0,328.12,44,41.02,Breakfast,0,0
S6788,2026-04-12,12:52 PM,Sarojini,Mess,12:43 PM,01:18 PM,0,0,0,0,539.62,156,52.02,Lunch,1,0
S6789,2026-04-09,02:49 PM,Azad,Hostel,0,0,0,0,0,0,178.95,117,32.75,None,0,0
S6790,2026-04-05,11:07 PM,Rajendra,Hostel,0,0,0,0,0,0,1077.67,114,40.46,None,0,0
S6791,2026-04-05,06:51 PM,Azad,Library,0,0,04:50 PM,06:59 PM,04:38 PM,07:28 PM,657.38,114,21.02,None,0,0
S6792,2026-04-05,12:29 PM,Yamuna,Library,0,0,11:31 AM,12:51 PM,11:03 AM,01:27 PM,721.95,180,36.83,None,0,0
S6793,2026-04-28,12:47 AM,Rajendra,Outside,0,0,0,0,0,02:53 AM,261.95,86,5.32,None,0,0
S6794,2026-04-12,12:46 PM,Sarojini,Mess,12:17 PM,12:53 PM,0,0,0,0,346.02,107,38.9,Lunch,1,0
S6795,2026-04-29,01:52 PM,Yamuna,Mess,01:40 PM,02:21 PM,0,0,0,0,593.12,37,37.88,Lunch,1,0
S6796,2026-04-01,09:39 PM,Yamuna,Mess,09:08 PM,09:41 PM,0,0,0,0,455.88,27,24.94,Dinner,0,0
S6797,2026-04-05,03:03 AM,Sarojini,Outside,0,0,0,0,01:25 AM,05:18 AM,366.32,94,8.34,None,0,0
S6798,2026-04-23,09:31 AM,Rajendra,Mess,09:02 AM,09:48 AM,0,0,0,0,312.23,165,54.06,Breakfast,0,0
S6799,2026-04-15,03:55 PM,Ganga,Hostel,0,0,0,0,0,0,213.16,193,41.02,None,1,0
S6800,2026-04-29,03:57 PM,Azad,Library,0,0,02:12 PM,05:04 PM,01:59 PM,05:25 PM,694.25,36,11.4,None,1,0
S6801,2026-04-20,11:58 AM,Ganga,Library,0,0,11:56 AM,02:54 PM,11:50 AM,03:44 PM,686.19,112,19.42,None,0,0
S6802,2026-05-01,08:41 PM,Yamuna,Mess,08:38 PM,09:16 PM,0,0,0,0,439.79,132,39.14,Dinner,0,0
S6803,2026-04-18,10:01 PM,Rajendra,Mess,09:56 PM,10:21 PM,0,0,0,0,522.35,12,37.15,Dinner,0,0
S6804,2026-04-18,02:02 AM,Sarojini,Hostel,0,0,0,0,0,0,333.25,186,36.29,None,0,0
S6805,2026-04-12,12:03 PM,Azad,Hostel,0,0,0,0,0,0,399.58,56,18.12,None,0,0
S6806,2026-04-16,08:02 PM,Rajendra,Mess,07:51 PM,08:17 PM,0,0,0,0,314.66,40,41.29,Dinner,0,0
S6807,2026-04-10,05:48 PM,Sarojini,Outside,0,0,0,0,04:27 PM,08:16 PM,336.78,66,9.06,None,0,0
S6808,2026-04-20,11:53 AM,Yamuna,Hostel,0,0,0,0,0,0,204.66,116,28.59,None,0,0
S6809,2026-04-22,01:48 PM,Rajendra,Classroom,0,0,0,0,01:38 PM,02:44 PM,344.54,97,9.84,None,1,0
S6810,2026-04-06,03:44 PM,Yamuna,Library,0,0,03:37 PM,05:14 PM,03:19 PM,05:30 PM,612.45,169,35.07,None,1,0
S6811,2026-04-12,09:23 PM,Ganga,Mess,08:59 PM,09:24 PM,0,0,0,0,508.77,16,39.31,Dinner,0,0
S6812,2026-04-17,03:13 AM,Yamuna,Hostel,0,0,0,0,0,0,349.46,171,32.25,None,0,0
S6813,2026-04-10,10:24 PM,Rajendra,Library,0,0,10:10 PM,11:59 PM,09:47 PM,11:59 PM,1042.75,112,20.28,None,0,0
S6814,2026-04-12,09:07 PM,Sarojini,Library,0,0,08:13 PM,10:13 PM,08:06 PM,10:58 PM,651.27,177,31.91,None,0,0
S6815,2026-04-26,09:56 PM,Azad,Library,0,0,09:44 PM,10:59 PM,09:32 PM,11:29 PM,869.22,167,23.34,None,0,0
S6816,2026-04-18,04:47 AM,Sarojini,Outside,0,0,0,0,03:39 AM,06:18 AM,300.31,36,3.21,None,0,0
S6817,2026-04-22,12:52 AM,Sarojini,Hostel,0,0,0,0,0,0,215.58,110,26.04,None,0,0
S6818,2026-04-16,06:14 PM,Sarojini,Library,0,0,05:54 PM,06:49 PM,05:24 PM,07:12 PM,716.03,178,30.51,None,0,0
S6819,2026-04-06,07:42 AM,Yamuna,Mess,07:36 AM,08:23 AM,0,0,0,0,450.42,98,45.52,Breakfast,0,0
S6820,2026-04-24,04:11 PM,Azad,Classroom,0,0,0,0,03:55 PM,05:19 PM,356.32,183,20.86,None,1,1
S6821,2026-04-20,07:40 PM,Yamuna,Mess,07:23 PM,07:53 PM,0,0,0,0,308.59,21,22.78,Dinner,0,0
S6822,2026-04-28,03:06 PM,Ganga,Library,0,0,02:55 PM,05:40 PM,02:48 PM,06:22 PM,624.08,128,24.93,None,0,0
S6823,2026-04-07,05:39 PM,Yamuna,Library,0,0,05:00 PM,07:13 PM,04:43 PM,07:30 PM,871.38,85,19.15,None,0,0
S6824,2026-04-17,12:30 AM,Azad,Hostel,0,0,0,0,0,0,143.19,105,26.74,None,0,0
S6825,2026-04-13,02:18 PM,Yamuna,Hostel,0,0,0,0,0,0,248.35,61,24.54,None,0,0
S6826,2026-04-04,10:54 PM,Azad,Outside,0,0,0,0,09:49 PM,11:59 PM,204.85,105,13.38,None,0,0
S6827,2026-04-18,07:10 PM,Azad,Library,0,0,06:03 PM,08:02 PM,05:49 PM,08:48 PM,453.56,128,18.45,None,0,0
S6828,2026-04-03,10:47 PM,Yamuna,Library,0,0,10:09 PM,11:57 PM,09:39 PM,11:59 PM,806.79,47,9.66,None,0,0
S6829,2026-04-15,08:49 PM,Rajendra,Hostel,0,0,0,0,0,0,1155.58,170,37.11,None,0,0
S6830,2026-04-30,04:14 PM,Sarojini,Library,0,0,04:11 PM,05:46 PM,03:47 PM,06:41 PM,613.03,66,20.36,None,1,1
S6831,2026-04-02,11:36 PM,Sarojini,Hostel,0,0,0,0,0,0,751.72,108,22.4,None,0,0
S6832,2026-04-06,01:24 PM,Ganga,Library,0,0,12:54 PM,02:17 PM,12:37 PM,02:35 PM,1042.15,101,21.76,None,0,0
S6833,2026-04-28,07:21 PM,Rajendra,Mess,07:20 PM,07:41 PM,0,0,0,0,426.26,83,42.24,Dinner,0,0
S6834,2026-04-04,02:45 PM,Azad,Hostel,0,0,0,0,0,0,291.31,36,13.44,None,1,0
S6835,2026-04-25,05:41 AM,Rajendra,Hostel,0,0,0,0,0,0,307.66,190,39.85,None,0,0
S6836,2026-04-18,01:19 PM,Sarojini,Mess,01:18 PM,02:08 PM,0,0,0,0,508.98,144,31.5,Lunch,1,0
S6837,2026-04-24,09:43 PM,Rajendra,Library,0,0,07:11 PM,10:08 PM,07:02 PM,11:07 PM,505.49,140,22.86,None,0,0
S6838,2026-04-11,06:07 AM,Sarojini,Hostel,0,0,0,0,0,0,105.21,193,25.93,None,0,0
S6839,2026-04-15,08:14 PM,Sarojini,Mess,07:46 PM,08:14 PM,0,0,0,0,580.01,135,44.1,Dinner,0,0
S6840,2026-04-23,06:28 PM,Ganga,Library,0,0,05:34 PM,06:52 PM,05:15 PM,07:03 PM,864.5,92,19.06,None,0,0
S6841,2026-04-20,10:35 PM,Azad,Library,0,0,09:42 PM,11:18 PM,09:33 PM,11:46 PM,481.99,75,15.66,None,0,0
S6842,2026-04-14,01:39 PM,Yamuna,Library,0,0,01:08 PM,02:37 PM,12:50 PM,03:11 PM,641.61,40,15.05,None,1,0
S6843,2026-04-08,02:05 PM,Sarojini,Library,0,0,01:34 PM,02:06 PM,01:16 PM,02:16 PM,575.12,121,21.11,None,1,0
S6844,2026-04-22,12:38 PM,Sarojini,Classroom,0,0,0,0,12:13 PM,01:36 PM,351.9,11,0.75,None,1,0
S6845,2026-04-06,04:56 PM,Sarojini,Library,0,0,03:59 PM,06:28 PM,03:37 PM,06:41 PM,601.51,100,20.26,None,1,1
S6846,2026-04-24,02:50 PM,Sarojini,Mess,02:23 PM,03:14 PM,0,0,0,0,450.87,107,42.85,Lunch,0,0
S6847,2026-04-11,08:12 AM,Yamuna,Mess,07:36 AM,08:15 AM,0,0,0,0,560.68,151,49.19,Breakfast,0,0
S6848,2026-04-24,07:10 PM,Rajendra,Library,0,0,05:56 PM,07:31 PM,05:27 PM,07:43 PM,652.24,186,23.44,None,0,0
S6849,2026-04-08,08:40 PM,Sarojini,Mess,08:17 PM,08:53 PM,0,0,0,0,525.95,51,40.0,Dinner,0,0
S6850,2026-04-01,11:57 AM,Sarojini,Classroom,0,0,0,0,11:40 AM,01:51 PM,396.21,119,13.68,None,1,0
S6851,2026-04-26,10:50 AM,Rajendra,Library,0,0,10:07 AM,12:15 PM,09:37 AM,12:26 PM,981.39,142,19.78,None,1,1
S6852,2026-04-23,10:04 PM,Ganga,Mess,09:44 PM,10:06 PM,0,0,0,0,423.63,127,36.5,Dinner,0,0
S6853,2026-04-11,09:07 PM,Azad,Mess,08:58 PM,09:36 PM,0,0,0,0,437.93,185,48.52,Dinner,0,0
S6854,2026-04-28,04:35 PM,Rajendra,Library,0,0,03:23 PM,04:46 PM,03:10 PM,05:21 PM,649.93,161,29.22,None,0,0
S6855,2026-04-19,06:48 PM,Rajendra,Library,0,0,04:42 PM,06:50 PM,04:25 PM,07:21 PM,600.65,104,19.21,None,0,0
S6856,2026-04-18,10:51 PM,Ganga,Library,0,0,10:16 PM,11:59 PM,09:57 PM,11:59 PM,519.71,109,19.79,None,0,0
S6857,2026-04-14,09:59 AM,Sarojini,Outside,0,0,0,0,08:34 AM,12:21 PM,397.4,130,18.65,None,0,0
S6858,2026-04-14,05:33 AM,Yamuna,Outside,0,0,0,0,03:48 AM,08:16 AM,104.32,81,7.46,None,0,0
S6859,2026-04-27,08:44 AM,Rajendra,Mess,08:40 AM,09:12 AM,0,0,0,0,517.95,140,44.92,Breakfast,0,0
S6860,2026-04-17,10:16 AM,Rajendra,Mess,09:40 AM,10:36 AM,0,0,0,0,590.25,64,45.43,Breakfast,0,0
S6861,2026-04-01,11:50 AM,Sarojini,Library,0,0,11:29 AM,01:54 PM,11:01 AM,02:33 PM,702.0,39,16.5,None,0,0
S6862,2026-04-26,03:38 PM,Ganga,Hostel,0,0,0,0,0,0,186.45,127,32.89,None,1,0
S6863,2026-04-15,03:01 AM,Azad,Hostel,0,0,0,0,0,0,283.06,88,20.12,None,0,0
S6864,2026-04-23,08:04 PM,Yamuna,Mess,08:01 PM,08:58 PM,0,0,0,0,612.16,112,47.59,Dinner,0,0
S6865,2026-04-21,10:06 AM,Azad,Library,0,0,09:44 AM,11:27 AM,09:15 AM,12:22 PM,763.54,70,14.64,None,0,0
S6866,2026-04-05,09:18 AM,Yamuna,Mess,08:35 AM,09:29 AM,0,0,0,0,318.69,146,34.19,Breakfast,0,0
S6867,2026-04-14,02:58 PM,Yamuna,Mess,02:50 PM,03:10 PM,0,0,0,0,462.65,61,38.14,Lunch,1,0
S6868,2026-04-26,07:49 AM,Yamuna,Mess,07:45 AM,08:12 AM,0,0,0,0,562.86,27,31.06,Breakfast,0,0
S6869,2026-04-29,04:50 PM,Azad,Library,0,0,04:34 PM,05:22 PM,04:06 PM,06:08 PM,881.74,158,21.39,None,0,0
S6870,2026-04-04,09:44 PM,Yamuna,Mess,09:31 PM,09:51 PM,0,0,0,0,375.33,85,38.73,Dinner,0,0
S6871,2026-04-13,10:01 AM,Yamuna,Classroom,0,0,0,0,09:42 AM,11:51 AM,398.56,112,12.92,None,1,1
S6872,2026-04-30,12:58 PM,Ganga,Library,0,0,11:28 AM,01:07 PM,11:12 AM,01:34 PM,512.08,63,20.05,None,0,0
S6873,2026-04-17,06:57 AM,Rajendra,Outside,0,0,0,0,05:57 AM,08:51 AM,294.62,71,3.72,None,0,0
S6874,2026-04-06,02:49 PM,Yamuna,Library,0,0,02:38 PM,03:27 PM,02:16 PM,03:39 PM,850.98,57,17.31,None,1,0
S6875,2026-04-24,08:15 PM,Rajendra,Outside,0,0,0,0,07:10 PM,09:16 PM,152.26,111,9.31,None,0,0
S6876,2026-04-09,01:30 AM,Ganga,Hostel,0,0,0,0,0,0,317.95,174,32.92,None,0,0
S6877,2026-04-04,01:08 PM,Rajendra,Library,0,0,12:27 PM,03:24 PM,12:15 PM,03:38 PM,692.26,67,13.07,None,0,0
S6878,2026-04-17,12:47 PM,Sarojini,Mess,12:40 PM,01:32 PM,0,0,0,0,489.79,149,54.7,Lunch,1,0
S6879,2026-04-24,08:21 AM,Ganga,Hostel,0,0,0,0,0,0,361.36,89,21.52,None,0,0
S6880,2026-04-30,02:23 PM,Rajendra,Library,0,0,01:00 PM,03:33 PM,12:37 PM,04:14 PM,532.69,29,7.05,None,0,0
S6881,2026-04-24,02:06 PM,Yamuna,Mess,01:19 PM,02:19 PM,0,0,0,0,546.46,39,24.0,Lunch,0,0
S6882,2026-04-08,11:48 AM,Rajendra,Library,0,0,09:44 AM,11:49 AM,09:19 AM,12:09 PM,816.99,137,25.37,None,0,0
S6883,2026-04-10,02:06 PM,Yamuna,Mess,01:26 PM,02:16 PM,0,0,0,0,475.6,140,55.51,Lunch,0,0
S6884,2026-04-06,12:40 PM,Azad,Hostel,0,0,0,0,0,0,312.88,112,23.4,None,1,0
S6885,2026-04-18,05:54 AM,Ganga,Outside,0,0,0,0,03:58 AM,07:57 AM,256.84,38,3.59,None,0,0
S6886,2026-04-26,01:45 PM,Yamuna,Mess,01:38 PM,02:07 PM,0,0,0,0,354.55,112,49.52,Lunch,1,0
S6887,2026-04-17,11:41 PM,Ganga,Library,0,0,09:27 PM,11:44 PM,08:58 PM,11:59 PM,590.27,93,22.28,None,0,0
S6888,2026-04-05,10:46 PM,Rajendra,Outside,0,0,0,0,09:38 PM,11:59 PM,392.1,177,15.22,None,0,0
S6889,2026-04-12,07:50 PM,Ganga,Library,0,0,07:39 PM,09:41 PM,07:15 PM,10:31 PM,930.21,122,31.39,None,0,0
S6890,2026-04-21,03:14 PM,Azad,Mess,02:44 PM,03:25 PM,0,0,0,0,435.08,26,39.28,Lunch,0,0
S6891,2026-04-27,03:49 PM,Azad,Hostel,0,0,0,0,0,0,161.34,173,25.89,None,0,0
S6892,2026-04-27,08:52 PM,Sarojini,Mess,08:52 PM,09:38 PM,0,0,0,0,311.29,37,28.58,Dinner,0,0
S6893,2026-04-11,03:55 PM,Sarojini,Outside,0,0,0,0,03:10 PM,05:47 PM,327.55,183,24.08,None,0,0
S6894,2026-04-02,02:59 PM,Yamuna,Mess,02:59 PM,03:49 PM,0,0,0,0,550.1,79,36.14,Lunch,0,0
S6895,2026-04-29,05:05 PM,Azad,Library,0,0,04:39 PM,07:16 PM,04:32 PM,08:00 PM,818.5,171,34.46,None,0,0
S6896,2026-04-20,12:07 PM,Ganga,Library,0,0,11:57 AM,01:44 PM,11:50 AM,01:59 PM,825.74,38,17.77,None,0,0
S6897,2026-04-05,12:27 PM,Rajendra,Library,0,0,12:19 PM,12:51 PM,12:11 PM,01:46 PM,560.37,36,9.02,None,1,0
S6898,2026-04-12,08:35 PM,Rajendra,Mess,08:25 PM,08:52 PM,0,0,0,0,378.45,85,36.72,Dinner,0,0
S6899,2026-04-13,03:00 PM,Sarojini,Classroom,0,0,0,0,02:31 PM,03:33 PM,306.63,104,15.56,None,1,0
S6900,2026-04-06,04:52 AM,Sarojini,Outside,0,0,0,0,03:55 AM,07:17 AM,398.18,45,2.43,None,0,0
S6901,2026-04-18,09:31 AM,Rajendra,Mess,09:20 AM,09:42 AM,0,0,0,0,422.48,124,30.11,Breakfast,1,1
S6902,2026-04-03,12:09 PM,Azad,Library,0,0,11:35 AM,01:01 PM,11:13 AM,01:47 PM,828.25,189,28.06,None,1,0
S6903,2026-04-03,08:14 PM,Rajendra,Outside,0,0,0,0,07:26 PM,10:47 PM,261.49,100,6.44,None,0,0
S6904,2026-04-01,07:32 AM,Yamuna,Outside,0,0,0,0,06:48 AM,09:11 AM,216.13,63,4.37,None,0,0
S6905,2026-04-09,09:03 PM,Sarojini,Mess,08:45 PM,09:26 PM,0,0,0,0,434.64,155,37.35,Dinner,0,0
S6906,2026-04-22,08:33 PM,Yamuna,Mess,07:58 PM,08:43 PM,0,0,0,0,622.12,87,28.38,Dinner,0,0
S6907,2026-04-13,08:45 PM,Sarojini,Library,0,0,08:30 PM,11:27 PM,08:00 PM,11:59 PM,559.37,139,30.02,None,0,0
S6908,2026-04-17,09:12 AM,Azad,Hostel,0,0,0,0,0,0,310.18,139,40.7,None,0,0
S6909,2026-04-30,01:12 AM,Rajendra,Outside,0,0,0,0,12:41 AM,04:02 AM,350.44,59,6.39,None,0,0
S6910,2026-04-09,09:15 PM,Yamuna,Mess,09:01 PM,09:32 PM,0,0,0,0,304.28,168,63.76,Dinner,0,0
S6911,2026-04-29,02:52 PM,Yamuna,Mess,02:07 PM,03:02 PM,0,0,0,0,511.12,134,42.12,Lunch,1,0
S6912,2026-04-07,02:44 PM,Yamuna,Mess,02:08 PM,02:52 PM,0,0,0,0,458.71,154,43.27,Lunch,0,0
S6913,2026-04-16,02:10 AM,Azad,Hostel,0,0,0,0,0,0,110.13,34,20.07,None,0,0
S6914,2026-04-01,07:41 AM,Azad,Mess,07:09 AM,07:46 AM,0,0,0,0,361.63,159,62.43,Breakfast,0,0
S6915,2026-04-02,09:46 PM,Azad,Mess,09:15 PM,10:04 PM,0,0,0,0,503.39,122,52.01,Dinner,0,0
S6916,2026-04-26,09:45 PM,Azad,Library,0,0,09:26 PM,09:56 PM,09:13 PM,10:45 PM,782.98,163,30.6,None,0,0
S6917,2026-04-03,07:09 PM,Ganga,Hostel,0,0,0,0,0,0,194.47,100,20.47,None,0,0
S6918,2026-04-24,08:09 AM,Rajendra,Mess,08:07 AM,09:05 AM,0,0,0,0,552.44,35,25.55,Breakfast,0,0
S6919,2026-04-27,07:53 PM,Sarojini,Mess,07:19 PM,08:15 PM,0,0,0,0,554.1,58,34.04,Dinner,0,0
S6920,2026-04-08,05:03 PM,Ganga,Classroom,0,0,0,0,04:37 PM,07:03 PM,344.76,188,19.04,None,1,1
S6921,2026-04-14,05:53 AM,Yamuna,Outside,0,0,0,0,04:31 AM,08:48 AM,228.98,110,8.23,None,0,0
S6922,2026-04-02,01:11 PM,Rajendra,Mess,12:51 PM,01:27 PM,0,0,0,0,503.45,14,22.89,Lunch,1,0
S6923,2026-04-20,03:02 PM,Sarojini,Classroom,0,0,0,0,02:25 PM,04:38 PM,317.76,143,18.57,None,1,0
S6924,2026-04-21,01:13 PM,Sarojini,Library,0,0,01:00 PM,01:53 PM,12:39 PM,02:23 PM,712.54,166,23.64,None,0,0
S6925,2026-04-08,08:12 PM,Sarojini,Mess,08:07 PM,08:34 PM,0,0,0,0,507.43,182,53.37,Dinner,0,0
S6926,2026-05-01,12:52 PM,Sarojini,Mess,12:14 PM,12:58 PM,0,0,0,0,471.61,96,36.53,Lunch,0,0
S6927,2026-04-21,05:22 AM,Ganga,Outside,0,0,0,0,04:43 AM,07:32 AM,226.55,39,4.59,None,0,0
S6928,2026-04-26,02:23 PM,Ganga,Mess,01:57 PM,02:54 PM,0,0,0,0,607.8,69,41.15,Lunch,1,0
S6929,2026-05-01,06:29 AM,Azad,Hostel,0,0,0,0,0,0,192.23,19,13.21,None,0,0
S6930,2026-04-29,10:20 PM,Azad,Library,0,0,08:56 PM,10:28 PM,08:50 PM,10:46 PM,746.35,102,16.18,None,0,0
S6931,2026-04-29,09:21 PM,Sarojini,Library,0,0,07:13 PM,09:48 PM,06:58 PM,10:23 PM,634.56,183,35.31,None,0,0
S6932,2026-04-23,10:18 PM,Ganga,Library,0,0,09:55 PM,10:32 PM,09:46 PM,11:30 PM,578.07,132,27.28,None,0,0
S6933,2026-04-19,05:31 PM,Yamuna,Library,0,0,05:30 PM,07:14 PM,05:24 PM,07:33 PM,830.79,12,11.89,None,0,0
S6934,2026-04-17,06:00 AM,Yamuna,Hostel,0,0,0,0,0,0,115.35,173,39.27,None,0,0
S6935,2026-04-15,09:08 AM,Rajendra,Hostel,0,0,0,0,0,0,217.08,149,41.03,None,0,0
S6936,2026-04-15,09:51 PM,Rajendra,Mess,09:19 PM,10:13 PM,0,0,0,0,318.78,186,58.97,Dinner,0,0
S6937,2026-04-11,10:03 PM,Ganga,Mess,09:56 PM,10:18 PM,0,0,0,0,452.16,43,22.63,Dinner,0,0
S6938,2026-04-09,12:01 AM,Yamuna,Hostel,0,0,0,0,0,0,232.76,127,33.31,None,0,0
S6939,2026-04-21,12:35 PM,Rajendra,Hostel,0,0,0,0,0,0,103.12,103,31.07,None,0,0
S6940,2026-04-12,08:58 AM,Rajendra,Hostel,0,0,0,0,0,0,337.0,24,14.72,None,0,0
S6941,2026-04-18,02:23 PM,Yamuna,Hostel,0,0,0,0,0,0,357.52,108,29.46,None,0,0
S6942,2026-04-04,09:08 AM,Azad,Mess,08:41 AM,09:23 AM,0,0,0,0,476.13,55,40.3,Breakfast,1,1
S6943,2026-04-02,02:44 PM,Azad,Library,0,0,02:29 PM,03:25 PM,02:05 PM,04:23 PM,778.67,93,20.71,None,0,0
S6944,2026-04-24,10:22 PM,Sarojini,Mess,09:51 PM,10:30 PM,0,0,0,0,515.97,148,47.87,Dinner,0,0
S6945,2026-04-06,12:01 AM,Rajendra,Hostel,0,0,0,0,0,0,281.16,134,30.8,None,0,0
S6946,2026-04-10,02:24 AM,Ganga,Outside,0,0,0,0,01:42 AM,04:52 AM,107.64,34,3.59,None,0,0
S6947,2026-04-25,10:34 PM,Azad,Library,0,0,09:07 PM,10:38 PM,08:44 PM,10:55 PM,609.62,119,25.91,None,0,0
S6948,2026-04-01,08:38 PM,Ganga,Library,0,0,07:28 PM,09:59 PM,06:58 PM,10:19 PM,801.57,90,15.0,None,0,0
S6949,2026-04-21,04:35 PM,Sarojini,Library,0,0,04:24 PM,05:22 PM,03:58 PM,05:37 PM,792.05,123,21.99,None,1,1
S6950,2026-04-21,06:39 PM,Azad,Hostel,0,0,0,0,0,0,269.24,190,39.47,None,0,0
S6951,2026-04-25,12:36 PM,Yamuna,Mess,12:06 PM,12:50 PM,0,0,0,0,445.47,43,26.85,Lunch,0,0
S6952,2026-04-14,03:14 PM,Sarojini,Outside,0,0,0,0,01:33 PM,04:55 PM,216.03,98,14.16,None,0,0
S6953,2026-04-25,09:32 AM,Azad,Mess,09:22 AM,09:58 AM,0,0,0,0,439.28,165,36.51,Breakfast,1,1
S6954,2026-04-12,01:27 PM,Rajendra,Mess,01:00 PM,01:46 PM,0,0,0,0,675.88,102,39.6,Lunch,1,0
S6955,2026-04-06,04:42 AM,Yamuna,Hostel,0,0,0,0,0,0,295.59,60,26.32,None,0,0
S6956,2026-04-25,01:04 PM,Azad,Classroom,0,0,0,0,12:51 PM,02:13 PM,177.16,74,10.17,None,1,0
S6957,2026-04-30,09:56 PM,Ganga,Library,0,0,09:31 PM,11:58 PM,09:10 PM,11:59 PM,943.73,105,28.64,None,0,0
S6958,2026-04-05,08:44 AM,Rajendra,Mess,08:44 AM,09:35 AM,0,0,0,0,252.91,115,33.2,Breakfast,0,0
S6959,2026-04-19,01:42 PM,Ganga,Hostel,0,0,0,0,0,0,209.13,72,25.99,None,1,0
S6960,2026-04-08,10:03 AM,Yamuna,Library,0,0,09:55 AM,12:27 PM,09:32 AM,01:21 PM,594.5,77,10.02,None,1,1
S6961,2026-04-30,09:39 PM,Sarojini,Mess,09:12 PM,10:00 PM,0,0,0,0,623.97,181,47.6,Dinner,0,0
S6962,2026-04-28,12:49 AM,Rajendra,Outside,0,0,0,0,0,02:37 AM,387.73,83,5.19,None,0,0
S6963,2026-04-27,09:09 AM,Azad,Classroom,0,0,0,0,08:34 AM,10:25 AM,167.15,100,10.16,None,1,1
S6964,2026-04-06,10:05 AM,Sarojini,Mess,09:58 AM,10:46 AM,0,0,0,0,611.58,75,32.48,Breakfast,1,1
S6965,2026-04-18,01:58 PM,Yamuna,Mess,01:39 PM,02:21 PM,0,0,0,0,436.34,154,37.99,Lunch,0,0
S6966,2026-04-20,11:58 AM,Rajendra,Classroom,0,0,0,0,11:41 AM,01:41 PM,358.35,72,5.53,None,1,0
S6967,2026-04-10,02:11 PM,Ganga,Library,0,0,01:21 PM,02:23 PM,01:07 PM,03:12 PM,589.26,27,16.76,None,1,0
S6968,2026-04-30,08:10 PM,Azad,Mess,07:56 PM,08:52 PM,0,0,0,0,447.93,180,37.3,Dinner,0,0
S6969,2026-04-16,08:19 PM,Yamuna,Library,0,0,07:46 PM,08:43 PM,07:37 PM,09:32 PM,955.59,155,17.83,None,0,0
S6970,2026-04-22,04:03 PM,Rajendra,Outside,0,0,0,0,02:49 PM,06:57 PM,303.2,199,26.03,None,1,1
S6971,2026-04-10,01:07 PM,Rajendra,Mess,12:45 PM,01:44 PM,0,0,0,0,472.09,64,25.37,Lunch,0,0
S6972,2026-04-06,07:37 PM,Yamuna,Library,0,0,06:54 PM,08:49 PM,06:47 PM,09:31 PM,686.61,101,24.08,None,0,0
S6973,2026-04-19,12:39 PM,Yamuna,Library,0,0,12:27 PM,01:31 PM,12:13 PM,02:31 PM,805.94,15,13.23,None,0,0
S6974,2026-04-10,12:32 PM,Sarojini,Hostel,0,0,0,0,0,0,259.81,67,18.54,None,0,0
S6975,2026-04-14,07:21 PM,Sarojini,Outside,0,0,0,0,06:44 PM,09:16 PM,295.41,124,7.99,None,0,0
S6976,2026-04-25,04:31 PM,Sarojini,Library,0,0,04:10 PM,04:54 PM,03:43 PM,05:43 PM,513.66,158,23.31,None,0,0
S6977,2026-04-08,12:17 PM,Ganga,Mess,12:16 PM,01:12 PM,0,0,0,0,214.86,174,49.08,Lunch,1,0
S6978,2026-04-07,08:01 AM,Yamuna,Classroom,0,0,0,0,07:50 AM,09:01 AM,160.27,121,8.36,None,1,1
S6979,2026-04-02,06:35 PM,Sarojini,Library,0,0,05:22 PM,07:00 PM,05:06 PM,07:34 PM,915.12,197,23.4,None,0,0
S6980,2026-04-08,10:07 PM,Sarojini,Library,0,0,09:46 PM,10:43 PM,09:28 PM,11:43 PM,955.58,80,18.63,None,0,0
S6981,2026-04-28,10:18 PM,Sarojini,Mess,09:42 PM,10:40 PM,0,0,0,0,486.34,163,60.96,Dinner,0,0
S6982,2026-04-28,09:01 AM,Yamuna,Mess,08:26 AM,09:10 AM,0,0,0,0,459.45,162,52.5,Breakfast,0,0
S6983,2026-04-25,09:56 PM,Ganga,Mess,09:30 PM,10:22 PM,0,0,0,0,448.3,18,24.64,Dinner,0,0
S6984,2026-04-17,05:39 PM,Rajendra,Library,0,0,04:36 PM,06:35 PM,04:26 PM,07:13 PM,603.84,199,31.85,None,0,0
S6985,2026-04-29,10:44 PM,Ganga,Library,0,0,09:45 PM,10:58 PM,09:32 PM,11:32 PM,675.73,95,17.48,None,0,0
S6986,2026-04-07,04:23 PM,Yamuna,Outside,0,0,0,0,02:32 PM,05:23 PM,237.34,156,21.72,None,0,0
S6987,2026-04-14,06:34 AM,Ganga,Outside,0,0,0,0,06:00 AM,08:00 AM,279.25,160,14.39,None,0,0
S6988,2026-04-02,09:07 AM,Sarojini,Mess,08:38 AM,09:22 AM,0,0,0,0,508.19,129,49.81,Breakfast,0,0
S6989,2026-04-01,11:11 AM,Azad,Library,0,0,11:10 AM,12:57 PM,11:01 AM,01:08 PM,602.34,81,18.25,None,0,0
S6990,2026-04-22,12:52 PM,Yamuna,Mess,12:28 PM,01:20 PM,0,0,0,0,391.14,48,44.39,Lunch,0,0
S6991,2026-04-03,11:06 PM,Ganga,Outside,0,0,0,0,10:02 PM,11:59 PM,390.88,136,14.07,None,0,0
S6992,2026-04-09,05:04 PM,Rajendra,Hostel,0,0,0,0,0,0,355.05,25,22.64,None,0,0
S6993,2026-04-22,01:17 PM,Yamuna,Library,0,0,11:36 AM,01:47 PM,11:26 AM,02:30 PM,816.69,191,28.5,None,0,0
S6994,2026-04-12,05:46 PM,Rajendra,Outside,0,0,0,0,03:50 PM,06:53 PM,164.62,20,2.24,None,0,0
S6995,2026-04-22,09:33 AM,Rajendra,Hostel,0,0,0,0,0,0,121.34,79,26.37,None,1,1
S6996,2026-04-26,04:34 PM,Sarojini,Library,0,0,04:20 PM,04:59 PM,04:14 PM,05:59 PM,724.45,139,20.68,None,0,0
S6997,2026-04-24,03:08 PM,Sarojini,Library,0,0,12:54 PM,03:08 PM,12:39 PM,03:21 PM,677.53,195,38.6,None,1,0
S6998,2026-04-17,12:01 AM,Yamuna,Hostel,0,0,0,0,0,0,161.66,79,26.34,None,0,0
S6999,2026-04-17,10:27 AM,Yamuna,Mess,09:44 AM,10:36 AM,0,0,0,0,551.47,122,37.2,Breakfast,0,0
S7000,2026-04-15,08:25 AM,Yamuna,Mess,08:23 AM,09:12 AM,0,0,0,0,505.82,31,33.77,Breakfast,0,0
S7001,2026-04-04,06:58 AM,Sarojini,Outside,0,0,0,0,05:38 AM,09:12 AM,152.02,117,9.27,None,0,0
S7002,2026-04-29,11:41 PM,Yamuna,Library,0,0,10:13 PM,11:59 PM,09:53 PM,11:59 PM,871.86,164,33.61,None,0,0
S7003,2026-04-10,08:59 PM,Azad,Hostel,0,0,0,0,0,0,1237.4,89,36.25,None,0,0
S7004,2026-04-19,07:18 AM,Rajendra,Outside,0,0,0,0,06:09 AM,09:24 AM,154.47,90,8.62,None,0,0
S7005,2026-04-10,09:38 AM,Sarojini,Mess,09:10 AM,09:42 AM,0,0,0,0,315.24,194,64.71,Breakfast,1,1
S7006,2026-04-09,12:07 PM,Azad,Classroom,0,0,0,0,11:38 AM,01:20 PM,191.06,152,12.14,None,1,0
S7007,2026-04-10,06:18 PM,Sarojini,Library,0,0,05:40 PM,06:46 PM,05:32 PM,07:32 PM,991.26,47,17.51,None,0,0
S7008,2026-04-16,12:45 PM,Rajendra,Mess,12:24 PM,12:55 PM,0,0,0,0,490.24,193,39.09,Lunch,0,0
S7009,2026-04-12,06:42 PM,Azad,Outside,0,0,0,0,05:10 PM,08:57 PM,348.36,52,7.08,None,0,0
S7010,2026-04-16,03:24 PM,Ganga,Library,0,0,02:23 PM,05:18 PM,02:03 PM,05:52 PM,852.09,191,30.77,None,1,0
S7011,2026-04-16,09:02 PM,Azad,Mess,08:30 PM,09:22 PM,0,0,0,0,372.84,42,26.91,Dinner,0,0
S7012,2026-04-10,12:45 AM,Azad,Outside,0,0,0,0,0,02:40 AM,349.7,108,11.77,None,0,0
S7013,2026-04-22,08:16 PM,Ganga,Mess,08:04 PM,08:27 PM,0,0,0,0,519.65,41,33.09,Dinner,0,0
S7014,2026-04-10,09:11 AM,Rajendra,Mess,09:09 AM,09:42 AM,0,0,0,0,350.6,177,45.09,Breakfast,1,1
S7015,2026-04-20,09:26 AM,Azad,Mess,09:21 AM,09:42 AM,0,0,0,0,372.33,116,35.56,Breakfast,1,1
S7016,2026-04-04,05:32 AM,Rajendra,Hostel,0,0,0,0,0,0,261.23,148,33.71,None,0,0
S7017,2026-04-12,12:49 AM,Rajendra,Hostel,0,0,0,0,0,0,168.58,45,15.62,None,0,0
S7018,2026-04-08,02:57 PM,Yamuna,Outside,0,0,0,0,12:59 PM,05:37 PM,281.49,68,7.15,None,0,0
S7019,2026-04-16,07:29 PM,Yamuna,Mess,07:12 PM,07:44 PM,0,0,0,0,473.61,107,39.45,Dinner,0,0
S7020,2026-04-21,02:42 PM,Rajendra,Mess,02:30 PM,03:19 PM,0,0,0,0,471.96,33,37.18,Lunch,1,0
S7021,2026-04-08,12:23 PM,Sarojini,Outside,0,0,0,0,11:25 AM,01:41 PM,268.87,148,8.93,None,0,0
S7022,2026-04-06,11:26 PM,Sarojini,Outside,0,0,0,0,10:33 PM,11:59 PM,243.1,109,9.75,None,0,0
S7023,2026-04-01,04:21 PM,Ganga,Hostel,0,0,0,0,0,0,319.64,34,18.73,None,1,1
S7024,2026-04-03,12:59 PM,Ganga,Mess,12:38 PM,01:20 PM,0,0,0,0,330.76,125,42.94,Lunch,0,0
S7025,2026-04-25,12:24 PM,Yamuna,Mess,12:17 PM,12:39 PM,0,0,0,0,334.67,196,45.7,Lunch,1,0
S7026,2026-04-21,07:40 AM,Sarojini,Outside,0,0,0,0,07:01 AM,10:15 AM,218.12,101,5.42,None,0,0
S7027,2026-04-02,09:50 AM,Sarojini,Mess,09:25 AM,09:56 AM,0,0,0,0,491.02,187,49.52,Breakfast,1,1
S7028,2026-04-28,09:01 PM,Rajendra,Outside,0,0,0,0,08:06 PM,11:35 PM,244.4,162,9.66,None,0,0
S7029,2026-04-30,03:17 PM,Rajendra,Mess,02:38 PM,03:22 PM,0,0,0,0,351.26,159,42.65,Lunch,0,0
S7030,2026-05-01,10:44 PM,Ganga,Library,0,0,10:06 PM,10:51 PM,09:36 PM,11:50 PM,809.56,127,27.12,None,0,0
S7031,2026-04-11,05:27 PM,Azad,Library,0,0,05:03 PM,06:31 PM,04:52 PM,07:00 PM,561.07,71,19.48,None,0,0
S7032,2026-04-06,02:19 PM,Azad,Classroom,0,0,0,0,01:49 PM,03:44 PM,172.09,76,10.83,None,1,0
S7033,2026-04-19,09:56 AM,Ganga,Mess,09:55 AM,10:35 AM,0,0,0,0,529.54,130,40.47,Breakfast,0,0
S7034,2026-04-22,07:48 PM,Azad,Outside,0,0,0,0,07:02 PM,10:03 PM,239.42,139,16.73,None,0,0
S7035,2026-04-18,09:38 PM,Ganga,Library,0,0,09:09 PM,09:57 PM,08:47 PM,10:24 PM,736.08,162,26.74,None,0,0
S7036,2026-04-21,03:05 PM,Ganga,Mess,02:52 PM,03:13 PM,0,0,0,0,235.18,117,37.9,Lunch,0,0
S7037,2026-04-07,07:23 AM,Yamuna,Mess,07:07 AM,08:06 AM,0,0,0,0,317.09,13,22.3,Breakfast,0,0
S7038,2026-04-27,01:24 PM,Yamuna,Mess,01:22 PM,02:03 PM,0,0,0,0,341.41,188,38.01,Lunch,0,0
S7039,2026-04-05,03:46 AM,Sarojini,Outside,0,0,0,0,03:07 AM,04:54 AM,376.88,128,12.27,None,0,0
S7040,2026-04-02,09:25 PM,Yamuna,Mess,08:32 PM,09:29 PM,0,0,0,0,541.73,161,50.26,Dinner,0,0
S7041,2026-04-13,03:04 PM,Sarojini,Library,0,0,02:11 PM,03:12 PM,02:04 PM,04:07 PM,571.0,169,24.82,None,0,0
S7042,2026-04-29,12:06 AM,Sarojini,Hostel,0,0,0,0,0,0,107.98,15,19.83,None,0,0
S7043,2026-04-27,04:18 PM,Yamuna,Library,0,0,02:06 PM,04:33 PM,01:41 PM,05:16 PM,792.67,121,16.19,None,1,1
S7044,2026-04-14,10:03 AM,Azad,Library,0,0,09:36 AM,10:40 AM,09:29 AM,11:31 AM,480.74,143,25.86,None,0,0
S7045,2026-04-14,02:58 PM,Yamuna,Mess,02:40 PM,03:35 PM,0,0,0,0,630.04,186,57.96,Lunch,0,0
S7046,2026-04-13,07:56 PM,Yamuna,Mess,07:38 PM,08:07 PM,0,0,0,0,400.17,53,33.39,Dinner,0,0
S7047,2026-04-26,05:11 PM,Ganga,Outside,0,0,0,0,04:13 PM,08:00 PM,235.24,156,22.29,None,0,0
S7048,2026-04-03,11:35 AM,Ganga,Library,0,0,11:30 AM,02:00 PM,11:01 AM,02:50 PM,861.5,90,22.02,None,0,0
S7049,2026-04-03,02:34 PM,Azad,Library,0,0,02:06 PM,03:09 PM,01:39 PM,03:29 PM,787.2,181,40.21,None,0,0
S7050,2026-05-01,03:02 PM,Yamuna,Mess,02:50 PM,03:28 PM,0,0,0,0,529.77,166,38.08,Lunch,0,0
S7051,2026-04-12,09:37 AM,Ganga,Mess,09:23 AM,10:04 AM,0,0,0,0,436.69,160,31.87,Breakfast,0,0
S7052,2026-04-16,02:06 PM,Ganga,Library,0,0,11:54 AM,02:07 PM,11:37 AM,03:07 PM,468.22,28,9.64,None,1,0
S7053,2026-04-27,06:46 PM,Rajendra,Library,0,0,05:34 PM,06:56 PM,05:09 PM,07:11 PM,697.58,188,22.89,None,0,0
S7054,2026-04-06,12:19 PM,Azad,Library,0,0,11:55 AM,01:06 PM,11:29 AM,01:27 PM,713.71,96,26.16,None,1,0
S7055,2026-04-06,07:19 PM,Azad,Mess,07:01 PM,07:36 PM,0,0,0,0,391.28,187,54.57,Dinner,0,0
S7056,2026-04-05,06:47 PM,Ganga,Library,0,0,04:36 PM,07:31 PM,04:09 PM,07:54 PM,958.97,122,23.18,None,0,0
S7057,2026-04-23,01:43 PM,Rajendra,Mess,01:38 PM,02:34 PM,0,0,0,0,354.48,21,31.74,Lunch,0,0
S7058,2026-04-05,08:05 AM,Azad,Mess,07:58 AM,08:42 AM,0,0,0,0,473.26,51,35.67,Breakfast,0,0
S7059,2026-04-01,10:43 PM,Yamuna,Outside,0,0,0,0,09:00 PM,11:59 PM,191.54,10,1.46,None,0,0
S7060,2026-04-13,03:22 PM,Ganga,Mess,02:53 PM,03:33 PM,0,0,0,0,537.71,200,56.96,Lunch,0,0
S7061,2026-04-14,08:01 AM,Yamuna,Mess,07:46 AM,08:10 AM,0,0,0,0,519.95,180,44.94,Breakfast,0,0
S7062,2026-04-30,01:26 PM,Ganga,Mess,12:29 PM,01:28 PM,0,0,0,0,619.54,199,53.33,Lunch,0,0
S7063,2026-04-15,08:22 PM,Rajendra,Library,0,0,06:25 PM,08:36 PM,06:12 PM,08:48 PM,608.21,39,9.28,None,0,0
S7064,2026-04-26,02:25 PM,Rajendra,Mess,01:40 PM,02:36 PM,0,0,0,0,586.47,158,43.76,Lunch,0,0
S7065,2026-04-13,11:56 PM,Sarojini,Outside,0,0,0,0,10:56 PM,11:59 PM,292.76,39,5.13,None,0,0
S7066,2026-04-30,10:27 PM,Rajendra,Mess,09:54 PM,10:43 PM,0,0,0,0,565.89,195,57.49,Dinner,0,0
S7067,2026-04-28,12:52 PM,Ganga,Mess,12:33 PM,12:58 PM,0,0,0,0,295.37,194,52.45,Lunch,0,0
S7068,2026-05-01,02:42 PM,Sarojini,Library,0,0,02:07 PM,03:31 PM,01:50 PM,04:01 PM,714.02,113,17.73,None,0,0
S7069,2026-04-20,02:57 AM,Yamuna,Outside,0,0,0,0,01:37 AM,05:56 AM,203.84,19,1.95,None,0,0
S7070,2026-04-20,03:30 PM,Yamuna,Library,0,0,02:56 PM,03:35 PM,02:46 PM,04:20 PM,886.54,50,14.0,None,1,0
S7071,2026-04-28,09:51 PM,Sarojini,Outside,0,0,0,0,08:30 PM,10:58 PM,393.28,89,10.01,None,0,0
S7072,2026-04-09,08:56 PM,Rajendra,Mess,08:25 PM,09:04 PM,0,0,0,0,565.22,66,35.09,Dinner,0,0
S7073,2026-04-04,07:26 PM,Yamuna,Library,0,0,06:31 PM,08:50 PM,06:21 PM,09:24 PM,918.79,117,14.42,None,0,0
S7074,2026-04-26,11:21 AM,Sarojini,Library,0,0,10:05 AM,12:03 PM,10:00 AM,12:29 PM,877.68,119,15.28,None,1,0
S7075,2026-04-13,11:15 PM,Ganga,Library,0,0,09:26 PM,11:26 PM,09:06 PM,11:59 PM,1051.46,75,11.08,None,0,0
S7076,2026-04-21,01:24 PM,Sarojini,Mess,01:19 PM,02:15 PM,0,0,0,0,316.65,72,42.48,Lunch,1,0
S7077,2026-04-19,01:47 PM,Ganga,Library,0,0,12:07 PM,01:52 PM,11:58 AM,02:02 PM,647.14,96,14.05,None,1,0
S7078,2026-04-24,05:07 PM,Sarojini,Classroom,0,0,0,0,04:49 PM,06:43 PM,311.69,62,7.75,None,1,1
S7079,2026-04-21,10:33 PM,Sarojini,Mess,09:58 PM,10:48 PM,0,0,0,0,314.12,47,42.68,Dinner,0,0
S7080,2026-04-15,09:21 AM,Rajendra,Mess,09:11 AM,09:35 AM,0,0,0,0,404.09,175,59.73,Breakfast,1,1
S7081,2026-04-18,06:50 PM,Azad,Library,0,0,06:30 PM,07:12 PM,06:16 PM,07:52 PM,717.5,171,20.55,None,0,0
S7082,2026-04-16,07:57 AM,Sarojini,Mess,07:18 AM,07:57 AM,0,0,0,0,345.89,149,59.94,Breakfast,0,0
S7083,2026-04-13,12:07 AM,Sarojini,Hostel,0,0,0,0,0,0,223.18,10,18.85,None,0,0
S7084,2026-04-23,09:20 AM,Ganga,Classroom,0,0,0,0,08:41 AM,11:01 AM,211.31,114,9.94,None,1,1
S7085,2026-04-07,02:12 PM,Sarojini,Mess,01:47 PM,02:47 PM,0,0,0,0,425.17,20,35.53,Lunch,1,0
S7086,2026-04-05,02:52 PM,Sarojini,Mess,02:28 PM,02:58 PM,0,0,0,0,477.05,169,40.46,Lunch,0,0
S7087,2026-04-04,09:32 PM,Sarojini,Library,0,0,08:30 PM,09:44 PM,08:09 PM,10:29 PM,961.87,183,37.84,None,0,0
S7088,2026-04-17,09:38 AM,Rajendra,Library,0,0,09:02 AM,10:06 AM,08:53 AM,10:44 AM,845.86,143,15.34,None,0,0
S7089,2026-04-13,12:42 PM,Rajendra,Library,0,0,12:05 PM,12:43 PM,11:45 AM,01:07 PM,490.93,20,9.62,None,1,0
S7090,2026-04-22,01:58 PM,Azad,Mess,01:33 PM,02:02 PM,0,0,0,0,488.66,100,49.97,Lunch,0,0
S7091,2026-04-28,08:07 PM,Sarojini,Outside,0,0,0,0,07:37 PM,10:43 PM,195.74,197,23.67,None,0,0
S7092,2026-04-26,08:41 PM,Ganga,Mess,08:24 PM,08:55 PM,0,0,0,0,306.92,115,33.46,Dinner,0,0
S7093,2026-04-25,06:52 PM,Sarojini,Outside,0,0,0,0,05:52 PM,08:27 PM,304.67,50,2.84,None,0,0
S7094,2026-04-19,01:54 PM,Rajendra,Mess,01:30 PM,02:20 PM,0,0,0,0,372.0,48,30.26,Lunch,1,0
S7095,2026-04-03,08:29 PM,Rajendra,Mess,07:55 PM,08:54 PM,0,0,0,0,457.03,135,39.89,Dinner,0,0
S7096,2026-04-26,07:47 AM,Sarojini,Mess,07:33 AM,08:33 AM,0,0,0,0,355.64,154,32.87,Breakfast,0,0
S7097,2026-04-07,09:10 AM,Sarojini,Mess,08:49 AM,09:18 AM,0,0,0,0,437.28,181,52.13,Breakfast,0,0
S7098,2026-04-04,01:45 PM,Rajendra,Library,0,0,01:45 PM,02:20 PM,01:26 PM,03:07 PM,701.45,11,11.24,None,1,0
S7099,2026-04-23,08:00 PM,Sarojini,Mess,07:40 PM,08:02 PM,0,0,0,0,585.41,80,51.08,Dinner,0,0
S7100,2026-04-27,07:32 PM,Ganga,Outside,0,0,0,0,06:41 PM,09:21 PM,100.43,61,7.06,None,0,0
S7101,2026-04-23,01:43 PM,Sarojini,Mess,01:28 PM,01:56 PM,0,0,0,0,394.49,156,46.07,Lunch,0,0
S7102,2026-04-22,03:27 PM,Rajendra,Classroom,0,0,0,0,02:58 PM,04:30 PM,279.67,142,11.23,None,1,0
S7103,2026-04-09,10:39 PM,Azad,Hostel,0,0,0,0,0,0,1429.65,83,26.2,None,0,0
S7104,2026-04-05,07:50 PM,Ganga,Library,0,0,07:23 PM,08:43 PM,06:55 PM,09:13 PM,499.65,147,26.77,None,0,0
S7105,2026-04-22,10:04 AM,Yamuna,Library,0,0,09:50 AM,10:47 AM,09:39 AM,11:13 AM,582.56,78,9.75,None,0,0
S7106,2026-04-29,02:58 AM,Rajendra,Outside,0,0,0,0,01:37 AM,04:58 AM,269.04,46,3.65,None,0,0
S7107,2026-04-30,11:22 PM,Ganga,Library,0,0,10:39 PM,11:59 PM,10:34 PM,11:59 PM,622.08,66,18.9,None,0,0
S7108,2026-04-14,07:48 PM,Sarojini,Library,0,0,07:37 PM,09:38 PM,07:29 PM,10:00 PM,602.28,154,23.58,None,0,0
S7109,2026-04-08,08:34 PM,Ganga,Mess,07:52 PM,08:34 PM,0,0,0,0,591.97,53,27.3,Dinner,0,0
S7110,2026-04-27,08:40 PM,Rajendra,Hostel,0,0,0,0,0,0,1038.39,21,22.15,None,0,0
S7111,2026-04-19,02:02 PM,Azad,Library,0,0,01:11 PM,02:16 PM,12:53 PM,03:02 PM,681.24,147,18.86,None,0,0
S7112,2026-04-17,06:10 PM,Yamuna,Library,0,0,05:54 PM,07:11 PM,05:26 PM,07:25 PM,599.55,180,37.64,None,0,0
S7113,2026-04-06,12:42 PM,Yamuna,Mess,12:36 PM,01:20 PM,0,0,0,0,488.68,86,36.37,Lunch,1,0
S7114,2026-04-30,12:13 PM,Rajendra,Mess,12:13 PM,12:33 PM,0,0,0,0,253.2,26,25.87,Lunch,1,0
S7115,2026-04-20,04:44 PM,Ganga,Library,0,0,04:19 PM,04:50 PM,04:09 PM,05:47 PM,653.45,20,7.01,None,0,0
S7116,2026-04-17,09:43 PM,Ganga,Library,0,0,08:53 PM,10:12 PM,08:33 PM,11:06 PM,885.64,37,13.87,None,0,0
S7117,2026-04-09,04:27 PM,Ganga,Hostel,0,0,0,0,0,0,207.27,193,47.31,None,1,1
S7118,2026-04-14,07:57 PM,Sarojini,Mess,07:43 PM,08:03 PM,0,0,0,0,475.28,43,42.58,Dinner,0,0
S7119,2026-04-05,05:02 PM,Sarojini,Library,0,0,04:33 PM,05:46 PM,04:16 PM,06:31 PM,790.25,183,28.44,None,0,0
S7120,2026-04-11,09:12 AM,Rajendra,Mess,08:53 AM,09:32 AM,0,0,0,0,432.16,183,66.46,Breakfast,1,1
S7121,2026-04-22,07:20 AM,Rajendra,Outside,0,0,0,0,06:09 AM,08:36 AM,205.24,110,14.69,None,0,0
S7122,2026-04-04,06:10 PM,Rajendra,Library,0,0,05:32 PM,07:13 PM,05:20 PM,07:57 PM,730.99,39,13.38,None,0,0
S7123,2026-04-29,09:45 PM,Yamuna,Library,0,0,08:50 PM,11:25 PM,08:38 PM,11:59 PM,793.51,105,21.58,None,0,0
S7124,2026-04-26,09:20 PM,Ganga,Mess,09:08 PM,09:30 PM,0,0,0,0,438.72,124,40.44,Dinner,0,0
S7125,2026-04-29,07:45 PM,Yamuna,Mess,07:03 PM,07:52 PM,0,0,0,0,562.4,87,28.73,Dinner,0,0
S7126,2026-04-14,11:04 PM,Ganga,Library,0,0,10:52 PM,11:44 PM,10:47 PM,11:59 PM,899.97,128,18.95,None,0,0
S7127,2026-04-13,07:46 PM,Ganga,Mess,07:25 PM,07:54 PM,0,0,0,0,529.27,94,42.55,Dinner,0,0
S7128,2026-04-28,08:20 PM,Yamuna,Library,0,0,07:48 PM,10:21 PM,07:25 PM,11:09 PM,744.43,146,22.8,None,0,0
S7129,2026-04-26,01:16 PM,Sarojini,Classroom,0,0,0,0,12:56 PM,02:04 PM,157.26,165,19.19,None,1,0
S7130,2026-04-02,12:50 AM,Rajendra,Hostel,0,0,0,0,0,0,379.97,57,25.48,None,0,0
S7131,2026-04-18,09:41 AM,Yamuna,Mess,09:37 AM,10:09 AM,0,0,0,0,466.81,37,33.12,Breakfast,1,1
S7132,2026-04-27,09:59 AM,Azad,Outside,0,0,0,0,08:53 AM,12:12 PM,188.06,160,23.52,None,0,0
S7133,2026-04-21,01:56 PM,Yamuna,Mess,01:29 PM,02:21 PM,0,0,0,0,516.08,88,45.92,Lunch,1,0
S7134,2026-04-14,06:47 AM,Sarojini,Hostel,0,0,0,0,0,0,105.61,15,20.34,None,0,0
S7135,2026-04-10,11:03 AM,Sarojini,Library,0,0,11:02 AM,12:06 PM,10:36 AM,01:00 PM,657.19,52,8.83,None,0,0
S7136,2026-04-09,07:42 AM,Sarojini,Hostel,0,0,0,0,0,0,342.92,59,27.44,None,0,0
S7137,2026-04-13,07:23 AM,Sarojini,Mess,07:20 AM,07:59 AM,0,0,0,0,368.92,23,24.13,Breakfast,0,0
S7138,2026-04-07,08:16 PM,Yamuna,Library,0,0,07:04 PM,08:48 PM,06:38 PM,09:09 PM,460.6,14,9.31,None,0,0
S7139,2026-04-04,08:39 AM,Yamuna,Mess,08:25 AM,08:53 AM,0,0,0,0,504.81,75,43.98,Breakfast,0,0
S7140,2026-04-20,02:29 PM,Azad,Library,0,0,02:17 PM,03:33 PM,02:10 PM,03:58 PM,752.73,41,14.24,None,0,0
S7141,2026-04-03,02:09 PM,Azad,Mess,02:02 PM,02:26 PM,0,0,0,0,304.66,23,31.07,Lunch,0,0
S7142,2026-04-25,06:18 AM,Ganga,Hostel,0,0,0,0,0,0,301.66,166,32.04,None,0,0
S7143,2026-04-16,09:27 PM,Sarojini,Outside,0,0,0,0,08:06 PM,11:25 PM,239.26,19,1.15,None,0,0
S7144,2026-04-29,03:02 PM,Azad,Hostel,0,0,0,0,0,0,213.02,189,45.23,None,0,0
S7145,2026-04-30,09:49 PM,Yamuna,Mess,09:09 PM,10:00 PM,0,0,0,0,545.95,53,24.9,Dinner,0,0
S7146,2026-04-27,08:47 PM,Sarojini,Library,0,0,08:24 PM,09:13 PM,08:08 PM,09:50 PM,844.55,192,19.24,None,0,0
S7147,2026-04-22,02:12 AM,Ganga,Outside,0,0,0,0,12:56 AM,03:12 AM,128.15,103,6.97,None,0,0
S7148,2026-04-19,12:57 AM,Azad,Hostel,0,0,0,0,0,0,351.63,119,24.16,None,0,0
S7149,2026-04-23,04:25 PM,Yamuna,Library,0,0,04:18 PM,05:06 PM,04:13 PM,05:20 PM,888.73,97,16.76,None,0,0
S7150,2026-04-08,10:42 AM,Sarojini,Outside,0,0,0,0,09:46 AM,12:24 PM,369.4,157,14.13,None,0,0
S7151,2026-04-04,09:42 PM,Sarojini,Library,0,0,07:43 PM,10:19 PM,07:31 PM,10:29 PM,888.18,177,28.47,None,0,0
S7152,2026-04-18,01:30 PM,Azad,Mess,12:54 PM,01:35 PM,0,0,0,0,533.61,189,51.69,Lunch,0,0
S7153,2026-04-11,07:52 PM,Yamuna,Hostel,0,0,0,0,0,0,239.59,86,21.22,None,0,0
S7154,2026-04-17,02:56 PM,Yamuna,Mess,02:34 PM,03:12 PM,0,0,0,0,346.86,126,40.29,Lunch,0,0
S7155,2026-04-24,05:27 PM,Ganga,Hostel,0,0,0,0,0,0,363.94,170,31.8,None,0,0
S7156,2026-05-01,02:54 PM,Ganga,Mess,02:24 PM,02:55 PM,0,0,0,0,686.23,117,41.59,Lunch,1,0
S7157,2026-04-16,01:42 PM,Yamuna,Mess,01:13 PM,01:45 PM,0,0,0,0,297.1,134,48.69,Lunch,0,0
S7158,2026-04-30,09:17 AM,Sarojini,Mess,08:43 AM,09:24 AM,0,0,0,0,505.84,134,44.52,Breakfast,1,1
S7159,2026-04-14,03:17 PM,Ganga,Library,0,0,03:14 PM,05:19 PM,02:59 PM,06:09 PM,510.8,187,25.33,None,1,0
S7160,2026-04-16,07:57 AM,Yamuna,Mess,07:16 AM,08:13 AM,0,0,0,0,264.08,79,50.19,Breakfast,0,0
S7161,2026-04-02,05:22 PM,Yamuna,Library,0,0,04:15 PM,06:26 PM,03:57 PM,07:14 PM,967.92,74,21.74,None,0,0
S7162,2026-04-07,12:11 PM,Sarojini,Outside,0,0,0,0,10:58 AM,02:11 PM,393.06,95,6.34,None,0,0
S7163,2026-04-25,09:44 PM,Sarojini,Mess,09:12 PM,09:50 PM,0,0,0,0,399.01,162,34.49,Dinner,0,0
S7164,2026-04-18,03:26 PM,Rajendra,Library,0,0,03:22 PM,03:52 PM,02:56 PM,04:46 PM,645.95,124,27.48,None,1,0
S7165,2026-04-20,08:05 AM,Yamuna,Mess,07:50 AM,08:21 AM,0,0,0,0,390.09,104,46.36,Breakfast,0,0
S7166,2026-04-29,11:07 PM,Sarojini,Library,0,0,08:57 PM,11:18 PM,08:34 PM,11:34 PM,749.13,56,13.61,None,0,0
S7167,2026-04-03,01:14 PM,Ganga,Mess,12:55 PM,01:32 PM,0,0,0,0,447.23,167,46.86,Lunch,0,0
S7168,2026-04-10,02:05 PM,Ganga,Mess,01:25 PM,02:09 PM,0,0,0,0,663.58,130,56.57,Lunch,1,0
S7169,2026-04-07,09:45 AM,Rajendra,Library,0,0,09:22 AM,10:01 AM,09:01 AM,10:39 AM,863.9,77,17.8,None,0,0
S7170,2026-04-14,01:31 AM,Ganga,Hostel,0,0,0,0,0,0,308.8,91,28.04,None,0,0
S7171,2026-04-30,09:51 AM,Rajendra,Mess,09:18 AM,09:59 AM,0,0,0,0,580.3,82,37.66,Breakfast,0,0
S7172,2026-04-25,09:30 PM,Azad,Mess,09:05 PM,09:59 PM,0,0,0,0,326.26,10,35.77,Dinner,0,0
S7173,2026-04-06,12:01 AM,Azad,Hostel,0,0,0,0,0,0,110.77,190,31.14,None,0,0
S7174,2026-04-07,04:06 AM,Rajendra,Outside,0,0,0,0,03:00 AM,06:22 AM,367.31,54,4.82,None,0,0
S7175,2026-04-04,07:18 PM,Sarojini,Library,0,0,06:50 PM,07:25 PM,06:22 PM,07:55 PM,766.57,145,25.83,None,0,0
S7176,2026-04-20,11:56 PM,Sarojini,Hostel,0,0,0,0,0,0,1239.31,120,22.35,None,0,0
S7177,2026-04-21,03:01 AM,Azad,Hostel,0,0,0,0,0,0,348.86,49,18.49,None,0,0
S7178,2026-04-21,12:18 AM,Azad,Outside,0,0,0,0,0,01:42 AM,226.45,91,5.36,None,0,0
S7179,2026-04-03,03:32 AM,Yamuna,Outside,0,0,0,0,02:23 AM,04:58 AM,202.33,45,5.53,None,0,0
S7180,2026-04-30,05:29 PM,Rajendra,Classroom,0,0,0,0,05:17 PM,06:31 PM,372.75,64,4.01,None,1,1
S7181,2026-04-22,10:36 AM,Rajendra,Hostel,0,0,0,0,0,0,315.72,195,34.66,None,0,0
S7182,2026-04-25,07:49 PM,Rajendra,Hostel,0,0,0,0,0,0,256.73,37,17.36,None,0,0
S7183,2026-04-13,03:54 PM,Yamuna,Hostel,0,0,0,0,0,0,119.2,61,29.35,None,0,0
S7184,2026-04-23,07:05 AM,Azad,Hostel,0,0,0,0,0,0,191.12,155,44.79,None,0,0
S7185,2026-04-23,07:27 PM,Yamuna,Mess,07:05 PM,07:29 PM,0,0,0,0,585.66,196,41.69,Dinner,0,0
S7186,2026-04-01,09:02 AM,Sarojini,Library,0,0,09:00 AM,09:40 AM,08:35 AM,10:40 AM,491.32,62,15.6,None,0,0
S7187,2026-04-14,09:01 AM,Sarojini,Outside,0,0,0,0,07:48 AM,11:37 AM,171.54,53,2.73,None,0,0
S7188,2026-04-16,02:57 AM,Yamuna,Hostel,0,0,0,0,0,0,265.13,99,20.28,None,0,0
S7189,2026-04-26,09:13 AM,Azad,Mess,08:31 AM,09:20 AM,0,0,0,0,355.79,74,46.78,Breakfast,1,1
S7190,2026-04-13,12:34 AM,Yamuna,Outside,0,0,0,0,0,01:50 AM,159.76,25,3.35,None,0,0
S7191,2026-04-11,09:10 PM,Rajendra,Library,0,0,08:18 PM,10:05 PM,07:48 PM,10:55 PM,488.77,173,26.53,None,0,0
S7192,2026-04-17,09:51 AM,Sarojini,Library,0,0,09:03 AM,10:30 AM,08:36 AM,11:10 AM,791.47,83,21.34,None,0,0
S7193,2026-04-13,03:40 AM,Rajendra,Outside,0,0,0,0,01:59 AM,05:19 AM,353.33,34,3.16,None,0,0
S7194,2026-04-07,08:52 PM,Azad,Outside,0,0,0,0,06:54 PM,10:26 PM,257.69,142,19.95,None,0,0
S7195,2026-04-01,09:44 PM,Azad,Mess,09:40 PM,10:06 PM,0,0,0,0,578.18,183,35.23,Dinner,0,0
S7196,2026-04-28,11:04 AM,Yamuna,Library,0,0,10:45 AM,11:35 AM,10:40 AM,12:11 PM,594.69,124,21.6,None,1,0
S7197,2026-04-06,08:44 AM,Yamuna,Mess,08:20 AM,08:44 AM,0,0,0,0,615.45,173,47.18,Breakfast,0,0
S7198,2026-04-11,11:09 PM,Ganga,Outside,0,0,0,0,09:57 PM,11:59 PM,201.92,175,22.07,None,0,0
S7199,2026-04-12,09:12 AM,Sarojini,Library,0,0,09:01 AM,09:34 AM,08:46 AM,10:21 AM,811.76,192,34.31,None,0,0
S7200,2026-04-18,02:53 PM,Ganga,Library,0,0,02:00 PM,03:09 PM,01:30 PM,03:21 PM,585.48,60,17.36,None,1,0
S7201,2026-04-22,12:55 AM,Azad,Outside,0,0,0,0,0,02:07 AM,358.72,62,5.51,None,0,0
S7202,2026-04-22,08:47 PM,Ganga,Mess,08:05 PM,08:51 PM,0,0,0,0,377.36,85,45.79,Dinner,0,0
S7203,2026-04-04,04:09 PM,Rajendra,Classroom,0,0,0,0,03:32 PM,05:58 PM,368.17,143,21.13,None,1,1
S7204,2026-04-17,01:46 PM,Sarojini,Mess,01:14 PM,01:47 PM,0,0,0,0,497.13,187,56.87,Lunch,0,0
S7205,2026-04-13,02:29 PM,Sarojini,Library,0,0,01:54 PM,02:50 PM,01:33 PM,03:10 PM,512.32,65,16.04,None,0,0
S7206,2026-04-14,03:13 PM,Sarojini,Mess,02:34 PM,03:16 PM,0,0,0,0,540.45,72,41.14,Lunch,1,0
S7207,2026-04-12,10:11 PM,Azad,Mess,09:42 PM,10:14 PM,0,0,0,0,307.4,192,47.8,Dinner,0,0
S7208,2026-04-13,05:42 PM,Yamuna,Library,0,0,05:23 PM,06:32 PM,05:18 PM,06:43 PM,663.35,200,34.31,None,0,0
S7209,2026-04-20,03:03 PM,Ganga,Mess,02:59 PM,03:30 PM,0,0,0,0,584.35,108,53.89,Lunch,1,0
S7210,2026-04-25,10:20 AM,Rajendra,Library,0,0,09:01 AM,11:46 AM,08:54 AM,12:36 PM,835.4,51,17.53,None,0,0
S7211,2026-04-20,01:37 AM,Azad,Hostel,0,0,0,0,0,0,114.86,25,23.67,None,0,0
S7212,2026-04-05,01:17 PM,Ganga,Library,0,0,11:44 AM,01:50 PM,11:17 AM,02:32 PM,835.22,67,12.75,None,1,0
S7213,2026-04-03,08:14 PM,Azad,Mess,07:53 PM,08:14 PM,0,0,0,0,359.63,176,47.93,Dinner,0,0
S7214,2026-04-18,05:31 PM,Ganga,Library,0,0,04:47 PM,05:52 PM,04:25 PM,06:33 PM,905.05,144,29.91,None,0,0
S7215,2026-05-01,11:16 AM,Ganga,Library,0,0,10:16 AM,01:11 PM,10:09 AM,02:05 PM,727.0,22,16.46,None,0,0
S7216,2026-04-16,07:41 PM,Sarojini,Mess,07:32 PM,08:08 PM,0,0,0,0,384.31,103,37.82,Dinner,0,0
S7217,2026-04-12,08:00 PM,Rajendra,Mess,07:49 PM,08:13 PM,0,0,0,0,420.83,147,56.86,Dinner,0,0
S7218,2026-04-30,05:08 PM,Yamuna,Library,0,0,03:54 PM,05:38 PM,03:36 PM,05:49 PM,867.74,32,11.35,None,0,0
S7219,2026-04-07,07:54 PM,Yamuna,Library,0,0,07:19 PM,08:00 PM,06:52 PM,08:39 PM,935.19,95,22.63,None,0,0
S7220,2026-04-07,07:27 AM,Rajendra,Hostel,0,0,0,0,0,0,295.77,15,18.05,None,0,0
S7221,2026-04-26,08:36 PM,Rajendra,Hostel,0,0,0,0,0,0,1057.62,33,16.0,None,0,0
S7222,2026-04-12,09:29 AM,Yamuna,Mess,08:44 AM,09:37 AM,0,0,0,0,424.89,68,30.33,Breakfast,0,0
S7223,2026-04-12,03:11 PM,Rajendra,Mess,02:18 PM,03:11 PM,0,0,0,0,560.46,24,38.89,Lunch,0,0
S7224,2026-04-17,07:23 PM,Azad,Mess,07:18 PM,07:45 PM,0,0,0,0,504.64,126,45.82,Dinner,0,0
S7225,2026-04-09,09:40 PM,Sarojini,Mess,09:00 PM,09:52 PM,0,0,0,0,596.78,93,50.83,Dinner,0,0
S7226,2026-04-14,09:33 AM,Ganga,Mess,09:28 AM,10:11 AM,0,0,0,0,529.83,88,39.63,Breakfast,0,0
S7227,2026-04-15,01:03 PM,Ganga,Library,0,0,12:59 PM,01:32 PM,12:43 PM,02:18 PM,947.43,199,37.75,None,1,0
S7228,2026-04-18,07:45 PM,Sarojini,Mess,07:31 PM,08:00 PM,0,0,0,0,546.89,88,31.91,Dinner,0,0
S7229,2026-04-15,07:44 AM,Ganga,Outside,0,0,0,0,06:15 AM,09:44 AM,178.73,48,5.83,None,0,0
S7230,2026-04-12,03:36 PM,Ganga,Classroom,0,0,0,0,03:11 PM,04:14 PM,143.71,73,9.77,None,1,0
S7231,2026-04-29,03:24 PM,Sarojini,Mess,02:44 PM,03:25 PM,0,0,0,0,458.88,40,27.99,Lunch,1,0
S7232,2026-04-11,02:49 PM,Yamuna,Mess,02:27 PM,02:54 PM,0,0,0,0,425.12,46,34.29,Lunch,0,0
S7233,2026-04-17,01:36 PM,Ganga,Library,0,0,11:57 AM,02:11 PM,11:51 AM,02:31 PM,834.0,76,13.3,None,1,0
S7234,2026-04-30,01:54 AM,Ganga,Hostel,0,0,0,0,0,0,359.48,148,30.57,None,0,0
S7235,2026-04-08,11:14 PM,Azad,Library,0,0,10:29 PM,11:46 PM,10:07 PM,11:59 PM,842.54,63,17.25,None,0,0
S7236,2026-04-29,09:30 PM,Azad,Library,0,0,09:28 PM,11:47 PM,09:22 PM,11:59 PM,738.42,16,13.4,None,0,0
S7237,2026-04-20,07:16 AM,Yamuna,Hostel,0,0,0,0,0,0,121.63,176,40.61,None,0,0
S7238,2026-04-28,08:17 PM,Yamuna,Mess,08:06 PM,08:38 PM,0,0,0,0,316.69,156,40.01,Dinner,0,0
S7239,2026-04-30,11:13 AM,Azad,Library,0,0,10:57 AM,11:39 AM,10:49 AM,11:52 AM,680.33,34,17.57,None,1,0
S7240,2026-04-16,08:36 PM,Sarojini,Library,0,0,07:12 PM,08:44 PM,06:53 PM,09:06 PM,908.75,134,30.49,None,0,0
S7241,2026-04-03,03:47 PM,Azad,Outside,0,0,0,0,02:57 PM,06:01 PM,145.57,21,2.24,None,0,0
S7242,2026-04-12,07:48 PM,Rajendra,Mess,07:29 PM,08:15 PM,0,0,0,0,417.75,42,27.48,Dinner,0,0
S7243,2026-04-28,11:55 AM,Sarojini,Library,0,0,11:47 AM,02:34 PM,11:17 AM,02:47 PM,558.86,185,32.36,None,0,0
S7244,2026-04-01,03:50 PM,Ganga,Library,0,0,03:02 PM,05:27 PM,02:33 PM,06:00 PM,670.68,69,18.3,None,0,0
S7245,2026-04-24,06:47 PM,Yamuna,Library,0,0,04:30 PM,06:55 PM,04:10 PM,07:28 PM,756.08,182,29.44,None,0,0
S7246,2026-04-14,05:45 PM,Rajendra,Library,0,0,05:14 PM,07:46 PM,05:02 PM,08:39 PM,587.34,113,13.78,None,0,0
S7247,2026-04-29,10:08 PM,Rajendra,Library,0,0,09:44 PM,11:22 PM,09:31 PM,11:47 PM,641.22,21,15.64,None,0,0
S7248,2026-04-17,10:54 AM,Azad,Library,0,0,10:07 AM,11:37 AM,09:58 AM,12:12 PM,1030.73,164,33.02,None,0,0
S7249,2026-04-28,12:23 PM,Azad,Hostel,0,0,0,0,0,0,105.25,174,29.15,None,0,0
S7250,2026-04-09,09:49 AM,Sarojini,Library,0,0,09:00 AM,10:14 AM,08:45 AM,10:32 AM,851.7,197,23.08,None,1,1
S7251,2026-04-07,02:21 PM,Yamuna,Mess,02:20 PM,02:47 PM,0,0,0,0,489.66,39,41.87,Lunch,0,0
S7252,2026-04-21,03:21 PM,Yamuna,Classroom,0,0,0,0,03:03 PM,04:37 PM,223.43,181,23.95,None,1,0
S7253,2026-04-13,03:39 PM,Sarojini,Library,0,0,03:27 PM,05:12 PM,02:57 PM,05:22 PM,812.89,38,16.11,None,1,0
S7254,2026-04-13,09:01 PM,Azad,Library,0,0,08:08 PM,09:16 PM,07:45 PM,10:05 PM,1011.99,34,14.12,None,0,0
S7255,2026-04-27,12:46 PM,Azad,Outside,0,0,0,0,12:02 PM,03:09 PM,295.1,160,15.68,None,0,0
S7256,2026-04-24,09:19 AM,Azad,Hostel,0,0,0,0,0,0,138.55,43,21.11,None,0,0
S7257,2026-04-17,07:22 PM,Sarojini,Hostel,0,0,0,0,0,0,358.14,116,35.76,None,0,0
S7258,2026-04-27,04:22 PM,Ganga,Library,0,0,04:21 PM,06:30 PM,03:59 PM,07:29 PM,883.67,52,14.18,None,0,0
S7259,2026-04-20,08:23 PM,Yamuna,Mess,08:09 PM,09:09 PM,0,0,0,0,441.13,122,33.56,Dinner,0,0
S7260,2026-04-12,10:00 PM,Azad,Library,0,0,09:08 PM,10:40 PM,08:50 PM,11:03 PM,826.88,86,17.0,None,0,0
S7261,2026-04-03,04:03 PM,Ganga,Library,0,0,04:03 PM,06:16 PM,03:51 PM,06:58 PM,878.83,193,28.35,None,1,1
S7262,2026-04-09,08:08 PM,Azad,Library,0,0,05:46 PM,08:09 PM,05:29 PM,08:50 PM,858.09,100,15.15,None,0,0
S7263,2026-04-26,04:08 AM,Ganga,Outside,0,0,0,0,02:15 AM,05:39 AM,373.48,58,8.52,None,0,0
S7264,2026-04-05,11:51 AM,Sarojini,Classroom,0,0,0,0,11:15 AM,01:47 PM,347.68,34,3.25,None,1,0
S7265,2026-04-07,10:24 AM,Ganga,Library,0,0,09:21 AM,11:59 AM,08:53 AM,12:16 PM,737.85,49,16.85,None,0,0
S7266,2026-04-11,02:56 PM,Rajendra,Mess,02:55 PM,03:26 PM,0,0,0,0,406.83,133,48.81,Lunch,0,0
S7267,2026-04-18,03:09 PM,Rajendra,Mess,02:34 PM,03:15 PM,0,0,0,0,326.01,145,39.24,Lunch,0,0
S7268,2026-04-14,02:21 AM,Rajendra,Hostel,0,0,0,0,0,0,384.2,20,17.46,None,0,0
S7269,2026-04-09,01:27 PM,Yamuna,Mess,12:56 PM,01:27 PM,0,0,0,0,265.09,170,52.11,Lunch,1,0
S7270,2026-04-18,05:35 PM,Azad,Library,0,0,05:28 PM,07:40 PM,05:00 PM,08:16 PM,802.47,160,24.18,None,0,0
S7271,2026-04-15,08:56 PM,Azad,Mess,08:22 PM,09:14 PM,0,0,0,0,459.34,71,40.68,Dinner,0,0
S7272,2026-04-20,10:55 AM,Azad,Hostel,0,0,0,0,0,0,389.94,106,29.86,None,1,1
S7273,2026-04-06,03:47 PM,Rajendra,Classroom,0,0,0,0,03:23 PM,05:10 PM,387.35,73,9.22,None,1,0
S7274,2026-04-21,05:50 PM,Azad,Library,0,0,03:44 PM,06:10 PM,03:16 PM,06:24 PM,828.58,80,18.99,None,0,0
S7275,2026-04-05,01:37 PM,Sarojini,Mess,01:21 PM,01:52 PM,0,0,0,0,489.57,181,41.46,Lunch,1,0
S7276,2026-04-07,10:48 AM,Sarojini,Hostel,0,0,0,0,0,0,224.32,198,28.38,None,0,0
S7277,2026-04-08,12:51 PM,Azad,Mess,12:38 PM,01:06 PM,0,0,0,0,271.98,84,43.14,Lunch,0,0
S7278,2026-04-17,12:33 AM,Sarojini,Outside,0,0,0,0,0,02:06 AM,158.46,199,27.15,None,0,0
S7279,2026-04-23,07:56 PM,Rajendra,Mess,07:47 PM,08:38 PM,0,0,0,0,287.43,28,31.81,Dinner,0,0
S7280,2026-04-14,11:23 AM,Ganga,Library,0,0,10:31 AM,01:02 PM,10:20 AM,02:01 PM,699.13,19,13.24,None,1,0
S7281,2026-04-11,02:27 AM,Ganga,Outside,0,0,0,0,01:04 AM,04:18 AM,299.9,189,21.96,None,0,0
S7282,2026-05-01,11:08 AM,Rajendra,Library,0,0,10:32 AM,11:35 AM,10:15 AM,12:14 PM,770.11,141,17.74,None,1,0
S7283,2026-04-18,11:24 PM,Ganga,Library,0,0,09:47 PM,11:28 PM,09:26 PM,11:59 PM,897.62,56,16.62,None,0,0
S7284,2026-04-22,03:17 AM,Azad,Outside,0,0,0,0,02:47 AM,05:14 AM,141.71,105,8.21,None,0,0
S7285,2026-04-10,04:05 PM,Azad,Outside,0,0,0,0,02:23 PM,05:24 PM,191.88,97,6.28,None,0,0
S7286,2026-04-06,03:02 PM,Sarojini,Classroom,0,0,0,0,02:44 PM,03:38 PM,116.9,53,3.34,None,1,0
S7287,2026-04-12,08:20 PM,Rajendra,Mess,08:19 PM,08:58 PM,0,0,0,0,351.57,122,43.04,Dinner,0,0
S7288,2026-04-16,01:17 PM,Azad,Mess,01:11 PM,01:46 PM,0,0,0,0,575.62,19,36.68,Lunch,1,0
S7289,2026-04-25,08:45 AM,Yamuna,Mess,08:22 AM,08:45 AM,0,0,0,0,402.14,31,29.54,Breakfast,0,0
S7290,2026-04-23,12:11 AM,Ganga,Outside,0,0,0,0,0,02:17 AM,273.73,43,5.88,None,0,0
S7291,2026-04-13,11:38 AM,Sarojini,Library,0,0,11:27 AM,01:57 PM,11:01 AM,02:25 PM,545.78,30,14.21,None,0,0
S7292,2026-04-02,03:19 PM,Sarojini,Mess,02:26 PM,03:24 PM,0,0,0,0,404.08,170,46.89,Lunch,1,0
S7293,2026-05-01,11:29 AM,Yamuna,Library,0,0,10:57 AM,11:41 AM,10:30 AM,12:39 PM,663.48,151,20.87,None,1,0
S7294,2026-04-11,12:58 PM,Ganga,Classroom,0,0,0,0,12:42 PM,02:23 PM,380.85,84,7.67,None,1,0
S7295,2026-04-19,09:57 PM,Yamuna,Library,0,0,07:26 PM,10:00 PM,07:21 PM,10:59 PM,626.58,45,19.87,None,0,0
S7296,2026-04-17,11:37 AM,Ganga,Library,0,0,09:00 AM,11:39 AM,08:49 AM,12:06 PM,865.94,172,23.22,None,0,0
S7297,2026-04-17,03:54 PM,Sarojini,Library,0,0,03:06 PM,04:06 PM,02:38 PM,04:58 PM,866.92,106,21.81,None,1,0
S7298,2026-04-03,10:33 PM,Ganga,Library,0,0,10:17 PM,11:59 PM,09:53 PM,11:59 PM,442.37,143,26.18,None,0,0
S7299,2026-04-14,03:20 AM,Yamuna,Hostel,0,0,0,0,0,0,172.93,127,33.28,None,0,0
S7300,2026-04-08,04:32 PM,Yamuna,Library,0,0,04:14 PM,05:50 PM,04:09 PM,06:50 PM,1040.57,83,14.52,None,0,0
S7301,2026-04-06,09:23 PM,Rajendra,Library,0,0,09:01 PM,09:31 PM,08:45 PM,10:07 PM,714.72,192,36.28,None,0,0
S7302,2026-04-11,02:31 PM,Yamuna,Mess,02:13 PM,02:42 PM,0,0,0,0,539.67,156,46.81,Lunch,1,0
S7303,2026-04-29,03:53 PM,Sarojini,Hostel,0,0,0,0,0,0,304.17,48,26.98,None,0,0
S7304,2026-04-20,10:21 AM,Yamuna,Classroom,0,0,0,0,10:05 AM,11:09 AM,115.83,182,16.38,None,1,1
S7305,2026-04-09,09:18 AM,Rajendra,Mess,09:05 AM,09:30 AM,0,0,0,0,567.17,83,32.69,Breakfast,1,1
S7306,2026-04-13,08:12 PM,Yamuna,Mess,08:05 PM,08:30 PM,0,0,0,0,494.61,158,45.84,Dinner,0,0
S7307,2026-04-07,02:13 PM,Rajendra,Outside,0,0,0,0,01:31 PM,04:45 PM,170.81,194,20.47,None,0,0
S7308,2026-04-17,08:26 PM,Yamuna,Mess,08:22 PM,09:21 PM,0,0,0,0,520.14,122,34.34,Dinner,0,0
S7309,2026-04-21,06:39 PM,Yamuna,Library,0,0,04:39 PM,07:00 PM,04:21 PM,07:13 PM,846.18,134,24.64,None,0,0
S7310,2026-04-05,07:21 AM,Yamuna,Mess,07:19 AM,07:50 AM,0,0,0,0,617.71,38,24.39,Breakfast,0,0
S7311,2026-04-01,02:59 PM,Sarojini,Library,0,0,01:51 PM,03:37 PM,01:38 PM,04:24 PM,793.79,72,15.83,None,0,0
S7312,2026-04-29,07:16 AM,Sarojini,Hostel,0,0,0,0,0,0,229.99,180,40.56,None,0,0
S7313,2026-04-18,09:04 AM,Yamuna,Mess,08:39 AM,09:12 AM,0,0,0,0,307.23,154,45.28,Breakfast,0,0
S7314,2026-04-23,05:53 AM,Rajendra,Hostel,0,0,0,0,0,0,363.28,52,24.21,None,0,0
S7315,2026-04-14,01:29 PM,Ganga,Library,0,0,01:21 PM,02:03 PM,01:02 PM,02:51 PM,743.43,43,14.63,None,1,0
S7316,2026-04-10,07:38 PM,Rajendra,Mess,07:16 PM,07:38 PM,0,0,0,0,277.02,11,21.53,Dinner,0,0
S7317,2026-04-11,02:04 PM,Yamuna,Mess,01:30 PM,02:21 PM,0,0,0,0,317.83,86,25.67,Lunch,1,0
S7318,2026-04-24,03:38 AM,Yamuna,Outside,0,0,0,0,02:10 AM,04:44 AM,249.24,96,6.17,None,0,0
S7319,2026-04-23,10:32 AM,Azad,Library,0,0,10:02 AM,11:20 AM,09:48 AM,12:18 PM,808.93,184,37.79,None,1,1
S7320,2026-04-22,01:41 PM,Sarojini,Mess,01:24 PM,01:51 PM,0,0,0,0,576.97,47,33.72,Lunch,1,0
S7321,2026-04-07,06:46 PM,Yamuna,Outside,0,0,0,0,06:04 PM,08:29 PM,397.4,147,12.35,None,0,0
S7322,2026-04-03,04:41 PM,Sarojini,Library,0,0,04:29 PM,07:11 PM,04:13 PM,08:00 PM,941.13,34,10.68,None,0,0
S7323,2026-04-19,09:47 PM,Azad,Library,0,0,09:44 PM,10:19 PM,09:39 PM,10:51 PM,982.09,145,23.4,None,0,0
S7324,2026-04-06,08:08 PM,Yamuna,Mess,07:48 PM,08:08 PM,0,0,0,0,537.72,68,43.87,Dinner,0,0
S7325,2026-04-25,12:02 PM,Ganga,Outside,0,0,0,0,10:16 AM,01:37 PM,261.95,157,21.7,None,0,0
S7326,2026-04-23,03:03 PM,Ganga,Mess,02:20 PM,03:07 PM,0,0,0,0,483.66,23,41.56,Lunch,0,0
S7327,2026-04-25,05:25 AM,Azad,Hostel,0,0,0,0,0,0,228.14,165,40.68,None,0,0
S7328,2026-04-26,10:07 PM,Yamuna,Library,0,0,09:38 PM,11:52 PM,09:33 PM,11:59 PM,821.68,27,7.88,None,0,0
S7329,2026-04-12,09:36 PM,Azad,Library,0,0,07:16 PM,10:14 PM,07:09 PM,10:26 PM,864.08,34,10.1,None,0,0
S7330,2026-04-04,01:55 AM,Ganga,Hostel,0,0,0,0,0,0,252.2,146,37.36,None,0,0
S7331,2026-04-16,03:10 AM,Azad,Hostel,0,0,0,0,0,0,233.13,155,39.94,None,0,0
S7332,2026-04-05,03:03 PM,Yamuna,Hostel,0,0,0,0,0,0,384.4,124,32.25,None,0,0
S7333,2026-04-18,01:43 PM,Ganga,Mess,01:15 PM,02:10 PM,0,0,0,0,605.16,196,58.09,Lunch,0,0
S7334,2026-04-02,07:55 PM,Rajendra,Mess,07:52 PM,08:34 PM,0,0,0,0,422.58,85,33.31,Dinner,0,0
S7335,2026-04-20,03:25 PM,Yamuna,Library,0,0,03:08 PM,04:38 PM,02:46 PM,05:15 PM,556.61,160,15.43,None,1,0
S7336,2026-04-09,10:58 PM,Ganga,Library,0,0,09:49 PM,11:21 PM,09:37 PM,11:59 PM,767.93,198,37.27,None,0,0
S7337,2026-04-07,02:07 PM,Yamuna,Mess,01:18 PM,02:17 PM,0,0,0,0,388.28,44,28.72,Lunch,1,0
S7338,2026-04-01,11:24 PM,Rajendra,Library,0,0,10:57 PM,11:57 PM,10:43 PM,11:59 PM,652.53,182,36.44,None,0,0
S7339,2026-04-23,10:12 PM,Rajendra,Library,0,0,08:20 PM,11:04 PM,08:01 PM,11:35 PM,839.69,174,21.65,None,0,0
S7340,2026-05-01,07:18 AM,Ganga,Mess,07:18 AM,07:43 AM,0,0,0,0,521.03,118,32.32,Breakfast,0,0
S7341,2026-04-13,08:19 PM,Sarojini,Mess,07:59 PM,08:24 PM,0,0,0,0,397.45,152,45.7,Dinner,0,0
S7342,2026-04-01,04:00 PM,Azad,Hostel,0,0,0,0,0,0,155.67,33,20.1,None,0,0
S7343,2026-04-28,02:58 PM,Rajendra,Mess,02:22 PM,03:19 PM,0,0,0,0,511.98,20,32.1,Lunch,1,0
S7344,2026-04-04,09:59 PM,Azad,Outside,0,0,0,0,09:15 PM,11:59 PM,169.11,200,10.1,None,0,0
S7345,2026-04-28,09:19 PM,Rajendra,Outside,0,0,0,0,08:07 PM,11:59 PM,270.18,173,24.09,None,0,0
S7346,2026-04-09,06:15 AM,Sarojini,Hostel,0,0,0,0,0,0,312.14,92,29.26,None,0,0
S7347,2026-04-26,11:11 PM,Azad,Library,0,0,10:11 PM,11:59 PM,09:51 PM,11:59 PM,636.73,146,17.98,None,0,0
S7348,2026-04-05,02:18 PM,Ganga,Mess,01:26 PM,02:23 PM,0,0,0,0,614.81,128,40.86,Lunch,1,0
S7349,2026-04-12,01:30 PM,Yamuna,Mess,01:02 PM,01:40 PM,0,0,0,0,401.36,55,27.99,Lunch,1,0
S7350,2026-04-10,10:31 AM,Rajendra,Hostel,0,0,0,0,0,0,102.56,81,28.17,None,1,1
S7351,2026-04-06,08:56 AM,Sarojini,Mess,08:33 AM,08:59 AM,0,0,0,0,354.52,14,37.54,Breakfast,0,0
S7352,2026-04-17,06:17 PM,Ganga,Outside,0,0,0,0,05:01 PM,08:13 PM,196.99,196,29.37,None,0,0
S7353,2026-04-26,03:10 PM,Yamuna,Library,0,0,02:49 PM,04:07 PM,02:42 PM,04:47 PM,772.77,162,33.69,None,0,0
S7354,2026-04-15,12:37 PM,Ganga,Mess,12:18 PM,01:02 PM,0,0,0,0,360.06,130,37.53,Lunch,1,0
S7355,2026-04-26,11:43 PM,Rajendra,Library,0,0,10:46 PM,11:58 PM,10:21 PM,11:59 PM,602.12,65,11.01,None,0,0
S7356,2026-04-30,08:03 PM,Azad,Mess,08:03 PM,08:45 PM,0,0,0,0,541.42,164,35.64,Dinner,0,0
S7357,2026-04-25,01:45 PM,Ganga,Library,0,0,01:42 PM,02:45 PM,01:32 PM,03:20 PM,500.82,132,16.44,None,1,0
S7358,2026-04-17,05:25 PM,Yamuna,Library,0,0,05:15 PM,07:44 PM,05:05 PM,08:00 PM,932.72,12,8.97,None,0,0
S7359,2026-04-14,09:44 PM,Yamuna,Outside,0,0,0,0,09:05 PM,11:59 PM,298.92,80,7.03,None,0,0
S7360,2026-04-25,08:23 AM,Sarojini,Mess,08:23 AM,09:14 AM,0,0,0,0,336.32,94,41.55,Breakfast,0,0
S7361,2026-04-25,03:34 PM,Sarojini,Hostel,0,0,0,0,0,0,171.37,67,27.44,None,0,0
S7362,2026-04-10,09:02 AM,Rajendra,Mess,08:48 AM,09:16 AM,0,0,0,0,412.42,59,41.35,Breakfast,0,0
S7363,2026-04-03,02:05 PM,Ganga,Library,0,0,01:19 PM,03:33 PM,12:49 PM,04:04 PM,930.92,194,24.13,None,0,0
S7364,2026-04-02,09:16 PM,Azad,Mess,09:04 PM,09:41 PM,0,0,0,0,364.17,72,42.21,Dinner,0,0
S7365,2026-04-14,12:42 PM,Sarojini,Mess,12:14 PM,01:09 PM,0,0,0,0,522.05,139,44.73,Lunch,1,0
S7366,2026-04-28,05:32 AM,Ganga,Hostel,0,0,0,0,0,0,182.52,188,44.7,None,0,0
S7367,2026-04-25,11:16 AM,Sarojini,Library,0,0,10:47 AM,11:50 AM,10:30 AM,12:08 PM,879.81,111,17.55,None,1,0
S7368,2026-04-27,07:35 PM,Rajendra,Mess,07:25 PM,07:45 PM,0,0,0,0,353.04,114,43.16,Dinner,0,0
S7369,2026-04-28,08:46 PM,Yamuna,Mess,08:16 PM,08:55 PM,0,0,0,0,431.67,137,44.16,Dinner,0,0
S7370,2026-04-13,03:45 PM,Rajendra,Outside,0,0,0,0,02:09 PM,06:32 PM,396.85,56,3.59,None,0,0
S7371,2026-04-29,06:10 PM,Sarojini,Library,0,0,03:48 PM,06:35 PM,03:24 PM,06:58 PM,1013.4,121,15.64,None,0,0
S7372,2026-04-18,07:13 PM,Sarojini,Library,0,0,06:49 PM,09:14 PM,06:34 PM,09:50 PM,652.63,42,9.47,None,0,0
S7373,2026-04-17,10:41 AM,Ganga,Library,0,0,10:10 AM,11:20 AM,10:00 AM,12:05 PM,924.5,49,16.5,None,1,1
S7374,2026-04-16,12:02 PM,Rajendra,Library,0,0,10:42 AM,12:37 PM,10:28 AM,01:13 PM,609.69,98,15.72,None,0,0
S7375,2026-04-20,07:50 AM,Azad,Mess,07:34 AM,07:54 AM,0,0,0,0,396.49,101,43.06,Breakfast,0,0
S7376,2026-04-28,05:57 AM,Yamuna,Hostel,0,0,0,0,0,0,224.16,80,16.38,None,0,0
S7377,2026-04-12,01:52 PM,Ganga,Library,0,0,01:47 PM,02:23 PM,01:30 PM,02:36 PM,668.93,51,16.03,None,1,0
S7378,2026-04-05,12:17 PM,Rajendra,Library,0,0,11:32 AM,12:23 PM,11:08 AM,01:19 PM,1036.24,68,20.44,None,1,0
S7379,2026-04-04,10:16 AM,Ganga,Classroom,0,0,0,0,09:57 AM,11:49 AM,172.08,141,9.0,None,1,1
S7380,2026-04-19,11:44 PM,Ganga,Library,0,0,10:08 PM,11:59 PM,09:38 PM,11:59 PM,951.53,46,19.08,None,0,0
S7381,2026-04-28,02:22 AM,Yamuna,Hostel,0,0,0,0,0,0,204.78,56,23.4,None,0,0
S7382,2026-04-29,08:30 PM,Ganga,Mess,08:29 PM,09:02 PM,0,0,0,0,494.61,19,35.08,Dinner,0,0
S7383,2026-04-18,02:33 PM,Yamuna,Library,0,0,01:49 PM,04:46 PM,01:42 PM,05:23 PM,910.61,23,8.15,None,1,0
S7384,2026-04-30,09:40 AM,Azad,Mess,09:22 AM,10:11 AM,0,0,0,0,358.8,122,56.54,Breakfast,1,1
S7385,2026-04-09,07:07 PM,Rajendra,Library,0,0,06:35 PM,08:30 PM,06:22 PM,08:42 PM,727.18,174,32.56,None,0,0
S7386,2026-04-10,01:27 AM,Yamuna,Outside,0,0,0,0,12:46 AM,03:55 AM,235.17,47,4.8,None,0,0
S7387,2026-04-30,10:22 AM,Sarojini,Library,0,0,09:47 AM,10:54 AM,09:35 AM,11:09 AM,695.16,123,26.38,None,0,0
S7388,2026-05-01,01:43 PM,Azad,Library,0,0,01:12 PM,02:56 PM,12:51 PM,03:50 PM,775.84,183,28.47,None,1,0
S7389,2026-04-04,03:52 PM,Sarojini,Classroom,0,0,0,0,03:12 PM,05:42 PM,352.8,34,3.27,None,1,0
S7390,2026-04-14,04:51 PM,Yamuna,Library,0,0,04:28 PM,06:21 PM,04:06 PM,06:52 PM,898.23,151,18.4,None,0,0
S7391,2026-04-09,02:22 PM,Ganga,Mess,01:34 PM,02:22 PM,0,0,0,0,250.26,38,24.21,Lunch,0,0
S7392,2026-04-27,03:27 PM,Rajendra,Hostel,0,0,0,0,0,0,291.66,89,17.57,None,0,0
S7393,2026-04-24,09:35 AM,Sarojini,Mess,09:00 AM,09:54 AM,0,0,0,0,576.63,40,35.67,Breakfast,0,0
S7394,2026-04-29,04:23 AM,Yamuna,Outside,0,0,0,0,03:39 AM,07:18 AM,274.61,75,4.44,None,0,0
S7395,2026-04-20,08:06 PM,Ganga,Mess,07:43 PM,08:34 PM,0,0,0,0,333.06,55,34.37,Dinner,0,0
S7396,2026-04-26,09:01 PM,Rajendra,Library,0,0,08:45 PM,09:51 PM,08:38 PM,10:10 PM,632.13,198,17.91,None,0,0
S7397,2026-04-07,07:32 PM,Azad,Hostel,0,0,0,0,0,0,180.16,144,32.58,None,0,0
S7398,2026-04-17,12:16 PM,Rajendra,Classroom,0,0,0,0,11:59 AM,12:57 PM,315.07,93,8.86,None,1,0
S7399,2026-04-13,07:05 PM,Yamuna,Mess,07:05 PM,07:53 PM,0,0,0,0,402.93,179,47.81,Dinner,0,0
S7400,2026-04-20,08:34 AM,Yamuna,Mess,08:04 AM,08:37 AM,0,0,0,0,359.28,62,38.28,Breakfast,0,0
S7401,2026-04-14,11:00 AM,Azad,Library,0,0,10:40 AM,12:06 PM,10:23 AM,12:37 PM,902.53,82,20.43,None,1,0
S7402,2026-04-20,06:15 PM,Yamuna,Classroom,0,0,0,0,05:52 PM,07:56 PM,376.74,180,20.96,None,1,1
S7403,2026-04-10,07:51 AM,Azad,Mess,07:45 AM,08:07 AM,0,0,0,0,503.48,168,42.76,Breakfast,0,0
S7404,2026-04-25,02:19 AM,Yamuna,Outside,0,0,0,0,12:45 AM,03:26 AM,131.21,113,8.72,None,0,0
S7405,2026-04-05,11:53 AM,Rajendra,Library,0,0,09:24 AM,12:12 PM,09:11 AM,01:04 PM,575.41,24,12.4,None,0,0
S7406,2026-04-29,08:58 AM,Yamuna,Mess,08:40 AM,09:32 AM,0,0,0,0,474.07,147,46.82,Breakfast,0,0
S7407,2026-04-19,11:30 AM,Azad,Hostel,0,0,0,0,0,0,294.13,61,26.78,None,0,0
S7408,2026-04-19,09:54 PM,Azad,Mess,09:38 PM,10:28 PM,0,0,0,0,439.64,16,36.97,Dinner,0,0
S7409,2026-04-28,09:11 AM,Azad,Mess,08:24 AM,09:21 AM,0,0,0,0,381.79,141,57.61,Breakfast,0,0
S7410,2026-04-23,01:54 PM,Ganga,Library,0,0,12:14 PM,02:53 PM,11:57 AM,03:06 PM,904.57,155,28.35,None,1,0
S7411,2026-04-26,06:13 PM,Azad,Library,0,0,05:59 PM,08:01 PM,05:41 PM,08:18 PM,553.96,27,13.03,None,0,0
S7412,2026-04-30,10:34 AM,Yamuna,Hostel,0,0,0,0,0,0,358.71,169,40.1,None,1,1
S7413,2026-04-26,08:56 AM,Azad,Classroom,0,0,0,0,08:23 AM,10:14 AM,381.08,65,5.77,None,1,1
S7414,2026-04-25,11:21 AM,Azad,Outside,0,0,0,0,10:30 AM,01:56 PM,389.77,17,2.11,None,0,0
S7415,2026-04-15,05:28 PM,Rajendra,Hostel,0,0,0,0,0,0,229.04,63,30.08,None,0,0
S7416,2026-04-01,04:46 AM,Ganga,Hostel,0,0,0,0,0,0,113.82,102,30.85,None,0,0
S7417,2026-04-06,10:40 PM,Rajendra,Library,0,0,09:05 PM,11:40 PM,08:40 PM,11:59 PM,993.1,105,23.89,None,0,0
S7418,2026-04-04,08:51 PM,Rajendra,Library,0,0,08:47 PM,10:13 PM,08:32 PM,10:32 PM,540.04,90,20.7,None,0,0
S7419,2026-04-24,04:11 PM,Rajendra,Classroom,0,0,0,0,03:38 PM,05:55 PM,345.54,151,9.14,None,1,1
S7420,2026-04-30,05:29 AM,Rajendra,Hostel,0,0,0,0,0,0,335.2,165,30.22,None,0,0
S7421,2026-04-29,08:33 PM,Ganga,Library,0,0,07:57 PM,08:50 PM,07:44 PM,09:14 PM,776.62,60,17.94,None,0,0
S7422,2026-04-29,08:33 PM,Sarojini,Mess,08:01 PM,08:49 PM,0,0,0,0,304.91,150,38.43,Dinner,0,0
S7423,2026-04-15,07:33 PM,Rajendra,Library,0,0,05:58 PM,07:46 PM,05:30 PM,08:18 PM,895.75,121,17.01,None,0,0
S7424,2026-04-02,02:44 PM,Ganga,Mess,02:17 PM,02:45 PM,0,0,0,0,460.2,183,43.88,Lunch,1,0
S7425,2026-04-07,03:21 PM,Ganga,Mess,02:43 PM,03:32 PM,0,0,0,0,495.66,31,31.49,Lunch,0,0
S7426,2026-04-09,03:53 PM,Sarojini,Hostel,0,0,0,0,0,0,279.56,126,20.41,None,0,0
S7427,2026-05-01,11:37 PM,Sarojini,Outside,0,0,0,0,10:40 PM,11:59 PM,174.29,106,10.8,None,0,0
S7428,2026-04-30,11:55 AM,Yamuna,Library,0,0,10:42 AM,01:00 PM,10:37 AM,01:12 PM,494.92,81,25.55,None,1,0
S7429,2026-04-04,08:06 PM,Ganga,Mess,07:45 PM,08:11 PM,0,0,0,0,336.31,139,38.62,Dinner,0,0
S7430,2026-04-19,09:28 PM,Rajendra,Library,0,0,09:24 PM,10:30 PM,09:04 PM,11:16 PM,735.34,101,19.4,None,0,0
S7431,2026-04-08,10:56 PM,Azad,Library,0,0,08:38 PM,11:08 PM,08:19 PM,11:45 PM,690.4,106,20.23,None,0,0
S7432,2026-04-02,04:27 AM,Ganga,Outside,0,0,0,0,03:32 AM,05:59 AM,340.84,171,22.67,None,0,0
S7433,2026-04-29,06:05 PM,Rajendra,Library,0,0,05:34 PM,08:09 PM,05:11 PM,08:36 PM,660.76,188,35.13,None,0,0
S7434,2026-04-24,11:38 AM,Yamuna,Library,0,0,10:21 AM,12:07 PM,09:57 AM,01:06 PM,669.97,15,10.95,None,1,0
S7435,2026-05-01,09:39 AM,Rajendra,Hostel,0,0,0,0,0,0,221.26,24,15.89,None,1,1
S7436,2026-04-13,01:13 PM,Yamuna,Library,0,0,12:41 PM,02:46 PM,12:36 PM,03:28 PM,634.57,133,15.81,None,0,0
S7437,2026-04-19,09:07 AM,Ganga,Mess,09:00 AM,09:28 AM,0,0,0,0,601.71,121,42.35,Breakfast,1,1
S7438,2026-04-22,06:56 AM,Sarojini,Hostel,0,0,0,0,0,0,120.58,148,33.89,None,0,0
S7439,2026-04-20,07:27 PM,Ganga,Library,0,0,06:12 PM,08:11 PM,06:03 PM,08:55 PM,1079.33,150,34.71,None,0,0
S7440,2026-04-20,09:37 PM,Rajendra,Mess,09:14 PM,09:47 PM,0,0,0,0,275.65,174,46.95,Dinner,0,0
S7441,2026-04-05,09:48 AM,Sarojini,Mess,09:47 AM,10:23 AM,0,0,0,0,456.02,113,42.82,Breakfast,1,1
S7442,2026-04-22,09:05 PM,Azad,Mess,08:56 PM,09:16 PM,0,0,0,0,651.53,79,42.99,Dinner,0,0
S7443,2026-04-21,05:17 AM,Rajendra,Outside,0,0,0,0,04:45 AM,06:35 AM,366.63,177,21.38,None,0,0
S7444,2026-04-01,12:53 PM,Yamuna,Mess,12:33 PM,12:53 PM,0,0,0,0,422.27,126,41.47,Lunch,0,0
S7445,2026-04-18,02:30 PM,Yamuna,Outside,0,0,0,0,01:42 PM,04:24 PM,344.47,90,13.42,None,1,0
S7446,2026-04-14,02:26 PM,Yamuna,Classroom,0,0,0,0,02:06 PM,03:22 PM,245.82,142,15.81,None,1,0
S7447,2026-04-23,08:04 AM,Sarojini,Mess,07:18 AM,08:15 AM,0,0,0,0,553.9,106,32.36,Breakfast,0,0
S7448,2026-04-08,03:08 PM,Azad,Hostel,0,0,0,0,0,0,310.2,104,39.02,None,1,0
S7449,2026-04-02,12:56 PM,Rajendra,Library,0,0,11:53 AM,02:37 PM,11:43 AM,02:58 PM,721.2,57,18.45,None,0,0
S7450,2026-04-24,09:35 PM,Yamuna,Mess,09:30 PM,10:11 PM,0,0,0,0,300.49,21,34.85,Dinner,0,0
S7451,2026-04-26,10:19 AM,Ganga,Outside,0,0,0,0,08:31 AM,12:42 PM,316.8,82,7.1,None,1,1
S7452,2026-04-03,09:41 AM,Rajendra,Mess,09:19 AM,09:43 AM,0,0,0,0,282.36,84,27.21,Breakfast,0,0
S7453,2026-04-12,10:01 AM,Ganga,Hostel,0,0,0,0,0,0,121.0,49,28.94,None,1,1
S7454,2026-04-19,03:02 PM,Yamuna,Outside,0,0,0,0,01:04 PM,04:25 PM,375.91,134,6.72,None,0,0
S7455,2026-04-28,01:59 AM,Yamuna,Hostel,0,0,0,0,0,0,223.98,91,20.73,None,0,0
S7456,2026-04-25,01:17 PM,Ganga,Library,0,0,12:52 PM,01:49 PM,12:33 PM,02:41 PM,587.29,56,20.75,None,1,0
S7457,2026-04-03,11:20 PM,Ganga,Library,0,0,10:40 PM,11:59 PM,10:18 PM,11:59 PM,507.29,180,29.11,None,0,0
S7458,2026-04-15,03:34 AM,Sarojini,Outside,0,0,0,0,02:46 AM,05:54 AM,232.27,145,10.85,None,0,0
S7459,2026-04-08,10:48 PM,Sarojini,Library,0,0,09:59 PM,11:39 PM,09:45 PM,11:59 PM,532.02,67,18.14,None,0,0
S7460,2026-04-04,07:34 AM,Ganga,Hostel,0,0,0,0,0,0,292.48,145,32.69,None,0,0
S7461,2026-04-02,10:02 AM,Rajendra,Mess,09:36 AM,10:08 AM,0,0,0,0,496.32,75,42.66,Breakfast,0,0
S7462,2026-04-06,08:05 PM,Azad,Outside,0,0,0,0,06:13 PM,10:14 PM,253.61,63,3.93,None,0,0
S7463,2026-04-27,12:00 AM,Rajendra,Outside,0,0,0,0,0,01:29 AM,398.08,37,3.53,None,0,0
S7464,2026-04-29,06:39 PM,Ganga,Library,0,0,05:12 PM,07:09 PM,05:07 PM,08:04 PM,733.2,17,6.23,None,0,0
S7465,2026-04-20,12:49 PM,Rajendra,Classroom,0,0,0,0,12:22 PM,02:17 PM,345.82,186,24.16,None,1,0
S7466,2026-04-28,03:04 AM,Ganga,Hostel,0,0,0,0,0,0,135.53,83,27.97,None,0,0
S7467,2026-04-21,12:19 PM,Azad,Library,0,0,11:25 AM,01:07 PM,11:13 AM,01:35 PM,807.5,30,12.2,None,0,0
S7468,2026-04-12,10:14 AM,Ganga,Mess,09:57 AM,10:18 AM,0,0,0,0,531.68,173,48.21,Breakfast,0,0
S7469,2026-04-19,09:13 AM,Azad,Mess,08:40 AM,09:18 AM,0,0,0,0,314.37,185,53.13,Breakfast,0,0
S7470,2026-04-26,01:17 PM,Azad,Mess,01:03 PM,01:40 PM,0,0,0,0,647.12,174,54.59,Lunch,1,0
S7471,2026-04-17,12:16 PM,Sarojini,Library,0,0,11:57 AM,01:17 PM,11:37 AM,02:09 PM,575.17,109,15.48,None,1,0
S7472,2026-04-17,02:03 PM,Azad,Mess,01:56 PM,02:48 PM,0,0,0,0,509.54,180,54.76,Lunch,0,0
S7473,2026-04-02,08:55 AM,Sarojini,Mess,08:27 AM,09:00 AM,0,0,0,0,454.58,145,41.81,Breakfast,0,0
S7474,2026-04-25,04:13 AM,Yamuna,Hostel,0,0,0,0,0,0,114.6,12,25.01,None,0,0
S7475,2026-04-28,09:33 PM,Ganga,Mess,09:33 PM,10:07 PM,0,0,0,0,387.74,81,40.07,Dinner,0,0
S7476,2026-05-01,06:47 PM,Rajendra,Classroom,0,0,0,0,06:32 PM,08:06 PM,198.6,118,17.66,None,1,1
S7477,2026-04-25,06:12 PM,Yamuna,Outside,0,0,0,0,05:19 PM,08:38 PM,162.4,84,6.05,None,0,0
S7478,2026-04-04,10:28 PM,Yamuna,Mess,09:57 PM,10:37 PM,0,0,0,0,318.1,17,27.29,Dinner,0,0
S7479,2026-04-12,02:29 PM,Yamuna,Library,0,0,12:40 PM,03:40 PM,12:32 PM,03:53 PM,552.58,96,26.93,None,1,0
S7480,2026-04-09,08:49 AM,Yamuna,Mess,08:04 AM,08:55 AM,0,0,0,0,501.32,178,56.42,Breakfast,0,0
S7481,2026-04-08,09:28 PM,Sarojini,Mess,09:11 PM,09:38 PM,0,0,0,0,332.49,149,48.34,Dinner,0,0
S7482,2026-04-08,02:01 PM,Ganga,Mess,01:27 PM,02:15 PM,0,0,0,0,300.41,191,42.9,Lunch,1,0
S7483,2026-04-17,09:11 PM,Sarojini,Hostel,0,0,0,0,0,0,1115.8,54,20.58,None,0,0
S7484,2026-04-02,05:59 PM,Yamuna,Library,0,0,04:35 PM,06:31 PM,04:21 PM,06:49 PM,844.13,87,18.91,None,0,0
S7485,2026-04-30,03:08 AM,Ganga,Outside,0,0,0,0,01:46 AM,05:23 AM,261.09,194,9.92,None,0,0
S7486,2026-04-15,08:20 PM,Yamuna,Library,0,0,08:07 PM,08:45 PM,07:42 PM,09:41 PM,973.61,58,12.27,None,0,0
S7487,2026-04-18,07:58 AM,Ganga,Mess,07:35 AM,08:06 AM,0,0,0,0,366.56,150,44.0,Breakfast,0,0
S7488,2026-04-05,12:55 PM,Rajendra,Mess,12:47 PM,01:44 PM,0,0,0,0,436.62,92,29.95,Lunch,0,0
S7489,2026-04-30,10:44 PM,Sarojini,Library,0,0,10:44 PM,11:21 PM,10:37 PM,11:47 PM,827.54,105,24.2,None,0,0
S7490,2026-04-02,10:27 PM,Sarojini,Library,0,0,10:18 PM,11:59 PM,09:51 PM,11:59 PM,910.56,52,8.76,None,0,0
S7491,2026-04-09,06:16 PM,Azad,Classroom,0,0,0,0,05:51 PM,07:51 PM,212.63,44,3.27,None,1,1
S7492,2026-04-20,11:26 AM,Sarojini,Library,0,0,11:18 AM,12:17 PM,11:04 AM,12:37 PM,734.25,40,14.21,None,1,0
S7493,2026-04-09,04:45 PM,Azad,Library,0,0,03:43 PM,04:58 PM,03:38 PM,05:54 PM,833.02,164,32.41,None,0,0
S7494,2026-04-19,04:58 AM,Ganga,Outside,0,0,0,0,03:09 AM,07:25 AM,334.1,75,10.02,None,0,0
S7495,2026-04-30,03:05 PM,Yamuna,Mess,02:29 PM,03:13 PM,0,0,0,0,403.09,111,47.72,Lunch,0,0
S7496,2026-04-03,08:48 PM,Ganga,Library,0,0,07:18 PM,09:34 PM,06:59 PM,10:22 PM,566.9,141,23.69,None,0,0
S7497,2026-04-25,01:06 PM,Azad,Mess,01:01 PM,01:56 PM,0,0,0,0,425.43,151,44.33,Lunch,1,0
S7498,2026-04-06,08:46 AM,Yamuna,Mess,08:37 AM,08:57 AM,0,0,0,0,511.82,194,44.24,Breakfast,0,0
S7499,2026-05-01,01:05 PM,Rajendra,Mess,12:35 PM,01:06 PM,0,0,0,0,553.64,84,40.79,Lunch,0,0
S7500,2026-04-16,11:20 PM,Yamuna,Library,0,0,10:57 PM,11:59 PM,10:29 PM,11:59 PM,774.81,12,8.17,None,0,0
S7501,2026-04-01,03:39 PM,Sarojini,Outside,0,0,0,0,02:41 PM,06:27 PM,149.97,49,6.1,None,0,0
S7502,2026-04-01,07:03 AM,Azad,Mess,07:02 AM,07:54 AM,0,0,0,0,541.92,30,30.49,Breakfast,0,0
S7503,2026-04-21,07:45 AM,Yamuna,Mess,07:26 AM,07:51 AM,0,0,0,0,658.59,130,44.3,Breakfast,0,0
S7504,2026-04-02,08:54 PM,Yamuna,Outside,0,0,0,0,07:37 PM,10:17 PM,121.51,163,20.61,None,0,0
S7505,2026-04-29,08:36 PM,Sarojini,Mess,08:36 PM,09:04 PM,0,0,0,0,506.64,14,20.82,Dinner,0,0
S7506,2026-04-03,10:45 PM,Rajendra,Library,0,0,10:21 PM,11:59 PM,10:03 PM,11:59 PM,832.31,172,17.1,None,0,0
S7507,2026-04-05,10:23 PM,Yamuna,Library,0,0,08:10 PM,10:29 PM,08:01 PM,11:21 PM,622.28,144,25.25,None,0,0
S7508,2026-04-25,02:51 PM,Ganga,Hostel,0,0,0,0,0,0,290.63,51,16.17,None,1,0
S7509,2026-04-13,09:38 AM,Ganga,Hostel,0,0,0,0,0,0,146.58,76,18.17,None,1,1
S7510,2026-04-13,06:17 PM,Sarojini,Library,0,0,04:46 PM,06:29 PM,04:23 PM,06:57 PM,813.07,178,33.5,None,0,0
S7511,2026-05-01,02:10 PM,Rajendra,Library,0,0,02:04 PM,02:34 PM,01:57 PM,02:51 PM,980.56,195,32.71,None,1,0
S7512,2026-04-05,08:26 PM,Rajendra,Mess,07:59 PM,08:54 PM,0,0,0,0,381.36,111,52.62,Dinner,0,0
S7513,2026-04-05,08:32 PM,Rajendra,Mess,08:20 PM,08:56 PM,0,0,0,0,310.5,47,32.29,Dinner,0,0
S7514,2026-05-01,11:56 PM,Sarojini,Hostel,0,0,0,0,0,0,1108.81,178,28.42,None,0,0
S7515,2026-04-24,08:24 PM,Azad,Library,0,0,07:29 PM,09:44 PM,07:22 PM,10:32 PM,685.84,124,15.46,None,0,0
S7516,2026-04-27,08:25 AM,Ganga,Mess,08:14 AM,09:05 AM,0,0,0,0,576.45,124,31.63,Breakfast,0,0
S7517,2026-04-18,10:08 PM,Yamuna,Library,0,0,09:09 PM,10:10 PM,08:39 PM,10:50 PM,954.57,150,28.1,None,0,0
S7518,2026-04-27,10:51 PM,Ganga,Outside,0,0,0,0,08:52 PM,11:59 PM,245.36,52,3.03,None,0,0
S7519,2026-04-14,08:15 AM,Azad,Mess,08:00 AM,08:59 AM,0,0,0,0,428.67,169,50.35,Breakfast,0,0
S7520,2026-04-11,08:16 PM,Azad,Outside,0,0,0,0,06:33 PM,11:10 PM,188.37,104,9.84,None,0,0
S7521,2026-04-13,01:37 PM,Azad,Mess,01:10 PM,01:58 PM,0,0,0,0,346.28,162,44.25,Lunch,1,0
S7522,2026-04-04,07:26 PM,Sarojini,Library,0,0,07:01 PM,08:00 PM,06:31 PM,08:14 PM,838.61,36,8.62,None,0,0
S7523,2026-04-16,03:25 PM,Sarojini,Library,0,0,02:27 PM,03:34 PM,02:03 PM,03:48 PM,689.52,101,29.96,None,0,0
S7524,2026-04-19,03:52 PM,Yamuna,Library,0,0,03:39 PM,05:46 PM,03:34 PM,06:21 PM,695.44,124,27.09,None,0,0
S7525,2026-04-17,08:29 PM,Azad,Mess,08:05 PM,08:49 PM,0,0,0,0,654.21,42,33.16,Dinner,0,0
S7526,2026-04-25,06:56 PM,Rajendra,Classroom,0,0,0,0,06:24 PM,07:48 PM,211.81,14,1.59,None,1,1
S7527,2026-04-19,05:37 AM,Ganga,Hostel,0,0,0,0,0,0,160.94,144,39.88,None,0,0
S7528,2026-04-16,06:27 AM,Yamuna,Hostel,0,0,0,0,0,0,280.19,155,32.66,None,0,0
S7529,2026-04-10,08:13 AM,Yamuna,Mess,07:43 AM,08:18 AM,0,0,0,0,616.66,52,34.89,Breakfast,0,0
S7530,2026-04-17,04:03 PM,Ganga,Library,0,0,03:57 PM,05:54 PM,03:27 PM,06:12 PM,855.82,23,10.72,None,1,1
S7531,2026-04-20,06:17 PM,Sarojini,Hostel,0,0,0,0,0,0,176.48,109,34.67,None,0,0
S7532,2026-04-14,09:35 AM,Rajendra,Mess,09:15 AM,09:37 AM,0,0,0,0,661.86,130,43.93,Breakfast,0,0
S7533,2026-04-27,12:47 PM,Yamuna,Mess,12:39 PM,01:18 PM,0,0,0,0,366.85,134,48.89,Lunch,0,0
S7534,2026-04-21,06:11 AM,Ganga,Hostel,0,0,0,0,0,0,329.99,144,26.04,None,0,0
S7535,2026-04-29,01:58 PM,Sarojini,Library,0,0,01:15 PM,03:18 PM,12:50 PM,04:10 PM,540.78,151,33.69,None,1,0
S7536,2026-04-27,11:10 PM,Azad,Library,0,0,10:52 PM,11:25 PM,10:39 PM,11:59 PM,692.18,67,18.08,None,0,0
S7537,2026-04-20,11:55 PM,Sarojini,Library,0,0,10:36 PM,11:59 PM,10:11 PM,11:59 PM,837.76,84,24.88,None,0,0
S7538,2026-04-04,07:09 PM,Sarojini,Library,0,0,06:05 PM,08:47 PM,05:46 PM,09:03 PM,739.84,139,31.38,None,0,0
S7539,2026-04-19,08:26 PM,Ganga,Library,0,0,07:52 PM,09:57 PM,07:29 PM,10:25 PM,963.71,124,17.28,None,0,0
S7540,2026-04-12,11:48 AM,Sarojini,Library,0,0,10:39 AM,12:21 PM,10:15 AM,12:40 PM,916.0,67,22.42,None,0,0
S7541,2026-04-23,01:51 AM,Rajendra,Hostel,0,0,0,0,0,0,288.3,80,22.13,None,0,0
S7542,2026-04-23,09:27 AM,Yamuna,Mess,08:55 AM,09:31 AM,0,0,0,0,313.89,28,34.36,Breakfast,0,0
S7543,2026-04-26,02:26 PM,Yamuna,Mess,02:05 PM,02:43 PM,0,0,0,0,419.8,173,44.82,Lunch,1,0
S7544,2026-04-26,01:09 PM,Ganga,Mess,12:47 PM,01:18 PM,0,0,0,0,324.45,26,25.95,Lunch,0,0
S7545,2026-04-10,10:11 AM,Sarojini,Mess,09:48 AM,10:13 AM,0,0,0,0,622.28,169,45.21,Breakfast,1,1
S7546,2026-04-14,06:04 PM,Yamuna,Library,0,0,03:39 PM,06:24 PM,03:32 PM,07:16 PM,493.84,169,24.54,None,0,0
S7547,2026-04-25,07:35 PM,Sarojini,Mess,07:16 PM,07:45 PM,0,0,0,0,356.78,99,34.85,Dinner,0,0
S7548,2026-04-02,02:21 PM,Azad,Library,0,0,01:10 PM,03:33 PM,12:58 PM,04:00 PM,998.92,115,21.15,None,1,0
S7549,2026-04-13,01:51 PM,Yamuna,Library,0,0,12:38 PM,03:31 PM,12:25 PM,04:19 PM,785.65,104,17.36,None,0,0
S7550,2026-04-25,06:57 AM,Yamuna,Outside,0,0,0,0,06:12 AM,09:21 AM,311.95,158,22.99,None,0,0
S7551,2026-04-30,08:59 AM,Ganga,Outside,0,0,0,0,08:22 AM,10:27 AM,365.17,68,4.67,None,0,0
S7552,2026-04-06,02:00 PM,Rajendra,Mess,01:43 PM,02:09 PM,0,0,0,0,443.5,147,50.19,Lunch,0,0
S7553,2026-04-10,10:04 PM,Rajendra,Library,0,0,09:12 PM,10:25 PM,09:07 PM,10:47 PM,598.92,68,19.14,None,0,0
S7554,2026-04-06,01:37 PM,Ganga,Mess,01:01 PM,01:57 PM,0,0,0,0,683.17,93,33.2,Lunch,0,0
S7555,2026-04-17,09:15 PM,Azad,Mess,09:02 PM,09:22 PM,0,0,0,0,301.68,173,49.38,Dinner,0,0
S7556,2026-04-29,09:50 AM,Yamuna,Mess,09:40 AM,10:11 AM,0,0,0,0,455.21,181,35.41,Breakfast,0,0
S7557,2026-04-01,05:47 PM,Rajendra,Library,0,0,04:34 PM,06:30 PM,04:17 PM,06:55 PM,867.73,50,18.91,None,0,0
S7558,2026-04-07,01:36 PM,Rajendra,Mess,12:55 PM,01:44 PM,0,0,0,0,285.31,10,34.03,Lunch,1,0
S7559,2026-04-18,09:04 AM,Yamuna,Hostel,0,0,0,0,0,0,131.6,193,38.93,None,0,0
S7560,2026-04-19,08:28 AM,Sarojini,Hostel,0,0,0,0,0,0,386.29,123,30.93,None,0,0
S7561,2026-04-03,08:22 AM,Rajendra,Mess,07:46 AM,08:46 AM,0,0,0,0,486.5,106,39.09,Breakfast,0,0
S7562,2026-04-19,03:15 PM,Yamuna,Library,0,0,03:11 PM,03:55 PM,02:45 PM,04:46 PM,1014.25,43,12.76,None,1,0
S7563,2026-04-01,04:05 PM,Azad,Library,0,0,02:15 PM,04:16 PM,02:05 PM,05:01 PM,680.86,176,24.62,None,1,1
S7564,2026-04-22,11:50 AM,Sarojini,Library,0,0,11:25 AM,12:11 PM,11:02 AM,12:57 PM,880.94,193,35.83,None,1,0
S7565,2026-04-03,09:46 PM,Yamuna,Library,0,0,09:09 PM,10:28 PM,09:03 PM,10:57 PM,1017.02,151,32.12,None,0,0
S7566,2026-04-08,01:06 PM,Azad,Library,0,0,10:58 AM,01:57 PM,10:51 AM,02:34 PM,712.2,131,23.38,None,1,0
S7567,2026-04-03,09:10 PM,Azad,Outside,0,0,0,0,08:18 PM,11:09 PM,367.79,40,4.33,None,0,0
S7568,2026-04-06,09:13 PM,Ganga,Outside,0,0,0,0,08:08 PM,11:05 PM,370.68,153,9.97,None,0,0
S7569,2026-04-08,09:27 AM,Ganga,Library,0,0,09:18 AM,09:55 AM,08:54 AM,10:21 AM,740.09,20,13.2,None,1,1
S7570,2026-04-07,04:15 AM,Azad,Outside,0,0,0,0,03:40 AM,07:02 AM,395.18,193,21.84,None,0,0
S7571,2026-04-23,02:22 PM,Yamuna,Outside,0,0,0,0,12:53 PM,03:53 PM,119.31,175,11.75,None,1,0
S7572,2026-04-17,08:44 AM,Rajendra,Mess,08:18 AM,08:46 AM,0,0,0,0,373.91,100,28.82,Breakfast,0,0
S7573,2026-04-15,06:06 PM,Sarojini,Library,0,0,05:03 PM,06:45 PM,04:38 PM,07:34 PM,985.47,200,33.86,None,0,0
S7574,2026-04-24,05:53 PM,Azad,Outside,0,0,0,0,03:56 PM,07:44 PM,303.31,46,6.87,None,0,0
S7575,2026-04-07,01:49 PM,Sarojini,Mess,01:30 PM,02:20 PM,0,0,0,0,245.55,61,41.52,Lunch,0,0
S7576,2026-04-23,12:37 PM,Azad,Mess,12:33 PM,12:58 PM,0,0,0,0,319.86,79,31.29,Lunch,0,0
S7577,2026-04-25,08:31 AM,Yamuna,Mess,07:58 AM,08:52 AM,0,0,0,0,428.13,191,42.5,Breakfast,0,0
S7578,2026-04-29,11:30 AM,Sarojini,Classroom,0,0,0,0,11:18 AM,12:00 PM,256.36,36,4.86,None,1,0
S7579,2026-05-01,05:29 PM,Ganga,Library,0,0,04:50 PM,06:21 PM,04:26 PM,07:08 PM,735.45,33,9.93,None,0,0
S7580,2026-04-20,12:36 PM,Yamuna,Hostel,0,0,0,0,0,0,120.05,124,34.69,None,0,0
S7581,2026-04-22,02:54 PM,Rajendra,Library,0,0,02:27 PM,03:38 PM,02:03 PM,04:03 PM,812.34,181,31.24,None,0,0
S7582,2026-04-26,09:40 PM,Azad,Mess,08:45 PM,09:42 PM,0,0,0,0,515.42,121,36.57,Dinner,0,0
S7583,2026-04-03,07:56 PM,Yamuna,Library,0,0,06:04 PM,08:11 PM,05:53 PM,09:08 PM,947.04,196,31.01,None,0,0
S7584,2026-04-23,08:42 PM,Azad,Mess,08:31 PM,09:09 PM,0,0,0,0,512.32,145,42.92,Dinner,0,0
S7585,2026-04-18,09:44 AM,Ganga,Mess,09:28 AM,10:11 AM,0,0,0,0,554.39,61,34.78,Breakfast,1,1
S7586,2026-04-21,05:48 PM,Sarojini,Library,0,0,05:13 PM,07:26 PM,05:05 PM,08:24 PM,728.15,196,30.83,None,0,0
S7587,2026-04-22,10:54 AM,Ganga,Classroom,0,0,0,0,10:30 AM,12:17 PM,341.75,190,10.46,None,1,1
S7588,2026-04-06,11:56 AM,Sarojini,Library,0,0,11:32 AM,12:02 PM,11:19 AM,12:18 PM,904.62,33,16.55,None,1,0
S7589,2026-04-15,09:43 AM,Rajendra,Mess,09:32 AM,10:21 AM,0,0,0,0,526.61,123,46.67,Breakfast,1,1
S7590,2026-04-25,04:39 PM,Ganga,Library,0,0,04:11 PM,06:44 PM,04:03 PM,07:33 PM,591.84,191,27.34,None,1,1
S7591,2026-04-19,10:00 PM,Azad,Outside,0,0,0,0,09:22 PM,11:05 PM,344.48,107,6.23,None,0,0
S7592,2026-04-18,08:55 PM,Yamuna,Mess,08:29 PM,09:01 PM,0,0,0,0,299.16,180,54.58,Dinner,0,0
S7593,2026-04-12,07:29 AM,Ganga,Mess,07:18 AM,07:45 AM,0,0,0,0,360.26,58,27.59,Breakfast,0,0
S7594,2026-04-29,12:01 PM,Azad,Classroom,0,0,0,0,11:25 AM,01:51 PM,105.7,150,22.04,None,1,0
S7595,2026-04-03,11:50 AM,Sarojini,Library,0,0,10:26 AM,12:27 PM,10:04 AM,01:01 PM,1084.1,199,23.56,None,0,0
S7596,2026-04-19,11:35 PM,Rajendra,Library,0,0,10:54 PM,11:53 PM,10:25 PM,11:59 PM,865.99,155,20.52,None,0,0
S7597,2026-04-30,12:13 AM,Sarojini,Outside,0,0,0,0,0,02:32 AM,179.39,181,21.24,None,0,0
S7598,2026-04-16,10:25 PM,Azad,Library,0,0,10:11 PM,11:27 PM,09:47 PM,11:59 PM,850.59,148,30.96,None,0,0
S7599,2026-04-14,01:51 AM,Ganga,Outside,0,0,0,0,12:31 AM,04:26 AM,181.82,122,10.93,None,0,0
S7600,2026-04-23,08:03 PM,Yamuna,Library,0,0,06:45 PM,08:21 PM,06:30 PM,08:53 PM,631.1,130,27.48,None,0,0
S7601,2026-04-10,07:11 AM,Sarojini,Mess,07:08 AM,07:58 AM,0,0,0,0,544.95,24,30.99,Breakfast,0,0
S7602,2026-04-23,08:25 PM,Rajendra,Outside,0,0,0,0,07:35 PM,10:53 PM,108.89,59,4.84,None,0,0
S7603,2026-04-09,12:57 AM,Sarojini,Hostel,0,0,0,0,0,0,333.05,20,27.15,None,0,0
S7604,2026-04-01,01:47 PM,Ganga,Mess,01:24 PM,01:51 PM,0,0,0,0,589.64,50,45.53,Lunch,1,0
S7605,2026-04-24,10:03 PM,Azad,Mess,09:55 PM,10:50 PM,0,0,0,0,585.27,35,40.95,Dinner,0,0
S7606,2026-04-21,02:55 PM,Sarojini,Mess,02:46 PM,03:09 PM,0,0,0,0,629.02,178,37.24,Lunch,0,0
S7607,2026-04-23,02:39 PM,Azad,Library,0,0,01:25 PM,04:20 PM,01:17 PM,04:40 PM,933.69,112,24.59,None,1,0
S7608,2026-04-05,01:03 PM,Ganga,Library,0,0,12:43 PM,03:28 PM,12:22 PM,03:50 PM,889.23,171,34.46,None,0,0
S7609,2026-04-29,07:43 PM,Sarojini,Library,0,0,07:06 PM,07:52 PM,06:49 PM,08:28 PM,778.38,49,20.3,None,0,0
S7610,2026-04-20,03:17 PM,Yamuna,Library,0,0,03:06 PM,05:54 PM,02:55 PM,06:32 PM,1022.28,84,21.88,None,1,0
S7611,2026-04-18,01:35 PM,Azad,Library,0,0,01:24 PM,03:11 PM,12:58 PM,03:54 PM,586.77,182,37.65,None,1,0
S7612,2026-04-24,03:04 PM,Ganga,Library,0,0,02:30 PM,03:04 PM,02:25 PM,03:22 PM,733.06,42,12.55,None,0,0
S7613,2026-04-07,11:33 PM,Ganga,Library,0,0,09:16 PM,11:37 PM,08:58 PM,11:49 PM,833.13,106,23.57,None,0,0
S7614,2026-04-21,04:33 PM,Ganga,Hostel,0,0,0,0,0,0,270.06,52,22.57,None,0,0
S7615,2026-04-04,10:18 PM,Ganga,Hostel,0,0,0,0,0,0,1240.58,71,18.16,None,0,0
S7616,2026-04-12,12:21 PM,Azad,Mess,12:21 PM,01:14 PM,0,0,0,0,522.18,93,52.39,Lunch,1,0
S7617,2026-04-30,11:54 AM,Rajendra,Classroom,0,0,0,0,11:36 AM,12:54 PM,115.23,54,7.5,None,1,0
S7618,2026-04-17,01:39 PM,Azad,Library,0,0,01:30 PM,02:43 PM,01:04 PM,03:13 PM,824.85,135,29.2,None,1,0
S7619,2026-04-24,06:33 AM,Sarojini,Outside,0,0,0,0,04:54 AM,07:38 AM,339.16,117,8.72,None,0,0
S7620,2026-04-11,07:37 PM,Yamuna,Library,0,0,05:03 PM,07:46 PM,04:40 PM,08:22 PM,850.44,101,17.42,None,0,0
S7621,2026-04-20,02:44 PM,Rajendra,Mess,02:41 PM,03:21 PM,0,0,0,0,408.51,62,38.3,Lunch,0,0
S7622,2026-04-05,06:42 PM,Ganga,Library,0,0,05:23 PM,07:22 PM,04:53 PM,07:47 PM,775.85,23,8.76,None,0,0
S7623,2026-04-11,12:53 PM,Ganga,Classroom,0,0,0,0,12:13 PM,02:01 PM,124.15,145,20.61,None,1,0
S7624,2026-04-08,08:57 PM,Sarojini,Mess,08:54 PM,09:21 PM,0,0,0,0,533.33,129,39.95,Dinner,0,0
S7625,2026-04-30,08:11 PM,Sarojini,Outside,0,0,0,0,06:30 PM,09:49 PM,316.03,102,9.23,None,0,0
S7626,2026-04-03,02:24 AM,Ganga,Hostel,0,0,0,0,0,0,396.6,118,33.43,None,0,0
S7627,2026-04-18,09:18 AM,Ganga,Mess,09:11 AM,09:32 AM,0,0,0,0,453.05,72,44.49,Breakfast,1,1
S7628,2026-04-20,07:52 PM,Ganga,Mess,07:38 PM,08:38 PM,0,0,0,0,319.69,61,39.84,Dinner,0,0
S7629,2026-04-24,11:32 PM,Rajendra,Hostel,0,0,0,0,0,0,1192.07,24,16.95,None,0,0
S7630,2026-04-02,05:47 PM,Ganga,Hostel,0,0,0,0,0,0,179.02,177,44.3,None,0,0
S7631,2026-04-17,07:59 PM,Yamuna,Outside,0,0,0,0,06:38 PM,10:40 PM,308.97,176,13.97,None,0,0
S7632,2026-04-03,06:47 PM,Ganga,Library,0,0,06:02 PM,06:49 PM,05:54 PM,07:32 PM,619.48,174,29.79,None,0,0
S7633,2026-04-04,01:04 PM,Yamuna,Hostel,0,0,0,0,0,0,301.96,12,21.46,None,1,0
S7634,2026-04-19,02:24 PM,Sarojini,Library,0,0,01:20 PM,04:06 PM,01:15 PM,04:44 PM,708.4,180,19.07,None,0,0
S7635,2026-04-22,12:14 PM,Ganga,Library,0,0,10:43 AM,01:15 PM,10:35 AM,02:10 PM,829.9,97,16.36,None,1,0
S7636,2026-04-04,10:02 AM,Yamuna,Library,0,0,09:06 AM,10:22 AM,08:55 AM,10:55 AM,630.39,157,20.42,None,1,1
S7637,2026-04-09,11:53 AM,Sarojini,Library,0,0,11:52 AM,02:10 PM,11:34 AM,03:02 PM,639.43,141,23.02,None,1,0
S7638,2026-05-01,10:19 AM,Ganga,Library,0,0,09:41 AM,11:30 AM,09:13 AM,11:45 AM,719.88,187,35.0,None,1,1
S7639,2026-04-30,05:06 PM,Ganga,Library,0,0,05:03 PM,05:34 PM,04:57 PM,06:23 PM,765.21,36,12.61,None,0,0
S7640,2026-04-10,10:46 PM,Ganga,Library,0,0,09:22 PM,11:59 PM,08:53 PM,11:59 PM,723.58,190,35.5,None,0,0
S7641,2026-04-26,08:37 AM,Yamuna,Mess,08:16 AM,08:53 AM,0,0,0,0,437.16,177,39.85,Breakfast,0,0
S7642,2026-04-11,08:08 PM,Sarojini,Library,0,0,08:02 PM,09:02 PM,07:36 PM,09:40 PM,733.29,32,13.16,None,0,0
S7643,2026-04-11,07:04 PM,Yamuna,Mess,07:02 PM,07:45 PM,0,0,0,0,440.82,139,50.76,Dinner,0,0
S7644,2026-04-24,09:14 AM,Yamuna,Hostel,0,0,0,0,0,0,219.5,91,29.14,None,0,0
S7645,2026-04-29,01:41 AM,Azad,Outside,0,0,0,0,12:14 AM,03:57 AM,109.72,96,9.18,None,0,0
S7646,2026-04-24,03:41 PM,Yamuna,Hostel,0,0,0,0,0,0,288.51,65,27.33,None,0,0
S7647,2026-04-05,02:30 PM,Rajendra,Classroom,0,0,0,0,01:55 PM,03:17 PM,382.51,197,10.54,None,1,0
S7648,2026-04-29,01:45 PM,Rajendra,Mess,01:26 PM,01:48 PM,0,0,0,0,526.99,72,42.57,Lunch,1,0
S7649,2026-04-15,07:44 PM,Sarojini,Outside,0,0,0,0,06:53 PM,09:12 PM,190.46,169,25.21,None,0,0
S7650,2026-04-11,07:03 PM,Azad,Mess,07:03 PM,07:50 PM,0,0,0,0,678.01,93,25.73,Dinner,0,0
S7651,2026-04-02,09:00 PM,Rajendra,Library,0,0,08:26 PM,09:19 PM,08:10 PM,09:42 PM,584.78,145,24.28,None,0,0
S7652,2026-05-01,10:04 PM,Azad,Mess,09:44 PM,10:04 PM,0,0,0,0,443.71,76,40.18,Dinner,0,0
S7653,2026-04-06,09:53 PM,Rajendra,Library,0,0,09:24 PM,09:58 PM,09:10 PM,10:30 PM,549.46,87,12.14,None,0,0
S7654,2026-04-24,04:38 PM,Yamuna,Library,0,0,04:27 PM,05:06 PM,03:59 PM,05:52 PM,784.51,89,23.58,None,0,0
S7655,2026-04-17,07:16 PM,Sarojini,Library,0,0,06:45 PM,07:58 PM,06:31 PM,08:24 PM,784.83,169,17.8,None,0,0
S7656,2026-04-14,02:59 PM,Azad,Mess,02:22 PM,03:10 PM,0,0,0,0,425.1,144,36.74,Lunch,1,0
S7657,2026-04-12,09:36 PM,Yamuna,Hostel,0,0,0,0,0,0,1002.97,142,27.94,None,0,0
S7658,2026-04-11,09:28 PM,Ganga,Library,0,0,09:12 PM,10:02 PM,08:58 PM,10:54 PM,824.62,50,20.29,None,0,0
S7659,2026-04-29,03:21 PM,Azad,Library,0,0,01:28 PM,04:25 PM,12:59 PM,05:14 PM,859.94,185,25.08,None,0,0
S7660,2026-04-01,09:50 AM,Azad,Mess,09:32 AM,09:53 AM,0,0,0,0,293.63,160,36.58,Breakfast,1,1
S7661,2026-04-09,10:42 AM,Azad,Library,0,0,09:17 AM,11:12 AM,09:00 AM,11:39 AM,783.97,24,10.98,None,0,0
S7662,2026-04-07,08:21 PM,Azad,Library,0,0,06:54 PM,08:28 PM,06:49 PM,08:54 PM,947.47,104,12.01,None,0,0
S7663,2026-04-17,01:49 PM,Yamuna,Library,0,0,01:19 PM,01:52 PM,01:03 PM,02:45 PM,539.87,69,16.56,None,1,0
S7664,2026-04-09,08:54 PM,Sarojini,Library,0,0,08:13 PM,09:59 PM,07:53 PM,10:18 PM,791.22,99,22.45,None,0,0
S7665,2026-04-07,05:50 PM,Sarojini,Library,0,0,02:52 PM,05:52 PM,02:36 PM,06:16 PM,491.83,176,24.75,None,0,0
S7666,2026-04-14,08:05 PM,Azad,Hostel,0,0,0,0,0,0,920.23,147,27.86,None,0,0
S7667,2026-04-15,05:46 AM,Rajendra,Hostel,0,0,0,0,0,0,360.95,61,20.22,None,0,0
S7668,2026-05-01,03:30 PM,Sarojini,Library,0,0,01:28 PM,03:39 PM,01:08 PM,04:28 PM,887.93,36,10.91,None,1,0
S7669,2026-04-18,04:25 PM,Azad,Library,0,0,03:29 PM,05:44 PM,03:20 PM,06:23 PM,975.88,119,21.39,None,0,0
S7670,2026-04-23,07:50 PM,Sarojini,Library,0,0,07:48 PM,08:30 PM,07:19 PM,09:12 PM,769.92,41,14.74,None,0,0
S7671,2026-04-12,08:47 PM,Rajendra,Library,0,0,08:37 PM,10:52 PM,08:07 PM,11:30 PM,567.78,130,13.49,None,0,0
S7672,2026-04-20,08:05 PM,Rajendra,Mess,07:51 PM,08:29 PM,0,0,0,0,457.56,194,60.22,Dinner,0,0
S7673,2026-04-14,01:50 PM,Ganga,Library,0,0,11:03 AM,01:51 PM,10:53 AM,02:14 PM,774.41,146,15.45,None,1,0
S7674,2026-04-13,08:10 AM,Ganga,Mess,08:10 AM,08:33 AM,0,0,0,0,402.91,161,49.28,Breakfast,0,0
S7675,2026-04-10,08:35 PM,Sarojini,Library,0,0,07:45 PM,09:57 PM,07:24 PM,10:13 PM,908.71,181,34.62,None,0,0
S7676,2026-04-01,09:36 AM,Rajendra,Library,0,0,09:31 AM,10:08 AM,09:21 AM,10:51 AM,839.74,153,19.09,None,0,0
S7677,2026-04-06,04:02 PM,Ganga,Library,0,0,02:56 PM,04:30 PM,02:26 PM,05:11 PM,774.72,199,20.19,None,1,1
S7678,2026-04-08,03:20 PM,Rajendra,Library,0,0,12:43 PM,03:38 PM,12:17 PM,04:17 PM,861.05,151,26.15,None,0,0
S7679,2026-04-21,10:17 PM,Sarojini,Outside,0,0,0,0,09:29 PM,11:53 PM,361.22,68,8.7,None,0,0
S7680,2026-04-09,09:25 AM,Yamuna,Outside,0,0,0,0,08:11 AM,10:48 AM,262.85,96,9.89,None,0,0
S7681,2026-04-15,11:56 PM,Ganga,Hostel,0,0,0,0,0,0,724.72,123,33.71,None,0,0
S7682,2026-04-25,04:00 PM,Yamuna,Library,0,0,02:42 PM,04:35 PM,02:29 PM,04:46 PM,724.29,161,32.1,None,1,1
S7683,2026-04-05,01:32 AM,Sarojini,Hostel,0,0,0,0,0,0,274.54,83,25.11,None,0,0
S7684,2026-04-19,08:52 AM,Sarojini,Mess,08:38 AM,09:11 AM,0,0,0,0,257.19,95,47.91,Breakfast,0,0
S7685,2026-04-08,08:50 AM,Azad,Outside,0,0,0,0,07:01 AM,10:14 AM,114.45,125,10.89,None,0,0
S7686,2026-04-26,02:06 PM,Rajendra,Library,0,0,01:27 PM,02:11 PM,01:22 PM,02:32 PM,689.31,89,22.76,None,0,0
S7687,2026-04-27,02:22 PM,Ganga,Library,0,0,01:22 PM,03:49 PM,01:10 PM,04:14 PM,706.06,15,16.63,None,1,0
S7688,2026-04-17,05:52 AM,Azad,Hostel,0,0,0,0,0,0,135.94,61,19.42,None,0,0
S7689,2026-04-29,09:36 PM,Rajendra,Library,0,0,08:00 PM,09:57 PM,07:40 PM,10:53 PM,823.06,194,19.88,None,0,0
S7690,2026-04-21,03:44 PM,Sarojini,Library,0,0,01:50 PM,03:53 PM,01:41 PM,04:53 PM,822.58,100,21.55,None,1,0
S7691,2026-04-21,09:20 PM,Ganga,Library,0,0,08:19 PM,09:24 PM,08:01 PM,10:04 PM,745.4,40,15.45,None,0,0
S7692,2026-04-14,01:13 PM,Azad,Library,0,0,11:33 AM,02:24 PM,11:06 AM,02:44 PM,559.44,182,32.83,None,1,0
S7693,2026-04-25,06:29 PM,Ganga,Library,0,0,05:36 PM,07:33 PM,05:19 PM,07:56 PM,528.88,136,20.76,None,0,0
S7694,2026-04-26,02:58 PM,Ganga,Mess,02:48 PM,03:35 PM,0,0,0,0,519.48,110,41.1,Lunch,1,0
S7695,2026-04-29,08:53 AM,Azad,Mess,08:20 AM,09:16 AM,0,0,0,0,568.6,35,23.67,Breakfast,0,0
S7696,2026-04-20,08:21 PM,Azad,Library,0,0,08:04 PM,09:49 PM,07:36 PM,10:14 PM,597.08,38,18.81,None,0,0
S7697,2026-04-06,08:54 AM,Yamuna,Classroom,0,0,0,0,08:23 AM,10:52 AM,146.61,60,6.74,None,1,1
S7698,2026-04-18,11:52 AM,Sarojini,Classroom,0,0,0,0,11:37 AM,01:20 PM,315.49,64,5.95,None,1,0
S7699,2026-04-12,11:09 AM,Yamuna,Hostel,0,0,0,0,0,0,312.05,165,31.59,None,0,0
S7700,2026-04-19,06:23 PM,Sarojini,Hostel,0,0,0,0,0,0,173.2,114,26.22,None,0,0
S7701,2026-04-10,05:25 PM,Azad,Library,0,0,05:03 PM,06:06 PM,04:52 PM,06:47 PM,980.52,87,21.95,None,0,0
S7702,2026-04-14,09:00 PM,Rajendra,Library,0,0,06:17 PM,09:13 PM,05:50 PM,09:32 PM,749.04,76,13.73,None,0,0
S7703,2026-04-13,12:56 PM,Rajendra,Mess,12:18 PM,12:56 PM,0,0,0,0,328.52,128,32.67,Lunch,0,0
S7704,2026-04-27,02:11 PM,Ganga,Mess,01:50 PM,02:43 PM,0,0,0,0,605.88,135,38.61,Lunch,1,0
S7705,2026-04-14,07:29 AM,Sarojini,Mess,07:02 AM,07:32 AM,0,0,0,0,377.01,156,37.59,Breakfast,0,0
S7706,2026-04-08,07:57 PM,Ganga,Hostel,0,0,0,0,0,0,314.34,78,25.38,None,0,0
S7707,2026-04-11,12:02 PM,Ganga,Library,0,0,10:42 AM,01:14 PM,10:30 AM,02:07 PM,751.85,54,13.01,None,0,0
S7708,2026-04-26,07:56 PM,Rajendra,Library,0,0,07:18 PM,10:08 PM,06:52 PM,10:22 PM,788.47,91,21.12,None,0,0
S7709,2026-04-22,11:29 AM,Yamuna,Hostel,0,0,0,0,0,0,202.27,14,18.59,None,1,0
S7710,2026-04-20,12:03 PM,Azad,Mess,12:01 PM,12:21 PM,0,0,0,0,359.26,157,55.98,Lunch,0,0
S7711,2026-04-03,10:42 PM,Azad,Library,0,0,10:20 PM,11:59 PM,09:59 PM,11:59 PM,1087.62,32,13.1,None,0,0
S7712,2026-05-01,10:28 AM,Azad,Outside,0,0,0,0,09:47 AM,11:58 AM,350.91,14,1.14,None,0,0
S7713,2026-04-05,09:09 PM,Yamuna,Outside,0,0,0,0,08:04 PM,11:31 PM,150.94,108,6.44,None,0,0
S7714,2026-04-26,09:26 PM,Sarojini,Mess,09:18 PM,10:00 PM,0,0,0,0,418.76,41,29.98,Dinner,0,0
S7715,2026-04-12,09:39 PM,Yamuna,Library,0,0,09:15 PM,09:46 PM,08:48 PM,10:38 PM,745.05,78,15.04,None,0,0
S7716,2026-04-12,08:44 PM,Sarojini,Mess,08:27 PM,09:19 PM,0,0,0,0,300.73,164,46.4,Dinner,0,0
S7717,2026-04-11,06:26 PM,Azad,Library,0,0,05:42 PM,06:48 PM,05:14 PM,07:12 PM,906.35,71,14.22,None,0,0
S7718,2026-04-04,03:34 PM,Yamuna,Library,0,0,03:09 PM,04:10 PM,02:45 PM,04:40 PM,847.23,101,15.65,None,1,0
S7719,2026-04-18,02:31 PM,Ganga,Library,0,0,02:09 PM,02:51 PM,01:44 PM,03:27 PM,796.01,60,17.89,None,0,0
S7720,2026-04-20,06:47 AM,Sarojini,Hostel,0,0,0,0,0,0,371.56,167,32.53,None,0,0
S7721,2026-04-11,04:32 PM,Ganga,Classroom,0,0,0,0,04:07 PM,05:06 PM,388.14,67,9.41,None,1,1
S7722,2026-04-28,02:32 PM,Ganga,Library,0,0,01:49 PM,03:16 PM,01:20 PM,04:02 PM,747.91,31,14.08,None,0,0
S7723,2026-04-20,01:40 PM,Sarojini,Library,0,0,01:28 PM,02:05 PM,01:12 PM,02:36 PM,899.03,107,17.86,None,1,0
S7724,2026-04-01,03:46 AM,Ganga,Outside,0,0,0,0,03:08 AM,06:27 AM,262.27,15,1.17,None,0,0
S7725,2026-04-13,07:17 AM,Azad,Mess,07:14 AM,07:36 AM,0,0,0,0,573.59,185,58.39,Breakfast,0,0
S7726,2026-04-16,03:06 PM,Rajendra,Library,0,0,01:05 PM,03:30 PM,12:47 PM,03:51 PM,900.93,81,15.65,None,1,0
S7727,2026-04-13,11:13 PM,Rajendra,Outside,0,0,0,0,09:35 PM,11:59 PM,183.21,87,10.24,None,0,0
S7728,2026-04-28,01:14 AM,Sarojini,Hostel,0,0,0,0,0,0,193.16,93,33.69,None,0,0
S7729,2026-04-15,04:45 PM,Rajendra,Library,0,0,02:54 PM,05:45 PM,02:24 PM,06:27 PM,631.01,12,15.67,None,0,0
S7730,2026-04-30,05:45 PM,Yamuna,Classroom,0,0,0,0,05:05 PM,06:23 PM,270.8,57,4.4,None,1,1
S7731,2026-04-23,11:43 PM,Sarojini,Library,0,0,10:24 PM,11:59 PM,10:15 PM,11:59 PM,667.17,78,23.58,None,0,0
S7732,2026-04-08,01:57 PM,Azad,Mess,01:50 PM,02:40 PM,0,0,0,0,539.31,26,24.95,Lunch,0,0
S7733,2026-04-07,09:05 PM,Ganga,Outside,0,0,0,0,07:21 PM,11:28 PM,257.21,102,13.27,None,0,0
S7734,2026-04-02,06:08 PM,Azad,Library,0,0,05:29 PM,06:09 PM,05:21 PM,06:40 PM,682.07,68,15.24,None,0,0
S7735,2026-04-22,12:40 PM,Azad,Mess,12:36 PM,01:15 PM,0,0,0,0,467.06,132,46.32,Lunch,1,0
S7736,2026-04-05,01:28 AM,Yamuna,Outside,0,0,0,0,12:40 AM,03:00 AM,146.45,115,14.2,None,0,0
S7737,2026-04-02,10:04 PM,Yamuna,Mess,09:26 PM,10:19 PM,0,0,0,0,521.59,34,36.67,Dinner,0,0
S7738,2026-04-27,11:00 PM,Yamuna,Hostel,0,0,0,0,0,0,1166.78,36,15.23,None,0,0
S7739,2026-04-02,10:01 PM,Azad,Mess,09:54 PM,10:26 PM,0,0,0,0,537.67,116,36.22,Dinner,0,0
S7740,2026-04-21,08:36 PM,Ganga,Mess,08:33 PM,09:16 PM,0,0,0,0,512.19,92,35.84,Dinner,0,0
S7741,2026-04-06,07:41 PM,Rajendra,Hostel,0,0,0,0,0,0,344.06,42,27.19,None,0,0
S7742,2026-04-02,03:53 PM,Azad,Hostel,0,0,0,0,0,0,219.82,103,31.31,None,1,0
S7743,2026-04-11,01:44 PM,Rajendra,Library,0,0,11:48 AM,02:01 PM,11:19 AM,02:40 PM,510.92,70,9.9,None,0,0
S7744,2026-04-18,02:38 PM,Sarojini,Mess,02:17 PM,02:56 PM,0,0,0,0,324.99,48,39.01,Lunch,0,0
S7745,2026-04-25,01:11 PM,Azad,Mess,01:03 PM,01:48 PM,0,0,0,0,425.73,42,31.4,Lunch,1,0
S7746,2026-05-01,10:31 PM,Sarojini,Library,0,0,10:27 PM,11:59 PM,10:01 PM,11:59 PM,733.87,70,12.86,None,0,0
S7747,2026-04-16,09:29 AM,Sarojini,Mess,09:16 AM,10:01 AM,0,0,0,0,541.85,69,49.1,Breakfast,0,0
S7748,2026-04-24,04:42 PM,Sarojini,Library,0,0,03:00 PM,04:49 PM,02:51 PM,05:06 PM,872.87,58,19.48,None,0,0
S7749,2026-04-17,08:24 AM,Sarojini,Mess,08:22 AM,08:48 AM,0,0,0,0,301.55,61,30.41,Breakfast,0,0
S7750,2026-04-07,07:58 AM,Ganga,Mess,07:45 AM,08:22 AM,0,0,0,0,470.79,43,41.18,Breakfast,0,0
S7751,2026-04-23,11:01 AM,Sarojini,Hostel,0,0,0,0,0,0,369.57,188,43.88,None,1,0
S7752,2026-04-25,07:07 AM,Rajendra,Hostel,0,0,0,0,0,0,337.81,45,24.98,None,0,0
S7753,2026-04-17,04:36 PM,Rajendra,Library,0,0,03:19 PM,04:52 PM,02:59 PM,05:16 PM,578.45,105,27.68,None,1,1
S7754,2026-04-29,01:27 PM,Sarojini,Mess,01:17 PM,01:50 PM,0,0,0,0,475.05,79,35.84,Lunch,0,0
S7755,2026-04-15,06:33 AM,Ganga,Hostel,0,0,0,0,0,0,263.94,73,30.49,None,0,0
S7756,2026-04-23,09:05 AM,Sarojini,Mess,08:55 AM,09:29 AM,0,0,0,0,422.01,58,40.15,Breakfast,1,1
S7757,2026-04-27,08:25 AM,Yamuna,Mess,08:21 AM,09:13 AM,0,0,0,0,440.14,65,39.98,Breakfast,0,0
S7758,2026-04-19,11:16 AM,Sarojini,Library,0,0,09:42 AM,12:30 PM,09:18 AM,01:11 PM,598.45,12,10.26,None,1,0
S7759,2026-04-14,08:27 PM,Ganga,Mess,08:13 PM,08:34 PM,0,0,0,0,459.9,24,41.72,Dinner,0,0
S7760,2026-04-21,02:45 AM,Sarojini,Hostel,0,0,0,0,0,0,356.6,115,31.03,None,0,0
S7761,2026-04-19,06:19 PM,Yamuna,Library,0,0,05:52 PM,08:07 PM,05:26 PM,09:03 PM,847.55,33,11.81,None,0,0
S7762,2026-04-27,02:29 AM,Ganga,Hostel,0,0,0,0,0,0,186.09,123,38.78,None,0,0
S7763,2026-04-14,03:54 PM,Ganga,Outside,0,0,0,0,02:04 PM,05:47 PM,361.0,79,7.21,None,1,0
S7764,2026-04-23,10:32 AM,Yamuna,Mess,09:53 AM,10:53 AM,0,0,0,0,614.95,191,48.17,Breakfast,0,0
S7765,2026-04-30,02:07 PM,Ganga,Mess,01:45 PM,02:16 PM,0,0,0,0,496.09,91,45.56,Lunch,1,0
S7766,2026-04-15,07:46 PM,Sarojini,Library,0,0,06:45 PM,07:47 PM,06:29 PM,08:14 PM,685.21,92,20.96,None,0,0
S7767,2026-04-29,10:07 AM,Ganga,Mess,09:46 AM,10:38 AM,0,0,0,0,367.5,97,33.71,Breakfast,0,0
S7768,2026-04-11,02:50 PM,Rajendra,Library,0,0,02:40 PM,03:21 PM,02:12 PM,04:00 PM,494.31,130,18.42,None,1,0
S7769,2026-04-21,11:01 PM,Rajendra,Library,0,0,10:21 PM,11:59 PM,10:07 PM,11:59 PM,763.72,133,23.57,None,0,0
S7770,2026-04-09,07:35 AM,Azad,Mess,07:21 AM,08:10 AM,0,0,0,0,244.54,159,48.98,Breakfast,0,0
S7771,2026-04-28,01:37 PM,Ganga,Mess,01:03 PM,01:49 PM,0,0,0,0,537.59,112,46.77,Lunch,1,0
S7772,2026-04-20,11:05 PM,Sarojini,Library,0,0,09:32 PM,11:59 PM,09:07 PM,11:59 PM,602.33,33,8.52,None,0,0
S7773,2026-04-07,09:23 AM,Rajendra,Mess,09:08 AM,09:50 AM,0,0,0,0,392.62,16,25.1,Breakfast,0,0
S7774,2026-04-25,07:44 PM,Rajendra,Mess,07:22 PM,07:59 PM,0,0,0,0,352.57,175,44.13,Dinner,0,0
S7775,2026-04-11,04:01 PM,Ganga,Library,0,0,02:05 PM,04:16 PM,01:40 PM,04:30 PM,563.52,165,22.37,None,1,1
S7776,2026-04-06,09:53 PM,Yamuna,Mess,09:26 PM,10:03 PM,0,0,0,0,286.85,111,51.45,Dinner,0,0
S7777,2026-04-18,06:36 PM,Sarojini,Library,0,0,06:08 PM,07:26 PM,06:03 PM,08:07 PM,738.05,94,18.73,None,0,0
S7778,2026-04-23,10:35 PM,Rajendra,Outside,0,0,0,0,09:25 PM,11:59 PM,178.43,64,6.03,None,0,0
S7779,2026-04-06,01:26 PM,Yamuna,Mess,12:58 PM,01:32 PM,0,0,0,0,294.02,166,39.01,Lunch,0,0
S7780,2026-04-22,12:44 PM,Rajendra,Mess,12:30 PM,01:12 PM,0,0,0,0,435.02,19,24.47,Lunch,0,0
S7781,2026-05-01,10:14 PM,Yamuna,Library,0,0,09:55 PM,10:47 PM,09:34 PM,11:10 PM,1074.1,170,21.17,None,0,0
S7782,2026-04-21,01:32 PM,Sarojini,Library,0,0,01:10 PM,03:59 PM,12:50 PM,04:14 PM,485.75,22,10.54,None,0,0
S7783,2026-04-22,06:19 AM,Ganga,Hostel,0,0,0,0,0,0,168.75,160,32.54,None,0,0
S7784,2026-04-14,10:09 PM,Ganga,Mess,09:58 PM,10:40 PM,0,0,0,0,360.14,133,39.46,Dinner,0,0
S7785,2026-04-25,06:33 PM,Azad,Library,0,0,06:07 PM,07:07 PM,05:48 PM,08:03 PM,926.72,77,20.52,None,0,0
S7786,2026-04-18,08:50 PM,Azad,Outside,0,0,0,0,07:10 PM,10:04 PM,118.03,130,10.78,None,0,0
S7787,2026-04-14,02:30 AM,Yamuna,Outside,0,0,0,0,01:46 AM,04:08 AM,386.53,172,16.23,None,0,0
S7788,2026-04-05,07:09 AM,Sarojini,Outside,0,0,0,0,05:10 AM,09:38 AM,348.34,107,12.56,None,0,0
S7789,2026-04-26,03:05 PM,Yamuna,Mess,02:52 PM,03:15 PM,0,0,0,0,374.11,51,25.62,Lunch,0,0
S7790,2026-04-13,07:26 PM,Ganga,Hostel,0,0,0,0,0,0,339.81,102,27.23,None,0,0
S7791,2026-04-25,09:22 PM,Sarojini,Library,0,0,08:33 PM,09:27 PM,08:07 PM,10:03 PM,1064.13,25,16.84,None,0,0
S7792,2026-04-30,07:40 AM,Rajendra,Hostel,0,0,0,0,0,0,390.3,149,44.13,None,0,0
S7793,2026-04-12,09:33 AM,Yamuna,Outside,0,0,0,0,08:51 AM,12:16 PM,284.54,159,8.79,None,1,1
S7794,2026-04-02,12:35 PM,Yamuna,Mess,12:28 PM,01:18 PM,0,0,0,0,475.58,162,55.89,Lunch,1,0
S7795,2026-04-14,09:20 AM,Ganga,Outside,0,0,0,0,07:33 AM,10:37 AM,363.18,94,6.9,None,0,0
S7796,2026-04-23,05:37 PM,Yamuna,Classroom,0,0,0,0,05:23 PM,06:23 PM,299.3,16,1.62,None,1,1
S7797,2026-04-13,05:29 AM,Yamuna,Hostel,0,0,0,0,0,0,380.72,53,27.61,None,0,0
S7798,2026-04-04,10:49 PM,Yamuna,Library,0,0,09:04 PM,10:57 PM,08:52 PM,11:20 PM,511.41,13,8.93,None,0,0
S7799,2026-04-19,02:16 PM,Azad,Mess,01:49 PM,02:20 PM,0,0,0,0,507.09,44,30.13,Lunch,0,0
S7800,2026-04-26,10:42 PM,Rajendra,Library,0,0,08:49 PM,11:10 PM,08:26 PM,11:20 PM,503.1,178,30.29,None,0,0
S7801,2026-04-25,01:36 PM,Yamuna,Library,0,0,01:33 PM,03:06 PM,01:14 PM,03:36 PM,799.78,55,12.4,None,1,0
S7802,2026-04-16,05:28 PM,Ganga,Library,0,0,04:02 PM,06:47 PM,03:39 PM,07:27 PM,703.01,183,25.44,None,0,0
S7803,2026-04-17,01:40 AM,Rajendra,Outside,0,0,0,0,0,03:29 AM,393.26,62,7.75,None,0,0
S7804,2026-04-23,08:40 PM,Rajendra,Library,0,0,08:09 PM,09:25 PM,07:56 PM,10:22 PM,927.21,102,17.0,None,0,0
S7805,2026-04-22,07:59 PM,Sarojini,Hostel,0,0,0,0,0,0,254.55,18,21.68,None,0,0
S7806,2026-04-29,06:10 PM,Yamuna,Library,0,0,04:59 PM,07:51 PM,04:36 PM,08:26 PM,781.6,33,10.37,None,0,0
S7807,2026-04-29,11:12 AM,Azad,Library,0,0,09:58 AM,12:35 PM,09:47 AM,01:35 PM,834.33,144,25.86,None,0,0
S7808,2026-04-02,11:23 AM,Sarojini,Hostel,0,0,0,0,0,0,263.5,125,37.87,None,1,0
S7809,2026-05-01,11:46 AM,Sarojini,Library,0,0,11:05 AM,12:17 PM,10:54 AM,12:54 PM,942.2,100,22.77,None,1,0
S7810,2026-04-14,09:49 AM,Sarojini,Mess,09:21 AM,10:15 AM,0,0,0,0,404.79,140,33.84,Breakfast,1,1
S7811,2026-04-19,11:49 PM,Sarojini,Outside,0,0,0,0,11:19 PM,11:59 PM,308.92,10,1.42,None,0,0
S7812,2026-04-01,09:07 AM,Sarojini,Mess,08:52 AM,09:27 AM,0,0,0,0,378.39,165,50.69,Breakfast,1,1
S7813,2026-04-12,03:26 PM,Sarojini,Outside,0,0,0,0,01:49 PM,06:18 PM,306.96,159,16.93,None,1,0
S7814,2026-04-06,07:55 PM,Ganga,Mess,07:44 PM,08:19 PM,0,0,0,0,653.51,162,53.25,Dinner,0,0
S7815,2026-04-22,11:05 AM,Azad,Classroom,0,0,0,0,10:34 AM,12:52 PM,156.52,185,19.64,None,1,0
S7816,2026-04-16,01:48 PM,Sarojini,Hostel,0,0,0,0,0,0,161.65,143,21.85,None,0,0
S7817,2026-04-15,06:35 PM,Azad,Library,0,0,05:17 PM,07:15 PM,05:01 PM,08:12 PM,722.1,178,30.45,None,0,0
S7818,2026-04-04,05:05 PM,Azad,Library,0,0,03:17 PM,06:13 PM,03:03 PM,06:31 PM,663.31,56,14.03,None,0,0
S7819,2026-04-17,04:17 PM,Sarojini,Library,0,0,02:33 PM,04:41 PM,02:22 PM,05:30 PM,807.09,164,34.14,None,0,0
S7820,2026-04-29,02:19 PM,Sarojini,Library,0,0,01:31 PM,02:40 PM,01:11 PM,03:31 PM,699.93,179,23.5,None,0,0
S7821,2026-04-10,10:56 AM,Sarojini,Outside,0,0,0,0,10:01 AM,01:23 PM,266.95,191,15.14,None,1,1
S7822,2026-04-27,10:26 PM,Rajendra,Library,0,0,10:13 PM,11:59 PM,10:02 PM,11:59 PM,668.37,62,20.07,None,0,0
S7823,2026-04-14,08:19 AM,Sarojini,Mess,08:08 AM,09:06 AM,0,0,0,0,291.22,200,47.35,Breakfast,0,0
S7824,2026-04-29,10:36 PM,Ganga,Library,0,0,10:07 PM,10:51 PM,09:58 PM,11:48 PM,890.14,36,11.21,None,0,0
S7825,2026-04-27,09:24 PM,Azad,Library,0,0,07:59 PM,09:46 PM,07:36 PM,10:36 PM,568.77,17,13.61,None,0,0
S7826,2026-04-26,01:39 PM,Azad,Mess,01:25 PM,01:49 PM,0,0,0,0,255.59,143,48.98,Lunch,1,0
S7827,2026-04-19,11:21 PM,Yamuna,Hostel,0,0,0,0,0,0,1025.44,86,25.0,None,0,0
S7828,2026-04-03,08:53 PM,Sarojini,Mess,08:28 PM,08:57 PM,0,0,0,0,310.15,123,35.06,Dinner,0,0
S7829,2026-04-18,02:29 AM,Yamuna,Hostel,0,0,0,0,0,0,177.18,117,34.61,None,0,0
S7830,2026-04-20,07:22 PM,Azad,Mess,07:17 PM,08:06 PM,0,0,0,0,323.24,59,30.52,Dinner,0,0
S7831,2026-04-29,09:26 AM,Rajendra,Mess,08:49 AM,09:33 AM,0,0,0,0,475.1,29,23.16,Breakfast,0,0
S7832,2026-04-13,08:56 AM,Ganga,Outside,0,0,0,0,07:23 AM,11:49 AM,180.15,67,9.8,None,0,0
S7833,2026-04-25,10:13 AM,Sarojini,Classroom,0,0,0,0,09:57 AM,11:16 AM,232.94,78,6.34,None,1,1
S7834,2026-04-21,11:46 PM,Azad,Library,0,0,10:14 PM,11:59 PM,09:51 PM,11:59 PM,638.28,68,16.73,None,0,0
S7835,2026-04-05,02:58 PM,Yamuna,Mess,02:46 PM,03:37 PM,0,0,0,0,402.05,130,43.13,Lunch,0,0
S7836,2026-04-04,01:58 AM,Sarojini,Hostel,0,0,0,0,0,0,127.21,36,15.9,None,0,0
S7837,2026-04-04,09:06 PM,Ganga,Library,0,0,08:27 PM,09:18 PM,07:57 PM,10:08 PM,682.12,91,15.21,None,0,0
S7838,2026-04-02,04:17 AM,Rajendra,Hostel,0,0,0,0,0,0,284.34,97,24.81,None,0,0
S7839,2026-04-02,04:09 PM,Sarojini,Classroom,0,0,0,0,03:56 PM,04:45 PM,218.98,143,11.92,None,1,1
S7840,2026-04-30,12:51 PM,Azad,Library,0,0,12:17 PM,01:59 PM,12:08 PM,02:30 PM,735.53,40,15.57,None,0,0
S7841,2026-04-01,11:46 PM,Ganga,Library,0,0,10:51 PM,11:59 PM,10:46 PM,11:59 PM,718.41,191,27.47,None,0,0
S7842,2026-04-19,07:08 AM,Sarojini,Outside,0,0,0,0,06:23 AM,09:40 AM,359.65,192,13.77,None,0,0
S7843,2026-04-20,02:58 PM,Yamuna,Library,0,0,02:54 PM,04:28 PM,02:37 PM,05:06 PM,641.11,80,16.29,None,1,0
S7844,2026-04-02,11:43 AM,Rajendra,Outside,0,0,0,0,10:10 AM,01:38 PM,395.24,46,3.5,None,0,0
S7845,2026-04-24,04:00 PM,Yamuna,Library,0,0,01:15 PM,04:11 PM,01:08 PM,05:06 PM,667.81,85,18.85,None,0,0
S7846,2026-04-20,12:32 PM,Rajendra,Outside,0,0,0,0,11:10 AM,02:29 PM,173.98,22,2.49,None,0,0
S7847,2026-04-23,02:36 PM,Rajendra,Library,0,0,01:32 PM,03:04 PM,01:03 PM,03:57 PM,895.73,135,26.94,None,0,0
S7848,2026-04-15,03:05 PM,Yamuna,Mess,02:50 PM,03:10 PM,0,0,0,0,521.9,13,24.39,Lunch,0,0
S7849,2026-04-17,01:24 PM,Ganga,Mess,01:14 PM,01:36 PM,0,0,0,0,437.95,87,52.21,Lunch,0,0
S7850,2026-04-08,09:41 AM,Ganga,Mess,09:29 AM,09:55 AM,0,0,0,0,335.64,130,42.44,Breakfast,1,1
S7851,2026-04-20,09:08 AM,Yamuna,Outside,0,0,0,0,07:12 AM,10:30 AM,214.5,124,7.47,None,0,0
S7852,2026-04-18,12:11 PM,Rajendra,Library,0,0,12:02 PM,01:30 PM,11:54 AM,01:55 PM,557.57,47,19.27,None,0,0
S7853,2026-04-14,05:14 AM,Yamuna,Outside,0,0,0,0,03:27 AM,06:20 AM,302.65,150,17.26,None,0,0
S7854,2026-04-03,09:26 AM,Ganga,Library,0,0,09:07 AM,10:34 AM,08:38 AM,11:00 AM,775.07,28,15.65,None,1,1
S7855,2026-04-18,10:07 AM,Yamuna,Library,0,0,10:05 AM,12:54 PM,09:59 AM,01:51 PM,605.95,94,20.74,None,0,0
S7856,2026-04-24,09:23 AM,Azad,Mess,08:23 AM,09:23 AM,0,0,0,0,404.33,137,51.79,Breakfast,0,0
S7857,2026-04-01,03:59 PM,Yamuna,Outside,0,0,0,0,03:06 PM,05:38 PM,120.11,65,4.12,None,0,0
S7858,2026-04-22,12:56 PM,Ganga,Mess,12:40 PM,01:28 PM,0,0,0,0,589.53,73,30.55,Lunch,1,0
S7859,2026-04-25,08:20 AM,Azad,Mess,07:50 AM,08:30 AM,0,0,0,0,469.81,163,46.39,Breakfast,0,0
S7860,2026-04-14,08:57 PM,Ganga,Library,0,0,07:36 PM,09:30 PM,07:28 PM,10:03 PM,685.34,85,19.52,None,0,0
S7861,2026-04-28,08:32 AM,Ganga,Mess,08:26 AM,08:46 AM,0,0,0,0,406.11,174,34.97,Breakfast,0,0
S7862,2026-04-05,05:45 AM,Azad,Hostel,0,0,0,0,0,0,383.78,180,31.71,None,0,0
S7863,2026-04-11,02:08 PM,Rajendra,Mess,01:27 PM,02:13 PM,0,0,0,0,326.33,113,32.86,Lunch,1,0
S7864,2026-04-21,04:40 PM,Ganga,Hostel,0,0,0,0,0,0,250.14,82,21.05,None,0,0
S7865,2026-04-28,06:14 PM,Azad,Library,0,0,05:47 PM,06:54 PM,05:35 PM,07:40 PM,722.21,172,25.35,None,0,0
S7866,2026-04-25,12:50 PM,Ganga,Mess,12:24 PM,01:22 PM,0,0,0,0,319.49,70,36.48,Lunch,1,0
S7867,2026-04-10,07:06 PM,Sarojini,Library,0,0,07:04 PM,07:54 PM,06:55 PM,08:25 PM,605.1,44,17.36,None,0,0
S7868,2026-04-24,08:27 PM,Yamuna,Outside,0,0,0,0,07:56 PM,10:31 PM,340.84,167,24.43,None,0,0
S7869,2026-04-12,08:38 PM,Sarojini,Mess,07:57 PM,08:46 PM,0,0,0,0,359.9,95,36.42,Dinner,0,0
S7870,2026-04-13,01:07 PM,Sarojini,Mess,12:38 PM,01:18 PM,0,0,0,0,559.25,120,41.5,Lunch,0,0
S7871,2026-04-11,01:06 AM,Yamuna,Outside,0,0,0,0,0,03:23 AM,388.56,66,8.16,None,0,0
S7872,2026-04-13,08:49 PM,Rajendra,Library,0,0,07:39 PM,09:46 PM,07:26 PM,10:03 PM,880.58,114,19.36,None,0,0
S7873,2026-04-01,09:33 PM,Rajendra,Library,0,0,07:06 PM,09:45 PM,07:01 PM,10:40 PM,802.14,42,14.39,None,0,0
S7874,2026-04-18,04:06 PM,Sarojini,Library,0,0,03:52 PM,05:36 PM,03:26 PM,06:33 PM,593.05,55,17.07,None,0,0
S7875,2026-04-17,12:06 AM,Ganga,Hostel,0,0,0,0,0,0,287.45,143,35.8,None,0,0
S7876,2026-04-25,12:48 PM,Rajendra,Outside,0,0,0,0,11:58 AM,02:23 PM,342.0,29,3.26,None,1,0
S7877,2026-04-14,09:21 AM,Rajendra,Mess,08:57 AM,09:38 AM,0,0,0,0,432.56,106,40.13,Breakfast,1,1
S7878,2026-04-02,07:29 AM,Ganga,Mess,07:01 AM,07:57 AM,0,0,0,0,420.2,28,28.81,Breakfast,0,0
S7879,2026-04-18,01:31 PM,Ganga,Library,0,0,01:12 PM,03:07 PM,01:05 PM,04:01 PM,617.03,51,17.38,None,0,0
S7880,2026-04-21,02:37 PM,Yamuna,Classroom,0,0,0,0,02:03 PM,03:49 PM,360.64,120,6.95,None,1,0
S7881,2026-04-30,08:24 AM,Yamuna,Mess,08:16 AM,08:36 AM,0,0,0,0,506.71,15,27.7,Breakfast,0,0
S7882,2026-04-11,10:22 PM,Azad,Mess,09:51 PM,10:49 PM,0,0,0,0,364.66,47,26.56,Dinner,0,0
S7883,2026-04-03,02:30 AM,Ganga,Hostel,0,0,0,0,0,0,166.0,185,20.2,None,0,0
S7884,2026-04-12,08:06 PM,Ganga,Mess,07:37 PM,08:11 PM,0,0,0,0,420.72,102,39.76,Dinner,0,0
S7885,2026-04-02,06:40 PM,Ganga,Classroom,0,0,0,0,06:17 PM,07:26 PM,261.43,19,1.5,None,1,1
S7886,2026-04-21,06:08 PM,Sarojini,Library,0,0,05:52 PM,06:31 PM,05:23 PM,07:06 PM,1060.07,22,16.22,None,0,0
S7887,2026-05-01,12:22 PM,Rajendra,Mess,12:15 PM,12:48 PM,0,0,0,0,328.18,164,40.44,Lunch,1,0
S7888,2026-04-10,12:00 PM,Rajendra,Library,0,0,11:15 AM,12:29 PM,10:49 AM,12:48 PM,574.82,172,29.39,None,1,0
S7889,2026-04-01,12:44 PM,Yamuna,Classroom,0,0,0,0,12:28 PM,02:00 PM,349.33,91,8.94,None,1,0
S7890,2026-04-17,08:49 PM,Azad,Mess,08:43 PM,09:40 PM,0,0,0,0,510.64,134,40.59,Dinner,0,0
S7891,2026-04-25,12:35 PM,Azad,Outside,0,0,0,0,10:37 AM,03:23 PM,355.68,136,8.54,None,1,0
S7892,2026-04-25,02:26 PM,Azad,Library,0,0,02:10 PM,04:37 PM,01:44 PM,04:54 PM,724.6,25,10.86,None,1,0
S7893,2026-04-14,09:02 AM,Yamuna,Outside,0,0,0,0,07:27 AM,11:49 AM,181.8,27,2.06,None,0,0
S7894,2026-04-04,09:35 PM,Ganga,Mess,09:01 PM,09:51 PM,0,0,0,0,289.96,22,34.37,Dinner,0,0
S7895,2026-04-14,10:00 AM,Azad,Mess,09:25 AM,10:04 AM,0,0,0,0,580.41,130,37.63,Breakfast,1,1
S7896,2026-04-14,02:33 PM,Azad,Mess,02:21 PM,02:52 PM,0,0,0,0,466.83,76,30.78,Lunch,0,0
S7897,2026-04-16,01:33 PM,Sarojini,Mess,12:50 PM,01:40 PM,0,0,0,0,307.42,43,29.23,Lunch,1,0
S7898,2026-04-04,09:33 PM,Ganga,Mess,09:32 PM,10:19 PM,0,0,0,0,515.29,70,28.0,Dinner,0,0
S7899,2026-04-29,08:36 PM,Azad,Outside,0,0,0,0,07:53 PM,10:40 PM,101.04,56,7.09,None,0,0
S7900,2026-04-07,03:58 AM,Ganga,Hostel,0,0,0,0,0,0,217.13,152,37.65,None,0,0
S7901,2026-04-12,05:53 AM,Yamuna,Hostel,0,0,0,0,0,0,220.85,133,29.75,None,0,0
S7902,2026-04-05,01:44 PM,Rajendra,Mess,01:33 PM,01:56 PM,0,0,0,0,502.25,44,26.99,Lunch,1,0
S7903,2026-04-08,01:07 PM,Yamuna,Mess,01:05 PM,01:48 PM,0,0,0,0,551.77,41,29.34,Lunch,0,0
S7904,2026-04-12,09:06 PM,Sarojini,Mess,09:02 PM,09:54 PM,0,0,0,0,386.82,40,39.38,Dinner,0,0
S7905,2026-04-16,09:03 PM,Yamuna,Mess,08:52 PM,09:34 PM,0,0,0,0,539.79,85,46.89,Dinner,0,0
S7906,2026-04-20,02:22 PM,Yamuna,Hostel,0,0,0,0,0,0,371.06,15,14.99,None,1,0
S7907,2026-04-12,10:01 AM,Ganga,Mess,09:23 AM,10:01 AM,0,0,0,0,378.57,30,38.2,Breakfast,0,0
S7908,2026-04-09,07:55 PM,Rajendra,Library,0,0,06:34 PM,07:57 PM,06:09 PM,08:28 PM,649.71,41,12.6,None,0,0
S7909,2026-04-25,02:53 PM,Yamuna,Library,0,0,02:53 PM,05:36 PM,02:33 PM,06:01 PM,740.0,58,20.23,None,1,0
S7910,2026-04-27,11:55 AM,Yamuna,Library,0,0,11:55 AM,02:49 PM,11:42 AM,03:28 PM,920.74,152,23.07,None,1,0
S7911,2026-04-11,02:09 AM,Yamuna,Hostel,0,0,0,0,0,0,246.23,50,25.53,None,0,0
S7912,2026-04-03,08:44 AM,Sarojini,Mess,08:23 AM,08:46 AM,0,0,0,0,329.05,43,32.53,Breakfast,0,0
S7913,2026-04-28,05:08 PM,Sarojini,Library,0,0,04:56 PM,07:15 PM,04:42 PM,08:04 PM,1035.96,80,15.43,None,0,0
S7914,2026-04-19,02:09 PM,Yamuna,Library,0,0,01:12 PM,02:52 PM,12:58 PM,03:49 PM,530.47,186,26.56,None,1,0
S7915,2026-04-19,10:31 AM,Yamuna,Classroom,0,0,0,0,10:03 AM,11:56 AM,261.32,126,13.48,None,1,1
S7916,2026-04-20,09:18 PM,Rajendra,Mess,08:40 PM,09:27 PM,0,0,0,0,542.66,81,38.39,Dinner,0,0
S7917,2026-04-29,11:27 PM,Rajendra,Library,0,0,10:40 PM,11:40 PM,10:22 PM,11:59 PM,775.08,47,10.35,None,0,0
S7918,2026-04-15,03:28 PM,Sarojini,Library,0,0,02:30 PM,03:45 PM,02:14 PM,04:36 PM,811.24,51,16.71,None,0,0
S7919,2026-04-09,12:41 PM,Ganga,Mess,12:29 PM,01:06 PM,0,0,0,0,273.15,110,40.44,Lunch,1,0
S7920,2026-04-05,01:35 AM,Yamuna,Outside,0,0,0,0,12:03 AM,03:51 AM,191.37,192,10.28,None,0,0
S7921,2026-04-25,09:45 AM,Azad,Mess,09:20 AM,09:46 AM,0,0,0,0,366.66,179,33.86,Breakfast,0,0
S7922,2026-04-10,08:12 PM,Sarojini,Mess,08:04 PM,08:40 PM,0,0,0,0,576.48,144,52.84,Dinner,0,0
S7923,2026-04-11,11:50 PM,Azad,Outside,0,0,0,0,10:06 PM,11:59 PM,396.45,69,10.26,None,0,0
S7924,2026-04-13,02:39 PM,Sarojini,Mess,02:06 PM,03:01 PM,0,0,0,0,365.35,88,44.51,Lunch,0,0
S7925,2026-04-15,08:01 AM,Rajendra,Hostel,0,0,0,0,0,0,399.26,57,16.81,None,0,0
S7926,2026-04-13,08:33 PM,Ganga,Library,0,0,08:00 PM,08:36 PM,07:34 PM,09:02 PM,740.97,12,14.31,None,0,0
S7927,2026-04-18,09:17 PM,Rajendra,Library,0,0,08:57 PM,11:50 PM,08:36 PM,11:59 PM,844.44,36,16.16,None,0,0
S7928,2026-04-30,01:28 PM,Sarojini,Mess,12:53 PM,01:30 PM,0,0,0,0,533.64,20,41.41,Lunch,0,0
S7929,2026-04-20,10:59 PM,Azad,Library,0,0,10:46 PM,11:46 PM,10:16 PM,11:59 PM,647.95,191,17.95,None,0,0
S7930,2026-04-09,09:16 PM,Yamuna,Mess,09:11 PM,09:32 PM,0,0,0,0,437.9,95,42.42,Dinner,0,0
S7931,2026-04-16,07:08 AM,Yamuna,Mess,07:01 AM,07:49 AM,0,0,0,0,530.15,45,38.59,Breakfast,0,0
S7932,2026-04-09,11:54 AM,Rajendra,Library,0,0,11:05 AM,12:33 PM,10:52 AM,01:13 PM,750.93,68,23.71,None,0,0
S7933,2026-04-08,12:59 PM,Azad,Hostel,0,0,0,0,0,0,278.02,69,24.99,None,0,0
S7934,2026-05-01,07:13 PM,Rajendra,Mess,07:01 PM,07:26 PM,0,0,0,0,458.59,33,30.74,Dinner,0,0
S7935,2026-04-14,09:33 PM,Azad,Mess,09:30 PM,10:03 PM,0,0,0,0,460.27,85,43.07,Dinner,0,0
S7936,2026-04-10,10:42 PM,Yamuna,Library,0,0,09:14 PM,11:22 PM,09:01 PM,11:35 PM,935.23,186,24.68,None,0,0
S7937,2026-04-10,07:55 PM,Sarojini,Library,0,0,07:04 PM,08:06 PM,06:55 PM,08:56 PM,702.46,51,11.32,None,0,0
S7938,2026-04-05,09:40 PM,Rajendra,Mess,09:07 PM,09:41 PM,0,0,0,0,612.21,182,41.73,Dinner,0,0
S7939,2026-04-01,02:45 PM,Sarojini,Outside,0,0,0,0,02:10 PM,05:00 PM,306.91,172,15.14,None,1,0
S7940,2026-04-16,07:06 AM,Ganga,Outside,0,0,0,0,06:24 AM,09:51 AM,334.62,198,11.56,None,0,0
S7941,2026-04-01,12:48 PM,Yamuna,Library,0,0,11:42 AM,12:59 PM,11:30 AM,01:16 PM,817.48,198,37.37,None,1,0
S7942,2026-04-05,10:37 PM,Ganga,Library,0,0,10:28 PM,11:59 PM,10:16 PM,11:59 PM,1012.19,154,25.91,None,0,0
S7943,2026-04-08,03:55 AM,Rajendra,Hostel,0,0,0,0,0,0,275.17,36,28.34,None,0,0
S7944,2026-04-05,09:07 PM,Ganga,Mess,08:47 PM,09:26 PM,0,0,0,0,539.38,51,37.12,Dinner,0,0
S7945,2026-04-08,08:20 PM,Yamuna,Outside,0,0,0,0,07:06 PM,09:39 PM,349.0,153,12.05,None,0,0
S7946,2026-04-09,03:18 PM,Yamuna,Library,0,0,03:01 PM,05:06 PM,02:47 PM,05:25 PM,666.86,199,27.07,None,0,0
S7947,2026-04-16,02:23 AM,Ganga,Outside,0,0,0,0,01:39 AM,04:01 AM,216.87,116,17.08,None,0,0
S7948,2026-04-03,06:55 AM,Sarojini,Hostel,0,0,0,0,0,0,397.44,21,22.08,None,0,0
S7949,2026-04-01,09:14 PM,Azad,Mess,08:45 PM,09:45 PM,0,0,0,0,525.88,165,53.14,Dinner,0,0
S7950,2026-04-10,08:01 AM,Sarojini,Mess,07:38 AM,08:32 AM,0,0,0,0,415.06,177,54.95,Breakfast,0,0
S7951,2026-04-27,08:29 PM,Sarojini,Library,0,0,06:51 PM,08:55 PM,06:46 PM,09:10 PM,994.38,107,20.05,None,0,0
S7952,2026-04-12,12:42 PM,Rajendra,Library,0,0,12:20 PM,01:45 PM,12:01 PM,02:28 PM,941.52,75,23.18,None,0,0
S7953,2026-04-30,02:50 PM,Sarojini,Mess,02:27 PM,03:08 PM,0,0,0,0,471.9,122,34.46,Lunch,0,0
S7954,2026-04-20,02:38 PM,Rajendra,Mess,02:20 PM,03:04 PM,0,0,0,0,495.46,33,24.48,Lunch,1,0
S7955,2026-04-15,08:19 AM,Rajendra,Mess,07:37 AM,08:29 AM,0,0,0,0,481.33,93,25.68,Breakfast,0,0
S7956,2026-04-02,12:29 PM,Azad,Mess,12:18 PM,01:06 PM,0,0,0,0,392.14,90,32.24,Lunch,0,0
S7957,2026-04-11,10:06 PM,Yamuna,Mess,09:42 PM,10:08 PM,0,0,0,0,367.63,27,26.31,Dinner,0,0
S7958,2026-04-06,10:16 PM,Yamuna,Library,0,0,09:55 PM,11:59 PM,09:31 PM,11:59 PM,934.32,30,8.6,None,0,0
S7959,2026-04-25,05:43 PM,Ganga,Library,0,0,04:01 PM,06:55 PM,03:44 PM,07:29 PM,829.63,90,16.5,None,0,0
S7960,2026-04-23,04:37 AM,Sarojini,Outside,0,0,0,0,03:46 AM,05:50 AM,181.13,95,14.15,None,0,0
S7961,2026-04-03,02:08 PM,Rajendra,Mess,02:08 PM,02:39 PM,0,0,0,0,433.13,137,41.11,Lunch,0,0
S7962,2026-04-25,05:06 PM,Sarojini,Library,0,0,03:27 PM,06:26 PM,03:11 PM,07:24 PM,843.44,190,28.81,None,0,0
S7963,2026-04-19,02:07 PM,Rajendra,Classroom,0,0,0,0,01:57 PM,03:23 PM,105.22,193,10.66,None,1,0
S7964,2026-04-19,03:43 AM,Rajendra,Outside,0,0,0,0,02:15 AM,06:11 AM,298.06,180,23.77,None,0,0
S7965,2026-04-25,03:02 PM,Yamuna,Outside,0,0,0,0,01:43 PM,04:37 PM,298.56,141,14.67,None,0,0
S7966,2026-04-03,06:03 PM,Azad,Library,0,0,04:29 PM,06:04 PM,04:07 PM,06:33 PM,863.93,191,32.42,None,0,0
S7967,2026-04-09,07:08 PM,Rajendra,Mess,07:04 PM,07:41 PM,0,0,0,0,414.25,81,42.29,Dinner,0,0
S7968,2026-04-16,09:27 PM,Sarojini,Outside,0,0,0,0,08:43 PM,11:51 PM,240.44,113,14.2,None,0,0
S7969,2026-04-24,06:55 AM,Ganga,Hostel,0,0,0,0,0,0,288.85,110,29.07,None,0,0
S7970,2026-04-19,07:24 PM,Sarojini,Mess,07:08 PM,08:07 PM,0,0,0,0,595.01,121,35.79,Dinner,0,0
S7971,2026-04-18,08:10 AM,Azad,Mess,07:52 AM,08:30 AM,0,0,0,0,343.01,30,40.92,Breakfast,0,0
S7972,2026-04-01,08:47 PM,Rajendra,Library,0,0,08:30 PM,10:43 PM,08:02 PM,11:04 PM,541.38,34,10.87,None,0,0
S7973,2026-04-04,08:48 PM,Yamuna,Library,0,0,06:14 PM,09:11 PM,06:08 PM,09:55 PM,718.82,25,9.93,None,0,0
S7974,2026-04-18,02:56 PM,Ganga,Library,0,0,01:38 PM,03:03 PM,01:17 PM,03:31 PM,657.96,159,22.17,None,0,0
S7975,2026-04-16,08:11 AM,Rajendra,Classroom,0,0,0,0,07:46 AM,09:56 AM,106.68,197,19.65,None,1,1
S7976,2026-04-28,02:33 PM,Azad,Mess,02:18 PM,02:41 PM,0,0,0,0,408.09,190,59.24,Lunch,1,0
S7977,2026-04-05,10:29 PM,Sarojini,Hostel,0,0,0,0,0,0,1039.24,30,14.96,None,0,0
S7978,2026-04-23,01:19 PM,Sarojini,Library,0,0,12:11 PM,01:50 PM,11:43 AM,02:04 PM,651.4,200,23.61,None,1,0
S7979,2026-04-12,09:08 PM,Ganga,Mess,08:49 PM,09:40 PM,0,0,0,0,487.13,120,38.64,Dinner,0,0
S7980,2026-04-11,04:07 PM,Yamuna,Hostel,0,0,0,0,0,0,387.42,185,33.58,None,1,1
S7981,2026-04-13,11:31 AM,Azad,Hostel,0,0,0,0,0,0,381.45,84,31.95,None,0,0
S7982,2026-04-19,11:57 PM,Ganga,Outside,0,0,0,0,11:27 PM,11:59 PM,187.46,39,3.84,None,0,0
S7983,2026-04-25,01:18 PM,Rajendra,Mess,01:15 PM,01:56 PM,0,0,0,0,460.52,40,35.04,Lunch,0,0
S7984,2026-04-28,06:37 PM,Sarojini,Library,0,0,05:41 PM,07:35 PM,05:20 PM,07:45 PM,885.24,90,16.13,None,0,0
S7985,2026-04-07,02:07 AM,Ganga,Outside,0,0,0,0,01:31 AM,04:23 AM,381.79,15,1.91,None,0,0
S7986,2026-04-26,03:21 PM,Yamuna,Classroom,0,0,0,0,02:44 PM,04:33 PM,176.94,155,20.44,None,1,0
S7987,2026-04-09,09:09 AM,Ganga,Mess,09:02 AM,09:28 AM,0,0,0,0,496.41,62,30.02,Breakfast,1,1
S7988,2026-04-30,10:05 AM,Rajendra,Mess,09:28 AM,10:14 AM,0,0,0,0,472.43,195,49.47,Breakfast,1,1
S7989,2026-04-04,01:03 PM,Yamuna,Library,0,0,12:03 PM,01:30 PM,11:39 AM,02:28 PM,713.82,80,16.82,None,1,0
S7990,2026-04-22,02:13 PM,Ganga,Mess,01:51 PM,02:15 PM,0,0,0,0,302.43,109,48.3,Lunch,0,0
S7991,2026-04-11,12:56 PM,Yamuna,Library,0,0,12:30 PM,01:22 PM,12:05 PM,01:36 PM,796.08,109,25.8,None,1,0
S7992,2026-04-27,12:39 PM,Ganga,Mess,12:31 PM,01:10 PM,0,0,0,0,443.68,186,48.69,Lunch,0,0
S7993,2026-04-20,11:03 AM,Rajendra,Classroom,0,0,0,0,10:38 AM,11:52 AM,212.02,135,8.48,None,1,0
S7994,2026-05-01,03:03 PM,Yamuna,Mess,02:19 PM,03:10 PM,0,0,0,0,253.79,20,30.72,Lunch,0,0
S7995,2026-04-28,12:11 PM,Ganga,Library,0,0,09:35 AM,12:27 PM,09:09 AM,12:49 PM,729.58,192,19.79,None,1,0
S7996,2026-04-14,08:43 PM,Yamuna,Mess,08:30 PM,09:04 PM,0,0,0,0,456.94,119,32.18,Dinner,0,0
S7997,2026-04-08,08:25 AM,Ganga,Hostel,0,0,0,0,0,0,123.43,162,33.0,None,0,0
S7998,2026-04-26,04:06 PM,Rajendra,Outside,0,0,0,0,02:51 PM,06:32 PM,198.98,172,13.31,None,0,0
S7999,2026-04-25,11:27 AM,Ganga,Library,0,0,10:19 AM,11:51 AM,10:12 AM,12:29 PM,1023.52,150,22.86,None,0,0
S8000,2026-04-26,07:25 PM,Sarojini,Mess,07:16 PM,07:49 PM,0,0,0,0,470.89,170,38.54,Dinner,0,0
S8001,2026-04-04,01:25 AM,Sarojini,Hostel,0,0,0,0,0,0,228.89,170,30.21,None,0,0
S8002,2026-04-22,08:50 AM,Sarojini,Classroom,0,0,0,0,08:34 AM,09:45 AM,247.61,52,6.52,None,1,1
S8003,2026-04-28,09:55 PM,Rajendra,Mess,09:18 PM,09:56 PM,0,0,0,0,399.77,39,35.16,Dinner,0,0
S8004,2026-04-16,10:14 PM,Azad,Mess,09:55 PM,10:22 PM,0,0,0,0,397.53,84,46.61,Dinner,0,0
S8005,2026-04-11,02:21 PM,Ganga,Outside,0,0,0,0,01:12 PM,03:52 PM,155.37,157,23.4,None,1,0
S8006,2026-04-27,10:26 PM,Azad,Hostel,0,0,0,0,0,0,1168.9,35,20.26,None,0,0
S8007,2026-04-21,02:15 PM,Ganga,Mess,02:07 PM,02:46 PM,0,0,0,0,524.11,156,45.05,Lunch,1,0
S8008,2026-04-27,07:45 AM,Rajendra,Mess,07:38 AM,08:13 AM,0,0,0,0,530.22,173,41.31,Breakfast,0,0
S8009,2026-04-25,03:13 PM,Sarojini,Mess,02:44 PM,03:33 PM,0,0,0,0,424.64,94,36.39,Lunch,0,0
S8010,2026-04-19,08:27 AM,Azad,Hostel,0,0,0,0,0,0,215.83,195,25.73,None,0,0
S8011,2026-04-05,02:33 PM,Ganga,Library,0,0,01:16 PM,02:45 PM,12:48 PM,03:01 PM,933.13,14,13.2,None,0,0
S8012,2026-04-07,09:12 PM,Yamuna,Mess,08:51 PM,09:17 PM,0,0,0,0,335.89,13,31.63,Dinner,0,0
S8013,2026-04-07,03:04 AM,Yamuna,Outside,0,0,0,0,02:20 AM,04:47 AM,356.34,195,10.28,None,0,0
S8014,2026-04-22,06:38 AM,Sarojini,Hostel,0,0,0,0,0,0,270.67,45,16.36,None,0,0
S8015,2026-04-11,05:27 PM,Rajendra,Classroom,0,0,0,0,05:12 PM,06:02 PM,128.97,171,19.85,None,1,1
S8016,2026-04-16,03:34 PM,Yamuna,Library,0,0,02:29 PM,03:39 PM,02:12 PM,04:25 PM,934.73,52,17.83,None,0,0
S8017,2026-04-16,08:01 AM,Azad,Mess,07:57 AM,08:40 AM,0,0,0,0,385.42,150,44.59,Breakfast,0,0
S8018,2026-04-02,02:07 PM,Azad,Library,0,0,01:16 PM,03:23 PM,12:50 PM,04:06 PM,820.1,165,18.72,None,1,0
S8019,2026-04-05,11:38 AM,Ganga,Library,0,0,11:29 AM,12:15 PM,11:17 AM,12:50 PM,822.25,101,16.59,None,0,0
S8020,2026-04-03,09:33 AM,Ganga,Classroom,0,0,0,0,09:14 AM,11:04 AM,357.73,122,12.19,None,1,1
S8021,2026-04-06,12:44 PM,Sarojini,Library,0,0,12:21 PM,01:49 PM,12:08 PM,02:19 PM,428.97,165,24.75,None,0,0
S8022,2026-04-04,05:04 AM,Rajendra,Outside,0,0,0,0,04:21 AM,06:10 AM,201.85,134,12.45,None,0,0
S8023,2026-04-28,03:41 PM,Yamuna,Library,0,0,03:20 PM,04:22 PM,03:04 PM,04:42 PM,811.27,154,30.03,None,0,0
S8024,2026-04-14,10:34 AM,Rajendra,Library,0,0,09:35 AM,11:29 AM,09:15 AM,12:15 PM,710.61,196,41.79,None,1,1
S8025,2026-04-09,06:11 PM,Sarojini,Library,0,0,05:01 PM,07:26 PM,04:52 PM,07:42 PM,525.05,157,27.93,None,0,0
S8026,2026-04-05,08:23 PM,Sarojini,Library,0,0,07:28 PM,08:44 PM,07:16 PM,09:11 PM,825.34,194,31.99,None,0,0
S8027,2026-04-25,02:13 PM,Rajendra,Outside,0,0,0,0,01:34 PM,04:13 PM,227.95,185,18.64,None,0,0
S8028,2026-04-01,03:59 AM,Azad,Outside,0,0,0,0,02:02 AM,05:18 AM,209.01,37,3.59,None,0,0
S8029,2026-04-28,10:05 PM,Ganga,Mess,09:22 PM,10:16 PM,0,0,0,0,455.25,44,27.37,Dinner,0,0
S8030,2026-04-25,10:38 AM,Ganga,Library,0,0,10:32 AM,12:06 PM,10:14 AM,12:37 PM,675.53,76,22.74,None,0,0
S8031,2026-04-23,07:15 PM,Yamuna,Library,0,0,05:11 PM,07:39 PM,04:50 PM,08:17 PM,940.65,137,14.48,None,0,0
S8032,2026-04-15,08:16 PM,Yamuna,Mess,08:03 PM,08:30 PM,0,0,0,0,538.82,79,37.6,Dinner,0,0
S8033,2026-04-29,07:48 PM,Rajendra,Library,0,0,07:00 PM,09:09 PM,06:45 PM,09:28 PM,632.4,44,20.5,None,0,0
S8034,2026-04-05,02:56 PM,Ganga,Mess,02:40 PM,03:32 PM,0,0,0,0,328.83,22,31.89,Lunch,0,0
S8035,2026-04-21,01:32 PM,Ganga,Mess,01:07 PM,01:34 PM,0,0,0,0,596.8,168,38.68,Lunch,0,0
S8036,2026-04-21,08:23 PM,Azad,Library,0,0,07:48 PM,08:51 PM,07:38 PM,09:29 PM,661.88,106,29.34,None,0,0
S8037,2026-04-04,11:19 AM,Ganga,Classroom,0,0,0,0,10:42 AM,12:54 PM,116.21,69,5.44,None,1,0
S8038,2026-04-15,05:00 PM,Azad,Library,0,0,03:33 PM,06:13 PM,03:21 PM,07:05 PM,653.57,191,22.78,None,0,0
S8039,2026-04-13,12:26 PM,Rajendra,Library,0,0,11:46 AM,12:26 PM,11:26 AM,01:08 PM,632.54,112,29.53,None,0,0
S8040,2026-04-28,09:19 PM,Yamuna,Mess,09:17 PM,09:43 PM,0,0,0,0,294.64,140,33.74,Dinner,0,0
S8041,2026-04-04,01:48 PM,Azad,Library,0,0,12:44 PM,03:33 PM,12:22 PM,04:26 PM,543.05,35,12.05,None,0,0
S8042,2026-04-02,10:58 PM,Azad,Library,0,0,09:26 PM,11:03 PM,09:19 PM,11:47 PM,846.15,153,25.44,None,0,0
S8043,2026-04-13,09:14 PM,Azad,Mess,09:05 PM,09:27 PM,0,0,0,0,518.72,65,36.54,Dinner,0,0
S8044,2026-04-15,02:23 PM,Azad,Library,0,0,01:29 PM,02:45 PM,01:15 PM,03:33 PM,550.03,126,23.1,None,0,0
S8045,2026-04-10,06:22 PM,Ganga,Library,0,0,06:00 PM,06:59 PM,05:33 PM,07:29 PM,948.55,100,21.15,None,0,0
S8046,2026-05-01,04:41 PM,Sarojini,Library,0,0,04:35 PM,05:27 PM,04:16 PM,05:52 PM,842.87,73,17.05,None,0,0
S8047,2026-04-17,03:27 PM,Azad,Hostel,0,0,0,0,0,0,183.87,102,20.06,None,0,0
S8048,2026-04-30,09:22 AM,Sarojini,Outside,0,0,0,0,08:03 AM,10:43 AM,328.68,141,18.45,None,0,0
S8049,2026-04-14,08:48 AM,Azad,Mess,08:31 AM,09:05 AM,0,0,0,0,227.19,22,34.36,Breakfast,0,0
S8050,2026-04-07,07:43 PM,Sarojini,Mess,07:39 PM,08:33 PM,0,0,0,0,349.78,193,53.62,Dinner,0,0
S8051,2026-04-14,12:55 PM,Yamuna,Classroom,0,0,0,0,12:45 PM,01:59 PM,183.35,122,6.62,None,1,0
S8052,2026-04-17,09:07 PM,Ganga,Mess,08:46 PM,09:31 PM,0,0,0,0,297.08,183,60.39,Dinner,0,0
S8053,2026-04-20,04:40 AM,Sarojini,Hostel,0,0,0,0,0,0,363.18,149,31.4,None,0,0
S8054,2026-04-06,05:54 PM,Azad,Classroom,0,0,0,0,05:19 PM,07:13 PM,205.85,139,8.94,None,1,1
S8055,2026-04-26,06:55 PM,Yamuna,Library,0,0,06:14 PM,09:00 PM,05:48 PM,09:28 PM,807.25,46,15.73,None,0,0
S8056,2026-04-23,02:29 PM,Yamuna,Library,0,0,01:43 PM,03:29 PM,01:23 PM,04:18 PM,949.09,138,25.53,None,1,0
S8057,2026-04-24,05:08 PM,Yamuna,Library,0,0,04:57 PM,07:32 PM,04:28 PM,08:31 PM,738.71,192,36.3,None,0,0
S8058,2026-04-19,08:52 PM,Ganga,Outside,0,0,0,0,06:57 PM,11:52 PM,358.31,61,7.6,None,0,0
S8059,2026-04-14,09:17 AM,Ganga,Mess,08:58 AM,09:49 AM,0,0,0,0,294.13,13,40.5,Breakfast,1,1
S8060,2026-04-27,02:16 PM,Yamuna,Mess,01:49 PM,02:22 PM,0,0,0,0,508.91,86,51.48,Lunch,1,0
S8061,2026-04-25,12:01 PM,Yamuna,Hostel,0,0,0,0,0,0,275.7,116,25.63,None,0,0
S8062,2026-04-02,08:42 AM,Yamuna,Outside,0,0,0,0,06:55 AM,10:37 AM,376.78,158,11.05,None,0,0
S8063,2026-04-08,07:38 PM,Sarojini,Library,0,0,06:09 PM,08:06 PM,05:55 PM,08:34 PM,1018.65,63,17.26,None,0,0
S8064,2026-04-25,09:59 AM,Azad,Library,0,0,09:57 AM,12:31 PM,09:41 AM,01:19 PM,662.91,36,17.86,None,0,0
S8065,2026-04-10,06:35 PM,Sarojini,Library,0,0,06:17 PM,06:47 PM,05:56 PM,07:14 PM,773.61,92,23.15,None,0,0
S8066,2026-04-11,08:29 AM,Rajendra,Outside,0,0,0,0,07:42 AM,11:10 AM,144.99,21,1.6,None,0,0
S8067,2026-04-17,10:35 AM,Rajendra,Classroom,0,0,0,0,09:58 AM,12:26 PM,105.24,20,1.5,None,1,1
S8068,2026-04-05,01:13 PM,Yamuna,Library,0,0,12:21 PM,02:17 PM,12:14 PM,02:55 PM,782.38,62,14.19,None,1,0
S8069,2026-04-27,08:54 PM,Yamuna,Library,0,0,08:16 PM,11:15 PM,07:57 PM,11:47 PM,906.97,85,10.69,None,0,0
S8070,2026-04-20,01:01 PM,Ganga,Library,0,0,12:29 PM,01:33 PM,12:06 PM,02:18 PM,656.76,81,17.49,None,1,0
S8071,2026-04-17,09:50 AM,Ganga,Mess,09:29 AM,09:53 AM,0,0,0,0,562.84,195,64.41,Breakfast,0,0
S8072,2026-04-29,12:54 PM,Azad,Mess,12:46 PM,01:26 PM,0,0,0,0,277.81,58,29.12,Lunch,1,0
S8073,2026-04-01,09:48 AM,Azad,Mess,09:47 AM,10:08 AM,0,0,0,0,252.61,187,41.89,Breakfast,1,1
S8074,2026-04-19,09:40 AM,Sarojini,Hostel,0,0,0,0,0,0,242.25,53,20.04,None,1,1
S8075,2026-04-14,10:05 PM,Sarojini,Hostel,0,0,0,0,0,0,1282.77,112,26.74,None,0,0
S8076,2026-04-21,02:32 PM,Sarojini,Outside,0,0,0,0,12:40 PM,04:25 PM,276.87,179,26.09,None,1,0
S8077,2026-04-04,12:32 PM,Azad,Classroom,0,0,0,0,12:19 PM,01:31 PM,252.36,154,11.23,None,1,0
S8078,2026-04-29,07:07 PM,Ganga,Library,0,0,06:38 PM,09:02 PM,06:20 PM,10:02 PM,789.04,161,24.39,None,0,0
S8079,2026-04-10,11:15 PM,Azad,Library,0,0,10:31 PM,11:59 PM,10:12 PM,11:59 PM,938.71,121,28.37,None,0,0
S8080,2026-04-13,04:21 PM,Ganga,Outside,0,0,0,0,03:36 PM,05:49 PM,105.49,92,5.85,None,0,0
S8081,2026-04-08,02:51 AM,Rajendra,Hostel,0,0,0,0,0,0,214.3,181,31.27,None,0,0
S8082,2026-04-23,02:50 PM,Ganga,Hostel,0,0,0,0,0,0,100.63,179,43.63,None,0,0
S8083,2026-04-19,04:38 PM,Sarojini,Hostel,0,0,0,0,0,0,372.7,151,31.22,None,0,0
S8084,2026-04-20,10:16 AM,Sarojini,Library,0,0,09:21 AM,12:11 PM,09:11 AM,12:40 PM,637.88,106,19.01,None,0,0
S8085,2026-04-05,01:46 PM,Sarojini,Mess,01:09 PM,01:52 PM,0,0,0,0,374.11,131,48.68,Lunch,0,0
S8086,2026-04-21,08:23 PM,Azad,Library,0,0,08:09 PM,08:39 PM,08:00 PM,09:26 PM,916.44,44,12.9,None,0,0
S8087,2026-04-20,09:51 AM,Yamuna,Mess,09:49 AM,10:26 AM,0,0,0,0,331.62,70,43.79,Breakfast,0,0
S8088,2026-04-14,11:04 PM,Yamuna,Hostel,0,0,0,0,0,0,1438.07,104,28.05,None,0,0
S8089,2026-04-18,08:05 PM,Ganga,Mess,08:05 PM,09:01 PM,0,0,0,0,454.63,73,35.26,Dinner,0,0
S8090,2026-04-02,05:08 PM,Rajendra,Outside,0,0,0,0,03:52 PM,07:57 PM,145.89,157,17.5,None,0,0
S8091,2026-04-20,07:46 AM,Yamuna,Hostel,0,0,0,0,0,0,307.11,140,31.65,None,0,0
S8092,2026-04-30,08:26 PM,Yamuna,Mess,08:15 PM,09:15 PM,0,0,0,0,557.62,167,62.09,Dinner,0,0
S8093,2026-04-22,10:02 PM,Yamuna,Hostel,0,0,0,0,0,0,1146.86,119,30.31,None,0,0
S8094,2026-04-02,09:10 PM,Yamuna,Outside,0,0,0,0,08:21 PM,11:59 PM,202.04,172,24.16,None,0,0
S8095,2026-04-28,07:29 AM,Rajendra,Hostel,0,0,0,0,0,0,360.14,134,41.23,None,0,0
S8096,2026-04-20,07:07 AM,Azad,Outside,0,0,0,0,06:16 AM,09:21 AM,250.94,173,17.96,None,0,0
S8097,2026-04-18,10:57 AM,Sarojini,Outside,0,0,0,0,09:23 AM,12:56 PM,272.54,130,8.83,None,0,0
S8098,2026-04-04,09:40 PM,Azad,Library,0,0,08:38 PM,10:06 PM,08:22 PM,10:54 PM,720.99,195,28.02,None,0,0
S8099,2026-04-16,05:48 PM,Azad,Outside,0,0,0,0,03:58 PM,08:36 PM,175.48,20,2.7,None,0,0
S8100,2026-04-08,04:58 PM,Rajendra,Classroom,0,0,0,0,04:43 PM,06:40 PM,299.84,112,11.03,None,1,1
S8101,2026-04-03,02:46 PM,Rajendra,Mess,01:51 PM,02:48 PM,0,0,0,0,559.54,154,56.79,Lunch,1,0
S8102,2026-04-20,02:53 PM,Yamuna,Outside,0,0,0,0,02:19 PM,05:41 PM,200.67,21,2.23,None,0,0
S8103,2026-04-22,10:28 AM,Azad,Mess,09:57 AM,10:41 AM,0,0,0,0,409.38,113,38.97,Breakfast,1,1
S8104,2026-04-21,09:40 AM,Ganga,Outside,0,0,0,0,08:00 AM,12:38 PM,372.99,87,9.02,None,1,1
S8105,2026-04-26,09:00 AM,Rajendra,Mess,08:41 AM,09:03 AM,0,0,0,0,505.98,97,45.79,Breakfast,1,1
S8106,2026-04-13,10:23 AM,Rajendra,Classroom,0,0,0,0,10:06 AM,11:59 AM,247.57,143,15.83,None,1,1
S8107,2026-04-04,08:22 AM,Ganga,Mess,07:50 AM,08:44 AM,0,0,0,0,537.27,62,34.09,Breakfast,0,0
S8108,2026-04-18,06:23 PM,Azad,Library,0,0,05:50 PM,06:54 PM,05:40 PM,07:12 PM,1062.62,109,19.99,None,0,0
S8109,2026-04-13,05:09 AM,Sarojini,Outside,0,0,0,0,03:44 AM,06:41 AM,327.1,49,2.76,None,0,0
S8110,2026-04-15,02:39 PM,Azad,Mess,02:28 PM,03:15 PM,0,0,0,0,389.99,61,29.8,Lunch,1,0
S8111,2026-04-28,07:58 AM,Rajendra,Mess,07:29 AM,08:14 AM,0,0,0,0,508.6,109,36.29,Breakfast,0,0
S8112,2026-04-17,08:47 PM,Yamuna,Library,0,0,06:38 PM,09:18 PM,06:26 PM,09:31 PM,708.92,167,35.08,None,0,0
S8113,2026-04-04,03:22 AM,Rajendra,Outside,0,0,0,0,02:51 AM,06:16 AM,129.95,53,5.57,None,0,0
S8114,2026-04-18,05:54 AM,Ganga,Hostel,0,0,0,0,0,0,122.86,161,35.13,None,0,0
S8115,2026-04-20,02:06 AM,Azad,Outside,0,0,0,0,01:14 AM,04:04 AM,257.36,53,3.92,None,0,0
S8116,2026-04-22,09:37 AM,Sarojini,Outside,0,0,0,0,08:23 AM,11:02 AM,232.79,167,23.12,None,1,1
S8117,2026-04-30,10:55 AM,Sarojini,Library,0,0,10:20 AM,11:17 AM,10:11 AM,12:14 PM,651.21,196,19.66,None,1,1
S8118,2026-04-27,05:55 PM,Rajendra,Outside,0,0,0,0,04:44 PM,08:18 PM,357.3,31,3.2,None,0,0
S8119,2026-04-07,08:42 PM,Sarojini,Mess,08:27 PM,09:08 PM,0,0,0,0,326.73,101,31.89,Dinner,0,0
S8120,2026-04-04,03:47 PM,Ganga,Classroom,0,0,0,0,03:32 PM,04:30 PM,126.36,120,13.1,None,1,0
S8121,2026-04-18,09:54 AM,Azad,Mess,09:54 AM,10:17 AM,0,0,0,0,495.76,68,44.97,Breakfast,0,0
S8122,2026-04-11,08:22 AM,Sarojini,Mess,07:58 AM,08:50 AM,0,0,0,0,442.14,114,52.0,Breakfast,0,0
S8123,2026-04-19,05:03 PM,Yamuna,Classroom,0,0,0,0,04:40 PM,05:55 PM,320.22,86,4.87,None,1,1
S8124,2026-04-29,03:14 PM,Rajendra,Mess,02:58 PM,03:24 PM,0,0,0,0,572.98,26,39.05,Lunch,1,0
S8125,2026-04-08,09:25 PM,Azad,Mess,08:58 PM,09:34 PM,0,0,0,0,427.92,23,27.38,Dinner,0,0
S8126,2026-04-12,03:50 PM,Ganga,Outside,0,0,0,0,01:52 PM,05:21 PM,293.17,156,8.43,None,0,0
S8127,2026-04-19,10:27 AM,Ganga,Library,0,0,09:46 AM,10:44 AM,09:36 AM,11:10 AM,886.91,73,19.33,None,0,0
S8128,2026-04-30,04:34 PM,Sarojini,Library,0,0,02:16 PM,05:03 PM,02:04 PM,05:16 PM,733.55,136,25.14,None,0,0
S8129,2026-05-01,01:20 PM,Yamuna,Mess,01:04 PM,01:24 PM,0,0,0,0,515.38,30,28.88,Lunch,0,0
S8130,2026-04-01,03:37 PM,Ganga,Library,0,0,02:55 PM,04:22 PM,02:45 PM,04:58 PM,724.12,112,17.45,None,1,0
S8131,2026-04-25,01:29 PM,Sarojini,Mess,12:51 PM,01:46 PM,0,0,0,0,465.73,194,62.55,Lunch,1,0
S8132,2026-04-26,09:44 PM,Ganga,Library,0,0,08:34 PM,10:57 PM,08:17 PM,11:10 PM,835.86,102,23.56,None,0,0
S8133,2026-04-03,03:17 PM,Sarojini,Library,0,0,01:35 PM,03:55 PM,01:11 PM,04:41 PM,1076.53,192,27.68,None,0,0
S8134,2026-04-20,06:00 PM,Yamuna,Hostel,0,0,0,0,0,0,271.49,27,18.82,None,0,0
S8135,2026-04-26,09:59 AM,Sarojini,Hostel,0,0,0,0,0,0,195.83,193,39.4,None,1,1
S8136,2026-04-27,11:41 AM,Ganga,Library,0,0,10:24 AM,12:45 PM,09:57 AM,01:19 PM,926.05,96,20.71,None,1,0
S8137,2026-04-11,02:10 PM,Rajendra,Mess,01:56 PM,02:20 PM,0,0,0,0,526.7,178,44.31,Lunch,0,0
S8138,2026-04-04,03:03 PM,Azad,Library,0,0,02:58 PM,04:00 PM,02:40 PM,04:36 PM,636.98,82,14.78,None,0,0
S8139,2026-04-10,02:31 PM,Rajendra,Mess,01:55 PM,02:45 PM,0,0,0,0,230.57,63,26.78,Lunch,0,0
S8140,2026-04-09,02:55 PM,Azad,Library,0,0,02:27 PM,03:24 PM,02:16 PM,04:14 PM,533.58,165,19.91,None,1,0
S8141,2026-04-06,03:23 PM,Yamuna,Library,0,0,12:39 PM,03:24 PM,12:31 PM,03:52 PM,581.49,34,14.76,None,1,0
S8142,2026-04-03,01:29 PM,Yamuna,Hostel,0,0,0,0,0,0,377.07,17,21.91,None,1,0
S8143,2026-04-25,12:44 PM,Yamuna,Outside,0,0,0,0,11:17 AM,01:53 PM,306.87,142,16.04,None,0,0
S8144,2026-04-10,12:59 PM,Yamuna,Hostel,0,0,0,0,0,0,157.49,185,20.13,None,0,0
S8145,2026-04-29,09:53 PM,Ganga,Mess,09:43 PM,10:16 PM,0,0,0,0,512.98,74,32.89,Dinner,0,0
S8146,2026-04-21,10:12 AM,Ganga,Mess,09:38 AM,10:14 AM,0,0,0,0,351.54,57,42.99,Breakfast,1,1
S8147,2026-04-30,08:50 AM,Rajendra,Mess,08:20 AM,09:10 AM,0,0,0,0,599.12,84,39.42,Breakfast,0,0
S8148,2026-04-28,08:32 AM,Sarojini,Mess,08:08 AM,08:48 AM,0,0,0,0,605.71,36,40.84,Breakfast,0,0
S8149,2026-04-03,03:56 AM,Azad,Outside,0,0,0,0,03:25 AM,05:20 AM,188.79,200,21.99,None,0,0
S8150,2026-04-23,05:48 PM,Ganga,Classroom,0,0,0,0,05:16 PM,07:27 PM,395.14,175,22.89,None,1,1
S8151,2026-04-17,09:18 AM,Ganga,Mess,08:55 AM,09:35 AM,0,0,0,0,527.39,71,28.83,Breakfast,0,0
S8152,2026-04-04,07:52 AM,Yamuna,Mess,07:09 AM,08:00 AM,0,0,0,0,607.76,120,42.38,Breakfast,0,0
S8153,2026-05-01,07:29 PM,Ganga,Library,0,0,07:24 PM,08:05 PM,06:56 PM,08:21 PM,654.91,102,26.86,None,0,0
S8154,2026-04-29,07:42 PM,Sarojini,Hostel,0,0,0,0,0,0,275.98,57,19.4,None,0,0
S8155,2026-04-10,08:02 PM,Yamuna,Library,0,0,07:33 PM,08:18 PM,07:15 PM,08:33 PM,631.55,189,25.49,None,0,0
S8156,2026-04-28,09:48 PM,Ganga,Outside,0,0,0,0,08:56 PM,11:59 PM,195.28,114,16.42,None,0,0
S8157,2026-04-18,10:14 PM,Azad,Library,0,0,10:04 PM,11:59 PM,09:34 PM,11:59 PM,556.31,52,19.5,None,0,0
S8158,2026-04-07,02:25 AM,Ganga,Hostel,0,0,0,0,0,0,192.48,104,32.27,None,0,0
S8159,2026-04-29,04:45 AM,Rajendra,Hostel,0,0,0,0,0,0,210.2,119,33.59,None,0,0
S8160,2026-04-28,07:40 AM,Azad,Mess,07:12 AM,07:50 AM,0,0,0,0,397.46,200,60.02,Breakfast,0,0
S8161,2026-04-24,11:04 AM,Ganga,Hostel,0,0,0,0,0,0,140.14,125,18.8,None,1,0
S8162,2026-04-22,01:37 PM,Rajendra,Library,0,0,01:23 PM,03:13 PM,12:59 PM,04:03 PM,806.84,173,24.48,None,0,0
S8163,2026-04-28,09:47 PM,Sarojini,Outside,0,0,0,0,08:11 PM,11:59 PM,227.97,193,15.1,None,0,0
S8164,2026-04-10,03:33 AM,Azad,Outside,0,0,0,0,01:50 AM,05:59 AM,125.9,39,3.65,None,0,0
S8165,2026-04-05,09:52 PM,Rajendra,Library,0,0,07:30 PM,10:17 PM,07:01 PM,10:30 PM,914.38,141,24.94,None,0,0
S8166,2026-04-22,04:31 AM,Sarojini,Hostel,0,0,0,0,0,0,203.11,99,33.84,None,0,0
S8167,2026-04-13,05:54 AM,Ganga,Hostel,0,0,0,0,0,0,180.66,12,19.85,None,0,0
S8168,2026-04-26,04:06 AM,Sarojini,Hostel,0,0,0,0,0,0,355.39,39,25.66,None,0,0
S8169,2026-04-25,11:50 PM,Ganga,Library,0,0,10:30 PM,11:59 PM,10:05 PM,11:59 PM,942.39,60,18.31,None,0,0
S8170,2026-04-28,01:08 PM,Sarojini,Hostel,0,0,0,0,0,0,324.93,48,20.64,None,1,0
S8171,2026-04-10,09:21 PM,Azad,Library,0,0,07:38 PM,09:33 PM,07:33 PM,10:30 PM,950.2,144,18.3,None,0,0
S8172,2026-04-17,10:35 AM,Azad,Library,0,0,10:28 AM,11:25 AM,10:22 AM,11:43 AM,581.12,125,19.05,None,1,1
S8173,2026-04-08,10:22 PM,Rajendra,Library,0,0,09:03 PM,11:50 PM,08:35 PM,11:59 PM,776.78,102,15.43,None,0,0
S8174,2026-04-26,12:44 PM,Ganga,Library,0,0,11:12 AM,01:00 PM,11:01 AM,01:44 PM,893.2,116,29.85,None,1,0
S8175,2026-04-12,12:59 AM,Azad,Hostel,0,0,0,0,0,0,125.39,153,35.61,None,0,0
S8176,2026-04-20,09:59 PM,Rajendra,Library,0,0,07:20 PM,10:00 PM,06:59 PM,10:57 PM,716.47,48,13.37,None,0,0
S8177,2026-04-09,08:02 PM,Sarojini,Mess,07:26 PM,08:19 PM,0,0,0,0,410.33,170,32.21,Dinner,0,0
S8178,2026-04-07,07:44 AM,Rajendra,Mess,07:37 AM,07:58 AM,0,0,0,0,378.55,199,44.12,Breakfast,0,0
S8179,2026-04-17,11:38 AM,Yamuna,Classroom,0,0,0,0,11:25 AM,12:28 PM,176.18,26,2.17,None,1,0
S8180,2026-04-22,08:32 AM,Azad,Mess,08:18 AM,08:49 AM,0,0,0,0,432.42,65,32.75,Breakfast,0,0
S8181,2026-04-07,10:28 PM,Yamuna,Library,0,0,10:06 PM,11:59 PM,09:38 PM,11:59 PM,429.38,189,23.42,None,0,0
S8182,2026-04-23,01:59 PM,Ganga,Mess,01:32 PM,02:19 PM,0,0,0,0,489.31,162,47.3,Lunch,1,0
S8183,2026-04-13,05:34 PM,Azad,Library,0,0,05:23 PM,07:54 PM,05:17 PM,08:08 PM,664.53,186,28.34,None,0,0
S8184,2026-04-08,12:37 PM,Rajendra,Mess,12:13 PM,12:43 PM,0,0,0,0,577.55,169,40.16,Lunch,0,0
S8185,2026-04-26,09:08 AM,Azad,Mess,09:07 AM,09:52 AM,0,0,0,0,402.04,188,49.01,Breakfast,1,1
S8186,2026-04-24,04:49 PM,Sarojini,Classroom,0,0,0,0,04:12 PM,06:08 PM,382.59,195,21.79,None,1,1
S8187,2026-05-01,11:41 AM,Azad,Library,0,0,11:14 AM,01:59 PM,10:52 AM,02:28 PM,836.76,59,14.35,None,1,0
S8188,2026-04-06,02:17 PM,Sarojini,Library,0,0,01:20 PM,04:01 PM,01:05 PM,04:30 PM,480.31,184,22.09,None,0,0
S8189,2026-04-29,12:59 PM,Yamuna,Outside,0,0,0,0,11:01 AM,03:54 PM,371.1,96,12.29,None,1,0
S8190,2026-04-25,10:16 AM,Ganga,Hostel,0,0,0,0,0,0,323.77,187,27.2,None,0,0
S8191,2026-04-02,08:07 AM,Ganga,Mess,07:38 AM,08:31 AM,0,0,0,0,529.35,178,35.99,Breakfast,0,0
S8192,2026-04-21,01:01 PM,Rajendra,Mess,12:34 PM,01:26 PM,0,0,0,0,465.58,92,46.67,Lunch,0,0
S8193,2026-04-18,10:29 PM,Yamuna,Hostel,0,0,0,0,0,0,989.45,80,28.61,None,0,0
S8194,2026-04-02,11:48 PM,Azad,Library,0,0,09:06 PM,11:49 PM,08:54 PM,11:59 PM,865.53,149,22.34,None,0,0
S8195,2026-04-10,10:57 AM,Sarojini,Hostel,0,0,0,0,0,0,306.09,94,24.1,None,1,1
S8196,2026-04-16,09:58 AM,Azad,Mess,09:56 AM,10:17 AM,0,0,0,0,469.48,163,41.15,Breakfast,1,1
S8197,2026-04-26,09:25 PM,Yamuna,Outside,0,0,0,0,07:38 PM,11:13 PM,191.31,51,5.34,None,0,0
S8198,2026-04-16,08:10 PM,Ganga,Library,0,0,05:47 PM,08:10 PM,05:28 PM,08:36 PM,709.97,191,30.85,None,0,0
S8199,2026-04-17,01:13 PM,Azad,Mess,12:42 PM,01:20 PM,0,0,0,0,374.87,121,33.41,Lunch,1,0
S8200,2026-04-29,11:50 AM,Sarojini,Library,0,0,10:53 AM,01:53 PM,10:44 AM,02:37 PM,776.24,196,35.61,None,0,0
S8201,2026-04-08,08:13 AM,Yamuna,Mess,07:26 AM,08:15 AM,0,0,0,0,438.09,87,44.86,Breakfast,0,0
S8202,2026-04-05,03:22 PM,Yamuna,Outside,0,0,0,0,02:09 PM,04:37 PM,343.08,47,3.03,None,0,0
S8203,2026-04-11,08:16 PM,Yamuna,Mess,07:53 PM,08:26 PM,0,0,0,0,361.63,70,30.19,Dinner,0,0
S8204,2026-04-05,01:55 PM,Ganga,Mess,01:35 PM,01:58 PM,0,0,0,0,312.8,68,42.22,Lunch,0,0
S8205,2026-04-11,07:58 PM,Rajendra,Hostel,0,0,0,0,0,0,263.25,184,41.1,None,0,0
S8206,2026-04-19,01:15 PM,Ganga,Mess,01:01 PM,01:21 PM,0,0,0,0,332.81,194,45.39,Lunch,0,0
S8207,2026-04-07,04:55 AM,Ganga,Hostel,0,0,0,0,0,0,302.87,96,30.19,None,0,0
S8208,2026-04-17,11:00 AM,Rajendra,Library,0,0,09:08 AM,11:23 AM,08:52 AM,11:54 AM,687.23,85,22.62,None,1,0
S8209,2026-04-06,07:33 AM,Ganga,Outside,0,0,0,0,06:43 AM,08:37 AM,218.4,187,20.41,None,0,0
S8210,2026-05-01,10:53 PM,Sarojini,Library,0,0,08:44 PM,11:14 PM,08:31 PM,11:40 PM,531.41,34,14.55,None,0,0
S8211,2026-04-12,06:02 PM,Rajendra,Library,0,0,05:26 PM,07:37 PM,05:08 PM,08:08 PM,741.37,69,21.51,None,0,0
S8212,2026-04-30,02:16 PM,Ganga,Mess,01:24 PM,02:22 PM,0,0,0,0,523.1,183,33.92,Lunch,0,0
S8213,2026-04-23,10:37 PM,Yamuna,Outside,0,0,0,0,09:30 PM,11:47 PM,373.8,87,10.85,None,0,0
S8214,2026-04-02,06:03 PM,Rajendra,Library,0,0,05:35 PM,07:00 PM,05:09 PM,07:41 PM,1075.53,120,27.33,None,0,0
S8215,2026-04-01,09:56 AM,Ganga,Mess,09:19 AM,09:58 AM,0,0,0,0,484.93,110,38.28,Breakfast,1,1
S8216,2026-04-24,04:17 PM,Azad,Library,0,0,04:13 PM,05:00 PM,03:56 PM,05:55 PM,923.71,137,25.98,None,1,1
S8217,2026-04-04,11:14 PM,Rajendra,Library,0,0,10:35 PM,11:59 PM,10:25 PM,11:59 PM,772.71,159,29.83,None,0,0
S8218,2026-04-27,03:20 AM,Ganga,Outside,0,0,0,0,02:48 AM,05:12 AM,234.89,97,14.51,None,0,0
S8219,2026-04-12,11:49 AM,Yamuna,Library,0,0,10:50 AM,12:21 PM,10:23 AM,01:01 PM,781.58,39,12.23,None,0,0
S8220,2026-04-02,12:12 PM,Ganga,Library,0,0,11:10 AM,01:05 PM,10:53 AM,02:01 PM,853.46,104,19.54,None,0,0
S8221,2026-04-06,03:08 AM,Rajendra,Hostel,0,0,0,0,0,0,285.7,114,29.21,None,0,0
S8222,2026-04-07,11:31 PM,Rajendra,Hostel,0,0,0,0,0,0,1379.22,111,21.27,None,0,0
S8223,2026-04-09,07:42 PM,Azad,Mess,07:02 PM,07:55 PM,0,0,0,0,526.08,117,53.68,Dinner,0,0
S8224,2026-04-14,01:21 PM,Sarojini,Mess,01:01 PM,01:45 PM,0,0,0,0,235.64,119,39.31,Lunch,1,0
S8225,2026-04-28,05:12 AM,Sarojini,Hostel,0,0,0,0,0,0,319.33,141,37.89,None,0,0
S8226,2026-04-12,12:10 PM,Ganga,Classroom,0,0,0,0,11:54 AM,01:58 PM,159.53,24,2.89,None,1,0
S8227,2026-04-08,08:00 PM,Azad,Library,0,0,06:31 PM,08:35 PM,06:12 PM,08:58 PM,702.2,148,30.15,None,0,0
S8228,2026-04-14,12:34 PM,Rajendra,Mess,12:10 PM,12:37 PM,0,0,0,0,540.63,15,26.0,Lunch,1,0
S8229,2026-04-05,03:24 PM,Rajendra,Library,0,0,02:18 PM,03:32 PM,02:12 PM,04:08 PM,614.51,27,14.86,None,0,0
S8230,2026-04-04,07:05 PM,Ganga,Mess,07:04 PM,07:49 PM,0,0,0,0,299.96,89,37.94,Dinner,0,0
S8231,2026-04-02,01:43 PM,Yamuna,Library,0,0,01:33 PM,02:50 PM,01:07 PM,03:32 PM,645.68,172,25.34,None,1,0
S8232,2026-04-17,09:15 AM,Rajendra,Mess,09:03 AM,09:34 AM,0,0,0,0,352.44,174,47.48,Breakfast,0,0
S8233,2026-04-03,03:25 PM,Yamuna,Outside,0,0,0,0,02:20 PM,06:09 PM,387.48,156,14.81,None,1,0
S8234,2026-04-13,09:20 PM,Sarojini,Mess,09:05 PM,10:02 PM,0,0,0,0,649.76,34,27.66,Dinner,0,0
S8235,2026-04-23,11:06 PM,Yamuna,Hostel,0,0,0,0,0,0,824.63,90,31.3,None,0,0
S8236,2026-04-14,05:30 PM,Sarojini,Library,0,0,05:04 PM,05:46 PM,04:42 PM,06:07 PM,847.52,113,25.44,None,0,0
S8237,2026-04-30,11:19 AM,Ganga,Library,0,0,11:14 AM,11:48 AM,10:58 AM,12:06 PM,475.55,11,13.23,None,1,0
S8238,2026-04-16,09:56 PM,Rajendra,Mess,09:30 PM,10:19 PM,0,0,0,0,495.84,195,41.79,Dinner,0,0
S8239,2026-04-28,07:54 AM,Rajendra,Mess,07:43 AM,08:07 AM,0,0,0,0,434.31,21,30.26,Breakfast,0,0
S8240,2026-04-21,07:01 PM,Rajendra,Library,0,0,06:37 PM,08:48 PM,06:17 PM,09:43 PM,621.7,98,24.32,None,0,0
S8241,2026-04-28,09:37 AM,Azad,Outside,0,0,0,0,08:09 AM,10:50 AM,340.82,189,21.62,None,0,0
S8242,2026-04-03,08:10 PM,Ganga,Library,0,0,07:46 PM,08:34 PM,07:26 PM,08:44 PM,661.15,32,7.96,None,0,0
S8243,2026-04-22,02:23 PM,Azad,Mess,01:27 PM,02:25 PM,0,0,0,0,431.85,88,41.53,Lunch,0,0
S8244,2026-04-04,08:16 PM,Ganga,Mess,07:27 PM,08:18 PM,0,0,0,0,453.02,62,26.41,Dinner,0,0
S8245,2026-04-19,12:38 PM,Sarojini,Library,0,0,11:01 AM,01:21 PM,10:32 AM,01:52 PM,852.33,106,12.35,None,1,0
S8246,2026-04-21,03:21 PM,Yamuna,Mess,02:38 PM,03:37 PM,0,0,0,0,657.83,23,36.69,Lunch,1,0
S8247,2026-04-18,09:51 AM,Ganga,Mess,09:28 AM,10:15 AM,0,0,0,0,391.1,10,29.37,Breakfast,0,0
S8248,2026-04-23,07:22 PM,Rajendra,Library,0,0,06:00 PM,07:42 PM,05:37 PM,08:38 PM,631.84,76,17.18,None,0,0
S8249,2026-05-01,07:58 PM,Sarojini,Mess,07:18 PM,08:05 PM,0,0,0,0,446.6,160,53.84,Dinner,0,0
S8250,2026-04-08,02:13 PM,Azad,Mess,01:33 PM,02:15 PM,0,0,0,0,548.35,85,40.63,Lunch,1,0
S8251,2026-04-30,08:22 AM,Rajendra,Hostel,0,0,0,0,0,0,398.27,136,30.07,None,0,0
S8252,2026-04-13,10:28 PM,Sarojini,Library,0,0,10:28 PM,10:59 PM,10:14 PM,11:49 PM,800.4,82,17.9,None,0,0
S8253,2026-04-22,09:59 PM,Rajendra,Library,0,0,09:40 PM,10:27 PM,09:25 PM,11:27 PM,807.11,123,14.54,None,0,0
S8254,2026-04-05,10:24 AM,Sarojini,Library,0,0,10:02 AM,10:33 AM,09:44 AM,11:32 AM,791.17,94,19.96,None,1,1
S8255,2026-04-09,07:37 PM,Ganga,Mess,07:14 PM,07:55 PM,0,0,0,0,664.13,138,53.6,Dinner,0,0
S8256,2026-04-19,12:25 PM,Azad,Mess,12:22 PM,12:57 PM,0,0,0,0,397.77,37,31.21,Lunch,1,0
S8257,2026-04-16,04:42 PM,Rajendra,Library,0,0,03:29 PM,05:10 PM,03:07 PM,05:45 PM,729.78,65,18.5,None,0,0
S8258,2026-04-25,09:37 PM,Azad,Mess,09:03 PM,09:52 PM,0,0,0,0,411.45,65,35.39,Dinner,0,0
S8259,2026-04-12,12:20 PM,Azad,Mess,12:09 PM,12:40 PM,0,0,0,0,537.04,188,55.65,Lunch,0,0
S8260,2026-04-06,08:28 PM,Ganga,Mess,08:19 PM,09:02 PM,0,0,0,0,231.64,28,37.56,Dinner,0,0
S8261,2026-04-18,03:13 PM,Rajendra,Library,0,0,02:50 PM,05:15 PM,02:24 PM,05:37 PM,1070.62,64,22.02,None,0,0
S8262,2026-04-03,06:17 PM,Azad,Library,0,0,06:16 PM,06:50 PM,05:56 PM,07:20 PM,1027.25,161,30.13,None,0,0
S8263,2026-04-13,01:42 PM,Ganga,Classroom,0,0,0,0,01:26 PM,02:57 PM,286.79,186,24.49,None,1,0
S8264,2026-04-20,06:22 PM,Sarojini,Library,0,0,04:19 PM,06:26 PM,03:53 PM,07:18 PM,597.72,193,23.81,None,0,0
S8265,2026-04-10,02:14 AM,Sarojini,Hostel,0,0,0,0,0,0,289.35,154,28.21,None,0,0
S8266,2026-04-29,07:42 PM,Sarojini,Mess,07:33 PM,07:54 PM,0,0,0,0,337.32,133,41.27,Dinner,0,0
S8267,2026-04-09,07:49 AM,Yamuna,Mess,07:01 AM,07:56 AM,0,0,0,0,662.28,115,42.48,Breakfast,0,0
S8268,2026-04-03,08:58 PM,Rajendra,Library,0,0,08:32 PM,09:14 PM,08:11 PM,09:49 PM,674.08,140,18.17,None,0,0
S8269,2026-04-08,09:33 AM,Rajendra,Library,0,0,09:26 AM,10:38 AM,08:59 AM,11:08 AM,710.24,91,12.56,None,0,0
S8270,2026-04-05,01:16 PM,Sarojini,Mess,01:02 PM,01:24 PM,0,0,0,0,315.93,163,41.52,Lunch,0,0
S8271,2026-04-02,05:09 AM,Ganga,Hostel,0,0,0,0,0,0,301.62,140,25.41,None,0,0
S8272,2026-04-29,12:02 PM,Yamuna,Library,0,0,11:18 AM,01:16 PM,10:55 AM,01:27 PM,853.96,27,8.0,None,1,0
S8273,2026-04-18,08:18 AM,Sarojini,Mess,08:18 AM,08:57 AM,0,0,0,0,484.18,79,41.79,Breakfast,0,0
S8274,2026-04-09,02:46 PM,Sarojini,Mess,02:20 PM,02:53 PM,0,0,0,0,585.02,82,44.31,Lunch,0,0
S8275,2026-04-28,08:58 PM,Azad,Mess,08:27 PM,09:11 PM,0,0,0,0,247.94,173,53.67,Dinner,0,0
S8276,2026-04-24,03:37 AM,Azad,Hostel,0,0,0,0,0,0,321.11,177,44.39,None,0,0
S8277,2026-04-23,04:56 PM,Sarojini,Library,0,0,03:13 PM,05:24 PM,02:45 PM,05:43 PM,841.47,129,22.95,None,0,0
S8278,2026-04-03,08:01 PM,Ganga,Hostel,0,0,0,0,0,0,1287.17,91,25.74,None,0,0
S8279,2026-04-12,08:21 PM,Sarojini,Mess,08:08 PM,08:34 PM,0,0,0,0,478.66,123,46.97,Dinner,0,0
S8280,2026-04-22,10:44 AM,Azad,Library,0,0,10:44 AM,12:31 PM,10:29 AM,01:31 PM,481.42,164,22.01,None,1,1
S8281,2026-04-28,10:48 AM,Yamuna,Library,0,0,10:38 AM,12:31 PM,10:28 AM,12:43 PM,595.39,22,11.38,None,0,0
S8282,2026-04-14,09:14 PM,Ganga,Mess,09:12 PM,10:03 PM,0,0,0,0,336.08,78,36.03,Dinner,0,0
S8283,2026-04-09,07:20 AM,Azad,Mess,07:12 AM,07:55 AM,0,0,0,0,566.31,60,32.67,Breakfast,0,0
S8284,2026-04-25,01:37 AM,Sarojini,Hostel,0,0,0,0,0,0,341.71,121,35.65,None,0,0
S8285,2026-04-28,03:54 PM,Rajendra,Hostel,0,0,0,0,0,0,343.71,194,41.02,None,0,0
S8286,2026-04-10,08:28 PM,Rajendra,Mess,08:08 PM,08:34 PM,0,0,0,0,674.27,136,37.5,Dinner,0,0
S8287,2026-04-11,02:54 PM,Sarojini,Library,0,0,12:58 PM,03:04 PM,12:47 PM,03:19 PM,642.7,179,19.55,None,0,0
S8288,2026-04-04,08:15 AM,Sarojini,Mess,07:32 AM,08:16 AM,0,0,0,0,388.77,48,36.63,Breakfast,0,0
S8289,2026-04-23,07:35 PM,Yamuna,Mess,07:17 PM,07:57 PM,0,0,0,0,523.97,127,48.06,Dinner,0,0
S8290,2026-04-08,08:19 PM,Sarojini,Mess,08:16 PM,08:41 PM,0,0,0,0,364.81,185,48.22,Dinner,0,0
S8291,2026-04-20,09:20 PM,Rajendra,Mess,09:19 PM,09:50 PM,0,0,0,0,509.72,18,29.73,Dinner,0,0
S8292,2026-05-01,09:07 AM,Rajendra,Mess,08:35 AM,09:14 AM,0,0,0,0,356.22,200,60.8,Breakfast,0,0
S8293,2026-04-02,02:09 PM,Sarojini,Library,0,0,12:55 PM,02:15 PM,12:26 PM,02:36 PM,523.24,195,26.66,None,0,0
S8294,2026-04-30,02:50 PM,Azad,Mess,02:22 PM,03:14 PM,0,0,0,0,551.84,68,32.4,Lunch,0,0
S8295,2026-05-01,03:00 AM,Yamuna,Hostel,0,0,0,0,0,0,183.12,111,30.41,None,0,0
S8296,2026-04-25,07:08 AM,Azad,Mess,07:07 AM,07:35 AM,0,0,0,0,342.14,42,40.37,Breakfast,0,0
S8297,2026-04-06,07:40 PM,Sarojini,Mess,07:23 PM,08:06 PM,0,0,0,0,442.54,180,46.35,Dinner,0,0
S8298,2026-04-29,09:26 PM,Sarojini,Outside,0,0,0,0,07:30 PM,11:42 PM,214.83,124,6.72,None,0,0
S8299,2026-04-18,10:06 AM,Sarojini,Mess,09:58 AM,10:23 AM,0,0,0,0,392.95,19,34.39,Breakfast,1,1
S8300,2026-05-01,08:48 PM,Yamuna,Mess,08:43 PM,09:16 PM,0,0,0,0,532.12,142,33.39,Dinner,0,0
S8301,2026-04-30,03:15 PM,Sarojini,Library,0,0,02:45 PM,05:16 PM,02:27 PM,05:31 PM,716.69,176,22.79,None,1,0
S8302,2026-04-18,08:30 AM,Yamuna,Mess,08:10 AM,08:32 AM,0,0,0,0,505.81,156,36.39,Breakfast,0,0
S8303,2026-04-14,04:59 PM,Azad,Library,0,0,04:13 PM,05:34 PM,03:58 PM,06:34 PM,654.55,20,9.38,None,1,1
S8304,2026-04-24,03:57 PM,Ganga,Library,0,0,03:19 PM,04:23 PM,03:14 PM,04:35 PM,767.34,18,12.92,None,1,0
S8305,2026-04-17,08:24 PM,Rajendra,Outside,0,0,0,0,07:45 PM,10:25 PM,191.58,165,18.4,None,0,0
S8306,2026-04-07,07:40 PM,Sarojini,Mess,07:30 PM,08:02 PM,0,0,0,0,519.94,28,32.79,Dinner,0,0
S8307,2026-04-29,11:26 PM,Rajendra,Library,0,0,08:42 PM,11:29 PM,08:37 PM,11:59 PM,875.22,154,34.9,None,0,0
S8308,2026-04-18,03:58 PM,Rajendra,Outside,0,0,0,0,02:13 PM,05:04 PM,312.24,136,7.0,None,1,0
S8309,2026-04-07,10:36 PM,Ganga,Library,0,0,10:25 PM,11:52 PM,10:08 PM,11:59 PM,581.86,33,18.4,None,0,0
S8310,2026-04-27,01:14 PM,Yamuna,Classroom,0,0,0,0,12:52 PM,03:10 PM,206.14,58,7.57,None,1,0
S8311,2026-04-10,08:49 PM,Sarojini,Library,0,0,08:37 PM,09:37 PM,08:13 PM,09:48 PM,554.18,162,24.51,None,0,0
S8312,2026-04-06,01:03 PM,Sarojini,Library,0,0,11:08 AM,01:07 PM,10:57 AM,01:55 PM,818.43,104,22.41,None,1,0
S8313,2026-04-25,10:07 AM,Sarojini,Library,0,0,09:22 AM,10:30 AM,08:57 AM,11:04 AM,574.14,45,12.87,None,1,1
S8314,2026-04-25,01:26 AM,Azad,Outside,0,0,0,0,0,03:31 AM,103.73,49,3.43,None,0,0
S8315,2026-04-16,01:46 PM,Yamuna,Hostel,0,0,0,0,0,0,142.44,36,12.6,None,0,0
S8316,2026-04-21,09:57 AM,Azad,Mess,09:39 AM,10:16 AM,0,0,0,0,648.16,163,44.32,Breakfast,1,1
S8317,2026-04-02,09:39 PM,Rajendra,Library,0,0,09:29 PM,10:56 PM,09:03 PM,11:18 PM,722.36,102,25.19,None,0,0
S8318,2026-04-24,03:15 PM,Sarojini,Library,0,0,02:15 PM,04:24 PM,01:50 PM,05:06 PM,718.06,70,17.18,None,0,0
S8319,2026-04-28,08:39 PM,Azad,Outside,0,0,0,0,07:36 PM,10:37 PM,367.52,181,16.27,None,0,0
S8320,2026-04-06,08:08 PM,Sarojini,Outside,0,0,0,0,06:56 PM,09:52 PM,270.18,14,1.76,None,0,0
S8321,2026-04-01,09:36 PM,Ganga,Outside,0,0,0,0,08:02 PM,11:59 PM,217.94,47,6.75,None,0,0
S8322,2026-05-01,08:34 AM,Yamuna,Mess,08:09 AM,09:05 AM,0,0,0,0,558.45,26,39.8,Breakfast,0,0
S8323,2026-04-30,01:33 PM,Yamuna,Hostel,0,0,0,0,0,0,275.62,71,22.0,None,1,0
S8324,2026-04-11,09:54 PM,Sarojini,Mess,09:49 PM,10:37 PM,0,0,0,0,496.92,126,49.71,Dinner,0,0
S8325,2026-04-29,09:49 PM,Rajendra,Library,0,0,09:00 PM,09:50 PM,08:31 PM,10:50 PM,784.12,26,10.78,None,0,0
S8326,2026-04-24,08:13 PM,Sarojini,Mess,08:05 PM,08:33 PM,0,0,0,0,489.27,182,50.72,Dinner,0,0
S8327,2026-04-05,01:36 PM,Rajendra,Library,0,0,12:54 PM,02:03 PM,12:32 PM,02:50 PM,822.66,172,24.58,None,1,0
S8328,2026-04-07,07:26 AM,Ganga,Mess,07:02 AM,07:38 AM,0,0,0,0,464.17,61,33.48,Breakfast,0,0
S8329,2026-04-20,06:29 AM,Azad,Hostel,0,0,0,0,0,0,359.93,145,34.6,None,0,0
S8330,2026-04-20,03:45 AM,Ganga,Outside,0,0,0,0,03:05 AM,05:39 AM,336.58,44,4.79,None,0,0
S8331,2026-04-15,01:10 AM,Rajendra,Outside,0,0,0,0,0,02:19 AM,147.44,109,15.74,None,0,0
S8332,2026-04-10,02:09 PM,Azad,Library,0,0,01:32 PM,02:30 PM,01:23 PM,02:56 PM,866.96,43,14.02,None,1,0
S8333,2026-04-25,05:46 PM,Rajendra,Library,0,0,05:09 PM,06:04 PM,04:50 PM,06:27 PM,499.21,105,21.41,None,0,0
S8334,2026-04-20,09:02 PM,Rajendra,Mess,08:53 PM,09:36 PM,0,0,0,0,564.15,82,35.07,Dinner,0,0
S8335,2026-04-15,07:18 PM,Yamuna,Mess,07:05 PM,07:33 PM,0,0,0,0,416.05,14,33.26,Dinner,0,0
S8336,2026-04-18,02:00 PM,Azad,Mess,01:56 PM,02:30 PM,0,0,0,0,458.75,75,43.36,Lunch,1,0
S8337,2026-04-06,06:14 PM,Yamuna,Library,0,0,05:43 PM,08:28 PM,05:20 PM,09:02 PM,801.07,39,9.86,None,0,0
S8338,2026-04-21,02:53 PM,Azad,Library,0,0,02:49 PM,05:01 PM,02:37 PM,05:20 PM,440.46,94,20.75,None,1,0
S8339,2026-04-27,07:45 PM,Rajendra,Mess,07:15 PM,08:14 PM,0,0,0,0,254.92,46,28.88,Dinner,0,0
S8340,2026-04-18,07:34 PM,Yamuna,Library,0,0,05:24 PM,07:39 PM,05:14 PM,07:51 PM,989.47,151,24.63,None,0,0
S8341,2026-04-03,10:12 PM,Rajendra,Mess,09:33 PM,10:25 PM,0,0,0,0,458.41,23,38.01,Dinner,0,0
S8342,2026-04-28,02:51 PM,Ganga,Library,0,0,02:38 PM,04:30 PM,02:18 PM,04:59 PM,525.47,157,30.93,None,1,0
S8343,2026-04-10,10:29 AM,Yamuna,Library,0,0,10:12 AM,12:37 PM,09:58 AM,12:53 PM,677.24,54,13.9,None,0,0
S8344,2026-04-02,07:38 PM,Rajendra,Library,0,0,07:30 PM,08:55 PM,07:16 PM,09:48 PM,774.4,125,26.38,None,0,0
S8345,2026-04-27,06:38 AM,Yamuna,Outside,0,0,0,0,04:50 AM,08:20 AM,144.5,197,10.52,None,0,0
S8346,2026-04-08,08:43 AM,Rajendra,Hostel,0,0,0,0,0,0,163.02,44,23.2,None,0,0
S8347,2026-04-25,10:19 PM,Yamuna,Mess,09:54 PM,10:22 PM,0,0,0,0,480.56,193,47.22,Dinner,0,0
S8348,2026-04-30,02:30 PM,Sarojini,Mess,02:09 PM,02:57 PM,0,0,0,0,521.94,72,25.99,Lunch,0,0
S8349,2026-04-06,07:07 AM,Yamuna,Hostel,0,0,0,0,0,0,302.89,126,28.51,None,0,0
S8350,2026-04-23,12:11 PM,Yamuna,Library,0,0,11:43 AM,12:57 PM,11:29 AM,01:08 PM,533.54,117,16.06,None,0,0
S8351,2026-04-13,08:05 PM,Sarojini,Library,0,0,07:09 PM,09:09 PM,06:44 PM,09:54 PM,885.9,131,27.41,None,0,0
S8352,2026-04-25,01:38 PM,Rajendra,Library,0,0,01:02 PM,02:31 PM,12:32 PM,03:22 PM,674.11,151,17.19,None,0,0
S8353,2026-04-27,10:38 PM,Ganga,Library,0,0,10:05 PM,11:59 PM,09:57 PM,11:59 PM,911.19,54,13.27,None,0,0
S8354,2026-04-02,10:05 AM,Sarojini,Mess,09:27 AM,10:05 AM,0,0,0,0,391.4,16,36.56,Breakfast,0,0
S8355,2026-04-03,09:27 AM,Sarojini,Mess,08:41 AM,09:39 AM,0,0,0,0,260.07,83,36.8,Breakfast,1,1
S8356,2026-04-16,09:52 AM,Rajendra,Mess,09:32 AM,09:59 AM,0,0,0,0,377.96,188,35.29,Breakfast,1,1
S8357,2026-04-26,02:26 PM,Ganga,Mess,02:00 PM,02:45 PM,0,0,0,0,344.3,156,50.3,Lunch,1,0
S8358,2026-04-25,03:16 PM,Rajendra,Outside,0,0,0,0,02:23 PM,06:00 PM,337.99,35,4.35,None,0,0
S8359,2026-04-11,09:45 PM,Yamuna,Library,0,0,08:46 PM,09:45 PM,08:27 PM,10:45 PM,719.95,170,31.49,None,0,0
S8360,2026-04-13,06:04 AM,Yamuna,Outside,0,0,0,0,05:05 AM,07:31 AM,120.82,127,12.1,None,0,0
S8361,2026-04-11,08:03 PM,Yamuna,Library,0,0,07:50 PM,08:29 PM,07:25 PM,08:48 PM,708.37,127,18.26,None,0,0
S8362,2026-04-16,09:08 AM,Sarojini,Mess,08:30 AM,09:08 AM,0,0,0,0,666.48,99,49.73,Breakfast,1,1
S8363,2026-04-20,07:56 AM,Ganga,Mess,07:35 AM,08:35 AM,0,0,0,0,427.17,13,35.99,Breakfast,0,0
S8364,2026-04-14,07:30 PM,Azad,Library,0,0,07:28 PM,10:01 PM,07:03 PM,10:48 PM,567.82,13,10.31,None,0,0
S8365,2026-05-01,07:42 PM,Rajendra,Library,0,0,07:41 PM,09:08 PM,07:29 PM,10:06 PM,569.57,53,17.81,None,0,0
S8366,2026-04-15,01:05 PM,Rajendra,Library,0,0,12:31 PM,01:26 PM,12:19 PM,01:38 PM,608.76,197,24.42,None,1,0
S8367,2026-04-25,09:52 AM,Sarojini,Mess,09:16 AM,09:53 AM,0,0,0,0,330.29,115,38.42,Breakfast,1,1
S8368,2026-05-01,01:09 PM,Rajendra,Classroom,0,0,0,0,12:29 PM,02:01 PM,147.81,48,3.84,None,1,0
S8369,2026-04-08,06:19 PM,Azad,Outside,0,0,0,0,05:03 PM,08:26 PM,147.12,59,4.22,None,0,0
S8370,2026-05-01,02:31 PM,Yamuna,Library,0,0,02:05 PM,02:35 PM,01:50 PM,03:31 PM,762.6,66,18.77,None,0,0
S8371,2026-04-09,08:35 AM,Rajendra,Mess,08:24 AM,08:52 AM,0,0,0,0,482.48,106,34.9,Breakfast,0,0
S8372,2026-04-28,12:45 PM,Rajendra,Mess,12:29 PM,01:23 PM,0,0,0,0,443.16,45,39.21,Lunch,1,0
S8373,2026-04-17,09:01 PM,Sarojini,Hostel,0,0,0,0,0,0,1078.04,28,21.19,None,0,0
S8374,2026-04-28,05:49 PM,Azad,Hostel,0,0,0,0,0,0,188.14,100,31.12,None,0,0
S8375,2026-04-18,11:08 PM,Sarojini,Library,0,0,10:44 PM,11:59 PM,10:38 PM,11:59 PM,665.11,36,11.38,None,0,0
S8376,2026-04-18,10:44 AM,Yamuna,Library,0,0,09:43 AM,11:50 AM,09:38 AM,12:30 PM,721.67,169,37.34,None,1,1
S8377,2026-04-28,10:51 PM,Sarojini,Outside,0,0,0,0,10:00 PM,11:59 PM,292.59,108,7.91,None,0,0
S8378,2026-04-02,01:53 PM,Ganga,Mess,01:51 PM,02:34 PM,0,0,0,0,497.89,93,47.75,Lunch,1,0
S8379,2026-04-29,05:05 PM,Rajendra,Hostel,0,0,0,0,0,0,339.91,130,33.55,None,0,0
S8380,2026-04-12,09:16 PM,Ganga,Mess,08:58 PM,09:33 PM,0,0,0,0,537.1,30,41.92,Dinner,0,0
S8381,2026-04-08,02:35 PM,Ganga,Library,0,0,02:32 PM,03:19 PM,02:23 PM,03:41 PM,656.82,17,9.12,None,0,0
S8382,2026-04-20,06:59 AM,Ganga,Hostel,0,0,0,0,0,0,358.72,192,31.37,None,0,0
S8383,2026-04-08,06:38 PM,Rajendra,Classroom,0,0,0,0,06:14 PM,07:30 PM,211.84,171,13.1,None,1,1
S8384,2026-04-04,05:22 PM,Rajendra,Hostel,0,0,0,0,0,0,136.96,154,33.78,None,0,0
S8385,2026-04-04,08:13 PM,Rajendra,Mess,08:08 PM,08:48 PM,0,0,0,0,673.53,170,54.3,Dinner,0,0
S8386,2026-04-15,08:08 AM,Azad,Classroom,0,0,0,0,07:53 AM,09:07 AM,181.0,22,2.9,None,1,1
S8387,2026-04-13,09:31 PM,Azad,Mess,09:16 PM,09:39 PM,0,0,0,0,357.95,96,31.01,Dinner,0,0
S8388,2026-04-08,07:51 AM,Rajendra,Outside,0,0,0,0,06:45 AM,10:05 AM,198.06,151,22.36,None,0,0
S8389,2026-04-27,09:24 PM,Azad,Mess,09:17 PM,10:12 PM,0,0,0,0,500.41,10,37.09,Dinner,0,0
S8390,2026-04-12,01:33 PM,Azad,Mess,01:27 PM,02:26 PM,0,0,0,0,375.07,134,38.85,Lunch,1,0
S8391,2026-04-12,01:20 PM,Sarojini,Mess,01:00 PM,01:34 PM,0,0,0,0,361.1,141,50.89,Lunch,0,0
S8392,2026-04-11,03:01 PM,Azad,Mess,02:54 PM,03:43 PM,0,0,0,0,492.67,63,30.53,Lunch,1,0
S8393,2026-05-01,12:55 PM,Sarojini,Library,0,0,12:18 PM,01:59 PM,12:06 PM,02:13 PM,705.11,27,16.01,None,1,0
S8394,2026-04-06,10:42 PM,Sarojini,Outside,0,0,0,0,08:42 PM,11:59 PM,171.21,118,8.52,None,0,0
S8395,2026-04-30,08:35 PM,Yamuna,Hostel,0,0,0,0,0,0,1338.25,147,25.32,None,0,0
S8396,2026-04-08,01:02 PM,Sarojini,Hostel,0,0,0,0,0,0,140.97,87,25.67,None,0,0
S8397,2026-04-16,08:49 AM,Yamuna,Outside,0,0,0,0,07:34 AM,11:15 AM,374.5,42,2.53,None,0,0
S8398,2026-05-01,07:59 PM,Ganga,Library,0,0,07:38 PM,08:29 PM,07:17 PM,08:51 PM,677.81,94,16.13,None,0,0
S8399,2026-04-30,12:00 PM,Rajendra,Hostel,0,0,0,0,0,0,374.92,166,32.53,None,0,0
S8400,2026-04-11,07:01 PM,Yamuna,Hostel,0,0,0,0,0,0,393.47,37,14.46,None,0,0
S8401,2026-04-25,02:31 PM,Ganga,Library,0,0,01:56 PM,02:58 PM,01:30 PM,03:15 PM,733.07,106,21.8,None,0,0
S8402,2026-04-06,08:14 PM,Sarojini,Mess,07:50 PM,08:29 PM,0,0,0,0,542.49,22,39.09,Dinner,0,0
S8403,2026-04-12,06:10 PM,Rajendra,Classroom,0,0,0,0,05:45 PM,07:48 PM,330.65,195,21.5,None,1,1
S8404,2026-04-13,08:53 PM,Sarojini,Mess,08:29 PM,09:14 PM,0,0,0,0,407.39,181,39.12,Dinner,0,0
S8405,2026-04-27,02:19 AM,Sarojini,Outside,0,0,0,0,01:46 AM,04:37 AM,266.57,29,3.37,None,0,0
S8406,2026-04-21,12:28 PM,Yamuna,Mess,12:28 PM,01:06 PM,0,0,0,0,390.87,176,43.0,Lunch,1,0
S8407,2026-04-28,09:16 PM,Rajendra,Hostel,0,0,0,0,0,0,1337.97,71,17.31,None,0,0
S8408,2026-04-05,09:45 PM,Yamuna,Mess,09:41 PM,10:31 PM,0,0,0,0,576.07,107,44.66,Dinner,0,0
S8409,2026-04-26,08:17 PM,Rajendra,Mess,07:41 PM,08:32 PM,0,0,0,0,370.57,103,40.48,Dinner,0,0
S8410,2026-04-12,08:43 AM,Sarojini,Mess,08:37 AM,09:08 AM,0,0,0,0,319.46,19,29.82,Breakfast,0,0
S8411,2026-04-17,09:54 AM,Ganga,Mess,09:50 AM,10:28 AM,0,0,0,0,476.74,176,39.98,Breakfast,0,0
S8412,2026-04-11,09:34 PM,Yamuna,Mess,09:22 PM,09:56 PM,0,0,0,0,378.52,108,43.75,Dinner,0,0
S8413,2026-04-20,03:02 PM,Azad,Mess,02:57 PM,03:23 PM,0,0,0,0,621.12,81,41.88,Lunch,0,0
S8414,2026-04-13,06:32 PM,Yamuna,Library,0,0,05:58 PM,07:24 PM,05:48 PM,07:48 PM,587.46,89,20.5,None,0,0
S8415,2026-04-27,10:39 PM,Yamuna,Mess,09:48 PM,10:42 PM,0,0,0,0,496.0,74,40.69,Dinner,0,0
S8416,2026-04-08,12:29 PM,Sarojini,Mess,12:05 PM,12:38 PM,0,0,0,0,415.52,85,30.17,Lunch,1,0
S8417,2026-04-25,04:22 AM,Sarojini,Hostel,0,0,0,0,0,0,153.2,46,20.17,None,0,0
S8418,2026-04-20,10:01 PM,Azad,Library,0,0,09:52 PM,10:27 PM,09:34 PM,11:08 PM,799.97,130,21.17,None,0,0
S8419,2026-05-01,03:24 PM,Sarojini,Hostel,0,0,0,0,0,0,393.56,53,18.39,None,0,0
S8420,2026-04-13,04:51 PM,Azad,Classroom,0,0,0,0,04:34 PM,06:08 PM,147.52,170,23.66,None,1,1
S8421,2026-04-05,08:11 PM,Sarojini,Library,0,0,07:35 PM,08:12 PM,07:29 PM,09:10 PM,848.03,176,31.56,None,0,0
S8422,2026-04-11,12:22 PM,Rajendra,Mess,12:06 PM,12:44 PM,0,0,0,0,467.72,56,42.24,Lunch,0,0
S8423,2026-04-14,04:26 PM,Rajendra,Library,0,0,03:51 PM,06:08 PM,03:33 PM,06:40 PM,511.96,67,14.01,None,1,1
S8424,2026-04-19,08:35 AM,Ganga,Mess,08:29 AM,08:54 AM,0,0,0,0,559.2,123,40.63,Breakfast,0,0
S8425,2026-04-26,10:27 AM,Sarojini,Outside,0,0,0,0,09:06 AM,01:00 PM,387.23,34,2.31,None,1,1
S8426,2026-04-14,06:07 PM,Yamuna,Library,0,0,05:08 PM,06:09 PM,04:53 PM,06:26 PM,599.26,166,25.12,None,0,0
S8427,2026-04-01,01:50 PM,Rajendra,Library,0,0,11:19 AM,02:12 PM,11:07 AM,02:51 PM,1039.25,162,26.65,None,1,0
S8428,2026-05-01,10:38 PM,Azad,Library,0,0,10:24 PM,11:04 PM,10:10 PM,11:24 PM,793.56,128,21.79,None,0,0
S8429,2026-05-01,11:56 AM,Ganga,Library,0,0,11:25 AM,01:44 PM,10:56 AM,02:33 PM,947.36,169,17.45,None,0,0
S8430,2026-04-22,07:53 AM,Yamuna,Hostel,0,0,0,0,0,0,162.65,180,31.36,None,0,0
S8431,2026-04-11,07:04 AM,Sarojini,Mess,07:00 AM,07:32 AM,0,0,0,0,391.46,194,46.44,Breakfast,0,0
S8432,2026-04-13,10:44 PM,Azad,Library,0,0,10:43 PM,11:46 PM,10:18 PM,11:59 PM,636.0,139,20.64,None,0,0
S8433,2026-04-28,03:33 PM,Ganga,Library,0,0,02:55 PM,04:05 PM,02:28 PM,04:39 PM,802.84,49,13.62,None,0,0
S8434,2026-04-12,03:26 AM,Sarojini,Hostel,0,0,0,0,0,0,310.45,70,25.94,None,0,0
S8435,2026-04-14,02:50 AM,Sarojini,Hostel,0,0,0,0,0,0,198.31,152,23.12,None,0,0
S8436,2026-05-01,09:54 AM,Sarojini,Mess,09:37 AM,09:59 AM,0,0,0,0,285.93,65,37.59,Breakfast,0,0
S8437,2026-04-22,12:23 AM,Ganga,Outside,0,0,0,0,0,03:04 AM,270.52,106,8.77,None,0,0
S8438,2026-04-15,07:37 PM,Ganga,Library,0,0,07:01 PM,08:56 PM,06:45 PM,09:21 PM,592.05,193,37.55,None,0,0
S8439,2026-04-28,12:49 PM,Sarojini,Library,0,0,11:26 AM,12:54 PM,10:57 AM,01:27 PM,983.68,43,18.83,None,1,0
S8440,2026-04-06,09:30 AM,Azad,Mess,09:15 AM,09:42 AM,0,0,0,0,425.4,182,43.11,Breakfast,1,1
S8441,2026-04-15,10:47 PM,Yamuna,Library,0,0,10:19 PM,11:59 PM,10:06 PM,11:59 PM,936.55,110,14.65,None,0,0
S8442,2026-04-02,09:14 AM,Yamuna,Mess,09:10 AM,09:54 AM,0,0,0,0,531.2,14,30.95,Breakfast,1,1
S8443,2026-04-30,03:20 AM,Ganga,Hostel,0,0,0,0,0,0,359.36,55,23.27,None,0,0
S8444,2026-04-13,11:18 PM,Sarojini,Library,0,0,08:52 PM,11:21 PM,08:47 PM,11:47 PM,851.61,179,33.27,None,0,0
S8445,2026-04-18,07:04 PM,Yamuna,Library,0,0,05:59 PM,08:45 PM,05:44 PM,09:01 PM,799.63,150,31.55,None,0,0
S8446,2026-04-26,01:17 AM,Sarojini,Outside,0,0,0,0,0,03:54 AM,342.95,199,18.91,None,0,0
S8447,2026-04-16,07:55 PM,Rajendra,Outside,0,0,0,0,06:16 PM,10:18 PM,145.93,87,10.68,None,0,0
S8448,2026-04-14,06:11 PM,Sarojini,Library,0,0,05:56 PM,06:37 PM,05:39 PM,07:06 PM,968.21,48,14.42,None,0,0
S8449,2026-04-08,09:12 PM,Rajendra,Mess,08:44 PM,09:18 PM,0,0,0,0,627.29,116,37.12,Dinner,0,0
S8450,2026-04-09,09:34 PM,Ganga,Outside,0,0,0,0,08:04 PM,11:49 PM,235.91,113,10.03,None,0,0
S8451,2026-04-27,09:06 AM,Sarojini,Mess,08:51 AM,09:14 AM,0,0,0,0,433.44,56,42.01,Breakfast,1,1
S8452,2026-04-09,11:56 PM,Rajendra,Hostel,0,0,0,0,0,0,1179.8,15,18.06,None,0,0
S8453,2026-04-15,07:50 PM,Ganga,Mess,07:13 PM,08:02 PM,0,0,0,0,380.68,11,29.53,Dinner,0,0
S8454,2026-04-22,05:46 PM,Azad,Classroom,0,0,0,0,05:33 PM,06:32 PM,269.33,34,1.89,None,1,1
S8455,2026-04-28,12:44 PM,Rajendra,Classroom,0,0,0,0,12:28 PM,01:29 PM,395.07,87,11.49,None,1,0
S8456,2026-04-01,04:38 AM,Sarojini,Hostel,0,0,0,0,0,0,166.75,151,19.89,None,0,0
S8457,2026-04-08,12:41 PM,Yamuna,Mess,12:02 PM,12:43 PM,0,0,0,0,504.63,111,41.93,Lunch,1,0
S8458,2026-04-11,10:28 PM,Ganga,Library,0,0,09:34 PM,10:29 PM,09:06 PM,10:54 PM,927.21,84,18.8,None,0,0
S8459,2026-04-20,08:19 AM,Sarojini,Mess,07:29 AM,08:25 AM,0,0,0,0,445.12,120,42.87,Breakfast,0,0
S8460,2026-04-03,03:10 PM,Yamuna,Outside,0,0,0,0,01:50 PM,04:25 PM,240.47,108,7.56,None,0,0
S8461,2026-04-30,01:27 PM,Rajendra,Outside,0,0,0,0,11:50 AM,04:14 PM,291.01,108,11.59,None,1,0
S8462,2026-04-24,06:14 PM,Yamuna,Library,0,0,05:46 PM,06:58 PM,05:28 PM,07:36 PM,580.04,11,9.29,None,0,0
S8463,2026-04-13,10:11 AM,Yamuna,Mess,09:35 AM,10:28 AM,0,0,0,0,311.26,24,26.93,Breakfast,1,1
S8464,2026-04-17,03:12 PM,Sarojini,Library,0,0,02:09 PM,03:12 PM,01:58 PM,03:22 PM,781.72,15,8.14,None,1,0
S8465,2026-04-15,12:55 PM,Sarojini,Classroom,0,0,0,0,12:34 PM,01:45 PM,221.63,32,3.37,None,1,0
S8466,2026-04-02,08:27 PM,Ganga,Mess,08:17 PM,08:55 PM,0,0,0,0,492.35,55,34.87,Dinner,0,0
S8467,2026-04-23,08:55 AM,Ganga,Classroom,0,0,0,0,08:39 AM,09:29 AM,210.94,157,16.61,None,1,1
S8468,2026-04-02,05:34 PM,Sarojini,Library,0,0,05:31 PM,06:24 PM,05:14 PM,07:06 PM,671.46,138,20.94,None,0,0
S8469,2026-04-15,02:34 AM,Rajendra,Outside,0,0,0,0,01:34 AM,04:15 AM,130.65,40,4.56,None,0,0
S8470,2026-04-24,03:31 PM,Sarojini,Mess,02:57 PM,03:41 PM,0,0,0,0,438.98,139,48.06,Lunch,0,0
S8471,2026-04-17,02:00 PM,Ganga,Classroom,0,0,0,0,01:22 PM,02:55 PM,398.1,197,15.48,None,1,0
S8472,2026-04-01,11:34 AM,Rajendra,Outside,0,0,0,0,09:47 AM,01:26 PM,390.61,120,16.72,None,1,0
S8473,2026-04-13,04:55 PM,Sarojini,Library,0,0,03:25 PM,05:12 PM,03:14 PM,06:07 PM,907.94,75,9.52,None,1,1
S8474,2026-04-26,07:32 PM,Azad,Outside,0,0,0,0,06:27 PM,09:06 PM,284.1,128,15.69,None,0,0
S8475,2026-04-23,12:00 AM,Sarojini,Outside,0,0,0,0,0,02:47 AM,386.37,36,4.41,None,0,0
S8476,2026-04-25,10:23 AM,Sarojini,Hostel,0,0,0,0,0,0,223.3,159,32.29,None,1,1
S8477,2026-04-10,11:51 AM,Azad,Outside,0,0,0,0,11:19 AM,01:23 PM,230.39,44,2.4,None,0,0
S8478,2026-04-24,07:05 PM,Azad,Mess,07:02 PM,07:47 PM,0,0,0,0,465.66,56,26.66,Dinner,0,0
S8479,2026-04-06,02:40 PM,Rajendra,Mess,02:08 PM,02:45 PM,0,0,0,0,345.94,55,35.03,Lunch,0,0
S8480,2026-04-15,08:54 PM,Rajendra,Library,0,0,06:46 PM,09:16 PM,06:32 PM,09:42 PM,628.77,129,21.63,None,0,0
S8481,2026-04-16,01:07 PM,Ganga,Mess,01:05 PM,01:34 PM,0,0,0,0,379.35,160,58.96,Lunch,1,0
S8482,2026-04-18,11:55 AM,Sarojini,Library,0,0,11:18 AM,01:08 PM,10:52 AM,02:03 PM,828.47,197,26.32,None,0,0
S8483,2026-04-20,09:59 AM,Azad,Outside,0,0,0,0,08:36 AM,12:14 PM,306.48,161,21.43,None,1,1
S8484,2026-04-13,08:47 PM,Yamuna,Mess,08:03 PM,08:48 PM,0,0,0,0,531.01,115,41.0,Dinner,0,0
S8485,2026-04-16,03:41 AM,Azad,Hostel,0,0,0,0,0,0,124.9,110,30.39,None,0,0
S8486,2026-04-26,09:04 PM,Ganga,Mess,08:51 PM,09:15 PM,0,0,0,0,420.48,135,47.23,Dinner,0,0
S8487,2026-04-11,03:03 PM,Sarojini,Mess,02:33 PM,03:11 PM,0,0,0,0,377.2,25,25.85,Lunch,1,0
S8488,2026-04-03,08:06 AM,Yamuna,Outside,0,0,0,0,07:30 AM,10:42 AM,247.89,86,6.86,None,0,0
S8489,2026-04-08,02:24 PM,Ganga,Mess,02:23 PM,03:08 PM,0,0,0,0,376.01,163,39.04,Lunch,1,0
S8490,2026-04-03,02:57 PM,Ganga,Classroom,0,0,0,0,02:31 PM,04:12 PM,277.76,169,10.67,None,1,0
S8491,2026-04-09,07:44 AM,Azad,Mess,07:15 AM,08:08 AM,0,0,0,0,378.37,25,37.05,Breakfast,0,0
S8492,2026-04-23,09:52 AM,Yamuna,Library,0,0,09:42 AM,10:13 AM,09:15 AM,10:38 AM,458.09,86,18.39,None,1,1
S8493,2026-04-14,11:45 AM,Ganga,Classroom,0,0,0,0,11:26 AM,12:55 PM,374.72,37,4.4,None,1,0
S8494,2026-04-25,07:38 PM,Azad,Mess,07:35 PM,08:09 PM,0,0,0,0,355.18,54,38.37,Dinner,0,0
S8495,2026-04-19,07:15 PM,Yamuna,Library,0,0,06:52 PM,07:36 PM,06:44 PM,08:14 PM,714.99,162,23.28,None,0,0
S8496,2026-04-04,07:21 PM,Azad,Library,0,0,06:36 PM,07:36 PM,06:12 PM,07:48 PM,759.71,33,10.41,None,0,0
S8497,2026-04-22,10:42 AM,Sarojini,Mess,09:54 AM,10:50 AM,0,0,0,0,467.8,148,38.1,Breakfast,0,0
S8498,2026-04-18,07:55 AM,Sarojini,Mess,07:35 AM,08:20 AM,0,0,0,0,416.81,71,35.68,Breakfast,0,0
S8499,2026-04-05,08:00 PM,Azad,Library,0,0,05:16 PM,08:16 PM,04:49 PM,08:35 PM,544.38,103,17.43,None,0,0
S8500,2026-04-09,09:07 PM,Yamuna,Mess,08:38 PM,09:10 PM,0,0,0,0,492.58,126,40.25,Dinner,0,0
S8501,2026-04-16,06:30 PM,Sarojini,Outside,0,0,0,0,05:18 PM,09:06 PM,390.91,50,4.82,None,0,0
S8502,2026-04-30,12:07 PM,Rajendra,Mess,12:04 PM,12:27 PM,0,0,0,0,564.78,167,46.73,Lunch,0,0
S8503,2026-04-26,10:40 AM,Ganga,Hostel,0,0,0,0,0,0,138.58,92,36.46,None,0,0
S8504,2026-04-28,08:59 AM,Sarojini,Mess,08:58 AM,09:18 AM,0,0,0,0,514.24,57,37.8,Breakfast,0,0
S8505,2026-04-07,04:08 AM,Rajendra,Outside,0,0,0,0,02:54 AM,05:47 AM,289.79,162,20.71,None,0,0
S8506,2026-04-04,10:23 AM,Sarojini,Library,0,0,10:20 AM,11:01 AM,10:10 AM,11:55 AM,920.55,42,16.94,None,1,1
S8507,2026-04-25,12:08 AM,Rajendra,Outside,0,0,0,0,0,02:15 AM,393.5,184,23.64,None,0,0
S8508,2026-04-19,07:57 PM,Sarojini,Library,0,0,07:17 PM,08:31 PM,07:07 PM,08:53 PM,669.01,139,16.21,None,0,0
S8509,2026-04-05,09:24 AM,Sarojini,Mess,08:48 AM,09:28 AM,0,0,0,0,388.51,13,37.2,Breakfast,0,0
S8510,2026-04-18,07:53 PM,Azad,Hostel,0,0,0,0,0,0,308.54,165,23.13,None,0,0
S8511,2026-04-28,10:08 PM,Ganga,Mess,09:46 PM,10:15 PM,0,0,0,0,618.73,117,50.44,Dinner,0,0
S8512,2026-04-23,09:02 PM,Rajendra,Outside,0,0,0,0,08:01 PM,10:44 PM,365.43,159,15.38,None,0,0
S8513,2026-04-29,02:00 PM,Sarojini,Mess,01:50 PM,02:29 PM,0,0,0,0,411.02,71,46.51,Lunch,1,0
S8514,2026-04-01,04:58 AM,Sarojini,Outside,0,0,0,0,04:28 AM,06:33 AM,316.68,113,15.15,None,0,0
S8515,2026-04-12,10:05 PM,Sarojini,Library,0,0,09:47 PM,10:46 PM,09:31 PM,11:07 PM,853.62,28,10.26,None,0,0
S8516,2026-04-29,08:41 AM,Rajendra,Mess,08:19 AM,09:10 AM,0,0,0,0,523.9,116,32.92,Breakfast,0,0
S8517,2026-04-28,01:37 AM,Yamuna,Outside,0,0,0,0,12:56 AM,03:01 AM,257.4,86,12.49,None,0,0
S8518,2026-04-24,08:30 PM,Azad,Outside,0,0,0,0,06:41 PM,09:49 PM,327.14,145,11.59,None,0,0
S8519,2026-04-21,03:18 PM,Ganga,Mess,02:48 PM,03:39 PM,0,0,0,0,482.6,138,40.5,Lunch,1,0
S8520,2026-04-26,08:06 AM,Yamuna,Mess,08:01 AM,08:39 AM,0,0,0,0,250.2,61,45.36,Breakfast,0,0
S8521,2026-04-14,01:58 PM,Azad,Library,0,0,12:41 PM,02:43 PM,12:27 PM,03:16 PM,659.63,12,11.37,None,1,0
S8522,2026-04-29,12:02 AM,Sarojini,Hostel,0,0,0,0,0,0,272.82,19,17.64,None,0,0
S8523,2026-04-06,08:59 AM,Yamuna,Mess,08:39 AM,09:06 AM,0,0,0,0,551.21,200,49.43,Breakfast,0,0
S8524,2026-04-03,06:26 PM,Yamuna,Library,0,0,05:48 PM,06:43 PM,05:39 PM,07:04 PM,586.01,153,21.82,None,0,0
S8525,2026-04-12,05:27 PM,Rajendra,Library,0,0,03:41 PM,05:31 PM,03:30 PM,05:59 PM,623.58,154,15.28,None,0,0
S8526,2026-04-23,03:05 PM,Rajendra,Mess,02:46 PM,03:18 PM,0,0,0,0,408.86,172,57.19,Lunch,1,0
S8527,2026-04-21,10:59 PM,Rajendra,Hostel,0,0,0,0,0,0,1057.04,38,15.5,None,0,0
S8528,2026-04-06,10:00 PM,Ganga,Outside,0,0,0,0,08:56 PM,11:42 PM,238.18,106,13.97,None,0,0
S8529,2026-04-06,06:13 PM,Ganga,Outside,0,0,0,0,05:32 PM,07:45 PM,325.93,109,8.01,None,0,0
S8530,2026-04-09,08:35 AM,Yamuna,Mess,08:34 AM,08:59 AM,0,0,0,0,676.63,30,29.37,Breakfast,0,0
S8531,2026-04-18,10:01 PM,Sarojini,Library,0,0,08:56 PM,10:46 PM,08:40 PM,11:13 PM,689.31,64,13.87,None,0,0
S8532,2026-04-09,01:22 PM,Rajendra,Mess,12:33 PM,01:29 PM,0,0,0,0,603.98,87,46.22,Lunch,0,0
S8533,2026-04-08,02:24 PM,Yamuna,Mess,01:59 PM,02:27 PM,0,0,0,0,337.55,137,39.01,Lunch,1,0
S8534,2026-04-04,08:50 AM,Yamuna,Mess,08:41 AM,09:24 AM,0,0,0,0,427.17,125,44.69,Breakfast,0,0
S8535,2026-04-02,04:04 AM,Ganga,Hostel,0,0,0,0,0,0,360.11,35,12.59,None,0,0
S8536,2026-04-18,01:55 PM,Sarojini,Hostel,0,0,0,0,0,0,357.12,109,32.18,None,0,0
S8537,2026-04-27,08:16 AM,Sarojini,Mess,07:54 AM,08:23 AM,0,0,0,0,509.73,124,46.59,Breakfast,0,0
S8538,2026-04-09,04:31 PM,Azad,Library,0,0,02:46 PM,05:16 PM,02:20 PM,05:43 PM,508.29,53,14.01,None,0,0
S8539,2026-04-26,01:46 PM,Rajendra,Outside,0,0,0,0,11:50 AM,02:55 PM,397.88,50,7.21,None,1,0
S8540,2026-04-25,09:52 AM,Azad,Mess,09:18 AM,10:07 AM,0,0,0,0,343.77,192,48.08,Breakfast,0,0
S8541,2026-04-26,12:05 PM,Sarojini,Mess,12:02 PM,12:48 PM,0,0,0,0,428.7,84,28.26,Lunch,0,0
S8542,2026-04-30,11:38 PM,Rajendra,Outside,0,0,0,0,10:20 PM,11:59 PM,236.12,14,0.93,None,0,0
S8543,2026-04-04,03:20 PM,Rajendra,Library,0,0,03:12 PM,04:36 PM,02:46 PM,05:29 PM,773.01,179,29.39,None,1,0
S8544,2026-04-19,05:01 PM,Azad,Library,0,0,03:38 PM,05:57 PM,03:29 PM,06:42 PM,599.84,57,15.02,None,0,0
S8545,2026-04-24,02:43 PM,Ganga,Mess,02:18 PM,02:56 PM,0,0,0,0,498.87,186,50.13,Lunch,1,0
S8546,2026-04-10,12:40 PM,Ganga,Mess,12:02 PM,12:44 PM,0,0,0,0,327.73,99,26.18,Lunch,1,0
S8547,2026-04-28,08:18 AM,Rajendra,Mess,08:03 AM,09:00 AM,0,0,0,0,470.0,198,47.15,Breakfast,0,0
S8548,2026-04-10,05:06 PM,Azad,Library,0,0,02:57 PM,05:22 PM,02:45 PM,05:47 PM,688.45,50,19.82,None,0,0
S8549,2026-04-07,12:21 AM,Yamuna,Outside,0,0,0,0,0,02:02 AM,349.39,58,3.87,None,0,0
S8550,2026-04-18,10:29 PM,Ganga,Mess,09:58 PM,10:31 PM,0,0,0,0,297.17,124,29.66,Dinner,0,0
S8551,2026-04-06,08:35 AM,Yamuna,Hostel,0,0,0,0,0,0,213.28,54,24.69,None,0,0
S8552,2026-04-04,07:24 AM,Yamuna,Mess,07:03 AM,07:32 AM,0,0,0,0,272.48,105,27.75,Breakfast,0,0
S8553,2026-04-23,09:07 PM,Rajendra,Mess,09:04 PM,09:24 PM,0,0,0,0,673.82,192,44.02,Dinner,0,0
S8554,2026-04-18,01:49 PM,Ganga,Mess,01:04 PM,02:04 PM,0,0,0,0,411.8,191,55.17,Lunch,1,0
S8555,2026-04-20,03:12 PM,Rajendra,Mess,02:47 PM,03:44 PM,0,0,0,0,261.71,187,42.74,Lunch,1,0
S8556,2026-04-21,06:12 PM,Ganga,Library,0,0,04:10 PM,06:48 PM,04:02 PM,07:48 PM,676.18,179,21.3,None,0,0
S8557,2026-04-29,11:00 AM,Sarojini,Library,0,0,10:39 AM,11:57 AM,10:24 AM,12:34 PM,723.1,109,20.19,None,1,0
S8558,2026-04-08,01:09 AM,Azad,Outside,0,0,0,0,0,03:22 AM,394.92,79,6.42,None,0,0
S8559,2026-04-12,08:40 AM,Ganga,Mess,08:32 AM,09:09 AM,0,0,0,0,563.41,41,38.88,Breakfast,0,0
S8560,2026-04-14,11:10 PM,Yamuna,Outside,0,0,0,0,09:27 PM,11:59 PM,142.38,152,14.97,None,0,0
S8561,2026-04-27,12:36 PM,Ganga,Hostel,0,0,0,0,0,0,324.82,130,31.79,None,0,0
S8562,2026-04-12,10:06 PM,Ganga,Mess,09:59 PM,10:53 PM,0,0,0,0,543.41,120,39.36,Dinner,0,0
S8563,2026-04-10,07:14 PM,Rajendra,Outside,0,0,0,0,05:50 PM,08:31 PM,364.43,13,1.86,None,0,0
S8564,2026-04-07,10:17 PM,Yamuna,Library,0,0,10:16 PM,11:59 PM,10:03 PM,11:59 PM,524.74,163,19.11,None,0,0
S8565,2026-04-07,09:44 PM,Azad,Mess,09:30 PM,09:56 PM,0,0,0,0,461.46,104,50.79,Dinner,0,0
S8566,2026-05-01,12:29 PM,Yamuna,Mess,12:21 PM,12:53 PM,0,0,0,0,474.16,30,24.69,Lunch,0,0
S8567,2026-04-22,02:26 PM,Sarojini,Library,0,0,01:55 PM,02:37 PM,01:47 PM,03:00 PM,990.37,172,28.15,None,0,0
S8568,2026-04-20,01:28 PM,Sarojini,Mess,01:03 PM,01:42 PM,0,0,0,0,378.9,59,34.18,Lunch,0,0
S8569,2026-04-10,09:03 PM,Sarojini,Mess,09:01 PM,09:22 PM,0,0,0,0,434.8,22,25.65,Dinner,0,0
S8570,2026-04-05,09:34 AM,Ganga,Mess,09:33 AM,09:55 AM,0,0,0,0,336.81,95,40.46,Breakfast,0,0
S8571,2026-04-10,11:30 AM,Yamuna,Library,0,0,11:13 AM,12:07 PM,11:01 AM,12:48 PM,916.96,27,8.07,None,1,0
S8572,2026-04-06,11:24 PM,Yamuna,Library,0,0,09:30 PM,11:59 PM,09:15 PM,11:59 PM,820.03,103,22.54,None,0,0
S8573,2026-04-11,08:00 AM,Ganga,Classroom,0,0,0,0,07:33 AM,09:45 AM,101.62,18,1.99,None,1,1
S8574,2026-04-27,09:10 AM,Yamuna,Mess,08:55 AM,09:32 AM,0,0,0,0,414.41,10,23.26,Breakfast,1,1
S8575,2026-04-24,10:13 PM,Azad,Mess,09:56 PM,10:20 PM,0,0,0,0,291.86,105,36.26,Dinner,0,0
S8576,2026-04-21,07:42 PM,Sarojini,Hostel,0,0,0,0,0,0,228.39,158,34.14,None,0,0
S8577,2026-04-14,06:42 AM,Ganga,Hostel,0,0,0,0,0,0,295.01,107,27.19,None,0,0
S8578,2026-04-23,09:46 PM,Ganga,Library,0,0,09:34 PM,10:21 PM,09:15 PM,11:04 PM,489.35,117,19.04,None,0,0
S8579,2026-04-08,08:02 PM,Sarojini,Mess,07:57 PM,08:26 PM,0,0,0,0,529.53,146,52.77,Dinner,0,0
S8580,2026-04-14,12:36 PM,Rajendra,Mess,12:19 PM,01:14 PM,0,0,0,0,449.83,196,38.03,Lunch,0,0
S8581,2026-05-01,09:30 AM,Sarojini,Mess,08:56 AM,09:30 AM,0,0,0,0,561.07,100,53.71,Breakfast,1,1
S8582,2026-04-22,10:40 AM,Yamuna,Library,0,0,10:00 AM,11:13 AM,09:42 AM,11:39 AM,767.37,30,10.0,None,0,0
S8583,2026-04-07,12:21 PM,Yamuna,Mess,12:20 PM,12:40 PM,0,0,0,0,487.84,64,32.71,Lunch,0,0
S8584,2026-04-04,12:23 PM,Yamuna,Library,0,0,11:24 AM,12:59 PM,10:57 AM,01:32 PM,539.35,36,11.41,None,1,0
S8585,2026-04-12,10:20 AM,Azad,Library,0,0,09:44 AM,10:56 AM,09:31 AM,11:47 AM,903.35,78,14.15,None,1,1
S8586,2026-04-11,07:14 AM,Sarojini,Mess,07:08 AM,08:04 AM,0,0,0,0,412.83,57,44.09,Breakfast,0,0
S8587,2026-04-13,03:04 PM,Rajendra,Outside,0,0,0,0,02:05 PM,04:28 PM,133.81,172,22.75,None,0,0
S8588,2026-04-28,09:25 AM,Azad,Mess,08:41 AM,09:28 AM,0,0,0,0,422.25,161,49.9,Breakfast,0,0
S8589,2026-04-29,03:11 PM,Sarojini,Mess,02:59 PM,03:24 PM,0,0,0,0,302.99,142,43.07,Lunch,1,0
S8590,2026-04-30,03:09 PM,Yamuna,Mess,02:20 PM,03:12 PM,0,0,0,0,579.42,66,31.26,Lunch,0,0
S8591,2026-04-28,09:26 PM,Yamuna,Outside,0,0,0,0,08:04 PM,11:47 PM,300.65,148,20.12,None,0,0
S8592,2026-04-22,12:52 PM,Azad,Mess,12:31 PM,01:08 PM,0,0,0,0,595.05,38,24.54,Lunch,0,0
S8593,2026-04-25,06:20 PM,Azad,Library,0,0,05:32 PM,07:05 PM,05:26 PM,07:53 PM,850.39,107,24.77,None,0,0
S8594,2026-04-13,01:42 PM,Sarojini,Mess,01:24 PM,02:02 PM,0,0,0,0,518.64,64,29.65,Lunch,0,0
S8595,2026-04-29,09:18 AM,Sarojini,Mess,08:25 AM,09:19 AM,0,0,0,0,545.04,26,26.97,Breakfast,0,0
S8596,2026-04-15,08:35 PM,Yamuna,Library,0,0,07:14 PM,09:28 PM,07:03 PM,09:48 PM,700.08,43,15.85,None,0,0
S8597,2026-04-19,11:37 AM,Yamuna,Classroom,0,0,0,0,11:26 AM,12:09 PM,321.94,84,5.66,None,1,0
S8598,2026-04-26,10:16 PM,Yamuna,Library,0,0,09:56 PM,11:04 PM,09:26 PM,11:43 PM,611.04,95,18.71,None,0,0
S8599,2026-04-19,02:01 AM,Rajendra,Hostel,0,0,0,0,0,0,377.45,73,21.75,None,0,0
S8600,2026-04-07,10:20 AM,Ganga,Library,0,0,09:45 AM,10:28 AM,09:35 AM,11:28 AM,660.28,118,21.37,None,1,1
S8601,2026-04-13,01:51 PM,Azad,Classroom,0,0,0,0,01:11 PM,02:26 PM,135.08,138,15.22,None,1,0
S8602,2026-04-17,12:36 PM,Rajendra,Library,0,0,12:10 PM,01:15 PM,11:59 AM,01:44 PM,639.11,191,32.47,None,0,0
S8603,2026-04-05,09:33 PM,Yamuna,Outside,0,0,0,0,08:13 PM,11:59 PM,129.35,57,6.11,None,0,0
S8604,2026-04-05,09:49 PM,Ganga,Library,0,0,09:28 PM,10:16 PM,09:10 PM,10:58 PM,584.63,145,24.44,None,0,0
S8605,2026-04-15,02:39 PM,Rajendra,Library,0,0,01:46 PM,04:19 PM,01:23 PM,04:56 PM,622.32,67,15.36,None,0,0
S8606,2026-04-12,05:39 PM,Rajendra,Library,0,0,05:03 PM,07:05 PM,04:38 PM,07:53 PM,656.04,66,16.57,None,0,0
S8607,2026-04-15,11:17 AM,Sarojini,Hostel,0,0,0,0,0,0,223.49,184,43.62,None,1,0
S8608,2026-04-28,12:28 PM,Azad,Mess,12:19 PM,01:14 PM,0,0,0,0,390.57,138,43.91,Lunch,0,0
S8609,2026-05-01,10:19 PM,Azad,Outside,0,0,0,0,08:55 PM,11:59 PM,370.26,161,22.78,None,0,0
S8610,2026-04-26,08:18 AM,Sarojini,Mess,07:45 AM,08:43 AM,0,0,0,0,579.84,106,36.36,Breakfast,0,0
S8611,2026-04-07,03:52 PM,Yamuna,Library,0,0,03:32 PM,05:01 PM,03:25 PM,05:17 PM,819.67,145,20.77,None,0,0
S8612,2026-04-17,09:26 AM,Yamuna,Mess,08:39 AM,09:31 AM,0,0,0,0,378.54,103,46.31,Breakfast,0,0
S8613,2026-04-05,08:09 PM,Sarojini,Library,0,0,05:57 PM,08:29 PM,05:39 PM,09:17 PM,742.45,111,23.23,None,0,0
S8614,2026-04-18,07:07 PM,Sarojini,Library,0,0,06:54 PM,07:53 PM,06:45 PM,08:41 PM,733.15,102,19.2,None,0,0
S8615,2026-04-05,01:48 PM,Azad,Library,0,0,11:21 AM,02:00 PM,11:04 AM,02:42 PM,696.35,151,26.36,None,1,0
S8616,2026-04-07,02:48 PM,Rajendra,Mess,02:20 PM,02:58 PM,0,0,0,0,495.08,152,47.05,Lunch,1,0
S8617,2026-04-04,09:57 PM,Ganga,Library,0,0,08:41 PM,11:38 PM,08:14 PM,11:48 PM,858.65,136,25.03,None,0,0
S8618,2026-04-12,03:07 PM,Azad,Library,0,0,02:04 PM,04:03 PM,01:39 PM,04:56 PM,668.48,199,16.09,None,1,0
S8619,2026-04-17,11:43 AM,Ganga,Library,0,0,11:42 AM,12:44 PM,11:32 AM,01:25 PM,803.2,166,27.83,None,1,0
S8620,2026-04-16,12:41 PM,Ganga,Classroom,0,0,0,0,12:11 PM,01:57 PM,359.12,53,7.53,None,1,0
S8621,2026-04-08,08:16 PM,Azad,Mess,08:12 PM,09:11 PM,0,0,0,0,343.97,148,60.45,Dinner,0,0
S8622,2026-04-23,01:42 PM,Yamuna,Classroom,0,0,0,0,01:31 PM,03:17 PM,194.85,172,21.41,None,1,0
S8623,2026-04-06,07:21 AM,Sarojini,Mess,07:09 AM,07:36 AM,0,0,0,0,582.69,128,38.64,Breakfast,0,0
S8624,2026-04-23,09:15 AM,Azad,Mess,09:00 AM,09:24 AM,0,0,0,0,443.51,29,32.08,Breakfast,1,1
S8625,2026-04-30,09:10 PM,Azad,Library,0,0,08:03 PM,09:53 PM,07:45 PM,10:50 PM,505.68,86,22.89,None,0,0
S8626,2026-04-23,06:13 PM,Rajendra,Classroom,0,0,0,0,05:57 PM,07:03 PM,319.44,181,23.33,None,1,1
S8627,2026-04-30,05:05 PM,Azad,Outside,0,0,0,0,03:39 PM,07:14 PM,177.44,105,15.57,None,0,0
S8628,2026-04-17,01:54 PM,Rajendra,Library,0,0,12:10 PM,01:54 PM,11:51 AM,02:29 PM,628.96,140,23.8,None,0,0
S8629,2026-04-25,01:01 PM,Sarojini,Library,0,0,12:43 PM,02:30 PM,12:24 PM,02:55 PM,918.57,51,10.49,None,1,0
S8630,2026-04-22,07:49 AM,Ganga,Outside,0,0,0,0,06:20 AM,08:56 AM,119.63,42,3.96,None,0,0
S8631,2026-04-22,10:13 PM,Rajendra,Mess,09:21 PM,10:17 PM,0,0,0,0,465.84,156,38.53,Dinner,0,0
S8632,2026-04-13,06:27 PM,Rajendra,Outside,0,0,0,0,05:36 PM,07:48 PM,122.53,111,12.71,None,0,0
S8633,2026-04-24,08:56 PM,Sarojini,Hostel,0,0,0,0,0,0,1122.19,105,29.06,None,0,0
S8634,2026-04-10,08:57 AM,Azad,Outside,0,0,0,0,08:18 AM,10:21 AM,193.39,142,10.74,None,0,0
S8635,2026-04-18,08:59 AM,Ganga,Mess,08:30 AM,09:07 AM,0,0,0,0,497.47,91,47.98,Breakfast,0,0
S8636,2026-04-01,11:28 AM,Ganga,Hostel,0,0,0,0,0,0,364.87,48,26.23,None,1,0
S8637,2026-04-09,06:58 PM,Rajendra,Library,0,0,05:25 PM,07:18 PM,05:03 PM,07:54 PM,611.35,90,21.46,None,0,0
S8638,2026-04-30,04:00 PM,Rajendra,Library,0,0,02:48 PM,04:39 PM,02:22 PM,05:02 PM,614.39,166,17.85,None,0,0
S8639,2026-05-01,09:42 PM,Ganga,Library,0,0,09:11 PM,10:04 PM,08:57 PM,11:04 PM,561.69,60,20.3,None,0,0
S8640,2026-04-09,07:16 AM,Yamuna,Mess,07:03 AM,07:28 AM,0,0,0,0,306.37,19,32.52,Breakfast,0,0
S8641,2026-04-19,01:18 PM,Azad,Mess,12:48 PM,01:46 PM,0,0,0,0,479.63,19,41.74,Lunch,1,0
S8642,2026-04-02,09:59 PM,Yamuna,Library,0,0,08:15 PM,11:01 PM,08:01 PM,11:59 PM,679.5,145,30.89,None,0,0
S8643,2026-04-06,12:08 PM,Ganga,Library,0,0,11:04 AM,01:18 PM,10:39 AM,01:50 PM,831.0,48,13.43,None,0,0
S8644,2026-04-16,02:43 PM,Sarojini,Library,0,0,01:56 PM,03:37 PM,01:26 PM,04:13 PM,824.03,190,29.71,None,1,0
S8645,2026-05-01,09:08 PM,Sarojini,Mess,08:37 PM,09:15 PM,0,0,0,0,543.76,199,51.33,Dinner,0,0
S8646,2026-04-22,06:46 AM,Ganga,Hostel,0,0,0,0,0,0,380.64,105,27.29,None,0,0
S8647,2026-04-18,06:10 PM,Sarojini,Library,0,0,05:48 PM,07:15 PM,05:27 PM,08:13 PM,1036.05,29,8.44,None,0,0
S8648,2026-04-09,08:58 PM,Ganga,Mess,08:58 PM,09:41 PM,0,0,0,0,386.19,36,29.92,Dinner,0,0
S8649,2026-04-08,10:10 AM,Rajendra,Outside,0,0,0,0,08:13 AM,11:30 AM,387.78,166,19.41,None,0,0
S8650,2026-04-13,06:11 PM,Rajendra,Library,0,0,05:08 PM,07:10 PM,04:51 PM,07:57 PM,532.15,173,24.63,None,0,0
S8651,2026-04-15,05:43 AM,Yamuna,Outside,0,0,0,0,04:51 AM,07:09 AM,176.75,199,19.3,None,0,0
S8652,2026-04-07,02:57 PM,Ganga,Library,0,0,02:49 PM,04:30 PM,02:38 PM,05:28 PM,920.21,97,17.17,None,1,0
S8653,2026-04-16,11:45 AM,Azad,Library,0,0,11:30 AM,12:05 PM,11:02 AM,12:45 PM,709.67,154,30.85,None,0,0
S8654,2026-04-13,06:46 PM,Yamuna,Library,0,0,05:46 PM,07:32 PM,05:31 PM,07:42 PM,718.02,159,31.62,None,0,0
S8655,2026-04-27,10:37 AM,Ganga,Hostel,0,0,0,0,0,0,208.14,110,29.43,None,1,1
S8656,2026-05-01,12:21 PM,Sarojini,Classroom,0,0,0,0,12:02 PM,01:56 PM,303.51,75,7.55,None,1,0
S8657,2026-04-16,07:58 PM,Rajendra,Mess,07:50 PM,08:32 PM,0,0,0,0,383.87,177,50.38,Dinner,0,0
S8658,2026-04-30,10:23 AM,Sarojini,Library,0,0,09:52 AM,10:42 AM,09:24 AM,11:20 AM,564.12,167,26.14,None,1,1
S8659,2026-04-16,10:27 PM,Sarojini,Library,0,0,10:18 PM,11:59 PM,09:53 PM,11:59 PM,689.5,37,10.64,None,0,0
S8660,2026-04-29,09:59 AM,Sarojini,Mess,09:29 AM,10:11 AM,0,0,0,0,311.78,174,38.36,Breakfast,0,0
S8661,2026-04-12,07:42 PM,Rajendra,Hostel,0,0,0,0,0,0,114.84,92,20.57,None,0,0
S8662,2026-04-17,01:09 PM,Azad,Mess,01:01 PM,01:31 PM,0,0,0,0,495.9,11,26.2,Lunch,0,0
S8663,2026-04-25,08:42 AM,Sarojini,Outside,0,0,0,0,06:51 AM,09:52 AM,258.84,106,8.22,None,0,0
S8664,2026-04-16,07:56 AM,Ganga,Mess,07:29 AM,08:14 AM,0,0,0,0,520.28,167,49.76,Breakfast,0,0
S8665,2026-04-23,03:21 PM,Sarojini,Classroom,0,0,0,0,02:48 PM,04:24 PM,299.8,21,1.25,None,1,0
S8666,2026-04-19,08:09 PM,Ganga,Mess,07:59 PM,08:35 PM,0,0,0,0,526.65,107,27.32,Dinner,0,0
S8667,2026-04-24,09:44 PM,Rajendra,Mess,09:37 PM,10:15 PM,0,0,0,0,531.96,40,31.74,Dinner,0,0
S8668,2026-04-17,06:49 PM,Sarojini,Library,0,0,05:56 PM,08:07 PM,05:42 PM,09:01 PM,665.06,36,9.74,None,0,0
S8669,2026-04-04,08:43 PM,Ganga,Library,0,0,08:41 PM,11:29 PM,08:11 PM,11:59 PM,792.62,103,20.14,None,0,0
S8670,2026-04-26,01:12 PM,Rajendra,Library,0,0,11:45 AM,02:17 PM,11:27 AM,02:40 PM,745.93,46,15.54,None,0,0
S8671,2026-04-01,09:55 PM,Azad,Library,0,0,08:01 PM,10:46 PM,07:46 PM,11:11 PM,793.1,41,13.12,None,0,0
S8672,2026-04-13,11:29 AM,Rajendra,Library,0,0,10:59 AM,12:40 PM,10:30 AM,01:20 PM,537.14,188,21.11,None,1,0
S8673,2026-04-26,11:53 PM,Sarojini,Hostel,0,0,0,0,0,0,1545.53,77,20.98,None,0,0
S8674,2026-04-26,09:18 PM,Sarojini,Mess,09:14 PM,10:06 PM,0,0,0,0,433.81,106,37.83,Dinner,0,0
S8675,2026-04-28,12:34 PM,Rajendra,Classroom,0,0,0,0,12:17 PM,02:05 PM,207.37,186,11.76,None,1,0
S8676,2026-04-19,02:52 PM,Yamuna,Mess,02:44 PM,03:10 PM,0,0,0,0,646.35,130,46.54,Lunch,1,0
S8677,2026-04-06,05:30 AM,Rajendra,Hostel,0,0,0,0,0,0,352.74,135,39.37,None,0,0
S8678,2026-04-18,08:57 PM,Ganga,Library,0,0,08:51 PM,09:57 PM,08:26 PM,10:11 PM,806.63,128,25.52,None,0,0
S8679,2026-04-04,10:26 PM,Sarojini,Library,0,0,10:07 PM,11:55 PM,09:58 PM,11:59 PM,707.45,198,29.55,None,0,0
S8680,2026-04-14,09:09 PM,Sarojini,Mess,08:48 PM,09:32 PM,0,0,0,0,526.52,158,42.57,Dinner,0,0
S8681,2026-04-26,09:53 AM,Yamuna,Library,0,0,09:45 AM,12:43 PM,09:39 AM,01:14 PM,617.06,157,20.77,None,0,0
S8682,2026-04-17,01:41 AM,Rajendra,Hostel,0,0,0,0,0,0,170.25,145,33.32,None,0,0
S8683,2026-04-10,01:45 PM,Azad,Mess,01:23 PM,01:50 PM,0,0,0,0,579.27,67,31.96,Lunch,0,0
S8684,2026-04-05,12:51 AM,Azad,Outside,0,0,0,0,0,02:19 AM,279.72,142,8.16,None,0,0
S8685,2026-04-29,08:07 PM,Sarojini,Library,0,0,07:43 PM,09:55 PM,07:32 PM,10:46 PM,629.41,117,22.87,None,0,0
S8686,2026-04-26,09:41 AM,Azad,Mess,09:24 AM,10:08 AM,0,0,0,0,564.44,95,36.69,Breakfast,0,0
S8687,2026-04-05,09:20 AM,Ganga,Mess,09:19 AM,09:50 AM,0,0,0,0,492.46,166,45.68,Breakfast,0,0
S8688,2026-04-29,02:52 PM,Ganga,Library,0,0,02:51 PM,05:33 PM,02:45 PM,06:29 PM,945.87,119,23.56,None,1,0
S8689,2026-04-11,06:22 AM,Azad,Outside,0,0,0,0,05:48 AM,07:30 AM,234.94,70,4.02,None,0,0
S8690,2026-04-15,10:34 AM,Yamuna,Outside,0,0,0,0,08:57 AM,12:50 PM,279.42,142,14.1,None,0,0
S8691,2026-04-19,03:46 PM,Rajendra,Library,0,0,02:57 PM,04:28 PM,02:27 PM,04:58 PM,847.9,17,7.36,None,1,0
S8692,2026-04-18,11:17 PM,Sarojini,Library,0,0,10:55 PM,11:59 PM,10:47 PM,11:59 PM,516.11,128,21.05,None,0,0
S8693,2026-04-19,02:39 PM,Yamuna,Classroom,0,0,0,0,02:16 PM,04:03 PM,352.13,159,10.79,None,1,0
S8694,2026-04-15,08:55 AM,Azad,Mess,08:51 AM,09:38 AM,0,0,0,0,426.7,181,41.68,Breakfast,0,0
S8695,2026-04-20,09:26 AM,Rajendra,Mess,09:13 AM,09:46 AM,0,0,0,0,232.85,106,44.69,Breakfast,0,0
S8696,2026-04-17,10:34 AM,Azad,Library,0,0,10:33 AM,11:55 AM,10:18 AM,12:46 PM,887.84,76,19.05,None,1,1
S8697,2026-04-20,10:21 PM,Ganga,Library,0,0,10:05 PM,11:59 PM,09:59 PM,11:59 PM,832.47,15,5.93,None,0,0
S8698,2026-04-16,04:02 PM,Ganga,Library,0,0,03:18 PM,05:06 PM,03:11 PM,06:05 PM,667.62,121,26.22,None,0,0
S8699,2026-04-12,08:11 AM,Azad,Mess,07:51 AM,08:17 AM,0,0,0,0,277.23,39,25.79,Breakfast,0,0
S8700,2026-04-10,08:17 PM,Ganga,Library,0,0,07:40 PM,08:17 PM,07:21 PM,08:58 PM,575.18,25,15.03,None,0,0
S8701,2026-04-24,02:55 PM,Ganga,Mess,02:41 PM,03:21 PM,0,0,0,0,442.91,31,30.42,Lunch,0,0
S8702,2026-04-03,10:44 AM,Rajendra,Library,0,0,09:27 AM,11:04 AM,09:09 AM,11:48 AM,540.13,140,32.17,None,0,0
S8703,2026-04-23,11:55 AM,Ganga,Library,0,0,11:54 AM,01:05 PM,11:42 AM,01:52 PM,819.12,101,21.15,None,0,0
S8704,2026-04-20,07:27 AM,Ganga,Mess,07:09 AM,08:09 AM,0,0,0,0,595.5,84,31.39,Breakfast,0,0
S8705,2026-04-22,12:34 PM,Sarojini,Library,0,0,12:16 PM,12:54 PM,11:46 AM,01:13 PM,683.93,137,17.17,None,0,0
S8706,2026-04-28,11:32 PM,Sarojini,Hostel,0,0,0,0,0,0,1374.55,170,26.55,None,0,0
S8707,2026-04-04,12:25 PM,Ganga,Library,0,0,12:24 PM,12:59 PM,12:16 PM,01:25 PM,1054.21,50,12.86,None,0,0
S8708,2026-04-28,01:20 PM,Rajendra,Library,0,0,11:25 AM,01:36 PM,11:19 AM,02:34 PM,833.42,24,11.15,None,1,0
S8709,2026-04-24,12:29 PM,Rajendra,Library,0,0,12:11 PM,01:27 PM,12:05 PM,02:12 PM,677.81,105,21.71,None,1,0
S8710,2026-04-08,10:07 PM,Azad,Library,0,0,09:23 PM,11:40 PM,08:55 PM,11:57 PM,631.06,170,21.51,None,0,0
S8711,2026-04-12,03:42 PM,Yamuna,Library,0,0,02:59 PM,04:56 PM,02:50 PM,05:22 PM,620.4,95,25.03,None,1,0
S8712,2026-04-05,02:03 PM,Sarojini,Mess,01:48 PM,02:18 PM,0,0,0,0,515.0,116,43.42,Lunch,0,0
S8713,2026-04-11,11:06 PM,Azad,Library,0,0,10:32 PM,11:59 PM,10:10 PM,11:59 PM,946.32,197,18.2,None,0,0
S8714,2026-04-20,11:04 AM,Sarojini,Library,0,0,09:59 AM,12:07 PM,09:53 AM,12:38 PM,552.63,39,9.76,None,0,0
S8715,2026-04-12,09:44 AM,Ganga,Library,0,0,09:30 AM,11:26 AM,09:19 AM,11:36 AM,776.19,71,15.54,None,1,1
S8716,2026-04-17,10:04 PM,Rajendra,Mess,09:51 PM,10:36 PM,0,0,0,0,531.08,124,35.7,Dinner,0,0
S8717,2026-04-10,12:17 PM,Yamuna,Mess,12:00 PM,12:50 PM,0,0,0,0,521.81,132,39.02,Lunch,0,0
S8718,2026-04-01,04:46 AM,Azad,Outside,0,0,0,0,02:52 AM,07:37 AM,249.2,115,15.99,None,0,0
S8719,2026-04-02,12:20 PM,Yamuna,Outside,0,0,0,0,11:03 AM,01:29 PM,256.55,124,13.26,None,1,0
S8720,2026-04-22,08:48 PM,Azad,Mess,08:33 PM,08:55 PM,0,0,0,0,578.19,189,44.39,Dinner,0,0
S8721,2026-04-18,10:31 PM,Azad,Outside,0,0,0,0,09:41 PM,11:59 PM,129.07,150,14.07,None,0,0
S8722,2026-05-01,03:31 PM,Sarojini,Library,0,0,02:23 PM,03:39 PM,01:58 PM,03:50 PM,903.93,26,15.9,None,0,0
S8723,2026-04-17,04:38 PM,Sarojini,Library,0,0,03:52 PM,05:19 PM,03:47 PM,06:07 PM,632.68,130,16.77,None,0,0
S8724,2026-04-15,09:05 PM,Rajendra,Hostel,0,0,0,0,0,0,1270.9,42,15.62,None,0,0
S8725,2026-05-01,12:24 PM,Rajendra,Mess,12:02 PM,12:32 PM,0,0,0,0,496.34,16,34.03,Lunch,1,0
S8726,2026-04-19,12:50 AM,Azad,Hostel,0,0,0,0,0,0,227.26,143,21.8,None,0,0
S8727,2026-04-19,02:24 PM,Yamuna,Mess,02:04 PM,02:58 PM,0,0,0,0,507.3,15,33.73,Lunch,0,0
S8728,2026-04-09,07:26 AM,Yamuna,Mess,07:07 AM,07:39 AM,0,0,0,0,340.58,23,25.89,Breakfast,0,0
S8729,2026-04-19,06:10 PM,Yamuna,Outside,0,0,0,0,05:30 PM,07:53 PM,147.01,134,19.72,None,0,0
S8730,2026-04-19,12:10 PM,Rajendra,Library,0,0,11:30 AM,01:44 PM,11:03 AM,02:24 PM,768.47,94,24.51,None,0,0
S8731,2026-04-06,01:52 PM,Ganga,Hostel,0,0,0,0,0,0,361.26,165,28.8,None,0,0
S8732,2026-04-29,03:27 PM,Yamuna,Library,0,0,01:58 PM,03:49 PM,01:31 PM,04:13 PM,832.4,40,11.19,None,0,0
S8733,2026-04-28,05:38 AM,Rajendra,Hostel,0,0,0,0,0,0,310.16,90,29.84,None,0,0
S8734,2026-04-01,04:48 AM,Azad,Outside,0,0,0,0,04:00 AM,07:27 AM,191.31,20,1.15,None,0,0
S8735,2026-04-02,04:59 PM,Sarojini,Library,0,0,03:17 PM,06:08 PM,03:05 PM,06:41 PM,750.96,88,14.29,None,0,0
S8736,2026-04-04,09:47 AM,Ganga,Outside,0,0,0,0,07:53 AM,12:03 PM,126.4,140,11.04,None,1,1
S8737,2026-04-10,05:56 PM,Yamuna,Library,0,0,05:31 PM,06:41 PM,05:19 PM,07:07 PM,822.77,68,14.91,None,0,0
S8738,2026-04-05,03:22 PM,Rajendra,Library,0,0,03:14 PM,05:21 PM,02:46 PM,05:56 PM,425.57,187,40.45,None,1,0
S8739,2026-04-08,12:46 PM,Rajendra,Mess,12:31 PM,01:08 PM,0,0,0,0,535.61,177,39.52,Lunch,0,0
S8740,2026-04-20,09:25 PM,Ganga,Mess,08:51 PM,09:49 PM,0,0,0,0,577.93,66,36.73,Dinner,0,0
S8741,2026-04-22,09:49 PM,Azad,Library,0,0,09:21 PM,11:39 PM,09:16 PM,11:55 PM,744.55,79,24.17,None,0,0
S8742,2026-04-08,01:16 PM,Sarojini,Mess,01:16 PM,01:57 PM,0,0,0,0,490.33,90,41.58,Lunch,1,0
S8743,2026-04-08,11:00 PM,Ganga,Library,0,0,09:28 PM,11:47 PM,09:19 PM,11:59 PM,722.35,72,19.74,None,0,0
S8744,2026-04-02,07:56 PM,Rajendra,Library,0,0,07:51 PM,10:17 PM,07:40 PM,10:38 PM,628.19,51,19.82,None,0,0
S8745,2026-04-11,09:52 AM,Rajendra,Mess,09:31 AM,10:21 AM,0,0,0,0,388.86,170,29.97,Breakfast,1,1
S8746,2026-04-19,03:55 AM,Azad,Hostel,0,0,0,0,0,0,218.83,27,26.97,None,0,0
S8747,2026-04-06,02:37 PM,Azad,Library,0,0,02:19 PM,02:59 PM,01:51 PM,03:16 PM,681.87,177,31.12,None,1,0
S8748,2026-04-20,05:36 AM,Yamuna,Outside,0,0,0,0,04:47 AM,07:54 AM,107.76,168,21.98,None,0,0
S8749,2026-04-13,01:13 PM,Ganga,Mess,12:57 PM,01:23 PM,0,0,0,0,371.32,131,47.03,Lunch,1,0
S8750,2026-04-12,10:52 PM,Azad,Library,0,0,10:31 PM,11:59 PM,10:05 PM,11:59 PM,784.04,159,23.63,None,0,0
S8751,2026-04-22,12:46 PM,Rajendra,Hostel,0,0,0,0,0,0,362.28,82,20.44,None,1,0
S8752,2026-04-21,05:02 PM,Azad,Outside,0,0,0,0,03:49 PM,06:10 PM,227.66,59,5.25,None,0,0
S8753,2026-04-10,08:04 PM,Yamuna,Outside,0,0,0,0,07:03 PM,09:41 PM,289.46,172,21.11,None,0,0
S8754,2026-04-24,01:40 PM,Ganga,Library,0,0,01:12 PM,02:04 PM,01:00 PM,02:43 PM,539.2,96,24.25,None,1,0
S8755,2026-04-25,11:20 PM,Ganga,Library,0,0,10:52 PM,11:45 PM,10:36 PM,11:59 PM,735.93,21,9.57,None,0,0
S8756,2026-04-09,09:41 AM,Rajendra,Mess,09:24 AM,10:03 AM,0,0,0,0,629.38,97,34.81,Breakfast,1,1
S8757,2026-04-20,07:33 PM,Sarojini,Library,0,0,07:09 PM,10:04 PM,07:01 PM,10:41 PM,537.71,144,26.26,None,0,0
S8758,2026-04-24,08:06 PM,Yamuna,Mess,07:45 PM,08:27 PM,0,0,0,0,329.88,26,39.01,Dinner,0,0
S8759,2026-04-12,02:01 AM,Rajendra,Hostel,0,0,0,0,0,0,353.32,42,18.05,None,0,0
S8760,2026-04-18,07:31 PM,Yamuna,Mess,07:11 PM,07:55 PM,0,0,0,0,566.24,50,32.85,Dinner,0,0
S8761,2026-04-11,12:56 PM,Ganga,Outside,0,0,0,0,11:42 AM,02:19 PM,234.4,170,20.79,None,0,0
S8762,2026-04-23,09:24 AM,Azad,Mess,08:59 AM,09:40 AM,0,0,0,0,613.94,184,45.66,Breakfast,0,0
S8763,2026-04-16,09:18 PM,Rajendra,Mess,08:29 PM,09:20 PM,0,0,0,0,369.62,13,28.58,Dinner,0,0
S8764,2026-04-06,07:33 PM,Azad,Mess,07:28 PM,08:26 PM,0,0,0,0,305.06,132,46.28,Dinner,0,0
S8765,2026-04-25,09:43 PM,Sarojini,Outside,0,0,0,0,08:17 PM,11:59 PM,319.1,132,19.06,None,0,0
S8766,2026-04-14,07:27 PM,Sarojini,Mess,07:16 PM,07:37 PM,0,0,0,0,277.86,67,33.3,Dinner,0,0
S8767,2026-04-27,09:27 PM,Azad,Library,0,0,08:46 PM,10:47 PM,08:32 PM,11:42 PM,791.53,14,15.54,None,0,0
S8768,2026-04-22,01:31 PM,Rajendra,Mess,01:15 PM,01:39 PM,0,0,0,0,501.36,58,24.97,Lunch,0,0
S8769,2026-04-21,09:47 AM,Yamuna,Mess,08:50 AM,09:48 AM,0,0,0,0,381.83,28,37.37,Breakfast,1,1
S8770,2026-04-11,03:36 PM,Ganga,Classroom,0,0,0,0,03:25 PM,04:16 PM,225.67,56,7.49,None,1,0
S8771,2026-04-25,06:24 PM,Rajendra,Library,0,0,06:19 PM,07:13 PM,06:04 PM,07:43 PM,785.92,97,17.02,None,0,0
S8772,2026-04-10,09:19 PM,Ganga,Library,0,0,08:09 PM,09:26 PM,07:42 PM,09:52 PM,611.6,72,20.78,None,0,0
S8773,2026-04-20,02:32 PM,Ganga,Hostel,0,0,0,0,0,0,260.48,34,22.63,None,0,0
S8774,2026-04-10,11:27 AM,Rajendra,Library,0,0,10:41 AM,12:44 PM,10:27 AM,01:21 PM,842.45,181,18.98,None,0,0
S8775,2026-04-20,11:56 AM,Rajendra,Library,0,0,11:32 AM,12:43 PM,11:07 AM,01:04 PM,567.12,34,13.52,None,1,0
S8776,2026-04-15,08:00 PM,Sarojini,Library,0,0,06:40 PM,08:29 PM,06:11 PM,08:40 PM,650.21,61,14.66,None,0,0
S8777,2026-04-07,02:22 PM,Ganga,Library,0,0,01:56 PM,03:05 PM,01:45 PM,03:50 PM,480.79,158,23.94,None,1,0
S8778,2026-04-07,09:24 PM,Yamuna,Hostel,0,0,0,0,0,0,1169.01,131,21.1,None,0,0
S8779,2026-05-01,06:12 PM,Ganga,Library,0,0,04:50 PM,06:32 PM,04:39 PM,07:20 PM,514.07,161,22.42,None,0,0
S8780,2026-04-03,05:30 PM,Rajendra,Library,0,0,04:22 PM,06:45 PM,04:08 PM,07:27 PM,684.88,20,13.77,None,0,0
S8781,2026-04-21,03:15 PM,Yamuna,Mess,02:57 PM,03:18 PM,0,0,0,0,637.89,55,42.88,Lunch,1,0
S8782,2026-04-21,12:36 PM,Ganga,Library,0,0,12:29 PM,02:36 PM,12:15 PM,02:59 PM,914.79,73,20.13,None,0,0
S8783,2026-04-29,09:44 PM,Rajendra,Mess,09:22 PM,09:46 PM,0,0,0,0,396.24,13,39.37,Dinner,0,0
S8784,2026-04-06,07:06 PM,Azad,Library,0,0,06:06 PM,07:21 PM,05:39 PM,08:01 PM,1032.98,11,7.87,None,0,0
S8785,2026-04-25,04:35 PM,Yamuna,Library,0,0,03:22 PM,04:37 PM,03:14 PM,04:50 PM,937.32,129,26.3,None,0,0
S8786,2026-04-09,02:35 PM,Rajendra,Mess,02:34 PM,03:08 PM,0,0,0,0,414.96,196,46.48,Lunch,1,0
S8787,2026-04-19,02:36 PM,Azad,Mess,01:58 PM,02:57 PM,0,0,0,0,557.63,22,31.25,Lunch,1,0
S8788,2026-04-03,07:30 AM,Rajendra,Outside,0,0,0,0,06:06 AM,08:36 AM,115.29,152,8.88,None,0,0
S8789,2026-04-23,01:10 PM,Yamuna,Mess,12:59 PM,01:45 PM,0,0,0,0,473.71,67,43.96,Lunch,1,0
S8790,2026-04-17,04:47 PM,Rajendra,Library,0,0,03:03 PM,05:31 PM,02:50 PM,06:31 PM,810.67,118,24.21,None,1,1
S8791,2026-04-24,06:53 PM,Rajendra,Library,0,0,05:10 PM,07:58 PM,04:50 PM,08:44 PM,732.44,122,24.4,None,0,0
S8792,2026-04-11,02:16 PM,Yamuna,Hostel,0,0,0,0,0,0,305.61,49,18.84,None,1,0
S8793,2026-04-24,01:16 PM,Azad,Mess,12:51 PM,01:22 PM,0,0,0,0,604.85,189,37.79,Lunch,1,0
S8794,2026-04-15,01:50 PM,Sarojini,Mess,01:41 PM,02:08 PM,0,0,0,0,435.61,121,43.31,Lunch,0,0
S8795,2026-04-06,07:20 AM,Ganga,Mess,07:11 AM,07:52 AM,0,0,0,0,522.89,130,45.24,Breakfast,0,0
S8796,2026-04-14,11:40 AM,Ganga,Classroom,0,0,0,0,11:06 AM,12:28 PM,102.32,62,4.81,None,1,0
S8797,2026-04-14,06:47 AM,Sarojini,Outside,0,0,0,0,05:39 AM,08:04 AM,343.85,57,4.91,None,0,0
S8798,2026-04-25,09:28 PM,Rajendra,Library,0,0,08:20 PM,09:46 PM,07:55 PM,10:10 PM,733.4,156,23.15,None,0,0
S8799,2026-04-19,04:06 AM,Ganga,Hostel,0,0,0,0,0,0,184.99,107,34.77,None,0,0
S8800,2026-04-09,12:59 PM,Ganga,Mess,12:16 PM,01:05 PM,0,0,0,0,482.74,21,29.68,Lunch,1,0
S8801,2026-04-06,08:07 AM,Yamuna,Classroom,0,0,0,0,07:57 AM,09:21 AM,192.84,50,3.85,None,1,1
S8802,2026-04-06,01:56 AM,Sarojini,Outside,0,0,0,0,12:54 AM,03:00 AM,128.18,29,3.83,None,0,0
S8803,2026-04-23,05:04 PM,Ganga,Library,0,0,03:50 PM,05:59 PM,03:36 PM,06:20 PM,838.28,165,28.34,None,0,0
S8804,2026-04-18,11:09 PM,Ganga,Library,0,0,09:21 PM,11:52 PM,09:10 PM,11:59 PM,872.27,161,28.89,None,0,0
S8805,2026-04-08,12:59 PM,Rajendra,Mess,12:41 PM,01:02 PM,0,0,0,0,340.71,34,41.86,Lunch,0,0
S8806,2026-04-03,07:55 AM,Rajendra,Mess,07:46 AM,08:06 AM,0,0,0,0,351.13,32,25.75,Breakfast,0,0
S8807,2026-04-14,09:56 AM,Ganga,Classroom,0,0,0,0,09:43 AM,11:21 AM,180.47,122,10.19,None,1,1
S8808,2026-04-06,07:01 PM,Azad,Library,0,0,05:34 PM,07:18 PM,05:28 PM,08:04 PM,857.74,58,21.56,None,0,0
S8809,2026-04-08,03:03 PM,Rajendra,Mess,02:33 PM,03:21 PM,0,0,0,0,341.4,34,38.12,Lunch,1,0
S8810,2026-04-08,08:51 AM,Rajendra,Classroom,0,0,0,0,08:37 AM,10:42 AM,344.05,11,1.01,None,1,1
S8811,2026-04-03,03:53 PM,Sarojini,Outside,0,0,0,0,02:36 PM,05:44 PM,339.71,64,6.95,None,0,0
S8812,2026-04-16,07:11 AM,Ganga,Mess,07:02 AM,07:50 AM,0,0,0,0,307.16,170,35.11,Breakfast,0,0
S8813,2026-04-10,08:57 PM,Azad,Outside,0,0,0,0,08:14 PM,11:31 PM,136.37,37,2.11,None,0,0
S8814,2026-04-14,02:56 PM,Rajendra,Library,0,0,12:49 PM,03:41 PM,12:44 PM,03:58 PM,1013.69,30,15.66,None,0,0
S8815,2026-05-01,07:08 PM,Sarojini,Library,0,0,06:55 PM,08:04 PM,06:31 PM,08:17 PM,962.01,104,19.67,None,0,0
S8816,2026-04-17,07:37 PM,Ganga,Library,0,0,07:23 PM,09:46 PM,07:01 PM,09:57 PM,607.64,200,32.51,None,0,0
S8817,2026-04-27,03:41 PM,Sarojini,Outside,0,0,0,0,01:41 PM,04:42 PM,320.19,62,5.08,None,0,0
S8818,2026-04-03,10:14 AM,Rajendra,Mess,09:32 AM,10:17 AM,0,0,0,0,465.56,20,30.35,Breakfast,1,1
S8819,2026-04-27,10:43 PM,Yamuna,Library,0,0,08:55 PM,11:15 PM,08:34 PM,11:59 PM,697.79,190,22.38,None,0,0
S8820,2026-04-08,09:00 PM,Sarojini,Hostel,0,0,0,0,0,0,782.93,60,22.33,None,0,0
S8821,2026-04-15,01:12 PM,Yamuna,Classroom,0,0,0,0,12:39 PM,02:36 PM,270.99,123,11.71,None,1,0
S8822,2026-04-10,08:19 PM,Sarojini,Mess,08:13 PM,08:38 PM,0,0,0,0,333.53,22,28.97,Dinner,0,0
S8823,2026-04-03,05:57 AM,Ganga,Outside,0,0,0,0,04:09 AM,07:19 AM,385.32,164,24.1,None,0,0
S8824,2026-04-04,02:27 PM,Yamuna,Mess,02:16 PM,02:57 PM,0,0,0,0,295.49,141,49.61,Lunch,1,0
S8825,2026-04-03,06:00 PM,Yamuna,Library,0,0,05:18 PM,06:54 PM,04:58 PM,07:44 PM,847.97,57,17.4,None,0,0
S8826,2026-04-27,04:33 AM,Yamuna,Hostel,0,0,0,0,0,0,281.14,162,32.33,None,0,0
S8827,2026-04-28,12:45 PM,Yamuna,Mess,12:04 PM,12:57 PM,0,0,0,0,304.16,99,37.81,Lunch,1,0
S8828,2026-04-23,03:05 PM,Azad,Mess,02:53 PM,03:25 PM,0,0,0,0,217.32,161,49.82,Lunch,0,0
S8829,2026-04-04,09:33 PM,Sarojini,Mess,09:30 PM,10:09 PM,0,0,0,0,500.57,164,41.38,Dinner,0,0
S8830,2026-04-18,02:05 PM,Sarojini,Mess,01:23 PM,02:05 PM,0,0,0,0,487.44,166,62.48,Lunch,0,0
S8831,2026-04-15,06:39 PM,Yamuna,Library,0,0,05:34 PM,08:06 PM,05:12 PM,09:06 PM,1043.9,173,26.65,None,0,0
S8832,2026-04-09,03:09 PM,Ganga,Mess,02:48 PM,03:09 PM,0,0,0,0,625.3,192,41.34,Lunch,0,0
S8833,2026-04-22,11:54 PM,Yamuna,Hostel,0,0,0,0,0,0,1376.38,60,20.19,None,0,0
S8834,2026-05-01,06:33 PM,Ganga,Library,0,0,05:48 PM,07:22 PM,05:32 PM,07:50 PM,733.28,103,15.25,None,0,0
S8835,2026-04-12,12:19 PM,Azad,Library,0,0,09:52 AM,12:38 PM,09:23 AM,01:03 PM,675.43,35,12.58,None,1,0
S8836,2026-04-20,03:39 AM,Azad,Outside,0,0,0,0,02:51 AM,06:13 AM,213.55,71,5.68,None,0,0
S8837,2026-04-07,08:28 PM,Yamuna,Mess,08:21 PM,08:53 PM,0,0,0,0,403.36,140,37.39,Dinner,0,0
S8838,2026-04-10,09:13 AM,Sarojini,Mess,08:44 AM,09:38 AM,0,0,0,0,606.07,43,36.13,Breakfast,0,0
S8839,2026-04-16,02:05 PM,Ganga,Hostel,0,0,0,0,0,0,271.7,110,28.5,None,1,0
S8840,2026-04-30,02:52 PM,Rajendra,Library,0,0,01:20 PM,03:44 PM,12:58 PM,04:42 PM,903.88,179,23.6,None,1,0
S8841,2026-04-05,03:37 PM,Ganga,Outside,0,0,0,0,02:35 PM,06:26 PM,307.25,169,15.66,None,1,0
S8842,2026-04-17,09:59 AM,Sarojini,Library,0,0,09:15 AM,10:13 AM,08:58 AM,10:38 AM,436.69,142,26.1,None,1,1
S8843,2026-04-23,10:10 AM,Sarojini,Mess,09:42 AM,10:21 AM,0,0,0,0,368.75,176,38.95,Breakfast,1,1
S8844,2026-04-28,11:47 AM,Yamuna,Outside,0,0,0,0,10:09 AM,01:51 PM,171.25,154,8.16,None,0,0
S8845,2026-04-19,12:08 PM,Azad,Library,0,0,11:43 AM,12:27 PM,11:21 AM,01:06 PM,678.51,28,10.02,None,1,0
S8846,2026-04-05,12:00 PM,Azad,Hostel,0,0,0,0,0,0,342.16,161,45.26,None,0,0
S8847,2026-04-19,04:20 PM,Sarojini,Outside,0,0,0,0,03:41 PM,05:29 PM,173.22,179,10.07,None,1,1
S8848,2026-04-12,06:11 PM,Azad,Library,0,0,05:50 PM,08:17 PM,05:34 PM,08:54 PM,621.03,91,17.72,None,0,0
S8849,2026-04-12,07:56 PM,Azad,Mess,07:56 PM,08:51 PM,0,0,0,0,484.66,136,43.78,Dinner,0,0
S8850,2026-04-19,10:59 AM,Ganga,Hostel,0,0,0,0,0,0,156.43,152,28.17,None,0,0
S8851,2026-04-07,01:39 PM,Yamuna,Library,0,0,01:29 PM,04:00 PM,01:20 PM,04:55 PM,729.46,167,33.47,None,0,0
S8852,2026-04-05,07:46 PM,Sarojini,Mess,07:10 PM,07:47 PM,0,0,0,0,587.56,34,32.08,Dinner,0,0
S8853,2026-04-09,08:55 AM,Yamuna,Mess,08:32 AM,09:21 AM,0,0,0,0,546.17,74,39.68,Breakfast,0,0
S8854,2026-04-10,04:36 AM,Sarojini,Hostel,0,0,0,0,0,0,157.72,115,36.19,None,0,0
S8855,2026-04-30,08:36 AM,Ganga,Outside,0,0,0,0,07:27 AM,11:34 AM,371.47,39,2.63,None,0,0
S8856,2026-04-27,05:56 PM,Azad,Library,0,0,05:03 PM,07:40 PM,04:45 PM,08:26 PM,721.3,29,12.19,None,0,0
S8857,2026-04-01,10:39 PM,Sarojini,Hostel,0,0,0,0,0,0,1372.84,29,23.04,None,0,0
S8858,2026-04-05,08:35 PM,Sarojini,Mess,08:04 PM,08:35 PM,0,0,0,0,573.08,32,39.95,Dinner,0,0
S8859,2026-04-13,04:20 PM,Sarojini,Hostel,0,0,0,0,0,0,148.6,24,17.94,None,1,1
S8860,2026-04-11,04:53 AM,Rajendra,Outside,0,0,0,0,02:54 AM,07:33 AM,146.22,113,12.92,None,0,0
S8861,2026-04-07,06:23 AM,Azad,Outside,0,0,0,0,04:45 AM,08:00 AM,251.31,170,23.59,None,0,0
S8862,2026-04-22,12:06 PM,Yamuna,Mess,12:00 PM,12:24 PM,0,0,0,0,457.54,74,29.22,Lunch,1,0
S8863,2026-04-25,03:22 AM,Ganga,Hostel,0,0,0,0,0,0,148.39,165,27.45,None,0,0
S8864,2026-04-12,06:12 PM,Sarojini,Classroom,0,0,0,0,05:44 PM,07:47 PM,257.9,36,3.11,None,1,1
S8865,2026-04-08,03:41 PM,Yamuna,Mess,02:54 PM,03:52 PM,0,0,0,0,238.75,195,39.61,Lunch,0,0
S8866,2026-04-09,12:34 AM,Rajendra,Hostel,0,0,0,0,0,0,259.02,53,29.84,None,0,0
S8867,2026-04-05,01:43 PM,Yamuna,Mess,01:28 PM,02:03 PM,0,0,0,0,349.7,131,43.05,Lunch,1,0
S8868,2026-04-02,04:25 PM,Sarojini,Hostel,0,0,0,0,0,0,372.53,174,48.02,None,1,1
S8869,2026-04-25,07:30 PM,Sarojini,Library,0,0,07:09 PM,07:47 PM,06:42 PM,07:58 PM,996.48,64,16.59,None,0,0
S8870,2026-04-08,11:30 PM,Sarojini,Outside,0,0,0,0,10:21 PM,11:59 PM,334.23,174,12.48,None,0,0
S8871,2026-04-06,03:38 PM,Sarojini,Library,0,0,03:08 PM,05:16 PM,02:52 PM,05:31 PM,874.79,175,32.53,None,1,0
S8872,2026-04-11,02:48 PM,Yamuna,Library,0,0,01:49 PM,03:44 PM,01:26 PM,04:26 PM,683.02,19,14.59,None,1,0
S8873,2026-04-12,08:00 AM,Rajendra,Mess,07:32 AM,08:25 AM,0,0,0,0,306.25,171,42.46,Breakfast,0,0
S8874,2026-05-01,09:46 PM,Azad,Mess,09:18 PM,09:56 PM,0,0,0,0,446.71,72,47.89,Dinner,0,0
S8875,2026-04-30,02:46 PM,Azad,Mess,02:22 PM,03:15 PM,0,0,0,0,425.59,124,41.82,Lunch,0,0
S8876,2026-04-04,10:43 PM,Azad,Outside,0,0,0,0,08:53 PM,11:49 PM,235.47,92,11.19,None,0,0
S8877,2026-04-05,01:23 PM,Ganga,Hostel,0,0,0,0,0,0,250.53,83,24.5,None,1,0
S8878,2026-04-22,05:58 AM,Ganga,Outside,0,0,0,0,04:08 AM,07:24 AM,204.2,146,10.47,None,0,0
S8879,2026-04-30,09:23 AM,Rajendra,Mess,09:04 AM,09:52 AM,0,0,0,0,372.05,11,26.24,Breakfast,0,0
S8880,2026-04-04,03:25 PM,Rajendra,Library,0,0,03:18 PM,04:05 PM,03:11 PM,04:41 PM,779.84,58,21.84,None,1,0
S8881,2026-04-15,09:40 PM,Rajendra,Outside,0,0,0,0,08:43 PM,10:56 PM,254.23,199,14.2,None,0,0
S8882,2026-04-05,02:38 PM,Yamuna,Mess,02:08 PM,03:04 PM,0,0,0,0,506.74,65,41.72,Lunch,1,0
S8883,2026-04-30,01:09 PM,Ganga,Mess,12:43 PM,01:09 PM,0,0,0,0,416.95,149,43.9,Lunch,0,0
S8884,2026-04-18,02:51 PM,Yamuna,Library,0,0,02:30 PM,03:05 PM,02:01 PM,03:48 PM,952.68,13,13.09,None,0,0
S8885,2026-04-04,01:48 PM,Azad,Library,0,0,12:24 PM,03:24 PM,12:19 PM,04:08 PM,673.6,89,22.22,None,1,0
S8886,2026-04-07,12:44 PM,Yamuna,Library,0,0,10:41 AM,01:26 PM,10:28 AM,02:15 PM,621.91,118,16.11,None,0,0
S8887,2026-04-01,09:26 PM,Yamuna,Mess,09:10 PM,09:59 PM,0,0,0,0,466.18,154,40.65,Dinner,0,0
S8888,2026-04-15,07:24 PM,Rajendra,Library,0,0,04:30 PM,07:29 PM,04:02 PM,08:16 PM,789.36,193,26.42,None,0,0
S8889,2026-04-07,11:21 AM,Sarojini,Library,0,0,10:42 AM,11:45 AM,10:12 AM,12:04 PM,731.54,42,16.64,None,0,0
S8890,2026-04-09,08:18 PM,Ganga,Library,0,0,06:27 PM,08:31 PM,06:12 PM,08:45 PM,749.41,55,19.07,None,0,0
S8891,2026-04-24,03:39 PM,Rajendra,Outside,0,0,0,0,01:50 PM,05:43 PM,143.97,94,12.94,None,0,0
S8892,2026-04-18,10:54 PM,Sarojini,Library,0,0,10:13 PM,11:10 PM,10:03 PM,11:55 PM,846.97,17,14.27,None,0,0
S8893,2026-04-10,09:07 AM,Yamuna,Mess,08:50 AM,09:30 AM,0,0,0,0,479.91,199,43.88,Breakfast,0,0
S8894,2026-04-12,07:00 PM,Yamuna,Library,0,0,06:34 PM,08:09 PM,06:07 PM,08:40 PM,431.37,19,14.48,None,0,0
S8895,2026-04-16,01:40 PM,Sarojini,Mess,01:18 PM,01:54 PM,0,0,0,0,456.28,198,67.05,Lunch,1,0
S8896,2026-04-29,07:34 PM,Azad,Library,0,0,06:22 PM,07:59 PM,06:06 PM,08:38 PM,830.42,58,16.45,None,0,0
S8897,2026-04-11,06:09 AM,Yamuna,Outside,0,0,0,0,05:08 AM,09:03 AM,262.3,123,10.57,None,0,0
S8898,2026-04-26,12:38 PM,Rajendra,Classroom,0,0,0,0,12:27 PM,01:23 PM,242.19,157,11.86,None,1,0
S8899,2026-04-19,03:41 AM,Rajendra,Outside,0,0,0,0,02:44 AM,06:28 AM,239.83,23,2.93,None,0,0
S8900,2026-05-01,07:04 PM,Ganga,Outside,0,0,0,0,06:08 PM,08:09 PM,238.76,61,7.72,None,0,0
S8901,2026-04-07,07:59 PM,Yamuna,Library,0,0,07:03 PM,08:56 PM,06:55 PM,09:38 PM,749.95,133,30.79,None,0,0
S8902,2026-04-20,01:41 PM,Sarojini,Mess,01:09 PM,01:59 PM,0,0,0,0,554.02,122,35.11,Lunch,1,0
S8903,2026-04-23,02:46 AM,Ganga,Hostel,0,0,0,0,0,0,385.82,125,40.21,None,0,0
S8904,2026-04-14,12:50 PM,Sarojini,Mess,12:38 PM,01:15 PM,0,0,0,0,508.05,17,38.59,Lunch,1,0
S8905,2026-04-06,01:19 PM,Azad,Library,0,0,12:17 PM,02:15 PM,11:59 AM,03:01 PM,1013.52,35,7.42,None,0,0
S8906,2026-04-14,03:48 PM,Sarojini,Outside,0,0,0,0,02:31 PM,06:43 PM,336.81,122,12.23,None,0,0
S8907,2026-04-22,10:32 AM,Rajendra,Library,0,0,10:26 AM,12:23 PM,10:17 AM,01:19 PM,689.43,189,23.24,None,1,1
S8908,2026-04-27,04:06 PM,Yamuna,Library,0,0,03:01 PM,05:46 PM,02:38 PM,06:25 PM,774.61,112,14.54,None,0,0
S8909,2026-04-04,01:00 PM,Rajendra,Library,0,0,11:42 AM,01:46 PM,11:31 AM,02:04 PM,1041.25,176,22.84,None,1,0
S8910,2026-04-15,11:33 AM,Yamuna,Library,0,0,11:28 AM,02:02 PM,11:20 AM,02:37 PM,708.76,68,13.77,None,1,0
S8911,2026-04-11,04:35 PM,Yamuna,Library,0,0,02:36 PM,05:17 PM,02:22 PM,05:59 PM,606.72,189,20.84,None,0,0
S8912,2026-04-03,12:38 PM,Azad,Library,0,0,11:58 AM,12:56 PM,11:38 AM,01:17 PM,708.41,57,17.97,None,1,0
S8913,2026-04-07,10:22 PM,Sarojini,Library,0,0,09:53 PM,10:39 PM,09:25 PM,11:32 PM,659.96,94,22.23,None,0,0
S8914,2026-04-28,06:53 PM,Ganga,Library,0,0,06:38 PM,08:25 PM,06:14 PM,08:48 PM,624.1,188,23.92,None,0,0
S8915,2026-04-17,01:09 PM,Sarojini,Library,0,0,12:40 PM,02:21 PM,12:22 PM,03:12 PM,697.48,179,31.94,None,0,0
S8916,2026-04-25,03:34 PM,Yamuna,Library,0,0,03:13 PM,04:08 PM,02:47 PM,05:05 PM,841.91,13,13.93,None,0,0
S8917,2026-04-20,06:58 AM,Ganga,Hostel,0,0,0,0,0,0,265.0,144,32.94,None,0,0
S8918,2026-04-26,09:26 PM,Azad,Mess,09:24 PM,09:58 PM,0,0,0,0,337.95,150,40.43,Dinner,0,0
S8919,2026-04-13,08:59 AM,Ganga,Mess,08:33 AM,09:02 AM,0,0,0,0,494.13,131,49.8,Breakfast,0,0
S8920,2026-05-01,03:55 PM,Yamuna,Library,0,0,02:28 PM,05:09 PM,02:10 PM,06:03 PM,800.88,73,20.28,None,0,0
S8921,2026-04-19,09:37 PM,Yamuna,Mess,09:24 PM,10:01 PM,0,0,0,0,527.76,139,30.38,Dinner,0,0
S8922,2026-04-19,09:34 PM,Yamuna,Mess,09:16 PM,09:54 PM,0,0,0,0,475.07,44,41.73,Dinner,0,0
S8923,2026-04-19,06:37 PM,Sarojini,Library,0,0,05:56 PM,08:51 PM,05:26 PM,09:44 PM,931.77,168,14.96,None,0,0
S8924,2026-04-29,12:23 PM,Yamuna,Outside,0,0,0,0,10:25 AM,01:55 PM,120.47,153,16.32,None,0,0
S8925,2026-04-27,01:14 PM,Yamuna,Mess,12:45 PM,01:18 PM,0,0,0,0,303.34,151,45.07,Lunch,0,0
S8926,2026-04-13,07:31 PM,Azad,Library,0,0,07:28 PM,08:50 PM,07:18 PM,09:47 PM,993.23,51,16.69,None,0,0
S8927,2026-04-25,02:22 PM,Ganga,Hostel,0,0,0,0,0,0,268.02,119,20.35,None,0,0
S8928,2026-04-25,03:12 PM,Ganga,Library,0,0,02:15 PM,04:05 PM,01:52 PM,04:51 PM,680.01,109,21.56,None,1,0
S8929,2026-04-30,03:02 PM,Ganga,Mess,02:32 PM,03:30 PM,0,0,0,0,455.32,193,60.49,Lunch,0,0
S8930,2026-04-11,09:01 AM,Yamuna,Classroom,0,0,0,0,08:42 AM,10:17 AM,259.22,29,1.77,None,1,1
S8931,2026-04-26,09:41 PM,Azad,Library,0,0,08:46 PM,10:16 PM,08:26 PM,11:00 PM,618.3,122,27.06,None,0,0
S8932,2026-04-11,08:23 AM,Yamuna,Mess,08:04 AM,08:50 AM,0,0,0,0,322.36,147,50.48,Breakfast,0,0
S8933,2026-04-11,07:09 AM,Sarojini,Outside,0,0,0,0,05:43 AM,08:37 AM,129.02,31,4.19,None,0,0
S8934,2026-04-18,10:25 PM,Yamuna,Outside,0,0,0,0,08:51 PM,11:59 PM,286.98,117,6.86,None,0,0
S8935,2026-04-05,05:59 PM,Yamuna,Hostel,0,0,0,0,0,0,386.68,168,27.51,None,0,0
S8936,2026-04-25,09:37 AM,Yamuna,Mess,09:05 AM,09:57 AM,0,0,0,0,377.75,191,43.43,Breakfast,1,1
S8937,2026-04-10,09:45 AM,Azad,Mess,09:24 AM,09:50 AM,0,0,0,0,502.08,36,41.96,Breakfast,1,1
S8938,2026-04-10,06:55 AM,Ganga,Hostel,0,0,0,0,0,0,167.32,139,33.02,None,0,0
S8939,2026-05-01,12:29 PM,Yamuna,Library,0,0,12:02 PM,12:45 PM,11:50 AM,01:14 PM,660.14,149,17.62,None,1,0
S8940,2026-04-30,09:25 AM,Sarojini,Library,0,0,09:15 AM,10:13 AM,08:49 AM,10:49 AM,555.75,58,12.1,None,0,0
S8941,2026-04-20,04:59 PM,Ganga,Library,0,0,04:58 PM,07:11 PM,04:44 PM,07:50 PM,923.76,20,7.48,None,1,1
S8942,2026-05-01,10:35 AM,Rajendra,Library,0,0,10:10 AM,11:06 AM,09:45 AM,11:50 AM,911.42,19,6.43,None,0,0
S8943,2026-04-11,06:59 PM,Yamuna,Library,0,0,06:17 PM,08:38 PM,05:55 PM,09:22 PM,562.16,73,12.85,None,0,0
S8944,2026-04-08,08:52 PM,Sarojini,Mess,08:38 PM,09:11 PM,0,0,0,0,597.19,112,50.74,Dinner,0,0
S8945,2026-04-04,09:41 AM,Yamuna,Outside,0,0,0,0,08:59 AM,11:48 AM,251.57,130,9.39,None,0,0
S8946,2026-04-08,11:13 PM,Rajendra,Outside,0,0,0,0,09:41 PM,11:59 PM,168.62,56,4.72,None,0,0
S8947,2026-04-29,02:29 PM,Sarojini,Library,0,0,01:43 PM,02:29 PM,01:26 PM,02:52 PM,972.41,85,20.12,None,0,0
S8948,2026-04-18,09:52 AM,Ganga,Library,0,0,09:33 AM,10:45 AM,09:03 AM,11:07 AM,673.36,119,19.48,None,1,1
S8949,2026-04-13,02:24 PM,Azad,Mess,02:13 PM,02:34 PM,0,0,0,0,448.01,163,33.26,Lunch,1,0
S8950,2026-04-26,09:28 AM,Azad,Classroom,0,0,0,0,09:17 AM,11:02 AM,302.92,136,13.46,None,1,1
S8951,2026-04-30,08:44 PM,Ganga,Library,0,0,08:42 PM,09:16 PM,08:18 PM,10:15 PM,815.88,145,27.8,None,0,0
S8952,2026-04-08,11:29 AM,Rajendra,Library,0,0,11:13 AM,12:53 PM,10:55 AM,01:12 PM,542.5,60,15.23,None,1,0
S8953,2026-04-19,04:29 AM,Ganga,Hostel,0,0,0,0,0,0,170.92,178,31.24,None,0,0
S8954,2026-04-29,01:26 PM,Yamuna,Outside,0,0,0,0,12:06 PM,02:29 PM,301.83,85,9.24,None,0,0
S8955,2026-04-18,07:40 PM,Azad,Mess,07:34 PM,08:14 PM,0,0,0,0,633.11,174,43.52,Dinner,0,0
S8956,2026-04-29,03:49 PM,Sarojini,Hostel,0,0,0,0,0,0,367.72,70,21.49,None,1,0
S8957,2026-04-16,10:00 PM,Sarojini,Mess,09:55 PM,10:31 PM,0,0,0,0,368.98,129,47.65,Dinner,0,0
S8958,2026-04-12,04:56 PM,Sarojini,Library,0,0,04:16 PM,05:47 PM,04:06 PM,06:03 PM,627.55,149,28.78,None,0,0
S8959,2026-04-26,02:49 PM,Azad,Mess,02:44 PM,03:09 PM,0,0,0,0,505.49,172,41.31,Lunch,1,0
S8960,2026-04-17,12:21 PM,Yamuna,Library,0,0,11:29 AM,01:59 PM,11:11 AM,02:22 PM,862.84,86,17.54,None,1,0
S8961,2026-04-28,06:19 AM,Rajendra,Outside,0,0,0,0,04:55 AM,07:57 AM,336.14,57,6.29,None,0,0
S8962,2026-04-11,02:19 PM,Sarojini,Mess,01:45 PM,02:21 PM,0,0,0,0,383.95,127,44.8,Lunch,0,0
S8963,2026-04-15,10:54 AM,Yamuna,Library,0,0,10:44 AM,12:05 PM,10:28 AM,12:30 PM,584.25,154,30.9,None,1,1
S8964,2026-04-16,08:52 AM,Ganga,Mess,08:29 AM,09:10 AM,0,0,0,0,586.61,135,39.52,Breakfast,0,0
S8965,2026-04-18,02:09 PM,Rajendra,Library,0,0,01:50 PM,02:50 PM,01:27 PM,03:46 PM,641.38,161,29.33,None,0,0
S8966,2026-04-02,04:48 PM,Yamuna,Library,0,0,03:56 PM,06:15 PM,03:48 PM,06:40 PM,475.84,71,23.62,None,0,0
S8967,2026-04-06,07:31 AM,Sarojini,Hostel,0,0,0,0,0,0,127.83,176,30.83,None,0,0
S8968,2026-04-02,08:35 AM,Yamuna,Mess,08:09 AM,08:35 AM,0,0,0,0,461.92,102,40.74,Breakfast,0,0
S8969,2026-04-19,04:53 AM,Ganga,Hostel,0,0,0,0,0,0,112.23,82,36.66,None,0,0
S8970,2026-04-04,01:49 PM,Ganga,Mess,01:46 PM,02:18 PM,0,0,0,0,648.07,83,36.52,Lunch,1,0
S8971,2026-04-11,06:27 PM,Ganga,Library,0,0,05:49 PM,07:32 PM,05:37 PM,07:59 PM,583.59,80,20.07,None,0,0
S8972,2026-04-17,03:03 PM,Azad,Classroom,0,0,0,0,02:42 PM,04:20 PM,310.47,146,20.92,None,1,0
S8973,2026-04-02,09:13 PM,Sarojini,Hostel,0,0,0,0,0,0,1445.98,98,29.4,None,0,0
S8974,2026-04-20,07:44 PM,Rajendra,Mess,07:21 PM,08:03 PM,0,0,0,0,464.73,29,32.6,Dinner,0,0
S8975,2026-04-02,04:07 PM,Azad,Hostel,0,0,0,0,0,0,247.46,111,25.38,None,1,1
S8976,2026-04-30,12:33 PM,Yamuna,Mess,12:21 PM,12:51 PM,0,0,0,0,296.14,16,27.4,Lunch,0,0
S8977,2026-04-11,01:39 PM,Rajendra,Mess,01:04 PM,02:01 PM,0,0,0,0,474.1,40,37.52,Lunch,1,0
S8978,2026-04-18,12:36 PM,Sarojini,Mess,12:29 PM,01:02 PM,0,0,0,0,482.0,51,36.07,Lunch,0,0
S8979,2026-04-24,09:08 PM,Yamuna,Library,0,0,07:08 PM,10:04 PM,06:56 PM,10:58 PM,864.75,99,21.06,None,0,0
S8980,2026-04-18,01:47 PM,Sarojini,Library,0,0,01:32 PM,02:18 PM,01:14 PM,02:59 PM,651.7,132,32.34,None,0,0
S8981,2026-04-04,06:21 PM,Yamuna,Hostel,0,0,0,0,0,0,394.07,51,25.19,None,0,0
S8982,2026-05-01,08:15 PM,Sarojini,Mess,07:58 PM,08:27 PM,0,0,0,0,480.9,146,45.94,Dinner,0,0
S8983,2026-04-14,11:01 PM,Yamuna,Outside,0,0,0,0,09:18 PM,11:59 PM,211.23,119,11.92,None,0,0
S8984,2026-04-30,04:06 AM,Azad,Outside,0,0,0,0,02:53 AM,06:34 AM,224.5,63,6.23,None,0,0
S8985,2026-04-29,02:09 PM,Ganga,Classroom,0,0,0,0,01:36 PM,03:19 PM,331.54,142,9.48,None,1,0
S8986,2026-04-01,06:11 AM,Azad,Hostel,0,0,0,0,0,0,194.51,100,24.78,None,0,0
S8987,2026-04-12,02:18 AM,Sarojini,Outside,0,0,0,0,01:42 AM,04:03 AM,212.32,98,6.38,None,0,0
S8988,2026-04-16,02:37 PM,Ganga,Mess,02:31 PM,03:03 PM,0,0,0,0,405.0,105,35.69,Lunch,0,0
S8989,2026-04-16,02:37 PM,Ganga,Mess,01:55 PM,02:38 PM,0,0,0,0,322.82,59,30.94,Lunch,1,0
S8990,2026-04-04,09:42 AM,Yamuna,Library,0,0,09:20 AM,12:19 PM,08:55 AM,12:51 PM,766.62,103,11.78,None,0,0
S8991,2026-04-03,06:18 AM,Sarojini,Outside,0,0,0,0,04:27 AM,08:57 AM,308.51,12,0.89,None,0,0
S8992,2026-04-13,08:18 AM,Sarojini,Mess,08:09 AM,08:39 AM,0,0,0,0,634.2,135,39.7,Breakfast,0,0
S8993,2026-04-15,08:19 AM,Ganga,Mess,08:19 AM,08:45 AM,0,0,0,0,493.28,164,37.04,Breakfast,0,0
S8994,2026-04-29,09:53 AM,Sarojini,Mess,09:48 AM,10:15 AM,0,0,0,0,424.27,80,43.44,Breakfast,0,0
S8995,2026-04-02,09:10 AM,Ganga,Classroom,0,0,0,0,08:45 AM,10:02 AM,166.68,125,8.19,None,1,1
S8996,2026-04-20,07:12 PM,Sarojini,Library,0,0,05:23 PM,07:43 PM,05:00 PM,07:54 PM,894.56,72,16.16,None,0,0
S8997,2026-04-08,11:49 PM,Ganga,Library,0,0,10:56 PM,11:59 PM,10:38 PM,11:59 PM,765.09,172,23.2,None,0,0
S8998,2026-04-14,08:44 AM,Azad,Mess,08:31 AM,09:31 AM,0,0,0,0,230.66,74,42.3,Breakfast,0,0
S8999,2026-04-18,04:57 AM,Rajendra,Outside,0,0,0,0,03:44 AM,07:14 AM,392.88,115,16.41,None,0,0
S9000,2026-04-06,10:00 PM,Azad,Mess,09:32 PM,10:16 PM,0,0,0,0,411.91,20,32.85,Dinner,0,0
S9001,2026-04-24,12:00 AM,Yamuna,Outside,0,0,0,0,0,01:26 AM,295.57,141,12.87,None,0,0
S9002,2026-05-01,01:43 PM,Rajendra,Mess,01:09 PM,01:44 PM,0,0,0,0,639.39,168,39.96,Lunch,1,0
S9003,2026-04-22,06:14 PM,Rajendra,Library,0,0,04:18 PM,06:46 PM,04:12 PM,07:17 PM,940.55,116,26.43,None,0,0
S9004,2026-04-06,02:02 PM,Yamuna,Library,0,0,01:28 PM,03:44 PM,01:00 PM,04:19 PM,871.86,144,27.84,None,0,0
S9005,2026-04-06,03:17 PM,Yamuna,Hostel,0,0,0,0,0,0,123.35,176,44.82,None,1,0
S9006,2026-04-25,06:53 AM,Rajendra,Hostel,0,0,0,0,0,0,212.62,64,30.76,None,0,0
S9007,2026-04-03,09:04 AM,Rajendra,Hostel,0,0,0,0,0,0,243.22,139,30.99,None,1,1
S9008,2026-04-26,07:36 AM,Rajendra,Mess,07:16 AM,07:47 AM,0,0,0,0,518.16,18,30.21,Breakfast,0,0
S9009,2026-04-11,12:09 AM,Ganga,Outside,0,0,0,0,0,02:37 AM,100.74,64,8.58,None,0,0
S9010,2026-04-22,08:58 AM,Rajendra,Mess,08:32 AM,09:21 AM,0,0,0,0,296.14,130,50.42,Breakfast,0,0
S9011,2026-04-04,07:10 PM,Azad,Outside,0,0,0,0,05:39 PM,08:27 PM,216.49,90,9.38,None,0,0
S9012,2026-04-13,03:21 AM,Sarojini,Outside,0,0,0,0,01:39 AM,05:40 AM,326.18,157,9.85,None,0,0
S9013,2026-04-20,08:39 PM,Rajendra,Mess,08:29 PM,08:59 PM,0,0,0,0,587.36,136,58.33,Dinner,0,0
S9014,2026-04-25,11:06 AM,Rajendra,Classroom,0,0,0,0,10:38 AM,11:55 AM,207.01,199,28.74,None,1,0
S9015,2026-04-12,07:37 PM,Ganga,Mess,07:13 PM,07:37 PM,0,0,0,0,412.97,194,46.92,Dinner,0,0
S9016,2026-04-28,08:24 PM,Sarojini,Mess,07:29 PM,08:28 PM,0,0,0,0,624.97,66,40.99,Dinner,0,0
S9017,2026-04-11,11:04 PM,Yamuna,Library,0,0,09:45 PM,11:04 PM,09:23 PM,11:28 PM,670.87,87,21.82,None,0,0
S9018,2026-04-26,08:49 PM,Rajendra,Library,0,0,08:20 PM,10:26 PM,08:10 PM,11:07 PM,678.8,21,8.81,None,0,0
S9019,2026-04-02,08:13 PM,Azad,Outside,0,0,0,0,06:54 PM,11:11 PM,265.19,160,11.11,None,0,0
S9020,2026-04-14,11:20 PM,Ganga,Library,0,0,10:59 PM,11:59 PM,10:51 PM,11:59 PM,811.61,119,19.87,None,0,0
S9021,2026-04-21,04:35 AM,Ganga,Outside,0,0,0,0,02:41 AM,06:40 AM,237.6,99,10.86,None,0,0
S9022,2026-04-10,09:26 PM,Azad,Library,0,0,08:57 PM,09:46 PM,08:30 PM,10:19 PM,802.79,128,21.35,None,0,0
S9023,2026-04-15,07:54 AM,Ganga,Outside,0,0,0,0,06:19 AM,10:54 AM,188.83,119,13.29,None,0,0
S9024,2026-04-22,09:55 PM,Ganga,Library,0,0,08:37 PM,10:27 PM,08:25 PM,10:53 PM,731.97,174,26.6,None,0,0
S9025,2026-04-25,08:30 PM,Yamuna,Library,0,0,06:47 PM,09:12 PM,06:20 PM,09:54 PM,732.68,36,16.54,None,0,0
S9026,2026-04-21,09:42 PM,Yamuna,Mess,09:18 PM,09:43 PM,0,0,0,0,510.71,124,50.98,Dinner,0,0
S9027,2026-04-20,07:22 PM,Ganga,Hostel,0,0,0,0,0,0,257.91,177,23.09,None,0,0
S9028,2026-04-27,09:55 AM,Rajendra,Mess,09:18 AM,10:05 AM,0,0,0,0,533.44,64,39.71,Breakfast,1,1
S9029,2026-04-04,09:23 PM,Azad,Mess,09:22 PM,09:51 PM,0,0,0,0,470.15,173,63.76,Dinner,0,0
S9030,2026-04-04,04:25 PM,Yamuna,Library,0,0,03:35 PM,05:28 PM,03:06 PM,06:15 PM,876.43,91,20.09,None,1,1
S9031,2026-04-24,03:11 AM,Sarojini,Hostel,0,0,0,0,0,0,298.19,12,14.02,None,0,0
S9032,2026-04-01,11:38 PM,Rajendra,Library,0,0,09:46 PM,11:59 PM,09:26 PM,11:59 PM,599.46,145,28.22,None,0,0
S9033,2026-04-13,07:12 AM,Rajendra,Mess,07:05 AM,07:38 AM,0,0,0,0,441.52,135,30.65,Breakfast,0,0
S9034,2026-04-22,02:34 PM,Azad,Mess,01:45 PM,02:44 PM,0,0,0,0,608.49,184,50.37,Lunch,0,0
S9035,2026-04-19,01:31 PM,Sarojini,Mess,01:05 PM,01:37 PM,0,0,0,0,228.34,122,36.87,Lunch,0,0
S9036,2026-04-06,08:32 AM,Ganga,Mess,08:04 AM,08:56 AM,0,0,0,0,308.02,21,39.77,Breakfast,0,0
S9037,2026-04-14,06:37 AM,Rajendra,Hostel,0,0,0,0,0,0,246.65,164,41.75,None,0,0
S9038,2026-04-21,07:41 AM,Yamuna,Outside,0,0,0,0,06:10 AM,10:11 AM,365.07,66,5.95,None,0,0
S9039,2026-04-11,07:25 PM,Ganga,Outside,0,0,0,0,06:21 PM,09:50 PM,160.07,11,0.76,None,0,0
S9040,2026-04-13,08:25 PM,Yamuna,Mess,07:43 PM,08:26 PM,0,0,0,0,574.79,143,50.22,Dinner,0,0
S9041,2026-04-27,11:51 PM,Ganga,Hostel,0,0,0,0,0,0,1436.39,32,19.73,None,0,0
S9042,2026-04-24,02:41 PM,Yamuna,Mess,02:22 PM,02:47 PM,0,0,0,0,493.09,121,48.24,Lunch,1,0
S9043,2026-04-29,09:11 PM,Sarojini,Mess,08:45 PM,09:28 PM,0,0,0,0,574.52,22,38.89,Dinner,0,0
S9044,2026-04-20,01:16 PM,Yamuna,Mess,01:01 PM,01:31 PM,0,0,0,0,436.76,110,51.35,Lunch,0,0
S9045,2026-04-04,11:13 AM,Sarojini,Library,0,0,10:50 AM,11:36 AM,10:39 AM,11:56 AM,618.73,44,19.27,None,0,0
S9046,2026-04-04,11:30 AM,Ganga,Classroom,0,0,0,0,11:09 AM,12:43 PM,225.57,154,14.49,None,1,0
S9047,2026-04-30,06:21 PM,Rajendra,Hostel,0,0,0,0,0,0,385.56,105,26.35,None,0,0
S9048,2026-04-25,08:03 AM,Azad,Mess,07:34 AM,08:23 AM,0,0,0,0,322.69,77,39.45,Breakfast,0,0
S9049,2026-04-08,09:55 AM,Yamuna,Outside,0,0,0,0,09:12 AM,12:43 PM,215.19,136,15.63,None,1,1
S9050,2026-04-21,01:16 PM,Rajendra,Library,0,0,12:26 PM,01:23 PM,11:56 AM,01:54 PM,985.71,10,15.18,None,1,0
S9051,2026-04-16,10:58 PM,Rajendra,Outside,0,0,0,0,09:52 PM,11:59 PM,202.86,105,14.62,None,0,0
S9052,2026-04-09,11:25 AM,Sarojini,Library,0,0,11:15 AM,12:10 PM,11:00 AM,12:38 PM,469.49,90,20.07,None,0,0
S9053,2026-04-15,02:50 PM,Ganga,Library,0,0,02:29 PM,03:09 PM,02:19 PM,03:25 PM,688.46,70,21.59,None,0,0
S9054,2026-04-14,09:32 AM,Yamuna,Library,0,0,09:31 AM,10:16 AM,09:10 AM,11:04 AM,834.04,70,11.63,None,0,0
S9055,2026-04-18,05:00 PM,Azad,Library,0,0,03:54 PM,06:25 PM,03:44 PM,07:03 PM,880.64,84,21.03,None,0,0
S9056,2026-04-20,02:52 PM,Sarojini,Hostel,0,0,0,0,0,0,154.28,19,20.25,None,0,0
S9057,2026-04-18,04:54 AM,Yamuna,Outside,0,0,0,0,03:38 AM,07:41 AM,337.23,56,8.37,None,0,0
S9058,2026-04-30,09:37 PM,Rajendra,Mess,09:12 PM,09:47 PM,0,0,0,0,272.92,189,59.53,Dinner,0,0
S9059,2026-04-11,04:25 PM,Ganga,Library,0,0,02:29 PM,04:39 PM,01:59 PM,04:51 PM,794.08,187,39.26,None,1,1
S9060,2026-04-25,02:21 PM,Azad,Library,0,0,01:53 PM,02:42 PM,01:28 PM,03:13 PM,474.43,142,25.76,None,0,0
S9061,2026-04-27,10:19 AM,Ganga,Mess,09:44 AM,10:40 AM,0,0,0,0,569.71,56,36.33,Breakfast,1,1
S9062,2026-04-06,01:35 PM,Rajendra,Library,0,0,12:43 PM,02:09 PM,12:35 PM,03:07 PM,908.24,34,13.29,None,1,0
S9063,2026-04-24,02:12 PM,Yamuna,Mess,01:52 PM,02:23 PM,0,0,0,0,345.75,176,57.43,Lunch,1,0
S9064,2026-04-16,08:46 AM,Ganga,Mess,08:34 AM,09:01 AM,0,0,0,0,585.72,142,38.37,Breakfast,0,0
S9065,2026-04-15,02:38 PM,Azad,Library,0,0,02:24 PM,04:15 PM,02:01 PM,04:42 PM,762.69,130,27.51,None,0,0
S9066,2026-04-16,12:46 PM,Rajendra,Outside,0,0,0,0,12:02 PM,02:48 PM,118.68,79,8.01,None,1,0
S9067,2026-04-10,05:20 PM,Sarojini,Classroom,0,0,0,0,04:43 PM,07:04 PM,100.17,197,24.04,None,1,1
S9068,2026-04-03,09:58 PM,Sarojini,Hostel,0,0,0,0,0,0,1091.07,17,12.8,None,0,0
S9069,2026-04-27,03:18 PM,Yamuna,Library,0,0,02:36 PM,04:06 PM,02:19 PM,04:45 PM,741.85,12,7.79,None,1,0
S9070,2026-04-11,05:12 PM,Azad,Hostel,0,0,0,0,0,0,193.04,99,31.8,None,0,0
S9071,2026-04-27,09:48 PM,Ganga,Mess,09:43 PM,10:35 PM,0,0,0,0,404.69,157,36.73,Dinner,0,0
S9072,2026-04-15,08:10 AM,Rajendra,Mess,07:46 AM,08:17 AM,0,0,0,0,592.41,85,46.68,Breakfast,0,0
S9073,2026-04-27,03:09 PM,Yamuna,Library,0,0,02:00 PM,03:19 PM,01:37 PM,03:30 PM,552.07,20,7.91,None,1,0
S9074,2026-04-29,03:19 PM,Azad,Library,0,0,02:30 PM,04:26 PM,02:08 PM,04:45 PM,821.58,103,24.14,None,0,0
S9075,2026-04-04,08:31 AM,Rajendra,Mess,08:25 AM,09:08 AM,0,0,0,0,591.69,13,26.04,Breakfast,0,0
S9076,2026-04-30,07:02 PM,Rajendra,Library,0,0,06:45 PM,09:00 PM,06:24 PM,09:55 PM,679.82,195,28.65,None,0,0
S9077,2026-04-11,05:56 PM,Azad,Outside,0,0,0,0,04:54 PM,07:34 PM,221.02,113,8.59,None,0,0
S9078,2026-04-15,04:15 PM,Sarojini,Library,0,0,04:00 PM,06:51 PM,03:31 PM,07:15 PM,741.26,62,18.77,None,1,1
S9079,2026-04-13,12:53 PM,Rajendra,Mess,12:43 PM,01:14 PM,0,0,0,0,533.63,196,62.93,Lunch,0,0
S9080,2026-04-12,08:01 PM,Azad,Library,0,0,07:54 PM,09:29 PM,07:26 PM,10:29 PM,857.68,100,21.42,None,0,0
S9081,2026-04-12,01:39 PM,Yamuna,Mess,01:29 PM,01:49 PM,0,0,0,0,246.61,173,54.36,Lunch,1,0
S9082,2026-04-10,11:11 PM,Yamuna,Library,0,0,10:15 PM,11:53 PM,10:01 PM,11:59 PM,607.25,12,10.62,None,0,0
S9083,2026-04-20,03:06 PM,Ganga,Mess,02:40 PM,03:34 PM,0,0,0,0,504.96,106,48.31,Lunch,0,0
S9084,2026-04-26,02:23 PM,Yamuna,Library,0,0,01:16 PM,03:44 PM,12:57 PM,04:02 PM,1060.48,29,9.34,None,0,0
S9085,2026-04-24,04:41 PM,Sarojini,Library,0,0,03:49 PM,05:21 PM,03:21 PM,06:05 PM,674.45,131,18.45,None,1,1
S9086,2026-04-05,05:35 PM,Rajendra,Classroom,0,0,0,0,05:14 PM,06:47 PM,120.64,46,6.79,None,1,1
S9087,2026-04-28,03:03 AM,Sarojini,Hostel,0,0,0,0,0,0,365.26,172,25.6,None,0,0
S9088,2026-04-16,01:20 PM,Rajendra,Mess,01:03 PM,01:43 PM,0,0,0,0,565.93,94,46.8,Lunch,1,0
S9089,2026-04-14,08:44 AM,Yamuna,Mess,08:26 AM,08:56 AM,0,0,0,0,538.06,198,56.74,Breakfast,0,0
S9090,2026-04-07,03:19 PM,Yamuna,Library,0,0,01:44 PM,04:02 PM,01:27 PM,04:33 PM,845.33,174,24.06,None,0,0
S9091,2026-04-20,08:28 AM,Yamuna,Mess,08:28 AM,09:18 AM,0,0,0,0,288.48,178,38.26,Breakfast,0,0
S9092,2026-04-02,10:20 PM,Rajendra,Outside,0,0,0,0,09:10 PM,11:59 PM,128.45,188,14.96,None,0,0
S9093,2026-05-01,09:27 AM,Sarojini,Mess,08:28 AM,09:27 AM,0,0,0,0,419.83,55,30.92,Breakfast,0,0
S9094,2026-04-05,01:07 PM,Yamuna,Library,0,0,11:36 AM,01:31 PM,11:07 AM,02:01 PM,852.57,76,17.13,None,1,0
S9095,2026-04-05,01:05 PM,Sarojini,Mess,12:53 PM,01:29 PM,0,0,0,0,350.6,180,47.78,Lunch,1,0
S9096,2026-05-01,02:14 AM,Yamuna,Hostel,0,0,0,0,0,0,206.79,190,43.79,None,0,0
S9097,2026-04-12,11:27 PM,Rajendra,Library,0,0,10:11 PM,11:59 PM,09:49 PM,11:59 PM,751.24,165,30.79,None,0,0
S9098,2026-04-24,03:11 PM,Azad,Classroom,0,0,0,0,02:43 PM,05:00 PM,272.31,153,22.27,None,1,0
S9099,2026-04-14,02:40 PM,Azad,Outside,0,0,0,0,12:40 PM,04:02 PM,108.09,125,17.06,None,1,0
S9100,2026-04-14,01:36 PM,Azad,Library,0,0,01:21 PM,02:26 PM,01:01 PM,03:21 PM,612.44,140,26.94,None,0,0
S9101,2026-04-02,09:54 AM,Rajendra,Mess,09:52 AM,10:23 AM,0,0,0,0,377.03,137,47.69,Breakfast,1,1
S9102,2026-04-11,07:57 PM,Yamuna,Mess,07:57 PM,08:50 PM,0,0,0,0,567.15,90,42.6,Dinner,0,0
S9103,2026-04-23,09:18 AM,Azad,Classroom,0,0,0,0,09:04 AM,11:13 AM,107.35,112,13.56,None,1,1
S9104,2026-04-10,12:06 PM,Yamuna,Hostel,0,0,0,0,0,0,279.02,147,36.04,None,1,0
S9105,2026-04-17,12:13 PM,Sarojini,Library,0,0,12:04 PM,12:40 PM,11:57 AM,01:00 PM,842.57,172,22.95,None,1,0
S9106,2026-04-27,09:44 AM,Yamuna,Library,0,0,09:24 AM,12:06 PM,08:57 AM,12:54 PM,793.07,69,18.15,None,0,0
S9107,2026-04-18,08:28 PM,Rajendra,Mess,08:24 PM,09:09 PM,0,0,0,0,522.82,187,48.65,Dinner,0,0
S9108,2026-04-24,09:49 PM,Ganga,Library,0,0,09:09 PM,10:10 PM,08:46 PM,11:07 PM,586.78,122,18.98,None,0,0
S9109,2026-04-30,06:22 AM,Ganga,Hostel,0,0,0,0,0,0,204.19,149,33.38,None,0,0
S9110,2026-04-06,06:40 PM,Azad,Library,0,0,06:37 PM,08:43 PM,06:21 PM,09:02 PM,901.43,183,19.77,None,0,0
S9111,2026-04-15,09:45 AM,Azad,Mess,09:36 AM,09:57 AM,0,0,0,0,495.51,197,61.19,Breakfast,1,1
S9112,2026-04-12,10:19 AM,Ganga,Library,0,0,09:02 AM,11:00 AM,08:44 AM,11:40 AM,742.73,47,16.23,None,0,0
S9113,2026-04-29,02:17 PM,Azad,Mess,02:17 PM,02:40 PM,0,0,0,0,334.57,98,41.35,Lunch,0,0
S9114,2026-04-27,09:09 AM,Yamuna,Classroom,0,0,0,0,08:47 AM,09:47 AM,253.6,145,18.37,None,1,1
S9115,2026-04-03,04:04 PM,Sarojini,Library,0,0,02:36 PM,05:11 PM,02:20 PM,05:54 PM,702.14,162,16.16,None,0,0
S9116,2026-04-29,05:26 AM,Yamuna,Outside,0,0,0,0,04:05 AM,06:52 AM,159.7,200,10.3,None,0,0
S9117,2026-04-10,08:21 PM,Rajendra,Outside,0,0,0,0,06:59 PM,10:13 PM,143.73,30,3.99,None,0,0
S9118,2026-04-19,07:52 AM,Yamuna,Hostel,0,0,0,0,0,0,187.14,60,26.71,None,0,0
S9119,2026-04-22,05:29 PM,Ganga,Hostel,0,0,0,0,0,0,254.99,91,28.16,None,0,0
S9120,2026-04-03,04:37 PM,Azad,Library,0,0,04:20 PM,05:40 PM,04:15 PM,06:20 PM,530.06,16,8.55,None,1,1
S9121,2026-04-26,04:22 PM,Azad,Library,0,0,04:02 PM,06:57 PM,03:36 PM,07:25 PM,616.53,129,22.14,None,0,0
S9122,2026-04-30,03:58 PM,Yamuna,Library,0,0,01:33 PM,04:24 PM,01:14 PM,04:49 PM,546.6,24,11.81,None,0,0
S9123,2026-04-08,04:07 PM,Yamuna,Outside,0,0,0,0,02:15 PM,06:57 PM,119.29,162,12.33,None,0,0
S9124,2026-04-20,10:07 PM,Yamuna,Hostel,0,0,0,0,0,0,1116.0,145,36.96,None,0,0
S9125,2026-04-13,10:48 PM,Sarojini,Library,0,0,09:59 PM,11:59 PM,09:37 PM,11:59 PM,914.5,56,19.97,None,0,0
S9126,2026-04-14,08:15 PM,Yamuna,Mess,07:43 PM,08:26 PM,0,0,0,0,598.29,89,42.74,Dinner,0,0
S9127,2026-04-21,03:28 PM,Rajendra,Library,0,0,03:26 PM,04:24 PM,03:00 PM,05:22 PM,1019.24,124,20.62,None,0,0
S9128,2026-04-08,11:24 PM,Yamuna,Library,0,0,10:56 PM,11:59 PM,10:50 PM,11:59 PM,485.85,64,18.84,None,0,0
S9129,2026-04-01,01:18 PM,Sarojini,Mess,01:13 PM,01:44 PM,0,0,0,0,465.22,35,33.33,Lunch,1,0
S9130,2026-04-21,10:49 AM,Sarojini,Library,0,0,10:45 AM,11:55 AM,10:31 AM,12:31 PM,826.11,127,25.72,None,0,0
S9131,2026-04-17,01:26 PM,Sarojini,Library,0,0,01:12 PM,03:44 PM,12:57 PM,04:25 PM,978.34,150,25.41,None,0,0
S9132,2026-04-20,09:54 PM,Sarojini,Mess,09:50 PM,10:45 PM,0,0,0,0,349.21,155,59.2,Dinner,0,0
S9133,2026-04-14,10:17 AM,Yamuna,Mess,09:55 AM,10:34 AM,0,0,0,0,487.59,55,33.16,Breakfast,1,1
S9134,2026-04-22,11:23 PM,Yamuna,Hostel,0,0,0,0,0,0,848.71,175,32.28,None,0,0
S9135,2026-04-14,10:55 PM,Sarojini,Outside,0,0,0,0,08:55 PM,11:59 PM,317.82,181,22.84,None,0,0
S9136,2026-04-12,09:01 PM,Ganga,Library,0,0,08:43 PM,09:32 PM,08:29 PM,10:15 PM,679.64,178,23.92,None,0,0
S9137,2026-05-01,02:16 PM,Ganga,Library,0,0,01:18 PM,02:21 PM,01:06 PM,03:08 PM,814.69,129,16.73,None,1,0
S9138,2026-04-01,09:06 PM,Azad,Mess,08:59 PM,09:51 PM,0,0,0,0,380.61,17,39.2,Dinner,0,0
S9139,2026-04-30,08:20 AM,Rajendra,Mess,08:03 AM,08:50 AM,0,0,0,0,513.17,106,37.77,Breakfast,0,0
S9140,2026-04-13,05:24 AM,Sarojini,Hostel,0,0,0,0,0,0,267.26,40,26.49,None,0,0
S9141,2026-04-05,01:28 PM,Rajendra,Library,0,0,12:40 PM,02:36 PM,12:18 PM,02:51 PM,972.76,162,28.96,None,0,0
S9142,2026-04-22,12:38 PM,Azad,Mess,12:26 PM,12:50 PM,0,0,0,0,425.66,150,39.78,Lunch,0,0
S9143,2026-04-23,08:55 PM,Rajendra,Mess,08:55 PM,09:36 PM,0,0,0,0,476.18,174,50.28,Dinner,0,0
S9144,2026-04-24,02:25 PM,Ganga,Library,0,0,01:47 PM,04:31 PM,01:42 PM,05:06 PM,625.12,106,14.26,None,1,0
S9145,2026-04-21,12:53 AM,Azad,Outside,0,0,0,0,12:17 AM,03:06 AM,312.65,101,11.96,None,0,0
S9146,2026-04-09,04:43 PM,Azad,Classroom,0,0,0,0,04:14 PM,06:42 PM,241.86,73,10.13,None,1,1
S9147,2026-04-09,09:44 PM,Rajendra,Mess,09:39 PM,10:12 PM,0,0,0,0,440.67,52,33.1,Dinner,0,0
S9148,2026-04-02,08:54 PM,Yamuna,Library,0,0,08:35 PM,11:20 PM,08:20 PM,11:34 PM,928.81,22,16.34,None,0,0
S9149,2026-05-01,11:41 PM,Ganga,Library,0,0,10:26 PM,11:52 PM,10:01 PM,11:59 PM,782.42,27,16.53,None,0,0
S9150,2026-04-27,10:33 AM,Azad,Mess,09:58 AM,10:41 AM,0,0,0,0,408.18,188,61.74,Breakfast,0,0
S9151,2026-04-09,07:42 PM,Yamuna,Library,0,0,05:49 PM,08:00 PM,05:33 PM,08:22 PM,752.76,70,21.49,None,0,0
S9152,2026-04-05,01:28 PM,Rajendra,Mess,12:44 PM,01:29 PM,0,0,0,0,255.49,107,51.7,Lunch,0,0
S9153,2026-04-12,09:13 AM,Azad,Classroom,0,0,0,0,08:55 AM,10:54 AM,154.33,60,6.73,None,1,1
S9154,2026-04-30,02:27 PM,Sarojini,Mess,02:01 PM,02:55 PM,0,0,0,0,389.88,112,46.05,Lunch,1,0
S9155,2026-04-06,09:19 PM,Ganga,Mess,08:34 PM,09:21 PM,0,0,0,0,406.08,68,41.29,Dinner,0,0
S9156,2026-04-07,07:33 AM,Sarojini,Mess,07:28 AM,08:22 AM,0,0,0,0,350.12,194,67.22,Breakfast,0,0
S9157,2026-04-03,08:42 AM,Yamuna,Mess,08:19 AM,09:05 AM,0,0,0,0,486.03,36,38.2,Breakfast,0,0
S9158,2026-04-22,02:01 PM,Azad,Library,0,0,01:15 PM,02:33 PM,12:59 PM,02:57 PM,583.13,20,8.28,None,1,0
S9159,2026-04-10,11:57 AM,Rajendra,Library,0,0,10:56 AM,12:20 PM,10:31 AM,12:48 PM,893.65,14,13.7,None,1,0
S9160,2026-04-30,02:01 PM,Yamuna,Mess,01:27 PM,02:17 PM,0,0,0,0,636.47,144,43.16,Lunch,0,0
S9161,2026-04-13,11:51 AM,Rajendra,Hostel,0,0,0,0,0,0,197.36,138,35.95,None,0,0
S9162,2026-04-24,12:27 PM,Rajendra,Library,0,0,11:39 AM,01:17 PM,11:16 AM,02:08 PM,661.39,95,15.64,None,1,0
S9163,2026-04-30,09:25 AM,Ganga,Mess,08:52 AM,09:29 AM,0,0,0,0,495.42,146,47.4,Breakfast,1,1
S9164,2026-04-07,08:38 AM,Ganga,Mess,08:27 AM,09:01 AM,0,0,0,0,502.57,81,44.02,Breakfast,0,0
S9165,2026-04-20,08:41 PM,Yamuna,Mess,08:40 PM,09:12 PM,0,0,0,0,473.55,39,35.59,Dinner,0,0
S9166,2026-04-30,02:33 PM,Ganga,Mess,02:07 PM,02:45 PM,0,0,0,0,458.08,193,46.16,Lunch,0,0
S9167,2026-04-29,04:45 PM,Yamuna,Library,0,0,04:40 PM,05:24 PM,04:25 PM,06:06 PM,788.62,121,20.74,None,1,1
S9168,2026-04-19,10:33 PM,Ganga,Hostel,0,0,0,0,0,0,837.27,54,18.23,None,0,0
S9169,2026-04-20,12:50 PM,Rajendra,Library,0,0,12:49 PM,02:43 PM,12:25 PM,02:53 PM,894.4,186,24.91,None,1,0
S9170,2026-04-06,10:28 PM,Rajendra,Library,0,0,08:58 PM,10:57 PM,08:35 PM,11:46 PM,793.92,13,11.39,None,0,0
S9171,2026-04-15,11:43 AM,Rajendra,Outside,0,0,0,0,10:18 AM,01:05 PM,207.3,129,11.17,None,1,0
S9172,2026-04-23,02:39 PM,Rajendra,Mess,02:18 PM,02:48 PM,0,0,0,0,514.81,142,54.28,Lunch,0,0
S9173,2026-04-06,10:07 AM,Azad,Mess,09:59 AM,10:40 AM,0,0,0,0,642.35,140,38.59,Breakfast,1,1
S9174,2026-04-18,03:08 PM,Ganga,Library,0,0,02:23 PM,03:32 PM,02:04 PM,04:25 PM,654.21,127,22.05,None,1,0
S9175,2026-04-06,02:21 AM,Yamuna,Hostel,0,0,0,0,0,0,171.96,34,28.12,None,0,0
S9176,2026-04-19,09:45 PM,Azad,Library,0,0,08:57 PM,10:32 PM,08:48 PM,10:53 PM,608.18,10,14.34,None,0,0
S9177,2026-04-04,05:07 PM,Ganga,Library,0,0,04:50 PM,06:13 PM,04:38 PM,07:01 PM,598.37,82,18.85,None,0,0
S9178,2026-04-02,07:40 PM,Azad,Outside,0,0,0,0,06:33 PM,08:55 PM,366.93,116,14.07,None,0,0
S9179,2026-04-07,10:28 AM,Sarojini,Library,0,0,10:22 AM,11:03 AM,10:01 AM,11:13 AM,794.54,101,25.08,None,0,0
S9180,2026-04-28,09:20 PM,Azad,Library,0,0,09:19 PM,10:20 PM,09:05 PM,10:54 PM,933.26,147,25.08,None,0,0
S9181,2026-04-30,02:46 PM,Rajendra,Hostel,0,0,0,0,0,0,150.13,60,25.85,None,0,0
S9182,2026-04-08,12:47 PM,Rajendra,Mess,12:06 PM,12:58 PM,0,0,0,0,594.12,184,46.82,Lunch,1,0
S9183,2026-04-03,09:46 PM,Yamuna,Mess,09:32 PM,10:19 PM,0,0,0,0,563.44,199,50.07,Dinner,0,0
S9184,2026-04-28,04:17 AM,Ganga,Hostel,0,0,0,0,0,0,291.24,124,17.74,None,0,0
S9185,2026-04-08,08:54 PM,Yamuna,Mess,08:03 PM,08:56 PM,0,0,0,0,579.29,109,46.96,Dinner,0,0
S9186,2026-04-27,11:54 AM,Azad,Classroom,0,0,0,0,11:33 AM,12:34 PM,214.52,19,1.18,None,1,0
S9187,2026-04-30,10:20 AM,Azad,Mess,09:41 AM,10:37 AM,0,0,0,0,497.23,149,43.97,Breakfast,0,0
S9188,2026-04-18,11:56 AM,Azad,Hostel,0,0,0,0,0,0,328.86,194,42.67,None,1,0
S9189,2026-04-12,03:11 PM,Sarojini,Library,0,0,12:53 PM,03:51 PM,12:39 PM,04:20 PM,539.46,141,25.8,None,1,0
S9190,2026-04-10,03:58 AM,Azad,Hostel,0,0,0,0,0,0,198.45,47,27.61,None,0,0
S9191,2026-04-07,04:12 PM,Azad,Hostel,0,0,0,0,0,0,184.64,64,26.84,None,0,0
S9192,2026-04-18,08:21 PM,Azad,Mess,07:25 PM,08:24 PM,0,0,0,0,657.57,169,59.85,Dinner,0,0
S9193,2026-04-13,07:53 AM,Rajendra,Hostel,0,0,0,0,0,0,204.92,199,38.27,None,0,0
S9194,2026-04-14,05:13 PM,Azad,Library,0,0,05:00 PM,07:03 PM,04:41 PM,07:16 PM,811.14,71,13.32,None,0,0
S9195,2026-04-07,01:48 AM,Yamuna,Hostel,0,0,0,0,0,0,128.76,161,25.0,None,0,0
S9196,2026-04-09,07:22 PM,Rajendra,Library,0,0,06:16 PM,08:07 PM,06:04 PM,08:52 PM,923.1,105,26.31,None,0,0
S9197,2026-04-12,10:49 PM,Rajendra,Outside,0,0,0,0,10:10 PM,11:59 PM,337.51,175,17.45,None,0,0
S9198,2026-04-14,04:50 PM,Azad,Hostel,0,0,0,0,0,0,185.82,111,29.59,None,0,0
S9199,2026-04-30,12:46 AM,Rajendra,Hostel,0,0,0,0,0,0,327.86,168,47.42,None,0,0
S9200,2026-04-25,03:23 PM,Yamuna,Library,0,0,03:14 PM,04:39 PM,03:08 PM,05:36 PM,1008.31,188,19.72,None,1,0
S9201,2026-04-08,12:32 PM,Sarojini,Mess,12:06 PM,12:58 PM,0,0,0,0,461.36,155,54.21,Lunch,1,0
S9202,2026-04-24,04:11 PM,Yamuna,Library,0,0,03:43 PM,05:15 PM,03:34 PM,06:14 PM,799.39,28,7.42,None,1,1
S9203,2026-04-28,08:53 PM,Yamuna,Hostel,0,0,0,0,0,0,860.07,78,22.84,None,0,0
S9204,2026-04-18,09:12 AM,Rajendra,Classroom,0,0,0,0,08:38 AM,10:04 AM,249.23,73,5.0,None,1,1
S9205,2026-04-05,02:07 PM,Rajendra,Library,0,0,01:35 PM,02:23 PM,01:12 PM,02:40 PM,740.4,152,24.72,None,1,0
S9206,2026-04-08,02:15 PM,Azad,Mess,02:01 PM,02:25 PM,0,0,0,0,336.09,72,43.25,Lunch,0,0
S9207,2026-04-23,10:15 PM,Azad,Library,0,0,08:53 PM,11:24 PM,08:31 PM,11:55 PM,886.01,122,18.51,None,0,0
S9208,2026-04-03,07:34 PM,Sarojini,Mess,07:17 PM,07:40 PM,0,0,0,0,589.26,32,26.59,Dinner,0,0
S9209,2026-04-09,10:28 PM,Yamuna,Library,0,0,10:01 PM,11:26 PM,09:41 PM,11:59 PM,673.04,138,19.23,None,0,0
S9210,2026-04-02,10:12 AM,Rajendra,Mess,09:48 AM,10:31 AM,0,0,0,0,410.64,180,33.72,Breakfast,0,0
S9211,2026-04-15,09:44 PM,Rajendra,Library,0,0,07:57 PM,10:43 PM,07:28 PM,11:39 PM,905.26,197,24.71,None,0,0
S9212,2026-04-11,03:31 PM,Yamuna,Library,0,0,03:24 PM,04:03 PM,03:08 PM,04:43 PM,978.46,33,10.78,None,1,0
S9213,2026-04-22,12:55 PM,Sarojini,Library,0,0,12:25 PM,01:23 PM,12:05 PM,01:34 PM,539.45,85,19.49,None,1,0
S9214,2026-04-08,09:12 PM,Ganga,Library,0,0,08:24 PM,09:24 PM,08:03 PM,10:02 PM,895.25,21,14.18,None,0,0
S9215,2026-04-29,01:14 PM,Rajendra,Library,0,0,12:24 PM,01:40 PM,12:04 PM,02:11 PM,584.17,39,14.12,None,1,0
S9216,2026-04-12,09:37 AM,Yamuna,Library,0,0,09:20 AM,12:03 PM,08:58 AM,12:31 PM,994.78,80,15.37,None,1,1
S9217,2026-04-07,10:33 AM,Sarojini,Library,0,0,10:13 AM,10:56 AM,09:52 AM,11:32 AM,593.76,136,26.01,None,1,1
S9218,2026-04-17,02:50 PM,Yamuna,Library,0,0,01:38 PM,03:18 PM,01:29 PM,03:38 PM,870.76,133,31.98,None,0,0
S9219,2026-04-26,07:30 AM,Sarojini,Mess,07:16 AM,08:12 AM,0,0,0,0,403.99,113,42.37,Breakfast,0,0
S9220,2026-04-30,10:51 PM,Rajendra,Library,0,0,09:48 PM,11:51 PM,09:21 PM,11:59 PM,707.06,26,12.41,None,0,0
S9221,2026-04-11,07:19 AM,Ganga,Mess,07:09 AM,07:31 AM,0,0,0,0,330.36,192,57.67,Breakfast,0,0
S9222,2026-04-30,07:15 PM,Yamuna,Mess,07:14 PM,07:55 PM,0,0,0,0,484.07,193,45.41,Dinner,0,0
S9223,2026-04-27,02:01 PM,Sarojini,Mess,01:39 PM,02:20 PM,0,0,0,0,401.09,146,43.2,Lunch,0,0
S9224,2026-04-05,08:42 AM,Rajendra,Classroom,0,0,0,0,08:23 AM,09:16 AM,163.13,32,2.43,None,1,1
S9225,2026-04-02,06:43 PM,Sarojini,Library,0,0,05:59 PM,08:38 PM,05:54 PM,09:25 PM,721.61,82,14.35,None,0,0
S9226,2026-04-08,09:37 AM,Rajendra,Mess,09:27 AM,10:04 AM,0,0,0,0,296.91,140,55.99,Breakfast,1,1
S9227,2026-04-19,09:37 AM,Sarojini,Library,0,0,09:06 AM,09:58 AM,08:50 AM,10:37 AM,700.35,116,20.63,None,0,0
S9228,2026-04-18,05:55 PM,Sarojini,Hostel,0,0,0,0,0,0,387.62,105,28.68,None,0,0
S9229,2026-04-13,02:34 PM,Rajendra,Mess,02:15 PM,02:49 PM,0,0,0,0,450.79,65,28.35,Lunch,1,0
S9230,2026-04-30,08:00 PM,Ganga,Mess,07:35 PM,08:34 PM,0,0,0,0,442.27,65,26.7,Dinner,0,0
S9231,2026-04-25,07:36 AM,Sarojini,Mess,07:10 AM,07:57 AM,0,0,0,0,547.6,187,46.48,Breakfast,0,0
S9232,2026-04-14,04:27 AM,Rajendra,Outside,0,0,0,0,02:30 AM,06:49 AM,296.03,118,16.28,None,0,0
S9233,2026-04-20,09:14 PM,Sarojini,Mess,08:45 PM,09:27 PM,0,0,0,0,335.43,128,48.7,Dinner,0,0
S9234,2026-04-26,01:15 PM,Sarojini,Mess,01:04 PM,01:40 PM,0,0,0,0,318.44,110,48.89,Lunch,1,0
S9235,2026-04-29,12:16 PM,Yamuna,Library,0,0,11:52 AM,12:23 PM,11:44 AM,12:42 PM,812.89,20,7.22,None,1,0
S9236,2026-04-25,04:37 PM,Yamuna,Library,0,0,04:33 PM,07:27 PM,04:17 PM,07:55 PM,674.16,11,7.56,None,1,1
S9237,2026-04-03,02:16 PM,Azad,Library,0,0,01:54 PM,04:15 PM,01:33 PM,04:28 PM,1000.57,37,11.68,None,0,0
S9238,2026-04-25,12:45 PM,Ganga,Library,0,0,10:57 AM,01:41 PM,10:46 AM,02:00 PM,1022.78,96,23.0,None,0,0
S9239,2026-04-02,07:37 PM,Sarojini,Library,0,0,06:25 PM,07:52 PM,06:11 PM,08:40 PM,739.94,33,9.6,None,0,0
S9240,2026-04-17,10:25 AM,Rajendra,Hostel,0,0,0,0,0,0,332.72,44,16.91,None,0,0
S9241,2026-04-19,09:15 PM,Rajendra,Mess,08:48 PM,09:38 PM,0,0,0,0,442.04,180,59.4,Dinner,0,0
S9242,2026-04-21,12:46 PM,Rajendra,Mess,12:23 PM,01:03 PM,0,0,0,0,599.89,109,31.44,Lunch,1,0
S9243,2026-04-27,01:02 PM,Yamuna,Outside,0,0,0,0,11:21 AM,02:26 PM,102.67,161,11.27,None,0,0
S9244,2026-04-04,04:30 AM,Sarojini,Outside,0,0,0,0,03:17 AM,06:45 AM,269.03,34,3.31,None,0,0
S9245,2026-04-28,07:19 PM,Rajendra,Hostel,0,0,0,0,0,0,250.81,104,28.81,None,0,0
S9246,2026-04-17,08:03 PM,Rajendra,Library,0,0,07:34 PM,08:54 PM,07:28 PM,09:25 PM,778.14,15,11.02,None,0,0
S9247,2026-04-21,11:40 PM,Sarojini,Library,0,0,10:26 PM,11:59 PM,10:12 PM,11:59 PM,948.04,150,23.48,None,0,0
S9248,2026-04-28,12:47 PM,Yamuna,Mess,12:44 PM,01:28 PM,0,0,0,0,586.7,163,55.21,Lunch,0,0
S9249,2026-04-06,09:40 PM,Sarojini,Mess,09:29 PM,09:51 PM,0,0,0,0,465.6,100,31.84,Dinner,0,0
S9250,2026-04-28,04:22 PM,Ganga,Library,0,0,02:55 PM,05:31 PM,02:45 PM,06:05 PM,786.2,182,26.29,None,1,1
S9251,2026-04-04,05:25 PM,Ganga,Library,0,0,05:10 PM,05:47 PM,05:03 PM,06:42 PM,621.25,87,21.01,None,0,0
S9252,2026-05-01,06:47 PM,Yamuna,Library,0,0,04:24 PM,07:08 PM,04:01 PM,07:56 PM,774.09,168,33.37,None,0,0
S9253,2026-04-21,11:21 AM,Ganga,Outside,0,0,0,0,09:47 AM,01:53 PM,183.73,160,21.7,None,0,0
S9254,2026-04-02,09:55 PM,Yamuna,Hostel,0,0,0,0,0,0,937.0,41,24.81,None,0,0
S9255,2026-04-14,10:51 PM,Azad,Library,0,0,10:43 PM,11:59 PM,10:36 PM,11:59 PM,952.66,165,28.26,None,0,0
S9256,2026-04-04,02:42 PM,Sarojini,Library,0,0,12:48 PM,03:42 PM,12:18 PM,04:34 PM,673.45,24,15.32,None,0,0
S9257,2026-04-24,09:23 PM,Azad,Library,0,0,08:47 PM,09:32 PM,08:29 PM,10:02 PM,564.82,104,22.66,None,0,0
S9258,2026-04-24,02:16 PM,Azad,Library,0,0,01:35 PM,04:06 PM,01:27 PM,04:17 PM,527.9,179,21.71,None,0,0
S9259,2026-04-13,12:51 PM,Yamuna,Mess,12:36 PM,01:32 PM,0,0,0,0,250.62,198,36.93,Lunch,0,0
S9260,2026-04-26,10:11 AM,Sarojini,Library,0,0,09:52 AM,10:25 AM,09:27 AM,11:10 AM,644.53,44,17.46,None,0,0
S9261,2026-04-02,06:30 PM,Ganga,Library,0,0,06:12 PM,06:49 PM,05:54 PM,07:47 PM,882.65,168,26.79,None,0,0
S9262,2026-04-03,04:39 PM,Sarojini,Outside,0,0,0,0,03:25 PM,06:36 PM,214.95,90,11.52,None,0,0
S9263,2026-04-25,11:46 PM,Azad,Library,0,0,10:43 PM,11:59 PM,10:20 PM,11:59 PM,811.58,131,22.42,None,0,0
S9264,2026-04-04,11:42 AM,Sarojini,Library,0,0,10:02 AM,12:36 PM,09:39 AM,12:57 PM,751.45,133,25.52,None,1,0
S9265,2026-04-14,10:06 AM,Sarojini,Library,0,0,09:32 AM,12:01 PM,09:07 AM,12:11 PM,683.78,186,37.43,None,1,1
S9266,2026-04-06,08:30 PM,Ganga,Mess,08:17 PM,08:56 PM,0,0,0,0,595.34,51,41.01,Dinner,0,0
S9267,2026-04-21,08:35 PM,Azad,Library,0,0,07:12 PM,08:42 PM,06:45 PM,09:20 PM,688.67,101,16.46,None,0,0
S9268,2026-05-01,08:13 PM,Yamuna,Mess,08:08 PM,08:47 PM,0,0,0,0,570.78,160,57.15,Dinner,0,0
S9269,2026-04-30,12:17 AM,Ganga,Hostel,0,0,0,0,0,0,315.45,176,41.45,None,0,0
S9270,2026-04-21,08:24 PM,Ganga,Mess,07:59 PM,08:46 PM,0,0,0,0,500.13,26,35.3,Dinner,0,0
S9271,2026-04-03,05:41 PM,Ganga,Library,0,0,04:50 PM,06:42 PM,04:43 PM,07:14 PM,839.18,24,10.46,None,0,0
S9272,2026-04-21,04:13 PM,Rajendra,Classroom,0,0,0,0,04:00 PM,05:54 PM,306.78,108,8.0,None,1,1
S9273,2026-04-03,02:50 PM,Ganga,Hostel,0,0,0,0,0,0,172.11,154,34.03,None,1,0
S9274,2026-04-26,05:57 PM,Ganga,Classroom,0,0,0,0,05:32 PM,06:41 PM,308.62,138,11.81,None,1,1
S9275,2026-04-03,02:10 PM,Rajendra,Library,0,0,12:48 PM,02:45 PM,12:43 PM,03:13 PM,748.8,65,15.67,None,0,0
S9276,2026-04-17,11:58 AM,Yamuna,Outside,0,0,0,0,10:29 AM,01:49 PM,184.53,146,9.63,None,1,0
S9277,2026-04-22,11:16 PM,Azad,Outside,0,0,0,0,10:40 PM,11:59 PM,151.2,168,18.85,None,0,0
S9278,2026-04-25,03:23 PM,Ganga,Library,0,0,02:42 PM,04:10 PM,02:30 PM,04:43 PM,814.51,92,24.21,None,1,0
S9279,2026-04-18,04:37 AM,Azad,Hostel,0,0,0,0,0,0,301.76,63,15.51,None,0,0
S9280,2026-04-01,02:27 AM,Rajendra,Outside,0,0,0,0,12:31 AM,05:27 AM,232.72,163,16.21,None,0,0
S9281,2026-04-09,12:00 PM,Sarojini,Library,0,0,11:27 AM,02:24 PM,11:09 AM,02:48 PM,868.94,56,16.58,None,1,0
S9282,2026-04-03,12:58 PM,Rajendra,Mess,12:52 PM,01:33 PM,0,0,0,0,247.08,81,42.81,Lunch,1,0
S9283,2026-04-02,08:11 PM,Yamuna,Outside,0,0,0,0,06:45 PM,09:16 PM,259.76,143,14.84,None,0,0
S9284,2026-04-05,08:02 AM,Azad,Mess,07:48 AM,08:25 AM,0,0,0,0,421.85,157,51.83,Breakfast,0,0
S9285,2026-04-23,02:07 PM,Ganga,Mess,01:14 PM,02:12 PM,0,0,0,0,335.9,15,28.63,Lunch,1,0
S9286,2026-04-20,02:34 PM,Azad,Outside,0,0,0,0,01:44 PM,04:48 PM,284.39,85,12.1,None,1,0
S9287,2026-04-02,07:48 PM,Rajendra,Library,0,0,07:09 PM,09:24 PM,06:41 PM,09:50 PM,739.14,99,15.69,None,0,0
S9288,2026-04-06,09:48 PM,Rajendra,Mess,09:35 PM,10:15 PM,0,0,0,0,477.31,184,45.97,Dinner,0,0
S9289,2026-04-28,06:13 PM,Ganga,Library,0,0,04:45 PM,06:53 PM,04:35 PM,07:04 PM,544.58,23,6.85,None,0,0
S9290,2026-04-05,02:06 PM,Yamuna,Outside,0,0,0,0,12:27 PM,04:25 PM,109.84,74,4.9,None,1,0
S9291,2026-04-27,09:15 AM,Rajendra,Mess,08:49 AM,09:15 AM,0,0,0,0,558.57,80,34.98,Breakfast,1,1
S9292,2026-04-05,02:05 PM,Rajendra,Classroom,0,0,0,0,01:45 PM,03:06 PM,322.27,93,4.89,None,1,0
S9293,2026-04-25,05:52 AM,Sarojini,Hostel,0,0,0,0,0,0,192.29,42,20.33,None,0,0
S9294,2026-04-16,08:42 PM,Ganga,Mess,08:18 PM,09:08 PM,0,0,0,0,438.65,85,34.71,Dinner,0,0
S9295,2026-04-30,02:19 PM,Rajendra,Mess,01:47 PM,02:20 PM,0,0,0,0,477.57,38,32.28,Lunch,1,0
S9296,2026-04-09,04:56 PM,Ganga,Library,0,0,04:33 PM,05:20 PM,04:25 PM,06:04 PM,862.26,92,15.85,None,1,1
S9297,2026-04-11,12:32 PM,Ganga,Mess,12:27 PM,01:23 PM,0,0,0,0,270.14,65,30.83,Lunch,0,0
S9298,2026-04-16,02:21 PM,Rajendra,Mess,02:11 PM,02:43 PM,0,0,0,0,408.3,27,31.87,Lunch,1,0
S9299,2026-04-24,12:49 PM,Azad,Library,0,0,11:57 AM,01:04 PM,11:47 AM,01:31 PM,854.18,147,30.15,None,0,0
S9300,2026-05-01,12:57 PM,Azad,Library,0,0,11:11 AM,01:37 PM,10:58 AM,02:09 PM,701.87,118,30.65,None,0,0
S9301,2026-04-10,09:58 PM,Sarojini,Mess,09:47 PM,10:16 PM,0,0,0,0,444.88,47,41.12,Dinner,0,0
S9302,2026-04-09,07:02 PM,Azad,Library,0,0,06:21 PM,07:39 PM,06:15 PM,08:30 PM,539.17,75,22.41,None,0,0
S9303,2026-04-01,07:42 PM,Azad,Library,0,0,07:27 PM,10:05 PM,07:00 PM,10:42 PM,817.23,127,25.45,None,0,0
S9304,2026-04-05,11:54 AM,Ganga,Classroom,0,0,0,0,11:19 AM,01:45 PM,399.04,57,4.89,None,1,0
S9305,2026-04-05,11:43 PM,Yamuna,Hostel,0,0,0,0,0,0,1441.97,133,23.97,None,0,0
S9306,2026-04-14,10:24 PM,Azad,Hostel,0,0,0,0,0,0,1082.12,81,15.39,None,0,0
S9307,2026-04-25,02:05 PM,Azad,Mess,01:19 PM,02:08 PM,0,0,0,0,440.68,103,47.86,Lunch,1,0
S9308,2026-04-24,08:58 AM,Sarojini,Mess,08:28 AM,09:22 AM,0,0,0,0,578.61,127,43.9,Breakfast,0,0
S9309,2026-04-10,06:40 PM,Yamuna,Hostel,0,0,0,0,0,0,292.7,57,20.14,None,0,0
S9310,2026-04-05,07:17 PM,Yamuna,Library,0,0,06:43 PM,07:31 PM,06:38 PM,08:26 PM,652.67,72,18.76,None,0,0
S9311,2026-04-12,12:46 PM,Yamuna,Mess,12:18 PM,01:07 PM,0,0,0,0,407.98,150,46.47,Lunch,0,0
S9312,2026-04-02,01:00 PM,Rajendra,Mess,12:57 PM,01:46 PM,0,0,0,0,332.29,71,35.08,Lunch,1,0
S9313,2026-04-22,01:11 PM,Sarojini,Mess,12:38 PM,01:27 PM,0,0,0,0,575.63,124,38.38,Lunch,0,0
S9314,2026-04-17,04:23 PM,Rajendra,Library,0,0,04:07 PM,06:21 PM,03:51 PM,07:20 PM,646.19,86,23.22,None,0,0
S9315,2026-04-25,01:45 PM,Ganga,Mess,01:27 PM,01:49 PM,0,0,0,0,488.09,113,29.25,Lunch,1,0
S9316,2026-04-01,07:50 PM,Ganga,Mess,07:24 PM,08:23 PM,0,0,0,0,397.59,13,40.29,Dinner,0,0
S9317,2026-04-02,12:16 AM,Ganga,Hostel,0,0,0,0,0,0,305.94,52,22.56,None,0,0
S9318,2026-04-23,09:51 AM,Yamuna,Mess,09:13 AM,10:06 AM,0,0,0,0,561.82,108,38.25,Breakfast,0,0
S9319,2026-04-29,07:32 PM,Ganga,Library,0,0,07:01 PM,09:48 PM,06:54 PM,10:17 PM,789.88,181,28.25,None,0,0
S9320,2026-04-05,12:43 PM,Ganga,Mess,12:00 PM,12:55 PM,0,0,0,0,395.02,92,40.71,Lunch,0,0
S9321,2026-04-24,01:06 PM,Ganga,Mess,12:56 PM,01:35 PM,0,0,0,0,304.05,29,34.97,Lunch,0,0
S9322,2026-04-21,12:58 AM,Yamuna,Outside,0,0,0,0,0,03:39 AM,319.99,86,4.46,None,0,0
S9323,2026-04-29,04:11 PM,Ganga,Library,0,0,02:48 PM,05:17 PM,02:21 PM,05:44 PM,981.9,60,18.36,None,1,1
S9324,2026-04-21,04:51 PM,Yamuna,Classroom,0,0,0,0,04:17 PM,06:44 PM,380.52,94,8.28,None,1,1
S9325,2026-04-01,11:49 PM,Yamuna,Library,0,0,10:11 PM,11:59 PM,09:49 PM,11:59 PM,799.52,151,21.22,None,0,0
S9326,2026-04-15,09:11 AM,Yamuna,Classroom,0,0,0,0,08:34 AM,10:13 AM,271.15,76,7.11,None,1,1
S9327,2026-04-16,10:05 AM,Yamuna,Library,0,0,09:56 AM,11:30 AM,09:32 AM,12:12 PM,464.4,136,27.49,None,1,1
S9328,2026-04-09,10:01 AM,Azad,Mess,09:45 AM,10:09 AM,0,0,0,0,557.85,11,24.19,Breakfast,1,1
S9329,2026-04-13,12:23 PM,Azad,Library,0,0,11:44 AM,01:03 PM,11:37 AM,02:00 PM,944.23,59,15.53,None,0,0
S9330,2026-04-01,05:35 PM,Ganga,Library,0,0,03:42 PM,06:18 PM,03:28 PM,06:43 PM,1065.35,192,36.34,None,0,0
S9331,2026-04-04,09:32 AM,Ganga,Mess,09:10 AM,09:43 AM,0,0,0,0,427.59,198,51.74,Breakfast,0,0
S9332,2026-04-11,11:14 PM,Azad,Library,0,0,10:52 PM,11:59 PM,10:36 PM,11:59 PM,646.1,15,15.66,None,0,0
S9333,2026-04-21,02:57 AM,Sarojini,Outside,0,0,0,0,01:20 AM,04:26 AM,185.12,157,20.3,None,0,0
S9334,2026-04-12,07:06 PM,Yamuna,Mess,07:05 PM,07:26 PM,0,0,0,0,545.54,15,25.49,Dinner,0,0
S9335,2026-04-20,05:30 PM,Azad,Hostel,0,0,0,0,0,0,181.41,49,22.03,None,0,0
S9336,2026-04-05,05:39 PM,Rajendra,Library,0,0,04:00 PM,06:03 PM,03:55 PM,06:32 PM,850.07,52,12.37,None,0,0
S9337,2026-04-16,11:59 PM,Ganga,Hostel,0,0,0,0,0,0,1234.87,190,26.4,None,0,0
S9338,2026-04-05,11:52 PM,Rajendra,Library,0,0,10:19 PM,11:59 PM,09:59 PM,11:59 PM,735.67,92,15.82,None,0,0
S9339,2026-04-03,01:04 PM,Rajendra,Library,0,0,12:45 PM,01:20 PM,12:20 PM,01:59 PM,851.29,162,22.42,None,0,0
S9340,2026-04-19,11:26 AM,Azad,Library,0,0,09:10 AM,11:46 AM,08:59 AM,12:27 PM,954.51,75,20.92,None,0,0
S9341,2026-04-24,02:31 AM,Yamuna,Hostel,0,0,0,0,0,0,187.73,161,35.04,None,0,0
S9342,2026-04-04,09:14 PM,Yamuna,Mess,08:52 PM,09:50 PM,0,0,0,0,624.32,17,27.04,Dinner,0,0
S9343,2026-04-19,07:46 AM,Rajendra,Mess,07:43 AM,08:03 AM,0,0,0,0,392.82,26,35.74,Breakfast,0,0
S9344,2026-04-19,09:28 PM,Ganga,Mess,09:28 PM,10:14 PM,0,0,0,0,380.8,176,46.65,Dinner,0,0
S9345,2026-04-08,09:58 AM,Ganga,Mess,09:39 AM,10:06 AM,0,0,0,0,429.17,68,46.32,Breakfast,0,0
S9346,2026-05-01,05:14 AM,Sarojini,Hostel,0,0,0,0,0,0,121.95,75,18.46,None,0,0
S9347,2026-04-17,01:22 PM,Yamuna,Library,0,0,10:50 AM,01:28 PM,10:33 AM,02:27 PM,438.01,111,21.53,None,0,0
S9348,2026-04-19,02:40 PM,Sarojini,Outside,0,0,0,0,01:51 PM,05:11 PM,329.69,184,19.9,None,0,0
S9349,2026-04-01,09:16 PM,Yamuna,Mess,09:14 PM,10:10 PM,0,0,0,0,300.65,122,38.18,Dinner,0,0
S9350,2026-04-09,06:28 AM,Azad,Hostel,0,0,0,0,0,0,294.98,194,36.29,None,0,0
S9351,2026-04-12,02:19 PM,Sarojini,Library,0,0,01:48 PM,02:49 PM,01:22 PM,03:16 PM,630.72,173,22.02,None,1,0
S9352,2026-04-19,06:45 AM,Azad,Hostel,0,0,0,0,0,0,339.53,139,34.16,None,0,0
S9353,2026-04-13,07:47 PM,Yamuna,Hostel,0,0,0,0,0,0,175.76,187,37.34,None,0,0
S9354,2026-04-02,02:28 PM,Sarojini,Classroom,0,0,0,0,01:53 PM,03:08 PM,399.07,36,1.83,None,1,0
S9355,2026-04-19,07:12 PM,Rajendra,Library,0,0,06:56 PM,07:32 PM,06:45 PM,07:58 PM,700.66,33,13.55,None,0,0
S9356,2026-04-03,02:27 PM,Yamuna,Mess,02:01 PM,02:36 PM,0,0,0,0,535.39,132,45.22,Lunch,0,0
S9357,2026-05-01,07:01 AM,Sarojini,Mess,07:01 AM,07:28 AM,0,0,0,0,354.62,82,36.35,Breakfast,0,0
S9358,2026-04-29,08:10 PM,Rajendra,Mess,08:00 PM,08:31 PM,0,0,0,0,414.44,70,36.61,Dinner,0,0
S9359,2026-04-09,04:24 PM,Ganga,Library,0,0,03:18 PM,05:11 PM,03:08 PM,05:53 PM,726.9,107,23.88,None,0,0
S9360,2026-04-30,02:24 PM,Sarojini,Mess,01:59 PM,02:35 PM,0,0,0,0,470.51,177,46.22,Lunch,0,0
S9361,2026-04-19,08:33 PM,Ganga,Library,0,0,08:33 PM,10:17 PM,08:24 PM,10:30 PM,760.94,28,9.41,None,0,0
S9362,2026-04-26,07:16 PM,Azad,Hostel,0,0,0,0,0,0,146.13,159,30.62,None,0,0
S9363,2026-04-29,12:31 PM,Sarojini,Library,0,0,12:01 PM,02:31 PM,11:37 AM,02:42 PM,811.67,22,11.54,None,1,0
S9364,2026-04-14,10:58 PM,Azad,Library,0,0,10:09 PM,11:10 PM,09:42 PM,11:28 PM,809.61,148,25.94,None,0,0
S9365,2026-04-25,12:08 PM,Rajendra,Library,0,0,11:51 AM,12:29 PM,11:41 AM,01:02 PM,717.53,69,20.58,None,0,0
S9366,2026-04-07,10:37 PM,Azad,Mess,09:58 PM,10:38 PM,0,0,0,0,420.49,74,47.6,Dinner,0,0
S9367,2026-04-16,11:33 PM,Yamuna,Outside,0,0,0,0,09:48 PM,11:59 PM,329.54,50,4.63,None,0,0
S9368,2026-04-30,11:05 PM,Rajendra,Outside,0,0,0,0,09:24 PM,11:59 PM,327.45,199,23.88,None,0,0
S9369,2026-04-27,08:35 PM,Sarojini,Mess,08:03 PM,09:00 PM,0,0,0,0,496.79,16,36.63,Dinner,0,0
S9370,2026-04-25,07:56 PM,Rajendra,Hostel,0,0,0,0,0,0,233.37,151,26.01,None,0,0
S9371,2026-04-09,07:55 AM,Yamuna,Mess,07:39 AM,08:04 AM,0,0,0,0,461.47,89,37.87,Breakfast,0,0
S9372,2026-04-29,07:59 AM,Ganga,Outside,0,0,0,0,06:23 AM,10:07 AM,282.95,42,5.78,None,0,0
S9373,2026-04-07,03:17 PM,Ganga,Library,0,0,02:52 PM,05:31 PM,02:46 PM,06:25 PM,747.72,118,25.19,None,0,0
S9374,2026-04-02,04:52 PM,Yamuna,Library,0,0,04:10 PM,06:06 PM,04:03 PM,06:52 PM,775.57,76,14.79,None,0,0
S9375,2026-04-23,01:12 PM,Yamuna,Hostel,0,0,0,0,0,0,214.81,31,19.65,None,0,0
S9376,2026-04-28,09:18 PM,Sarojini,Mess,08:43 PM,09:24 PM,0,0,0,0,539.28,129,46.95,Dinner,0,0
S9377,2026-04-02,07:31 PM,Yamuna,Mess,07:25 PM,08:21 PM,0,0,0,0,384.73,100,33.38,Dinner,0,0
S9378,2026-04-15,07:10 AM,Yamuna,Mess,07:02 AM,07:22 AM,0,0,0,0,472.27,53,36.31,Breakfast,0,0
S9379,2026-04-14,09:45 AM,Ganga,Mess,09:21 AM,10:20 AM,0,0,0,0,600.42,190,56.52,Breakfast,1,1
S9380,2026-04-12,08:07 AM,Sarojini,Mess,07:44 AM,08:08 AM,0,0,0,0,559.85,160,48.58,Breakfast,0,0
S9381,2026-04-11,07:00 AM,Rajendra,Hostel,0,0,0,0,0,0,229.83,142,40.44,None,0,0
S9382,2026-04-30,07:21 PM,Azad,Library,0,0,07:19 PM,09:43 PM,07:14 PM,10:24 PM,596.7,67,12.86,None,0,0
S9383,2026-04-15,11:14 PM,Ganga,Outside,0,0,0,0,10:00 PM,11:59 PM,292.8,20,1.1,None,0,0
S9384,2026-04-07,02:07 PM,Sarojini,Mess,02:02 PM,02:23 PM,0,0,0,0,494.47,191,34.34,Lunch,0,0
S9385,2026-04-09,11:04 PM,Yamuna,Library,0,0,10:32 PM,11:59 PM,10:08 PM,11:59 PM,802.9,101,19.56,None,0,0
S9386,2026-04-13,05:52 PM,Azad,Outside,0,0,0,0,04:49 PM,07:25 PM,132.09,159,20.58,None,0,0
S9387,2026-04-20,07:50 PM,Rajendra,Mess,07:15 PM,07:57 PM,0,0,0,0,305.2,185,64.16,Dinner,0,0
S9388,2026-04-26,04:47 PM,Yamuna,Library,0,0,04:22 PM,05:14 PM,03:58 PM,05:25 PM,925.02,39,11.5,None,0,0
S9389,2026-04-01,02:41 PM,Sarojini,Hostel,0,0,0,0,0,0,183.18,21,13.9,None,0,0
S9390,2026-04-21,09:29 PM,Rajendra,Mess,09:23 PM,10:09 PM,0,0,0,0,626.64,196,51.66,Dinner,0,0
S9391,2026-04-11,12:08 PM,Ganga,Library,0,0,10:12 AM,12:42 PM,09:59 AM,01:42 PM,956.65,57,16.78,None,1,0
S9392,2026-04-09,02:15 PM,Sarojini,Mess,02:05 PM,02:27 PM,0,0,0,0,343.34,81,37.81,Lunch,0,0
S9393,2026-04-26,09:21 PM,Sarojini,Mess,09:03 PM,09:24 PM,0,0,0,0,300.15,19,22.62,Dinner,0,0
S9394,2026-04-13,05:09 PM,Azad,Library,0,0,04:35 PM,06:14 PM,04:06 PM,07:00 PM,1024.2,162,20.15,None,0,0
S9395,2026-04-14,01:17 PM,Sarojini,Hostel,0,0,0,0,0,0,373.2,33,25.65,None,1,0
S9396,2026-04-21,06:37 PM,Yamuna,Library,0,0,05:05 PM,06:48 PM,04:51 PM,07:39 PM,827.46,41,10.38,None,0,0
S9397,2026-04-06,08:28 PM,Yamuna,Library,0,0,08:16 PM,10:03 PM,07:59 PM,10:41 PM,684.48,133,22.6,None,0,0
S9398,2026-04-22,11:41 PM,Yamuna,Hostel,0,0,0,0,0,0,776.01,139,30.65,None,0,0
S9399,2026-04-18,03:55 PM,Rajendra,Library,0,0,03:18 PM,04:12 PM,02:49 PM,04:42 PM,636.13,185,32.03,None,0,0
S9400,2026-05-01,12:59 PM,Yamuna,Mess,12:30 PM,01:10 PM,0,0,0,0,439.61,80,39.14,Lunch,1,0
S9401,2026-04-14,03:43 PM,Azad,Library,0,0,03:25 PM,05:13 PM,03:01 PM,05:42 PM,625.93,103,18.53,None,1,0
S9402,2026-04-18,07:50 PM,Rajendra,Mess,07:43 PM,08:36 PM,0,0,0,0,564.93,140,54.71,Dinner,0,0
S9403,2026-04-15,01:55 PM,Azad,Library,0,0,12:58 PM,02:58 PM,12:38 PM,03:27 PM,499.49,37,16.29,None,1,0
S9404,2026-04-12,06:46 PM,Yamuna,Library,0,0,06:24 PM,08:29 PM,06:17 PM,09:11 PM,903.33,43,20.05,None,0,0
S9405,2026-04-28,08:47 PM,Ganga,Mess,08:30 PM,08:55 PM,0,0,0,0,528.19,86,39.72,Dinner,0,0
S9406,2026-04-05,06:13 PM,Rajendra,Library,0,0,05:59 PM,07:45 PM,05:35 PM,08:03 PM,961.89,90,23.71,None,0,0
S9407,2026-04-15,07:11 PM,Yamuna,Outside,0,0,0,0,05:50 PM,08:45 PM,119.94,164,14.1,None,0,0
S9408,2026-04-30,08:37 PM,Sarojini,Library,0,0,08:19 PM,10:02 PM,08:08 PM,10:31 PM,812.21,186,29.97,None,0,0
S9409,2026-04-28,08:34 PM,Sarojini,Mess,08:06 PM,08:44 PM,0,0,0,0,603.32,109,40.32,Dinner,0,0
S9410,2026-04-29,03:13 PM,Ganga,Outside,0,0,0,0,02:00 PM,04:55 PM,328.88,107,9.78,None,0,0
S9411,2026-05-01,12:43 PM,Sarojini,Outside,0,0,0,0,11:43 AM,03:35 PM,248.57,30,3.74,None,1,0
S9412,2026-04-26,10:40 AM,Yamuna,Library,0,0,10:14 AM,01:10 PM,09:50 AM,01:31 PM,841.9,137,22.44,None,0,0
S9413,2026-04-03,08:07 AM,Sarojini,Mess,07:57 AM,08:38 AM,0,0,0,0,302.25,191,49.88,Breakfast,0,0
S9414,2026-04-04,07:30 AM,Rajendra,Mess,07:27 AM,07:48 AM,0,0,0,0,382.35,89,34.7,Breakfast,0,0
S9415,2026-04-24,01:00 AM,Azad,Outside,0,0,0,0,12:04 AM,03:41 AM,320.02,16,1.32,None,0,0
S9416,2026-04-08,01:49 AM,Yamuna,Hostel,0,0,0,0,0,0,370.63,28,28.42,None,0,0
S9417,2026-04-05,08:11 AM,Yamuna,Mess,07:45 AM,08:43 AM,0,0,0,0,474.61,170,46.14,Breakfast,0,0
S9418,2026-04-09,02:48 PM,Azad,Library,0,0,01:01 PM,03:14 PM,12:54 PM,03:30 PM,797.32,153,27.33,None,1,0
S9419,2026-04-24,03:09 PM,Rajendra,Mess,02:33 PM,03:10 PM,0,0,0,0,267.02,83,37.07,Lunch,0,0
S9420,2026-04-09,01:29 PM,Sarojini,Mess,01:04 PM,01:44 PM,0,0,0,0,673.58,199,43.41,Lunch,0,0
S9421,2026-04-27,02:34 AM,Azad,Outside,0,0,0,0,12:42 AM,04:30 AM,233.54,169,9.97,None,0,0
S9422,2026-04-16,04:09 PM,Yamuna,Library,0,0,03:28 PM,05:55 PM,03:00 PM,06:30 PM,959.51,137,26.58,None,0,0
S9423,2026-04-20,10:49 AM,Yamuna,Library,0,0,10:26 AM,12:29 PM,09:58 AM,01:20 PM,890.51,158,25.91,None,1,1
S9424,2026-04-24,06:28 PM,Rajendra,Library,0,0,06:00 PM,06:30 PM,05:48 PM,07:21 PM,651.27,123,21.28,None,0,0
S9425,2026-04-14,03:52 PM,Yamuna,Classroom,0,0,0,0,03:37 PM,05:22 PM,339.24,167,9.42,None,1,0
S9426,2026-04-30,08:38 PM,Rajendra,Library,0,0,07:59 PM,08:46 PM,07:39 PM,09:02 PM,718.9,98,21.6,None,0,0
S9427,2026-04-10,05:02 PM,Rajendra,Library,0,0,03:17 PM,05:34 PM,02:53 PM,06:18 PM,743.53,66,14.37,None,0,0
S9428,2026-04-23,09:22 AM,Rajendra,Mess,09:19 AM,09:59 AM,0,0,0,0,537.22,92,43.18,Breakfast,0,0
S9429,2026-04-22,09:12 PM,Yamuna,Library,0,0,08:45 PM,09:55 PM,08:28 PM,10:55 PM,802.08,44,8.66,None,0,0
S9430,2026-05-01,05:58 PM,Ganga,Classroom,0,0,0,0,05:26 PM,07:55 PM,245.26,28,2.27,None,1,1
S9431,2026-04-22,03:22 PM,Ganga,Hostel,0,0,0,0,0,0,334.36,137,40.76,None,1,0
S9432,2026-04-01,02:26 AM,Ganga,Hostel,0,0,0,0,0,0,249.95,194,36.81,None,0,0
S9433,2026-04-26,08:49 PM,Sarojini,Library,0,0,08:26 PM,09:02 PM,08:01 PM,09:20 PM,527.38,171,19.87,None,0,0
S9434,2026-04-09,10:12 PM,Sarojini,Library,0,0,08:34 PM,10:32 PM,08:08 PM,11:19 PM,783.47,39,11.46,None,0,0
S9435,2026-04-23,07:36 AM,Sarojini,Mess,07:34 AM,08:08 AM,0,0,0,0,580.02,32,42.44,Breakfast,0,0
S9436,2026-04-29,01:23 PM,Sarojini,Mess,12:31 PM,01:29 PM,0,0,0,0,550.74,137,48.67,Lunch,0,0
S9437,2026-04-02,08:04 AM,Rajendra,Mess,07:44 AM,08:05 AM,0,0,0,0,450.46,52,26.9,Breakfast,0,0
S9438,2026-04-16,01:24 AM,Rajendra,Outside,0,0,0,0,12:10 AM,04:12 AM,231.64,181,12.11,None,0,0
S9439,2026-04-15,08:40 AM,Azad,Hostel,0,0,0,0,0,0,383.09,142,37.38,None,0,0
S9440,2026-04-23,04:48 PM,Yamuna,Library,0,0,03:13 PM,05:59 PM,02:47 PM,06:29 PM,796.27,164,27.12,None,1,1
S9441,2026-04-23,01:20 PM,Ganga,Mess,12:35 PM,01:33 PM,0,0,0,0,552.47,106,34.72,Lunch,0,0
S9442,2026-04-23,08:45 AM,Ganga,Classroom,0,0,0,0,08:07 AM,10:24 AM,377.26,16,2.14,None,1,1
S9443,2026-05-01,03:05 AM,Azad,Hostel,0,0,0,0,0,0,385.48,108,35.38,None,0,0
S9444,2026-04-24,07:20 AM,Ganga,Mess,07:17 AM,08:08 AM,0,0,0,0,584.46,159,48.28,Breakfast,0,0
S9445,2026-04-29,09:11 AM,Ganga,Mess,08:42 AM,09:31 AM,0,0,0,0,366.21,194,52.39,Breakfast,1,1
S9446,2026-04-21,04:44 PM,Rajendra,Outside,0,0,0,0,03:43 PM,06:17 PM,379.33,80,11.59,None,0,0
S9447,2026-04-29,01:25 PM,Yamuna,Mess,01:12 PM,01:44 PM,0,0,0,0,508.65,126,38.82,Lunch,1,0
S9448,2026-04-12,08:20 AM,Azad,Classroom,0,0,0,0,07:44 AM,09:51 AM,234.56,21,1.28,None,1,1
S9449,2026-04-03,07:22 AM,Ganga,Mess,07:21 AM,07:52 AM,0,0,0,0,251.12,29,33.37,Breakfast,0,0
S9450,2026-04-05,06:59 AM,Ganga,Outside,0,0,0,0,06:14 AM,09:56 AM,213.43,33,4.58,None,0,0
S9451,2026-04-23,08:48 AM,Ganga,Mess,08:47 AM,09:09 AM,0,0,0,0,325.96,100,50.08,Breakfast,0,0
S9452,2026-04-23,07:01 PM,Azad,Outside,0,0,0,0,05:45 PM,09:45 PM,396.82,46,5.77,None,0,0
S9453,2026-04-08,07:52 AM,Azad,Outside,0,0,0,0,06:31 AM,09:54 AM,214.68,185,14.34,None,0,0
S9454,2026-04-07,05:14 AM,Ganga,Outside,0,0,0,0,04:33 AM,07:18 AM,340.32,107,5.88,None,0,0
S9455,2026-04-16,03:09 PM,Sarojini,Classroom,0,0,0,0,02:55 PM,04:01 PM,346.87,118,12.75,None,1,0
S9456,2026-04-22,05:47 PM,Sarojini,Library,0,0,04:59 PM,06:03 PM,04:48 PM,06:45 PM,675.51,27,15.27,None,0,0
S9457,2026-05-01,03:03 PM,Sarojini,Mess,02:41 PM,03:36 PM,0,0,0,0,366.25,108,33.37,Lunch,1,0
S9458,2026-04-25,10:15 PM,Azad,Mess,09:50 PM,10:16 PM,0,0,0,0,599.6,25,32.68,Dinner,0,0
S9459,2026-04-01,11:53 AM,Yamuna,Classroom,0,0,0,0,11:43 AM,01:01 PM,108.96,181,14.35,None,1,0
S9460,2026-04-10,08:16 PM,Ganga,Library,0,0,08:06 PM,09:23 PM,07:41 PM,10:14 PM,830.43,182,34.28,None,0,0
S9461,2026-04-28,01:35 AM,Rajendra,Hostel,0,0,0,0,0,0,259.89,195,33.1,None,0,0
S9462,2026-04-23,10:09 PM,Sarojini,Hostel,0,0,0,0,0,0,886.28,74,24.09,None,0,0
S9463,2026-04-02,01:16 PM,Ganga,Outside,0,0,0,0,11:59 AM,02:58 PM,245.89,41,4.56,None,0,0
S9464,2026-04-02,09:51 PM,Yamuna,Library,0,0,09:40 PM,10:33 PM,09:26 PM,11:24 PM,840.14,88,15.95,None,0,0
S9465,2026-04-12,11:27 PM,Yamuna,Library,0,0,10:51 PM,11:59 PM,10:26 PM,11:59 PM,493.32,14,14.67,None,0,0
S9466,2026-04-09,08:55 PM,Azad,Hostel,0,0,0,0,0,0,1097.04,194,39.38,None,0,0
S9467,2026-04-05,09:26 PM,Sarojini,Library,0,0,09:24 PM,11:49 PM,09:17 PM,11:59 PM,811.61,94,24.96,None,0,0
S9468,2026-04-24,01:25 PM,Ganga,Mess,01:09 PM,01:35 PM,0,0,0,0,611.87,40,24.74,Lunch,1,0
S9469,2026-04-13,12:31 PM,Rajendra,Mess,12:11 PM,12:36 PM,0,0,0,0,220.7,32,30.39,Lunch,0,0
S9470,2026-04-01,10:56 PM,Sarojini,Library,0,0,09:05 PM,11:21 PM,08:43 PM,11:48 PM,442.94,125,21.72,None,0,0
S9471,2026-04-17,07:27 PM,Rajendra,Mess,07:13 PM,07:36 PM,0,0,0,0,376.23,77,42.82,Dinner,0,0
S9472,2026-04-28,03:09 PM,Yamuna,Mess,02:49 PM,03:43 PM,0,0,0,0,614.66,142,38.06,Lunch,0,0
S9473,2026-04-04,09:38 PM,Sarojini,Library,0,0,09:27 PM,10:24 PM,09:09 PM,11:07 PM,943.88,149,30.43,None,0,0
S9474,2026-04-02,12:07 PM,Ganga,Mess,12:03 PM,12:25 PM,0,0,0,0,401.59,85,38.94,Lunch,0,0
S9475,2026-04-08,07:59 AM,Yamuna,Mess,07:09 AM,08:02 AM,0,0,0,0,290.51,26,40.09,Breakfast,0,0
S9476,2026-04-26,09:23 PM,Ganga,Mess,09:21 PM,09:53 PM,0,0,0,0,551.73,82,32.77,Dinner,0,0
S9477,2026-04-30,08:09 PM,Azad,Mess,07:38 PM,08:26 PM,0,0,0,0,559.05,184,54.78,Dinner,0,0
S9478,2026-04-10,12:52 PM,Ganga,Library,0,0,11:42 AM,01:16 PM,11:32 AM,01:46 PM,512.76,44,17.17,None,0,0
S9479,2026-04-15,12:06 AM,Rajendra,Hostel,0,0,0,0,0,0,210.79,11,23.02,None,0,0
S9480,2026-04-23,05:40 PM,Azad,Outside,0,0,0,0,03:44 PM,07:05 PM,329.63,17,2.35,None,0,0
S9481,2026-04-13,09:40 AM,Azad,Mess,09:04 AM,09:47 AM,0,0,0,0,565.8,33,38.85,Breakfast,0,0
S9482,2026-04-08,06:48 PM,Ganga,Hostel,0,0,0,0,0,0,167.43,173,29.28,None,0,0
S9483,2026-04-19,12:22 PM,Yamuna,Hostel,0,0,0,0,0,0,157.74,150,37.07,None,1,0
S9484,2026-04-21,10:14 PM,Azad,Hostel,0,0,0,0,0,0,1349.33,68,20.86,None,0,0
S9485,2026-04-10,09:05 AM,Rajendra,Hostel,0,0,0,0,0,0,178.64,15,22.44,None,1,1
S9486,2026-04-07,01:43 PM,Rajendra,Mess,01:18 PM,01:53 PM,0,0,0,0,249.13,86,37.48,Lunch,1,0
S9487,2026-04-03,03:04 PM,Sarojini,Hostel,0,0,0,0,0,0,294.23,32,21.22,None,1,0
S9488,2026-04-14,12:06 AM,Sarojini,Hostel,0,0,0,0,0,0,265.91,120,17.42,None,0,0
S9489,2026-04-30,08:40 PM,Sarojini,Library,0,0,07:49 PM,09:44 PM,07:38 PM,09:58 PM,581.71,149,19.93,None,0,0
S9490,2026-04-21,07:12 AM,Ganga,Outside,0,0,0,0,06:15 AM,08:55 AM,272.03,67,6.44,None,0,0
S9491,2026-04-05,09:36 PM,Azad,Library,0,0,09:03 PM,10:41 PM,08:33 PM,11:19 PM,635.52,84,12.74,None,0,0
S9492,2026-04-04,08:28 PM,Rajendra,Library,0,0,08:01 PM,09:54 PM,07:53 PM,10:12 PM,615.87,127,22.23,None,0,0
S9493,2026-04-04,11:15 PM,Azad,Library,0,0,10:42 PM,11:59 PM,10:14 PM,11:59 PM,870.85,83,17.29,None,0,0
S9494,2026-04-25,07:07 AM,Azad,Outside,0,0,0,0,05:59 AM,09:21 AM,358.29,82,6.51,None,0,0
S9495,2026-04-13,09:12 PM,Azad,Library,0,0,08:53 PM,09:46 PM,08:31 PM,10:34 PM,822.89,154,26.52,None,0,0
S9496,2026-04-01,11:16 PM,Ganga,Library,0,0,08:41 PM,11:35 PM,08:13 PM,11:55 PM,620.22,155,27.09,None,0,0
S9497,2026-04-17,02:37 PM,Ganga,Mess,02:20 PM,02:49 PM,0,0,0,0,508.95,58,40.27,Lunch,0,0
S9498,2026-04-11,05:50 PM,Yamuna,Outside,0,0,0,0,04:50 PM,07:16 PM,360.76,106,8.44,None,0,0
S9499,2026-04-17,07:59 PM,Azad,Mess,07:59 PM,08:20 PM,0,0,0,0,407.22,87,39.38,Dinner,0,0
S9500,2026-04-01,02:10 PM,Rajendra,Library,0,0,01:42 PM,02:18 PM,01:15 PM,02:57 PM,939.35,77,13.75,None,1,0
S9501,2026-05-01,03:19 PM,Ganga,Mess,02:53 PM,03:34 PM,0,0,0,0,358.41,89,34.79,Lunch,1,0
S9502,2026-04-24,11:07 PM,Sarojini,Library,0,0,10:58 PM,11:59 PM,10:48 PM,11:59 PM,649.94,151,26.64,None,0,0
S9503,2026-04-04,06:00 PM,Sarojini,Hostel,0,0,0,0,0,0,314.1,118,33.97,None,0,0
S9504,2026-04-16,03:58 AM,Sarojini,Outside,0,0,0,0,03:06 AM,05:07 AM,302.06,163,8.46,None,0,0
S9505,2026-04-19,08:12 AM,Sarojini,Outside,0,0,0,0,06:53 AM,09:56 AM,277.1,145,9.68,None,0,0
S9506,2026-05-01,08:58 PM,Sarojini,Library,0,0,08:36 PM,10:19 PM,08:11 PM,11:06 PM,666.64,38,9.8,None,0,0
S9507,2026-04-01,11:35 PM,Ganga,Library,0,0,10:34 PM,11:59 PM,10:04 PM,11:59 PM,479.64,123,12.38,None,0,0
S9508,2026-04-16,12:23 PM,Rajendra,Library,0,0,11:38 AM,12:28 PM,11:24 AM,01:01 PM,981.8,95,21.2,None,1,0
S9509,2026-04-23,02:03 PM,Azad,Mess,01:46 PM,02:10 PM,0,0,0,0,485.85,191,57.09,Lunch,1,0
S9510,2026-04-19,02:27 AM,Yamuna,Outside,0,0,0,0,01:02 AM,03:52 AM,181.26,71,7.62,None,0,0
S9511,2026-04-22,03:45 PM,Ganga,Classroom,0,0,0,0,03:07 PM,05:01 PM,361.3,162,18.48,None,1,0
S9512,2026-04-06,07:47 AM,Yamuna,Hostel,0,0,0,0,0,0,149.5,42,21.77,None,0,0
S9513,2026-04-03,06:07 AM,Rajendra,Hostel,0,0,0,0,0,0,382.14,199,47.49,None,0,0
S9514,2026-05-01,11:46 PM,Yamuna,Hostel,0,0,0,0,0,0,1485.12,36,13.43,None,0,0
S9515,2026-04-05,11:59 PM,Rajendra,Hostel,0,0,0,0,0,0,1159.7,127,28.0,None,0,0
S9516,2026-04-16,08:59 AM,Yamuna,Hostel,0,0,0,0,0,0,180.32,118,20.12,None,0,0
S9517,2026-04-20,11:09 PM,Rajendra,Library,0,0,09:51 PM,11:59 PM,09:22 PM,11:59 PM,843.39,34,16.89,None,0,0
S9518,2026-04-27,01:30 PM,Sarojini,Mess,01:29 PM,01:55 PM,0,0,0,0,455.26,176,47.44,Lunch,1,0
S9519,2026-04-20,08:13 AM,Azad,Outside,0,0,0,0,07:15 AM,09:59 AM,299.4,30,1.62,None,0,0
S9520,2026-04-24,10:10 AM,Rajendra,Library,0,0,10:04 AM,10:55 AM,09:56 AM,11:15 AM,737.65,69,18.86,None,1,1
S9521,2026-04-25,12:45 PM,Rajendra,Classroom,0,0,0,0,12:05 PM,02:31 PM,224.24,64,3.24,None,1,0
S9522,2026-04-23,05:25 PM,Azad,Classroom,0,0,0,0,05:13 PM,07:06 PM,353.85,24,2.52,None,1,1
S9523,2026-04-05,04:39 AM,Ganga,Outside,0,0,0,0,04:06 AM,07:17 AM,385.01,34,3.58,None,0,0
S9524,2026-04-24,12:43 PM,Rajendra,Library,0,0,12:38 PM,03:32 PM,12:15 PM,03:52 PM,626.35,106,20.23,None,1,0
S9525,2026-04-20,12:28 PM,Ganga,Mess,12:28 PM,01:28 PM,0,0,0,0,301.65,128,56.63,Lunch,0,0
S9526,2026-04-08,07:51 PM,Yamuna,Mess,07:32 PM,07:57 PM,0,0,0,0,290.93,66,47.07,Dinner,0,0
S9527,2026-04-10,04:11 AM,Azad,Hostel,0,0,0,0,0,0,128.1,80,21.42,None,0,0
S9528,2026-04-11,05:37 PM,Ganga,Library,0,0,04:46 PM,05:59 PM,04:16 PM,06:51 PM,849.64,64,15.96,None,0,0
S9529,2026-04-08,10:31 AM,Ganga,Library,0,0,10:14 AM,12:06 PM,09:49 AM,12:49 PM,781.94,181,26.17,None,1,1
S9530,2026-04-27,09:57 AM,Azad,Mess,09:14 AM,09:58 AM,0,0,0,0,586.58,69,29.22,Breakfast,1,1
S9531,2026-04-08,03:25 AM,Azad,Outside,0,0,0,0,01:35 AM,04:49 AM,296.69,121,9.96,None,0,0
S9532,2026-04-02,06:59 PM,Ganga,Library,0,0,05:34 PM,07:27 PM,05:09 PM,08:00 PM,475.17,134,18.58,None,0,0
S9533,2026-04-06,07:18 AM,Azad,Hostel,0,0,0,0,0,0,335.44,196,41.21,None,0,0
S9534,2026-04-16,07:56 PM,Yamuna,Library,0,0,07:05 PM,08:13 PM,06:49 PM,08:57 PM,595.59,145,24.71,None,0,0
S9535,2026-04-11,02:13 PM,Ganga,Library,0,0,01:40 PM,03:49 PM,01:18 PM,04:24 PM,604.34,147,31.89,None,1,0
S9536,2026-04-25,08:17 PM,Rajendra,Outside,0,0,0,0,06:36 PM,09:35 PM,286.96,163,11.91,None,0,0
S9537,2026-04-21,08:22 AM,Rajendra,Mess,08:20 AM,08:44 AM,0,0,0,0,431.48,98,32.14,Breakfast,0,0
S9538,2026-04-16,08:09 PM,Ganga,Hostel,0,0,0,0,0,0,1179.62,74,29.5,None,0,0
S9539,2026-04-01,07:34 PM,Azad,Library,0,0,07:22 PM,08:17 PM,07:04 PM,08:34 PM,783.82,180,31.63,None,0,0
S9540,2026-04-18,04:24 PM,Ganga,Library,0,0,02:42 PM,04:56 PM,02:26 PM,05:20 PM,459.47,64,20.0,None,1,1
S9541,2026-04-27,02:31 PM,Azad,Hostel,0,0,0,0,0,0,346.97,164,33.37,None,1,0
S9542,2026-04-21,08:49 PM,Rajendra,Mess,08:01 PM,08:58 PM,0,0,0,0,370.24,20,38.65,Dinner,0,0
S9543,2026-04-01,07:08 AM,Yamuna,Outside,0,0,0,0,05:31 AM,08:59 AM,385.96,58,4.56,None,0,0
S9544,2026-04-28,10:18 PM,Azad,Library,0,0,07:54 PM,10:51 PM,07:30 PM,11:10 PM,698.88,136,14.1,None,0,0
S9545,2026-04-15,03:10 PM,Sarojini,Mess,02:41 PM,03:40 PM,0,0,0,0,456.37,125,41.31,Lunch,0,0
S9546,2026-04-11,02:34 PM,Ganga,Mess,02:11 PM,02:39 PM,0,0,0,0,484.98,164,49.05,Lunch,0,0
S9547,2026-04-23,03:37 PM,Ganga,Library,0,0,03:21 PM,04:32 PM,03:16 PM,05:18 PM,763.25,101,16.04,None,0,0
S9548,2026-04-18,07:53 PM,Sarojini,Mess,07:46 PM,08:17 PM,0,0,0,0,339.69,110,38.8,Dinner,0,0
S9549,2026-04-11,12:43 PM,Rajendra,Mess,12:34 PM,12:58 PM,0,0,0,0,430.51,87,43.95,Lunch,1,0
S9550,2026-04-12,10:59 PM,Yamuna,Outside,0,0,0,0,09:59 PM,11:59 PM,238.21,62,7.53,None,0,0
S9551,2026-04-20,12:20 AM,Azad,Hostel,0,0,0,0,0,0,127.92,27,16.2,None,0,0
S9552,2026-04-08,05:50 AM,Ganga,Outside,0,0,0,0,04:24 AM,08:27 AM,310.39,92,6.07,None,0,0
S9553,2026-04-07,07:37 AM,Sarojini,Outside,0,0,0,0,06:52 AM,10:15 AM,215.53,169,25.14,None,0,0
S9554,2026-04-15,03:45 PM,Azad,Library,0,0,01:56 PM,04:37 PM,01:51 PM,05:37 PM,543.95,116,14.27,None,0,0
S9555,2026-04-08,11:25 PM,Sarojini,Library,0,0,09:55 PM,11:25 PM,09:28 PM,11:51 PM,813.09,200,27.3,None,0,0
S9556,2026-04-10,09:53 PM,Ganga,Outside,0,0,0,0,09:08 PM,11:29 PM,218.86,68,3.41,None,0,0
S9557,2026-04-05,01:12 PM,Yamuna,Hostel,0,0,0,0,0,0,233.2,197,42.87,None,1,0
S9558,2026-04-09,11:56 PM,Sarojini,Library,0,0,10:30 PM,11:59 PM,10:21 PM,11:59 PM,634.84,165,32.27,None,0,0
S9559,2026-05-01,03:25 AM,Azad,Outside,0,0,0,0,02:51 AM,05:12 AM,389.96,127,8.47,None,0,0
S9560,2026-04-17,04:50 AM,Sarojini,Outside,0,0,0,0,04:12 AM,06:21 AM,226.06,141,7.8,None,0,0
S9561,2026-04-29,12:42 PM,Rajendra,Library,0,0,11:53 AM,01:39 PM,11:35 AM,01:52 PM,637.55,162,37.68,None,0,0
S9562,2026-04-20,09:03 PM,Sarojini,Hostel,0,0,0,0,0,0,1372.6,147,28.43,None,0,0
S9563,2026-04-13,08:00 PM,Rajendra,Mess,07:36 PM,08:07 PM,0,0,0,0,261.53,32,28.95,Dinner,0,0
S9564,2026-04-03,01:06 PM,Sarojini,Mess,12:59 PM,01:46 PM,0,0,0,0,400.12,112,45.53,Lunch,0,0
S9565,2026-04-15,09:32 PM,Rajendra,Library,0,0,08:51 PM,11:02 PM,08:45 PM,11:13 PM,812.87,132,24.51,None,0,0
S9566,2026-04-24,11:16 PM,Rajendra,Hostel,0,0,0,0,0,0,1358.91,79,24.69,None,0,0
S9567,2026-04-12,07:57 PM,Azad,Mess,07:18 PM,08:02 PM,0,0,0,0,515.51,56,27.83,Dinner,0,0
S9568,2026-04-13,09:08 PM,Ganga,Mess,08:32 PM,09:22 PM,0,0,0,0,271.48,29,41.22,Dinner,0,0
S9569,2026-04-18,06:42 PM,Ganga,Library,0,0,06:36 PM,07:25 PM,06:29 PM,07:57 PM,920.48,186,34.15,None,0,0
S9570,2026-04-07,10:05 AM,Yamuna,Library,0,0,09:37 AM,10:54 AM,09:21 AM,11:07 AM,963.85,29,10.92,None,0,0
S9571,2026-04-29,03:55 PM,Yamuna,Library,0,0,02:59 PM,05:25 PM,02:40 PM,05:51 PM,915.59,10,11.84,None,0,0
S9572,2026-04-24,11:08 PM,Yamuna,Hostel,0,0,0,0,0,0,724.19,183,34.04,None,0,0
S9573,2026-04-11,08:45 PM,Rajendra,Mess,07:56 PM,08:54 PM,0,0,0,0,505.49,29,42.94,Dinner,0,0
S9574,2026-04-13,02:11 PM,Azad,Outside,0,0,0,0,01:14 PM,03:35 PM,335.78,36,2.28,None,1,0
S9575,2026-04-28,05:48 AM,Yamuna,Outside,0,0,0,0,04:59 AM,07:49 AM,101.34,43,2.31,None,0,0
S9576,2026-04-21,04:44 PM,Azad,Library,0,0,03:59 PM,05:25 PM,03:49 PM,06:06 PM,1000.93,75,20.7,None,0,0
S9577,2026-04-18,02:29 AM,Azad,Outside,0,0,0,0,01:40 AM,04:16 AM,338.42,96,6.72,None,0,0
S9578,2026-04-09,10:15 PM,Rajendra,Library,0,0,09:59 PM,11:24 PM,09:53 PM,11:51 PM,526.44,165,30.0,None,0,0
S9579,2026-04-28,12:06 AM,Azad,Hostel,0,0,0,0,0,0,139.67,200,34.38,None,0,0
S9580,2026-04-23,08:30 AM,Rajendra,Mess,07:54 AM,08:44 AM,0,0,0,0,295.7,72,31.96,Breakfast,0,0
S9581,2026-04-11,10:04 PM,Azad,Mess,09:37 PM,10:11 PM,0,0,0,0,566.98,153,57.45,Dinner,0,0
S9582,2026-04-27,10:48 PM,Azad,Library,0,0,09:44 PM,11:59 PM,09:37 PM,11:59 PM,1032.35,35,7.37,None,0,0
S9583,2026-04-12,03:06 AM,Azad,Outside,0,0,0,0,01:50 AM,04:52 AM,236.32,177,10.12,None,0,0
S9584,2026-04-02,08:23 PM,Ganga,Library,0,0,07:42 PM,08:34 PM,07:26 PM,09:18 PM,857.19,27,16.35,None,0,0
S9585,2026-04-07,08:41 PM,Azad,Mess,08:23 PM,08:50 PM,0,0,0,0,515.23,35,33.42,Dinner,0,0
S9586,2026-04-24,12:19 PM,Sarojini,Mess,12:16 PM,12:42 PM,0,0,0,0,418.41,97,41.74,Lunch,0,0
S9587,2026-04-15,03:42 PM,Rajendra,Library,0,0,03:28 PM,05:25 PM,03:05 PM,06:11 PM,791.2,11,11.26,None,1,0
S9588,2026-04-02,12:39 PM,Azad,Mess,12:16 PM,01:16 PM,0,0,0,0,367.1,24,30.28,Lunch,0,0
S9589,2026-04-08,01:22 AM,Ganga,Outside,0,0,0,0,12:29 AM,03:35 AM,272.48,29,3.24,None,0,0
S9590,2026-04-13,09:09 AM,Sarojini,Mess,09:04 AM,09:33 AM,0,0,0,0,467.04,102,31.66,Breakfast,1,1
S9591,2026-04-16,03:17 PM,Ganga,Library,0,0,02:41 PM,04:00 PM,02:33 PM,04:56 PM,512.73,25,8.22,None,0,0
S9592,2026-04-06,02:34 PM,Rajendra,Classroom,0,0,0,0,02:11 PM,03:25 PM,362.98,103,10.77,None,1,0
S9593,2026-04-06,08:04 PM,Yamuna,Mess,07:14 PM,08:11 PM,0,0,0,0,382.99,145,30.6,Dinner,0,0
S9594,2026-04-27,05:40 PM,Yamuna,Outside,0,0,0,0,03:58 PM,08:00 PM,247.85,163,11.42,None,0,0
S9595,2026-04-20,08:53 PM,Sarojini,Library,0,0,07:36 PM,09:43 PM,07:19 PM,10:27 PM,938.1,79,18.53,None,0,0
S9596,2026-04-06,09:25 AM,Azad,Mess,08:46 AM,09:42 AM,0,0,0,0,293.57,21,25.78,Breakfast,0,0
S9597,2026-04-07,10:01 PM,Yamuna,Mess,09:46 PM,10:35 PM,0,0,0,0,588.78,121,47.47,Dinner,0,0
S9598,2026-04-16,07:59 AM,Ganga,Hostel,0,0,0,0,0,0,167.16,33,21.45,None,0,0
S9599,2026-04-28,08:53 PM,Ganga,Library,0,0,08:08 PM,10:09 PM,07:51 PM,11:02 PM,808.19,130,22.2,None,0,0
S9600,2026-04-05,01:06 PM,Yamuna,Mess,01:05 PM,01:46 PM,0,0,0,0,366.82,128,53.43,Lunch,0,0
S9601,2026-04-04,03:41 PM,Yamuna,Outside,0,0,0,0,03:10 PM,05:59 PM,140.76,11,1.24,None,0,0
S9602,2026-04-22,12:44 PM,Yamuna,Classroom,0,0,0,0,12:31 PM,02:21 PM,334.58,145,20.07,None,1,0
S9603,2026-04-17,09:25 AM,Rajendra,Mess,08:55 AM,09:55 AM,0,0,0,0,448.28,188,54.88,Breakfast,0,0
S9604,2026-04-18,07:45 PM,Ganga,Mess,07:40 PM,08:09 PM,0,0,0,0,398.83,15,37.43,Dinner,0,0
S9605,2026-04-11,06:58 PM,Rajendra,Library,0,0,06:51 PM,07:24 PM,06:41 PM,07:45 PM,746.52,196,34.98,None,0,0
S9606,2026-04-27,08:37 PM,Yamuna,Mess,08:25 PM,08:55 PM,0,0,0,0,396.26,164,50.35,Dinner,0,0
S9607,2026-04-08,01:41 PM,Sarojini,Library,0,0,01:19 PM,02:07 PM,01:05 PM,02:22 PM,572.51,172,30.37,None,0,0
S9608,2026-04-27,02:48 AM,Azad,Outside,0,0,0,0,01:04 AM,05:12 AM,160.92,102,5.94,None,0,0
S9609,2026-04-08,01:52 AM,Azad,Hostel,0,0,0,0,0,0,158.45,73,24.99,None,0,0
S9610,2026-04-24,05:49 PM,Yamuna,Library,0,0,04:48 PM,07:12 PM,04:28 PM,07:55 PM,884.28,63,18.11,None,0,0
S9611,2026-04-22,09:12 PM,Ganga,Library,0,0,08:14 PM,10:34 PM,08:07 PM,10:46 PM,785.98,189,21.82,None,0,0
S9612,2026-04-23,08:19 AM,Sarojini,Hostel,0,0,0,0,0,0,229.34,139,27.44,None,0,0
S9613,2026-04-24,12:24 PM,Sarojini,Library,0,0,11:48 AM,12:58 PM,11:23 AM,01:35 PM,648.37,97,24.3,None,1,0
S9614,2026-04-29,05:37 PM,Rajendra,Library,0,0,05:15 PM,06:08 PM,04:55 PM,06:23 PM,602.84,141,25.58,None,0,0
S9615,2026-04-30,02:22 AM,Rajendra,Hostel,0,0,0,0,0,0,393.93,115,25.69,None,0,0
S9616,2026-04-22,09:08 AM,Sarojini,Hostel,0,0,0,0,0,0,250.31,36,25.38,None,1,1
S9617,2026-04-12,01:03 PM,Ganga,Mess,12:46 PM,01:29 PM,0,0,0,0,583.03,83,36.55,Lunch,0,0
S9618,2026-04-11,10:47 AM,Sarojini,Library,0,0,10:34 AM,01:13 PM,10:04 AM,01:49 PM,764.55,135,27.45,None,0,0
S9619,2026-04-06,07:50 AM,Sarojini,Mess,07:40 AM,08:14 AM,0,0,0,0,364.31,67,49.83,Breakfast,0,0
S9620,2026-04-27,08:38 PM,Yamuna,Library,0,0,06:58 PM,09:19 PM,06:44 PM,09:39 PM,977.94,25,12.03,None,0,0
S9621,2026-04-14,10:46 PM,Sarojini,Library,0,0,09:25 PM,11:01 PM,09:11 PM,11:16 PM,856.28,76,16.6,None,0,0
S9622,2026-05-01,01:19 PM,Ganga,Library,0,0,12:40 PM,01:45 PM,12:12 PM,02:35 PM,918.81,134,23.7,None,1,0
S9623,2026-04-17,09:43 AM,Yamuna,Mess,09:29 AM,10:03 AM,0,0,0,0,323.54,89,37.5,Breakfast,0,0
S9624,2026-04-16,11:27 AM,Ganga,Library,0,0,10:46 AM,12:55 PM,10:39 AM,01:21 PM,669.47,98,24.04,None,1,0
S9625,2026-04-12,10:22 PM,Rajendra,Mess,09:38 PM,10:29 PM,0,0,0,0,472.75,181,43.31,Dinner,0,0
S9626,2026-04-26,08:02 PM,Sarojini,Mess,07:39 PM,08:06 PM,0,0,0,0,410.71,191,40.3,Dinner,0,0
S9627,2026-04-24,03:20 AM,Azad,Hostel,0,0,0,0,0,0,140.73,184,45.92,None,0,0
S9628,2026-04-01,11:36 AM,Rajendra,Library,0,0,09:47 AM,11:38 AM,09:26 AM,12:07 PM,752.04,89,15.29,None,1,0
S9629,2026-04-08,12:09 PM,Yamuna,Outside,0,0,0,0,10:46 AM,02:48 PM,235.98,98,7.02,None,0,0
S9630,2026-04-22,11:28 AM,Sarojini,Outside,0,0,0,0,10:31 AM,12:44 PM,170.4,158,9.84,None,0,0
S9631,2026-04-28,03:10 PM,Rajendra,Hostel,0,0,0,0,0,0,205.67,27,15.53,None,1,0
S9632,2026-04-27,06:30 AM,Ganga,Outside,0,0,0,0,05:58 AM,08:05 AM,245.02,96,8.71,None,0,0
S9633,2026-04-22,08:55 PM,Yamuna,Library,0,0,08:18 PM,09:55 PM,07:48 PM,10:09 PM,578.53,86,22.55,None,0,0
S9634,2026-04-23,04:04 PM,Rajendra,Library,0,0,03:50 PM,04:22 PM,03:33 PM,05:05 PM,872.42,158,23.14,None,1,1
S9635,2026-04-16,02:25 PM,Azad,Library,0,0,01:59 PM,02:57 PM,01:54 PM,03:53 PM,644.54,11,7.36,None,0,0
S9636,2026-04-11,09:18 AM,Sarojini,Mess,08:25 AM,09:19 AM,0,0,0,0,465.05,41,41.07,Breakfast,1,1
S9637,2026-04-21,01:42 PM,Yamuna,Library,0,0,12:42 PM,02:16 PM,12:16 PM,02:27 PM,577.75,122,26.67,None,1,0
S9638,2026-04-10,05:39 PM,Rajendra,Library,0,0,05:18 PM,06:17 PM,04:59 PM,07:02 PM,857.0,25,10.57,None,0,0
S9639,2026-04-17,11:06 PM,Ganga,Outside,0,0,0,0,09:42 PM,11:59 PM,194.69,55,5.13,None,0,0
S9640,2026-04-17,12:07 AM,Yamuna,Outside,0,0,0,0,0,01:52 AM,223.78,89,9.73,None,0,0
S9641,2026-04-08,08:19 PM,Azad,Mess,07:46 PM,08:40 PM,0,0,0,0,374.52,65,30.1,Dinner,0,0
S9642,2026-04-06,02:21 PM,Ganga,Library,0,0,01:49 PM,02:27 PM,01:23 PM,02:47 PM,509.16,155,17.83,None,0,0
S9643,2026-04-03,01:01 AM,Ganga,Hostel,0,0,0,0,0,0,286.98,20,20.22,None,0,0
S9644,2026-04-15,05:51 PM,Sarojini,Library,0,0,04:51 PM,07:29 PM,04:39 PM,07:50 PM,853.16,21,11.61,None,0,0
S9645,2026-04-02,05:56 PM,Azad,Library,0,0,04:53 PM,05:58 PM,04:34 PM,06:32 PM,680.67,190,31.43,None,0,0
S9646,2026-04-05,05:21 PM,Rajendra,Library,0,0,04:03 PM,06:18 PM,03:44 PM,06:37 PM,721.12,126,18.21,None,0,0
S9647,2026-04-20,07:30 PM,Rajendra,Hostel,0,0,0,0,0,0,227.16,96,37.09,None,0,0
S9648,2026-05-01,05:48 PM,Azad,Library,0,0,03:26 PM,05:58 PM,03:01 PM,06:15 PM,606.43,151,23.35,None,0,0
S9649,2026-04-06,06:58 PM,Sarojini,Library,0,0,06:42 PM,09:06 PM,06:18 PM,10:02 PM,568.77,21,15.24,None,0,0
S9650,2026-04-06,12:38 AM,Rajendra,Outside,0,0,0,0,0,02:29 AM,267.64,174,14.26,None,0,0
S9651,2026-04-20,07:19 PM,Ganga,Mess,07:05 PM,07:26 PM,0,0,0,0,403.51,179,53.54,Dinner,0,0
S9652,2026-04-30,01:15 PM,Rajendra,Library,0,0,01:14 PM,01:49 PM,12:58 PM,02:02 PM,714.15,108,18.47,None,1,0
S9653,2026-04-06,09:01 PM,Rajendra,Hostel,0,0,0,0,0,0,1232.53,64,19.19,None,0,0
S9654,2026-04-21,10:01 PM,Ganga,Library,0,0,09:39 PM,10:34 PM,09:23 PM,11:09 PM,852.46,74,19.65,None,0,0
S9655,2026-04-10,07:19 AM,Rajendra,Mess,07:10 AM,07:47 AM,0,0,0,0,398.77,85,38.53,Breakfast,0,0
S9656,2026-04-15,03:18 PM,Ganga,Mess,02:43 PM,03:41 PM,0,0,0,0,467.3,72,41.68,Lunch,1,0
S9657,2026-04-15,01:33 PM,Rajendra,Mess,01:27 PM,02:12 PM,0,0,0,0,366.41,192,44.67,Lunch,0,0
S9658,2026-04-24,06:05 PM,Yamuna,Library,0,0,05:50 PM,07:02 PM,05:33 PM,07:32 PM,675.4,55,14.69,None,0,0
S9659,2026-04-21,07:45 PM,Sarojini,Hostel,0,0,0,0,0,0,324.75,19,18.29,None,0,0
S9660,2026-04-27,08:43 PM,Azad,Hostel,0,0,0,0,0,0,1397.29,59,15.49,None,0,0
S9661,2026-04-11,02:48 PM,Rajendra,Mess,02:18 PM,03:17 PM,0,0,0,0,321.38,18,23.8,Lunch,0,0
S9662,2026-04-16,07:32 PM,Ganga,Library,0,0,06:26 PM,08:53 PM,06:16 PM,09:28 PM,557.67,85,19.41,None,0,0
S9663,2026-04-05,12:04 PM,Azad,Library,0,0,11:12 AM,12:04 PM,11:03 AM,01:02 PM,951.9,152,17.58,None,0,0
S9664,2026-04-09,11:54 AM,Rajendra,Library,0,0,10:45 AM,12:38 PM,10:19 AM,12:52 PM,1019.75,59,13.28,None,0,0
S9665,2026-04-20,01:25 PM,Yamuna,Library,0,0,11:42 AM,01:43 PM,11:21 AM,02:32 PM,1072.35,115,23.51,None,0,0
S9666,2026-04-27,08:22 PM,Azad,Mess,08:17 PM,08:53 PM,0,0,0,0,449.11,66,37.43,Dinner,0,0
S9667,2026-04-18,01:47 PM,Rajendra,Mess,01:23 PM,01:54 PM,0,0,0,0,525.53,36,37.89,Lunch,0,0
S9668,2026-04-19,10:16 PM,Ganga,Library,0,0,10:16 PM,11:32 PM,09:50 PM,11:45 PM,918.35,131,12.81,None,0,0
S9669,2026-04-13,10:42 PM,Yamuna,Library,0,0,10:17 PM,11:59 PM,09:58 PM,11:59 PM,692.36,18,11.64,None,0,0
S9670,2026-04-11,07:27 PM,Ganga,Hostel,0,0,0,0,0,0,377.26,145,36.2,None,0,0
S9671,2026-04-07,09:04 PM,Rajendra,Mess,08:36 PM,09:31 PM,0,0,0,0,388.91,154,43.52,Dinner,0,0
S9672,2026-04-26,07:59 AM,Sarojini,Mess,07:02 AM,08:01 AM,0,0,0,0,635.52,136,37.21,Breakfast,0,0
S9673,2026-04-08,06:03 AM,Rajendra,Outside,0,0,0,0,05:23 AM,08:07 AM,356.01,161,11.1,None,0,0
S9674,2026-04-05,10:03 PM,Ganga,Mess,09:54 PM,10:28 PM,0,0,0,0,320.64,107,27.22,Dinner,0,0
S9675,2026-04-20,07:09 PM,Azad,Hostel,0,0,0,0,0,0,319.43,44,15.98,None,0,0
S9676,2026-04-17,10:44 PM,Ganga,Library,0,0,10:38 PM,11:11 PM,10:32 PM,11:41 PM,935.57,118,23.57,None,0,0
S9677,2026-04-12,07:42 PM,Azad,Mess,07:12 PM,08:07 PM,0,0,0,0,602.08,177,51.53,Dinner,0,0
S9678,2026-04-19,12:01 AM,Rajendra,Hostel,0,0,0,0,0,0,319.19,51,24.33,None,0,0
S9679,2026-04-08,08:36 PM,Azad,Mess,08:07 PM,09:06 PM,0,0,0,0,672.03,87,46.9,Dinner,0,0
S9680,2026-04-05,05:07 AM,Yamuna,Hostel,0,0,0,0,0,0,337.77,175,32.06,None,0,0
S9681,2026-04-07,09:09 AM,Ganga,Mess,08:23 AM,09:21 AM,0,0,0,0,492.73,181,54.79,Breakfast,0,0
S9682,2026-04-01,05:37 PM,Ganga,Library,0,0,04:13 PM,05:47 PM,03:57 PM,06:21 PM,863.64,113,25.46,None,0,0
S9683,2026-05-01,09:20 AM,Rajendra,Mess,08:49 AM,09:42 AM,0,0,0,0,523.04,71,38.79,Breakfast,1,1
S9684,2026-04-29,03:16 PM,Sarojini,Mess,02:54 PM,03:26 PM,0,0,0,0,328.37,55,33.45,Lunch,1,0
S9685,2026-04-05,12:36 PM,Yamuna,Library,0,0,11:43 AM,12:40 PM,11:14 AM,01:35 PM,667.51,14,14.08,None,0,0
S9686,2026-04-23,12:33 AM,Sarojini,Outside,0,0,0,0,0,02:30 AM,300.49,174,15.91,None,0,0
S9687,2026-04-14,04:48 PM,Sarojini,Library,0,0,03:58 PM,04:50 PM,03:35 PM,05:22 PM,712.64,98,23.13,None,0,0
S9688,2026-04-20,11:45 AM,Azad,Outside,0,0,0,0,10:30 AM,12:51 PM,353.87,108,11.64,None,1,0
S9689,2026-04-09,06:39 AM,Rajendra,Hostel,0,0,0,0,0,0,264.57,150,31.02,None,0,0
S9690,2026-04-05,09:20 AM,Sarojini,Hostel,0,0,0,0,0,0,123.78,168,29.31,None,1,1
S9691,2026-04-25,05:25 PM,Rajendra,Hostel,0,0,0,0,0,0,207.78,155,36.59,None,0,0
S9692,2026-04-14,07:49 AM,Yamuna,Mess,07:31 AM,07:55 AM,0,0,0,0,673.51,74,44.49,Breakfast,0,0
S9693,2026-04-16,09:24 PM,Sarojini,Mess,09:24 PM,09:55 PM,0,0,0,0,488.4,160,37.74,Dinner,0,0
S9694,2026-04-19,03:33 AM,Azad,Outside,0,0,0,0,01:48 AM,04:48 AM,347.52,166,9.81,None,0,0
S9695,2026-04-06,04:08 PM,Yamuna,Outside,0,0,0,0,02:59 PM,05:28 PM,286.65,175,20.39,None,0,0
S9696,2026-04-15,01:26 PM,Sarojini,Classroom,0,0,0,0,01:14 PM,02:50 PM,329.51,161,8.85,None,1,0
S9697,2026-04-21,02:15 PM,Sarojini,Library,0,0,02:01 PM,02:54 PM,01:55 PM,03:19 PM,907.28,122,19.2,None,1,0
S9698,2026-04-04,05:33 PM,Yamuna,Library,0,0,05:19 PM,06:29 PM,05:01 PM,06:50 PM,685.43,151,23.74,None,0,0
S9699,2026-04-13,09:30 AM,Rajendra,Hostel,0,0,0,0,0,0,284.21,112,29.07,None,0,0
S9700,2026-04-05,07:21 PM,Sarojini,Mess,07:09 PM,07:29 PM,0,0,0,0,379.45,63,45.23,Dinner,0,0
S9701,2026-04-17,05:56 PM,Azad,Outside,0,0,0,0,05:01 PM,08:30 PM,247.08,197,22.43,None,0,0
S9702,2026-04-25,08:08 PM,Rajendra,Hostel,0,0,0,0,0,0,985.31,182,29.89,None,0,0
S9703,2026-04-03,09:37 AM,Ganga,Mess,09:07 AM,10:04 AM,0,0,0,0,409.84,147,43.11,Breakfast,1,1
S9704,2026-04-28,09:47 AM,Azad,Hostel,0,0,0,0,0,0,278.93,109,29.95,None,0,0
S9705,2026-04-05,12:32 PM,Yamuna,Mess,12:12 PM,12:44 PM,0,0,0,0,443.03,181,48.77,Lunch,1,0
S9706,2026-04-09,09:54 AM,Ganga,Library,0,0,09:50 AM,11:58 AM,09:41 AM,12:25 PM,691.25,81,23.87,None,1,1
S9707,2026-04-23,01:21 PM,Yamuna,Library,0,0,12:34 PM,03:28 PM,12:04 PM,03:44 PM,619.43,46,17.2,None,1,0
S9708,2026-04-19,07:52 PM,Ganga,Library,0,0,06:58 PM,08:35 PM,06:29 PM,09:09 PM,773.33,166,20.02,None,0,0
S9709,2026-05-01,08:26 PM,Rajendra,Mess,08:12 PM,08:36 PM,0,0,0,0,327.98,94,36.16,Dinner,0,0
S9710,2026-04-02,04:10 PM,Sarojini,Hostel,0,0,0,0,0,0,119.45,90,28.4,None,1,1
S9711,2026-04-20,12:20 PM,Rajendra,Library,0,0,12:09 PM,02:41 PM,11:43 AM,02:59 PM,685.4,88,22.31,None,0,0
S9712,2026-04-10,01:32 PM,Rajendra,Mess,01:23 PM,02:00 PM,0,0,0,0,495.46,45,38.41,Lunch,0,0
S9713,2026-04-09,02:24 AM,Rajendra,Outside,0,0,0,0,12:59 AM,04:47 AM,250.19,53,4.56,None,0,0
S9714,2026-04-13,08:20 PM,Ganga,Mess,07:52 PM,08:42 PM,0,0,0,0,288.41,94,34.95,Dinner,0,0
S9715,2026-04-15,08:25 PM,Azad,Mess,08:05 PM,08:59 PM,0,0,0,0,563.81,10,33.3,Dinner,0,0
S9716,2026-05-01,02:24 PM,Ganga,Library,0,0,01:42 PM,04:17 PM,01:33 PM,04:33 PM,715.8,43,17.24,None,1,0
S9717,2026-04-30,04:06 PM,Ganga,Outside,0,0,0,0,03:03 PM,06:51 PM,279.0,24,3.23,None,1,1
S9718,2026-04-14,07:25 AM,Ganga,Mess,07:03 AM,07:29 AM,0,0,0,0,334.12,16,27.7,Breakfast,0,0
S9719,2026-04-01,07:22 PM,Sarojini,Library,0,0,06:45 PM,07:26 PM,06:20 PM,07:40 PM,871.26,16,6.79,None,0,0
S9720,2026-04-27,09:56 PM,Yamuna,Mess,09:38 PM,10:08 PM,0,0,0,0,532.27,126,34.29,Dinner,0,0
S9721,2026-04-09,11:20 PM,Azad,Library,0,0,10:41 PM,11:59 PM,10:29 PM,11:59 PM,679.9,155,27.51,None,0,0
S9722,2026-04-13,11:22 PM,Ganga,Library,0,0,09:07 PM,11:30 PM,08:51 PM,11:41 PM,929.5,75,16.37,None,0,0
S9723,2026-04-09,06:33 PM,Rajendra,Outside,0,0,0,0,05:03 PM,08:20 PM,398.83,116,7.07,None,0,0
S9724,2026-04-17,02:09 PM,Ganga,Mess,02:05 PM,02:48 PM,0,0,0,0,378.99,134,49.17,Lunch,0,0
S9725,2026-04-28,07:52 AM,Sarojini,Mess,07:14 AM,07:59 AM,0,0,0,0,615.93,143,41.62,Breakfast,0,0
S9726,2026-04-09,05:47 PM,Rajendra,Outside,0,0,0,0,04:35 PM,06:56 PM,294.53,111,12.18,None,0,0
S9727,2026-04-16,03:15 PM,Ganga,Mess,02:43 PM,03:43 PM,0,0,0,0,643.96,70,40.8,Lunch,1,0
S9728,2026-04-20,01:01 PM,Azad,Mess,12:37 PM,01:35 PM,0,0,0,0,366.68,35,28.57,Lunch,0,0
S9729,2026-04-29,07:52 PM,Yamuna,Library,0,0,07:29 PM,08:56 PM,07:09 PM,09:53 PM,769.59,108,14.41,None,0,0
S9730,2026-04-07,09:09 AM,Ganga,Mess,08:41 AM,09:22 AM,0,0,0,0,553.63,152,47.48,Breakfast,1,1
S9731,2026-04-15,07:16 PM,Azad,Library,0,0,07:12 PM,09:39 PM,06:56 PM,10:02 PM,661.62,186,33.49,None,0,0
S9732,2026-04-19,08:48 PM,Sarojini,Library,0,0,07:39 PM,09:41 PM,07:17 PM,10:30 PM,969.95,130,21.07,None,0,0
S9733,2026-04-21,12:08 PM,Rajendra,Library,0,0,11:07 AM,12:33 PM,10:41 AM,01:11 PM,680.72,64,13.16,None,1,0
S9734,2026-04-05,08:53 PM,Rajendra,Mess,08:24 PM,09:14 PM,0,0,0,0,314.06,146,32.12,Dinner,0,0
S9735,2026-05-01,09:00 AM,Ganga,Hostel,0,0,0,0,0,0,379.3,50,22.43,None,0,0
S9736,2026-04-28,06:49 PM,Rajendra,Classroom,0,0,0,0,06:29 PM,08:14 PM,276.39,17,1.68,None,1,1
S9737,2026-04-07,09:53 PM,Sarojini,Mess,09:34 PM,09:55 PM,0,0,0,0,429.07,145,49.38,Dinner,0,0
S9738,2026-04-18,05:36 PM,Azad,Library,0,0,05:07 PM,06:49 PM,04:38 PM,07:27 PM,693.52,97,14.51,None,0,0
S9739,2026-04-15,09:12 PM,Sarojini,Mess,08:47 PM,09:23 PM,0,0,0,0,384.87,45,34.2,Dinner,0,0
S9740,2026-04-01,12:47 PM,Rajendra,Mess,12:35 PM,01:02 PM,0,0,0,0,440.83,39,30.75,Lunch,1,0
S9741,2026-04-07,09:11 AM,Yamuna,Mess,08:57 AM,09:18 AM,0,0,0,0,463.27,158,53.41,Breakfast,0,0
S9742,2026-04-12,02:49 PM,Yamuna,Mess,02:13 PM,03:00 PM,0,0,0,0,540.43,51,38.84,Lunch,0,0
S9743,2026-04-09,05:28 PM,Yamuna,Hostel,0,0,0,0,0,0,307.97,94,24.58,None,0,0
S9744,2026-04-30,07:15 PM,Yamuna,Outside,0,0,0,0,06:01 PM,09:09 PM,163.13,87,12.46,None,0,0
S9745,2026-04-15,12:01 PM,Ganga,Library,0,0,12:01 PM,01:08 PM,11:36 AM,02:00 PM,785.32,18,14.12,None,0,0
S9746,2026-04-14,04:15 PM,Rajendra,Hostel,0,0,0,0,0,0,354.81,176,27.42,None,1,1
S9747,2026-04-20,05:17 PM,Sarojini,Library,0,0,05:00 PM,07:19 PM,04:47 PM,08:10 PM,726.75,195,19.83,None,0,0
S9748,2026-04-16,09:30 PM,Yamuna,Hostel,0,0,0,0,0,0,1075.03,161,36.06,None,0,0
S9749,2026-04-25,09:49 PM,Yamuna,Mess,09:45 PM,10:31 PM,0,0,0,0,263.44,57,39.68,Dinner,0,0
S9750,2026-04-10,10:10 AM,Yamuna,Hostel,0,0,0,0,0,0,164.7,63,22.76,None,1,1
S9751,2026-04-23,11:07 PM,Azad,Library,0,0,10:27 PM,11:59 PM,10:13 PM,11:59 PM,727.12,167,23.77,None,0,0
S9752,2026-04-06,11:41 AM,Yamuna,Library,0,0,10:57 AM,01:45 PM,10:30 AM,02:10 PM,647.91,125,21.14,None,1,0
S9753,2026-05-01,07:22 PM,Rajendra,Mess,07:18 PM,07:48 PM,0,0,0,0,388.33,194,58.57,Dinner,0,0
S9754,2026-04-15,07:30 AM,Ganga,Mess,07:12 AM,07:39 AM,0,0,0,0,544.17,164,44.96,Breakfast,0,0
S9755,2026-04-26,01:59 PM,Azad,Library,0,0,12:51 PM,02:13 PM,12:46 PM,03:11 PM,736.98,175,24.15,None,0,0
S9756,2026-04-03,11:22 PM,Yamuna,Outside,0,0,0,0,09:33 PM,11:59 PM,279.24,18,1.75,None,0,0
S9757,2026-04-19,06:46 PM,Ganga,Library,0,0,06:14 PM,06:50 PM,05:48 PM,07:42 PM,648.42,141,26.87,None,0,0
S9758,2026-04-13,06:23 AM,Sarojini,Outside,0,0,0,0,04:23 AM,07:59 AM,396.87,91,7.83,None,0,0
S9759,2026-04-27,03:37 PM,Azad,Library,0,0,03:24 PM,05:52 PM,02:56 PM,06:36 PM,773.96,55,20.53,None,1,0
S9760,2026-04-05,08:58 PM,Azad,Library,0,0,07:48 PM,09:45 PM,07:25 PM,10:23 PM,780.07,38,15.81,None,0,0
S9761,2026-04-09,12:31 PM,Rajendra,Library,0,0,11:12 AM,02:12 PM,11:02 AM,02:41 PM,696.35,189,37.12,None,0,0
S9762,2026-04-04,01:24 PM,Rajendra,Library,0,0,12:54 PM,02:29 PM,12:48 PM,03:00 PM,866.53,161,29.11,None,0,0
S9763,2026-04-15,12:08 AM,Azad,Hostel,0,0,0,0,0,0,225.43,85,33.93,None,0,0
S9764,2026-04-04,10:50 AM,Sarojini,Hostel,0,0,0,0,0,0,109.58,26,26.55,None,1,1
S9765,2026-04-07,09:39 PM,Ganga,Library,0,0,09:07 PM,10:25 PM,08:38 PM,10:52 PM,750.43,109,25.82,None,0,0
S9766,2026-04-22,07:25 PM,Yamuna,Hostel,0,0,0,0,0,0,193.16,114,29.33,None,0,0
S9767,2026-04-22,12:10 PM,Rajendra,Classroom,0,0,0,0,11:54 AM,01:17 PM,296.16,120,16.78,None,1,0
S9768,2026-04-17,03:18 PM,Ganga,Hostel,0,0,0,0,0,0,269.73,144,36.43,None,1,0
S9769,2026-04-02,12:27 PM,Yamuna,Mess,12:03 PM,12:29 PM,0,0,0,0,614.18,23,29.83,Lunch,1,0
S9770,2026-04-10,07:43 PM,Rajendra,Outside,0,0,0,0,06:33 PM,08:49 PM,277.8,29,4.25,None,0,0
S9771,2026-04-23,05:03 AM,Yamuna,Hostel,0,0,0,0,0,0,395.33,155,26.55,None,0,0
S9772,2026-04-19,05:18 AM,Sarojini,Outside,0,0,0,0,03:28 AM,07:11 AM,167.38,197,27.52,None,0,0
S9773,2026-04-22,08:06 AM,Ganga,Mess,07:34 AM,08:09 AM,0,0,0,0,293.27,111,37.21,Breakfast,0,0
S9774,2026-04-18,11:27 AM,Rajendra,Library,0,0,11:18 AM,01:18 PM,11:13 AM,01:34 PM,574.3,194,26.85,None,0,0
S9775,2026-04-16,01:49 PM,Ganga,Mess,01:21 PM,01:59 PM,0,0,0,0,490.69,74,41.48,Lunch,0,0
S9776,2026-04-11,10:22 PM,Sarojini,Mess,09:57 PM,10:24 PM,0,0,0,0,500.81,184,49.75,Dinner,0,0
S9777,2026-04-24,04:14 PM,Ganga,Library,0,0,03:10 PM,05:22 PM,03:01 PM,05:38 PM,836.43,93,23.34,None,0,0
S9778,2026-04-19,12:43 PM,Sarojini,Mess,12:34 PM,01:14 PM,0,0,0,0,577.59,161,50.07,Lunch,1,0
S9779,2026-04-12,06:54 PM,Rajendra,Library,0,0,06:14 PM,07:00 PM,06:08 PM,07:36 PM,631.32,72,17.08,None,0,0
S9780,2026-04-25,08:42 AM,Sarojini,Classroom,0,0,0,0,08:07 AM,10:42 AM,319.22,164,22.32,None,1,1
S9781,2026-04-22,10:15 PM,Yamuna,Mess,09:56 PM,10:19 PM,0,0,0,0,544.64,114,38.01,Dinner,0,0
S9782,2026-04-18,06:21 PM,Azad,Classroom,0,0,0,0,06:01 PM,06:58 PM,394.79,154,8.64,None,1,1
S9783,2026-04-16,11:43 AM,Ganga,Library,0,0,11:29 AM,02:02 PM,11:07 AM,02:14 PM,584.13,200,23.29,None,0,0
S9784,2026-04-30,08:55 PM,Ganga,Hostel,0,0,0,0,0,0,1462.72,92,18.05,None,0,0
S9785,2026-04-26,06:40 AM,Azad,Outside,0,0,0,0,04:57 AM,08:19 AM,164.9,70,6.86,None,0,0
S9786,2026-05-01,08:27 AM,Ganga,Mess,08:19 AM,08:48 AM,0,0,0,0,408.17,46,43.19,Breakfast,0,0
S9787,2026-04-12,06:05 AM,Ganga,Hostel,0,0,0,0,0,0,304.03,197,41.25,None,0,0
S9788,2026-04-05,03:20 PM,Sarojini,Library,0,0,03:04 PM,05:24 PM,02:50 PM,06:11 PM,832.88,84,23.09,None,1,0
S9789,2026-04-25,09:00 PM,Ganga,Library,0,0,07:45 PM,09:47 PM,07:23 PM,10:05 PM,724.11,166,28.45,None,0,0
S9790,2026-04-16,10:42 AM,Ganga,Hostel,0,0,0,0,0,0,220.44,198,34.18,None,0,0
S9791,2026-04-13,09:55 AM,Azad,Mess,09:28 AM,10:01 AM,0,0,0,0,561.67,142,40.88,Breakfast,0,0
S9792,2026-04-23,01:00 PM,Rajendra,Mess,12:18 PM,01:13 PM,0,0,0,0,247.29,75,37.23,Lunch,0,0
S9793,2026-04-23,12:56 PM,Rajendra,Classroom,0,0,0,0,12:44 PM,01:54 PM,391.41,154,8.0,None,1,0
S9794,2026-04-12,10:22 AM,Rajendra,Mess,09:51 AM,10:31 AM,0,0,0,0,409.01,12,36.71,Breakfast,1,1
S9795,2026-04-28,06:58 PM,Azad,Library,0,0,06:37 PM,07:33 PM,06:16 PM,08:24 PM,821.16,128,20.75,None,0,0
S9796,2026-04-22,09:14 AM,Rajendra,Library,0,0,09:05 AM,09:37 AM,08:52 AM,10:21 AM,437.85,154,31.36,None,0,0
S9797,2026-04-06,03:35 PM,Rajendra,Library,0,0,03:15 PM,05:21 PM,03:06 PM,06:01 PM,516.16,113,20.26,None,0,0
S9798,2026-04-22,02:22 AM,Rajendra,Outside,0,0,0,0,01:29 AM,05:20 AM,110.28,23,1.24,None,0,0
S9799,2026-04-24,11:23 AM,Azad,Library,0,0,10:21 AM,11:23 AM,10:03 AM,11:54 AM,628.81,122,21.17,None,1,0
S9800,2026-04-23,11:09 PM,Rajendra,Hostel,0,0,0,0,0,0,1034.38,157,28.73,None,0,0
S9801,2026-04-29,12:50 PM,Ganga,Library,0,0,12:29 PM,01:10 PM,12:06 PM,01:42 PM,822.67,128,24.87,None,0,0
S9802,2026-05-01,05:09 AM,Rajendra,Hostel,0,0,0,0,0,0,189.85,46,22.61,None,0,0
S9803,2026-05-01,04:26 PM,Azad,Library,0,0,03:32 PM,04:32 PM,03:26 PM,05:12 PM,686.49,58,13.83,None,0,0
S9804,2026-04-13,12:47 PM,Azad,Hostel,0,0,0,0,0,0,382.9,35,26.73,None,0,0
S9805,2026-04-16,01:33 PM,Rajendra,Library,0,0,01:17 PM,02:11 PM,12:52 PM,02:23 PM,884.08,146,27.82,None,1,0
S9806,2026-04-01,10:32 PM,Azad,Mess,09:55 PM,10:52 PM,0,0,0,0,256.36,64,38.76,Dinner,0,0
S9807,2026-04-21,03:18 AM,Azad,Outside,0,0,0,0,02:00 AM,06:11 AM,344.73,66,7.12,None,0,0
S9808,2026-04-20,10:23 PM,Rajendra,Hostel,0,0,0,0,0,0,1139.96,18,14.32,None,0,0
S9809,2026-04-11,08:51 AM,Yamuna,Mess,08:32 AM,08:53 AM,0,0,0,0,375.13,155,36.92,Breakfast,0,0
S9810,2026-04-16,01:39 AM,Ganga,Outside,0,0,0,0,12:57 AM,03:37 AM,236.6,114,17.05,None,0,0
S9811,2026-04-09,11:08 PM,Ganga,Library,0,0,10:19 PM,11:16 PM,10:12 PM,11:55 PM,666.68,91,23.94,None,0,0
S9812,2026-05-01,09:32 AM,Azad,Mess,09:28 AM,10:22 AM,0,0,0,0,349.69,74,30.2,Breakfast,1,1
S9813,2026-04-17,05:24 PM,Yamuna,Library,0,0,04:43 PM,06:47 PM,04:21 PM,07:27 PM,900.27,166,24.85,None,0,0
S9814,2026-04-28,08:09 PM,Ganga,Outside,0,0,0,0,06:54 PM,10:16 PM,352.07,92,5.15,None,0,0
S9815,2026-04-16,08:53 PM,Rajendra,Mess,08:43 PM,09:07 PM,0,0,0,0,510.56,180,48.33,Dinner,0,0
S9816,2026-04-25,07:57 AM,Sarojini,Mess,07:37 AM,08:26 AM,0,0,0,0,359.26,71,35.33,Breakfast,0,0
S9817,2026-04-05,08:00 PM,Sarojini,Mess,07:37 PM,08:02 PM,0,0,0,0,355.58,17,33.63,Dinner,0,0
S9818,2026-04-25,01:56 AM,Ganga,Outside,0,0,0,0,12:05 AM,03:43 AM,210.59,41,3.06,None,0,0
S9819,2026-04-18,01:33 PM,Ganga,Library,0,0,01:04 PM,02:45 PM,12:50 PM,03:25 PM,652.9,102,25.49,None,0,0
S9820,2026-04-27,02:33 PM,Yamuna,Library,0,0,01:30 PM,02:34 PM,01:08 PM,02:47 PM,780.67,65,15.39,None,0,0
S9821,2026-04-13,03:51 AM,Sarojini,Outside,0,0,0,0,02:40 AM,04:58 AM,227.85,159,23.68,None,0,0
S9822,2026-04-22,01:11 PM,Ganga,Mess,12:55 PM,01:27 PM,0,0,0,0,404.19,114,33.62,Lunch,0,0
S9823,2026-04-08,03:46 PM,Rajendra,Classroom,0,0,0,0,03:18 PM,04:17 PM,194.34,151,14.41,None,1,0
S9824,2026-04-01,06:37 PM,Rajendra,Outside,0,0,0,0,05:01 PM,09:28 PM,246.26,36,2.09,None,0,0
S9825,2026-04-02,01:42 AM,Rajendra,Hostel,0,0,0,0,0,0,114.01,180,28.67,None,0,0
S9826,2026-04-10,10:12 PM,Ganga,Mess,09:47 PM,10:36 PM,0,0,0,0,462.12,93,46.11,Dinner,0,0
S9827,2026-04-03,06:09 PM,Ganga,Library,0,0,04:48 PM,06:22 PM,04:26 PM,07:01 PM,560.08,139,20.49,None,0,0
S9828,2026-04-26,09:13 PM,Azad,Mess,08:43 PM,09:43 PM,0,0,0,0,486.47,159,52.73,Dinner,0,0
S9829,2026-04-10,01:52 AM,Ganga,Outside,0,0,0,0,12:44 AM,04:38 AM,335.56,110,13.83,None,0,0
S9830,2026-04-05,01:50 PM,Sarojini,Library,0,0,12:32 PM,03:22 PM,12:11 PM,03:58 PM,749.77,47,20.66,None,1,0
S9831,2026-04-29,11:00 PM,Rajendra,Library,0,0,10:46 PM,11:59 PM,10:31 PM,11:59 PM,852.19,26,15.57,None,0,0
S9832,2026-04-26,09:53 PM,Yamuna,Library,0,0,09:24 PM,11:25 PM,08:56 PM,11:59 PM,633.65,183,27.78,None,0,0
S9833,2026-04-27,05:27 AM,Ganga,Outside,0,0,0,0,03:45 AM,06:56 AM,149.66,168,9.35,None,0,0
S9834,2026-04-05,05:58 PM,Rajendra,Classroom,0,0,0,0,05:18 PM,06:36 PM,348.51,137,10.28,None,1,1
S9835,2026-04-11,07:35 AM,Ganga,Mess,07:11 AM,07:54 AM,0,0,0,0,606.68,120,37.63,Breakfast,0,0
S9836,2026-04-20,06:29 PM,Azad,Library,0,0,04:33 PM,06:35 PM,04:27 PM,07:01 PM,666.41,193,29.02,None,0,0
S9837,2026-04-08,08:57 AM,Ganga,Mess,08:32 AM,08:59 AM,0,0,0,0,517.57,147,44.23,Breakfast,0,0
S9838,2026-04-02,12:37 PM,Yamuna,Classroom,0,0,0,0,12:09 PM,02:19 PM,379.57,58,5.56,None,1,0
S9839,2026-04-09,01:38 PM,Sarojini,Library,0,0,01:34 PM,04:15 PM,01:07 PM,04:38 PM,926.13,44,12.34,None,1,0
S9840,2026-04-12,07:44 AM,Ganga,Hostel,0,0,0,0,0,0,382.9,33,16.78,None,0,0
S9841,2026-04-23,03:14 PM,Rajendra,Library,0,0,02:59 PM,03:30 PM,02:32 PM,04:02 PM,631.08,190,16.8,None,0,0
S9842,2026-04-20,02:27 PM,Sarojini,Mess,02:12 PM,02:32 PM,0,0,0,0,377.16,60,28.45,Lunch,1,0
S9843,2026-04-19,03:06 PM,Sarojini,Classroom,0,0,0,0,02:40 PM,04:16 PM,220.14,28,1.6,None,1,0
S9844,2026-04-25,12:20 PM,Azad,Hostel,0,0,0,0,0,0,245.91,26,14.71,None,1,0
S9845,2026-04-17,03:24 PM,Ganga,Mess,02:54 PM,03:39 PM,0,0,0,0,268.14,59,44.01,Lunch,0,0
S9846,2026-04-19,12:43 PM,Azad,Mess,12:37 PM,01:21 PM,0,0,0,0,542.63,127,33.68,Lunch,1,0
S9847,2026-04-25,08:53 AM,Sarojini,Mess,08:23 AM,09:01 AM,0,0,0,0,298.21,109,52.06,Breakfast,0,0
S9848,2026-04-10,09:57 AM,Rajendra,Mess,09:53 AM,10:26 AM,0,0,0,0,449.81,132,50.96,Breakfast,1,1
S9849,2026-04-03,02:19 AM,Yamuna,Outside,0,0,0,0,12:59 AM,03:50 AM,352.49,156,18.68,None,0,0
S9850,2026-04-23,09:50 AM,Ganga,Mess,09:24 AM,10:09 AM,0,0,0,0,538.16,195,38.85,Breakfast,1,1
S9851,2026-04-11,07:41 PM,Rajendra,Mess,07:11 PM,07:46 PM,0,0,0,0,554.86,41,38.93,Dinner,0,0
S9852,2026-04-23,06:25 PM,Yamuna,Library,0,0,04:18 PM,06:39 PM,04:04 PM,07:34 PM,815.14,101,15.49,None,0,0
S9853,2026-04-05,08:48 PM,Sarojini,Mess,08:05 PM,09:00 PM,0,0,0,0,389.19,31,37.1,Dinner,0,0
S9854,2026-04-18,07:36 PM,Ganga,Mess,07:06 PM,07:41 PM,0,0,0,0,411.06,63,33.99,Dinner,0,0
S9855,2026-04-05,08:31 PM,Azad,Mess,08:12 PM,09:02 PM,0,0,0,0,322.39,168,49.78,Dinner,0,0
S9856,2026-04-12,06:04 AM,Azad,Hostel,0,0,0,0,0,0,264.42,190,31.9,None,0,0
S9857,2026-04-11,08:41 PM,Ganga,Mess,08:12 PM,08:58 PM,0,0,0,0,647.41,162,44.35,Dinner,0,0
S9858,2026-04-22,09:41 AM,Yamuna,Library,0,0,09:20 AM,11:00 AM,09:00 AM,11:50 AM,872.67,56,13.55,None,0,0
S9859,2026-04-24,08:13 PM,Ganga,Mess,08:11 PM,08:54 PM,0,0,0,0,254.92,170,37.87,Dinner,0,0
S9860,2026-04-14,12:56 PM,Rajendra,Library,0,0,12:23 PM,02:44 PM,11:57 AM,03:40 PM,1017.91,40,18.72,None,1,0
S9861,2026-04-14,06:31 PM,Ganga,Library,0,0,05:32 PM,06:36 PM,05:21 PM,06:52 PM,888.43,79,22.22,None,0,0
S9862,2026-04-21,02:50 PM,Azad,Library,0,0,02:29 PM,04:15 PM,02:00 PM,04:40 PM,660.48,104,21.01,None,0,0
S9863,2026-04-01,05:48 PM,Rajendra,Library,0,0,05:16 PM,06:06 PM,04:56 PM,06:31 PM,743.38,186,39.38,None,0,0
S9864,2026-05-01,06:58 AM,Rajendra,Outside,0,0,0,0,06:19 AM,08:33 AM,345.56,158,9.79,None,0,0
S9865,2026-04-12,03:39 AM,Rajendra,Hostel,0,0,0,0,0,0,237.24,32,18.47,None,0,0
S9866,2026-04-11,04:27 AM,Ganga,Outside,0,0,0,0,03:09 AM,06:37 AM,244.26,83,5.96,None,0,0
S9867,2026-04-05,08:30 PM,Sarojini,Mess,08:29 PM,08:55 PM,0,0,0,0,342.79,35,36.35,Dinner,0,0
S9868,2026-04-04,03:42 AM,Azad,Hostel,0,0,0,0,0,0,317.98,79,30.35,None,0,0
S9869,2026-04-23,10:32 AM,Ganga,Mess,09:57 AM,10:45 AM,0,0,0,0,356.27,116,40.48,Breakfast,1,1
S9870,2026-04-24,08:45 PM,Sarojini,Mess,08:41 PM,09:24 PM,0,0,0,0,299.53,67,44.63,Dinner,0,0
S9871,2026-04-24,07:24 AM,Rajendra,Outside,0,0,0,0,06:23 AM,08:48 AM,116.26,46,6.1,None,0,0
S9872,2026-04-11,11:15 PM,Ganga,Library,0,0,10:28 PM,11:59 PM,10:23 PM,11:59 PM,841.1,77,17.97,None,0,0
S9873,2026-04-27,10:28 PM,Yamuna,Mess,09:57 PM,10:42 PM,0,0,0,0,377.27,124,56.4,Dinner,0,0
S9874,2026-04-13,12:54 PM,Yamuna,Mess,12:54 PM,01:16 PM,0,0,0,0,408.24,39,38.83,Lunch,1,0
S9875,2026-04-11,09:37 PM,Ganga,Library,0,0,08:27 PM,10:19 PM,08:18 PM,10:57 PM,813.42,78,15.55,None,0,0
S9876,2026-04-14,02:51 PM,Sarojini,Library,0,0,02:00 PM,02:53 PM,01:33 PM,03:39 PM,885.68,66,14.98,None,1,0
S9877,2026-04-01,07:38 PM,Rajendra,Library,0,0,06:25 PM,08:01 PM,06:17 PM,09:00 PM,679.46,22,7.49,None,0,0
S9878,2026-04-06,10:40 PM,Ganga,Hostel,0,0,0,0,0,0,1054.44,117,36.72,None,0,0
S9879,2026-04-15,04:56 PM,Ganga,Library,0,0,04:21 PM,06:08 PM,03:58 PM,06:36 PM,1043.73,110,24.93,None,0,0
S9880,2026-04-22,03:10 PM,Yamuna,Library,0,0,02:30 PM,04:08 PM,02:12 PM,04:45 PM,708.04,132,23.76,None,1,0
S9881,2026-04-09,04:35 PM,Ganga,Library,0,0,03:51 PM,06:01 PM,03:32 PM,06:23 PM,524.45,177,29.99,None,0,0
S9882,2026-04-18,07:30 AM,Sarojini,Mess,07:25 AM,08:03 AM,0,0,0,0,499.76,122,42.16,Breakfast,0,0
S9883,2026-04-28,02:37 PM,Yamuna,Mess,02:29 PM,02:50 PM,0,0,0,0,651.33,166,46.66,Lunch,1,0
S9884,2026-04-14,09:00 PM,Yamuna,Library,0,0,08:33 PM,11:03 PM,08:15 PM,11:31 PM,1012.71,37,11.07,None,0,0
S9885,2026-04-05,12:00 PM,Ganga,Library,0,0,10:33 AM,01:11 PM,10:10 AM,02:11 PM,754.65,134,23.97,None,1,0
S9886,2026-04-20,08:54 PM,Azad,Library,0,0,08:12 PM,08:55 PM,07:58 PM,09:31 PM,554.89,164,19.62,None,0,0
S9887,2026-04-25,09:54 PM,Yamuna,Mess,09:52 PM,10:12 PM,0,0,0,0,532.31,143,45.75,Dinner,0,0
S9888,2026-04-16,09:18 PM,Rajendra,Mess,09:04 PM,09:38 PM,0,0,0,0,473.74,93,49.44,Dinner,0,0
S9889,2026-04-20,08:50 PM,Azad,Library,0,0,07:26 PM,09:12 PM,07:09 PM,09:26 PM,863.76,97,21.19,None,0,0
S9890,2026-04-23,12:30 PM,Ganga,Mess,12:30 PM,12:54 PM,0,0,0,0,419.88,137,45.72,Lunch,0,0
S9891,2026-04-22,03:17 PM,Ganga,Library,0,0,02:36 PM,04:46 PM,02:31 PM,05:06 PM,861.82,96,20.43,None,0,0
S9892,2026-04-22,08:21 AM,Sarojini,Mess,08:19 AM,08:45 AM,0,0,0,0,617.45,23,29.36,Breakfast,0,0
S9893,2026-05-01,10:28 PM,Sarojini,Library,0,0,10:10 PM,11:05 PM,09:56 PM,11:51 PM,663.44,126,28.85,None,0,0
S9894,2026-04-06,08:59 PM,Ganga,Outside,0,0,0,0,07:18 PM,10:31 PM,335.3,145,9.11,None,0,0
S9895,2026-04-29,03:05 PM,Azad,Library,0,0,02:31 PM,05:08 PM,02:14 PM,05:49 PM,891.54,80,17.71,None,1,0
S9896,2026-04-22,11:47 AM,Sarojini,Library,0,0,10:17 AM,12:59 PM,10:05 AM,01:46 PM,760.87,148,18.77,None,1,0
S9897,2026-04-23,03:30 PM,Yamuna,Library,0,0,02:51 PM,03:36 PM,02:46 PM,03:46 PM,520.73,200,24.75,None,1,0
S9898,2026-04-29,09:52 AM,Rajendra,Mess,09:18 AM,10:11 AM,0,0,0,0,240.9,160,52.13,Breakfast,1,1
S9899,2026-04-16,09:32 AM,Sarojini,Mess,09:16 AM,09:36 AM,0,0,0,0,423.03,42,41.88,Breakfast,0,0
S9900,2026-04-23,11:30 AM,Ganga,Hostel,0,0,0,0,0,0,223.41,42,23.45,None,1,0
S9901,2026-04-29,05:58 PM,Azad,Outside,0,0,0,0,05:01 PM,07:37 PM,320.14,48,4.68,None,0,0
S9902,2026-04-10,06:34 AM,Azad,Hostel,0,0,0,0,0,0,167.55,100,22.08,None,0,0
S9903,2026-04-29,07:59 PM,Azad,Library,0,0,07:42 PM,10:35 PM,07:20 PM,11:33 PM,907.84,58,20.69,None,0,0
S9904,2026-04-20,01:55 AM,Rajendra,Outside,0,0,0,0,0,04:38 AM,168.1,33,3.04,None,0,0
S9905,2026-04-16,01:47 AM,Sarojini,Hostel,0,0,0,0,0,0,346.66,122,32.36,None,0,0
S9906,2026-04-09,01:18 PM,Sarojini,Mess,01:16 PM,01:50 PM,0,0,0,0,346.28,63,33.9,Lunch,0,0
S9907,2026-04-18,02:38 PM,Yamuna,Library,0,0,02:07 PM,03:05 PM,01:51 PM,03:18 PM,999.02,106,24.23,None,1,0
S9908,2026-04-06,05:05 AM,Ganga,Hostel,0,0,0,0,0,0,347.88,13,12.83,None,0,0
S9909,2026-04-11,10:02 PM,Yamuna,Hostel,0,0,0,0,0,0,1234.83,32,21.73,None,0,0
S9910,2026-04-16,09:23 PM,Yamuna,Mess,09:23 PM,09:53 PM,0,0,0,0,447.85,175,35.12,Dinner,0,0
S9911,2026-04-26,01:37 PM,Rajendra,Mess,01:25 PM,02:02 PM,0,0,0,0,681.25,116,46.24,Lunch,0,0
S9912,2026-04-24,05:35 PM,Azad,Outside,0,0,0,0,03:44 PM,07:45 PM,298.84,16,1.23,None,0,0
S9913,2026-04-25,02:23 PM,Sarojini,Outside,0,0,0,0,01:51 PM,03:40 PM,296.05,96,7.42,None,1,0
S9914,2026-04-17,12:24 PM,Rajendra,Classroom,0,0,0,0,11:45 AM,01:01 PM,195.92,125,15.57,None,1,0
S9915,2026-04-07,07:49 PM,Sarojini,Library,0,0,06:43 PM,08:05 PM,06:34 PM,08:55 PM,692.98,121,13.42,None,0,0
S9916,2026-04-25,07:44 AM,Rajendra,Mess,07:21 AM,07:53 AM,0,0,0,0,303.87,74,34.0,Breakfast,0,0
S9917,2026-04-29,11:32 AM,Yamuna,Classroom,0,0,0,0,11:03 AM,12:40 PM,205.74,153,13.35,None,1,0
S9918,2026-04-23,10:17 AM,Yamuna,Library,0,0,10:09 AM,12:52 PM,09:54 AM,01:47 PM,572.59,13,14.67,None,1,1
S9919,2026-04-30,09:31 AM,Ganga,Outside,0,0,0,0,08:28 AM,11:37 AM,105.72,181,16.15,None,1,1
S9920,2026-04-22,08:56 AM,Sarojini,Mess,08:52 AM,09:12 AM,0,0,0,0,317.1,28,36.39,Breakfast,0,0
S9921,2026-04-01,08:33 PM,Rajendra,Mess,08:15 PM,09:09 PM,0,0,0,0,244.22,158,50.35,Dinner,0,0
S9922,2026-04-28,10:12 AM,Rajendra,Mess,09:45 AM,10:14 AM,0,0,0,0,354.62,172,48.33,Breakfast,1,1
S9923,2026-04-10,08:18 PM,Sarojini,Mess,08:02 PM,08:47 PM,0,0,0,0,354.18,164,47.55,Dinner,0,0
S9924,2026-04-23,08:36 AM,Ganga,Hostel,0,0,0,0,0,0,303.05,178,44.64,None,0,0
S9925,2026-04-16,09:17 PM,Rajendra,Library,0,0,08:22 PM,11:00 PM,08:11 PM,11:21 PM,696.32,80,15.61,None,0,0
S9926,2026-04-30,11:58 AM,Yamuna,Library,0,0,10:13 AM,01:08 PM,09:50 AM,01:54 PM,744.97,159,22.51,None,0,0
S9927,2026-04-29,12:23 PM,Sarojini,Library,0,0,10:02 AM,12:41 PM,09:36 AM,01:04 PM,545.0,58,19.45,None,1,0
S9928,2026-04-10,07:46 AM,Azad,Outside,0,0,0,0,06:06 AM,09:07 AM,363.36,147,10.7,None,0,0
S9929,2026-04-23,05:50 PM,Ganga,Library,0,0,04:39 PM,07:00 PM,04:10 PM,07:33 PM,417.73,177,33.28,None,0,0
S9930,2026-04-25,10:40 PM,Rajendra,Outside,0,0,0,0,10:04 PM,11:59 PM,289.53,147,20.62,None,0,0
S9931,2026-04-07,05:02 AM,Azad,Outside,0,0,0,0,04:11 AM,08:02 AM,169.14,165,9.23,None,0,0
S9932,2026-04-03,06:41 PM,Rajendra,Library,0,0,05:41 PM,06:54 PM,05:20 PM,07:47 PM,446.32,150,23.13,None,0,0
S9933,2026-04-09,08:50 AM,Ganga,Mess,08:12 AM,08:50 AM,0,0,0,0,466.42,172,53.29,Breakfast,0,0
S9934,2026-04-19,10:53 PM,Azad,Library,0,0,10:14 PM,11:14 PM,10:01 PM,11:48 PM,611.59,167,21.52,None,0,0
S9935,2026-04-09,09:20 PM,Sarojini,Library,0,0,08:58 PM,09:57 PM,08:28 PM,10:21 PM,1010.05,162,21.91,None,0,0
S9936,2026-04-16,02:53 PM,Sarojini,Library,0,0,02:05 PM,03:11 PM,01:51 PM,03:38 PM,976.5,184,17.8,None,0,0
S9937,2026-04-03,09:52 PM,Rajendra,Mess,09:35 PM,10:11 PM,0,0,0,0,477.92,31,34.39,Dinner,0,0
S9938,2026-04-04,01:58 PM,Rajendra,Mess,01:48 PM,02:33 PM,0,0,0,0,382.49,46,38.51,Lunch,0,0
S9939,2026-05-01,09:06 PM,Rajendra,Mess,08:58 PM,09:20 PM,0,0,0,0,416.92,43,32.16,Dinner,0,0
S9940,2026-04-22,08:00 PM,Rajendra,Hostel,0,0,0,0,0,0,1136.91,16,20.44,None,0,0
S9941,2026-04-24,11:22 PM,Sarojini,Outside,0,0,0,0,09:56 PM,11:59 PM,208.72,188,16.6,None,0,0
S9942,2026-04-20,06:40 PM,Ganga,Outside,0,0,0,0,06:09 PM,08:30 PM,375.59,15,1.66,None,0,0
S9943,2026-04-09,04:50 AM,Azad,Hostel,0,0,0,0,0,0,106.87,21,13.57,None,0,0
S9944,2026-04-04,02:20 PM,Ganga,Library,0,0,02:08 PM,03:04 PM,01:40 PM,03:23 PM,474.48,17,9.82,None,1,0
S9945,2026-04-28,03:55 AM,Yamuna,Hostel,0,0,0,0,0,0,357.36,51,18.48,None,0,0
S9946,2026-04-01,09:38 PM,Ganga,Library,0,0,08:57 PM,09:47 PM,08:28 PM,10:45 PM,554.95,16,12.38,None,0,0
S9947,2026-04-28,02:40 AM,Rajendra,Hostel,0,0,0,0,0,0,283.77,185,39.95,None,0,0
S9948,2026-04-29,12:46 PM,Sarojini,Mess,12:28 PM,01:21 PM,0,0,0,0,587.81,59,46.37,Lunch,1,0
S9949,2026-04-04,07:58 AM,Rajendra,Mess,07:35 AM,08:09 AM,0,0,0,0,512.29,181,56.88,Breakfast,0,0
S9950,2026-04-05,02:07 AM,Rajendra,Hostel,0,0,0,0,0,0,220.58,128,21.96,None,0,0
S9951,2026-04-19,09:28 AM,Azad,Mess,09:28 AM,09:55 AM,0,0,0,0,417.35,103,34.9,Breakfast,1,1
S9952,2026-04-09,05:08 PM,Rajendra,Library,0,0,04:16 PM,05:57 PM,03:55 PM,06:33 PM,595.67,146,20.75,None,0,0
S9953,2026-04-07,03:07 PM,Ganga,Library,0,0,01:39 PM,03:49 PM,01:31 PM,04:06 PM,693.11,119,16.62,None,0,0
S9954,2026-04-25,12:17 AM,Rajendra,Outside,0,0,0,0,0,02:58 AM,273.77,34,4.23,None,0,0
S9955,2026-04-07,01:30 PM,Sarojini,Mess,01:16 PM,01:52 PM,0,0,0,0,523.01,190,33.43,Lunch,0,0
S9956,2026-04-20,07:56 PM,Ganga,Mess,07:07 PM,07:58 PM,0,0,0,0,385.11,173,41.5,Dinner,0,0
S9957,2026-04-12,11:29 PM,Yamuna,Library,0,0,10:20 PM,11:59 PM,10:09 PM,11:59 PM,751.04,164,33.09,None,0,0
S9958,2026-04-26,04:29 PM,Azad,Library,0,0,02:22 PM,05:00 PM,01:53 PM,05:24 PM,790.74,85,20.72,None,1,1
S9959,2026-04-28,02:21 PM,Azad,Classroom,0,0,0,0,02:05 PM,03:38 PM,210.98,115,12.75,None,1,0
S9960,2026-04-18,08:19 PM,Rajendra,Hostel,0,0,0,0,0,0,924.99,23,21.2,None,0,0
S9961,2026-04-27,11:33 AM,Azad,Outside,0,0,0,0,10:39 AM,01:21 PM,250.44,68,4.2,None,0,0
S9962,2026-04-24,10:23 PM,Sarojini,Mess,09:45 PM,10:27 PM,0,0,0,0,538.99,142,48.34,Dinner,0,0
S9963,2026-04-28,09:16 PM,Sarojini,Mess,08:31 PM,09:28 PM,0,0,0,0,546.8,63,39.17,Dinner,0,0
S9964,2026-04-03,09:06 AM,Azad,Classroom,0,0,0,0,08:30 AM,10:14 AM,177.2,61,6.46,None,1,1
S9965,2026-04-29,10:08 PM,Azad,Library,0,0,10:00 PM,11:46 PM,09:37 PM,11:59 PM,717.48,14,12.83,None,0,0
S9966,2026-04-17,05:56 PM,Yamuna,Library,0,0,03:52 PM,06:20 PM,03:34 PM,06:54 PM,767.8,71,16.58,None,0,0
S9967,2026-04-06,09:36 PM,Ganga,Library,0,0,09:25 PM,11:24 PM,09:04 PM,11:59 PM,835.36,19,7.57,None,0,0
S9968,2026-04-17,01:07 PM,Azad,Mess,12:27 PM,01:27 PM,0,0,0,0,259.83,33,25.98,Lunch,0,0
S9969,2026-04-17,01:51 PM,Ganga,Hostel,0,0,0,0,0,0,393.78,10,23.49,None,1,0
S9970,2026-04-26,12:58 PM,Sarojini,Mess,12:34 PM,01:15 PM,0,0,0,0,613.76,24,40.89,Lunch,1,0
S9971,2026-04-23,05:53 PM,Azad,Outside,0,0,0,0,03:53 PM,08:05 PM,383.63,36,4.78,None,0,0
S9972,2026-04-12,08:46 AM,Sarojini,Outside,0,0,0,0,07:56 AM,11:19 AM,295.42,63,3.4,None,0,0
S9973,2026-04-04,04:24 PM,Sarojini,Library,0,0,02:57 PM,04:34 PM,02:50 PM,05:02 PM,1039.75,155,32.52,None,1,1
S9974,2026-04-18,10:37 AM,Yamuna,Mess,09:57 AM,10:46 AM,0,0,0,0,410.27,172,39.59,Breakfast,1,1
S9975,2026-04-11,12:54 PM,Rajendra,Classroom,0,0,0,0,12:24 PM,02:48 PM,219.69,49,3.7,None,1,0
S9976,2026-04-11,09:24 AM,Sarojini,Outside,0,0,0,0,08:04 AM,11:20 AM,367.48,93,4.74,None,1,1
S9977,2026-04-17,04:17 PM,Rajendra,Library,0,0,03:51 PM,05:00 PM,03:42 PM,05:54 PM,561.6,19,8.65,None,0,0
S9978,2026-04-01,08:42 AM,Yamuna,Mess,08:31 AM,08:57 AM,0,0,0,0,323.27,188,51.82,Breakfast,0,0
S9979,2026-04-29,01:42 PM,Yamuna,Library,0,0,01:09 PM,02:06 PM,01:01 PM,03:04 PM,1027.58,65,14.33,None,1,0
S9980,2026-04-21,08:42 PM,Yamuna,Mess,08:19 PM,09:02 PM,0,0,0,0,424.91,59,46.08,Dinner,0,0
S9981,2026-04-12,08:02 PM,Yamuna,Library,0,0,07:46 PM,08:32 PM,07:31 PM,09:03 PM,676.42,152,28.33,None,0,0
S9982,2026-04-01,12:12 AM,Ganga,Hostel,0,0,0,0,0,0,238.09,60,13.99,None,0,0
S9983,2026-04-24,06:39 AM,Sarojini,Outside,0,0,0,0,05:59 AM,09:36 AM,324.82,49,4.8,None,0,0
S9984,2026-04-04,09:09 PM,Ganga,Mess,08:34 PM,09:14 PM,0,0,0,0,507.89,53,40.91,Dinner,0,0
S9985,2026-04-25,02:04 PM,Sarojini,Mess,01:46 PM,02:24 PM,0,0,0,0,496.98,162,30.52,Lunch,0,0
S9986,2026-04-15,01:14 PM,Ganga,Library,0,0,11:39 AM,01:15 PM,11:22 AM,01:32 PM,719.56,143,21.39,None,0,0
S9987,2026-04-19,10:08 AM,Rajendra,Classroom,0,0,0,0,09:30 AM,11:23 AM,322.53,140,20.23,None,1,1
S9988,2026-04-11,01:19 PM,Azad,Hostel,0,0,0,0,0,0,227.84,18,19.47,None,0,0
S9989,2026-04-14,02:36 PM,Azad,Mess,02:28 PM,03:15 PM,0,0,0,0,374.87,103,38.98,Lunch,0,0
S9990,2026-04-21,02:26 PM,Azad,Mess,02:06 PM,02:53 PM,0,0,0,0,330.2,45,38.36,Lunch,0,0
S9991,2026-04-03,07:55 AM,Rajendra,Mess,07:38 AM,07:59 AM,0,0,0,0,364.02,156,47.49,Breakfast,0,0
S9992,2026-04-15,01:20 PM,Ganga,Library,0,0,12:34 PM,02:22 PM,12:07 PM,02:58 PM,851.99,130,25.32,None,0,0
S9993,2026-04-19,07:52 PM,Yamuna,Mess,07:39 PM,08:06 PM,0,0,0,0,683.85,53,28.57,Dinner,0,0
S9994,2026-04-09,02:59 PM,Rajendra,Mess,02:38 PM,03:23 PM,0,0,0,0,471.93,116,32.53,Lunch,0,0
S9995,2026-04-08,10:25 PM,Ganga,Mess,09:45 PM,10:32 PM,0,0,0,0,542.0,29,34.4,Dinner,0,0
S9996,2026-04-03,09:22 PM,Yamuna,Library,0,0,08:46 PM,09:37 PM,08:31 PM,10:27 PM,605.44,144,12.59,None,0,0
S9997,2026-04-14,10:36 PM,Sarojini,Outside,0,0,0,0,09:21 PM,11:59 PM,140.77,170,19.72,None,0,0
S9998,2026-04-08,11:21 PM,Sarojini,Library,0,0,09:34 PM,11:43 PM,09:20 PM,11:59 PM,814.22,150,22.3,None,0,0
S9999,2026-04-14,11:00 PM,Ganga,Outside,0,0,0,0,09:39 PM,11:59 PM,265.86,128,8.08,None,0,0
S10000,2026-04-20,08:29 AM,Ganga,Mess,08:24 AM,09:21 AM,0,0,0,0,373.91,169,45.73,Breakfast,0,0
S10001,2026-04-17,08:13 AM,Azad,Mess,07:27 AM,08:26 AM,0,0,0,0,413.47,145,39.7,Breakfast,0,0
S10002,2026-04-13,08:36 AM,Sarojini,Mess,08:34 AM,08:58 AM,0,0,0,0,254.42,175,60.28,Breakfast,0,0
S10003,2026-04-29,12:30 PM,Ganga,Mess,12:29 PM,01:19 PM,0,0,0,0,528.05,186,53.68,Lunch,0,0
S10004,2026-04-19,05:21 PM,Rajendra,Library,0,0,03:29 PM,05:44 PM,03:17 PM,06:29 PM,618.89,149,19.1,None,0,0
S10005,2026-04-25,10:16 AM,Sarojini,Mess,09:55 AM,10:47 AM,0,0,0,0,506.19,147,35.04,Breakfast,1,1
S10006,2026-04-05,07:51 PM,Sarojini,Library,0,0,07:00 PM,08:51 PM,06:50 PM,09:44 PM,744.52,94,15.95,None,0,0
S10007,2026-05-01,08:55 AM,Sarojini,Mess,08:38 AM,09:20 AM,0,0,0,0,454.29,96,31.37,Breakfast,0,0
S10008,2026-04-10,09:20 AM,Azad,Hostel,0,0,0,0,0,0,197.78,172,26.66,None,0,0
S10009,2026-04-24,04:22 PM,Azad,Library,0,0,03:48 PM,05:05 PM,03:38 PM,05:54 PM,701.41,134,24.34,None,1,1
S10010,2026-04-15,10:29 PM,Azad,Outside,0,0,0,0,08:43 PM,11:59 PM,160.73,196,21.73,None,0,0
S10011,2026-04-23,11:40 AM,Rajendra,Library,0,0,09:14 AM,11:44 AM,09:00 AM,12:38 PM,746.97,109,25.97,None,0,0
S10012,2026-04-27,07:33 AM,Sarojini,Mess,07:09 AM,08:06 AM,0,0,0,0,537.22,153,56.4,Breakfast,0,0
S10013,2026-04-07,02:47 PM,Azad,Mess,02:31 PM,03:16 PM,0,0,0,0,377.24,165,55.85,Lunch,0,0
S10014,2026-04-18,09:25 PM,Rajendra,Mess,09:05 PM,09:49 PM,0,0,0,0,514.36,40,39.93,Dinner,0,0
S10015,2026-04-27,05:14 PM,Azad,Library,0,0,04:48 PM,05:32 PM,04:22 PM,05:50 PM,610.13,85,18.4,None,0,0
S10016,2026-04-20,06:48 PM,Azad,Library,0,0,06:04 PM,06:48 PM,05:40 PM,07:26 PM,660.72,190,25.81,None,0,0
S10017,2026-04-06,10:10 AM,Azad,Outside,0,0,0,0,08:26 AM,12:55 PM,263.07,199,11.0,None,1,1
S10018,2026-04-28,08:59 AM,Rajendra,Mess,08:56 AM,09:21 AM,0,0,0,0,282.23,129,52.34,Breakfast,0,0
S10019,2026-04-28,05:13 PM,Rajendra,Hostel,0,0,0,0,0,0,172.0,25,15.6,None,0,0
S10020,2026-04-14,01:01 PM,Yamuna,Mess,12:32 PM,01:13 PM,0,0,0,0,397.06,114,39.88,Lunch,0,0
S10021,2026-04-20,12:16 AM,Ganga,Outside,0,0,0,0,0,01:42 AM,271.85,127,9.79,None,0,0
S10022,2026-04-05,04:37 PM,Sarojini,Library,0,0,03:07 PM,05:30 PM,02:43 PM,06:27 PM,838.22,46,17.82,None,1,1
S10023,2026-04-16,10:30 PM,Azad,Library,0,0,08:57 PM,10:48 PM,08:41 PM,11:04 PM,643.15,58,11.67,None,0,0
S10024,2026-04-27,12:47 PM,Rajendra,Library,0,0,12:04 PM,02:17 PM,11:40 AM,02:57 PM,784.17,96,18.73,None,1,0
S10025,2026-04-16,09:48 AM,Sarojini,Mess,09:29 AM,10:02 AM,0,0,0,0,474.96,104,30.67,Breakfast,0,0
S10026,2026-04-25,02:01 PM,Azad,Library,0,0,01:43 PM,03:19 PM,01:15 PM,03:54 PM,719.76,195,25.98,None,1,0
S10027,2026-04-14,01:29 PM,Ganga,Library,0,0,11:49 AM,02:43 PM,11:26 AM,03:25 PM,747.17,133,22.81,None,0,0
S10028,2026-04-12,01:26 PM,Ganga,Mess,01:09 PM,01:41 PM,0,0,0,0,581.94,200,58.7,Lunch,0,0
S10029,2026-04-07,10:03 AM,Yamuna,Mess,09:24 AM,10:03 AM,0,0,0,0,591.48,145,51.68,Breakfast,1,1
S10030,2026-04-22,09:45 PM,Azad,Mess,09:30 PM,10:27 PM,0,0,0,0,599.49,150,31.84,Dinner,0,0
S10031,2026-04-08,11:14 PM,Yamuna,Library,0,0,09:26 PM,11:59 PM,09:15 PM,11:59 PM,517.4,88,23.88,None,0,0
S10032,2026-04-05,12:13 PM,Ganga,Library,0,0,12:12 PM,12:50 PM,11:47 AM,01:03 PM,927.08,128,23.44,None,0,0
S10033,2026-04-22,07:52 PM,Sarojini,Library,0,0,07:35 PM,10:22 PM,07:05 PM,10:35 PM,495.88,136,31.78,None,0,0
S10034,2026-04-20,12:50 PM,Azad,Outside,0,0,0,0,12:07 PM,01:59 PM,133.86,56,3.58,None,0,0
S10035,2026-05-01,10:40 PM,Azad,Library,0,0,09:25 PM,10:40 PM,09:11 PM,10:50 PM,711.34,22,13.62,None,0,0
S10036,2026-04-01,06:18 AM,Yamuna,Hostel,0,0,0,0,0,0,145.72,148,39.02,None,0,0
S10037,2026-04-15,03:53 PM,Yamuna,Hostel,0,0,0,0,0,0,364.33,27,25.68,None,1,0
S10038,2026-04-26,08:12 AM,Azad,Mess,07:17 AM,08:15 AM,0,0,0,0,505.27,129,43.2,Breakfast,0,0
S10039,2026-04-11,09:19 PM,Ganga,Mess,09:04 PM,09:35 PM,0,0,0,0,423.57,147,42.82,Dinner,0,0
S10040,2026-04-26,03:30 PM,Ganga,Classroom,0,0,0,0,03:03 PM,04:35 PM,147.84,105,11.48,None,1,0
S10041,2026-04-06,02:51 PM,Ganga,Outside,0,0,0,0,01:46 PM,05:12 PM,159.17,100,5.67,None,1,0
S10042,2026-04-14,02:44 PM,Sarojini,Mess,02:17 PM,02:52 PM,0,0,0,0,543.11,180,47.07,Lunch,1,0
S10043,2026-04-16,10:45 AM,Azad,Library,0,0,09:38 AM,11:02 AM,09:33 AM,11:53 AM,486.28,101,20.16,None,0,0
S10044,2026-04-23,10:44 PM,Yamuna,Outside,0,0,0,0,08:54 PM,11:59 PM,105.24,121,12.53,None,0,0
S10045,2026-04-10,08:48 AM,Sarojini,Hostel,0,0,0,0,0,0,393.6,199,29.7,None,0,0
S10046,2026-04-21,10:12 PM,Yamuna,Mess,09:46 PM,10:30 PM,0,0,0,0,455.53,192,52.8,Dinner,0,0
S10047,2026-04-23,02:50 AM,Rajendra,Hostel,0,0,0,0,0,0,325.5,183,41.55,None,0,0
S10048,2026-04-19,07:06 PM,Azad,Outside,0,0,0,0,05:23 PM,08:48 PM,126.63,179,26.27,None,0,0
S10049,2026-04-18,09:53 PM,Ganga,Mess,09:10 PM,09:56 PM,0,0,0,0,591.77,157,54.59,Dinner,0,0
S10050,2026-04-22,03:03 PM,Rajendra,Mess,02:39 PM,03:07 PM,0,0,0,0,341.18,198,65.77,Lunch,1,0
S10051,2026-04-19,02:02 PM,Rajendra,Classroom,0,0,0,0,01:37 PM,03:47 PM,206.9,185,27.58,None,1,0
S10052,2026-04-14,06:06 PM,Ganga,Hostel,0,0,0,0,0,0,337.91,186,26.59,None,0,0
S10053,2026-04-07,12:10 PM,Yamuna,Classroom,0,0,0,0,11:32 AM,12:46 PM,305.11,151,7.83,None,1,0
S10054,2026-04-21,08:33 AM,Ganga,Hostel,0,0,0,0,0,0,296.64,46,17.87,None,0,0
S10055,2026-04-07,06:20 AM,Yamuna,Outside,0,0,0,0,05:47 AM,07:56 AM,264.46,119,9.95,None,0,0
S10056,2026-04-17,09:55 PM,Azad,Library,0,0,09:40 PM,11:00 PM,09:28 PM,11:28 PM,799.88,148,24.44,None,0,0
S10057,2026-04-20,06:50 PM,Yamuna,Library,0,0,06:12 PM,09:05 PM,05:46 PM,09:30 PM,575.71,47,13.33,None,0,0
S10058,2026-04-13,02:58 PM,Azad,Mess,02:51 PM,03:37 PM,0,0,0,0,295.54,45,30.97,Lunch,1,0
S10059,2026-04-21,01:06 PM,Ganga,Mess,12:45 PM,01:21 PM,0,0,0,0,473.33,84,39.66,Lunch,1,0
S10060,2026-04-18,09:41 PM,Azad,Library,0,0,09:27 PM,10:29 PM,09:04 PM,11:18 PM,769.14,171,37.3,None,0,0
S10061,2026-04-24,10:58 PM,Yamuna,Library,0,0,10:26 PM,11:59 PM,10:10 PM,11:59 PM,731.38,158,20.83,None,0,0
S10062,2026-04-06,09:37 AM,Ganga,Mess,09:23 AM,09:46 AM,0,0,0,0,449.37,116,46.48,Breakfast,1,1
S10063,2026-04-18,06:17 PM,Azad,Hostel,0,0,0,0,0,0,267.06,134,30.26,None,0,0
S10064,2026-04-15,05:39 PM,Azad,Library,0,0,03:41 PM,05:42 PM,03:35 PM,06:18 PM,953.76,86,16.81,None,0,0
S10065,2026-04-01,02:36 PM,Yamuna,Mess,02:34 PM,02:55 PM,0,0,0,0,447.02,77,43.6,Lunch,1,0
S10066,2026-04-29,08:13 AM,Yamuna,Mess,08:07 AM,08:27 AM,0,0,0,0,674.61,158,44.49,Breakfast,0,0
S10067,2026-04-14,12:50 PM,Rajendra,Hostel,0,0,0,0,0,0,238.79,113,24.82,None,0,0
S10068,2026-05-01,05:57 AM,Sarojini,Outside,0,0,0,0,04:32 AM,08:23 AM,117.18,134,14.57,None,0,0
S10069,2026-04-23,02:45 PM,Ganga,Library,0,0,01:36 PM,03:56 PM,01:21 PM,04:51 PM,883.17,121,21.5,None,1,0
S10070,2026-04-18,01:44 PM,Azad,Mess,01:09 PM,02:02 PM,0,0,0,0,317.69,120,32.15,Lunch,1,0
S10071,2026-04-05,07:48 PM,Ganga,Hostel,0,0,0,0,0,0,134.0,39,29.09,None,0,0
S10072,2026-04-27,09:21 PM,Rajendra,Mess,09:09 PM,09:43 PM,0,0,0,0,545.6,152,41.34,Dinner,0,0
S10073,2026-04-09,04:12 AM,Ganga,Hostel,0,0,0,0,0,0,327.2,11,11.64,None,0,0
S10074,2026-04-13,08:31 PM,Rajendra,Mess,08:21 PM,08:41 PM,0,0,0,0,579.14,173,52.79,Dinner,0,0
S10075,2026-04-06,02:56 AM,Sarojini,Hostel,0,0,0,0,0,0,280.79,46,21.43,None,0,0
S10076,2026-04-04,02:05 AM,Ganga,Outside,0,0,0,0,01:27 AM,03:50 AM,104.33,67,8.22,None,0,0
S10077,2026-04-02,09:48 AM,Yamuna,Mess,09:45 AM,10:09 AM,0,0,0,0,388.11,162,42.6,Breakfast,0,0
S10078,2026-04-04,03:19 PM,Rajendra,Classroom,0,0,0,0,03:00 PM,04:07 PM,263.23,168,9.5,None,1,0
S10079,2026-04-05,01:05 AM,Ganga,Outside,0,0,0,0,0,02:17 AM,134.43,101,5.11,None,0,0
S10080,2026-04-30,04:44 PM,Sarojini,Library,0,0,04:43 PM,06:13 PM,04:27 PM,06:58 PM,908.97,72,22.73,None,1,1
S10081,2026-04-27,09:44 PM,Rajendra,Mess,09:24 PM,10:00 PM,0,0,0,0,613.25,144,39.92,Dinner,0,0
S10082,2026-05-01,09:23 AM,Azad,Mess,09:12 AM,09:46 AM,0,0,0,0,479.67,101,38.9,Breakfast,1,1
S10083,2026-04-13,07:47 AM,Sarojini,Mess,07:33 AM,08:13 AM,0,0,0,0,470.99,50,35.01,Breakfast,0,0
S10084,2026-04-22,01:37 PM,Rajendra,Library,0,0,01:06 PM,02:48 PM,01:01 PM,03:27 PM,881.72,197,33.03,None,0,0
S10085,2026-04-17,11:33 PM,Ganga,Library,0,0,10:28 PM,11:36 PM,10:19 PM,11:59 PM,571.2,165,27.26,None,0,0
S10086,2026-04-30,10:12 PM,Yamuna,Library,0,0,09:42 PM,10:19 PM,09:15 PM,10:42 PM,800.24,185,24.64,None,0,0
S10087,2026-04-08,06:28 PM,Ganga,Library,0,0,03:55 PM,06:39 PM,03:42 PM,06:51 PM,578.69,44,13.94,None,0,0
S10088,2026-04-30,06:41 PM,Rajendra,Library,0,0,06:39 PM,08:02 PM,06:22 PM,08:29 PM,911.89,184,24.97,None,0,0
S10089,2026-04-14,09:50 AM,Yamuna,Mess,09:36 AM,10:06 AM,0,0,0,0,380.62,186,48.36,Breakfast,1,1
S10090,2026-04-19,07:32 PM,Ganga,Outside,0,0,0,0,05:48 PM,09:42 PM,172.53,74,7.6,None,0,0
S10091,2026-04-26,01:56 PM,Sarojini,Mess,01:41 PM,02:06 PM,0,0,0,0,451.37,180,65.57,Lunch,1,0
S10092,2026-04-09,12:58 PM,Sarojini,Mess,12:35 PM,01:15 PM,0,0,0,0,486.19,175,53.4,Lunch,1,0
S10093,2026-04-22,08:54 AM,Sarojini,Outside,0,0,0,0,07:58 AM,10:00 AM,103.4,61,5.49,None,0,0
S10094,2026-04-15,07:23 AM,Rajendra,Outside,0,0,0,0,06:51 AM,09:01 AM,108.02,79,7.08,None,0,0
S10095,2026-04-01,06:38 PM,Sarojini,Library,0,0,06:00 PM,07:50 PM,05:55 PM,08:30 PM,990.23,42,14.48,None,0,0
S10096,2026-04-05,03:01 PM,Azad,Library,0,0,12:58 PM,03:06 PM,12:51 PM,04:01 PM,659.75,198,38.7,None,0,0
S10097,2026-04-29,10:13 PM,Sarojini,Mess,09:43 PM,10:16 PM,0,0,0,0,453.81,71,26.55,Dinner,0,0
S10098,2026-05-01,08:05 PM,Rajendra,Library,0,0,07:29 PM,09:09 PM,07:15 PM,09:30 PM,794.93,11,12.2,None,0,0
S10099,2026-04-12,11:38 AM,Rajendra,Library,0,0,11:35 AM,12:37 PM,11:24 AM,01:20 PM,831.19,173,18.85,None,0,0
S10100,2026-04-06,04:12 AM,Sarojini,Hostel,0,0,0,0,0,0,257.02,67,23.48,None,0,0
S10101,2026-04-02,02:44 PM,Sarojini,Library,0,0,02:23 PM,03:17 PM,02:17 PM,04:10 PM,841.66,122,29.24,None,0,0
S10102,2026-04-12,07:17 PM,Sarojini,Library,0,0,05:39 PM,08:00 PM,05:16 PM,08:58 PM,860.9,112,22.61,None,0,0
S10103,2026-04-03,07:52 PM,Ganga,Library,0,0,04:59 PM,07:56 PM,04:35 PM,08:11 PM,703.11,135,20.39,None,0,0
S10104,2026-04-11,10:49 PM,Rajendra,Hostel,0,0,0,0,0,0,1042.34,170,27.19,None,0,0
S10105,2026-04-10,09:37 AM,Sarojini,Mess,09:04 AM,09:47 AM,0,0,0,0,476.32,55,36.33,Breakfast,1,1
S10106,2026-04-07,04:54 AM,Yamuna,Hostel,0,0,0,0,0,0,325.69,185,35.76,None,0,0
S10107,2026-04-14,11:49 PM,Yamuna,Library,0,0,09:34 PM,11:58 PM,09:22 PM,11:59 PM,851.32,90,24.13,None,0,0
S10108,2026-04-18,01:11 PM,Yamuna,Classroom,0,0,0,0,12:39 PM,02:37 PM,213.42,194,22.5,None,1,0
S10109,2026-04-16,08:52 PM,Azad,Library,0,0,08:30 PM,09:46 PM,08:25 PM,10:27 PM,888.48,31,11.49,None,0,0
S10110,2026-04-10,10:04 AM,Yamuna,Library,0,0,10:02 AM,10:45 AM,09:34 AM,10:55 AM,781.27,116,22.25,None,0,0
S10111,2026-04-06,04:20 PM,Ganga,Library,0,0,02:30 PM,05:11 PM,02:21 PM,05:24 PM,929.09,41,17.57,None,0,0
S10112,2026-04-20,11:49 PM,Ganga,Library,0,0,10:57 PM,11:59 PM,10:37 PM,11:59 PM,786.18,190,18.6,None,0,0
S10113,2026-05-01,04:02 AM,Rajendra,Outside,0,0,0,0,03:30 AM,05:05 AM,386.47,98,5.49,None,0,0
S10114,2026-04-05,09:51 PM,Azad,Mess,09:33 PM,10:06 PM,0,0,0,0,421.01,155,49.08,Dinner,0,0
S10115,2026-04-24,01:56 PM,Ganga,Mess,01:21 PM,02:01 PM,0,0,0,0,263.37,165,31.35,Lunch,0,0
S10116,2026-04-10,11:20 PM,Rajendra,Library,0,0,10:54 PM,11:59 PM,10:36 PM,11:59 PM,1036.25,102,18.91,None,0,0
S10117,2026-04-27,08:26 PM,Azad,Library,0,0,07:32 PM,08:52 PM,07:26 PM,09:35 PM,676.71,142,17.04,None,0,0
S10118,2026-04-08,10:41 PM,Sarojini,Library,0,0,09:21 PM,11:59 PM,08:57 PM,11:59 PM,849.19,14,8.52,None,0,0
S10119,2026-04-24,06:48 PM,Yamuna,Library,0,0,06:23 PM,07:16 PM,06:03 PM,08:10 PM,737.71,175,29.03,None,0,0
S10120,2026-04-21,04:14 PM,Sarojini,Library,0,0,03:36 PM,05:46 PM,03:27 PM,06:36 PM,712.32,189,33.68,None,1,1
S10121,2026-04-10,02:31 PM,Yamuna,Mess,01:48 PM,02:41 PM,0,0,0,0,498.22,132,54.56,Lunch,0,0
S10122,2026-04-23,08:12 AM,Yamuna,Mess,07:36 AM,08:34 AM,0,0,0,0,464.66,183,44.8,Breakfast,0,0
S10123,2026-04-24,10:16 AM,Sarojini,Library,0,0,10:03 AM,10:56 AM,09:54 AM,11:17 AM,521.4,60,17.72,None,0,0
S10124,2026-04-05,12:27 PM,Ganga,Mess,12:25 PM,01:20 PM,0,0,0,0,575.69,111,35.57,Lunch,0,0
S10125,2026-04-11,01:45 PM,Ganga,Mess,01:25 PM,01:49 PM,0,0,0,0,535.04,56,28.28,Lunch,1,0
S10126,2026-04-29,03:00 PM,Ganga,Mess,02:40 PM,03:13 PM,0,0,0,0,441.28,49,41.11,Lunch,1,0
S10127,2026-04-02,08:06 AM,Sarojini,Mess,07:46 AM,08:43 AM,0,0,0,0,547.78,71,29.99,Breakfast,0,0
S10128,2026-04-29,09:33 PM,Rajendra,Library,0,0,09:33 PM,11:10 PM,09:28 PM,11:34 PM,946.23,40,11.25,None,0,0
S10129,2026-04-18,10:04 PM,Ganga,Hostel,0,0,0,0,0,0,1114.64,38,19.67,None,0,0
S10130,2026-04-04,11:34 PM,Azad,Hostel,0,0,0,0,0,0,1025.9,123,32.72,None,0,0
S10131,2026-05-01,10:33 PM,Rajendra,Mess,09:37 PM,10:37 PM,0,0,0,0,361.31,84,32.14,Dinner,0,0
S10132,2026-05-01,07:01 AM,Rajendra,Outside,0,0,0,0,05:16 AM,08:33 AM,300.33,68,6.35,None,0,0
S10133,2026-04-24,02:35 PM,Yamuna,Mess,02:34 PM,02:58 PM,0,0,0,0,320.68,48,26.22,Lunch,0,0
S10134,2026-04-10,09:14 AM,Rajendra,Mess,08:41 AM,09:35 AM,0,0,0,0,563.77,81,27.93,Breakfast,1,1
S10135,2026-04-21,08:55 AM,Ganga,Mess,08:52 AM,09:12 AM,0,0,0,0,601.77,143,46.35,Breakfast,0,0
S10136,2026-04-06,08:27 PM,Ganga,Library,0,0,07:24 PM,08:55 PM,07:03 PM,09:25 PM,855.63,156,34.91,None,0,0
S10137,2026-04-12,12:53 PM,Rajendra,Mess,12:15 PM,01:11 PM,0,0,0,0,458.87,109,50.92,Lunch,1,0
S10138,2026-04-23,05:51 PM,Rajendra,Library,0,0,04:57 PM,06:20 PM,04:45 PM,07:12 PM,922.58,19,10.29,None,0,0
S10139,2026-04-13,09:44 PM,Sarojini,Mess,09:33 PM,10:33 PM,0,0,0,0,552.23,18,28.98,Dinner,0,0
S10140,2026-04-26,02:07 PM,Ganga,Mess,01:37 PM,02:33 PM,0,0,0,0,287.25,188,51.58,Lunch,1,0
S10141,2026-04-29,03:55 PM,Yamuna,Library,0,0,01:32 PM,03:59 PM,01:02 PM,04:27 PM,935.5,31,8.75,None,1,0
S10142,2026-04-26,09:06 AM,Azad,Outside,0,0,0,0,07:21 AM,10:42 AM,286.22,81,4.55,None,1,1
S10143,2026-04-11,03:13 PM,Rajendra,Library,0,0,02:34 PM,05:33 PM,02:12 PM,06:16 PM,1004.01,25,11.53,None,0,0
S10144,2026-04-21,04:35 AM,Ganga,Hostel,0,0,0,0,0,0,110.35,106,33.81,None,0,0
S10145,2026-04-11,02:07 PM,Sarojini,Mess,01:34 PM,02:20 PM,0,0,0,0,453.77,182,58.23,Lunch,0,0
S10146,2026-04-15,02:57 PM,Yamuna,Outside,0,0,0,0,02:24 PM,04:14 PM,278.05,27,1.97,None,0,0
S10147,2026-04-16,09:13 AM,Rajendra,Mess,09:10 AM,09:50 AM,0,0,0,0,383.76,199,41.61,Breakfast,1,1
S10148,2026-04-28,07:55 PM,Azad,Hostel,0,0,0,0,0,0,313.18,179,41.79,None,0,0
S10149,2026-04-28,01:41 PM,Rajendra,Outside,0,0,0,0,12:04 PM,03:38 PM,253.19,30,1.77,None,1,0
S10150,2026-04-24,11:05 AM,Ganga,Classroom,0,0,0,0,10:42 AM,11:47 AM,163.14,41,3.34,None,1,0
S10151,2026-05-01,08:00 PM,Rajendra,Outside,0,0,0,0,06:54 PM,09:50 PM,124.15,153,19.15,None,0,0
S10152,2026-04-10,12:12 AM,Ganga,Outside,0,0,0,0,0,02:46 AM,383.51,57,3.06,None,0,0
S10153,2026-05-01,09:52 PM,Yamuna,Library,0,0,07:24 PM,10:09 PM,07:05 PM,10:27 PM,726.0,67,14.77,None,0,0
S10154,2026-04-27,03:14 AM,Sarojini,Hostel,0,0,0,0,0,0,298.75,96,25.32,None,0,0
S10155,2026-04-27,02:45 PM,Rajendra,Mess,02:21 PM,03:19 PM,0,0,0,0,471.85,193,41.93,Lunch,1,0
S10156,2026-05-01,09:18 PM,Azad,Mess,09:01 PM,09:27 PM,0,0,0,0,369.2,159,41.71,Dinner,0,0
S10157,2026-04-25,06:08 AM,Azad,Hostel,0,0,0,0,0,0,140.98,78,25.16,None,0,0
S10158,2026-04-02,06:25 PM,Azad,Classroom,0,0,0,0,05:58 PM,07:51 PM,384.42,91,9.92,None,1,1
S10159,2026-04-11,03:16 PM,Azad,Library,0,0,01:44 PM,03:33 PM,01:16 PM,03:43 PM,765.09,172,35.33,None,0,0
S10160,2026-04-22,07:59 AM,Azad,Mess,07:52 AM,08:18 AM,0,0,0,0,482.2,117,32.51,Breakfast,0,0
S10161,2026-04-30,07:36 AM,Ganga,Hostel,0,0,0,0,0,0,386.25,10,18.42,None,0,0
S10162,2026-04-13,08:35 PM,Rajendra,Mess,08:19 PM,08:54 PM,0,0,0,0,517.4,125,49.01,Dinner,0,0
S10163,2026-04-26,09:09 AM,Azad,Hostel,0,0,0,0,0,0,313.7,105,22.74,None,1,1
S10164,2026-04-18,04:22 PM,Ganga,Classroom,0,0,0,0,03:44 PM,05:15 PM,356.88,199,24.73,None,1,1
S10165,2026-04-19,01:41 AM,Ganga,Outside,0,0,0,0,12:18 AM,04:36 AM,258.04,90,6.29,None,0,0
S10166,2026-04-14,08:58 PM,Rajendra,Hostel,0,0,0,0,0,0,863.17,164,33.4,None,0,0
S10167,2026-04-16,10:28 AM,Azad,Mess,09:57 AM,10:53 AM,0,0,0,0,516.72,37,39.97,Breakfast,1,1
S10168,2026-04-22,12:55 PM,Rajendra,Mess,12:52 PM,01:39 PM,0,0,0,0,433.54,197,55.05,Lunch,0,0
S10169,2026-04-24,08:15 PM,Yamuna,Library,0,0,07:32 PM,08:56 PM,07:07 PM,09:09 PM,900.54,23,14.27,None,0,0
S10170,2026-04-11,05:08 AM,Ganga,Outside,0,0,0,0,04:28 AM,07:14 AM,246.84,120,9.88,None,0,0
S10171,2026-04-29,08:43 PM,Ganga,Mess,08:04 PM,08:46 PM,0,0,0,0,411.12,140,43.9,Dinner,0,0
S10172,2026-04-01,03:06 PM,Ganga,Library,0,0,01:43 PM,03:27 PM,01:27 PM,03:40 PM,510.0,153,20.05,None,0,0
S10173,2026-04-12,08:05 AM,Ganga,Mess,07:49 AM,08:30 AM,0,0,0,0,530.33,13,37.82,Breakfast,0,0
S10174,2026-04-27,06:06 PM,Rajendra,Outside,0,0,0,0,04:53 PM,08:05 PM,152.91,48,3.68,None,0,0
S10175,2026-04-23,05:39 PM,Ganga,Library,0,0,04:06 PM,06:43 PM,03:56 PM,07:06 PM,876.89,130,19.46,None,0,0
S10176,2026-04-12,09:46 AM,Sarojini,Classroom,0,0,0,0,09:18 AM,10:16 AM,353.64,93,7.39,None,1,1
S10177,2026-04-12,09:39 PM,Yamuna,Library,0,0,09:39 PM,10:47 PM,09:23 PM,11:34 PM,796.78,61,15.11,None,0,0
S10178,2026-04-05,01:59 AM,Ganga,Hostel,0,0,0,0,0,0,288.81,118,36.91,None,0,0
S10179,2026-04-16,08:14 PM,Rajendra,Mess,07:51 PM,08:15 PM,0,0,0,0,526.26,189,34.82,Dinner,0,0
S10180,2026-04-16,06:03 AM,Ganga,Outside,0,0,0,0,04:08 AM,08:34 AM,278.58,80,10.57,None,0,0
S10181,2026-04-10,10:20 PM,Ganga,Library,0,0,09:37 PM,11:43 PM,09:08 PM,11:59 PM,614.26,24,12.78,None,0,0
S10182,2026-04-24,11:18 PM,Sarojini,Hostel,0,0,0,0,0,0,1322.58,183,35.45,None,0,0
S10183,2026-04-06,08:15 AM,Ganga,Mess,08:07 AM,08:56 AM,0,0,0,0,302.01,44,33.31,Breakfast,0,0
S10184,2026-04-27,11:46 AM,Yamuna,Library,0,0,09:54 AM,12:07 PM,09:36 AM,12:52 PM,889.05,179,25.6,None,1,0
S10185,2026-04-14,07:23 AM,Azad,Mess,07:03 AM,07:28 AM,0,0,0,0,412.49,156,42.1,Breakfast,0,0
S10186,2026-04-24,03:59 PM,Ganga,Library,0,0,03:27 PM,05:06 PM,03:09 PM,06:00 PM,699.21,76,16.47,None,1,0
S10187,2026-04-17,10:17 AM,Ganga,Library,0,0,09:17 AM,11:03 AM,09:10 AM,11:27 AM,674.83,169,23.17,None,0,0
S10188,2026-04-27,01:18 PM,Azad,Library,0,0,01:18 PM,03:02 PM,01:12 PM,03:57 PM,952.03,47,11.73,None,1,0
S10189,2026-04-30,02:22 PM,Ganga,Mess,01:33 PM,02:23 PM,0,0,0,0,469.12,183,54.85,Lunch,1,0
S10190,2026-04-28,12:33 PM,Ganga,Library,0,0,11:41 AM,12:34 PM,11:25 AM,12:56 PM,562.55,46,17.77,None,0,0
S10191,2026-04-19,09:49 PM,Azad,Library,0,0,09:34 PM,10:16 PM,09:18 PM,10:29 PM,522.9,65,15.71,None,0,0
S10192,2026-04-04,09:18 AM,Azad,Mess,08:53 AM,09:21 AM,0,0,0,0,281.21,169,51.04,Breakfast,1,1
S10193,2026-04-08,03:16 PM,Sarojini,Mess,02:58 PM,03:35 PM,0,0,0,0,448.14,159,47.81,Lunch,1,0
S10194,2026-04-29,12:56 PM,Ganga,Mess,12:36 PM,01:22 PM,0,0,0,0,550.81,194,60.67,Lunch,0,0
S10195,2026-04-13,04:07 PM,Yamuna,Library,0,0,03:47 PM,04:30 PM,03:25 PM,05:12 PM,954.75,28,12.94,None,0,0
S10196,2026-04-06,09:03 AM,Rajendra,Mess,09:01 AM,09:30 AM,0,0,0,0,412.53,138,32.51,Breakfast,0,0
S10197,2026-04-15,05:30 PM,Azad,Outside,0,0,0,0,04:24 PM,08:17 PM,183.7,36,4.33,None,0,0
S10198,2026-04-05,12:03 PM,Sarojini,Library,0,0,11:39 AM,12:17 PM,11:16 AM,12:50 PM,757.61,128,26.01,None,0,0
S10199,2026-04-09,01:42 PM,Sarojini,Library,0,0,01:14 PM,02:12 PM,12:46 PM,02:35 PM,816.14,152,26.89,None,0,0
S10200,2026-04-27,12:56 PM,Sarojini,Hostel,0,0,0,0,0,0,379.25,175,33.23,None,1,0
S10201,2026-04-26,08:49 PM,Yamuna,Hostel,0,0,0,0,0,0,893.2,26,13.68,None,0,0
S10202,2026-04-14,01:31 PM,Azad,Library,0,0,12:57 PM,01:53 PM,12:50 PM,02:17 PM,826.65,143,26.25,None,0,0
S10203,2026-04-20,10:33 AM,Ganga,Library,0,0,09:14 AM,11:19 AM,08:58 AM,12:19 PM,634.67,33,17.28,None,0,0
S10204,2026-04-01,12:44 PM,Yamuna,Mess,12:29 PM,12:57 PM,0,0,0,0,447.33,64,33.95,Lunch,0,0
S10205,2026-04-02,12:10 PM,Yamuna,Hostel,0,0,0,0,0,0,166.28,21,12.58,None,1,0
S10206,2026-04-24,05:46 AM,Sarojini,Hostel,0,0,0,0,0,0,314.59,58,28.13,None,0,0
S10207,2026-04-30,07:49 AM,Sarojini,Hostel,0,0,0,0,0,0,354.28,14,12.77,None,0,0
S10208,2026-04-01,03:51 AM,Rajendra,Outside,0,0,0,0,02:21 AM,06:32 AM,288.93,133,14.98,None,0,0
S10209,2026-04-12,11:57 AM,Rajendra,Classroom,0,0,0,0,11:33 AM,01:22 PM,315.69,200,23.96,None,1,0
S10210,2026-04-18,03:31 PM,Azad,Library,0,0,02:36 PM,04:17 PM,02:12 PM,04:34 PM,783.07,12,6.31,None,0,0
S10211,2026-04-13,01:05 PM,Azad,Library,0,0,12:07 PM,01:45 PM,11:46 AM,01:56 PM,676.46,15,7.33,None,0,0
S10212,2026-04-06,07:29 AM,Azad,Mess,07:05 AM,07:50 AM,0,0,0,0,537.96,61,29.63,Breakfast,0,0
S10213,2026-04-25,01:30 PM,Azad,Mess,01:10 PM,01:57 PM,0,0,0,0,643.95,162,56.9,Lunch,0,0
S10214,2026-04-06,04:08 PM,Ganga,Library,0,0,03:46 PM,04:31 PM,03:18 PM,05:01 PM,747.38,164,29.69,None,0,0
S10215,2026-04-03,08:56 PM,Yamuna,Mess,08:40 PM,09:26 PM,0,0,0,0,380.03,136,51.29,Dinner,0,0
S10216,2026-04-04,08:55 PM,Rajendra,Library,0,0,06:55 PM,09:06 PM,06:47 PM,09:19 PM,796.56,66,18.07,None,0,0
S10217,2026-04-21,02:23 PM,Yamuna,Library,0,0,01:10 PM,04:10 PM,12:51 PM,04:40 PM,708.31,143,25.89,None,1,0
S10218,2026-04-15,11:56 AM,Rajendra,Library,0,0,11:39 AM,12:21 PM,11:09 AM,01:04 PM,1040.38,177,26.06,None,0,0
S10219,2026-04-06,04:52 PM,Azad,Library,0,0,04:31 PM,06:10 PM,04:17 PM,06:36 PM,518.71,104,24.33,None,1,1
S10220,2026-04-08,05:42 AM,Sarojini,Hostel,0,0,0,0,0,0,125.91,77,27.53,None,0,0
S10221,2026-04-02,12:41 PM,Azad,Mess,12:21 PM,01:20 PM,0,0,0,0,416.39,36,32.87,Lunch,0,0
S10222,2026-04-29,06:24 AM,Azad,Hostel,0,0,0,0,0,0,398.41,150,34.57,None,0,0
S10223,2026-04-27,09:07 PM,Ganga,Mess,08:52 PM,09:16 PM,0,0,0,0,439.27,197,43.63,Dinner,0,0
S10224,2026-04-05,03:36 AM,Rajendra,Outside,0,0,0,0,02:24 AM,04:52 AM,131.12,117,9.56,None,0,0
S10225,2026-04-01,08:38 PM,Ganga,Mess,07:46 PM,08:41 PM,0,0,0,0,411.13,127,43.78,Dinner,0,0
S10226,2026-04-15,05:45 AM,Azad,Outside,0,0,0,0,04:35 AM,07:12 AM,237.05,169,23.72,None,0,0
S10227,2026-04-02,12:42 PM,Yamuna,Hostel,0,0,0,0,0,0,397.76,49,30.32,None,1,0
S10228,2026-04-23,06:13 AM,Azad,Outside,0,0,0,0,05:18 AM,08:23 AM,295.63,44,5.65,None,0,0
S10229,2026-05-01,04:26 AM,Rajendra,Outside,0,0,0,0,03:29 AM,05:54 AM,197.78,41,5.86,None,0,0
S10230,2026-04-30,06:29 PM,Sarojini,Library,0,0,06:02 PM,07:44 PM,05:37 PM,08:30 PM,594.19,102,22.04,None,0,0
S10231,2026-04-10,05:53 PM,Ganga,Library,0,0,03:33 PM,06:17 PM,03:25 PM,06:41 PM,729.38,129,19.25,None,0,0
S10232,2026-04-29,01:15 PM,Sarojini,Classroom,0,0,0,0,12:53 PM,03:04 PM,217.87,159,15.31,None,1,0
S10233,2026-04-05,12:15 PM,Azad,Library,0,0,11:39 AM,12:46 PM,11:21 AM,01:24 PM,997.43,73,23.1,None,1,0
S10234,2026-04-13,02:24 PM,Yamuna,Mess,02:01 PM,02:44 PM,0,0,0,0,222.3,169,57.04,Lunch,1,0
S10235,2026-04-16,08:05 AM,Sarojini,Mess,07:56 AM,08:35 AM,0,0,0,0,276.08,178,49.83,Breakfast,0,0
S10236,2026-04-10,11:17 PM,Azad,Library,0,0,10:23 PM,11:45 PM,10:01 PM,11:59 PM,740.63,103,17.96,None,0,0
S10237,2026-04-10,09:37 AM,Yamuna,Library,0,0,09:11 AM,10:30 AM,08:49 AM,11:22 AM,710.51,194,36.44,None,1,1
S10238,2026-04-27,08:39 AM,Rajendra,Mess,08:34 AM,09:19 AM,0,0,0,0,443.95,169,39.08,Breakfast,0,0
S10239,2026-04-19,08:33 PM,Ganga,Outside,0,0,0,0,07:17 PM,10:43 PM,299.84,79,8.87,None,0,0
S10240,2026-04-18,10:59 PM,Azad,Library,0,0,08:52 PM,11:12 PM,08:33 PM,11:57 PM,757.08,54,16.6,None,0,0
S10241,2026-04-04,01:21 PM,Sarojini,Mess,12:44 PM,01:24 PM,0,0,0,0,521.98,14,34.36,Lunch,0,0
S10242,2026-04-23,08:24 PM,Azad,Library,0,0,07:56 PM,08:58 PM,07:40 PM,09:18 PM,872.03,79,18.0,None,0,0
S10243,2026-05-01,05:05 PM,Sarojini,Library,0,0,03:27 PM,06:21 PM,02:58 PM,07:04 PM,652.42,154,25.96,None,0,0
S10244,2026-04-19,07:15 PM,Yamuna,Outside,0,0,0,0,05:45 PM,09:50 PM,289.27,116,14.85,None,0,0
S10245,2026-04-04,08:37 PM,Ganga,Mess,08:28 PM,09:00 PM,0,0,0,0,435.61,153,36.61,Dinner,0,0
S10246,2026-04-21,09:55 AM,Yamuna,Library,0,0,09:17 AM,11:06 AM,09:10 AM,11:23 AM,864.6,78,18.65,None,0,0
S10247,2026-04-09,09:40 AM,Yamuna,Mess,08:46 AM,09:45 AM,0,0,0,0,545.68,138,55.2,Breakfast,0,0
S10248,2026-04-20,09:24 AM,Rajendra,Mess,09:06 AM,09:36 AM,0,0,0,0,415.02,78,36.28,Breakfast,0,0
S10249,2026-04-25,12:17 AM,Rajendra,Hostel,0,0,0,0,0,0,225.88,131,30.75,None,0,0
S10250,2026-04-20,07:27 PM,Ganga,Mess,07:15 PM,07:43 PM,0,0,0,0,492.16,142,32.75,Dinner,0,0
S10251,2026-04-04,01:08 PM,Ganga,Outside,0,0,0,0,12:09 PM,03:28 PM,389.28,129,10.81,None,0,0
S10252,2026-04-27,01:36 PM,Azad,Library,0,0,01:30 PM,02:14 PM,01:18 PM,02:37 PM,443.57,15,11.11,None,0,0
S10253,2026-04-01,09:16 PM,Rajendra,Library,0,0,07:39 PM,10:14 PM,07:20 PM,10:54 PM,821.54,171,27.92,None,0,0
S10254,2026-04-07,06:40 AM,Sarojini,Hostel,0,0,0,0,0,0,337.13,57,30.66,None,0,0
S10255,2026-04-07,05:46 PM,Yamuna,Library,0,0,05:43 PM,08:06 PM,05:31 PM,09:03 PM,937.29,157,28.37,None,0,0
S10256,2026-04-30,03:03 PM,Ganga,Outside,0,0,0,0,01:49 PM,04:35 PM,188.38,12,0.96,None,0,0
S10257,2026-04-05,08:41 PM,Yamuna,Outside,0,0,0,0,07:24 PM,11:30 PM,348.98,154,21.05,None,0,0
S10258,2026-04-30,07:40 AM,Rajendra,Mess,07:36 AM,08:11 AM,0,0,0,0,531.21,18,35.2,Breakfast,0,0
S10259,2026-04-18,08:08 PM,Sarojini,Library,0,0,07:45 PM,08:17 PM,07:23 PM,08:44 PM,829.19,123,24.02,None,0,0
S10260,2026-04-12,12:23 PM,Sarojini,Mess,12:18 PM,12:50 PM,0,0,0,0,489.38,34,35.46,Lunch,0,0
S10261,2026-04-05,10:53 AM,Rajendra,Library,0,0,09:55 AM,12:45 PM,09:39 AM,01:38 PM,896.84,97,17.35,None,0,0
S10262,2026-04-16,09:08 AM,Sarojini,Mess,08:52 AM,09:14 AM,0,0,0,0,280.32,69,33.71,Breakfast,1,1
S10263,2026-04-23,11:19 AM,Rajendra,Outside,0,0,0,0,09:58 AM,01:55 PM,299.76,115,5.76,None,1,0
S10264,2026-04-30,06:44 AM,Sarojini,Outside,0,0,0,0,06:06 AM,08:42 AM,315.45,90,8.39,None,0,0
S10265,2026-04-09,02:19 PM,Sarojini,Mess,02:19 PM,03:07 PM,0,0,0,0,433.12,194,44.91,Lunch,1,0
S10266,2026-04-26,08:50 AM,Yamuna,Mess,08:42 AM,09:04 AM,0,0,0,0,520.91,182,40.74,Breakfast,0,0
S10267,2026-04-04,05:46 AM,Sarojini,Hostel,0,0,0,0,0,0,230.84,43,18.56,None,0,0
S10268,2026-04-24,09:03 PM,Ganga,Library,0,0,08:00 PM,10:22 PM,07:39 PM,11:22 PM,975.57,171,24.43,None,0,0
S10269,2026-04-16,05:38 AM,Sarojini,Hostel,0,0,0,0,0,0,250.69,26,20.44,None,0,0
S10270,2026-04-06,07:28 AM,Ganga,Outside,0,0,0,0,06:40 AM,08:56 AM,320.05,18,1.99,None,0,0
S10271,2026-04-18,10:08 PM,Azad,Outside,0,0,0,0,09:30 PM,11:59 PM,177.34,153,14.96,None,0,0
S10272,2026-04-11,10:39 AM,Rajendra,Hostel,0,0,0,0,0,0,376.17,131,28.28,None,0,0
S10273,2026-04-28,08:13 PM,Azad,Library,0,0,07:15 PM,09:27 PM,06:45 PM,09:44 PM,754.48,120,25.46,None,0,0
S10274,2026-04-16,11:48 AM,Ganga,Library,0,0,09:45 AM,12:16 PM,09:40 AM,12:37 PM,921.65,121,23.6,None,1,0
S10275,2026-04-19,07:41 PM,Azad,Library,0,0,06:34 PM,08:30 PM,06:21 PM,09:18 PM,518.42,41,12.83,None,0,0
S10276,2026-04-01,08:07 AM,Sarojini,Mess,08:04 AM,08:54 AM,0,0,0,0,445.26,192,61.73,Breakfast,0,0
S10277,2026-04-11,04:09 PM,Sarojini,Classroom,0,0,0,0,03:42 PM,05:30 PM,225.16,47,4.18,None,1,1
S10278,2026-04-19,12:51 PM,Azad,Mess,12:11 PM,01:00 PM,0,0,0,0,467.01,96,29.55,Lunch,0,0
S10279,2026-04-08,12:08 PM,Sarojini,Library,0,0,09:54 AM,12:49 PM,09:27 AM,01:37 PM,908.57,30,12.38,None,1,0
S10280,2026-04-03,09:28 PM,Yamuna,Library,0,0,07:53 PM,10:25 PM,07:28 PM,11:17 PM,974.19,44,16.75,None,0,0
S10281,2026-04-06,09:49 PM,Rajendra,Mess,09:27 PM,09:55 PM,0,0,0,0,550.84,174,48.08,Dinner,0,0
S10282,2026-04-15,09:28 AM,Azad,Library,0,0,09:10 AM,11:38 AM,08:45 AM,12:29 PM,798.16,132,26.52,None,0,0
S10283,2026-04-24,06:29 PM,Azad,Classroom,0,0,0,0,06:01 PM,07:37 PM,287.03,170,14.21,None,1,1
S10284,2026-04-21,02:10 PM,Azad,Mess,01:38 PM,02:15 PM,0,0,0,0,570.17,107,37.39,Lunch,1,0
S10285,2026-04-27,11:59 AM,Ganga,Library,0,0,10:18 AM,12:25 PM,10:06 AM,12:44 PM,923.58,192,40.39,None,1,0
S10286,2026-04-05,10:30 AM,Yamuna,Library,0,0,09:40 AM,12:35 PM,09:19 AM,01:24 PM,575.65,142,14.95,None,0,0
S10287,2026-04-10,10:13 AM,Ganga,Library,0,0,10:04 AM,11:53 AM,09:47 AM,12:16 PM,643.51,70,15.11,None,0,0
S10288,2026-04-21,03:28 PM,Rajendra,Classroom,0,0,0,0,02:50 PM,05:20 PM,153.18,145,20.57,None,1,0
S10289,2026-04-27,10:06 PM,Yamuna,Mess,09:51 PM,10:36 PM,0,0,0,0,449.86,71,30.95,Dinner,0,0
S10290,2026-04-30,11:21 AM,Rajendra,Library,0,0,09:15 AM,11:31 AM,08:49 AM,12:23 PM,852.23,160,19.48,None,1,0
S10291,2026-04-01,11:03 PM,Sarojini,Library,0,0,10:57 PM,11:59 PM,10:47 PM,11:59 PM,888.6,18,14.96,None,0,0
S10292,2026-04-28,01:38 PM,Rajendra,Mess,01:18 PM,01:52 PM,0,0,0,0,326.87,196,57.14,Lunch,0,0
S10293,2026-04-22,10:49 AM,Ganga,Mess,09:57 AM,10:52 AM,0,0,0,0,430.09,46,34.66,Breakfast,0,0
S10294,2026-04-14,04:20 AM,Azad,Outside,0,0,0,0,02:40 AM,06:55 AM,325.93,140,19.11,None,0,0
S10295,2026-04-19,10:29 AM,Ganga,Library,0,0,09:17 AM,10:53 AM,08:49 AM,11:42 AM,724.76,176,26.75,None,0,0
S10296,2026-04-30,08:39 PM,Sarojini,Library,0,0,07:19 PM,09:52 PM,06:51 PM,10:31 PM,558.07,92,22.93,None,0,0
S10297,2026-05-01,07:10 PM,Azad,Mess,07:06 PM,07:26 PM,0,0,0,0,348.81,73,29.87,Dinner,0,0
S10298,2026-04-05,01:23 PM,Rajendra,Mess,01:04 PM,01:59 PM,0,0,0,0,548.69,57,41.82,Lunch,1,0
S10299,2026-04-11,03:52 PM,Rajendra,Library,0,0,02:06 PM,04:27 PM,01:36 PM,05:09 PM,599.33,83,14.92,None,1,0
S10300,2026-04-17,04:49 AM,Yamuna,Hostel,0,0,0,0,0,0,313.47,129,24.39,None,0,0
S10301,2026-04-21,08:55 PM,Ganga,Mess,08:51 PM,09:24 PM,0,0,0,0,571.77,76,35.68,Dinner,0,0
S10302,2026-04-24,12:39 PM,Ganga,Library,0,0,12:30 PM,02:00 PM,12:14 PM,02:45 PM,814.39,21,13.47,None,1,0
S10303,2026-04-26,02:10 PM,Rajendra,Library,0,0,01:23 PM,02:23 PM,01:02 PM,02:55 PM,760.26,199,19.32,None,0,0
S10304,2026-04-01,02:02 PM,Ganga,Mess,01:45 PM,02:29 PM,0,0,0,0,462.94,84,48.24,Lunch,0,0
S10305,2026-04-10,07:06 PM,Sarojini,Outside,0,0,0,0,05:24 PM,09:53 PM,206.95,112,10.54,None,0,0
S10306,2026-04-29,07:45 PM,Sarojini,Library,0,0,07:25 PM,08:02 PM,07:04 PM,08:29 PM,500.3,172,36.47,None,0,0
S10307,2026-04-04,01:47 PM,Rajendra,Library,0,0,12:12 PM,02:30 PM,11:44 AM,03:04 PM,708.09,85,22.93,None,0,0
S10308,2026-04-11,05:05 PM,Sarojini,Library,0,0,04:44 PM,06:09 PM,04:20 PM,06:52 PM,763.61,113,17.9,None,0,0
S10309,2026-04-11,02:37 PM,Ganga,Mess,02:17 PM,03:08 PM,0,0,0,0,319.36,83,32.29,Lunch,0,0
S10310,2026-04-13,09:57 AM,Sarojini,Mess,09:43 AM,10:04 AM,0,0,0,0,383.78,123,51.49,Breakfast,0,0
S10311,2026-04-24,01:01 PM,Ganga,Mess,12:41 PM,01:23 PM,0,0,0,0,413.9,165,52.72,Lunch,0,0
S10312,2026-04-15,07:01 PM,Rajendra,Library,0,0,06:35 PM,07:46 PM,06:10 PM,08:06 PM,717.61,197,22.03,None,0,0
S10313,2026-04-21,02:06 PM,Rajendra,Mess,01:31 PM,02:12 PM,0,0,0,0,474.21,50,33.9,Lunch,1,0
S10314,2026-04-18,02:00 AM,Rajendra,Hostel,0,0,0,0,0,0,363.05,129,36.62,None,0,0
S10315,2026-04-11,11:43 AM,Yamuna,Library,0,0,10:03 AM,12:36 PM,09:41 AM,12:52 PM,741.63,86,17.27,None,1,0
S10316,2026-04-20,06:19 PM,Sarojini,Outside,0,0,0,0,05:21 PM,08:56 PM,330.09,12,1.01,None,0,0
S10317,2026-04-20,07:13 AM,Azad,Mess,07:13 AM,07:55 AM,0,0,0,0,494.52,90,33.06,Breakfast,0,0
S10318,2026-04-17,11:26 AM,Sarojini,Hostel,0,0,0,0,0,0,225.58,49,20.83,None,1,0
S10319,2026-04-08,01:59 PM,Azad,Library,0,0,01:02 PM,02:14 PM,12:57 PM,02:36 PM,932.69,175,21.06,None,0,0
S10320,2026-04-25,07:43 AM,Sarojini,Mess,07:24 AM,07:45 AM,0,0,0,0,290.99,54,38.84,Breakfast,0,0
S10321,2026-04-03,07:46 AM,Rajendra,Mess,07:34 AM,08:34 AM,0,0,0,0,402.2,126,54.54,Breakfast,0,0
S10322,2026-04-30,09:21 PM,Rajendra,Mess,09:18 PM,09:52 PM,0,0,0,0,583.28,127,40.61,Dinner,0,0
S10323,2026-04-24,08:33 AM,Rajendra,Mess,08:12 AM,08:59 AM,0,0,0,0,605.9,179,53.23,Breakfast,0,0
S10324,2026-04-30,06:14 PM,Yamuna,Hostel,0,0,0,0,0,0,347.01,94,30.61,None,0,0
S10325,2026-04-19,10:01 PM,Sarojini,Outside,0,0,0,0,08:54 PM,11:59 PM,328.74,19,1.6,None,0,0
S10326,2026-04-03,05:18 PM,Yamuna,Hostel,0,0,0,0,0,0,327.45,192,35.73,None,0,0
S10327,2026-04-28,03:24 PM,Ganga,Library,0,0,03:06 PM,04:22 PM,02:40 PM,05:17 PM,622.02,30,10.45,None,0,0
S10328,2026-04-13,08:36 PM,Azad,Mess,07:38 PM,08:36 PM,0,0,0,0,318.45,16,36.14,Dinner,0,0
S10329,2026-04-21,01:45 PM,Ganga,Outside,0,0,0,0,12:53 PM,04:07 PM,372.65,132,10.12,None,1,0
S10330,2026-04-07,07:24 PM,Azad,Outside,0,0,0,0,06:48 PM,10:09 PM,329.04,21,2.97,None,0,0
S10331,2026-04-09,10:54 PM,Sarojini,Library,0,0,09:42 PM,11:19 PM,09:22 PM,11:58 PM,924.32,59,16.96,None,0,0
S10332,2026-04-25,11:04 AM,Ganga,Library,0,0,09:13 AM,11:55 AM,08:50 AM,12:06 PM,1004.26,122,18.31,None,0,0
S10333,2026-04-10,12:32 PM,Sarojini,Mess,12:28 PM,01:15 PM,0,0,0,0,513.94,137,41.64,Lunch,0,0
S10334,2026-04-22,08:22 PM,Sarojini,Mess,08:03 PM,08:35 PM,0,0,0,0,340.87,148,40.41,Dinner,0,0
S10335,2026-05-01,06:10 PM,Azad,Library,0,0,04:08 PM,06:47 PM,03:47 PM,06:59 PM,826.33,33,13.59,None,0,0
S10336,2026-04-06,03:17 PM,Yamuna,Mess,02:46 PM,03:38 PM,0,0,0,0,581.04,186,46.99,Lunch,1,0
S10337,2026-04-07,01:22 PM,Rajendra,Mess,01:13 PM,01:41 PM,0,0,0,0,470.45,153,40.09,Lunch,1,0
S10338,2026-04-13,02:06 PM,Sarojini,Library,0,0,01:45 PM,02:26 PM,01:29 PM,03:02 PM,767.89,55,11.02,None,1,0
S10339,2026-04-28,04:37 PM,Azad,Library,0,0,04:09 PM,06:17 PM,03:51 PM,07:06 PM,468.97,181,27.57,None,1,1
S10340,2026-04-25,11:20 PM,Yamuna,Hostel,0,0,0,0,0,0,671.38,131,29.95,None,0,0
S10341,2026-05-01,10:18 AM,Ganga,Library,0,0,09:58 AM,11:19 AM,09:53 AM,11:38 AM,709.3,176,29.21,None,0,0
S10342,2026-04-05,08:20 PM,Azad,Mess,08:17 PM,08:47 PM,0,0,0,0,510.08,12,26.2,Dinner,0,0
S10343,2026-04-20,07:26 AM,Azad,Mess,07:18 AM,08:14 AM,0,0,0,0,297.92,162,33.06,Breakfast,0,0
S10344,2026-05-01,08:37 PM,Rajendra,Library,0,0,07:55 PM,10:05 PM,07:50 PM,10:40 PM,877.46,191,38.44,None,0,0
S10345,2026-04-14,10:28 PM,Ganga,Library,0,0,10:25 PM,11:59 PM,09:56 PM,11:59 PM,622.4,166,17.74,None,0,0
S10346,2026-04-28,04:59 PM,Yamuna,Outside,0,0,0,0,04:19 PM,06:52 PM,378.16,105,14.36,None,0,0
S10347,2026-04-05,08:35 AM,Rajendra,Outside,0,0,0,0,07:12 AM,11:17 AM,286.57,99,6.35,None,0,0
S10348,2026-04-18,06:35 PM,Yamuna,Library,0,0,06:20 PM,08:58 PM,06:12 PM,09:15 PM,657.69,21,14.76,None,0,0
S10349,2026-04-10,10:59 AM,Ganga,Library,0,0,09:41 AM,11:22 AM,09:28 AM,11:43 AM,639.33,65,17.11,None,1,1
S10350,2026-04-30,07:47 PM,Azad,Library,0,0,07:07 PM,08:52 PM,06:46 PM,09:19 PM,542.31,98,25.54,None,0,0
S10351,2026-04-23,09:15 PM,Ganga,Mess,09:14 PM,09:50 PM,0,0,0,0,474.62,150,38.83,Dinner,0,0
S10352,2026-04-15,04:01 PM,Ganga,Library,0,0,03:50 PM,05:09 PM,03:22 PM,05:49 PM,681.51,16,11.28,None,0,0
S10353,2026-04-26,09:01 PM,Azad,Outside,0,0,0,0,08:22 PM,10:55 PM,350.38,29,4.18,None,0,0
S10354,2026-04-19,03:43 PM,Ganga,Mess,02:58 PM,03:46 PM,0,0,0,0,461.04,55,31.25,Lunch,0,0
S10355,2026-04-13,06:26 PM,Sarojini,Library,0,0,06:23 PM,09:07 PM,06:14 PM,09:36 PM,434.65,82,12.58,None,0,0
S10356,2026-04-20,11:46 AM,Azad,Library,0,0,10:33 AM,11:52 AM,10:26 AM,12:46 PM,712.95,122,16.4,None,1,0
S10357,2026-04-05,11:33 AM,Sarojini,Outside,0,0,0,0,10:28 AM,01:38 PM,219.87,73,4.54,None,0,0
S10358,2026-04-06,07:51 AM,Rajendra,Hostel,0,0,0,0,0,0,333.07,163,43.25,None,0,0
S10359,2026-04-30,01:19 PM,Yamuna,Mess,12:42 PM,01:22 PM,0,0,0,0,421.75,188,55.25,Lunch,1,0
S10360,2026-04-21,09:59 PM,Sarojini,Hostel,0,0,0,0,0,0,1209.76,166,31.81,None,0,0
S10361,2026-04-02,09:56 AM,Azad,Mess,09:45 AM,10:10 AM,0,0,0,0,506.68,98,32.33,Breakfast,0,0
S10362,2026-04-04,11:46 AM,Sarojini,Outside,0,0,0,0,10:05 AM,01:10 PM,362.09,122,16.86,None,0,0
S10363,2026-04-17,03:38 PM,Ganga,Library,0,0,03:04 PM,03:40 PM,02:46 PM,03:54 PM,606.87,58,13.25,None,1,0
S10364,2026-04-02,12:26 PM,Sarojini,Outside,0,0,0,0,11:06 AM,02:59 PM,283.58,168,9.96,None,0,0
S10365,2026-04-20,06:11 AM,Rajendra,Outside,0,0,0,0,04:56 AM,08:00 AM,305.6,196,13.07,None,0,0
S10366,2026-04-02,09:21 PM,Ganga,Hostel,0,0,0,0,0,0,1185.6,88,30.05,None,0,0
S10367,2026-04-05,07:44 PM,Ganga,Mess,07:36 PM,07:57 PM,0,0,0,0,506.92,157,48.6,Dinner,0,0
S10368,2026-04-20,12:38 PM,Ganga,Classroom,0,0,0,0,12:12 PM,01:51 PM,253.37,87,5.38,None,1,0
S10369,2026-04-25,09:21 AM,Yamuna,Mess,09:21 AM,10:10 AM,0,0,0,0,429.13,26,30.99,Breakfast,1,1
S10370,2026-04-08,08:52 PM,Azad,Mess,08:43 PM,09:26 PM,0,0,0,0,504.12,80,42.83,Dinner,0,0
S10371,2026-04-16,11:03 AM,Sarojini,Library,0,0,10:46 AM,11:36 AM,10:35 AM,12:05 PM,664.92,43,15.59,None,0,0
S10372,2026-04-02,10:48 AM,Yamuna,Classroom,0,0,0,0,10:25 AM,11:35 AM,299.54,28,2.84,None,1,1
S10373,2026-04-18,11:21 AM,Sarojini,Library,0,0,10:06 AM,12:03 PM,09:47 AM,12:33 PM,838.1,159,35.01,None,0,0
S10374,2026-04-16,04:14 PM,Yamuna,Library,0,0,03:55 PM,04:44 PM,03:32 PM,04:54 PM,966.93,22,14.71,None,0,0
S10375,2026-04-26,09:21 PM,Sarojini,Hostel,0,0,0,0,0,0,1246.58,37,22.9,None,0,0
S10376,2026-04-02,02:04 PM,Azad,Mess,02:01 PM,02:46 PM,0,0,0,0,571.09,100,33.01,Lunch,0,0
S10377,2026-04-28,10:43 PM,Rajendra,Outside,0,0,0,0,08:52 PM,11:45 PM,322.77,110,16.13,None,0,0
S10378,2026-04-13,11:19 AM,Ganga,Outside,0,0,0,0,10:08 AM,02:05 PM,141.76,44,4.8,None,0,0
S10379,2026-04-07,07:34 AM,Azad,Mess,07:32 AM,08:09 AM,0,0,0,0,354.54,23,33.65,Breakfast,0,0
S10380,2026-04-08,02:36 PM,Rajendra,Mess,02:02 PM,02:48 PM,0,0,0,0,394.01,72,48.32,Lunch,1,0
S10381,2026-04-10,10:51 PM,Ganga,Hostel,0,0,0,0,0,0,1298.43,55,30.09,None,0,0
S10382,2026-04-19,09:57 PM,Rajendra,Library,0,0,08:55 PM,11:26 PM,08:41 PM,11:59 PM,706.69,76,14.22,None,0,0
S10383,2026-04-21,07:39 PM,Sarojini,Mess,07:30 PM,08:02 PM,0,0,0,0,598.2,15,33.45,Dinner,0,0
S10384,2026-04-23,06:37 PM,Yamuna,Classroom,0,0,0,0,06:08 PM,07:27 PM,369.85,52,7.16,None,1,1
S10385,2026-04-01,12:05 PM,Rajendra,Mess,12:00 PM,12:29 PM,0,0,0,0,417.34,103,33.11,Lunch,1,0
S10386,2026-04-16,08:12 PM,Yamuna,Outside,0,0,0,0,06:34 PM,10:00 PM,282.72,113,14.78,None,0,0
S10387,2026-04-20,09:33 PM,Ganga,Mess,09:20 PM,10:01 PM,0,0,0,0,304.42,65,34.62,Dinner,0,0
S10388,2026-04-29,09:40 PM,Ganga,Outside,0,0,0,0,08:15 PM,11:59 PM,266.58,145,11.75,None,0,0
S10389,2026-04-11,03:02 PM,Rajendra,Mess,02:19 PM,03:11 PM,0,0,0,0,386.57,118,43.92,Lunch,0,0
S10390,2026-04-09,11:38 AM,Sarojini,Library,0,0,09:44 AM,11:54 AM,09:34 AM,12:17 PM,812.99,174,22.25,None,1,0
S10391,2026-04-23,09:58 PM,Rajendra,Library,0,0,09:20 PM,10:29 PM,08:59 PM,10:51 PM,866.04,151,23.56,None,0,0
S10392,2026-04-10,02:51 PM,Sarojini,Mess,02:12 PM,02:52 PM,0,0,0,0,336.84,103,46.13,Lunch,0,0
S10393,2026-04-25,07:27 PM,Ganga,Library,0,0,07:11 PM,08:00 PM,07:03 PM,08:40 PM,484.12,13,15.81,None,0,0
S10394,2026-04-14,12:13 PM,Sarojini,Library,0,0,10:49 AM,01:08 PM,10:34 AM,01:24 PM,817.66,183,32.1,None,1,0
S10395,2026-04-08,07:51 AM,Yamuna,Hostel,0,0,0,0,0,0,170.19,170,39.72,None,0,0
S10396,2026-04-23,03:00 AM,Yamuna,Outside,0,0,0,0,02:26 AM,05:18 AM,103.14,189,22.35,None,0,0
S10397,2026-04-11,09:50 PM,Yamuna,Library,0,0,08:07 PM,09:53 PM,07:55 PM,10:07 PM,936.46,166,26.26,None,0,0
S10398,2026-04-23,04:01 PM,Yamuna,Library,0,0,03:44 PM,05:04 PM,03:19 PM,05:51 PM,991.56,68,16.32,None,1,1
S10399,2026-04-21,02:42 PM,Ganga,Library,0,0,12:59 PM,02:46 PM,12:31 PM,03:43 PM,664.39,126,28.0,None,1,0
S10400,2026-04-23,04:21 PM,Azad,Library,0,0,02:59 PM,05:12 PM,02:54 PM,05:28 PM,943.3,185,32.73,None,0,0
S10401,2026-04-03,10:16 AM,Sarojini,Mess,09:54 AM,10:16 AM,0,0,0,0,588.02,169,37.15,Breakfast,0,0
S10402,2026-04-05,01:49 PM,Azad,Hostel,0,0,0,0,0,0,225.88,175,37.51,None,0,0
S10403,2026-04-23,01:53 PM,Sarojini,Mess,01:39 PM,02:02 PM,0,0,0,0,563.66,50,40.74,Lunch,0,0
S10404,2026-04-07,07:31 AM,Ganga,Outside,0,0,0,0,06:37 AM,09:50 AM,350.06,125,12.84,None,0,0
S10405,2026-05-01,07:30 AM,Ganga,Mess,07:16 AM,08:11 AM,0,0,0,0,491.63,60,38.74,Breakfast,0,0
S10406,2026-04-03,11:30 AM,Sarojini,Library,0,0,10:04 AM,12:45 PM,09:56 AM,01:22 PM,729.2,127,16.94,None,0,0
S10407,2026-04-07,10:04 PM,Azad,Mess,09:48 PM,10:44 PM,0,0,0,0,321.79,37,29.72,Dinner,0,0
S10408,2026-04-30,05:34 PM,Azad,Outside,0,0,0,0,04:40 PM,07:15 PM,121.66,145,15.2,None,0,0
S10409,2026-04-15,09:28 PM,Yamuna,Hostel,0,0,0,0,0,0,1269.73,20,14.03,None,0,0
S10410,2026-04-14,10:11 PM,Yamuna,Library,0,0,09:34 PM,10:26 PM,09:12 PM,11:23 PM,516.04,131,28.38,None,0,0
S10411,2026-04-26,06:21 PM,Sarojini,Library,0,0,06:18 PM,08:33 PM,05:49 PM,09:25 PM,776.41,163,29.26,None,0,0
S10412,2026-04-24,06:03 AM,Yamuna,Hostel,0,0,0,0,0,0,167.16,48,16.65,None,0,0
S10413,2026-04-20,09:05 PM,Ganga,Outside,0,0,0,0,08:19 PM,11:49 PM,398.74,28,2.07,None,0,0
S10414,2026-04-18,02:35 PM,Rajendra,Mess,01:51 PM,02:44 PM,0,0,0,0,278.71,110,45.85,Lunch,1,0
S10415,2026-04-13,02:18 PM,Yamuna,Library,0,0,01:48 PM,02:51 PM,01:36 PM,03:08 PM,920.31,20,11.09,None,1,0
S10416,2026-04-18,02:48 PM,Ganga,Mess,02:08 PM,02:48 PM,0,0,0,0,622.33,45,35.05,Lunch,1,0
S10417,2026-04-15,03:46 AM,Azad,Hostel,0,0,0,0,0,0,152.4,180,36.89,None,0,0
S10418,2026-04-15,09:59 PM,Rajendra,Library,0,0,09:27 PM,10:07 PM,09:01 PM,11:02 PM,614.76,139,19.42,None,0,0
S10419,2026-04-12,02:08 PM,Rajendra,Mess,02:01 PM,02:58 PM,0,0,0,0,648.33,125,48.79,Lunch,0,0
S10420,2026-04-13,12:40 PM,Sarojini,Mess,12:29 PM,01:04 PM,0,0,0,0,404.91,95,39.11,Lunch,1,0
S10421,2026-04-16,07:48 PM,Azad,Library,0,0,07:31 PM,09:06 PM,07:06 PM,09:43 PM,789.58,55,11.4,None,0,0
S10422,2026-04-09,08:51 PM,Azad,Mess,08:36 PM,09:10 PM,0,0,0,0,648.35,70,34.1,Dinner,0,0
S10423,2026-04-09,09:32 AM,Azad,Mess,09:02 AM,09:38 AM,0,0,0,0,306.5,46,37.61,Breakfast,1,1
S10424,2026-04-15,02:10 PM,Sarojini,Mess,02:07 PM,02:30 PM,0,0,0,0,289.31,159,37.66,Lunch,1,0
S10425,2026-04-06,09:44 PM,Rajendra,Library,0,0,09:20 PM,10:56 PM,09:08 PM,11:52 PM,687.6,105,22.44,None,0,0
S10426,2026-04-16,08:14 AM,Ganga,Mess,07:57 AM,08:24 AM,0,0,0,0,405.21,82,28.31,Breakfast,0,0
S10427,2026-04-26,11:32 PM,Yamuna,Outside,0,0,0,0,09:36 PM,11:59 PM,336.18,28,1.48,None,0,0
S10428,2026-04-26,09:36 AM,Sarojini,Hostel,0,0,0,0,0,0,377.76,32,22.15,None,0,0
S10429,2026-04-22,02:45 PM,Ganga,Mess,02:10 PM,02:47 PM,0,0,0,0,592.28,188,51.02,Lunch,1,0
S10430,2026-04-16,12:51 PM,Ganga,Mess,12:22 PM,01:06 PM,0,0,0,0,310.72,158,41.96,Lunch,0,0
S10431,2026-04-14,07:17 PM,Rajendra,Mess,07:02 PM,07:54 PM,0,0,0,0,543.72,156,40.89,Dinner,0,0
S10432,2026-04-27,08:57 AM,Ganga,Mess,08:32 AM,09:29 AM,0,0,0,0,621.44,77,39.86,Breakfast,0,0
S10433,2026-04-12,07:36 PM,Ganga,Mess,07:27 PM,07:49 PM,0,0,0,0,361.21,134,32.85,Dinner,0,0
S10434,2026-04-29,06:35 PM,Sarojini,Library,0,0,05:50 PM,07:07 PM,05:26 PM,07:23 PM,760.53,149,17.07,None,0,0
S10435,2026-04-25,10:15 AM,Rajendra,Mess,09:45 AM,10:37 AM,0,0,0,0,532.87,160,58.87,Breakfast,0,0
S10436,2026-04-05,05:46 PM,Sarojini,Hostel,0,0,0,0,0,0,161.39,12,14.48,None,0,0
S10437,2026-04-22,02:16 AM,Yamuna,Outside,0,0,0,0,01:28 AM,03:26 AM,186.0,131,17.98,None,0,0
S10438,2026-04-12,04:48 PM,Rajendra,Hostel,0,0,0,0,0,0,135.56,163,24.92,None,0,0
S10439,2026-04-01,08:25 PM,Yamuna,Outside,0,0,0,0,07:20 PM,11:20 PM,314.22,86,6.26,None,0,0
S10440,2026-04-22,06:44 PM,Yamuna,Library,0,0,05:18 PM,07:03 PM,04:51 PM,07:40 PM,911.17,40,16.43,None,0,0
S10441,2026-04-09,10:06 AM,Ganga,Library,0,0,09:45 AM,10:33 AM,09:17 AM,11:16 AM,910.98,85,17.26,None,0,0
S10442,2026-04-06,08:27 AM,Azad,Mess,08:08 AM,08:29 AM,0,0,0,0,394.44,110,39.75,Breakfast,0,0
S10443,2026-04-24,09:35 AM,Azad,Hostel,0,0,0,0,0,0,315.12,119,30.68,None,0,0
S10444,2026-04-18,05:00 AM,Rajendra,Outside,0,0,0,0,03:56 AM,06:20 AM,181.81,15,1.72,None,0,0
S10445,2026-04-05,11:28 AM,Sarojini,Classroom,0,0,0,0,10:56 AM,12:59 PM,360.14,101,14.25,None,1,0
S10446,2026-04-04,10:53 AM,Rajendra,Library,0,0,10:34 AM,11:55 AM,10:16 AM,12:36 PM,710.88,114,19.92,None,0,0
S10447,2026-04-11,03:52 PM,Sarojini,Library,0,0,03:46 PM,06:22 PM,03:39 PM,07:12 PM,890.4,196,37.31,None,0,0
S10448,2026-04-11,06:39 PM,Azad,Classroom,0,0,0,0,06:11 PM,07:57 PM,219.56,171,9.71,None,1,1
S10449,2026-04-08,10:20 AM,Azad,Library,0,0,09:07 AM,11:42 AM,08:44 AM,12:37 PM,1071.88,47,17.08,None,0,0
S10450,2026-04-16,11:51 AM,Ganga,Library,0,0,10:31 AM,12:16 PM,10:23 AM,01:10 PM,677.85,36,19.33,None,0,0
S10451,2026-04-06,11:02 PM,Rajendra,Library,0,0,10:47 PM,11:41 PM,10:27 PM,11:59 PM,761.41,41,15.16,None,0,0
S10452,2026-04-26,10:12 PM,Yamuna,Mess,09:49 PM,10:20 PM,0,0,0,0,474.24,94,45.95,Dinner,0,0
S10453,2026-04-17,08:18 PM,Rajendra,Mess,08:11 PM,08:36 PM,0,0,0,0,539.31,137,35.68,Dinner,0,0
S10454,2026-04-03,02:16 PM,Azad,Library,0,0,01:24 PM,02:28 PM,01:17 PM,02:43 PM,637.88,99,28.37,None,0,0
S10455,2026-04-29,01:59 PM,Yamuna,Library,0,0,01:46 PM,02:24 PM,01:30 PM,03:18 PM,803.82,47,13.05,None,1,0
S10456,2026-04-29,09:36 PM,Ganga,Library,0,0,09:00 PM,10:53 PM,08:55 PM,11:16 PM,766.77,54,10.8,None,0,0
S10457,2026-05-01,09:54 PM,Azad,Mess,09:11 PM,09:55 PM,0,0,0,0,448.6,33,40.36,Dinner,0,0
S10458,2026-04-16,06:40 AM,Rajendra,Hostel,0,0,0,0,0,0,115.6,166,34.71,None,0,0
S10459,2026-04-02,02:05 PM,Yamuna,Library,0,0,01:37 PM,02:34 PM,01:13 PM,03:02 PM,817.57,162,31.68,None,1,0
S10460,2026-04-10,09:47 PM,Azad,Outside,0,0,0,0,09:05 PM,11:08 PM,370.07,120,11.12,None,0,0
S10461,2026-04-13,07:25 PM,Ganga,Mess,07:04 PM,07:51 PM,0,0,0,0,477.33,64,26.91,Dinner,0,0
S10462,2026-04-21,09:39 AM,Ganga,Mess,09:04 AM,09:46 AM,0,0,0,0,401.39,136,30.73,Breakfast,0,0
S10463,2026-04-25,01:33 PM,Azad,Library,0,0,01:05 PM,02:28 PM,12:48 PM,02:45 PM,617.35,159,16.49,None,1,0
S10464,2026-04-05,03:24 AM,Azad,Outside,0,0,0,0,01:54 AM,04:59 AM,112.69,167,9.46,None,0,0
S10465,2026-04-18,08:10 PM,Ganga,Mess,08:04 PM,08:35 PM,0,0,0,0,397.75,110,48.06,Dinner,0,0
S10466,2026-04-06,04:43 AM,Ganga,Outside,0,0,0,0,03:38 AM,07:43 AM,299.72,38,2.4,None,0,0
S10467,2026-04-27,02:09 PM,Rajendra,Mess,02:08 PM,02:31 PM,0,0,0,0,564.77,57,43.36,Lunch,0,0
S10468,2026-04-02,01:31 PM,Azad,Library,0,0,11:42 AM,01:56 PM,11:21 AM,02:26 PM,1048.48,112,17.45,None,1,0
S10469,2026-04-14,09:10 PM,Azad,Hostel,0,0,0,0,0,0,1184.64,47,13.88,None,0,0
S10470,2026-04-22,01:00 AM,Yamuna,Hostel,0,0,0,0,0,0,265.09,102,27.58,None,0,0
S10471,2026-04-25,07:43 AM,Rajendra,Mess,07:19 AM,08:18 AM,0,0,0,0,403.48,115,36.21,Breakfast,0,0
S10472,2026-04-13,08:36 PM,Sarojini,Mess,08:09 PM,08:37 PM,0,0,0,0,640.1,161,39.63,Dinner,0,0
S10473,2026-04-13,08:07 PM,Ganga,Mess,07:35 PM,08:16 PM,0,0,0,0,455.97,148,41.93,Dinner,0,0
S10474,2026-04-12,09:50 PM,Yamuna,Hostel,0,0,0,0,0,0,1054.38,87,25.68,None,0,0
S10475,2026-05-01,09:26 AM,Sarojini,Outside,0,0,0,0,08:10 AM,11:10 AM,240.84,48,5.17,None,1,1
S10476,2026-04-29,07:24 PM,Ganga,Library,0,0,06:23 PM,09:18 PM,06:11 PM,10:17 PM,726.75,174,28.84,None,0,0
S10477,2026-04-13,12:33 PM,Sarojini,Mess,12:29 PM,01:20 PM,0,0,0,0,358.21,52,38.19,Lunch,0,0
S10478,2026-04-18,07:19 PM,Yamuna,Hostel,0,0,0,0,0,0,255.92,195,41.52,None,0,0
S10479,2026-05-01,07:10 PM,Rajendra,Mess,07:01 PM,07:23 PM,0,0,0,0,474.01,21,29.63,Dinner,0,0
S10480,2026-04-02,03:52 PM,Sarojini,Library,0,0,03:15 PM,06:11 PM,03:09 PM,06:49 PM,686.17,109,30.7,None,1,0
S10481,2026-04-14,02:30 PM,Ganga,Mess,01:55 PM,02:33 PM,0,0,0,0,508.55,82,36.68,Lunch,0,0
S10482,2026-04-05,12:17 PM,Yamuna,Hostel,0,0,0,0,0,0,382.33,200,38.78,None,1,0
S10483,2026-04-03,01:30 PM,Yamuna,Library,0,0,01:20 PM,02:15 PM,01:11 PM,02:57 PM,528.46,19,8.33,None,0,0
S10484,2026-04-27,04:51 PM,Rajendra,Library,0,0,04:42 PM,06:28 PM,04:12 PM,06:38 PM,629.52,187,28.21,None,0,0
S10485,2026-04-24,07:14 AM,Yamuna,Mess,07:02 AM,07:36 AM,0,0,0,0,557.27,76,28.05,Breakfast,0,0
S10486,2026-04-02,08:33 AM,Sarojini,Mess,08:08 AM,09:01 AM,0,0,0,0,422.25,184,54.31,Breakfast,0,0
S10487,2026-04-14,08:33 AM,Ganga,Mess,08:05 AM,09:02 AM,0,0,0,0,368.57,150,44.85,Breakfast,0,0
S10488,2026-04-11,03:52 PM,Ganga,Classroom,0,0,0,0,03:29 PM,05:49 PM,390.07,166,21.0,None,1,0
S10489,2026-04-30,02:17 PM,Ganga,Library,0,0,02:00 PM,03:29 PM,01:47 PM,04:16 PM,765.09,70,16.21,None,1,0
S10490,2026-04-25,10:56 PM,Sarojini,Library,0,0,09:30 PM,11:59 PM,09:20 PM,11:59 PM,627.59,131,27.0,None,0,0
S10491,2026-04-22,06:42 AM,Ganga,Outside,0,0,0,0,04:59 AM,08:38 AM,388.41,131,8.18,None,0,0
S10492,2026-04-05,10:16 PM,Sarojini,Mess,09:55 PM,10:28 PM,0,0,0,0,447.91,78,47.0,Dinner,0,0
S10493,2026-04-29,02:23 PM,Ganga,Mess,02:07 PM,02:49 PM,0,0,0,0,452.3,36,38.12,Lunch,0,0
S10494,2026-04-16,04:05 PM,Rajendra,Outside,0,0,0,0,02:34 PM,05:11 PM,278.42,137,11.52,None,1,1
S10495,2026-04-02,12:34 PM,Sarojini,Hostel,0,0,0,0,0,0,366.53,159,33.28,None,1,0
S10496,2026-04-06,02:06 PM,Azad,Library,0,0,12:50 PM,03:02 PM,12:26 PM,03:22 PM,929.29,115,26.71,None,1,0
S10497,2026-04-18,02:54 PM,Ganga,Hostel,0,0,0,0,0,0,144.27,156,38.4,None,0,0
S10498,2026-05-01,08:39 AM,Ganga,Mess,08:31 AM,09:05 AM,0,0,0,0,485.86,98,40.94,Breakfast,0,0
S10499,2026-04-07,08:39 AM,Azad,Mess,08:34 AM,09:29 AM,0,0,0,0,524.6,152,41.22,Breakfast,0,0
S10500,2026-04-16,09:34 AM,Rajendra,Library,0,0,09:32 AM,10:08 AM,09:22 AM,10:28 AM,899.48,179,34.48,None,0,0
S10501,2026-04-23,10:51 AM,Yamuna,Classroom,0,0,0,0,10:31 AM,11:45 AM,106.77,81,11.78,None,1,1
S10502,2026-04-30,09:53 AM,Yamuna,Mess,09:52 AM,10:50 AM,0,0,0,0,457.76,12,34.0,Breakfast,1,1
S10503,2026-04-07,09:14 PM,Rajendra,Outside,0,0,0,0,07:27 PM,10:25 PM,266.07,139,17.49,None,0,0
S10504,2026-04-27,03:37 AM,Rajendra,Hostel,0,0,0,0,0,0,275.67,36,13.1,None,0,0
S10505,2026-04-03,04:12 AM,Yamuna,Outside,0,0,0,0,02:15 AM,06:32 AM,296.21,159,22.56,None,0,0
S10506,2026-04-14,08:01 AM,Azad,Classroom,0,0,0,0,07:24 AM,09:01 AM,380.68,27,2.1,None,1,1
S10507,2026-04-12,09:28 PM,Rajendra,Mess,09:07 PM,09:53 PM,0,0,0,0,467.52,24,23.55,Dinner,0,0
S10508,2026-04-26,02:09 PM,Azad,Hostel,0,0,0,0,0,0,258.59,33,21.79,None,1,0
S10509,2026-04-03,10:22 AM,Yamuna,Library,0,0,09:46 AM,10:35 AM,09:23 AM,10:52 AM,732.57,39,8.39,None,0,0
S10510,2026-04-14,05:03 PM,Ganga,Classroom,0,0,0,0,04:48 PM,05:59 PM,352.74,46,6.02,None,1,1
S10511,2026-04-07,10:42 PM,Ganga,Library,0,0,10:15 PM,11:41 PM,09:46 PM,11:59 PM,716.52,44,12.6,None,0,0
S10512,2026-04-01,08:35 PM,Rajendra,Library,0,0,08:28 PM,11:09 PM,08:18 PM,11:22 PM,723.56,108,25.68,None,0,0
S10513,2026-04-08,08:45 AM,Ganga,Hostel,0,0,0,0,0,0,290.71,196,40.1,None,0,0
S10514,2026-04-03,11:56 PM,Azad,Hostel,0,0,0,0,0,0,1020.01,109,21.46,None,0,0
S10515,2026-04-23,09:25 PM,Ganga,Library,0,0,07:47 PM,09:33 PM,07:26 PM,10:23 PM,806.68,78,11.26,None,0,0
S10516,2026-04-25,02:17 PM,Yamuna,Mess,01:59 PM,02:35 PM,0,0,0,0,490.75,100,47.19,Lunch,0,0
S10517,2026-04-12,02:17 PM,Ganga,Outside,0,0,0,0,12:55 PM,03:34 PM,376.86,178,14.79,None,0,0
S10518,2026-04-01,04:49 PM,Yamuna,Library,0,0,03:57 PM,06:00 PM,03:48 PM,06:16 PM,667.97,138,21.1,None,1,1
S10519,2026-04-04,10:01 AM,Yamuna,Library,0,0,09:16 AM,11:13 AM,09:05 AM,11:38 AM,827.73,153,21.95,None,0,0
S10520,2026-04-12,05:38 PM,Rajendra,Library,0,0,05:00 PM,07:24 PM,04:31 PM,07:40 PM,429.08,24,13.06,None,0,0
S10521,2026-04-18,08:31 PM,Rajendra,Library,0,0,07:53 PM,09:05 PM,07:38 PM,09:35 PM,804.91,133,31.83,None,0,0
S10522,2026-05-01,09:56 AM,Ganga,Mess,09:38 AM,10:16 AM,0,0,0,0,427.88,60,40.56,Breakfast,1,1
S10523,2026-04-03,12:07 PM,Sarojini,Library,0,0,09:56 AM,12:44 PM,09:34 AM,01:06 PM,716.79,132,23.25,None,0,0
S10524,2026-04-15,12:54 PM,Ganga,Mess,12:33 PM,01:06 PM,0,0,0,0,525.47,106,45.56,Lunch,1,0
S10525,2026-04-13,01:27 PM,Sarojini,Library,0,0,01:07 PM,03:17 PM,01:00 PM,03:46 PM,876.7,139,25.33,None,1,0
S10526,2026-04-12,08:17 PM,Ganga,Outside,0,0,0,0,06:34 PM,11:06 PM,381.3,58,7.62,None,0,0
S10527,2026-04-21,02:38 AM,Ganga,Outside,0,0,0,0,01:35 AM,05:26 AM,160.93,170,22.79,None,0,0
S10528,2026-04-06,01:48 AM,Ganga,Outside,0,0,0,0,12:52 AM,03:16 AM,154.51,81,5.77,None,0,0
S10529,2026-04-19,05:34 AM,Ganga,Hostel,0,0,0,0,0,0,352.7,72,27.41,None,0,0
S10530,2026-04-26,10:28 AM,Ganga,Library,0,0,09:26 AM,11:26 AM,09:12 AM,11:39 AM,783.15,41,14.1,None,1,1
S10531,2026-04-03,08:49 AM,Sarojini,Classroom,0,0,0,0,08:09 AM,10:47 AM,374.34,131,18.74,None,1,1
S10532,2026-04-19,04:34 PM,Azad,Outside,0,0,0,0,02:44 PM,05:48 PM,233.24,123,17.09,None,0,0
S10533,2026-04-06,02:46 AM,Sarojini,Hostel,0,0,0,0,0,0,341.89,41,27.82,None,0,0
S10534,2026-04-29,11:02 PM,Rajendra,Library,0,0,09:10 PM,11:50 PM,08:46 PM,11:59 PM,844.67,91,15.92,None,0,0
S10535,2026-04-06,12:16 PM,Ganga,Library,0,0,11:26 AM,12:55 PM,11:17 AM,01:11 PM,609.84,103,21.64,None,1,0
S10536,2026-04-24,05:14 AM,Sarojini,Hostel,0,0,0,0,0,0,263.34,41,21.3,None,0,0
S10537,2026-04-13,09:42 AM,Azad,Mess,09:40 AM,10:40 AM,0,0,0,0,506.24,199,51.95,Breakfast,1,1
S10538,2026-04-22,10:23 PM,Rajendra,Library,0,0,08:26 PM,11:09 PM,08:21 PM,11:28 PM,576.75,37,18.28,None,0,0
S10539,2026-04-22,11:58 PM,Ganga,Hostel,0,0,0,0,0,0,1256.89,105,30.44,None,0,0
S10540,2026-04-09,09:33 AM,Ganga,Mess,08:40 AM,09:40 AM,0,0,0,0,527.83,156,56.44,Breakfast,1,1
S10541,2026-04-17,05:13 AM,Ganga,Outside,0,0,0,0,03:41 AM,06:38 AM,338.78,134,20.04,None,0,0
S10542,2026-04-02,08:39 AM,Ganga,Mess,08:00 AM,08:59 AM,0,0,0,0,458.68,121,36.27,Breakfast,0,0
S10543,2026-04-27,09:27 AM,Ganga,Classroom,0,0,0,0,09:17 AM,10:09 AM,372.52,11,1.37,None,1,1
S10544,2026-04-25,03:09 PM,Ganga,Library,0,0,02:18 PM,04:21 PM,02:12 PM,04:45 PM,752.73,192,26.3,None,1,0
S10545,2026-04-27,02:14 PM,Rajendra,Mess,01:50 PM,02:27 PM,0,0,0,0,443.28,64,28.25,Lunch,0,0
S10546,2026-04-02,08:44 PM,Sarojini,Mess,08:44 PM,09:32 PM,0,0,0,0,406.81,66,47.03,Dinner,0,0
S10547,2026-04-17,09:08 PM,Azad,Mess,08:43 PM,09:37 PM,0,0,0,0,529.44,98,36.61,Dinner,0,0
S10548,2026-04-23,02:30 PM,Rajendra,Mess,02:00 PM,02:30 PM,0,0,0,0,441.65,196,63.5,Lunch,1,0
S10549,2026-04-04,03:49 AM,Rajendra,Outside,0,0,0,0,02:29 AM,06:20 AM,250.26,125,10.04,None,0,0
S10550,2026-04-16,09:29 PM,Azad,Mess,09:14 PM,09:43 PM,0,0,0,0,298.74,55,24.48,Dinner,0,0
S10551,2026-04-05,07:41 AM,Rajendra,Mess,07:27 AM,08:05 AM,0,0,0,0,670.62,98,41.28,Breakfast,0,0
S10552,2026-04-26,10:05 AM,Yamuna,Mess,09:48 AM,10:17 AM,0,0,0,0,441.16,49,24.6,Breakfast,1,1
S10553,2026-04-08,05:09 PM,Azad,Library,0,0,03:40 PM,06:22 PM,03:31 PM,07:08 PM,624.79,148,28.81,None,0,0
S10554,2026-04-12,08:10 AM,Sarojini,Outside,0,0,0,0,07:14 AM,11:09 AM,391.78,75,3.93,None,0,0
S10555,2026-04-05,05:40 PM,Yamuna,Library,0,0,05:03 PM,06:31 PM,04:41 PM,07:17 PM,914.15,90,11.73,None,0,0
S10556,2026-04-05,08:14 AM,Sarojini,Mess,07:54 AM,08:21 AM,0,0,0,0,509.94,171,38.46,Breakfast,0,0
S10557,2026-04-08,09:54 PM,Rajendra,Mess,09:45 PM,10:15 PM,0,0,0,0,319.04,29,42.67,Dinner,0,0
S10558,2026-04-02,08:10 AM,Rajendra,Mess,08:02 AM,08:55 AM,0,0,0,0,333.02,111,41.91,Breakfast,0,0
S10559,2026-04-07,02:28 PM,Rajendra,Mess,02:03 PM,02:41 PM,0,0,0,0,405.19,30,30.98,Lunch,1,0
S10560,2026-04-08,11:48 PM,Rajendra,Library,0,0,08:55 PM,11:50 PM,08:32 PM,11:59 PM,694.43,17,10.94,None,0,0
S10561,2026-04-25,08:32 PM,Yamuna,Mess,08:20 PM,09:09 PM,0,0,0,0,554.3,133,54.01,Dinner,0,0
S10562,2026-04-14,12:55 PM,Rajendra,Mess,12:07 PM,12:59 PM,0,0,0,0,301.73,105,33.77,Lunch,1,0
S10563,2026-04-29,04:24 AM,Yamuna,Outside,0,0,0,0,03:36 AM,05:29 AM,342.71,125,16.47,None,0,0
S10564,2026-04-02,09:47 PM,Sarojini,Library,0,0,09:38 PM,10:16 PM,09:31 PM,11:00 PM,537.32,79,17.13,None,0,0
S10565,2026-04-05,08:21 AM,Sarojini,Mess,08:11 AM,08:46 AM,0,0,0,0,379.65,122,45.44,Breakfast,0,0
S10566,2026-04-07,10:36 AM,Yamuna,Library,0,0,10:08 AM,12:10 PM,10:02 AM,12:48 PM,760.59,161,27.78,None,0,0
S10567,2026-04-11,08:05 PM,Sarojini,Hostel,0,0,0,0,0,0,961.86,79,23.79,None,0,0
S10568,2026-04-30,04:35 PM,Azad,Classroom,0,0,0,0,03:55 PM,05:25 PM,260.14,80,5.26,None,1,1
S10569,2026-04-02,05:07 PM,Rajendra,Library,0,0,03:42 PM,06:12 PM,03:25 PM,06:35 PM,694.03,174,22.24,None,0,0
S10570,2026-04-25,10:22 PM,Ganga,Hostel,0,0,0,0,0,0,1026.24,134,31.01,None,0,0
S10571,2026-04-17,05:35 PM,Sarojini,Classroom,0,0,0,0,05:12 PM,07:21 PM,302.94,41,4.2,None,1,1
S10572,2026-04-11,01:42 PM,Ganga,Mess,01:40 PM,02:32 PM,0,0,0,0,360.36,45,33.95,Lunch,0,0
S10573,2026-04-16,10:31 PM,Yamuna,Library,0,0,09:38 PM,11:01 PM,09:25 PM,11:21 PM,938.16,119,24.45,None,0,0
S10574,2026-05-01,08:49 PM,Ganga,Mess,08:36 PM,09:27 PM,0,0,0,0,440.47,67,40.52,Dinner,0,0
S10575,2026-04-02,03:09 PM,Sarojini,Library,0,0,02:55 PM,03:42 PM,02:35 PM,04:39 PM,656.52,151,28.9,None,1,0
S10576,2026-04-14,10:40 AM,Yamuna,Library,0,0,09:13 AM,11:15 AM,08:48 AM,11:32 AM,633.42,11,7.11,None,1,1
S10577,2026-04-18,12:48 PM,Sarojini,Library,0,0,10:43 AM,01:00 PM,10:15 AM,01:17 PM,531.58,27,6.87,None,1,0
S10578,2026-04-15,08:43 PM,Yamuna,Library,0,0,08:17 PM,09:04 PM,08:01 PM,09:34 PM,736.0,112,24.23,None,0,0
S10579,2026-04-02,12:06 PM,Rajendra,Hostel,0,0,0,0,0,0,123.4,127,27.11,None,1,0
S10580,2026-04-02,01:51 PM,Ganga,Library,0,0,01:46 PM,03:01 PM,01:40 PM,03:59 PM,563.76,189,30.63,None,0,0
S10581,2026-04-01,02:15 PM,Yamuna,Mess,02:00 PM,02:37 PM,0,0,0,0,602.7,139,48.0,Lunch,0,0
S10582,2026-04-02,09:28 AM,Yamuna,Mess,09:02 AM,09:38 AM,0,0,0,0,523.48,114,44.76,Breakfast,0,0
S10583,2026-04-24,03:15 PM,Yamuna,Mess,02:53 PM,03:16 PM,0,0,0,0,436.33,109,39.19,Lunch,1,0
S10584,2026-04-17,03:54 PM,Azad,Library,0,0,03:20 PM,04:45 PM,03:02 PM,05:41 PM,560.12,85,18.83,None,1,0
S10585,2026-04-24,01:18 PM,Rajendra,Mess,12:40 PM,01:37 PM,0,0,0,0,429.37,21,27.65,Lunch,0,0
S10586,2026-04-27,10:13 PM,Azad,Library,0,0,09:26 PM,11:40 PM,09:00 PM,11:59 PM,465.01,174,34.67,None,0,0
S10587,2026-04-07,05:53 PM,Azad,Library,0,0,04:19 PM,05:54 PM,03:49 PM,06:22 PM,678.06,85,18.42,None,0,0
S10588,2026-04-27,02:09 PM,Ganga,Mess,01:55 PM,02:37 PM,0,0,0,0,337.48,191,53.91,Lunch,0,0
S10589,2026-04-12,02:36 PM,Yamuna,Mess,02:01 PM,02:40 PM,0,0,0,0,378.03,181,39.19,Lunch,0,0
S10590,2026-04-27,08:07 PM,Ganga,Mess,08:01 PM,08:24 PM,0,0,0,0,451.32,136,40.99,Dinner,0,0
S10591,2026-04-30,10:03 PM,Rajendra,Hostel,0,0,0,0,0,0,1206.73,162,21.63,None,0,0
S10592,2026-04-14,09:58 PM,Ganga,Mess,09:50 PM,10:36 PM,0,0,0,0,475.9,57,30.15,Dinner,0,0
S10593,2026-04-20,01:24 PM,Ganga,Mess,01:22 PM,02:22 PM,0,0,0,0,572.66,166,50.38,Lunch,0,0
S10594,2026-04-05,11:40 AM,Sarojini,Classroom,0,0,0,0,11:08 AM,12:57 PM,373.38,170,23.35,None,1,0
S10595,2026-04-07,09:57 PM,Yamuna,Mess,09:39 PM,09:59 PM,0,0,0,0,250.77,171,37.46,Dinner,0,0
S10596,2026-04-16,12:29 PM,Yamuna,Mess,12:08 PM,01:03 PM,0,0,0,0,627.65,81,38.99,Lunch,0,0
S10597,2026-04-21,05:31 PM,Azad,Outside,0,0,0,0,04:46 PM,08:19 PM,306.0,114,15.48,None,0,0
S10598,2026-04-07,09:02 AM,Sarojini,Mess,08:57 AM,09:21 AM,0,0,0,0,499.43,42,25.68,Breakfast,0,0
S10599,2026-04-21,02:52 PM,Azad,Mess,02:41 PM,03:41 PM,0,0,0,0,508.57,118,49.18,Lunch,1,0
S10600,2026-04-17,03:21 PM,Ganga,Library,0,0,01:52 PM,03:32 PM,01:29 PM,04:02 PM,838.12,159,26.74,None,0,0
S10601,2026-04-14,01:29 PM,Ganga,Library,0,0,11:53 AM,01:29 PM,11:44 AM,01:45 PM,777.16,47,13.72,None,1,0
S10602,2026-04-18,09:52 AM,Rajendra,Mess,09:36 AM,10:14 AM,0,0,0,0,312.46,127,50.16,Breakfast,1,1
S10603,2026-04-18,10:39 AM,Rajendra,Classroom,0,0,0,0,10:13 AM,11:51 AM,352.29,45,5.08,None,1,1
S10604,2026-04-01,01:36 AM,Ganga,Outside,0,0,0,0,12:57 AM,03:25 AM,202.75,145,11.26,None,0,0
S10605,2026-04-02,10:18 AM,Rajendra,Library,0,0,10:15 AM,11:35 AM,10:02 AM,12:02 PM,768.92,140,25.66,None,1,1
S10606,2026-04-19,07:43 AM,Azad,Hostel,0,0,0,0,0,0,328.54,82,33.38,None,0,0
S10607,2026-04-22,02:44 PM,Ganga,Mess,01:57 PM,02:48 PM,0,0,0,0,586.76,180,45.88,Lunch,0,0
S10608,2026-04-13,01:40 PM,Yamuna,Library,0,0,11:47 AM,02:44 PM,11:37 AM,03:14 PM,808.77,18,7.85,None,0,0
S10609,2026-04-03,11:25 PM,Ganga,Outside,0,0,0,0,09:37 PM,11:59 PM,206.56,38,2.1,None,0,0
S10610,2026-04-17,09:59 PM,Rajendra,Mess,09:42 PM,10:10 PM,0,0,0,0,556.65,53,43.85,Dinner,0,0
S10611,2026-04-11,08:15 PM,Rajendra,Mess,07:36 PM,08:34 PM,0,0,0,0,458.87,42,33.96,Dinner,0,0
S10612,2026-04-30,05:43 PM,Rajendra,Hostel,0,0,0,0,0,0,322.81,189,29.85,None,0,0
S10613,2026-04-20,08:09 PM,Rajendra,Mess,07:51 PM,08:24 PM,0,0,0,0,516.81,29,38.01,Dinner,0,0
S10614,2026-04-18,02:44 PM,Sarojini,Library,0,0,02:08 PM,03:21 PM,01:50 PM,04:10 PM,848.41,194,32.2,None,1,0
S10615,2026-04-02,02:35 PM,Rajendra,Mess,02:05 PM,02:54 PM,0,0,0,0,640.67,136,55.51,Lunch,1,0
S10616,2026-04-14,08:58 PM,Sarojini,Library,0,0,07:44 PM,09:23 PM,07:37 PM,09:55 PM,669.99,23,16.5,None,0,0
S10617,2026-04-14,10:01 AM,Rajendra,Classroom,0,0,0,0,09:31 AM,10:36 AM,221.92,77,8.61,None,1,1
S10618,2026-04-04,10:02 PM,Sarojini,Mess,09:35 PM,10:05 PM,0,0,0,0,639.87,145,44.44,Dinner,0,0
S10619,2026-04-28,05:11 PM,Yamuna,Outside,0,0,0,0,04:32 PM,07:37 PM,379.95,55,4.1,None,0,0
S10620,2026-04-16,03:52 AM,Rajendra,Outside,0,0,0,0,02:40 AM,06:17 AM,176.8,118,7.97,None,0,0
S10621,2026-04-29,02:00 PM,Rajendra,Mess,01:58 PM,02:40 PM,0,0,0,0,474.6,139,57.83,Lunch,0,0
S10622,2026-04-15,05:02 AM,Yamuna,Hostel,0,0,0,0,0,0,302.74,83,31.03,None,0,0
S10623,2026-04-05,10:16 AM,Sarojini,Classroom,0,0,0,0,09:44 AM,12:03 PM,136.84,162,10.69,None,1,1
S10624,2026-04-01,11:36 PM,Sarojini,Library,0,0,10:58 PM,11:59 PM,10:29 PM,11:59 PM,899.72,184,17.68,None,0,0
S10625,2026-04-12,09:54 PM,Ganga,Mess,09:53 PM,10:15 PM,0,0,0,0,334.21,186,57.5,Dinner,0,0
S10626,2026-04-07,01:59 PM,Rajendra,Classroom,0,0,0,0,01:24 PM,02:58 PM,297.65,15,1.05,None,1,0
S10627,2026-04-01,10:27 PM,Sarojini,Library,0,0,09:57 PM,11:59 PM,09:31 PM,11:59 PM,854.61,156,34.28,None,0,0
S10628,2026-04-10,11:59 AM,Rajendra,Library,0,0,11:57 AM,01:04 PM,11:36 AM,01:54 PM,848.32,173,21.28,None,1,0
S10629,2026-04-21,10:07 PM,Ganga,Library,0,0,09:48 PM,10:57 PM,09:21 PM,11:16 PM,814.38,97,22.07,None,0,0
S10630,2026-04-12,09:17 AM,Yamuna,Mess,09:11 AM,09:36 AM,0,0,0,0,517.34,197,48.64,Breakfast,1,1
S10631,2026-04-15,01:33 PM,Rajendra,Hostel,0,0,0,0,0,0,204.19,190,39.24,None,1,0
S10632,2026-04-30,08:14 PM,Sarojini,Library,0,0,07:36 PM,10:24 PM,07:09 PM,10:41 PM,992.85,102,17.2,None,0,0
S10633,2026-04-24,08:17 PM,Rajendra,Library,0,0,07:17 PM,08:37 PM,06:51 PM,09:04 PM,644.21,29,11.68,None,0,0
S10634,2026-04-29,08:39 AM,Azad,Mess,08:31 AM,09:14 AM,0,0,0,0,316.25,76,47.82,Breakfast,0,0
S10635,2026-04-22,06:53 PM,Ganga,Library,0,0,06:43 PM,08:35 PM,06:14 PM,09:21 PM,775.08,105,18.48,None,0,0
S10636,2026-04-06,09:19 PM,Azad,Mess,09:17 PM,09:41 PM,0,0,0,0,287.34,169,42.4,Dinner,0,0
S10637,2026-04-12,08:33 PM,Ganga,Mess,08:30 PM,09:15 PM,0,0,0,0,600.74,21,35.3,Dinner,0,0
S10638,2026-04-10,05:36 PM,Azad,Library,0,0,05:24 PM,06:59 PM,04:58 PM,07:20 PM,856.23,167,26.48,None,0,0
S10639,2026-04-05,02:31 AM,Ganga,Hostel,0,0,0,0,0,0,343.93,57,22.92,None,0,0
S10640,2026-04-23,08:14 AM,Yamuna,Classroom,0,0,0,0,08:00 AM,09:30 AM,252.76,27,2.28,None,1,1
S10641,2026-04-26,10:26 AM,Rajendra,Library,0,0,09:45 AM,10:39 AM,09:15 AM,11:12 AM,864.91,197,34.35,None,1,1
S10642,2026-04-15,05:13 PM,Ganga,Library,0,0,05:13 PM,06:56 PM,04:44 PM,07:43 PM,665.32,197,26.89,None,0,0
S10643,2026-04-05,12:32 PM,Ganga,Hostel,0,0,0,0,0,0,298.61,108,36.16,None,1,0
S10644,2026-04-02,10:03 PM,Ganga,Mess,09:26 PM,10:03 PM,0,0,0,0,361.89,188,40.88,Dinner,0,0
S10645,2026-04-01,11:24 AM,Rajendra,Library,0,0,11:03 AM,11:36 AM,10:35 AM,12:01 PM,639.03,115,20.65,None,0,0
S10646,2026-04-16,09:01 AM,Sarojini,Mess,08:23 AM,09:09 AM,0,0,0,0,423.78,100,35.06,Breakfast,1,1
S10647,2026-04-02,09:44 PM,Rajendra,Hostel,0,0,0,0,0,0,916.93,176,38.57,None,0,0
S10648,2026-04-30,10:41 PM,Azad,Library,0,0,10:18 PM,11:31 PM,10:00 PM,11:51 PM,631.0,13,15.89,None,0,0
S10649,2026-04-23,07:41 PM,Yamuna,Mess,07:00 PM,07:56 PM,0,0,0,0,449.82,180,31.74,Dinner,0,0
S10650,2026-04-30,11:40 PM,Sarojini,Outside,0,0,0,0,10:41 PM,11:59 PM,317.13,134,17.46,None,0,0
S10651,2026-04-07,09:19 AM,Rajendra,Mess,08:49 AM,09:23 AM,0,0,0,0,517.6,15,29.22,Breakfast,0,0
S10652,2026-04-08,11:40 AM,Rajendra,Library,0,0,11:19 AM,12:28 PM,11:07 AM,01:10 PM,841.34,187,22.23,None,0,0
S10653,2026-04-27,10:42 AM,Azad,Mess,09:57 AM,10:55 AM,0,0,0,0,533.76,83,30.6,Breakfast,0,0
S10654,2026-04-18,09:06 PM,Azad,Library,0,0,08:43 PM,09:24 PM,08:31 PM,10:22 PM,580.0,195,17.87,None,0,0
S10655,2026-04-30,05:33 PM,Sarojini,Library,0,0,04:16 PM,06:42 PM,04:06 PM,07:09 PM,918.16,101,19.48,None,0,0
S10656,2026-04-06,08:25 PM,Yamuna,Mess,08:01 PM,08:39 PM,0,0,0,0,600.07,76,31.67,Dinner,0,0
S10657,2026-04-18,08:23 PM,Rajendra,Library,0,0,08:11 PM,09:09 PM,07:46 PM,10:09 PM,793.94,121,29.98,None,0,0
S10658,2026-04-08,10:19 AM,Sarojini,Mess,09:49 AM,10:29 AM,0,0,0,0,498.06,177,31.72,Breakfast,1,1
S10659,2026-04-06,09:07 AM,Yamuna,Mess,08:54 AM,09:49 AM,0,0,0,0,423.52,47,30.48,Breakfast,1,1
S10660,2026-04-13,04:18 AM,Yamuna,Outside,0,0,0,0,02:48 AM,06:47 AM,185.04,18,0.9,None,0,0
S10661,2026-04-26,02:00 AM,Sarojini,Outside,0,0,0,0,12:50 AM,04:22 AM,340.2,187,9.4,None,0,0
S10662,2026-04-23,04:22 PM,Azad,Hostel,0,0,0,0,0,0,278.21,98,36.44,None,1,1
S10663,2026-04-23,02:59 PM,Yamuna,Library,0,0,02:36 PM,04:29 PM,02:16 PM,05:02 PM,712.0,23,13.74,None,1,0
S10664,2026-04-11,05:22 PM,Ganga,Library,0,0,04:41 PM,06:03 PM,04:31 PM,06:45 PM,885.76,61,19.2,None,0,0
S10665,2026-04-27,08:04 AM,Sarojini,Mess,07:42 AM,08:22 AM,0,0,0,0,496.52,161,42.94,Breakfast,0,0
S10666,2026-04-06,03:26 PM,Rajendra,Library,0,0,02:27 PM,03:50 PM,02:10 PM,04:38 PM,574.38,140,16.99,None,0,0
S10667,2026-05-01,09:16 PM,Yamuna,Library,0,0,08:56 PM,09:48 PM,08:42 PM,10:43 PM,807.04,104,19.12,None,0,0
S10668,2026-04-26,03:03 AM,Azad,Outside,0,0,0,0,02:18 AM,05:07 AM,362.58,13,0.85,None,0,0
S10669,2026-04-01,03:20 AM,Sarojini,Hostel,0,0,0,0,0,0,285.2,143,33.22,None,0,0
S10670,2026-04-04,10:43 AM,Azad,Library,0,0,09:38 AM,12:15 PM,09:25 AM,12:58 PM,995.21,88,19.86,None,0,0
S10671,2026-04-20,09:04 PM,Ganga,Mess,09:03 PM,09:27 PM,0,0,0,0,678.87,19,31.64,Dinner,0,0
S10672,2026-04-09,02:49 PM,Yamuna,Mess,02:28 PM,02:59 PM,0,0,0,0,305.29,17,36.61,Lunch,0,0
S10673,2026-04-25,07:14 AM,Yamuna,Hostel,0,0,0,0,0,0,180.36,120,42.64,None,0,0
S10674,2026-04-04,04:38 AM,Sarojini,Hostel,0,0,0,0,0,0,332.52,179,39.88,None,0,0
S10675,2026-04-27,11:11 PM,Rajendra,Library,0,0,10:40 PM,11:59 PM,10:16 PM,11:59 PM,685.83,49,14.21,None,0,0
S10676,2026-04-08,01:39 PM,Rajendra,Mess,12:51 PM,01:46 PM,0,0,0,0,329.27,11,23.46,Lunch,0,0
S10677,2026-04-21,01:59 PM,Sarojini,Mess,01:52 PM,02:20 PM,0,0,0,0,443.66,100,42.38,Lunch,0,0
S10678,2026-04-10,12:02 PM,Rajendra,Library,0,0,11:44 AM,02:31 PM,11:17 AM,02:47 PM,839.03,173,25.26,None,1,0
S10679,2026-04-11,07:46 PM,Rajendra,Mess,07:38 PM,08:18 PM,0,0,0,0,341.28,27,38.33,Dinner,0,0
S10680,2026-04-09,09:11 PM,Sarojini,Hostel,0,0,0,0,0,0,1181.07,114,31.78,None,0,0
S10681,2026-04-01,05:51 AM,Ganga,Hostel,0,0,0,0,0,0,330.57,98,25.54,None,0,0
S10682,2026-04-20,09:37 PM,Sarojini,Mess,09:17 PM,09:55 PM,0,0,0,0,621.92,154,46.07,Dinner,0,0
S10683,2026-04-13,03:10 PM,Azad,Hostel,0,0,0,0,0,0,140.99,24,16.73,None,1,0
S10684,2026-04-13,03:01 PM,Ganga,Hostel,0,0,0,0,0,0,280.81,56,27.55,None,0,0
S10685,2026-04-21,09:13 PM,Ganga,Outside,0,0,0,0,08:03 PM,11:32 PM,287.07,142,8.56,None,0,0
S10686,2026-04-08,06:44 PM,Yamuna,Classroom,0,0,0,0,06:15 PM,07:48 PM,314.43,134,14.34,None,1,1
S10687,2026-04-30,09:46 PM,Sarojini,Mess,09:35 PM,09:59 PM,0,0,0,0,552.87,124,52.39,Dinner,0,0
S10688,2026-04-29,09:04 AM,Ganga,Mess,08:27 AM,09:10 AM,0,0,0,0,378.34,145,55.45,Breakfast,1,1
S10689,2026-04-10,08:19 PM,Yamuna,Library,0,0,07:55 PM,09:36 PM,07:30 PM,10:14 PM,985.43,119,21.96,None,0,0
S10690,2026-04-26,03:16 PM,Rajendra,Library,0,0,03:11 PM,05:11 PM,02:42 PM,05:41 PM,503.19,173,25.0,None,0,0
S10691,2026-04-27,06:31 PM,Azad,Library,0,0,05:58 PM,07:13 PM,05:35 PM,08:13 PM,968.87,10,12.46,None,0,0
S10692,2026-04-24,02:42 PM,Rajendra,Mess,02:33 PM,03:33 PM,0,0,0,0,518.37,78,49.83,Lunch,0,0
S10693,2026-04-17,01:31 PM,Yamuna,Mess,01:04 PM,01:48 PM,0,0,0,0,480.97,123,43.97,Lunch,1,0
S10694,2026-04-03,06:23 PM,Sarojini,Outside,0,0,0,0,04:49 PM,09:00 PM,101.5,75,3.93,None,0,0
S10695,2026-04-11,11:13 PM,Sarojini,Library,0,0,10:37 PM,11:59 PM,10:24 PM,11:59 PM,754.56,142,20.82,None,0,0
S10696,2026-04-13,01:58 AM,Ganga,Hostel,0,0,0,0,0,0,251.23,125,31.55,None,0,0
S10697,2026-04-03,01:55 PM,Azad,Library,0,0,01:27 PM,02:32 PM,01:17 PM,03:28 PM,987.76,134,27.02,None,1,0
S10698,2026-04-19,09:36 PM,Yamuna,Library,0,0,08:00 PM,10:00 PM,07:33 PM,10:46 PM,985.88,38,9.62,None,0,0
S10699,2026-04-29,03:48 PM,Ganga,Library,0,0,03:38 PM,06:04 PM,03:20 PM,06:36 PM,830.82,93,22.9,None,1,0
S10700,2026-04-12,02:36 PM,Sarojini,Library,0,0,01:45 PM,03:32 PM,01:34 PM,03:42 PM,691.95,41,14.25,None,0,0
S10701,2026-04-22,08:30 PM,Rajendra,Library,0,0,07:14 PM,08:55 PM,06:49 PM,09:54 PM,537.97,157,32.51,None,0,0
S10702,2026-04-18,07:43 PM,Sarojini,Library,0,0,06:08 PM,08:06 PM,05:52 PM,08:50 PM,694.61,119,25.72,None,0,0
S10703,2026-04-24,08:13 PM,Rajendra,Outside,0,0,0,0,07:08 PM,10:08 PM,131.04,113,16.57,None,0,0
S10704,2026-04-07,09:31 PM,Ganga,Mess,09:02 PM,09:54 PM,0,0,0,0,542.77,11,40.76,Dinner,0,0
S10705,2026-04-10,02:42 PM,Sarojini,Mess,02:03 PM,02:57 PM,0,0,0,0,435.63,200,42.14,Lunch,1,0
S10706,2026-04-24,02:39 PM,Azad,Library,0,0,01:20 PM,03:07 PM,01:11 PM,03:56 PM,799.53,22,8.26,None,0,0
S10707,2026-04-03,10:32 AM,Yamuna,Library,0,0,10:24 AM,11:59 AM,10:09 AM,12:52 PM,545.83,168,34.73,None,0,0
S10708,2026-04-16,09:47 AM,Rajendra,Classroom,0,0,0,0,09:30 AM,10:31 AM,162.7,52,6.25,None,1,1
S10709,2026-04-24,08:04 PM,Sarojini,Mess,07:29 PM,08:14 PM,0,0,0,0,680.76,181,39.14,Dinner,0,0
S10710,2026-04-06,11:46 AM,Sarojini,Hostel,0,0,0,0,0,0,174.16,184,46.47,None,1,0
S10711,2026-04-07,12:12 PM,Azad,Library,0,0,11:30 AM,12:26 PM,11:06 AM,01:09 PM,678.94,32,16.45,None,1,0
S10712,2026-04-05,10:02 PM,Sarojini,Library,0,0,09:55 PM,10:25 PM,09:48 PM,11:13 PM,901.77,142,17.46,None,0,0
S10713,2026-04-03,04:54 PM,Sarojini,Library,0,0,03:19 PM,05:30 PM,03:01 PM,06:00 PM,851.99,175,33.34,None,1,1
S10714,2026-04-01,02:16 AM,Rajendra,Outside,0,0,0,0,01:28 AM,04:41 AM,367.48,10,1.28,None,0,0
S10715,2026-04-01,03:45 AM,Yamuna,Outside,0,0,0,0,03:07 AM,05:09 AM,147.87,178,15.07,None,0,0
S10716,2026-04-12,01:55 PM,Azad,Library,0,0,01:11 PM,02:12 PM,12:58 PM,02:26 PM,787.06,145,22.44,None,0,0
S10717,2026-04-18,04:18 PM,Azad,Library,0,0,03:04 PM,05:23 PM,02:47 PM,05:43 PM,560.26,64,13.45,None,0,0
S10718,2026-04-25,07:40 PM,Yamuna,Library,0,0,07:40 PM,09:10 PM,07:33 PM,09:43 PM,750.76,13,13.07,None,0,0
S10719,2026-04-04,01:47 AM,Sarojini,Outside,0,0,0,0,12:35 AM,02:49 AM,320.4,106,11.73,None,0,0
S10720,2026-04-07,10:11 AM,Rajendra,Mess,09:56 AM,10:43 AM,0,0,0,0,469.12,98,37.33,Breakfast,1,1
S10721,2026-04-14,01:37 PM,Azad,Library,0,0,01:22 PM,01:52 PM,01:12 PM,02:47 PM,826.59,65,9.35,None,0,0
S10722,2026-05-01,01:23 PM,Sarojini,Library,0,0,11:25 AM,01:51 PM,11:10 AM,02:05 PM,1049.22,24,10.22,None,1,0
S10723,2026-04-10,01:27 PM,Rajendra,Mess,01:23 PM,02:03 PM,0,0,0,0,420.15,64,26.08,Lunch,0,0
S10724,2026-04-22,11:19 PM,Rajendra,Hostel,0,0,0,0,0,0,1419.7,87,34.35,None,0,0
S10725,2026-04-10,04:48 AM,Sarojini,Outside,0,0,0,0,03:23 AM,06:16 AM,244.67,163,12.62,None,0,0
S10726,2026-04-14,06:35 AM,Ganga,Outside,0,0,0,0,05:02 AM,08:57 AM,370.67,43,4.6,None,0,0
S10727,2026-04-27,11:11 PM,Sarojini,Library,0,0,10:28 PM,11:59 PM,10:09 PM,11:59 PM,577.01,142,31.81,None,0,0
S10728,2026-04-09,07:39 PM,Sarojini,Mess,07:24 PM,07:51 PM,0,0,0,0,401.23,181,33.77,Dinner,0,0
S10729,2026-04-19,08:51 PM,Sarojini,Mess,08:39 PM,09:31 PM,0,0,0,0,265.9,142,49.85,Dinner,0,0
S10730,2026-04-23,09:05 PM,Yamuna,Mess,08:46 PM,09:13 PM,0,0,0,0,512.03,33,39.15,Dinner,0,0
S10731,2026-04-23,01:27 PM,Yamuna,Classroom,0,0,0,0,12:50 PM,02:44 PM,345.79,82,4.39,None,1,0
S10732,2026-04-25,08:41 PM,Yamuna,Library,0,0,08:05 PM,08:50 PM,07:59 PM,09:20 PM,970.68,160,25.09,None,0,0
S10733,2026-04-01,11:53 PM,Yamuna,Hostel,0,0,0,0,0,0,1436.43,181,34.77,None,0,0
S10734,2026-04-11,08:18 PM,Yamuna,Library,0,0,07:34 PM,10:14 PM,07:28 PM,10:46 PM,1020.89,136,28.51,None,0,0
S10735,2026-04-07,09:05 PM,Ganga,Library,0,0,08:12 PM,09:23 PM,07:46 PM,10:22 PM,630.69,18,12.94,None,0,0
S10736,2026-04-20,02:33 PM,Azad,Library,0,0,01:46 PM,02:52 PM,01:32 PM,03:32 PM,783.54,197,26.69,None,0,0
S10737,2026-04-09,09:17 AM,Ganga,Mess,09:17 AM,09:54 AM,0,0,0,0,477.39,56,46.56,Breakfast,0,0
S10738,2026-04-26,09:50 PM,Yamuna,Mess,09:29 PM,09:53 PM,0,0,0,0,595.52,173,52.74,Dinner,0,0
S10739,2026-04-05,10:08 PM,Azad,Mess,09:54 PM,10:15 PM,0,0,0,0,356.92,28,36.72,Dinner,0,0
S10740,2026-04-06,07:52 PM,Sarojini,Mess,07:06 PM,07:54 PM,0,0,0,0,441.9,138,40.57,Dinner,0,0
S10741,2026-04-26,05:38 AM,Sarojini,Hostel,0,0,0,0,0,0,279.1,25,26.55,None,0,0
S10742,2026-04-28,03:49 PM,Sarojini,Library,0,0,03:48 PM,05:54 PM,03:30 PM,06:21 PM,1066.3,200,26.35,None,1,0
S10743,2026-04-17,08:12 PM,Azad,Mess,08:09 PM,08:56 PM,0,0,0,0,662.12,99,49.97,Dinner,0,0
S10744,2026-04-03,01:10 PM,Sarojini,Library,0,0,12:27 PM,01:36 PM,12:00 PM,02:14 PM,576.16,192,33.21,None,1,0
S10745,2026-04-02,09:08 AM,Yamuna,Mess,09:08 AM,09:44 AM,0,0,0,0,648.31,171,59.85,Breakfast,1,1
S10746,2026-04-01,06:34 PM,Sarojini,Library,0,0,06:17 PM,07:08 PM,06:04 PM,07:33 PM,805.24,89,15.43,None,0,0
S10747,2026-04-01,12:30 PM,Ganga,Library,0,0,11:17 AM,12:37 PM,10:51 AM,01:02 PM,971.74,108,30.5,None,1,0
S10748,2026-04-25,08:44 AM,Sarojini,Mess,08:24 AM,08:48 AM,0,0,0,0,458.48,78,43.82,Breakfast,0,0
S10749,2026-04-16,08:26 AM,Yamuna,Mess,08:23 AM,08:53 AM,0,0,0,0,468.12,197,37.5,Breakfast,0,0
S10750,2026-04-04,11:24 PM,Yamuna,Hostel,0,0,0,0,0,0,1396.17,187,40.49,None,0,0
S10751,2026-04-24,04:11 AM,Ganga,Outside,0,0,0,0,02:31 AM,06:03 AM,350.29,21,2.82,None,0,0
S10752,2026-04-13,08:23 PM,Yamuna,Library,0,0,06:19 PM,08:49 PM,05:58 PM,09:45 PM,728.16,100,18.4,None,0,0
S10753,2026-04-24,02:22 PM,Rajendra,Mess,02:04 PM,02:45 PM,0,0,0,0,336.47,155,46.36,Lunch,1,0
S10754,2026-04-14,09:39 PM,Yamuna,Mess,09:35 PM,09:58 PM,0,0,0,0,627.3,44,29.09,Dinner,0,0
S10755,2026-04-20,02:24 PM,Yamuna,Hostel,0,0,0,0,0,0,378.83,200,29.66,None,1,0
S10756,2026-04-25,07:36 PM,Azad,Library,0,0,07:04 PM,08:04 PM,06:56 PM,08:53 PM,901.95,44,14.92,None,0,0
S10757,2026-04-16,08:20 PM,Ganga,Mess,08:06 PM,08:43 PM,0,0,0,0,480.56,68,38.11,Dinner,0,0
S10758,2026-04-14,11:52 AM,Sarojini,Library,0,0,11:21 AM,11:52 AM,11:14 AM,12:12 PM,628.6,119,16.2,None,1,0
S10759,2026-04-08,10:07 PM,Azad,Outside,0,0,0,0,09:18 PM,11:59 PM,333.36,121,15.4,None,0,0
S10760,2026-04-04,01:55 PM,Sarojini,Mess,01:52 PM,02:22 PM,0,0,0,0,385.79,136,49.43,Lunch,1,0
S10761,2026-04-27,10:17 AM,Rajendra,Classroom,0,0,0,0,09:55 AM,11:31 AM,385.93,31,2.78,None,1,1
S10762,2026-04-07,01:08 PM,Yamuna,Library,0,0,12:04 PM,02:02 PM,11:59 AM,02:50 PM,591.36,196,35.52,None,1,0
S10763,2026-04-28,08:25 PM,Yamuna,Mess,08:20 PM,09:16 PM,0,0,0,0,345.01,27,38.32,Dinner,0,0
S10764,2026-04-30,05:50 PM,Azad,Library,0,0,05:20 PM,07:25 PM,04:59 PM,07:42 PM,614.1,184,35.97,None,0,0
S10765,2026-05-01,10:06 AM,Yamuna,Mess,09:55 AM,10:16 AM,0,0,0,0,397.13,34,34.4,Breakfast,0,0
S10766,2026-04-19,09:11 AM,Sarojini,Hostel,0,0,0,0,0,0,364.89,59,29.09,None,0,0
S10767,2026-04-26,11:02 PM,Rajendra,Hostel,0,0,0,0,0,0,1056.79,23,24.17,None,0,0
S10768,2026-04-16,12:35 PM,Rajendra,Mess,12:06 PM,12:51 PM,0,0,0,0,504.02,143,38.1,Lunch,0,0
S10769,2026-04-25,09:16 AM,Yamuna,Mess,09:03 AM,09:44 AM,0,0,0,0,478.7,77,33.44,Breakfast,1,1
S10770,2026-04-24,07:27 AM,Rajendra,Mess,07:10 AM,08:07 AM,0,0,0,0,541.62,50,31.74,Breakfast,0,0
S10771,2026-04-04,03:09 AM,Azad,Outside,0,0,0,0,02:38 AM,04:56 AM,294.1,177,26.33,None,0,0
S10772,2026-04-26,08:56 PM,Azad,Mess,08:40 PM,09:03 PM,0,0,0,0,474.19,78,30.24,Dinner,0,0
S10773,2026-04-30,03:13 PM,Azad,Mess,02:32 PM,03:32 PM,0,0,0,0,508.29,171,45.42,Lunch,0,0
S10774,2026-04-30,09:26 PM,Yamuna,Mess,09:12 PM,10:02 PM,0,0,0,0,480.93,170,42.44,Dinner,0,0
S10775,2026-04-12,01:23 PM,Sarojini,Mess,12:59 PM,01:31 PM,0,0,0,0,359.16,89,44.54,Lunch,0,0
S10776,2026-04-18,06:06 PM,Sarojini,Library,0,0,05:19 PM,06:07 PM,04:54 PM,06:27 PM,689.22,12,12.57,None,0,0
S10777,2026-04-26,09:08 PM,Yamuna,Outside,0,0,0,0,07:49 PM,10:23 PM,212.7,46,6.35,None,0,0
S10778,2026-04-12,07:27 AM,Yamuna,Hostel,0,0,0,0,0,0,308.18,61,19.92,None,0,0
S10779,2026-04-22,02:05 PM,Ganga,Mess,01:38 PM,02:24 PM,0,0,0,0,486.11,107,32.67,Lunch,1,0
S10780,2026-04-16,02:39 AM,Rajendra,Outside,0,0,0,0,12:42 AM,05:14 AM,287.89,34,2.65,None,0,0
S10781,2026-04-08,09:42 AM,Rajendra,Mess,09:35 AM,10:17 AM,0,0,0,0,356.54,76,37.1,Breakfast,1,1
S10782,2026-04-09,11:36 AM,Rajendra,Hostel,0,0,0,0,0,0,154.93,141,30.92,None,0,0
S10783,2026-04-10,04:50 PM,Ganga,Library,0,0,04:23 PM,05:01 PM,04:06 PM,05:43 PM,768.81,147,23.43,None,0,0
S10784,2026-04-17,01:07 PM,Ganga,Library,0,0,12:56 PM,01:36 PM,12:32 PM,01:47 PM,910.17,129,27.14,None,0,0
S10785,2026-04-07,09:20 PM,Yamuna,Outside,0,0,0,0,07:36 PM,10:35 PM,316.04,19,2.04,None,0,0
S10786,2026-04-18,03:20 AM,Yamuna,Outside,0,0,0,0,01:37 AM,05:36 AM,293.44,59,5.75,None,0,0
S10787,2026-05-01,06:38 PM,Yamuna,Hostel,0,0,0,0,0,0,184.1,150,34.77,None,0,0
S10788,2026-05-01,05:17 PM,Yamuna,Outside,0,0,0,0,04:05 PM,07:36 PM,100.04,162,15.16,None,0,0
S10789,2026-04-01,09:45 AM,Rajendra,Hostel,0,0,0,0,0,0,365.42,176,33.96,None,0,0
S10790,2026-04-11,05:40 AM,Yamuna,Hostel,0,0,0,0,0,0,258.66,86,18.23,None,0,0
S10791,2026-04-10,10:50 AM,Sarojini,Hostel,0,0,0,0,0,0,393.41,19,15.81,None,0,0
S10792,2026-05-01,02:39 PM,Rajendra,Hostel,0,0,0,0,0,0,382.04,79,27.49,None,1,0
S10793,2026-04-06,12:49 PM,Rajendra,Mess,12:13 PM,01:05 PM,0,0,0,0,545.61,50,26.81,Lunch,1,0
S10794,2026-04-26,08:58 AM,Ganga,Hostel,0,0,0,0,0,0,384.57,160,30.71,None,0,0
S10795,2026-04-23,01:53 PM,Sarojini,Mess,01:32 PM,02:11 PM,0,0,0,0,490.76,180,50.61,Lunch,0,0
S10796,2026-04-02,10:41 PM,Yamuna,Library,0,0,10:41 PM,11:20 PM,10:28 PM,11:59 PM,897.6,163,31.67,None,0,0
S10797,2026-04-25,12:55 AM,Sarojini,Outside,0,0,0,0,0,03:50 AM,209.67,198,23.98,None,0,0
S10798,2026-04-15,01:18 PM,Yamuna,Mess,12:43 PM,01:28 PM,0,0,0,0,494.71,116,43.79,Lunch,0,0
S10799,2026-04-22,08:48 PM,Yamuna,Library,0,0,08:40 PM,09:29 PM,08:21 PM,09:56 PM,495.4,66,17.22,None,0,0
S10800,2026-05-01,08:43 AM,Yamuna,Hostel,0,0,0,0,0,0,323.78,153,24.88,None,0,0
S10801,2026-04-05,04:48 PM,Sarojini,Library,0,0,03:45 PM,05:11 PM,03:34 PM,05:35 PM,507.53,137,23.74,None,1,1
S10802,2026-04-02,09:37 AM,Azad,Mess,09:07 AM,10:05 AM,0,0,0,0,416.23,185,31.3,Breakfast,0,0
S10803,2026-04-19,10:15 PM,Yamuna,Hostel,0,0,0,0,0,0,1099.5,27,22.38,None,0,0
S10804,2026-04-01,04:59 PM,Sarojini,Library,0,0,04:36 PM,06:22 PM,04:22 PM,06:53 PM,847.03,127,19.77,None,0,0
S10805,2026-04-23,07:57 AM,Azad,Hostel,0,0,0,0,0,0,252.81,124,42.18,None,0,0
S10806,2026-04-27,11:25 AM,Sarojini,Hostel,0,0,0,0,0,0,179.58,174,27.53,None,1,0
S10807,2026-04-03,03:28 PM,Sarojini,Library,0,0,03:26 PM,06:26 PM,03:07 PM,07:03 PM,921.37,83,9.97,None,1,0
S10808,2026-04-17,01:24 PM,Ganga,Hostel,0,0,0,0,0,0,279.88,138,41.37,None,1,0
S10809,2026-04-02,11:40 PM,Sarojini,Outside,0,0,0,0,09:46 PM,11:59 PM,171.68,83,10.55,None,0,0
S10810,2026-04-14,01:54 PM,Ganga,Library,0,0,01:14 PM,02:18 PM,01:05 PM,02:56 PM,612.16,37,13.12,None,1,0
S10811,2026-04-22,05:13 PM,Ganga,Library,0,0,04:04 PM,07:04 PM,03:51 PM,07:17 PM,807.15,105,16.85,None,0,0
S10812,2026-05-01,09:53 PM,Ganga,Mess,09:20 PM,09:53 PM,0,0,0,0,479.26,17,34.35,Dinner,0,0
S10813,2026-04-17,10:18 AM,Azad,Mess,09:44 AM,10:22 AM,0,0,0,0,216.63,97,42.42,Breakfast,0,0
S10814,2026-04-21,09:54 AM,Azad,Mess,09:34 AM,10:13 AM,0,0,0,0,251.13,77,36.13,Breakfast,0,0
S10815,2026-04-08,06:39 PM,Yamuna,Library,0,0,05:00 PM,06:42 PM,04:51 PM,07:31 PM,945.52,185,25.32,None,0,0
S10816,2026-04-21,09:26 PM,Rajendra,Library,0,0,08:51 PM,10:25 PM,08:43 PM,10:39 PM,492.52,149,29.33,None,0,0
S10817,2026-04-03,04:23 PM,Yamuna,Library,0,0,03:06 PM,04:58 PM,02:39 PM,05:19 PM,735.74,171,22.55,None,0,0
S10818,2026-04-03,01:04 PM,Ganga,Mess,12:27 PM,01:18 PM,0,0,0,0,493.02,183,32.86,Lunch,1,0
S10819,2026-04-01,01:04 PM,Yamuna,Library,0,0,12:06 PM,01:18 PM,11:58 AM,02:18 PM,899.56,114,29.34,None,0,0
S10820,2026-04-27,07:05 PM,Rajendra,Hostel,0,0,0,0,0,0,188.34,139,34.0,None,0,0
S10821,2026-04-14,04:27 AM,Yamuna,Hostel,0,0,0,0,0,0,350.91,198,27.12,None,0,0
S10822,2026-04-15,06:07 PM,Sarojini,Library,0,0,04:05 PM,06:38 PM,03:49 PM,06:58 PM,659.99,119,18.28,None,0,0
S10823,2026-04-27,08:28 AM,Ganga,Mess,08:09 AM,08:59 AM,0,0,0,0,450.86,16,41.46,Breakfast,0,0
S10824,2026-04-13,07:38 PM,Yamuna,Library,0,0,07:06 PM,09:05 PM,06:55 PM,09:49 PM,910.45,144,23.55,None,0,0
S10825,2026-04-06,06:05 PM,Azad,Library,0,0,05:20 PM,06:24 PM,05:10 PM,06:47 PM,785.67,29,10.01,None,0,0
S10826,2026-04-09,01:40 PM,Sarojini,Mess,01:18 PM,01:46 PM,0,0,0,0,543.27,27,30.06,Lunch,0,0
S10827,2026-04-15,09:48 PM,Azad,Mess,09:04 PM,09:53 PM,0,0,0,0,295.63,141,40.92,Dinner,0,0
S10828,2026-04-09,12:30 AM,Yamuna,Outside,0,0,0,0,0,03:19 AM,141.8,63,6.42,None,0,0
S10829,2026-04-11,08:24 PM,Sarojini,Outside,0,0,0,0,07:54 PM,09:57 PM,186.5,38,4.44,None,0,0
S10830,2026-04-11,12:25 PM,Azad,Mess,12:03 PM,12:25 PM,0,0,0,0,226.02,59,37.88,Lunch,0,0
S10831,2026-04-09,07:26 PM,Ganga,Library,0,0,05:45 PM,08:37 PM,05:24 PM,09:09 PM,789.59,71,15.83,None,0,0
S10832,2026-04-03,01:06 PM,Sarojini,Mess,12:33 PM,01:07 PM,0,0,0,0,585.89,93,46.05,Lunch,0,0
S10833,2026-04-04,11:39 PM,Sarojini,Library,0,0,09:32 PM,11:59 PM,09:11 PM,11:59 PM,961.65,40,13.82,None,0,0
S10834,2026-04-11,07:39 PM,Ganga,Library,0,0,06:54 PM,09:19 PM,06:35 PM,09:45 PM,765.15,146,27.53,None,0,0
S10835,2026-04-24,10:13 AM,Sarojini,Classroom,0,0,0,0,09:44 AM,11:48 AM,141.83,23,1.17,None,1,1
S10836,2026-04-25,11:32 PM,Azad,Outside,0,0,0,0,10:37 PM,11:59 PM,278.67,140,10.3,None,0,0
S10837,2026-04-20,02:36 PM,Azad,Mess,02:22 PM,02:52 PM,0,0,0,0,340.09,137,33.72,Lunch,0,0
S10838,2026-04-09,07:25 PM,Yamuna,Mess,07:15 PM,08:04 PM,0,0,0,0,357.44,133,44.3,Dinner,0,0
S10839,2026-04-18,09:29 AM,Ganga,Mess,09:22 AM,09:55 AM,0,0,0,0,492.57,87,36.24,Breakfast,1,1
S10840,2026-04-03,08:51 AM,Ganga,Outside,0,0,0,0,08:09 AM,11:32 AM,169.18,155,19.22,None,0,0
S10841,2026-04-28,12:50 AM,Azad,Hostel,0,0,0,0,0,0,305.99,45,24.23,None,0,0
S10842,2026-04-25,09:26 PM,Rajendra,Mess,09:13 PM,09:33 PM,0,0,0,0,387.74,26,29.59,Dinner,0,0
S10843,2026-04-23,02:05 PM,Azad,Library,0,0,12:16 PM,02:38 PM,11:59 AM,03:12 PM,538.07,33,13.03,None,0,0
S10844,2026-04-20,12:14 AM,Yamuna,Hostel,0,0,0,0,0,0,100.39,67,28.55,None,0,0
S10845,2026-04-22,10:49 AM,Yamuna,Library,0,0,10:30 AM,12:47 PM,10:18 AM,01:36 PM,793.35,84,9.26,None,1,1
S10846,2026-04-14,12:44 PM,Sarojini,Library,0,0,11:33 AM,12:50 PM,11:08 AM,01:21 PM,707.16,111,22.68,None,0,0
S10847,2026-04-30,02:08 PM,Azad,Library,0,0,12:46 PM,02:09 PM,12:39 PM,02:30 PM,543.25,119,15.83,None,1,0
S10848,2026-04-08,06:00 PM,Yamuna,Library,0,0,05:53 PM,07:03 PM,05:31 PM,07:20 PM,620.04,148,22.27,None,0,0
S10849,2026-04-21,03:31 PM,Rajendra,Library,0,0,02:04 PM,04:40 PM,01:46 PM,05:15 PM,913.21,148,34.29,None,0,0
S10850,2026-04-20,11:31 PM,Azad,Library,0,0,10:24 PM,11:59 PM,10:04 PM,11:59 PM,786.68,129,20.21,None,0,0
S10851,2026-04-09,02:45 PM,Sarojini,Mess,02:33 PM,03:21 PM,0,0,0,0,338.44,130,43.25,Lunch,0,0
S10852,2026-04-19,11:22 PM,Rajendra,Outside,0,0,0,0,10:38 PM,11:59 PM,317.63,154,15.56,None,0,0
S10853,2026-04-02,01:00 PM,Ganga,Mess,12:27 PM,01:00 PM,0,0,0,0,483.5,112,35.02,Lunch,1,0
S10854,2026-04-06,09:07 PM,Sarojini,Mess,09:07 PM,09:54 PM,0,0,0,0,372.39,152,50.46,Dinner,0,0
S10855,2026-04-18,09:11 AM,Sarojini,Mess,09:10 AM,09:58 AM,0,0,0,0,296.55,75,38.65,Breakfast,0,0
S10856,2026-04-05,10:03 PM,Ganga,Outside,0,0,0,0,09:07 PM,11:09 PM,260.0,126,11.11,None,0,0
S10857,2026-04-26,09:23 AM,Sarojini,Mess,09:20 AM,09:46 AM,0,0,0,0,361.63,75,41.3,Breakfast,0,0
S10858,2026-04-16,09:42 PM,Rajendra,Library,0,0,09:20 PM,09:56 PM,08:54 PM,10:25 PM,661.37,197,37.33,None,0,0
S10859,2026-04-20,10:31 PM,Azad,Library,0,0,10:05 PM,11:59 PM,09:41 PM,11:59 PM,643.89,50,10.76,None,0,0
S10860,2026-04-24,08:09 PM,Yamuna,Library,0,0,07:54 PM,08:55 PM,07:37 PM,09:29 PM,594.12,55,11.87,None,0,0
S10861,2026-04-16,10:04 PM,Rajendra,Library,0,0,09:15 PM,11:03 PM,08:46 PM,11:57 PM,744.76,130,20.1,None,0,0
S10862,2026-04-10,02:53 PM,Yamuna,Mess,02:20 PM,03:08 PM,0,0,0,0,528.56,35,41.84,Lunch,1,0
S10863,2026-04-16,08:24 AM,Sarojini,Mess,08:18 AM,08:40 AM,0,0,0,0,470.2,135,33.71,Breakfast,0,0
S10864,2026-04-21,09:43 PM,Sarojini,Mess,09:26 PM,10:12 PM,0,0,0,0,383.81,168,48.83,Dinner,0,0
S10865,2026-04-04,08:03 PM,Azad,Mess,07:24 PM,08:05 PM,0,0,0,0,575.0,56,33.81,Dinner,0,0
S10866,2026-04-10,09:15 PM,Ganga,Mess,09:00 PM,09:57 PM,0,0,0,0,630.41,32,35.96,Dinner,0,0
S10867,2026-04-25,04:09 AM,Yamuna,Hostel,0,0,0,0,0,0,130.46,18,24.45,None,0,0
S10868,2026-04-15,01:24 PM,Rajendra,Outside,0,0,0,0,11:45 AM,03:21 PM,355.11,80,10.57,None,0,0
S10869,2026-04-25,10:16 PM,Sarojini,Mess,09:48 PM,10:18 PM,0,0,0,0,501.82,50,33.73,Dinner,0,0
S10870,2026-04-07,09:33 AM,Rajendra,Mess,09:11 AM,09:55 AM,0,0,0,0,489.05,66,37.46,Breakfast,1,1
S10871,2026-04-17,08:10 PM,Yamuna,Library,0,0,07:45 PM,08:29 PM,07:32 PM,09:27 PM,945.69,10,14.39,None,0,0
S10872,2026-04-12,10:39 AM,Rajendra,Classroom,0,0,0,0,10:26 AM,12:28 PM,138.81,40,2.03,None,1,1
S10873,2026-04-19,10:51 AM,Yamuna,Library,0,0,10:38 AM,11:36 AM,10:22 AM,12:26 PM,779.91,90,18.7,None,0,0
S10874,2026-04-19,03:11 PM,Rajendra,Library,0,0,02:03 PM,03:11 PM,01:41 PM,03:56 PM,1007.72,167,26.18,None,1,0
S10875,2026-04-01,08:40 PM,Azad,Hostel,0,0,0,0,0,0,1069.15,182,38.45,None,0,0
S10876,2026-04-09,01:53 PM,Ganga,Library,0,0,01:48 PM,02:57 PM,01:32 PM,03:17 PM,847.43,130,19.05,None,0,0
S10877,2026-04-16,12:21 AM,Ganga,Hostel,0,0,0,0,0,0,113.35,106,33.68,None,0,0
S10878,2026-04-18,02:14 PM,Rajendra,Mess,02:12 PM,02:38 PM,0,0,0,0,265.36,144,57.46,Lunch,0,0
S10879,2026-04-15,11:23 AM,Azad,Library,0,0,11:18 AM,02:02 PM,10:56 AM,02:50 PM,1045.85,79,17.52,None,1,0
S10880,2026-04-28,12:48 AM,Azad,Hostel,0,0,0,0,0,0,270.81,22,27.08,None,0,0
S10881,2026-04-26,08:13 AM,Yamuna,Mess,07:59 AM,08:44 AM,0,0,0,0,415.95,116,47.42,Breakfast,0,0
S10882,2026-04-24,06:30 PM,Azad,Outside,0,0,0,0,05:23 PM,07:59 PM,249.13,22,2.18,None,0,0
S10883,2026-04-13,09:45 PM,Ganga,Mess,09:30 PM,09:53 PM,0,0,0,0,341.15,57,36.15,Dinner,0,0
S10884,2026-04-15,09:45 PM,Rajendra,Mess,09:09 PM,09:57 PM,0,0,0,0,641.99,105,34.47,Dinner,0,0
S10885,2026-04-26,07:28 AM,Yamuna,Mess,07:18 AM,08:08 AM,0,0,0,0,513.91,45,29.88,Breakfast,0,0
S10886,2026-04-30,10:40 PM,Azad,Library,0,0,10:38 PM,11:59 PM,10:11 PM,11:59 PM,682.33,26,8.61,None,0,0
S10887,2026-04-23,04:50 PM,Yamuna,Hostel,0,0,0,0,0,0,285.41,24,18.85,None,0,0
S10888,2026-04-23,07:43 PM,Azad,Mess,07:42 PM,08:28 PM,0,0,0,0,596.82,61,29.22,Dinner,0,0
S10889,2026-04-13,07:26 AM,Rajendra,Mess,07:26 AM,07:48 AM,0,0,0,0,421.55,24,41.26,Breakfast,0,0
S10890,2026-04-05,09:57 PM,Sarojini,Mess,09:33 PM,10:08 PM,0,0,0,0,340.53,148,30.0,Dinner,0,0
S10891,2026-04-28,11:42 PM,Azad,Hostel,0,0,0,0,0,0,922.29,168,30.21,None,0,0
S10892,2026-04-17,09:36 AM,Yamuna,Mess,09:27 AM,10:22 AM,0,0,0,0,474.72,52,39.29,Breakfast,1,1
S10893,2026-04-14,01:24 PM,Ganga,Library,0,0,12:18 PM,01:24 PM,12:13 PM,01:40 PM,634.51,99,21.98,None,1,0
S10894,2026-04-03,02:00 AM,Sarojini,Hostel,0,0,0,0,0,0,257.35,72,18.86,None,0,0
S10895,2026-04-23,09:13 PM,Azad,Hostel,0,0,0,0,0,0,666.89,189,45.25,None,0,0
S10896,2026-04-03,08:42 AM,Yamuna,Mess,08:18 AM,08:42 AM,0,0,0,0,467.51,179,51.24,Breakfast,0,0
S10897,2026-04-21,10:50 PM,Sarojini,Library,0,0,10:43 PM,11:59 PM,10:37 PM,11:59 PM,538.02,186,31.59,None,0,0
S10898,2026-04-04,03:07 PM,Sarojini,Mess,02:51 PM,03:28 PM,0,0,0,0,505.45,51,28.81,Lunch,0,0
S10899,2026-04-05,02:07 PM,Azad,Mess,01:58 PM,02:21 PM,0,0,0,0,334.5,10,32.32,Lunch,0,0
S10900,2026-04-09,09:07 AM,Sarojini,Mess,08:51 AM,09:11 AM,0,0,0,0,470.89,156,45.73,Breakfast,1,1
S10901,2026-04-30,06:33 AM,Ganga,Hostel,0,0,0,0,0,0,261.02,99,29.7,None,0,0
S10902,2026-04-01,09:50 AM,Azad,Mess,09:28 AM,10:14 AM,0,0,0,0,435.27,74,28.27,Breakfast,0,0
S10903,2026-04-26,05:26 PM,Yamuna,Library,0,0,03:44 PM,06:17 PM,03:22 PM,07:00 PM,654.39,150,18.57,None,0,0
S10904,2026-04-23,03:43 PM,Yamuna,Hostel,0,0,0,0,0,0,261.2,172,43.33,None,1,0
S10905,2026-04-21,05:17 PM,Yamuna,Library,0,0,04:42 PM,07:37 PM,04:18 PM,07:57 PM,651.06,18,14.8,None,0,0
S10906,2026-04-23,10:24 AM,Azad,Library,0,0,09:38 AM,11:10 AM,09:27 AM,11:26 AM,692.24,91,17.12,None,1,1
S10907,2026-04-06,09:08 PM,Rajendra,Mess,08:37 PM,09:12 PM,0,0,0,0,614.23,197,65.04,Dinner,0,0
S10908,2026-04-07,03:52 AM,Azad,Hostel,0,0,0,0,0,0,217.72,123,24.42,None,0,0
S10909,2026-04-02,02:47 AM,Sarojini,Outside,0,0,0,0,01:28 AM,04:22 AM,284.02,72,8.94,None,0,0
S10910,2026-04-11,09:35 PM,Rajendra,Mess,09:34 PM,10:10 PM,0,0,0,0,450.93,39,32.7,Dinner,0,0
S10911,2026-04-01,05:03 PM,Sarojini,Library,0,0,03:23 PM,06:03 PM,03:09 PM,07:00 PM,751.08,99,20.55,None,0,0
S10912,2026-04-26,12:30 PM,Sarojini,Library,0,0,12:29 PM,03:08 PM,12:05 PM,03:58 PM,855.22,198,31.45,None,1,0
S10913,2026-04-20,10:27 PM,Sarojini,Hostel,0,0,0,0,0,0,783.33,179,37.7,None,0,0
S10914,2026-04-13,01:23 PM,Ganga,Classroom,0,0,0,0,12:50 PM,02:48 PM,227.32,63,4.04,None,1,0
S10915,2026-04-08,08:13 PM,Rajendra,Mess,07:50 PM,08:14 PM,0,0,0,0,247.23,146,46.85,Dinner,0,0
S10916,2026-04-10,10:01 PM,Azad,Library,0,0,09:05 PM,10:19 PM,08:54 PM,10:32 PM,769.41,100,21.4,None,0,0
S10917,2026-04-30,12:23 PM,Sarojini,Outside,0,0,0,0,11:51 AM,01:30 PM,256.85,196,10.24,None,0,0
S10918,2026-04-04,01:52 PM,Rajendra,Library,0,0,01:28 PM,03:46 PM,01:18 PM,04:23 PM,596.25,188,17.61,None,1,0
S10919,2026-04-21,09:27 AM,Ganga,Mess,09:26 AM,10:16 AM,0,0,0,0,508.92,142,52.32,Breakfast,1,1
S10920,2026-04-23,09:30 AM,Sarojini,Mess,09:27 AM,10:17 AM,0,0,0,0,433.94,56,38.41,Breakfast,1,1
S10921,2026-04-17,02:35 PM,Yamuna,Mess,02:28 PM,03:10 PM,0,0,0,0,587.44,26,29.28,Lunch,1,0
S10922,2026-04-24,01:00 PM,Sarojini,Mess,01:00 PM,01:50 PM,0,0,0,0,520.26,63,34.21,Lunch,0,0
S10923,2026-05-01,06:29 PM,Ganga,Hostel,0,0,0,0,0,0,120.85,186,33.48,None,0,0
S10924,2026-04-19,04:02 PM,Sarojini,Library,0,0,03:30 PM,05:18 PM,03:24 PM,06:06 PM,942.65,77,23.94,None,1,1
S10925,2026-04-01,08:54 AM,Azad,Mess,08:09 AM,09:01 AM,0,0,0,0,469.26,86,42.37,Breakfast,0,0
S10926,2026-04-14,01:14 PM,Rajendra,Mess,12:55 PM,01:37 PM,0,0,0,0,654.18,194,53.56,Lunch,0,0
S10927,2026-04-02,05:02 PM,Azad,Library,0,0,04:20 PM,06:14 PM,04:04 PM,06:59 PM,969.39,141,31.49,None,0,0
S10928,2026-04-05,08:16 PM,Azad,Mess,08:01 PM,08:30 PM,0,0,0,0,386.77,119,38.65,Dinner,0,0
S10929,2026-04-09,08:40 AM,Rajendra,Mess,08:20 AM,08:53 AM,0,0,0,0,343.94,182,37.39,Breakfast,0,0
S10930,2026-04-25,06:09 AM,Sarojini,Outside,0,0,0,0,04:39 AM,07:56 AM,310.13,75,6.1,None,0,0
S10931,2026-04-08,09:51 AM,Sarojini,Mess,09:37 AM,10:09 AM,0,0,0,0,236.87,153,50.68,Breakfast,0,0
S10932,2026-04-09,11:10 PM,Yamuna,Outside,0,0,0,0,10:03 PM,11:59 PM,171.89,52,4.14,None,0,0
S10933,2026-04-30,09:25 PM,Rajendra,Mess,09:00 PM,09:37 PM,0,0,0,0,417.35,162,45.46,Dinner,0,0
S10934,2026-04-10,07:40 AM,Sarojini,Outside,0,0,0,0,06:33 AM,10:16 AM,208.66,84,6.29,None,0,0
S10935,2026-04-04,12:21 PM,Sarojini,Outside,0,0,0,0,11:49 AM,02:11 PM,125.64,143,15.89,None,1,0
S10936,2026-04-02,02:43 PM,Rajendra,Library,0,0,02:07 PM,03:56 PM,01:48 PM,04:11 PM,719.72,10,9.84,None,0,0
S10937,2026-04-07,11:34 AM,Ganga,Library,0,0,10:49 AM,12:36 PM,10:43 AM,01:33 PM,1045.92,189,30.95,None,1,0
S10938,2026-04-06,08:29 PM,Rajendra,Hostel,0,0,0,0,0,0,675.7,73,27.41,None,0,0
S10939,2026-04-24,10:51 PM,Azad,Library,0,0,10:32 PM,11:08 PM,10:18 PM,11:46 PM,839.59,111,15.79,None,0,0
S10940,2026-04-13,03:30 PM,Sarojini,Library,0,0,03:03 PM,03:52 PM,02:34 PM,04:29 PM,714.59,115,21.38,None,1,0
S10941,2026-04-03,12:49 PM,Ganga,Library,0,0,11:59 AM,01:30 PM,11:45 AM,02:15 PM,782.99,132,14.25,None,0,0
S10942,2026-04-22,10:08 AM,Sarojini,Mess,09:58 AM,10:24 AM,0,0,0,0,342.49,105,41.8,Breakfast,0,0
S10943,2026-04-29,02:13 AM,Yamuna,Outside,0,0,0,0,12:17 AM,04:48 AM,364.22,128,6.72,None,0,0
S10944,2026-04-22,09:16 AM,Azad,Mess,09:01 AM,09:33 AM,0,0,0,0,364.05,181,48.03,Breakfast,1,1
S10945,2026-04-11,09:03 PM,Yamuna,Outside,0,0,0,0,08:32 PM,10:50 PM,169.56,111,11.21,None,0,0
S10946,2026-04-28,09:12 PM,Azad,Mess,08:57 PM,09:30 PM,0,0,0,0,375.19,148,54.19,Dinner,0,0
S10947,2026-04-25,11:46 AM,Ganga,Library,0,0,11:13 AM,12:07 PM,11:04 AM,12:31 PM,869.36,66,13.19,None,0,0
S10948,2026-04-28,06:27 AM,Ganga,Outside,0,0,0,0,04:59 AM,08:33 AM,324.27,121,15.91,None,0,0
S10949,2026-04-04,12:12 PM,Sarojini,Library,0,0,11:15 AM,12:26 PM,11:05 AM,01:19 PM,880.19,157,21.52,None,0,0
S10950,2026-04-27,11:21 PM,Azad,Library,0,0,10:48 PM,11:59 PM,10:39 PM,11:59 PM,1062.82,196,18.57,None,0,0
S10951,2026-04-05,07:26 AM,Yamuna,Hostel,0,0,0,0,0,0,126.63,198,35.97,None,0,0
S10952,2026-04-05,02:13 PM,Ganga,Mess,02:05 PM,02:34 PM,0,0,0,0,489.84,193,58.38,Lunch,0,0
S10953,2026-04-18,01:56 PM,Azad,Mess,01:28 PM,02:19 PM,0,0,0,0,330.71,133,37.39,Lunch,1,0
S10954,2026-04-06,04:45 PM,Sarojini,Outside,0,0,0,0,02:49 PM,07:04 PM,125.17,48,4.7,None,0,0
S10955,2026-04-10,07:53 PM,Ganga,Library,0,0,07:40 PM,09:49 PM,07:25 PM,10:47 PM,455.26,44,17.6,None,0,0
S10956,2026-04-09,07:27 PM,Rajendra,Library,0,0,07:03 PM,07:34 PM,06:56 PM,08:23 PM,726.24,190,31.8,None,0,0
S10957,2026-04-21,07:42 PM,Rajendra,Library,0,0,07:39 PM,09:45 PM,07:09 PM,10:08 PM,880.48,160,31.12,None,0,0
S10958,2026-04-15,01:59 PM,Ganga,Mess,01:28 PM,02:11 PM,0,0,0,0,403.51,115,35.06,Lunch,1,0
S10959,2026-04-03,05:28 PM,Rajendra,Hostel,0,0,0,0,0,0,307.43,72,22.05,None,0,0
S10960,2026-04-08,09:47 PM,Rajendra,Library,0,0,09:46 PM,11:59 PM,09:26 PM,11:59 PM,641.68,64,18.21,None,0,0
S10961,2026-04-20,01:29 AM,Rajendra,Outside,0,0,0,0,12:26 AM,03:51 AM,209.33,35,3.49,None,0,0
S10962,2026-04-19,03:53 PM,Azad,Library,0,0,02:54 PM,04:00 PM,02:25 PM,04:17 PM,609.91,49,18.22,None,0,0
S10963,2026-04-30,03:39 PM,Sarojini,Library,0,0,02:18 PM,04:35 PM,01:48 PM,05:04 PM,640.03,52,11.83,None,0,0
S10964,2026-04-21,10:57 PM,Yamuna,Library,0,0,10:40 PM,11:59 PM,10:10 PM,11:59 PM,918.82,77,25.0,None,0,0
S10965,2026-04-30,09:16 PM,Rajendra,Library,0,0,08:38 PM,10:16 PM,08:15 PM,10:33 PM,766.76,30,14.46,None,0,0
S10966,2026-04-27,09:54 AM,Sarojini,Library,0,0,09:17 AM,12:02 PM,09:09 AM,12:48 PM,760.61,153,20.09,None,1,1
S10967,2026-04-17,02:36 PM,Rajendra,Mess,01:47 PM,02:44 PM,0,0,0,0,626.38,76,36.93,Lunch,0,0
S10968,2026-04-17,10:25 AM,Sarojini,Library,0,0,10:05 AM,01:04 PM,09:37 AM,01:21 PM,748.33,110,24.65,None,0,0
S10969,2026-04-13,09:51 AM,Rajendra,Mess,09:35 AM,10:10 AM,0,0,0,0,338.93,32,30.85,Breakfast,1,1
S10970,2026-04-09,01:51 PM,Yamuna,Mess,01:48 PM,02:42 PM,0,0,0,0,434.88,99,39.07,Lunch,0,0
S10971,2026-04-25,04:50 AM,Sarojini,Hostel,0,0,0,0,0,0,154.77,74,28.51,None,0,0
S10972,2026-04-12,11:02 AM,Sarojini,Library,0,0,10:41 AM,11:24 AM,10:17 AM,11:43 AM,527.22,30,11.32,None,0,0
S10973,2026-04-09,09:40 AM,Sarojini,Mess,09:31 AM,10:22 AM,0,0,0,0,406.25,196,35.2,Breakfast,1,1
S10974,2026-04-27,04:44 PM,Azad,Library,0,0,04:41 PM,05:46 PM,04:35 PM,05:58 PM,662.94,25,10.34,None,1,1
S10975,2026-04-14,05:17 AM,Sarojini,Outside,0,0,0,0,03:50 AM,08:06 AM,249.43,139,10.81,None,0,0
S10976,2026-04-14,01:54 AM,Azad,Hostel,0,0,0,0,0,0,371.74,152,40.76,None,0,0
S10977,2026-04-07,11:48 PM,Yamuna,Library,0,0,09:56 PM,11:59 PM,09:39 PM,11:59 PM,744.67,51,16.61,None,0,0
S10978,2026-04-30,07:18 PM,Rajendra,Hostel,0,0,0,0,0,0,112.97,158,21.88,None,0,0
S10979,2026-04-02,04:34 PM,Rajendra,Library,0,0,04:12 PM,05:21 PM,03:54 PM,05:56 PM,777.65,169,31.67,None,1,1
S10980,2026-04-14,01:15 PM,Yamuna,Mess,12:56 PM,01:22 PM,0,0,0,0,607.09,15,35.62,Lunch,0,0
S10981,2026-04-10,08:53 AM,Yamuna,Mess,08:37 AM,09:01 AM,0,0,0,0,286.18,107,34.74,Breakfast,0,0
S10982,2026-04-10,04:08 AM,Rajendra,Hostel,0,0,0,0,0,0,382.74,125,21.41,None,0,0
S10983,2026-05-01,07:29 PM,Azad,Library,0,0,06:46 PM,08:46 PM,06:35 PM,09:04 PM,821.62,160,22.38,None,0,0
S10984,2026-04-25,11:47 AM,Sarojini,Library,0,0,09:27 AM,12:27 PM,09:09 AM,01:03 PM,667.27,191,35.23,None,0,0
S10985,2026-05-01,08:07 PM,Ganga,Outside,0,0,0,0,07:21 PM,09:19 PM,377.84,127,12.18,None,0,0
S10986,2026-04-04,09:18 AM,Yamuna,Mess,09:02 AM,09:58 AM,0,0,0,0,380.9,15,24.69,Breakfast,1,1
S10987,2026-04-16,12:50 AM,Sarojini,Hostel,0,0,0,0,0,0,139.47,122,36.92,None,0,0
S10988,2026-04-28,08:17 PM,Yamuna,Mess,07:59 PM,08:43 PM,0,0,0,0,636.14,66,36.36,Dinner,0,0
S10989,2026-04-18,10:49 PM,Yamuna,Library,0,0,08:07 PM,10:51 PM,07:43 PM,11:47 PM,770.98,144,23.24,None,0,0
S10990,2026-04-17,06:58 PM,Ganga,Library,0,0,06:58 PM,08:40 PM,06:49 PM,09:09 PM,606.82,152,20.35,None,0,0
S10991,2026-04-08,04:59 PM,Yamuna,Hostel,0,0,0,0,0,0,393.39,105,22.62,None,1,1
S10992,2026-04-21,10:44 AM,Sarojini,Library,0,0,09:56 AM,12:07 PM,09:27 AM,12:24 PM,646.41,123,12.35,None,1,1
S10993,2026-04-23,08:39 AM,Yamuna,Mess,08:05 AM,08:51 AM,0,0,0,0,362.59,78,32.92,Breakfast,0,0
S10994,2026-04-19,07:11 PM,Azad,Hostel,0,0,0,0,0,0,288.91,36,19.8,None,0,0
S10995,2026-04-27,08:28 PM,Azad,Mess,08:07 PM,08:56 PM,0,0,0,0,358.12,55,34.2,Dinner,0,0
S10996,2026-04-16,10:24 AM,Azad,Mess,09:37 AM,10:34 AM,0,0,0,0,543.22,114,48.81,Breakfast,1,1
S10997,2026-04-13,06:51 PM,Rajendra,Outside,0,0,0,0,05:40 PM,09:09 PM,171.13,118,10.33,None,0,0
S10998,2026-04-05,08:14 AM,Azad,Mess,07:38 AM,08:21 AM,0,0,0,0,476.94,43,32.49,Breakfast,0,0
S10999,2026-04-28,11:43 PM,Azad,Hostel,0,0,0,0,0,0,1377.58,184,33.4,None,0,0
