record_id,date,day_type,building,time_slot,consumption_kwh,meter_reading_kwh,is_exam_week,is_anomaly,month
ELEC000001,2024-01-01,weekday,Academic Block A,06-08,0.972,1325.12,False,False,January
ELEC000002,2024-01-01,weekday,Academic Block A,08-10,2.667,1327.79,False,False,January
ELEC000003,2024-01-01,weekday,Academic Block A,10-12,3.652,1331.44,False,False,January
ELEC000004,2024-01-01,weekday,Academic Block A,12-14,2.789,1334.23,False,False,January
ELEC000005,2024-01-01,weekday,Academic Block A,14-16,2.895,1337.12,False,False,January
ELEC000006,2024-01-01,weekday,Academic Block A,16-18,2.774,1339.89,False,False,January
ELEC000007,2024-01-01,weekday,Academic Block A,18-20,2.064,1341.95,False,False,January
ELEC000008,2024-01-01,weekday,Academic Block A,20-22,1.76,1343.71,False,False,January
ELEC000009,2024-01-01,weekday,Academic Block A,22-00,0.804,1344.51,False,False,January
ELEC000010,2024-01-01,weekday,Academic Block B,06-08,0.866,4799.79,False,False,January
ELEC000011,2024-01-01,weekday,Academic Block B,08-10,2.573,4802.36,False,False,January
ELEC000012,2024-01-01,weekday,Academic Block B,10-12,3.219,4805.58,False,False,January
ELEC000013,2024-01-01,weekday,Academic Block B,12-14,2.766,4808.35,False,False,January
ELEC000014,2024-01-01,weekday,Academic Block B,14-16,3.304,4811.65,False,False,January
ELEC000015,2024-01-01,weekday,Academic Block B,16-18,2.658,4814.31,False,False,January
ELEC000016,2024-01-01,weekday,Academic Block B,18-20,2.085,4816.4,False,False,January
ELEC000017,2024-01-01,weekday,Academic Block B,20-22,1.751,4818.15,False,False,January
ELEC000018,2024-01-01,weekday,Academic Block B,22-00,0.648,4818.8,False,False,January
ELEC000019,2024-01-01,weekday,Hostel Block 1,06-08,0.485,3452.18,False,False,January
ELEC000020,2024-01-01,weekday,Hostel Block 1,08-10,1.573,,False,False,January
ELEC000021,2024-01-01,weekday,Hostel Block 1,10-12,1.507,3455.26,False,False,January
ELEC000022,2024-01-01,weekday,Hostel Block 1,12-14,1.628,3456.89,False,False,January
ELEC000023,2024-01-01,weekday,Hostel Block 1,14-16,1.538,3458.43,False,False,January
ELEC000024,2024-01-01,weekday,Hostel Block 1,16-18,1.173,3459.6,False,False,January
ELEC000025,2024-01-01,weekday,Hostel Block 1,18-20,1.07,3460.67,False,False,January
ELEC000026,2024-01-01,weekday,Hostel Block 1,20-22,0.851,3461.52,False,False,January
ELEC000027,2024-01-01,weekday,Hostel Block 1,22-00,0.364,3461.88,False,False,January
ELEC000028,2024-01-01,weekday,Hostel Block 2,06-08,0.425,3200.56,False,False,January
ELEC000029,2024-01-01,weekday,Hostel Block 2,08-10,1.321,3201.88,False,False,January
ELEC000030,2024-01-01,weekday,Hostel Block 2,10-12,1.657,3203.54,False,False,January
ELEC000031,2024-01-01,weekday,Hostel Block 2,12-14,1.538,3205.08,False,False,January
ELEC000032,2024-01-01,weekday,Hostel Block 2,14-16,1.63,3206.71,False,False,January
ELEC000033,2024-01-01,weekday,Hostel Block 2,16-18,1.387,3208.1,False,False,January
ELEC000034,2024-01-01,weekday,Hostel Block 2,18-20,1.161,3209.26,False,False,January
ELEC000035,2024-01-01,weekday,Hostel Block 2,20-22,1.045,3210.31,False,False,January
ELEC000036,2024-01-01,weekday,Hostel Block 2,22-00,0.457,3210.77,False,False,January
ELEC000037,2024-01-01,weekday,Library,06-08,0.688,1452.34,False,False,January
ELEC000038,2024-01-01,weekday,Library,08-10,1.535,1453.88,False,False,January
ELEC000039,2024-01-01,weekday,Library,10-12,2.33,1456.21,False,False,January
ELEC000040,2024-01-01,weekday,Library,12-14,2.053,1458.26,False,False,January
ELEC000041,2024-01-01,weekday,Library,14-16,1.747,1460.01,False,False,January
ELEC000042,2024-01-01,weekday,Library,16-18,1.599,1461.61,False,False,January
ELEC000043,2024-01-01,weekday,Library,18-20,1.612,1463.22,False,False,January
ELEC000044,2024-01-01,weekday,Library,20-22,1.378,1464.6,False,False,January
ELEC000045,2024-01-01,weekday,Library,22-00,0.543,1465.14,False,False,January
ELEC000046,2024-01-01,weekday,Labs Complex,06-08,0.689,4236.12,False,False,January
ELEC000047,2024-01-01,weekday,Labs Complex,08-10,1.874,4237.99,False,False,January
ELEC000048,2024-01-01,weekday,Labs Complex,10-12,2.032,4240.02,False,False,January
ELEC000049,2024-01-01,weekday,Labs Complex,12-14,1.664,4241.68,False,False,January
ELEC000050,2024-01-01,weekday,Labs Complex,14-16,1.867,4243.55,False,False,January
ELEC000051,2024-01-01,weekday,Labs Complex,16-18,1.701,4245.25,False,False,January
ELEC000052,2024-01-01,weekday,Labs Complex,18-20,1.409,4246.66,False,False,January
ELEC000053,2024-01-01,weekday,Labs Complex,20-22,1.176,4247.84,False,False,January
ELEC000054,2024-01-01,weekday,Labs Complex,22-00,0.461,4248.3,False,False,January
ELEC000055,2024-01-02,weekday,Academic Block A,06-08,0.921,1345.43,False,False,January
ELEC000056,2024-01-02,weekday,Academic Block A,08-10,3.083,1348.51,False,False,January
ELEC000057,2024-01-02,weekday,Academic Block A,10-12,3.267,1351.78,False,False,January
ELEC000058,2024-01-02,weekday,Academic Block A,12-14,2.594,1354.37,False,False,January
ELEC000059,2024-01-02,weekday,Academic Block A,14-16,2.997,1357.37,False,False,January
ELEC000060,2024-01-02,weekday,Academic Block A,16-18,2.704,1360.07,False,False,January
ELEC000061,2024-01-02,weekday,Academic Block A,18-20,2.578,1362.65,False,False,January
ELEC000062,2024-01-02,weekday,Academic Block A,20-22,1.738,1364.39,False,False,January
ELEC000063,2024-01-02,weekday,Academic Block A,22-00,0.78,1365.17,False,False,January
ELEC000064,2024-01-02,weekday,Academic Block B,06-08,0.901,4819.7,False,False,January
ELEC000065,2024-01-02,weekday,Academic Block B,08-10,2.825,4822.52,False,False,January
ELEC000066,2024-01-02,weekday,Academic Block B,10-12,3.605,4826.12,False,False,January
ELEC000067,2024-01-02,weekday,Academic Block B,12-14,2.586,4828.71,False,False,January
ELEC000068,2024-01-02,weekday,Academic Block B,14-16,2.661,4831.37,False,False,January
ELEC000069,2024-01-02,weekday,Academic Block B,16-18,2.382,4833.75,False,False,January
ELEC000070,2024-01-02,weekday,Academic Block B,18-20,2.427,4836.18,False,False,January
ELEC000071,2024-01-02,weekday,Academic Block B,20-22,2.054,4838.23,False,False,January
ELEC000072,2024-01-02,weekday,Academic Block B,22-00,0.852,4839.08,False,False,January
ELEC000073,2024-01-02,weekday,Hostel Block 1,06-08,0.498,3462.38,False,False,January
ELEC000074,2024-01-02,weekday,Hostel Block 1,08-10,1.335,3463.72,False,False,January
ELEC000075,2024-01-02,weekday,Hostel Block 1,10-12,1.592,3465.31,False,False,January
ELEC000076,2024-01-02,weekday,Hostel Block 1,12-14,1.359,3466.67,False,False,January
ELEC000077,2024-01-02,weekday,Hostel Block 1,14-16,1.595,3468.26,False,False,January
ELEC000078,2024-01-02,weekday,Hostel Block 1,16-18,1.39,3469.65,False,False,January
ELEC000079,2024-01-02,weekday,Hostel Block 1,18-20,1.171,3470.82,False,False,January
ELEC000080,2024-01-02,weekday,Hostel Block 1,20-22,0.819,3471.64,False,False,January
ELEC000081,2024-01-02,weekday,Hostel Block 1,22-00,0.435,3472.07,False,False,January
ELEC000082,2024-01-02,weekday,Hostel Block 2,06-08,0.45,3211.22,False,False,January
ELEC000083,2024-01-02,weekday,Hostel Block 2,08-10,1.301,3212.52,False,False,January
ELEC000084,2024-01-02,weekday,Hostel Block 2,10-12,2.005,3214.53,False,False,January
ELEC000085,2024-01-02,weekday,Hostel Block 2,12-14,1.369,3215.9,False,False,January
ELEC000086,2024-01-02,weekday,Hostel Block 2,14-16,1.717,3217.62,False,False,January
ELEC000087,2024-01-02,weekday,Hostel Block 2,16-18,1.428,3219.05,False,False,January
ELEC000088,2024-01-02,weekday,Hostel Block 2,18-20,1.212,3220.26,False,False,January
ELEC000089,2024-01-02,weekday,Hostel Block 2,20-22,0.855,3221.12,False,False,January
ELEC000090,2024-01-02,weekday,Hostel Block 2,22-00,0.426,3221.55,False,False,January
ELEC000091,2024-01-02,weekday,Library,06-08,0.545,1465.69,False,False,January
ELEC000092,2024-01-02,weekday,Library,08-10,1.673,1467.36,False,False,January
ELEC000093,2024-01-02,weekday,Library,10-12,2.245,1469.6,False,False,January
ELEC000094,2024-01-02,weekday,Library,12-14,1.634,1471.23,False,False,January
ELEC000095,2024-01-02,weekday,Library,14-16,1.826,1473.06,False,False,January
ELEC000096,2024-01-02,weekday,Library,16-18,1.672,1474.73,False,False,January
ELEC000097,2024-01-02,weekday,Library,18-20,1.679,1476.41,False,False,January
ELEC000098,2024-01-02,weekday,Library,20-22,1.033,1477.44,False,False,January
ELEC000099,2024-01-02,weekday,Library,22-00,0.47,1477.91,False,False,January
ELEC000100,2024-01-02,weekday,Labs Complex,06-08,0.55,4248.85,False,False,January
ELEC000101,2024-01-02,weekday,Labs Complex,08-10,1.769,4250.62,False,False,January
ELEC000102,2024-01-02,weekday,Labs Complex,10-12,2.149,4252.77,False,False,January
ELEC000103,2024-01-02,weekday,Labs Complex,12-14,1.63,4254.4,False,False,January
ELEC000104,2024-01-02,weekday,Labs Complex,14-16,1.719,4256.12,False,False,January
ELEC000105,2024-01-02,weekday,Labs Complex,16-18,1.889,4258.01,False,False,January
ELEC000106,2024-01-02,weekday,Labs Complex,18-20,1.66,4259.67,False,False,January
ELEC000107,2024-01-02,weekday,Labs Complex,20-22,1.153,4260.82,False,False,January
ELEC000108,2024-01-02,weekday,Labs Complex,22-00,0.473,4261.29,False,False,January
ELEC000109,2024-01-03,weekday,Academic Block A,06-08,0.979,1366.15,False,False,January
ELEC000110,2024-01-03,weekday,Academic Block A,08-10,2.316,1368.47,False,False,January
ELEC000111,2024-01-03,weekday,Academic Block A,10-12,2.977,1371.45,False,False,January
ELEC000112,2024-01-03,weekday,Academic Block A,12-14,2.825,1374.28,False,False,January
ELEC000113,2024-01-03,weekday,Academic Block A,14-16,2.828,1377.11,False,False,January
ELEC000114,2024-01-03,weekday,Academic Block A,16-18,2.23,1379.34,False,False,January
ELEC000115,2024-01-03,weekday,Academic Block A,18-20,2.222,1381.56,False,False,January
ELEC000116,2024-01-03,weekday,Academic Block A,20-22,1.917,1383.48,False,False,January
ELEC000117,2024-01-03,weekday,Academic Block A,22-00,0.706,1384.19,False,False,January
ELEC000118,2024-01-03,weekday,Academic Block B,06-08,0.805,4839.89,False,False,January
ELEC000119,2024-01-03,weekday,Academic Block B,08-10,3.025,4842.91,False,False,January
ELEC000120,2024-01-03,weekday,Academic Block B,10-12,2.994,4845.9,False,False,January
ELEC000121,2024-01-03,weekday,Academic Block B,12-14,3.012,4848.91,False,False,January
ELEC000122,2024-01-03,weekday,Academic Block B,14-16,3.022,4851.93,False,False,January
ELEC000123,2024-01-03,weekday,Academic Block B,16-18,2.682,4854.61,False,False,January
ELEC000124,2024-01-03,weekday,Academic Block B,18-20,2.442,4857.05,False,False,January
ELEC000125,2024-01-03,weekday,Academic Block B,20-22,1.569,4858.62,False,False,January
ELEC000126,2024-01-03,weekday,Academic Block B,22-00,0.647,4859.27,False,False,January
ELEC000127,2024-01-03,weekday,Hostel Block 1,06-08,0.501,3472.57,False,False,January
ELEC000128,2024-01-03,weekday,Hostel Block 1,08-10,1.361,3473.93,False,False,January
ELEC000129,2024-01-03,weekday,Hostel Block 1,10-12,1.581,3475.51,False,False,January
ELEC000130,2024-01-03,weekday,Hostel Block 1,12-14,1.551,3477.06,False,False,January
ELEC000131,2024-01-03,weekday,Hostel Block 1,14-16,1.372,3478.43,False,False,January
ELEC000132,2024-01-03,weekday,Hostel Block 1,16-18,1.545,3479.97,False,False,January
ELEC000133,2024-01-03,weekday,Hostel Block 1,18-20,1.355,3481.32,False,False,January
ELEC000134,2024-01-03,weekday,Hostel Block 1,20-22,0.878,3482.2,False,False,January
ELEC000135,2024-01-03,weekday,Hostel Block 1,22-00,0.363,3482.56,False,False,January
ELEC000136,2024-01-03,weekday,Hostel Block 2,06-08,0.52,3222.07,False,False,January
ELEC000137,2024-01-03,weekday,Hostel Block 2,08-10,1.619,3223.69,False,False,January
ELEC000138,2024-01-03,weekday,Hostel Block 2,10-12,1.966,3225.66,False,False,January
ELEC000139,2024-01-03,weekday,Hostel Block 2,12-14,1.445,3227.11,False,False,January
ELEC000140,2024-01-03,weekday,Hostel Block 2,14-16,1.693,3228.8,False,False,January
ELEC000141,2024-01-03,weekday,Hostel Block 2,16-18,1.555,3230.36,False,False,January
ELEC000142,2024-01-03,weekday,Hostel Block 2,18-20,1.348,3231.71,False,False,January
ELEC000143,2024-01-03,weekday,Hostel Block 2,20-22,0.834,3232.54,False,False,January
ELEC000144,2024-01-03,weekday,Hostel Block 2,22-00,0.432,3232.97,False,False,January
ELEC000145,2024-01-03,weekday,Library,06-08,0.566,1478.48,False,False,January
ELEC000146,2024-01-03,weekday,Library,08-10,1.786,1480.27,False,False,January
ELEC000147,2024-01-03,weekday,Library,10-12,2.402,1482.67,False,False,January
ELEC000148,2024-01-03,weekday,Library,12-14,2.123,1484.79,False,False,January
ELEC000149,2024-01-03,weekday,Library,14-16,2.156,1486.95,False,False,January
ELEC000150,2024-01-03,weekday,Library,16-18,1.513,1488.46,False,False,January
ELEC000151,2024-01-03,weekday,Library,18-20,1.514,1489.97,False,False,January
ELEC000152,2024-01-03,weekday,Library,20-22,1.061,1491.03,False,False,January
ELEC000153,2024-01-03,weekday,Library,22-00,0.444,1491.47,False,False,January
ELEC000154,2024-01-03,weekday,Labs Complex,06-08,0.618,4261.91,False,False,January
ELEC000155,2024-01-03,weekday,Labs Complex,08-10,1.739,4263.65,False,False,January
ELEC000156,2024-01-03,weekday,Labs Complex,10-12,2.25,4265.9,False,False,January
ELEC000157,2024-01-03,weekday,Labs Complex,12-14,2.184,4268.08,False,False,January
ELEC000158,2024-01-03,weekday,Labs Complex,14-16,1.809,4269.89,False,False,January
ELEC000159,2024-01-03,weekday,Labs Complex,16-18,1.935,,False,False,January
ELEC000160,2024-01-03,weekday,Labs Complex,18-20,1.636,4273.46,False,False,January
ELEC000161,2024-01-03,weekday,Labs Complex,20-22,1.104,4274.56,False,False,January
ELEC000162,2024-01-03,weekday,Labs Complex,22-00,0.575,4275.14,False,False,January
ELEC000163,2024-01-04,weekday,Academic Block A,06-08,0.849,1385.04,False,False,January
ELEC000164,2024-01-04,weekday,Academic Block A,08-10,2.354,1387.39,False,False,January
ELEC000165,2024-01-04,weekday,Academic Block A,10-12,2.995,1390.38,False,False,January
ELEC000166,2024-01-04,weekday,Academic Block A,12-14,3.135,1393.52,False,False,January
ELEC000167,2024-01-04,weekday,Academic Block A,14-16,2.619,1396.14,False,False,January
ELEC000168,2024-01-04,weekday,Academic Block A,16-18,2.869,1399.01,False,False,January
ELEC000169,2024-01-04,weekday,Academic Block A,18-20,1.951,1400.96,False,False,January
ELEC000170,2024-01-04,weekday,Academic Block A,20-22,1.53,1402.49,False,False,January
ELEC000171,2024-01-04,weekday,Academic Block A,22-00,0.679,1403.17,False,False,January
ELEC000172,2024-01-04,weekday,Academic Block B,06-08,0.955,4860.23,False,False,January
ELEC000173,2024-01-04,weekday,Academic Block B,08-10,3.105,4863.33,False,False,January
ELEC000174,2024-01-04,weekday,Academic Block B,10-12,3.315,4866.64,False,False,January
ELEC000175,2024-01-04,weekday,Academic Block B,12-14,2.66,4869.3,False,False,January
ELEC000176,2024-01-04,weekday,Academic Block B,14-16,3.404,4872.7,False,False,January
ELEC000177,2024-01-04,weekday,Academic Block B,16-18,2.723,4875.42,False,False,January
ELEC000178,2024-01-04,weekday,Academic Block B,18-20,2.351,4877.77,False,False,January
ELEC000179,2024-01-04,weekday,Academic Block B,20-22,1.8,,False,False,January
ELEC000180,2024-01-04,weekday,Academic Block B,22-00,0.832,4880.4,False,False,January
ELEC000181,2024-01-04,weekday,Hostel Block 1,06-08,0.426,,False,False,January
ELEC000182,2024-01-04,weekday,Hostel Block 1,08-10,1.377,3484.36,False,False,January
ELEC000183,2024-01-04,weekday,Hostel Block 1,10-12,1.692,3486.05,False,False,January
ELEC000184,2024-01-04,weekday,Hostel Block 1,12-14,1.685,3487.74,False,False,January
ELEC000185,2024-01-04,weekday,Hostel Block 1,14-16,1.825,3489.56,False,False,January
ELEC000186,2024-01-04,weekday,Hostel Block 1,16-18,1.423,3490.98,False,False,January
ELEC000187,2024-01-04,weekday,Hostel Block 1,18-20,1.127,3492.11,False,False,January
ELEC000188,2024-01-04,weekday,Hostel Block 1,20-22,0.886,3493.0,False,False,January
ELEC000189,2024-01-04,weekday,Hostel Block 1,22-00,0.38,3493.38,False,False,January
ELEC000190,2024-01-04,weekday,Hostel Block 2,06-08,0.457,3233.43,False,False,January
ELEC000191,2024-01-04,weekday,Hostel Block 2,08-10,1.61,3235.04,False,False,January
ELEC000192,2024-01-04,weekday,Hostel Block 2,10-12,1.876,3236.92,False,False,January
ELEC000193,2024-01-04,weekday,Hostel Block 2,12-14,1.486,3238.41,False,False,January
ELEC000194,2024-01-04,weekday,Hostel Block 2,14-16,1.735,3240.14,False,False,January
ELEC000195,2024-01-04,weekday,Hostel Block 2,16-18,1.449,3241.59,False,False,January
ELEC000196,2024-01-04,weekday,Hostel Block 2,18-20,1.361,3242.95,False,False,January
ELEC000197,2024-01-04,weekday,Hostel Block 2,20-22,0.929,3243.88,False,False,January
ELEC000198,2024-01-04,weekday,Hostel Block 2,22-00,0.456,3244.34,False,False,January
ELEC000199,2024-01-04,weekday,Library,06-08,0.573,1492.04,False,False,January
ELEC000200,2024-01-04,weekday,Library,08-10,1.992,1494.03,False,False,January
ELEC000201,2024-01-04,weekday,Library,10-12,2.117,1496.15,False,False,January
ELEC000202,2024-01-04,weekday,Library,12-14,1.966,1498.12,False,False,January
ELEC000203,2024-01-04,weekday,Library,14-16,1.851,1499.97,False,False,January
ELEC000204,2024-01-04,weekday,Library,16-18,1.724,1501.69,False,False,January
ELEC000205,2024-01-04,weekday,Library,18-20,1.293,1502.98,False,False,January
ELEC000206,2024-01-04,weekday,Library,20-22,1.285,1504.27,False,False,January
ELEC000207,2024-01-04,weekday,Library,22-00,0.455,1504.72,False,False,January
ELEC000208,2024-01-04,weekday,Labs Complex,06-08,0.51,4275.65,False,False,January
ELEC000209,2024-01-04,weekday,Labs Complex,08-10,1.834,4277.48,False,False,January
ELEC000210,2024-01-04,weekday,Labs Complex,10-12,2.516,4280.0,False,False,January
ELEC000211,2024-01-04,weekday,Labs Complex,12-14,2.079,4282.08,False,False,January
ELEC000212,2024-01-04,weekday,Labs Complex,14-16,1.789,4283.87,False,False,January
ELEC000213,2024-01-04,weekday,Labs Complex,16-18,1.804,4285.67,False,False,January
ELEC000214,2024-01-04,weekday,Labs Complex,18-20,1.353,4287.02,False,False,January
ELEC000215,2024-01-04,weekday,Labs Complex,20-22,1.251,4288.27,False,False,January
ELEC000216,2024-01-04,weekday,Labs Complex,22-00,0.501,4288.77,False,False,January
ELEC000217,2024-01-05,weekday,Academic Block A,06-08,0.944,1404.11,False,False,January
ELEC000218,2024-01-05,weekday,Academic Block A,08-10,2.915,1407.02,False,False,January
ELEC000219,2024-01-05,weekday,Academic Block A,10-12,3.378,1410.4,False,False,January
ELEC000220,2024-01-05,weekday,Academic Block A,12-14,2.913,1413.31,False,False,January
ELEC000221,2024-01-05,weekday,Academic Block A,14-16,2.6,1415.91,False,False,January
ELEC000222,2024-01-05,weekday,Academic Block A,16-18,2.471,1418.38,False,False,January
ELEC000223,2024-01-05,weekday,Academic Block A,18-20,2.11,1420.49,False,False,January
ELEC000224,2024-01-05,weekday,Academic Block A,20-22,1.854,1422.34,False,False,January
ELEC000225,2024-01-05,weekday,Academic Block A,22-00,0.67,1423.01,False,False,January
ELEC000226,2024-01-05,weekday,Academic Block B,06-08,1.024,4881.42,False,False,January
ELEC000227,2024-01-05,weekday,Academic Block B,08-10,2.863,4884.28,False,False,January
ELEC000228,2024-01-05,weekday,Academic Block B,10-12,3.599,4887.88,False,False,January
ELEC000229,2024-01-05,weekday,Academic Block B,12-14,2.807,4890.69,False,False,January
ELEC000230,2024-01-05,weekday,Academic Block B,14-16,3.047,4893.74,False,False,January
ELEC000231,2024-01-05,weekday,Academic Block B,16-18,2.311,4896.05,False,False,January
ELEC000232,2024-01-05,weekday,Academic Block B,18-20,2.293,4898.34,False,False,January
ELEC000233,2024-01-05,weekday,Academic Block B,20-22,1.68,4900.02,False,False,January
ELEC000234,2024-01-05,weekday,Academic Block B,22-00,0.638,4900.66,False,False,January
ELEC000235,2024-01-05,weekday,Hostel Block 1,06-08,0.433,3493.81,False,False,January
ELEC000236,2024-01-05,weekday,Hostel Block 1,08-10,1.482,3495.29,False,False,January
ELEC000237,2024-01-05,weekday,Hostel Block 1,10-12,1.664,3496.95,False,False,January
ELEC000238,2024-01-05,weekday,Hostel Block 1,12-14,1.513,3498.46,False,False,January
ELEC000239,2024-01-05,weekday,Hostel Block 1,14-16,1.591,3500.05,False,False,January
ELEC000240,2024-01-05,weekday,Hostel Block 1,16-18,1.449,3501.5,False,False,January
ELEC000241,2024-01-05,weekday,Hostel Block 1,18-20,1.321,3502.82,False,False,January
ELEC000242,2024-01-05,weekday,Hostel Block 1,20-22,0.94,3503.76,False,False,January
ELEC000243,2024-01-05,weekday,Hostel Block 1,22-00,0.458,3504.22,False,False,January
ELEC000244,2024-01-05,weekday,Hostel Block 2,06-08,0.417,3244.76,False,False,January
ELEC000245,2024-01-05,weekday,Hostel Block 2,08-10,1.533,3246.29,False,False,January
ELEC000246,2024-01-05,weekday,Hostel Block 2,10-12,1.859,3248.15,False,False,January
ELEC000247,2024-01-05,weekday,Hostel Block 2,12-14,1.591,3249.74,False,False,January
ELEC000248,2024-01-05,weekday,Hostel Block 2,14-16,1.63,3251.37,False,False,January
ELEC000249,2024-01-05,weekday,Hostel Block 2,16-18,1.525,3252.89,False,False,January
ELEC000250,2024-01-05,weekday,Hostel Block 2,18-20,1.043,3253.93,False,False,January
ELEC000251,2024-01-05,weekday,Hostel Block 2,20-22,0.928,3254.86,False,False,January
ELEC000252,2024-01-05,weekday,Hostel Block 2,22-00,0.363,3255.22,False,False,January
ELEC000253,2024-01-05,weekday,Library,06-08,0.673,1505.39,False,False,January
ELEC000254,2024-01-05,weekday,Library,08-10,1.955,1507.35,False,False,January
ELEC000255,2024-01-05,weekday,Library,10-12,2.486,1509.84,False,False,January
ELEC000256,2024-01-05,weekday,Library,12-14,2.048,1511.89,False,False,January
ELEC000257,2024-01-05,weekday,Library,14-16,1.731,1513.62,False,False,January
ELEC000258,2024-01-05,weekday,Library,16-18,1.809,1515.43,False,False,January
ELEC000259,2024-01-05,weekday,Library,18-20,1.607,1517.04,False,False,January
ELEC000260,2024-01-05,weekday,Library,20-22,1.167,1518.21,False,False,January
ELEC000261,2024-01-05,weekday,Library,22-00,0.542,1518.75,False,False,January
ELEC000262,2024-01-05,weekday,Labs Complex,06-08,0.592,4289.36,False,False,January
ELEC000263,2024-01-05,weekday,Labs Complex,08-10,1.923,4291.28,False,False,January
ELEC000264,2024-01-05,weekday,Labs Complex,10-12,1.984,4293.26,False,False,January
ELEC000265,2024-01-05,weekday,Labs Complex,12-14,1.81,4295.07,False,False,January
ELEC000266,2024-01-05,weekday,Labs Complex,14-16,1.994,4297.06,False,False,January
ELEC000267,2024-01-05,weekday,Labs Complex,16-18,1.893,4298.95,False,False,January
ELEC000268,2024-01-05,weekday,Labs Complex,18-20,1.46,4300.41,False,False,January
ELEC000269,2024-01-05,weekday,Labs Complex,20-22,1.269,4301.68,False,False,January
ELEC000270,2024-01-05,weekday,Labs Complex,22-00,0.522,4302.2,False,False,January
ELEC000271,2024-01-06,saturday,Academic Block A,06-08,0.67,1423.68,False,False,January
ELEC000272,2024-01-06,saturday,Academic Block A,08-10,1.924,1425.6,False,False,January
ELEC000273,2024-01-06,saturday,Academic Block A,10-12,2.289,1427.89,False,False,January
ELEC000274,2024-01-06,saturday,Academic Block A,12-14,1.866,1429.76,False,False,January
ELEC000275,2024-01-06,saturday,Academic Block A,14-16,2.016,1431.78,False,False,January
ELEC000276,2024-01-06,saturday,Academic Block A,16-18,1.737,1433.52,False,False,January
ELEC000277,2024-01-06,saturday,Academic Block A,18-20,1.483,1435.0,False,False,January
ELEC000278,2024-01-06,saturday,Academic Block A,20-22,1.079,1436.08,False,False,January
ELEC000279,2024-01-06,saturday,Academic Block A,22-00,0.472,1436.55,False,False,January
ELEC000280,2024-01-06,saturday,Academic Block B,06-08,0.565,4901.22,False,False,January
ELEC000281,2024-01-06,saturday,Academic Block B,08-10,2.133,4903.35,False,False,January
ELEC000282,2024-01-06,saturday,Academic Block B,10-12,2.399,4905.75,False,False,January
ELEC000283,2024-01-06,saturday,Academic Block B,12-14,2.08,4907.83,False,False,January
ELEC000284,2024-01-06,saturday,Academic Block B,14-16,1.901,4909.73,False,False,January
ELEC000285,2024-01-06,saturday,Academic Block B,16-18,1.973,4911.7,False,False,January
ELEC000286,2024-01-06,saturday,Academic Block B,18-20,1.703,4913.4,False,False,January
ELEC000287,2024-01-06,saturday,Academic Block B,20-22,1.256,4914.66,False,False,January
ELEC000288,2024-01-06,saturday,Academic Block B,22-00,0.574,4915.23,False,False,January
ELEC000289,2024-01-06,saturday,Hostel Block 1,06-08,0.368,3504.59,False,False,January
ELEC000290,2024-01-06,saturday,Hostel Block 1,08-10,0.857,3505.45,False,False,January
ELEC000291,2024-01-06,saturday,Hostel Block 1,10-12,1.305,3506.75,False,False,January
ELEC000292,2024-01-06,saturday,Hostel Block 1,12-14,1.029,3507.78,False,False,January
ELEC000293,2024-01-06,saturday,Hostel Block 1,14-16,1.19,3508.97,False,False,January
ELEC000294,2024-01-06,saturday,Hostel Block 1,16-18,0.81,3509.78,False,False,January
ELEC000295,2024-01-06,saturday,Hostel Block 1,18-20,0.728,3510.51,False,False,January
ELEC000296,2024-01-06,saturday,Hostel Block 1,20-22,0.59,3511.1,False,False,January
ELEC000297,2024-01-06,saturday,Hostel Block 1,22-00,0.274,3511.37,False,False,January
ELEC000298,2024-01-06,saturday,Hostel Block 2,06-08,0.379,3255.6,False,False,January
ELEC000299,2024-01-06,saturday,Hostel Block 2,08-10,0.999,3256.6,False,False,January
ELEC000300,2024-01-06,saturday,Hostel Block 2,10-12,1.304,3257.9,False,False,January
ELEC000301,2024-01-06,saturday,Hostel Block 2,12-14,0.907,3258.81,False,False,January
ELEC000302,2024-01-06,saturday,Hostel Block 2,14-16,1.2,3260.01,False,False,January
ELEC000303,2024-01-06,saturday,Hostel Block 2,16-18,1.028,,False,False,January
ELEC000304,2024-01-06,saturday,Hostel Block 2,18-20,0.824,3261.86,False,False,January
ELEC000305,2024-01-06,saturday,Hostel Block 2,20-22,0.666,3262.53,False,False,January
ELEC000306,2024-01-06,saturday,Hostel Block 2,22-00,0.306,3262.84,False,False,January
ELEC000307,2024-01-06,saturday,Library,06-08,0.371,,False,False,January
ELEC000308,2024-01-06,saturday,Library,08-10,1.334,1520.46,False,False,January
ELEC000309,2024-01-06,saturday,Library,10-12,1.522,1521.98,False,False,January
ELEC000310,2024-01-06,saturday,Library,12-14,1.201,1523.18,False,False,January
ELEC000311,2024-01-06,saturday,Library,14-16,1.531,1524.71,False,False,January
ELEC000312,2024-01-06,saturday,Library,16-18,1.343,1526.05,False,False,January
ELEC000313,2024-01-06,saturday,Library,18-20,1.017,1527.07,False,False,January
ELEC000314,2024-01-06,saturday,Library,20-22,0.869,1527.94,False,False,January
ELEC000315,2024-01-06,saturday,Library,22-00,0.34,1528.28,False,False,January
ELEC000316,2024-01-06,saturday,Labs Complex,06-08,0.391,4302.59,False,False,January
ELEC000317,2024-01-06,saturday,Labs Complex,08-10,1.431,4304.02,False,False,January
ELEC000318,2024-01-06,saturday,Labs Complex,10-12,1.531,4305.55,False,False,January
ELEC000319,2024-01-06,saturday,Labs Complex,12-14,1.338,4306.89,False,False,January
ELEC000320,2024-01-06,saturday,Labs Complex,14-16,1.581,4308.47,False,False,January
ELEC000321,2024-01-06,saturday,Labs Complex,16-18,1.244,4309.71,False,False,January
ELEC000322,2024-01-06,saturday,Labs Complex,18-20,0.922,4310.63,False,False,January
ELEC000323,2024-01-06,saturday,Labs Complex,20-22,0.833,4311.46,False,False,January
ELEC000324,2024-01-06,saturday,Labs Complex,22-00,0.338,4311.8,False,False,January
ELEC000325,2024-01-07,weekend,Academic Block A,06-08,0.394,1436.94,False,False,January
ELEC000326,2024-01-07,weekend,Academic Block A,08-10,0.99,1437.93,False,False,January
ELEC000327,2024-01-07,weekend,Academic Block A,10-12,1.445,1439.38,False,False,January
ELEC000328,2024-01-07,weekend,Academic Block A,12-14,1.208,1440.59,False,False,January
ELEC000329,2024-01-07,weekend,Academic Block A,14-16,2.603880935677085,1443.19,False,True,January
ELEC000330,2024-01-07,weekend,Academic Block A,16-18,1.089,1444.28,False,False,January
ELEC000331,2024-01-07,weekend,Academic Block A,18-20,0.784,1445.06,False,False,January
ELEC000332,2024-01-07,weekend,Academic Block A,20-22,0.685,1445.74,False,False,January
ELEC000333,2024-01-07,weekend,Academic Block A,22-00,0.257,1446.0,False,False,January
ELEC000334,2024-01-07,weekend,Academic Block B,06-08,0.351,4915.58,False,False,January
ELEC000335,2024-01-07,weekend,Academic Block B,08-10,1.153,4916.73,False,False,January
ELEC000336,2024-01-07,weekend,Academic Block B,10-12,1.438,4918.17,False,False,January
ELEC000337,2024-01-07,weekend,Academic Block B,12-14,1.182,4919.35,False,False,January
ELEC000338,2024-01-07,weekend,Academic Block B,14-16,5.235638770885117,4924.59,False,True,January
ELEC000339,2024-01-07,weekend,Academic Block B,16-18,1.128,4925.72,False,False,January
ELEC000340,2024-01-07,weekend,Academic Block B,18-20,0.945,4926.66,False,False,January
ELEC000341,2024-01-07,weekend,Academic Block B,20-22,0.802,4927.46,False,False,January
ELEC000342,2024-01-07,weekend,Academic Block B,22-00,0.329,4927.79,False,False,January
ELEC000343,2024-01-07,weekend,Hostel Block 1,06-08,0.218,3511.59,False,False,January
ELEC000344,2024-01-07,weekend,Hostel Block 1,08-10,0.616,3512.21,False,False,January
ELEC000345,2024-01-07,weekend,Hostel Block 1,10-12,0.62,3512.83,False,False,January
ELEC000346,2024-01-07,weekend,Hostel Block 1,12-14,0.54,3513.37,False,False,January
ELEC000347,2024-01-07,weekend,Hostel Block 1,14-16,0.726,3514.1,False,False,January
ELEC000348,2024-01-07,weekend,Hostel Block 1,16-18,1.6249527011414011,3515.72,False,True,January
ELEC000349,2024-01-07,weekend,Hostel Block 1,18-20,0.445,3516.16,False,False,January
ELEC000350,2024-01-07,weekend,Hostel Block 1,20-22,0.397,3516.56,False,False,January
ELEC000351,2024-01-07,weekend,Hostel Block 1,22-00,0.153,3516.71,False,False,January
ELEC000352,2024-01-07,weekend,Hostel Block 2,06-08,0.172,3263.01,False,False,January
ELEC000353,2024-01-07,weekend,Hostel Block 2,08-10,0.63,3263.64,False,False,January
ELEC000354,2024-01-07,weekend,Hostel Block 2,10-12,0.674,3264.31,False,False,January
ELEC000355,2024-01-07,weekend,Hostel Block 2,12-14,0.574,3264.88,False,False,January
ELEC000356,2024-01-07,weekend,Hostel Block 2,14-16,0.582,3265.46,False,False,January
ELEC000357,2024-01-07,weekend,Hostel Block 2,16-18,0.541,3266.0,False,False,January
ELEC000358,2024-01-07,weekend,Hostel Block 2,18-20,0.528,3266.53,False,False,January
ELEC000359,2024-01-07,weekend,Hostel Block 2,20-22,0.404,3266.93,False,False,January
ELEC000360,2024-01-07,weekend,Hostel Block 2,22-00,0.139,3267.07,False,False,January
ELEC000361,2024-01-07,weekend,Library,06-08,0.209,1528.49,False,False,January
ELEC000362,2024-01-07,weekend,Library,08-10,0.735,1529.22,False,False,January
ELEC000363,2024-01-07,weekend,Library,10-12,0.835,1530.06,False,False,January
ELEC000364,2024-01-07,weekend,Library,12-14,0.791,1530.85,False,False,January
ELEC000365,2024-01-07,weekend,Library,14-16,0.879,1531.73,False,False,January
ELEC000366,2024-01-07,weekend,Library,16-18,0.597,1532.33,False,False,January
ELEC000367,2024-01-07,weekend,Library,18-20,0.661,1532.99,False,False,January
ELEC000368,2024-01-07,weekend,Library,20-22,0.433,1533.42,False,False,January
ELEC000369,2024-01-07,weekend,Library,22-00,0.214,1533.63,False,False,January
ELEC000370,2024-01-07,weekend,Labs Complex,06-08,0.231,4312.03,False,False,January
ELEC000371,2024-01-07,weekend,Labs Complex,08-10,0.8,4312.83,False,False,January
ELEC000372,2024-01-07,weekend,Labs Complex,10-12,0.873,4313.7,False,False,January
ELEC000373,2024-01-07,weekend,Labs Complex,12-14,0.778,4314.48,False,False,January
ELEC000374,2024-01-07,weekend,Labs Complex,14-16,0.7,4315.18,False,False,January
ELEC000375,2024-01-07,weekend,Labs Complex,16-18,0.676,4315.86,False,False,January
ELEC000376,2024-01-07,weekend,Labs Complex,18-20,0.541,4316.4,False,False,January
ELEC000377,2024-01-07,weekend,Labs Complex,20-22,0.528,4316.93,False,False,January
ELEC000378,2024-01-07,weekend,Labs Complex,22-00,0.194,,False,False,January
ELEC000379,2024-01-08,weekday,Academic Block A,06-08,1.004,1447.0,False,False,January
ELEC000380,2024-01-08,weekday,Academic Block A,08-10,2.388,1449.39,False,False,January
ELEC000381,2024-01-08,weekday,Academic Block A,10-12,3.65,1453.04,False,False,January
ELEC000382,2024-01-08,weekday,Academic Block A,12-14,2.871,1455.91,False,False,January
ELEC000383,2024-01-08,weekday,Academic Block A,14-16,2.808,1458.72,False,False,January
ELEC000384,2024-01-08,weekday,Academic Block A,16-18,2.561,1461.28,False,False,January
ELEC000385,2024-01-08,weekday,Academic Block A,18-20,1.918,1463.2,False,False,January
ELEC000386,2024-01-08,weekday,Academic Block A,20-22,1.766,1464.97,False,False,January
ELEC000387,2024-01-08,weekday,Academic Block A,22-00,0.711,1465.68,False,False,January
ELEC000388,2024-01-08,weekday,Academic Block B,06-08,0.802,4928.59,False,False,January
ELEC000389,2024-01-08,weekday,Academic Block B,08-10,2.601,4931.19,False,False,January
ELEC000390,2024-01-08,weekday,Academic Block B,10-12,3.476,4934.67,False,False,January
ELEC000391,2024-01-08,weekday,Academic Block B,12-14,3.255,4937.93,False,False,January
ELEC000392,2024-01-08,weekday,Academic Block B,14-16,2.88,4940.81,False,False,January
ELEC000393,2024-01-08,weekday,Academic Block B,16-18,2.565,4943.38,False,False,January
ELEC000394,2024-01-08,weekday,Academic Block B,18-20,2.213,4945.59,False,False,January
ELEC000395,2024-01-08,weekday,Academic Block B,20-22,2.019,4947.61,False,False,January
ELEC000396,2024-01-08,weekday,Academic Block B,22-00,0.687,4948.3,False,False,January
ELEC000397,2024-01-08,weekday,Hostel Block 1,06-08,0.513,3517.22,False,False,January
ELEC000398,2024-01-08,weekday,Hostel Block 1,08-10,1.259,3518.48,False,False,January
ELEC000399,2024-01-08,weekday,Hostel Block 1,10-12,1.607,3520.09,False,False,January
ELEC000400,2024-01-08,weekday,Hostel Block 1,12-14,1.343,3521.43,False,False,January
ELEC000401,2024-01-08,weekday,Hostel Block 1,14-16,1.624,3523.05,False,False,January
ELEC000402,2024-01-08,weekday,Hostel Block 1,16-18,1.195,3524.25,False,False,January
ELEC000403,2024-01-08,weekday,Hostel Block 1,18-20,1.345,3525.59,False,False,January
ELEC000404,2024-01-08,weekday,Hostel Block 1,20-22,0.923,3526.51,False,False,January
ELEC000405,2024-01-08,weekday,Hostel Block 1,22-00,0.439,3526.95,False,False,January
ELEC000406,2024-01-08,weekday,Hostel Block 2,06-08,0.539,3267.61,False,False,January
ELEC000407,2024-01-08,weekday,Hostel Block 2,08-10,1.363,3268.97,False,False,January
ELEC000408,2024-01-08,weekday,Hostel Block 2,10-12,1.976,3270.95,False,False,January
ELEC000409,2024-01-08,weekday,Hostel Block 2,12-14,1.458,3272.41,False,False,January
ELEC000410,2024-01-08,weekday,Hostel Block 2,14-16,1.368,3273.78,False,False,January
ELEC000411,2024-01-08,weekday,Hostel Block 2,16-18,1.419,3275.2,False,False,January
ELEC000412,2024-01-08,weekday,Hostel Block 2,18-20,1.314,3276.51,False,False,January
ELEC000413,2024-01-08,weekday,Hostel Block 2,20-22,0.83,3277.34,False,False,January
ELEC000414,2024-01-08,weekday,Hostel Block 2,22-00,0.436,3277.78,False,False,January
ELEC000415,2024-01-08,weekday,Library,06-08,0.549,1534.18,False,False,January
ELEC000416,2024-01-08,weekday,Library,08-10,1.552,1535.73,False,False,January
ELEC000417,2024-01-08,weekday,Library,10-12,2.012,1537.74,False,False,January
ELEC000418,2024-01-08,weekday,Library,12-14,1.842,1539.58,False,False,January
ELEC000419,2024-01-08,weekday,Library,14-16,2.229,1541.81,False,False,January
ELEC000420,2024-01-08,weekday,Library,16-18,1.598,1543.41,False,False,January
ELEC000421,2024-01-08,weekday,Library,18-20,1.498,1544.91,False,False,January
ELEC000422,2024-01-08,weekday,Library,20-22,1.36,1546.27,False,False,January
ELEC000423,2024-01-08,weekday,Library,22-00,0.52,,False,False,January
ELEC000424,2024-01-08,weekday,Labs Complex,06-08,0.648,4317.77,False,False,January
ELEC000425,2024-01-08,weekday,Labs Complex,08-10,1.869,4319.64,False,False,January
ELEC000426,2024-01-08,weekday,Labs Complex,10-12,2.363,4322.0,False,False,January
ELEC000427,2024-01-08,weekday,Labs Complex,12-14,2.182,4324.18,False,False,January
ELEC000428,2024-01-08,weekday,Labs Complex,14-16,2.071,4326.25,False,False,January
ELEC000429,2024-01-08,weekday,Labs Complex,16-18,1.513,4327.76,False,False,January
ELEC000430,2024-01-08,weekday,Labs Complex,18-20,1.382,4329.14,False,False,January
ELEC000431,2024-01-08,weekday,Labs Complex,20-22,1.265,4330.41,False,False,January
ELEC000432,2024-01-08,weekday,Labs Complex,22-00,0.496,4330.91,False,False,January
ELEC000433,2024-01-09,weekday,Academic Block A,06-08,0.799,1466.48,False,False,January
ELEC000434,2024-01-09,weekday,Academic Block A,08-10,2.722,1469.2,False,False,January
ELEC000435,2024-01-09,weekday,Academic Block A,10-12,3.078,1472.28,False,False,January
ELEC000436,2024-01-09,weekday,Academic Block A,12-14,2.495,1474.77,False,False,January
ELEC000437,2024-01-09,weekday,Academic Block A,14-16,3.006,1477.78,False,False,January
ELEC000438,2024-01-09,weekday,Academic Block A,16-18,2.908,1480.69,False,False,January
ELEC000439,2024-01-09,weekday,Academic Block A,18-20,2.179,1482.87,False,False,January
ELEC000440,2024-01-09,weekday,Academic Block A,20-22,1.68,1484.55,False,False,January
ELEC000441,2024-01-09,weekday,Academic Block A,22-00,0.848,1485.4,False,False,January
ELEC000442,2024-01-09,weekday,Academic Block B,06-08,0.961,4949.26,False,False,January
ELEC000443,2024-01-09,weekday,Academic Block B,08-10,2.806,4952.07,False,False,January
ELEC000444,2024-01-09,weekday,Academic Block B,10-12,10.482201786566463,4962.55,False,True,January
ELEC000445,2024-01-09,weekday,Academic Block B,12-14,3.057,4965.61,False,False,January
ELEC000446,2024-01-09,weekday,Academic Block B,14-16,2.66,4968.27,False,False,January
ELEC000447,2024-01-09,weekday,Academic Block B,16-18,2.316,4970.59,False,False,January
ELEC000448,2024-01-09,weekday,Academic Block B,18-20,2.164,4972.75,False,False,January
ELEC000449,2024-01-09,weekday,Academic Block B,20-22,1.938,4974.69,False,False,January
ELEC000450,2024-01-09,weekday,Academic Block B,22-00,0.658,4975.35,False,False,January
ELEC000451,2024-01-09,weekday,Hostel Block 1,06-08,0.495,3527.44,False,False,January
ELEC000452,2024-01-09,weekday,Hostel Block 1,08-10,1.466,3528.91,False,False,January
ELEC000453,2024-01-09,weekday,Hostel Block 1,10-12,1.752,3530.66,False,False,January
ELEC000454,2024-01-09,weekday,Hostel Block 1,12-14,4.947764589106205,3535.61,False,True,January
ELEC000455,2024-01-09,weekday,Hostel Block 1,14-16,1.817,3537.43,False,False,January
ELEC000456,2024-01-09,weekday,Hostel Block 1,16-18,1.214,3538.64,False,False,January
ELEC000457,2024-01-09,weekday,Hostel Block 1,18-20,1.041,3539.68,False,False,January
ELEC000458,2024-01-09,weekday,Hostel Block 1,20-22,1.055,3540.73,False,False,January
ELEC000459,2024-01-09,weekday,Hostel Block 1,22-00,0.38,3541.11,False,False,January
ELEC000460,2024-01-09,weekday,Hostel Block 2,06-08,0.52,3278.3,False,False,January
ELEC000461,2024-01-09,weekday,Hostel Block 2,08-10,1.294,3279.59,False,False,January
ELEC000462,2024-01-09,weekday,Hostel Block 2,10-12,1.754,3281.34,False,False,January
ELEC000463,2024-01-09,weekday,Hostel Block 2,12-14,1.499,3282.84,False,False,January
ELEC000464,2024-01-09,weekday,Hostel Block 2,14-16,1.476,3284.32,False,False,January
ELEC000465,2024-01-09,weekday,Hostel Block 2,16-18,1.258,3285.58,False,False,January
ELEC000466,2024-01-09,weekday,Hostel Block 2,18-20,1.065,3286.64,False,False,January
ELEC000467,2024-01-09,weekday,Hostel Block 2,20-22,0.941,3287.58,False,False,January
ELEC000468,2024-01-09,weekday,Hostel Block 2,22-00,0.411,3287.99,False,False,January
ELEC000469,2024-01-09,weekday,Library,06-08,0.551,1547.34,False,False,January
ELEC000470,2024-01-09,weekday,Library,08-10,1.973,1549.31,False,False,January
ELEC000471,2024-01-09,weekday,Library,10-12,1.914,1551.22,False,False,January
ELEC000472,2024-01-09,weekday,Library,12-14,1.851,1553.07,False,False,January
ELEC000473,2024-01-09,weekday,Library,14-16,1.836,1554.91,False,False,January
ELEC000474,2024-01-09,weekday,Library,16-18,1.816,1556.73,False,False,January
ELEC000475,2024-01-09,weekday,Library,18-20,1.367,1558.1,False,False,January
ELEC000476,2024-01-09,weekday,Library,20-22,1.303,1559.4,False,False,January
ELEC000477,2024-01-09,weekday,Library,22-00,0.433,1559.83,False,False,January
ELEC000478,2024-01-09,weekday,Labs Complex,06-08,0.576,4331.49,False,False,January
ELEC000479,2024-01-09,weekday,Labs Complex,08-10,1.586,4333.08,False,False,January
ELEC000480,2024-01-09,weekday,Labs Complex,10-12,1.979,4335.06,False,False,January
ELEC000481,2024-01-09,weekday,Labs Complex,12-14,2.102,4337.16,False,False,January
ELEC000482,2024-01-09,weekday,Labs Complex,14-16,1.783,4338.94,False,False,January
ELEC000483,2024-01-09,weekday,Labs Complex,16-18,1.867,4340.81,False,False,January
ELEC000484,2024-01-09,weekday,Labs Complex,18-20,1.662,4342.47,False,False,January
ELEC000485,2024-01-09,weekday,Labs Complex,20-22,1.168,4343.64,False,False,January
ELEC000486,2024-01-09,weekday,Labs Complex,22-00,0.446,4344.09,False,False,January
ELEC000487,2024-01-10,weekday,Academic Block A,06-08,0.768,1486.17,False,False,January
ELEC000488,2024-01-10,weekday,Academic Block A,08-10,2.934,1489.1,False,False,January
ELEC000489,2024-01-10,weekday,Academic Block A,10-12,3.167,1492.27,False,False,January
ELEC000490,2024-01-10,weekday,Academic Block A,12-14,3.236,1495.51,False,False,January
ELEC000491,2024-01-10,weekday,Academic Block A,14-16,2.791,1498.3,False,False,January
ELEC000492,2024-01-10,weekday,Academic Block A,16-18,2.575,1500.88,False,False,January
ELEC000493,2024-01-10,weekday,Academic Block A,18-20,2.473,1503.35,False,False,January
ELEC000494,2024-01-10,weekday,Academic Block A,20-22,1.58,1504.93,False,False,January
ELEC000495,2024-01-10,weekday,Academic Block A,22-00,0.668,1505.6,False,False,January
ELEC000496,2024-01-10,weekday,Academic Block B,06-08,0.963,4976.31,False,False,January
ELEC000497,2024-01-10,weekday,Academic Block B,08-10,2.78,4979.09,False,False,January
ELEC000498,2024-01-10,weekday,Academic Block B,10-12,2.865,4981.95,False,False,January
ELEC000499,2024-01-10,weekday,Academic Block B,12-14,2.898,4984.85,False,False,January
ELEC000500,2024-01-10,weekday,Academic Block B,14-16,3.335,,False,False,January
ELEC000501,2024-01-10,weekday,Academic Block B,16-18,2.229,4990.41,False,False,January
ELEC000502,2024-01-10,weekday,Academic Block B,18-20,2.477,4992.89,False,False,January
ELEC000503,2024-01-10,weekday,Academic Block B,20-22,1.607,4994.5,False,False,January
ELEC000504,2024-01-10,weekday,Academic Block B,22-00,0.772,4995.27,False,False,January
ELEC000505,2024-01-10,weekday,Hostel Block 1,06-08,0.434,3541.54,False,False,January
ELEC000506,2024-01-10,weekday,Hostel Block 1,08-10,1.46,3543.0,False,False,January
ELEC000507,2024-01-10,weekday,Hostel Block 1,10-12,1.514,3544.51,False,False,January
ELEC000508,2024-01-10,weekday,Hostel Block 1,12-14,1.432,3545.94,False,False,January
ELEC000509,2024-01-10,weekday,Hostel Block 1,14-16,1.753,3547.69,False,False,January
ELEC000510,2024-01-10,weekday,Hostel Block 1,16-18,1.56,3549.25,False,False,January
ELEC000511,2024-01-10,weekday,Hostel Block 1,18-20,1.304,3550.55,False,False,January
ELEC000512,2024-01-10,weekday,Hostel Block 1,20-22,0.942,3551.49,False,False,January
ELEC000513,2024-01-10,weekday,Hostel Block 1,22-00,0.414,3551.9,False,False,January
ELEC000514,2024-01-10,weekday,Hostel Block 2,06-08,0.479,3288.47,False,False,January
ELEC000515,2024-01-10,weekday,Hostel Block 2,08-10,1.32,3289.79,False,False,January
ELEC000516,2024-01-10,weekday,Hostel Block 2,10-12,1.677,3291.47,False,False,January
ELEC000517,2024-01-10,weekday,Hostel Block 2,12-14,1.661,3293.13,False,False,January
ELEC000518,2024-01-10,weekday,Hostel Block 2,14-16,1.649,3294.78,False,False,January
ELEC000519,2024-01-10,weekday,Hostel Block 2,16-18,1.285,3296.07,False,False,January
ELEC000520,2024-01-10,weekday,Hostel Block 2,18-20,1.339,3297.41,False,False,January
ELEC000521,2024-01-10,weekday,Hostel Block 2,20-22,1.089,3298.5,False,False,January
ELEC000522,2024-01-10,weekday,Hostel Block 2,22-00,0.382,3298.88,False,False,January
ELEC000523,2024-01-10,weekday,Library,06-08,0.567,1560.4,False,False,January
ELEC000524,2024-01-10,weekday,Library,08-10,1.662,,False,False,January
ELEC000525,2024-01-10,weekday,Library,10-12,2.481,1564.54,False,False,January
ELEC000526,2024-01-10,weekday,Library,12-14,1.783,1566.32,False,False,January
ELEC000527,2024-01-10,weekday,Library,14-16,2.179,1568.5,False,False,January
ELEC000528,2024-01-10,weekday,Library,16-18,1.454,1569.95,False,False,January
ELEC000529,2024-01-10,weekday,Library,18-20,1.589,1571.54,False,False,January
ELEC000530,2024-01-10,weekday,Library,20-22,1.088,1572.63,False,False,January
ELEC000531,2024-01-10,weekday,Library,22-00,0.541,1573.17,False,False,January
ELEC000532,2024-01-10,weekday,Labs Complex,06-08,0.555,4344.65,False,False,January
ELEC000533,2024-01-10,weekday,Labs Complex,08-10,1.709,4346.36,False,False,January
ELEC000534,2024-01-10,weekday,Labs Complex,10-12,2.109,4348.47,False,False,January
ELEC000535,2024-01-10,weekday,Labs Complex,12-14,2.048,4350.52,False,False,January
ELEC000536,2024-01-10,weekday,Labs Complex,14-16,2.109,4352.63,False,False,January
ELEC000537,2024-01-10,weekday,Labs Complex,16-18,1.778,4354.41,False,False,January
ELEC000538,2024-01-10,weekday,Labs Complex,18-20,1.439,4355.85,False,False,January
ELEC000539,2024-01-10,weekday,Labs Complex,20-22,1.32,4357.17,False,False,January
ELEC000540,2024-01-10,weekday,Labs Complex,22-00,0.551,4357.72,False,False,January
ELEC000541,2024-01-11,weekday,Academic Block A,06-08,0.954,1506.55,False,False,January
ELEC000542,2024-01-11,weekday,Academic Block A,08-10,2.98,1509.53,False,False,January
ELEC000543,2024-01-11,weekday,Academic Block A,10-12,3.056,1512.59,False,False,January
ELEC000544,2024-01-11,weekday,Academic Block A,12-14,2.65,1515.24,False,False,January
ELEC000545,2024-01-11,weekday,Academic Block A,14-16,2.863,1518.1,False,False,January
ELEC000546,2024-01-11,weekday,Academic Block A,16-18,2.228,1520.33,False,False,January
ELEC000547,2024-01-11,weekday,Academic Block A,18-20,2.274,1522.6,False,False,January
ELEC000548,2024-01-11,weekday,Academic Block A,20-22,1.746,1524.35,False,False,January
ELEC000549,2024-01-11,weekday,Academic Block A,22-00,2.7582583331477832,1527.11,False,True,January
ELEC000550,2024-01-11,weekday,Academic Block B,06-08,0.928,4996.2,False,False,January
ELEC000551,2024-01-11,weekday,Academic Block B,08-10,3.084,4999.28,False,False,January
ELEC000552,2024-01-11,weekday,Academic Block B,10-12,3.788,5003.07,False,False,January
ELEC000553,2024-01-11,weekday,Academic Block B,12-14,3.128,5006.2,False,False,January
ELEC000554,2024-01-11,weekday,Academic Block B,14-16,2.652,5008.85,False,False,January
ELEC000555,2024-01-11,weekday,Academic Block B,16-18,2.729,5011.58,False,False,January
ELEC000556,2024-01-11,weekday,Academic Block B,18-20,2.408,5013.99,False,False,January
ELEC000557,2024-01-11,weekday,Academic Block B,20-22,1.857,,False,False,January
ELEC000558,2024-01-11,weekday,Academic Block B,22-00,0.759,5016.61,False,False,January
ELEC000559,2024-01-11,weekday,Hostel Block 1,06-08,0.427,3552.33,False,False,January
ELEC000560,2024-01-11,weekday,Hostel Block 1,08-10,1.287,3553.62,False,False,January
ELEC000561,2024-01-11,weekday,Hostel Block 1,10-12,1.704,3555.32,False,False,January
ELEC000562,2024-01-11,weekday,Hostel Block 1,12-14,1.345,3556.66,False,False,January
ELEC000563,2024-01-11,weekday,Hostel Block 1,14-16,1.824,3558.48,False,False,January
ELEC000564,2024-01-11,weekday,Hostel Block 1,16-18,1.203,3559.68,False,False,January
ELEC000565,2024-01-11,weekday,Hostel Block 1,18-20,1.215,3560.89,False,False,January
ELEC000566,2024-01-11,weekday,Hostel Block 1,20-22,0.837,3561.73,False,False,January
ELEC000567,2024-01-11,weekday,Hostel Block 1,22-00,0.458,3562.19,False,False,January
ELEC000568,2024-01-11,weekday,Hostel Block 2,06-08,0.468,3299.35,False,False,January
ELEC000569,2024-01-11,weekday,Hostel Block 2,08-10,1.46,3300.81,False,False,January
ELEC000570,2024-01-11,weekday,Hostel Block 2,10-12,1.947,3302.76,False,False,January
ELEC000571,2024-01-11,weekday,Hostel Block 2,12-14,1.664,3304.42,False,False,January
ELEC000572,2024-01-11,weekday,Hostel Block 2,14-16,1.365,3305.78,False,False,January
ELEC000573,2024-01-11,weekday,Hostel Block 2,16-18,1.38,3307.16,False,False,January
ELEC000574,2024-01-11,weekday,Hostel Block 2,18-20,1.037,3308.2,False,False,January
ELEC000575,2024-01-11,weekday,Hostel Block 2,20-22,0.895,3309.09,False,False,January
ELEC000576,2024-01-11,weekday,Hostel Block 2,22-00,0.381,3309.47,False,False,January
ELEC000577,2024-01-11,weekday,Library,06-08,0.689,1573.86,False,False,January
ELEC000578,2024-01-11,weekday,Library,08-10,1.834,1575.69,False,False,January
ELEC000579,2024-01-11,weekday,Library,10-12,2.356,1578.05,False,False,January
ELEC000580,2024-01-11,weekday,Library,12-14,1.684,,False,False,January
ELEC000581,2024-01-11,weekday,Library,14-16,2.198,1581.93,False,False,January
ELEC000582,2024-01-11,weekday,Library,16-18,1.839,1583.77,False,False,January
ELEC000583,2024-01-11,weekday,Library,18-20,1.385,1585.15,False,False,January
ELEC000584,2024-01-11,weekday,Library,20-22,1.354,,False,False,January
ELEC000585,2024-01-11,weekday,Library,22-00,0.522,1587.03,False,False,January
ELEC000586,2024-01-11,weekday,Labs Complex,06-08,0.625,4358.35,False,False,January
ELEC000587,2024-01-11,weekday,Labs Complex,08-10,1.704,4360.05,False,False,January
ELEC000588,2024-01-11,weekday,Labs Complex,10-12,2.507,4362.56,False,False,January
ELEC000589,2024-01-11,weekday,Labs Complex,12-14,2.091,4364.65,False,False,January
ELEC000590,2024-01-11,weekday,Labs Complex,14-16,1.78,4366.43,False,False,January
ELEC000591,2024-01-11,weekday,Labs Complex,16-18,1.928,4368.36,False,False,January
ELEC000592,2024-01-11,weekday,Labs Complex,18-20,1.668,4370.03,False,False,January
ELEC000593,2024-01-11,weekday,Labs Complex,20-22,1.096,4371.13,False,False,January
ELEC000594,2024-01-11,weekday,Labs Complex,22-00,0.572,4371.7,False,False,January
ELEC000595,2024-01-12,weekday,Academic Block A,06-08,0.842,1527.95,False,False,January
ELEC000596,2024-01-12,weekday,Academic Block A,08-10,3.071,1531.02,False,False,January
ELEC000597,2024-01-12,weekday,Academic Block A,10-12,3.097,1534.12,False,False,January
ELEC000598,2024-01-12,weekday,Academic Block A,12-14,2.49,1536.61,False,False,January
ELEC000599,2024-01-12,weekday,Academic Block A,14-16,2.58,1539.19,False,False,January
ELEC000600,2024-01-12,weekday,Academic Block A,16-18,2.74,1541.93,False,False,January
ELEC000601,2024-01-12,weekday,Academic Block A,18-20,1.945,1543.88,False,False,January
ELEC000602,2024-01-12,weekday,Academic Block A,20-22,1.701,1545.58,False,False,January
ELEC000603,2024-01-12,weekday,Academic Block A,22-00,0.761,1546.34,False,False,January
ELEC000604,2024-01-12,weekday,Academic Block B,06-08,0.978,5017.59,False,False,January
ELEC000605,2024-01-12,weekday,Academic Block B,08-10,2.918,5020.51,False,False,January
ELEC000606,2024-01-12,weekday,Academic Block B,10-12,3.345,5023.86,False,False,January
ELEC000607,2024-01-12,weekday,Academic Block B,12-14,2.542,5026.4,False,False,January
ELEC000608,2024-01-12,weekday,Academic Block B,14-16,3.357,5029.76,False,False,January
ELEC000609,2024-01-12,weekday,Academic Block B,16-18,2.281,5032.04,False,False,January
ELEC000610,2024-01-12,weekday,Academic Block B,18-20,2.157,5034.2,False,False,January
ELEC000611,2024-01-12,weekday,Academic Block B,20-22,1.801,5036.0,False,False,January
ELEC000612,2024-01-12,weekday,Academic Block B,22-00,0.685,5036.69,False,False,January
ELEC000613,2024-01-12,weekday,Hostel Block 1,06-08,0.43,3562.62,False,False,January
ELEC000614,2024-01-12,weekday,Hostel Block 1,08-10,1.434,3564.05,False,False,January
ELEC000615,2024-01-12,weekday,Hostel Block 1,10-12,1.563,3565.61,False,False,January
ELEC000616,2024-01-12,weekday,Hostel Block 1,12-14,1.459,3567.07,False,False,January
ELEC000617,2024-01-12,weekday,Hostel Block 1,14-16,1.489,,False,False,January
ELEC000618,2024-01-12,weekday,Hostel Block 1,16-18,1.485,3570.04,False,False,January
ELEC000619,2024-01-12,weekday,Hostel Block 1,18-20,1.243,3571.28,False,False,January
ELEC000620,2024-01-12,weekday,Hostel Block 1,20-22,1.1,3572.38,False,False,January
ELEC000621,2024-01-12,weekday,Hostel Block 1,22-00,0.387,3572.77,False,False,January
ELEC000622,2024-01-12,weekday,Hostel Block 2,06-08,0.414,3309.88,False,False,January
ELEC000623,2024-01-12,weekday,Hostel Block 2,08-10,1.469,3311.35,False,False,January
ELEC000624,2024-01-12,weekday,Hostel Block 2,10-12,1.92,3313.27,False,False,January
ELEC000625,2024-01-12,weekday,Hostel Block 2,12-14,1.693,3314.96,False,False,January
ELEC000626,2024-01-12,weekday,Hostel Block 2,14-16,1.829,3316.79,False,False,January
ELEC000627,2024-01-12,weekday,Hostel Block 2,16-18,1.379,3318.17,False,False,January
ELEC000628,2024-01-12,weekday,Hostel Block 2,18-20,1.288,3319.46,False,False,January
ELEC000629,2024-01-12,weekday,Hostel Block 2,20-22,0.899,3320.36,False,False,January
ELEC000630,2024-01-12,weekday,Hostel Block 2,22-00,0.397,3320.76,False,False,January
ELEC000631,2024-01-12,weekday,Library,06-08,0.635,1587.66,False,False,January
ELEC000632,2024-01-12,weekday,Library,08-10,1.756,1589.42,False,False,January
ELEC000633,2024-01-12,weekday,Library,10-12,2.185,1591.61,False,False,January
ELEC000634,2024-01-12,weekday,Library,12-14,1.62,1593.23,False,False,January
ELEC000635,2024-01-12,weekday,Library,14-16,2.022,1595.25,False,False,January
ELEC000636,2024-01-12,weekday,Library,16-18,1.784,1597.03,False,False,January
ELEC000637,2024-01-12,weekday,Library,18-20,1.62,1598.65,False,False,January
ELEC000638,2024-01-12,weekday,Library,20-22,1.201,1599.85,False,False,January
ELEC000639,2024-01-12,weekday,Library,22-00,0.532,1600.38,False,False,January
ELEC000640,2024-01-12,weekday,Labs Complex,06-08,0.598,4372.3,False,False,January
ELEC000641,2024-01-12,weekday,Labs Complex,08-10,1.622,4373.92,False,False,January
ELEC000642,2024-01-12,weekday,Labs Complex,10-12,2.257,4376.18,False,False,January
ELEC000643,2024-01-12,weekday,Labs Complex,12-14,1.725,4377.91,False,False,January
ELEC000644,2024-01-12,weekday,Labs Complex,14-16,2.086,4380.0,False,False,January
ELEC000645,2024-01-12,weekday,Labs Complex,16-18,1.469,4381.47,False,False,January
ELEC000646,2024-01-12,weekday,Labs Complex,18-20,1.658,4383.13,False,False,January
ELEC000647,2024-01-12,weekday,Labs Complex,20-22,1.237,4384.37,False,False,January
ELEC000648,2024-01-12,weekday,Labs Complex,22-00,0.564,4384.93,False,False,January
ELEC000649,2024-01-13,saturday,Academic Block A,06-08,0.546,1546.89,False,False,January
ELEC000650,2024-01-13,saturday,Academic Block A,08-10,1.794,1548.68,False,False,January
ELEC000651,2024-01-13,saturday,Academic Block A,10-12,2.54,1551.22,False,False,January
ELEC000652,2024-01-13,saturday,Academic Block A,12-14,2.166,1553.39,False,False,January
ELEC000653,2024-01-13,saturday,Academic Block A,14-16,1.964,1555.35,False,False,January
ELEC000654,2024-01-13,saturday,Academic Block A,16-18,1.783,1557.13,False,False,January
ELEC000655,2024-01-13,saturday,Academic Block A,18-20,1.478,1558.61,False,False,January
ELEC000656,2024-01-13,saturday,Academic Block A,20-22,1.255,1559.87,False,False,January
ELEC000657,2024-01-13,saturday,Academic Block A,22-00,0.548,1560.42,False,False,January
ELEC000658,2024-01-13,saturday,Academic Block B,06-08,0.72,5037.41,False,False,January
ELEC000659,2024-01-13,saturday,Academic Block B,08-10,1.985,5039.39,False,False,January
ELEC000660,2024-01-13,saturday,Academic Block B,10-12,2.234,5041.62,False,False,January
ELEC000661,2024-01-13,saturday,Academic Block B,12-14,1.967,5043.59,False,False,January
ELEC000662,2024-01-13,saturday,Academic Block B,14-16,2.052,5045.64,False,False,January
ELEC000663,2024-01-13,saturday,Academic Block B,16-18,1.546,5047.19,False,False,January
ELEC000664,2024-01-13,saturday,Academic Block B,18-20,1.633,5048.82,False,False,January
ELEC000665,2024-01-13,saturday,Academic Block B,20-22,1.448,5050.27,False,False,January
ELEC000666,2024-01-13,saturday,Academic Block B,22-00,0.524,5050.79,False,False,January
ELEC000667,2024-01-13,saturday,Hostel Block 1,06-08,0.297,3573.07,False,False,January
ELEC000668,2024-01-13,saturday,Hostel Block 1,08-10,0.997,3574.07,False,False,January
ELEC000669,2024-01-13,saturday,Hostel Block 1,10-12,1.415,3575.49,False,False,January
ELEC000670,2024-01-13,saturday,Hostel Block 1,12-14,1.131,3576.62,False,False,January
ELEC000671,2024-01-13,saturday,Hostel Block 1,14-16,1.106,3577.73,False,False,January
ELEC000672,2024-01-13,saturday,Hostel Block 1,16-18,0.864,3578.59,False,False,January
ELEC000673,2024-01-13,saturday,Hostel Block 1,18-20,0.748,3579.34,False,False,January
ELEC000674,2024-01-13,saturday,Hostel Block 1,20-22,0.716,3580.06,False,False,January
ELEC000675,2024-01-13,saturday,Hostel Block 1,22-00,0.305,3580.36,False,False,January
ELEC000676,2024-01-13,saturday,Hostel Block 2,06-08,0.298,3321.06,False,False,January
ELEC000677,2024-01-13,saturday,Hostel Block 2,08-10,0.927,3321.99,False,False,January
ELEC000678,2024-01-13,saturday,Hostel Block 2,10-12,1.259,3323.25,False,False,January
ELEC000679,2024-01-13,saturday,Hostel Block 2,12-14,1.096,3324.35,False,False,January
ELEC000680,2024-01-13,saturday,Hostel Block 2,14-16,1.007,3325.36,False,False,January
ELEC000681,2024-01-13,saturday,Hostel Block 2,16-18,1.066,3326.43,False,False,January
ELEC000682,2024-01-13,saturday,Hostel Block 2,18-20,2.8569985725719627,3329.29,False,True,January
ELEC000683,2024-01-13,saturday,Hostel Block 2,20-22,0.586,3329.88,False,False,January
ELEC000684,2024-01-13,saturday,Hostel Block 2,22-00,0.288,3330.17,False,False,January
ELEC000685,2024-01-13,saturday,Library,06-08,0.445,1600.83,False,False,January
ELEC000686,2024-01-13,saturday,Library,08-10,1.252,1602.08,False,False,January
ELEC000687,2024-01-13,saturday,Library,10-12,1.53,1603.61,False,False,January
ELEC000688,2024-01-13,saturday,Library,12-14,1.502,1605.11,False,False,January
ELEC000689,2024-01-13,saturday,Library,14-16,1.582,1606.69,False,False,January
ELEC000690,2024-01-13,saturday,Library,16-18,1.041,1607.73,False,False,January
ELEC000691,2024-01-13,saturday,Library,18-20,1.003,1608.73,False,False,January
ELEC000692,2024-01-13,saturday,Library,20-22,0.808,1609.54,False,False,January
ELEC000693,2024-01-13,saturday,Library,22-00,0.38,1609.92,False,False,January
ELEC000694,2024-01-13,saturday,Labs Complex,06-08,0.389,4385.32,False,False,January
ELEC000695,2024-01-13,saturday,Labs Complex,08-10,4.592137327324368,4389.91,False,True,January
ELEC000696,2024-01-13,saturday,Labs Complex,10-12,1.476,4391.39,False,False,January
ELEC000697,2024-01-13,saturday,Labs Complex,12-14,1.457,4392.85,False,False,January
ELEC000698,2024-01-13,saturday,Labs Complex,14-16,1.293,4394.14,False,False,January
ELEC000699,2024-01-13,saturday,Labs Complex,16-18,1.219,4395.36,False,False,January
ELEC000700,2024-01-13,saturday,Labs Complex,18-20,1.015,4396.38,False,False,January
ELEC000701,2024-01-13,saturday,Labs Complex,20-22,0.757,4397.14,False,False,January
ELEC000702,2024-01-13,saturday,Labs Complex,22-00,0.397,4397.54,False,False,January
ELEC000703,2024-01-14,weekend,Academic Block A,06-08,0.315,1560.74,False,False,January
ELEC000704,2024-01-14,weekend,Academic Block A,08-10,1.049,1561.79,False,False,January
ELEC000705,2024-01-14,weekend,Academic Block A,10-12,1.393,1563.18,False,False,January
ELEC000706,2024-01-14,weekend,Academic Block A,12-14,1.253,1564.43,False,False,January
ELEC000707,2024-01-14,weekend,Academic Block A,14-16,1.183,1565.61,False,False,January
ELEC000708,2024-01-14,weekend,Academic Block A,16-18,0.884,1566.49,False,False,January
ELEC000709,2024-01-14,weekend,Academic Block A,18-20,0.936,1567.43,False,False,January
ELEC000710,2024-01-14,weekend,Academic Block A,20-22,0.777,1568.21,False,False,January
ELEC000711,2024-01-14,weekend,Academic Block A,22-00,0.313,1568.52,False,False,January
ELEC000712,2024-01-14,weekend,Academic Block B,06-08,0.366,5051.16,False,False,January
ELEC000713,2024-01-14,weekend,Academic Block B,08-10,1.051,5052.21,False,False,January
ELEC000714,2024-01-14,weekend,Academic Block B,10-12,1.497,5053.71,False,False,January
ELEC000715,2024-01-14,weekend,Academic Block B,12-14,0.995,5054.7,False,False,January
ELEC000716,2024-01-14,weekend,Academic Block B,14-16,1.183,5055.88,False,False,January
ELEC000717,2024-01-14,weekend,Academic Block B,16-18,1.028,5056.91,False,False,January
ELEC000718,2024-01-14,weekend,Academic Block B,18-20,0.89,5057.8,False,False,January
ELEC000719,2024-01-14,weekend,Academic Block B,20-22,0.644,5058.44,False,False,January
ELEC000720,2024-01-14,weekend,Academic Block B,22-00,0.337,5058.78,False,False,January
ELEC000721,2024-01-14,weekend,Hostel Block 1,06-08,0.218,3580.58,False,False,January
ELEC000722,2024-01-14,weekend,Hostel Block 1,08-10,0.586,3581.17,False,False,January
ELEC000723,2024-01-14,weekend,Hostel Block 1,10-12,0.729,3581.9,False,False,January
ELEC000724,2024-01-14,weekend,Hostel Block 1,12-14,0.644,3582.54,False,False,January
ELEC000725,2024-01-14,weekend,Hostel Block 1,14-16,0.625,3583.16,False,False,January
ELEC000726,2024-01-14,weekend,Hostel Block 1,16-18,0.574,3583.73,False,False,January
ELEC000727,2024-01-14,weekend,Hostel Block 1,18-20,0.411,3584.14,False,False,January
ELEC000728,2024-01-14,weekend,Hostel Block 1,20-22,0.347,3584.49,False,False,January
ELEC000729,2024-01-14,weekend,Hostel Block 1,22-00,0.178,3584.67,False,False,January
ELEC000730,2024-01-14,weekend,Hostel Block 2,06-08,0.209,3330.38,False,False,January
ELEC000731,2024-01-14,weekend,Hostel Block 2,08-10,0.569,3330.95,False,False,January
ELEC000732,2024-01-14,weekend,Hostel Block 2,10-12,0.75,3331.7,False,False,January
ELEC000733,2024-01-14,weekend,Hostel Block 2,12-14,0.524,3332.22,False,False,January
ELEC000734,2024-01-14,weekend,Hostel Block 2,14-16,0.544,3332.76,False,False,January
ELEC000735,2024-01-14,weekend,Hostel Block 2,16-18,0.577,3333.34,False,False,January
ELEC000736,2024-01-14,weekend,Hostel Block 2,18-20,0.441,3333.78,False,False,January
ELEC000737,2024-01-14,weekend,Hostel Block 2,20-22,0.331,,False,False,January
ELEC000738,2024-01-14,weekend,Hostel Block 2,22-00,0.144,3334.26,False,False,January
ELEC000739,2024-01-14,weekend,Library,06-08,0.243,1610.16,False,False,January
ELEC000740,2024-01-14,weekend,Library,08-10,0.648,1610.81,False,False,January
ELEC000741,2024-01-14,weekend,Library,10-12,0.925,1611.73,False,False,January
ELEC000742,2024-01-14,weekend,Library,12-14,0.668,1612.4,False,False,January
ELEC000743,2024-01-14,weekend,Library,14-16,0.899,1613.3,False,False,January
ELEC000744,2024-01-14,weekend,Library,16-18,0.601,1613.9,False,False,January
ELEC000745,2024-01-14,weekend,Library,18-20,0.52,1614.42,False,False,January
ELEC000746,2024-01-14,weekend,Library,20-22,0.442,1614.86,False,False,January
ELEC000747,2024-01-14,weekend,Library,22-00,0.228,1615.09,False,False,January
ELEC000748,2024-01-14,weekend,Labs Complex,06-08,0.263,4397.8,False,False,January
ELEC000749,2024-01-14,weekend,Labs Complex,08-10,0.776,4398.58,False,False,January
ELEC000750,2024-01-14,weekend,Labs Complex,10-12,0.785,4399.36,False,False,January
ELEC000751,2024-01-14,weekend,Labs Complex,12-14,0.86,4400.22,False,False,January
ELEC000752,2024-01-14,weekend,Labs Complex,14-16,0.777,4401.0,False,False,January
ELEC000753,2024-01-14,weekend,Labs Complex,16-18,0.741,4401.74,False,False,January
ELEC000754,2024-01-14,weekend,Labs Complex,18-20,0.579,4402.32,False,False,January
ELEC000755,2024-01-14,weekend,Labs Complex,20-22,0.422,4402.74,False,False,January
ELEC000756,2024-01-14,weekend,Labs Complex,22-00,0.205,4402.94,False,False,January
ELEC000757,2024-01-15,weekday,Academic Block A,06-08,0.962,1569.48,False,False,January
ELEC000758,2024-01-15,weekday,Academic Block A,08-10,2.445,1571.92,False,False,January
ELEC000759,2024-01-15,weekday,Academic Block A,10-12,3.767,1575.69,False,False,January
ELEC000760,2024-01-15,weekday,Academic Block A,12-14,2.673,1578.36,False,False,January
ELEC000761,2024-01-15,weekday,Academic Block A,14-16,2.685,1581.04,False,False,January
ELEC000762,2024-01-15,weekday,Academic Block A,16-18,2.36,1583.4,False,False,January
ELEC000763,2024-01-15,weekday,Academic Block A,18-20,2.096,1585.5,False,False,January
ELEC000764,2024-01-15,weekday,Academic Block A,20-22,1.693,1587.19,False,False,January
ELEC000765,2024-01-15,weekday,Academic Block A,22-00,0.67,1587.86,False,False,January
ELEC000766,2024-01-15,weekday,Academic Block B,06-08,1.005,5059.78,False,False,January
ELEC000767,2024-01-15,weekday,Academic Block B,08-10,2.436,5062.22,False,False,January
ELEC000768,2024-01-15,weekday,Academic Block B,10-12,3.124,5065.34,False,False,January
ELEC000769,2024-01-15,weekday,Academic Block B,12-14,2.814,5068.15,False,False,January
ELEC000770,2024-01-15,weekday,Academic Block B,14-16,2.686,5070.84,False,False,January
ELEC000771,2024-01-15,weekday,Academic Block B,16-18,2.524,5073.36,False,False,January
ELEC000772,2024-01-15,weekday,Academic Block B,18-20,2.411,5075.77,False,False,January
ELEC000773,2024-01-15,weekday,Academic Block B,20-22,1.687,5077.46,False,False,January
ELEC000774,2024-01-15,weekday,Academic Block B,22-00,0.843,5078.3,False,False,January
ELEC000775,2024-01-15,weekday,Hostel Block 1,06-08,0.502,3585.17,False,False,January
ELEC000776,2024-01-15,weekday,Hostel Block 1,08-10,1.322,3586.49,False,False,January
ELEC000777,2024-01-15,weekday,Hostel Block 1,10-12,1.846,3588.34,False,False,January
ELEC000778,2024-01-15,weekday,Hostel Block 1,12-14,1.49,3589.83,False,False,January
ELEC000779,2024-01-15,weekday,Hostel Block 1,14-16,5.730604904171929,3595.56,False,True,January
ELEC000780,2024-01-15,weekday,Hostel Block 1,16-18,1.402,3596.96,False,False,January
ELEC000781,2024-01-15,weekday,Hostel Block 1,18-20,1.373,3598.33,False,False,January
ELEC000782,2024-01-15,weekday,Hostel Block 1,20-22,0.956,3599.29,False,False,January
ELEC000783,2024-01-15,weekday,Hostel Block 1,22-00,0.375,3599.66,False,False,January
ELEC000784,2024-01-15,weekday,Hostel Block 2,06-08,0.504,3334.76,False,False,January
ELEC000785,2024-01-15,weekday,Hostel Block 2,08-10,1.287,3336.05,False,False,January
ELEC000786,2024-01-15,weekday,Hostel Block 2,10-12,1.527,3337.58,False,False,January
ELEC000787,2024-01-15,weekday,Hostel Block 2,12-14,1.516,3339.1,False,False,January
ELEC000788,2024-01-15,weekday,Hostel Block 2,14-16,1.808,3340.91,False,False,January
ELEC000789,2024-01-15,weekday,Hostel Block 2,16-18,1.42,3342.33,False,False,January
ELEC000790,2024-01-15,weekday,Hostel Block 2,18-20,1.068,3343.4,False,False,January
ELEC000791,2024-01-15,weekday,Hostel Block 2,20-22,0.925,3344.33,False,False,January
ELEC000792,2024-01-15,weekday,Hostel Block 2,22-00,0.454,3344.78,False,False,January
ELEC000793,2024-01-15,weekday,Library,06-08,0.574,1615.66,False,False,January
ELEC000794,2024-01-15,weekday,Library,08-10,1.869,1617.53,False,False,January
ELEC000795,2024-01-15,weekday,Library,10-12,2.496,1620.03,False,False,January
ELEC000796,2024-01-15,weekday,Library,12-14,1.845,1621.88,False,False,January
ELEC000797,2024-01-15,weekday,Library,14-16,1.842,1623.72,False,False,January
ELEC000798,2024-01-15,weekday,Library,16-18,1.445,1625.16,False,False,January
ELEC000799,2024-01-15,weekday,Library,18-20,1.579,1626.74,False,False,January
ELEC000800,2024-01-15,weekday,Library,20-22,1.197,,False,False,January
ELEC000801,2024-01-15,weekday,Library,22-00,0.527,1628.46,False,False,January
ELEC000802,2024-01-15,weekday,Labs Complex,06-08,0.671,4403.61,False,False,January
ELEC000803,2024-01-15,weekday,Labs Complex,08-10,1.821,4405.43,False,False,January
ELEC000804,2024-01-15,weekday,Labs Complex,10-12,1.952,4407.38,False,False,January
ELEC000805,2024-01-15,weekday,Labs Complex,12-14,2.052,,False,False,January
ELEC000806,2024-01-15,weekday,Labs Complex,14-16,2.137,4411.57,False,False,January
ELEC000807,2024-01-15,weekday,Labs Complex,16-18,1.676,4413.25,False,False,January
ELEC000808,2024-01-15,weekday,Labs Complex,18-20,1.674,4414.92,False,False,January
ELEC000809,2024-01-15,weekday,Labs Complex,20-22,1.027,4415.95,False,False,January
ELEC000810,2024-01-15,weekday,Labs Complex,22-00,0.542,4416.49,False,False,January
ELEC000811,2024-01-16,weekday,Academic Block A,06-08,0.78,1588.64,False,False,January
ELEC000812,2024-01-16,weekday,Academic Block A,08-10,2.752,1591.39,False,False,January
ELEC000813,2024-01-16,weekday,Academic Block A,10-12,3.757,1595.15,False,False,January
ELEC000814,2024-01-16,weekday,Academic Block A,12-14,2.772,1597.92,False,False,January
ELEC000815,2024-01-16,weekday,Academic Block A,14-16,2.955,1600.88,False,False,January
ELEC000816,2024-01-16,weekday,Academic Block A,16-18,2.774,1603.65,False,False,January
ELEC000817,2024-01-16,weekday,Academic Block A,18-20,2.171,1605.82,False,False,January
ELEC000818,2024-01-16,weekday,Academic Block A,20-22,1.592,1607.41,False,False,January
ELEC000819,2024-01-16,weekday,Academic Block A,22-00,0.709,1608.12,False,False,January
ELEC000820,2024-01-16,weekday,Academic Block B,06-08,0.893,5079.19,False,False,January
ELEC000821,2024-01-16,weekday,Academic Block B,08-10,2.81,5082.0,False,False,January
ELEC000822,2024-01-16,weekday,Academic Block B,10-12,3.332,5085.33,False,False,January
ELEC000823,2024-01-16,weekday,Academic Block B,12-14,2.861,5088.19,False,False,January
ELEC000824,2024-01-16,weekday,Academic Block B,14-16,2.699,5090.89,False,False,January
ELEC000825,2024-01-16,weekday,Academic Block B,16-18,2.602,5093.49,False,False,January
ELEC000826,2024-01-16,weekday,Academic Block B,18-20,2.076,5095.57,False,False,January
ELEC000827,2024-01-16,weekday,Academic Block B,20-22,5.8051448559600365,5101.38,False,True,January
ELEC000828,2024-01-16,weekday,Academic Block B,22-00,0.839,5102.22,False,False,January
ELEC000829,2024-01-16,weekday,Hostel Block 1,06-08,0.537,3600.2,False,False,January
ELEC000830,2024-01-16,weekday,Hostel Block 1,08-10,1.371,3601.57,False,False,January
ELEC000831,2024-01-16,weekday,Hostel Block 1,10-12,1.777,3603.35,False,False,January
ELEC000832,2024-01-16,weekday,Hostel Block 1,12-14,1.5,3604.85,False,False,January
ELEC000833,2024-01-16,weekday,Hostel Block 1,14-16,1.687,3606.54,False,False,January
ELEC000834,2024-01-16,weekday,Hostel Block 1,16-18,1.386,3607.93,False,False,January
ELEC000835,2024-01-16,weekday,Hostel Block 1,18-20,1.26,3609.19,False,False,January
ELEC000836,2024-01-16,weekday,Hostel Block 1,20-22,0.977,3610.17,False,False,January
ELEC000837,2024-01-16,weekday,Hostel Block 1,22-00,0.446,3610.62,False,False,January
ELEC000838,2024-01-16,weekday,Hostel Block 2,06-08,0.482,3345.26,False,False,January
ELEC000839,2024-01-16,weekday,Hostel Block 2,08-10,1.247,3346.51,False,False,January
ELEC000840,2024-01-16,weekday,Hostel Block 2,10-12,1.899,3348.41,False,False,January
ELEC000841,2024-01-16,weekday,Hostel Block 2,12-14,1.748,3350.16,False,False,January
ELEC000842,2024-01-16,weekday,Hostel Block 2,14-16,1.432,3351.59,False,False,January
ELEC000843,2024-01-16,weekday,Hostel Block 2,16-18,1.549,3353.14,False,False,January
ELEC000844,2024-01-16,weekday,Hostel Block 2,18-20,1.264,3354.4,False,False,January
ELEC000845,2024-01-16,weekday,Hostel Block 2,20-22,0.907,3355.31,False,False,January
ELEC000846,2024-01-16,weekday,Hostel Block 2,22-00,0.375,3355.68,False,False,January
ELEC000847,2024-01-16,weekday,Library,06-08,0.605,1629.07,False,False,January
ELEC000848,2024-01-16,weekday,Library,08-10,1.587,1630.66,False,False,January
ELEC000849,2024-01-16,weekday,Library,10-12,2.131,1632.79,False,False,January
ELEC000850,2024-01-16,weekday,Library,12-14,1.777,1634.57,False,False,January
ELEC000851,2024-01-16,weekday,Library,14-16,2.15,1636.72,False,False,January
ELEC000852,2024-01-16,weekday,Library,16-18,1.578,1638.3,False,False,January
ELEC000853,2024-01-16,weekday,Library,18-20,1.291,1639.59,False,False,January
ELEC000854,2024-01-16,weekday,Library,20-22,1.108,1640.7,False,False,January
ELEC000855,2024-01-16,weekday,Library,22-00,0.457,1641.16,False,False,January
ELEC000856,2024-01-16,weekday,Labs Complex,06-08,0.585,4417.07,False,False,January
ELEC000857,2024-01-16,weekday,Labs Complex,08-10,1.716,4418.79,False,False,January
ELEC000858,2024-01-16,weekday,Labs Complex,10-12,2.329,4421.12,False,False,January
ELEC000859,2024-01-16,weekday,Labs Complex,12-14,1.981,4423.1,False,False,January
ELEC000860,2024-01-16,weekday,Labs Complex,14-16,2.212,4425.31,False,False,January
ELEC000861,2024-01-16,weekday,Labs Complex,16-18,1.667,4426.98,False,False,January
ELEC000862,2024-01-16,weekday,Labs Complex,18-20,1.326,4428.31,False,False,January
ELEC000863,2024-01-16,weekday,Labs Complex,20-22,1.261,4429.57,False,False,January
ELEC000864,2024-01-16,weekday,Labs Complex,22-00,0.52,4430.09,False,False,January
ELEC000865,2024-01-17,weekday,Academic Block A,06-08,0.919,1609.04,False,False,January
ELEC000866,2024-01-17,weekday,Academic Block A,08-10,3.068,1612.11,False,False,January
ELEC000867,2024-01-17,weekday,Academic Block A,10-12,2.822,1614.93,False,False,January
ELEC000868,2024-01-17,weekday,Academic Block A,12-14,3.246,1618.18,False,False,January
ELEC000869,2024-01-17,weekday,Academic Block A,14-16,3.132,1621.31,False,False,January
ELEC000870,2024-01-17,weekday,Academic Block A,16-18,2.52,1623.83,False,False,January
ELEC000871,2024-01-17,weekday,Academic Block A,18-20,7.672615335311254,1631.5,False,True,January
ELEC000872,2024-01-17,weekday,Academic Block A,20-22,1.919,1633.42,False,False,January
ELEC000873,2024-01-17,weekday,Academic Block A,22-00,0.707,1634.13,False,False,January
ELEC000874,2024-01-17,weekday,Academic Block B,06-08,1.028,5103.25,False,False,January
ELEC000875,2024-01-17,weekday,Academic Block B,08-10,2.957,5106.21,False,False,January
ELEC000876,2024-01-17,weekday,Academic Block B,10-12,3.479,5109.69,False,False,January
ELEC000877,2024-01-17,weekday,Academic Block B,12-14,2.821,5112.51,False,False,January
ELEC000878,2024-01-17,weekday,Academic Block B,14-16,2.64,5115.15,False,False,January
ELEC000879,2024-01-17,weekday,Academic Block B,16-18,2.731,5117.88,False,False,January
ELEC000880,2024-01-17,weekday,Academic Block B,18-20,7.723394487133314,5125.6,False,True,January
ELEC000881,2024-01-17,weekday,Academic Block B,20-22,2.064,5127.66,False,False,January
ELEC000882,2024-01-17,weekday,Academic Block B,22-00,0.748,5128.41,False,False,January
ELEC000883,2024-01-17,weekday,Hostel Block 1,06-08,0.528,3611.15,False,False,January
ELEC000884,2024-01-17,weekday,Hostel Block 1,08-10,1.639,3612.79,False,False,January
ELEC000885,2024-01-17,weekday,Hostel Block 1,10-12,1.908,3614.7,False,False,January
ELEC000886,2024-01-17,weekday,Hostel Block 1,12-14,1.336,3616.04,False,False,January
ELEC000887,2024-01-17,weekday,Hostel Block 1,14-16,1.735,3617.78,False,False,January
ELEC000888,2024-01-17,weekday,Hostel Block 1,16-18,1.484,3619.26,False,False,January
ELEC000889,2024-01-17,weekday,Hostel Block 1,18-20,1.114,3620.37,False,False,January
ELEC000890,2024-01-17,weekday,Hostel Block 1,20-22,1.101,3621.47,False,False,January
ELEC000891,2024-01-17,weekday,Hostel Block 1,22-00,0.423,3621.89,False,False,January
ELEC000892,2024-01-17,weekday,Hostel Block 2,06-08,0.457,3356.14,False,False,January
ELEC000893,2024-01-17,weekday,Hostel Block 2,08-10,1.625,3357.76,False,False,January
ELEC000894,2024-01-17,weekday,Hostel Block 2,10-12,1.579,3359.34,False,False,January
ELEC000895,2024-01-17,weekday,Hostel Block 2,12-14,1.432,3360.77,False,False,January
ELEC000896,2024-01-17,weekday,Hostel Block 2,14-16,1.825,3362.59,False,False,January
ELEC000897,2024-01-17,weekday,Hostel Block 2,16-18,1.453,3364.04,False,False,January
ELEC000898,2024-01-17,weekday,Hostel Block 2,18-20,1.062,3365.1,False,False,January
ELEC000899,2024-01-17,weekday,Hostel Block 2,20-22,0.963,3366.06,False,False,January
ELEC000900,2024-01-17,weekday,Hostel Block 2,22-00,0.376,3366.44,False,False,January
ELEC000901,2024-01-17,weekday,Library,06-08,0.593,1641.75,False,False,January
ELEC000902,2024-01-17,weekday,Library,08-10,1.578,1643.33,False,False,January
ELEC000903,2024-01-17,weekday,Library,10-12,2.153,1645.48,False,False,January
ELEC000904,2024-01-17,weekday,Library,12-14,1.756,1647.24,False,False,January
ELEC000905,2024-01-17,weekday,Library,14-16,1.702,1648.94,False,False,January
ELEC000906,2024-01-17,weekday,Library,16-18,1.673,1650.61,False,False,January
ELEC000907,2024-01-17,weekday,Library,18-20,1.461,1652.07,False,False,January
ELEC000908,2024-01-17,weekday,Library,20-22,1.059,1653.13,False,False,January
ELEC000909,2024-01-17,weekday,Library,22-00,0.507,1653.64,False,False,January
ELEC000910,2024-01-17,weekday,Labs Complex,06-08,0.686,4430.78,False,False,January
ELEC000911,2024-01-17,weekday,Labs Complex,08-10,1.734,4432.51,False,False,January
ELEC000912,2024-01-17,weekday,Labs Complex,10-12,2.184,4434.69,False,False,January
ELEC000913,2024-01-17,weekday,Labs Complex,12-14,1.833,4436.52,False,False,January
ELEC000914,2024-01-17,weekday,Labs Complex,14-16,7.437614522410095,4443.96,False,True,January
ELEC000915,2024-01-17,weekday,Labs Complex,16-18,1.672,4445.63,False,False,January
ELEC000916,2024-01-17,weekday,Labs Complex,18-20,1.422,4447.05,False,False,January
ELEC000917,2024-01-17,weekday,Labs Complex,20-22,1.304,4448.35,False,False,January
ELEC000918,2024-01-17,weekday,Labs Complex,22-00,0.557,4448.91,False,False,January
ELEC000919,2024-01-18,weekday,Academic Block A,06-08,0.949,1635.08,False,False,January
ELEC000920,2024-01-18,weekday,Academic Block A,08-10,2.89,1637.97,False,False,January
ELEC000921,2024-01-18,weekday,Academic Block A,10-12,3.094,1641.06,False,False,January
ELEC000922,2024-01-18,weekday,Academic Block A,12-14,2.935,,False,False,January
ELEC000923,2024-01-18,weekday,Academic Block A,14-16,3.099,1647.09,False,False,January
ELEC000924,2024-01-18,weekday,Academic Block A,16-18,2.845,1649.93,False,False,January
ELEC000925,2024-01-18,weekday,Academic Block A,18-20,2.54,1652.47,False,False,January
ELEC000926,2024-01-18,weekday,Academic Block A,20-22,1.55,1654.02,False,False,January
ELEC000927,2024-01-18,weekday,Academic Block A,22-00,0.838,1654.86,False,False,January
ELEC000928,2024-01-18,weekday,Academic Block B,06-08,0.806,5129.22,False,False,January
ELEC000929,2024-01-18,weekday,Academic Block B,08-10,2.624,5131.84,False,False,January
ELEC000930,2024-01-18,weekday,Academic Block B,10-12,3.566,5135.41,False,False,January
ELEC000931,2024-01-18,weekday,Academic Block B,12-14,2.802,5138.21,False,False,January
ELEC000932,2024-01-18,weekday,Academic Block B,14-16,2.787,5141.0,False,False,January
ELEC000933,2024-01-18,weekday,Academic Block B,16-18,2.441,5143.44,False,False,January
ELEC000934,2024-01-18,weekday,Academic Block B,18-20,1.991,5145.43,False,False,January
ELEC000935,2024-01-18,weekday,Academic Block B,20-22,1.673,5147.1,False,False,January
ELEC000936,2024-01-18,weekday,Academic Block B,22-00,0.786,5147.89,False,False,January
ELEC000937,2024-01-18,weekday,Hostel Block 1,06-08,0.477,3622.37,False,False,January
ELEC000938,2024-01-18,weekday,Hostel Block 1,08-10,1.392,3623.76,False,False,January
ELEC000939,2024-01-18,weekday,Hostel Block 1,10-12,1.651,3625.41,False,False,January
ELEC000940,2024-01-18,weekday,Hostel Block 1,12-14,1.743,3627.15,False,False,January
ELEC000941,2024-01-18,weekday,Hostel Block 1,14-16,3.6347166921702994,3630.78,False,True,January
ELEC000942,2024-01-18,weekday,Hostel Block 1,16-18,1.415,3632.2,False,False,January
ELEC000943,2024-01-18,weekday,Hostel Block 1,18-20,1.062,3633.26,False,False,January
ELEC000944,2024-01-18,weekday,Hostel Block 1,20-22,1.074,3634.33,False,False,January
ELEC000945,2024-01-18,weekday,Hostel Block 1,22-00,0.424,3634.75,False,False,January
ELEC000946,2024-01-18,weekday,Hostel Block 2,06-08,0.541,3366.98,False,False,January
ELEC000947,2024-01-18,weekday,Hostel Block 2,08-10,1.292,3368.27,False,False,January
ELEC000948,2024-01-18,weekday,Hostel Block 2,10-12,6.540819949756765,3374.81,False,True,January
ELEC000949,2024-01-18,weekday,Hostel Block 2,12-14,1.746,3376.56,False,False,January
ELEC000950,2024-01-18,weekday,Hostel Block 2,14-16,1.556,3378.12,False,False,January
ELEC000951,2024-01-18,weekday,Hostel Block 2,16-18,1.558,3379.68,False,False,January
ELEC000952,2024-01-18,weekday,Hostel Block 2,18-20,1.026,3380.71,False,False,January
ELEC000953,2024-01-18,weekday,Hostel Block 2,20-22,1.055,3381.76,False,False,January
ELEC000954,2024-01-18,weekday,Hostel Block 2,22-00,0.378,3382.14,False,False,January
ELEC000955,2024-01-18,weekday,Library,06-08,0.52,1654.16,False,False,January
ELEC000956,2024-01-18,weekday,Library,08-10,1.965,1656.12,False,False,January
ELEC000957,2024-01-18,weekday,Library,10-12,2.228,1658.35,False,False,January
ELEC000958,2024-01-18,weekday,Library,12-14,1.741,1660.09,False,False,January
ELEC000959,2024-01-18,weekday,Library,14-16,1.963,1662.05,False,False,January
ELEC000960,2024-01-18,weekday,Library,16-18,1.91,1663.96,False,False,January
ELEC000961,2024-01-18,weekday,Library,18-20,1.383,1665.34,False,False,January
ELEC000962,2024-01-18,weekday,Library,20-22,1.352,1666.69,False,False,January
ELEC000963,2024-01-18,weekday,Library,22-00,0.474,1667.16,False,False,January
ELEC000964,2024-01-18,weekday,Labs Complex,06-08,0.512,4449.42,False,False,January
ELEC000965,2024-01-18,weekday,Labs Complex,08-10,1.644,4451.06,False,False,January
ELEC000966,2024-01-18,weekday,Labs Complex,10-12,2.464,4453.52,False,False,January
ELEC000967,2024-01-18,weekday,Labs Complex,12-14,1.857,4455.38,False,False,January
ELEC000968,2024-01-18,weekday,Labs Complex,14-16,2.178,4457.56,False,False,January
ELEC000969,2024-01-18,weekday,Labs Complex,16-18,1.77,4459.33,False,False,January
ELEC000970,2024-01-18,weekday,Labs Complex,18-20,1.659,4460.99,False,False,January
ELEC000971,2024-01-18,weekday,Labs Complex,20-22,1.026,4462.02,False,False,January
ELEC000972,2024-01-18,weekday,Labs Complex,22-00,0.551,4462.57,False,False,January
ELEC000973,2024-01-19,weekday,Academic Block A,06-08,0.983,1655.84,False,False,January
ELEC000974,2024-01-19,weekday,Academic Block A,08-10,2.936,1658.78,False,False,January
ELEC000975,2024-01-19,weekday,Academic Block A,10-12,3.617,1662.4,False,False,January
ELEC000976,2024-01-19,weekday,Academic Block A,12-14,2.816,1665.22,False,False,January
ELEC000977,2024-01-19,weekday,Academic Block A,14-16,3.438,1668.66,False,False,January
ELEC000978,2024-01-19,weekday,Academic Block A,16-18,2.339,1671.0,False,False,January
ELEC000979,2024-01-19,weekday,Academic Block A,18-20,2.477,1673.48,False,False,January
ELEC000980,2024-01-19,weekday,Academic Block A,20-22,1.537,1675.02,False,False,January
ELEC000981,2024-01-19,weekday,Academic Block A,22-00,0.79,1675.81,False,False,January
ELEC000982,2024-01-19,weekday,Academic Block B,06-08,0.99,5148.88,False,False,January
ELEC000983,2024-01-19,weekday,Academic Block B,08-10,2.646,5151.53,False,False,January
ELEC000984,2024-01-19,weekday,Academic Block B,10-12,3.143,5154.67,False,False,January
ELEC000985,2024-01-19,weekday,Academic Block B,12-14,2.526,5157.2,False,False,January
ELEC000986,2024-01-19,weekday,Academic Block B,14-16,3.279,5160.48,False,False,January
ELEC000987,2024-01-19,weekday,Academic Block B,16-18,2.579,5163.06,False,False,January
ELEC000988,2024-01-19,weekday,Academic Block B,18-20,2.169,5165.23,False,False,January
ELEC000989,2024-01-19,weekday,Academic Block B,20-22,1.835,5167.06,False,False,January
ELEC000990,2024-01-19,weekday,Academic Block B,22-00,0.734,5167.79,False,False,January
ELEC000991,2024-01-19,weekday,Hostel Block 1,06-08,0.42,3635.17,False,False,January
ELEC000992,2024-01-19,weekday,Hostel Block 1,08-10,1.519,3636.69,False,False,January
ELEC000993,2024-01-19,weekday,Hostel Block 1,10-12,1.813,3638.5,False,False,January
ELEC000994,2024-01-19,weekday,Hostel Block 1,12-14,1.371,3639.87,False,False,January
ELEC000995,2024-01-19,weekday,Hostel Block 1,14-16,1.442,3641.31,False,False,January
ELEC000996,2024-01-19,weekday,Hostel Block 1,16-18,1.546,3642.86,False,False,January
ELEC000997,2024-01-19,weekday,Hostel Block 1,18-20,1.135,3644.0,False,False,January
ELEC000998,2024-01-19,weekday,Hostel Block 1,20-22,1.03,3645.03,False,False,January
ELEC000999,2024-01-19,weekday,Hostel Block 1,22-00,0.359,3645.39,False,False,January
ELEC001000,2024-01-19,weekday,Hostel Block 2,06-08,0.524,3382.66,False,False,January
ELEC001001,2024-01-19,weekday,Hostel Block 2,08-10,1.483,3384.14,False,False,January
ELEC001002,2024-01-19,weekday,Hostel Block 2,10-12,1.749,3385.89,False,False,January
ELEC001003,2024-01-19,weekday,Hostel Block 2,12-14,1.681,3387.57,False,False,January
ELEC001004,2024-01-19,weekday,Hostel Block 2,14-16,1.585,3389.16,False,False,January
ELEC001005,2024-01-19,weekday,Hostel Block 2,16-18,1.341,3390.5,False,False,January
ELEC001006,2024-01-19,weekday,Hostel Block 2,18-20,1.36,3391.86,False,False,January
ELEC001007,2024-01-19,weekday,Hostel Block 2,20-22,0.851,3392.71,False,False,January
ELEC001008,2024-01-19,weekday,Hostel Block 2,22-00,0.438,3393.15,False,False,January
ELEC001009,2024-01-19,weekday,Library,06-08,0.657,1667.82,False,False,January
ELEC001010,2024-01-19,weekday,Library,08-10,1.742,1669.56,False,False,January
ELEC001011,2024-01-19,weekday,Library,10-12,2.239,1671.8,False,False,January
ELEC001012,2024-01-19,weekday,Library,12-14,1.951,1673.75,False,False,January
ELEC001013,2024-01-19,weekday,Library,14-16,1.789,1675.54,False,False,January
ELEC001014,2024-01-19,weekday,Library,16-18,1.861,1677.4,False,False,January
ELEC001015,2024-01-19,weekday,Library,18-20,1.609,1679.01,False,False,January
ELEC001016,2024-01-19,weekday,Library,20-22,1.103,1680.11,False,False,January
ELEC001017,2024-01-19,weekday,Library,22-00,0.546,1680.66,False,False,January
ELEC001018,2024-01-19,weekday,Labs Complex,06-08,0.599,4463.17,False,False,January
ELEC001019,2024-01-19,weekday,Labs Complex,08-10,1.644,4464.81,False,False,January
ELEC001020,2024-01-19,weekday,Labs Complex,10-12,1.982,4466.79,False,False,January
ELEC001021,2024-01-19,weekday,Labs Complex,12-14,2.061,4468.85,False,False,January
ELEC001022,2024-01-19,weekday,Labs Complex,14-16,2.223,4471.07,False,False,January
ELEC001023,2024-01-19,weekday,Labs Complex,16-18,1.541,4472.61,False,False,January
ELEC001024,2024-01-19,weekday,Labs Complex,18-20,1.334,4473.94,False,False,January
ELEC001025,2024-01-19,weekday,Labs Complex,20-22,1.108,4475.05,False,False,January
ELEC001026,2024-01-19,weekday,Labs Complex,22-00,0.556,4475.61,False,False,January
ELEC001027,2024-01-20,saturday,Academic Block A,06-08,0.682,1676.49,False,False,January
ELEC001028,2024-01-20,saturday,Academic Block A,08-10,1.888,1678.38,False,False,January
ELEC001029,2024-01-20,saturday,Academic Block A,10-12,2.342,1680.72,False,False,January
ELEC001030,2024-01-20,saturday,Academic Block A,12-14,1.821,,False,False,January
ELEC001031,2024-01-20,saturday,Academic Block A,14-16,1.945,1684.49,False,False,January
ELEC001032,2024-01-20,saturday,Academic Block A,16-18,1.938,1686.43,False,False,January
ELEC001033,2024-01-20,saturday,Academic Block A,18-20,1.613,1688.04,False,False,January
ELEC001034,2024-01-20,saturday,Academic Block A,20-22,1.205,1689.24,False,False,January
ELEC001035,2024-01-20,saturday,Academic Block A,22-00,0.46,1689.7,False,False,January
ELEC001036,2024-01-20,saturday,Academic Block B,06-08,0.618,5168.41,False,False,January
ELEC001037,2024-01-20,saturday,Academic Block B,08-10,1.607,5170.02,False,False,January
ELEC001038,2024-01-20,saturday,Academic Block B,10-12,2.218,5172.24,False,False,January
ELEC001039,2024-01-20,saturday,Academic Block B,12-14,1.861,5174.1,False,False,January
ELEC001040,2024-01-20,saturday,Academic Block B,14-16,1.91,5176.01,False,False,January
ELEC001041,2024-01-20,saturday,Academic Block B,16-18,1.666,5177.68,False,False,January
ELEC001042,2024-01-20,saturday,Academic Block B,18-20,1.529,5179.21,False,False,January
ELEC001043,2024-01-20,saturday,Academic Block B,20-22,1.289,5180.5,False,False,January
ELEC001044,2024-01-20,saturday,Academic Block B,22-00,1.8850681802021978,5182.39,False,True,January
ELEC001045,2024-01-20,saturday,Hostel Block 1,06-08,0.305,3645.69,False,False,January
ELEC001046,2024-01-20,saturday,Hostel Block 1,08-10,1.044,3646.73,False,False,January
ELEC001047,2024-01-20,saturday,Hostel Block 1,10-12,1.186,3647.92,False,False,January
ELEC001048,2024-01-20,saturday,Hostel Block 1,12-14,0.914,3648.83,False,False,January
ELEC001049,2024-01-20,saturday,Hostel Block 1,14-16,1.162,3649.99,False,False,January
ELEC001050,2024-01-20,saturday,Hostel Block 1,16-18,0.913,,False,False,January
ELEC001051,2024-01-20,saturday,Hostel Block 1,18-20,0.805,3651.71,False,False,January
ELEC001052,2024-01-20,saturday,Hostel Block 1,20-22,0.627,3652.34,False,False,January
ELEC001053,2024-01-20,saturday,Hostel Block 1,22-00,0.304,3652.64,False,False,January
ELEC001054,2024-01-20,saturday,Hostel Block 2,06-08,0.309,3393.46,False,False,January
ELEC001055,2024-01-20,saturday,Hostel Block 2,08-10,0.885,3394.35,False,False,January
ELEC001056,2024-01-20,saturday,Hostel Block 2,10-12,1.257,3395.61,False,False,January
ELEC001057,2024-01-20,saturday,Hostel Block 2,12-14,1.069,3396.68,False,False,January
ELEC001058,2024-01-20,saturday,Hostel Block 2,14-16,1.184,3397.86,False,False,January
ELEC001059,2024-01-20,saturday,Hostel Block 2,16-18,1.014,3398.87,False,False,January
ELEC001060,2024-01-20,saturday,Hostel Block 2,18-20,0.715,3399.59,False,False,January
ELEC001061,2024-01-20,saturday,Hostel Block 2,20-22,0.653,3400.24,False,False,January
ELEC001062,2024-01-20,saturday,Hostel Block 2,22-00,0.319,3400.56,False,False,January
ELEC001063,2024-01-20,saturday,Library,06-08,0.363,1681.02,False,False,January
ELEC001064,2024-01-20,saturday,Library,08-10,1.373,1682.39,False,False,January
ELEC001065,2024-01-20,saturday,Library,10-12,1.729,1684.12,False,False,January
ELEC001066,2024-01-20,saturday,Library,12-14,1.288,1685.41,False,False,January
ELEC001067,2024-01-20,saturday,Library,14-16,1.281,1686.69,False,False,January
ELEC001068,2024-01-20,saturday,Library,16-18,1.079,1687.77,False,False,January
ELEC001069,2024-01-20,saturday,Library,18-20,0.991,1688.76,False,False,January
ELEC001070,2024-01-20,saturday,Library,20-22,0.902,1689.66,False,False,January
ELEC001071,2024-01-20,saturday,Library,22-00,0.371,1690.03,False,False,January
ELEC001072,2024-01-20,saturday,Labs Complex,06-08,0.478,4476.09,False,False,January
ELEC001073,2024-01-20,saturday,Labs Complex,08-10,1.112,4477.2,False,False,January
ELEC001074,2024-01-20,saturday,Labs Complex,10-12,1.609,,False,False,January
ELEC001075,2024-01-20,saturday,Labs Complex,12-14,1.439,4480.25,False,False,January
ELEC001076,2024-01-20,saturday,Labs Complex,14-16,1.37,4481.62,False,False,January
ELEC001077,2024-01-20,saturday,Labs Complex,16-18,1.046,4482.67,False,False,January
ELEC001078,2024-01-20,saturday,Labs Complex,18-20,1.045,4483.72,False,False,January
ELEC001079,2024-01-20,saturday,Labs Complex,20-22,0.947,4484.67,False,False,January
ELEC001080,2024-01-20,saturday,Labs Complex,22-00,0.386,4485.06,False,False,January
ELEC001081,2024-01-21,weekend,Academic Block A,06-08,0.37,1690.07,False,False,January
ELEC001082,2024-01-21,weekend,Academic Block A,08-10,1.081,1691.15,False,False,January
ELEC001083,2024-01-21,weekend,Academic Block A,10-12,1.328,1692.48,False,False,January
ELEC001084,2024-01-21,weekend,Academic Block A,12-14,1.189,1693.67,False,False,January
ELEC001085,2024-01-21,weekend,Academic Block A,14-16,1.113,1694.78,False,False,January
ELEC001086,2024-01-21,weekend,Academic Block A,16-18,1.139,1695.92,False,False,January
ELEC001087,2024-01-21,weekend,Academic Block A,18-20,0.967,1696.89,False,False,January
ELEC001088,2024-01-21,weekend,Academic Block A,20-22,0.756,1697.65,False,False,January
ELEC001089,2024-01-21,weekend,Academic Block A,22-00,0.267,1697.92,False,False,January
ELEC001090,2024-01-21,weekend,Academic Block B,06-08,0.308,5182.7,False,False,January
ELEC001091,2024-01-21,weekend,Academic Block B,08-10,1.2,5183.9,False,False,January
ELEC001092,2024-01-21,weekend,Academic Block B,10-12,1.249,5185.15,False,False,January
ELEC001093,2024-01-21,weekend,Academic Block B,12-14,1.305,5186.45,False,False,January
ELEC001094,2024-01-21,weekend,Academic Block B,14-16,1.114,5187.56,False,False,January
ELEC001095,2024-01-21,weekend,Academic Block B,16-18,1.168,5188.73,False,False,January
ELEC001096,2024-01-21,weekend,Academic Block B,18-20,0.805,5189.53,False,False,January
ELEC001097,2024-01-21,weekend,Academic Block B,20-22,0.641,5190.17,False,False,January
ELEC001098,2024-01-21,weekend,Academic Block B,22-00,0.277,5190.45,False,False,January
ELEC001099,2024-01-21,weekend,Hostel Block 1,06-08,0.175,3652.82,False,False,January
ELEC001100,2024-01-21,weekend,Hostel Block 1,08-10,0.57,3653.39,False,False,January
ELEC001101,2024-01-21,weekend,Hostel Block 1,10-12,0.706,3654.1,False,False,January
ELEC001102,2024-01-21,weekend,Hostel Block 1,12-14,0.554,3654.65,False,False,January
ELEC001103,2024-01-21,weekend,Hostel Block 1,14-16,0.673,3655.32,False,False,January
ELEC001104,2024-01-21,weekend,Hostel Block 1,16-18,0.621,3655.94,False,False,January
ELEC001105,2024-01-21,weekend,Hostel Block 1,18-20,0.548,3656.49,False,False,January
ELEC001106,2024-01-21,weekend,Hostel Block 1,20-22,0.343,3656.83,False,False,January
ELEC001107,2024-01-21,weekend,Hostel Block 1,22-00,0.153,3656.98,False,False,January
ELEC001108,2024-01-21,weekend,Hostel Block 2,06-08,0.171,3400.73,False,False,January
ELEC001109,2024-01-21,weekend,Hostel Block 2,08-10,0.51,3401.24,False,False,January
ELEC001110,2024-01-21,weekend,Hostel Block 2,10-12,0.629,3401.87,False,False,January
ELEC001111,2024-01-21,weekend,Hostel Block 2,12-14,0.663,3402.53,False,False,January
ELEC001112,2024-01-21,weekend,Hostel Block 2,14-16,0.682,3403.21,False,False,January
ELEC001113,2024-01-21,weekend,Hostel Block 2,16-18,0.491,3403.7,False,False,January
ELEC001114,2024-01-21,weekend,Hostel Block 2,18-20,0.418,3404.12,False,False,January
ELEC001115,2024-01-21,weekend,Hostel Block 2,20-22,1.3956962885846735,3405.52,False,True,January
ELEC001116,2024-01-21,weekend,Hostel Block 2,22-00,0.5482125896928883,3406.07,False,True,January
ELEC001117,2024-01-21,weekend,Library,06-08,0.229,1690.26,False,False,January
ELEC001118,2024-01-21,weekend,Library,08-10,0.645,1690.9,False,False,January
ELEC001119,2024-01-21,weekend,Library,10-12,0.978,1691.88,False,False,January
ELEC001120,2024-01-21,weekend,Library,12-14,0.793,1692.67,False,False,January
ELEC001121,2024-01-21,weekend,Library,14-16,0.859,1693.53,False,False,January
ELEC001122,2024-01-21,weekend,Library,16-18,0.712,1694.24,False,False,January
ELEC001123,2024-01-21,weekend,Library,18-20,0.652,1694.89,False,False,January
ELEC001124,2024-01-21,weekend,Library,20-22,0.445,1695.34,False,False,January
ELEC001125,2024-01-21,weekend,Library,22-00,0.227,1695.57,False,False,January
ELEC001126,2024-01-21,weekend,Labs Complex,06-08,0.234,4485.29,False,False,January
ELEC001127,2024-01-21,weekend,Labs Complex,08-10,0.812,4486.1,False,False,January
ELEC001128,2024-01-21,weekend,Labs Complex,10-12,0.842,4486.94,False,False,January
ELEC001129,2024-01-21,weekend,Labs Complex,12-14,0.826,4487.77,False,False,January
ELEC001130,2024-01-21,weekend,Labs Complex,14-16,0.838,4488.61,False,False,January
ELEC001131,2024-01-21,weekend,Labs Complex,16-18,0.724,4489.33,False,False,January
ELEC001132,2024-01-21,weekend,Labs Complex,18-20,0.515,4489.85,False,False,January
ELEC001133,2024-01-21,weekend,Labs Complex,20-22,0.548,4490.4,False,False,January
ELEC001134,2024-01-21,weekend,Labs Complex,22-00,0.207,4490.61,False,False,January
ELEC001135,2024-01-22,weekday,Academic Block A,06-08,0.995,1698.91,False,False,January
ELEC001136,2024-01-22,weekday,Academic Block A,08-10,2.897,1701.81,False,False,January
ELEC001137,2024-01-22,weekday,Academic Block A,10-12,3.009,1704.82,False,False,January
ELEC001138,2024-01-22,weekday,Academic Block A,12-14,3.201,1708.02,False,False,January
ELEC001139,2024-01-22,weekday,Academic Block A,14-16,3.291,1711.31,False,False,January
ELEC001140,2024-01-22,weekday,Academic Block A,16-18,2.908,1714.22,False,False,January
ELEC001141,2024-01-22,weekday,Academic Block A,18-20,2.479,1716.7,False,False,January
ELEC001142,2024-01-22,weekday,Academic Block A,20-22,1.985,1718.68,False,False,January
ELEC001143,2024-01-22,weekday,Academic Block A,22-00,0.712,1719.39,False,False,January
ELEC001144,2024-01-22,weekday,Academic Block B,06-08,0.774,5191.22,False,False,January
ELEC001145,2024-01-22,weekday,Academic Block B,08-10,2.72,5193.94,False,False,January
ELEC001146,2024-01-22,weekday,Academic Block B,10-12,3.32,5197.26,False,False,January
ELEC001147,2024-01-22,weekday,Academic Block B,12-14,3.049,5200.31,False,False,January
ELEC001148,2024-01-22,weekday,Academic Block B,14-16,2.69,5203.0,False,False,January
ELEC001149,2024-01-22,weekday,Academic Block B,16-18,2.762,5205.76,False,False,January
ELEC001150,2024-01-22,weekday,Academic Block B,18-20,2.208,5207.97,False,False,January
ELEC001151,2024-01-22,weekday,Academic Block B,20-22,1.842,5209.81,False,False,January
ELEC001152,2024-01-22,weekday,Academic Block B,22-00,0.666,5210.48,False,False,January
ELEC001153,2024-01-22,weekday,Hostel Block 1,06-08,0.431,3657.41,False,False,January
ELEC001154,2024-01-22,weekday,Hostel Block 1,08-10,1.53,3658.94,False,False,January
ELEC001155,2024-01-22,weekday,Hostel Block 1,10-12,1.767,3660.71,False,False,January
ELEC001156,2024-01-22,weekday,Hostel Block 1,12-14,1.295,3662.01,False,False,January
ELEC001157,2024-01-22,weekday,Hostel Block 1,14-16,1.625,3663.64,False,False,January
ELEC001158,2024-01-22,weekday,Hostel Block 1,16-18,1.518,3665.16,False,False,January
ELEC001159,2024-01-22,weekday,Hostel Block 1,18-20,1.257,3666.42,False,False,January
ELEC001160,2024-01-22,weekday,Hostel Block 1,20-22,1.018,3667.44,False,False,January
ELEC001161,2024-01-22,weekday,Hostel Block 1,22-00,0.346,3667.79,False,False,January
ELEC001162,2024-01-22,weekday,Hostel Block 2,06-08,0.48,3406.55,False,False,January
ELEC001163,2024-01-22,weekday,Hostel Block 2,08-10,1.293,3407.84,False,False,January
ELEC001164,2024-01-22,weekday,Hostel Block 2,10-12,2.002,3409.84,False,False,January
ELEC001165,2024-01-22,weekday,Hostel Block 2,12-14,1.509,3411.35,False,False,January
ELEC001166,2024-01-22,weekday,Hostel Block 2,14-16,1.572,3412.92,False,False,January
ELEC001167,2024-01-22,weekday,Hostel Block 2,16-18,1.28,3414.2,False,False,January
ELEC001168,2024-01-22,weekday,Hostel Block 2,18-20,1.32,,False,False,January
ELEC001169,2024-01-22,weekday,Hostel Block 2,20-22,0.984,3416.5,False,False,January
ELEC001170,2024-01-22,weekday,Hostel Block 2,22-00,0.423,3416.92,False,False,January
ELEC001171,2024-01-22,weekday,Library,06-08,0.556,1696.13,False,False,January
ELEC001172,2024-01-22,weekday,Library,08-10,1.985,1698.12,False,False,January
ELEC001173,2024-01-22,weekday,Library,10-12,2.332,1700.45,False,False,January
ELEC001174,2024-01-22,weekday,Library,12-14,2.064,1702.51,False,False,January
ELEC001175,2024-01-22,weekday,Library,14-16,1.835,1704.35,False,False,January
ELEC001176,2024-01-22,weekday,Library,16-18,1.752,1706.1,False,False,January
ELEC001177,2024-01-22,weekday,Library,18-20,1.31,1707.41,False,False,January
ELEC001178,2024-01-22,weekday,Library,20-22,1.076,1708.49,False,False,January
ELEC001179,2024-01-22,weekday,Library,22-00,0.566,1709.06,False,False,January
ELEC001180,2024-01-22,weekday,Labs Complex,06-08,0.681,4491.29,False,False,January
ELEC001181,2024-01-22,weekday,Labs Complex,08-10,1.785,4493.07,False,False,January
ELEC001182,2024-01-22,weekday,Labs Complex,10-12,2.099,4495.17,False,False,January
ELEC001183,2024-01-22,weekday,Labs Complex,12-14,1.963,4497.13,False,False,January
ELEC001184,2024-01-22,weekday,Labs Complex,14-16,2.228,4499.36,False,False,January
ELEC001185,2024-01-22,weekday,Labs Complex,16-18,1.766,4501.13,False,False,January
ELEC001186,2024-01-22,weekday,Labs Complex,18-20,1.277,4502.41,False,False,January
ELEC001187,2024-01-22,weekday,Labs Complex,20-22,1.197,4503.61,False,False,January
ELEC001188,2024-01-22,weekday,Labs Complex,22-00,0.561,4504.17,False,False,January
ELEC001189,2024-01-23,weekday,Academic Block A,06-08,0.915,1720.31,False,False,January
ELEC001190,2024-01-23,weekday,Academic Block A,08-10,2.747,1723.06,False,False,January
ELEC001191,2024-01-23,weekday,Academic Block A,10-12,3.13,1726.19,False,False,January
ELEC001192,2024-01-23,weekday,Academic Block A,12-14,2.821,1729.01,False,False,January
ELEC001193,2024-01-23,weekday,Academic Block A,14-16,3.384,1732.39,False,False,January
ELEC001194,2024-01-23,weekday,Academic Block A,16-18,2.271,1734.66,False,False,January
ELEC001195,2024-01-23,weekday,Academic Block A,18-20,2.341,1737.0,False,False,January
ELEC001196,2024-01-23,weekday,Academic Block A,20-22,1.993,1738.99,False,False,January
ELEC001197,2024-01-23,weekday,Academic Block A,22-00,0.699,1739.69,False,False,January
ELEC001198,2024-01-23,weekday,Academic Block B,06-08,0.941,5211.42,False,False,January
ELEC001199,2024-01-23,weekday,Academic Block B,08-10,2.472,5213.89,False,False,January
ELEC001200,2024-01-23,weekday,Academic Block B,10-12,3.108,5217.0,False,False,January
ELEC001201,2024-01-23,weekday,Academic Block B,12-14,2.785,5219.78,False,False,January
ELEC001202,2024-01-23,weekday,Academic Block B,14-16,3.071,5222.85,False,False,January
ELEC001203,2024-01-23,weekday,Academic Block B,16-18,2.712,5225.56,False,False,January
ELEC001204,2024-01-23,weekday,Academic Block B,18-20,2.31,5227.87,False,False,January
ELEC001205,2024-01-23,weekday,Academic Block B,20-22,1.8,5229.67,False,False,January
ELEC001206,2024-01-23,weekday,Academic Block B,22-00,0.72,5230.39,False,False,January
ELEC001207,2024-01-23,weekday,Hostel Block 1,06-08,0.511,3668.3,False,False,January
ELEC001208,2024-01-23,weekday,Hostel Block 1,08-10,1.362,3669.66,False,False,January
ELEC001209,2024-01-23,weekday,Hostel Block 1,10-12,1.875,3671.53,False,False,January
ELEC001210,2024-01-23,weekday,Hostel Block 1,12-14,1.385,3672.92,False,False,January
ELEC001211,2024-01-23,weekday,Hostel Block 1,14-16,1.764,3674.68,False,False,January
ELEC001212,2024-01-23,weekday,Hostel Block 1,16-18,1.451,3676.13,False,False,January
ELEC001213,2024-01-23,weekday,Hostel Block 1,18-20,1.221,3677.35,False,False,January
ELEC001214,2024-01-23,weekday,Hostel Block 1,20-22,1.07,3678.42,False,False,January
ELEC001215,2024-01-23,weekday,Hostel Block 1,22-00,0.38,3678.8,False,False,January
ELEC001216,2024-01-23,weekday,Hostel Block 2,06-08,0.465,3417.39,False,False,January
ELEC001217,2024-01-23,weekday,Hostel Block 2,08-10,1.331,3418.72,False,False,January
ELEC001218,2024-01-23,weekday,Hostel Block 2,10-12,1.801,3420.52,False,False,January
ELEC001219,2024-01-23,weekday,Hostel Block 2,12-14,1.41,3421.93,False,False,January
ELEC001220,2024-01-23,weekday,Hostel Block 2,14-16,1.669,3423.6,False,False,January
ELEC001221,2024-01-23,weekday,Hostel Block 2,16-18,1.266,3424.87,False,False,January
ELEC001222,2024-01-23,weekday,Hostel Block 2,18-20,1.306,3426.18,False,False,January
ELEC001223,2024-01-23,weekday,Hostel Block 2,20-22,0.846,3427.03,False,False,January
ELEC001224,2024-01-23,weekday,Hostel Block 2,22-00,0.391,3427.42,False,False,January
ELEC001225,2024-01-23,weekday,Library,06-08,0.568,1709.63,False,False,January
ELEC001226,2024-01-23,weekday,Library,08-10,2.037,1711.67,False,False,January
ELEC001227,2024-01-23,weekday,Library,10-12,2.113,1713.78,False,False,January
ELEC001228,2024-01-23,weekday,Library,12-14,2.178,1715.96,False,False,January
ELEC001229,2024-01-23,weekday,Library,14-16,2.047,1718.01,False,False,January
ELEC001230,2024-01-23,weekday,Library,16-18,1.632,1719.64,False,False,January
ELEC001231,2024-01-23,weekday,Library,18-20,1.285,1720.93,False,False,January
ELEC001232,2024-01-23,weekday,Library,20-22,1.126,1722.06,False,False,January
ELEC001233,2024-01-23,weekday,Library,22-00,0.53,1722.59,False,False,January
ELEC001234,2024-01-23,weekday,Labs Complex,06-08,0.628,4504.8,False,False,January
ELEC001235,2024-01-23,weekday,Labs Complex,08-10,2.036,4506.84,False,False,January
ELEC001236,2024-01-23,weekday,Labs Complex,10-12,1.977,4508.82,False,False,January
ELEC001237,2024-01-23,weekday,Labs Complex,12-14,2.045,4510.86,False,False,January
ELEC001238,2024-01-23,weekday,Labs Complex,14-16,1.973,4512.83,False,False,January
ELEC001239,2024-01-23,weekday,Labs Complex,16-18,1.92,4514.75,False,False,January
ELEC001240,2024-01-23,weekday,Labs Complex,18-20,1.534,4516.28,False,False,January
ELEC001241,2024-01-23,weekday,Labs Complex,20-22,1.242,,False,False,January
ELEC001242,2024-01-23,weekday,Labs Complex,22-00,0.523,4518.05,False,False,January
ELEC001243,2024-01-24,weekday,Academic Block A,06-08,0.847,1740.54,False,False,January
ELEC001244,2024-01-24,weekday,Academic Block A,08-10,2.427,1742.97,False,False,January
ELEC001245,2024-01-24,weekday,Academic Block A,10-12,2.965,1745.93,False,False,January
ELEC001246,2024-01-24,weekday,Academic Block A,12-14,2.876,1748.81,False,False,January
ELEC001247,2024-01-24,weekday,Academic Block A,14-16,2.993,1751.8,False,False,January
ELEC001248,2024-01-24,weekday,Academic Block A,16-18,2.644,1754.44,False,False,January
ELEC001249,2024-01-24,weekday,Academic Block A,18-20,1.947,1756.39,False,False,January
ELEC001250,2024-01-24,weekday,Academic Block A,20-22,1.804,1758.19,False,False,January
ELEC001251,2024-01-24,weekday,Academic Block A,22-00,0.672,1758.86,False,False,January
ELEC001252,2024-01-24,weekday,Academic Block B,06-08,0.825,5231.22,False,False,January
ELEC001253,2024-01-24,weekday,Academic Block B,08-10,2.928,5234.15,False,False,January
ELEC001254,2024-01-24,weekday,Academic Block B,10-12,3.345,5237.49,False,False,January
ELEC001255,2024-01-24,weekday,Academic Block B,12-14,3.182,5240.67,False,False,January
ELEC001256,2024-01-24,weekday,Academic Block B,14-16,3.168,5243.84,False,False,January
ELEC001257,2024-01-24,weekday,Academic Block B,16-18,2.765,5246.61,False,False,January
ELEC001258,2024-01-24,weekday,Academic Block B,18-20,2.465,5249.07,False,False,January
ELEC001259,2024-01-24,weekday,Academic Block B,20-22,1.832,5250.9,False,False,January
ELEC001260,2024-01-24,weekday,Academic Block B,22-00,0.743,5251.64,False,False,January
ELEC001261,2024-01-24,weekday,Hostel Block 1,06-08,0.448,3679.25,False,False,January
ELEC001262,2024-01-24,weekday,Hostel Block 1,08-10,1.597,3680.85,False,False,January
ELEC001263,2024-01-24,weekday,Hostel Block 1,10-12,1.795,3682.64,False,False,January
ELEC001264,2024-01-24,weekday,Hostel Block 1,12-14,1.742,3684.38,False,False,January
ELEC001265,2024-01-24,weekday,Hostel Block 1,14-16,1.833,3686.21,False,False,January
ELEC001266,2024-01-24,weekday,Hostel Block 1,16-18,1.235,3687.45,False,False,January
ELEC001267,2024-01-24,weekday,Hostel Block 1,18-20,1.024,3688.47,False,False,January
ELEC001268,2024-01-24,weekday,Hostel Block 1,20-22,0.961,3689.43,False,False,January
ELEC001269,2024-01-24,weekday,Hostel Block 1,22-00,0.41,3689.84,False,False,January
ELEC001270,2024-01-24,weekday,Hostel Block 2,06-08,0.516,3427.94,False,False,January
ELEC001271,2024-01-24,weekday,Hostel Block 2,08-10,1.556,3429.5,False,False,January
ELEC001272,2024-01-24,weekday,Hostel Block 2,10-12,1.689,3431.19,False,False,January
ELEC001273,2024-01-24,weekday,Hostel Block 2,12-14,1.456,3432.65,False,False,January
ELEC001274,2024-01-24,weekday,Hostel Block 2,14-16,1.632,3434.28,False,False,January
ELEC001275,2024-01-24,weekday,Hostel Block 2,16-18,1.305,3435.59,False,False,January
ELEC001276,2024-01-24,weekday,Hostel Block 2,18-20,1.112,3436.7,False,False,January
ELEC001277,2024-01-24,weekday,Hostel Block 2,20-22,0.877,3437.58,False,False,January
ELEC001278,2024-01-24,weekday,Hostel Block 2,22-00,0.41,3437.99,False,False,January
ELEC001279,2024-01-24,weekday,Library,06-08,0.602,1723.19,False,False,January
ELEC001280,2024-01-24,weekday,Library,08-10,1.845,1725.04,False,False,January
ELEC001281,2024-01-24,weekday,Library,10-12,2.502,1727.54,False,False,January
ELEC001282,2024-01-24,weekday,Library,12-14,7.298290621523978,1734.84,False,True,January
ELEC001283,2024-01-24,weekday,Library,14-16,2.021,1736.86,False,False,January
ELEC001284,2024-01-24,weekday,Library,16-18,1.459,1738.32,False,False,January
ELEC001285,2024-01-24,weekday,Library,18-20,1.71,1740.03,False,False,January
ELEC001286,2024-01-24,weekday,Library,20-22,1.14,1741.17,False,False,January
ELEC001287,2024-01-24,weekday,Library,22-00,0.497,1741.67,False,False,January
ELEC001288,2024-01-24,weekday,Labs Complex,06-08,0.522,4518.57,False,False,January
ELEC001289,2024-01-24,weekday,Labs Complex,08-10,1.71,4520.28,False,False,January
ELEC001290,2024-01-24,weekday,Labs Complex,10-12,2.126,4522.41,False,False,January
ELEC001291,2024-01-24,weekday,Labs Complex,12-14,1.902,4524.31,False,False,January
ELEC001292,2024-01-24,weekday,Labs Complex,14-16,2.038,4526.35,False,False,January
ELEC001293,2024-01-24,weekday,Labs Complex,16-18,1.914,4528.26,False,False,January
ELEC001294,2024-01-24,weekday,Labs Complex,18-20,1.32,4529.58,False,False,January
ELEC001295,2024-01-24,weekday,Labs Complex,20-22,1.134,4530.71,False,False,January
ELEC001296,2024-01-24,weekday,Labs Complex,22-00,0.548,4531.26,False,False,January
ELEC001297,2024-01-25,weekday,Academic Block A,06-08,0.855,1759.71,False,False,January
ELEC001298,2024-01-25,weekday,Academic Block A,08-10,2.9,1762.61,False,False,January
ELEC001299,2024-01-25,weekday,Academic Block A,10-12,3.195,1765.8,False,False,January
ELEC001300,2024-01-25,weekday,Academic Block A,12-14,3.146,1768.95,False,False,January
ELEC001301,2024-01-25,weekday,Academic Block A,14-16,2.902,1771.85,False,False,January
ELEC001302,2024-01-25,weekday,Academic Block A,16-18,2.589,1774.44,False,False,January
ELEC001303,2024-01-25,weekday,Academic Block A,18-20,2.0,1776.44,False,False,January
ELEC001304,2024-01-25,weekday,Academic Block A,20-22,1.898,1778.34,False,False,January
ELEC001305,2024-01-25,weekday,Academic Block A,22-00,0.795,1779.13,False,False,January
ELEC001306,2024-01-25,weekday,Academic Block B,06-08,0.77,5252.41,False,False,January
ELEC001307,2024-01-25,weekday,Academic Block B,08-10,2.893,5255.3,False,False,January
ELEC001308,2024-01-25,weekday,Academic Block B,10-12,3.127,5258.43,False,False,January
ELEC001309,2024-01-25,weekday,Academic Block B,12-14,2.45,5260.88,False,False,January
ELEC001310,2024-01-25,weekday,Academic Block B,14-16,10.03842591157073,5270.92,False,True,January
ELEC001311,2024-01-25,weekday,Academic Block B,16-18,2.338,5273.26,False,False,January
ELEC001312,2024-01-25,weekday,Academic Block B,18-20,2.022,5275.28,False,False,January
ELEC001313,2024-01-25,weekday,Academic Block B,20-22,1.815,5277.09,False,False,January
ELEC001314,2024-01-25,weekday,Academic Block B,22-00,0.821,5277.91,False,False,January
ELEC001315,2024-01-25,weekday,Hostel Block 1,06-08,0.499,3690.34,False,False,January
ELEC001316,2024-01-25,weekday,Hostel Block 1,08-10,1.344,3691.68,False,False,January
ELEC001317,2024-01-25,weekday,Hostel Block 1,10-12,2.019,3693.7,False,False,January
ELEC001318,2024-01-25,weekday,Hostel Block 1,12-14,1.519,3695.22,False,False,January
ELEC001319,2024-01-25,weekday,Hostel Block 1,14-16,1.564,3696.78,False,False,January
ELEC001320,2024-01-25,weekday,Hostel Block 1,16-18,1.391,3698.17,False,False,January
ELEC001321,2024-01-25,weekday,Hostel Block 1,18-20,1.167,3699.34,False,False,January
ELEC001322,2024-01-25,weekday,Hostel Block 1,20-22,0.885,3700.23,False,False,January
ELEC001323,2024-01-25,weekday,Hostel Block 1,22-00,0.346,3700.58,False,False,January
ELEC001324,2024-01-25,weekday,Hostel Block 2,06-08,0.523,3438.51,False,False,January
ELEC001325,2024-01-25,weekday,Hostel Block 2,08-10,1.56,3440.07,False,False,January
ELEC001326,2024-01-25,weekday,Hostel Block 2,10-12,1.995,3442.07,False,False,January
ELEC001327,2024-01-25,weekday,Hostel Block 2,12-14,1.624,3443.69,False,False,January
ELEC001328,2024-01-25,weekday,Hostel Block 2,14-16,1.518,3445.21,False,False,January
ELEC001329,2024-01-25,weekday,Hostel Block 2,16-18,1.271,3446.48,False,False,January
ELEC001330,2024-01-25,weekday,Hostel Block 2,18-20,1.025,3447.51,False,False,January
ELEC001331,2024-01-25,weekday,Hostel Block 2,20-22,1.068,3448.58,False,False,January
ELEC001332,2024-01-25,weekday,Hostel Block 2,22-00,0.429,3449.01,False,False,January
ELEC001333,2024-01-25,weekday,Library,06-08,0.628,1742.3,False,False,January
ELEC001334,2024-01-25,weekday,Library,08-10,1.655,1743.95,False,False,January
ELEC001335,2024-01-25,weekday,Library,10-12,1.958,1745.91,False,False,January
ELEC001336,2024-01-25,weekday,Library,12-14,2.055,1747.97,False,False,January
ELEC001337,2024-01-25,weekday,Library,14-16,2.273,1750.24,False,False,January
ELEC001338,2024-01-25,weekday,Library,16-18,3.9058312160326527,1754.15,False,True,January
ELEC001339,2024-01-25,weekday,Library,18-20,1.358,1755.51,False,False,January
ELEC001340,2024-01-25,weekday,Library,20-22,1.164,1756.67,False,False,January
ELEC001341,2024-01-25,weekday,Library,22-00,0.471,1757.14,False,False,January
ELEC001342,2024-01-25,weekday,Labs Complex,06-08,0.613,4531.87,False,False,January
ELEC001343,2024-01-25,weekday,Labs Complex,08-10,1.828,4533.7,False,False,January
ELEC001344,2024-01-25,weekday,Labs Complex,10-12,2.03,4535.73,False,False,January
ELEC001345,2024-01-25,weekday,Labs Complex,12-14,1.802,4537.53,False,False,January
ELEC001346,2024-01-25,weekday,Labs Complex,14-16,1.952,4539.48,False,False,January
ELEC001347,2024-01-25,weekday,Labs Complex,16-18,5.713894699146834,4545.19,False,True,January
ELEC001348,2024-01-25,weekday,Labs Complex,18-20,1.33,4546.52,False,False,January
ELEC001349,2024-01-25,weekday,Labs Complex,20-22,1.223,,False,False,January
ELEC001350,2024-01-25,weekday,Labs Complex,22-00,0.454,4548.2,False,False,January
ELEC001351,2024-01-26,weekday,Academic Block A,06-08,0.9,,False,False,January
ELEC001352,2024-01-26,weekday,Academic Block A,08-10,2.92,1782.95,False,False,January
ELEC001353,2024-01-26,weekday,Academic Block A,10-12,3.435,1786.38,False,False,January
ELEC001354,2024-01-26,weekday,Academic Block A,12-14,3.22,1789.6,False,False,January
ELEC001355,2024-01-26,weekday,Academic Block A,14-16,3.042,1792.64,False,False,January
ELEC001356,2024-01-26,weekday,Academic Block A,16-18,2.239,1794.88,False,False,January
ELEC001357,2024-01-26,weekday,Academic Block A,18-20,1.937,1796.82,False,False,January
ELEC001358,2024-01-26,weekday,Academic Block A,20-22,2.053,1798.87,False,False,January
ELEC001359,2024-01-26,weekday,Academic Block A,22-00,0.64,1799.51,False,False,January
ELEC001360,2024-01-26,weekday,Academic Block B,06-08,0.886,5278.8,False,False,January
ELEC001361,2024-01-26,weekday,Academic Block B,08-10,3.005,5281.81,False,False,January
ELEC001362,2024-01-26,weekday,Academic Block B,10-12,3.242,5285.05,False,False,January
ELEC001363,2024-01-26,weekday,Academic Block B,12-14,2.877,5287.93,False,False,January
ELEC001364,2024-01-26,weekday,Academic Block B,14-16,3.293,5291.22,False,False,January
ELEC001365,2024-01-26,weekday,Academic Block B,16-18,2.883,5294.1,False,False,January
ELEC001366,2024-01-26,weekday,Academic Block B,18-20,2.426,5296.53,False,False,January
ELEC001367,2024-01-26,weekday,Academic Block B,20-22,2.009,5298.54,False,False,January
ELEC001368,2024-01-26,weekday,Academic Block B,22-00,0.721,,False,False,January
ELEC001369,2024-01-26,weekday,Hostel Block 1,06-08,0.504,3701.08,False,False,January
ELEC001370,2024-01-26,weekday,Hostel Block 1,08-10,4.370031486591327,3705.45,False,True,January
ELEC001371,2024-01-26,weekday,Hostel Block 1,10-12,1.927,3707.38,False,False,January
ELEC001372,2024-01-26,weekday,Hostel Block 1,12-14,1.33,3708.71,False,False,January
ELEC001373,2024-01-26,weekday,Hostel Block 1,14-16,1.442,3710.15,False,False,January
ELEC001374,2024-01-26,weekday,Hostel Block 1,16-18,1.332,3711.48,False,False,January
ELEC001375,2024-01-26,weekday,Hostel Block 1,18-20,1.281,3712.76,False,False,January
ELEC001376,2024-01-26,weekday,Hostel Block 1,20-22,0.852,3713.61,False,False,January
ELEC001377,2024-01-26,weekday,Hostel Block 1,22-00,0.41,3714.02,False,False,January
ELEC001378,2024-01-26,weekday,Hostel Block 2,06-08,0.448,3449.46,False,False,January
ELEC001379,2024-01-26,weekday,Hostel Block 2,08-10,1.35,3450.81,False,False,January
ELEC001380,2024-01-26,weekday,Hostel Block 2,10-12,1.699,3452.51,False,False,January
ELEC001381,2024-01-26,weekday,Hostel Block 2,12-14,1.534,3454.04,False,False,January
ELEC001382,2024-01-26,weekday,Hostel Block 2,14-16,1.823,3455.86,False,False,January
ELEC001383,2024-01-26,weekday,Hostel Block 2,16-18,1.507,3457.37,False,False,January
ELEC001384,2024-01-26,weekday,Hostel Block 2,18-20,1.164,3458.53,False,False,January
ELEC001385,2024-01-26,weekday,Hostel Block 2,20-22,0.854,3459.38,False,False,January
ELEC001386,2024-01-26,weekday,Hostel Block 2,22-00,0.417,3459.8,False,False,January
ELEC001387,2024-01-26,weekday,Library,06-08,0.688,1757.83,False,False,January
ELEC001388,2024-01-26,weekday,Library,08-10,1.981,1759.81,False,False,January
ELEC001389,2024-01-26,weekday,Library,10-12,2.326,1762.14,False,False,January
ELEC001390,2024-01-26,weekday,Library,12-14,1.678,1763.82,False,False,January
ELEC001391,2024-01-26,weekday,Library,14-16,1.975,1765.79,False,False,January
ELEC001392,2024-01-26,weekday,Library,16-18,1.593,1767.38,False,False,January
ELEC001393,2024-01-26,weekday,Library,18-20,1.521,1768.9,False,False,January
ELEC001394,2024-01-26,weekday,Library,20-22,1.342,1770.24,False,False,January
ELEC001395,2024-01-26,weekday,Library,22-00,0.523,1770.76,False,False,January
ELEC001396,2024-01-26,weekday,Labs Complex,06-08,2.078307282928536,4550.28,False,True,January
ELEC001397,2024-01-26,weekday,Labs Complex,08-10,1.768,4552.05,False,False,January
ELEC001398,2024-01-26,weekday,Labs Complex,10-12,2.206,4554.26,False,False,January
ELEC001399,2024-01-26,weekday,Labs Complex,12-14,2.139,4556.4,False,False,January
ELEC001400,2024-01-26,weekday,Labs Complex,14-16,1.954,4558.35,False,False,January
ELEC001401,2024-01-26,weekday,Labs Complex,16-18,1.75,4560.1,False,False,January
ELEC001402,2024-01-26,weekday,Labs Complex,18-20,1.288,4561.39,False,False,January
ELEC001403,2024-01-26,weekday,Labs Complex,20-22,1.306,4562.7,False,False,January
ELEC001404,2024-01-26,weekday,Labs Complex,22-00,0.45,4563.15,False,False,January
ELEC001405,2024-01-27,saturday,Academic Block A,06-08,0.609,1800.12,False,False,January
ELEC001406,2024-01-27,saturday,Academic Block A,08-10,1.955,1802.07,False,False,January
ELEC001407,2024-01-27,saturday,Academic Block A,10-12,2.559,,False,False,January
ELEC001408,2024-01-27,saturday,Academic Block A,12-14,2.01,1806.64,False,False,January
ELEC001409,2024-01-27,saturday,Academic Block A,14-16,2.068,1808.71,False,False,January
ELEC001410,2024-01-27,saturday,Academic Block A,16-18,1.964,1810.67,False,False,January
ELEC001411,2024-01-27,saturday,Academic Block A,18-20,1.652,1812.32,False,False,January
ELEC001412,2024-01-27,saturday,Academic Block A,20-22,1.24,1813.56,False,False,January
ELEC001413,2024-01-27,saturday,Academic Block A,22-00,0.594,1814.15,False,False,January
ELEC001414,2024-01-27,saturday,Academic Block B,06-08,0.578,5299.84,False,False,January
ELEC001415,2024-01-27,saturday,Academic Block B,08-10,2.152,5301.99,False,False,January
ELEC001416,2024-01-27,saturday,Academic Block B,10-12,2.508,5304.5,False,False,January
ELEC001417,2024-01-27,saturday,Academic Block B,12-14,1.768,5306.27,False,False,January
ELEC001418,2024-01-27,saturday,Academic Block B,14-16,2.303,5308.57,False,False,January
ELEC001419,2024-01-27,saturday,Academic Block B,16-18,1.548,5310.12,False,False,January
ELEC001420,2024-01-27,saturday,Academic Block B,18-20,1.416,5311.54,False,False,January
ELEC001421,2024-01-27,saturday,Academic Block B,20-22,1.137,5312.68,False,False,January
ELEC001422,2024-01-27,saturday,Academic Block B,22-00,0.529,5313.21,False,False,January
ELEC001423,2024-01-27,saturday,Hostel Block 1,06-08,0.323,3714.34,False,False,January
ELEC001424,2024-01-27,saturday,Hostel Block 1,08-10,0.936,3715.28,False,False,January
ELEC001425,2024-01-27,saturday,Hostel Block 1,10-12,1.118,3716.4,False,False,January
ELEC001426,2024-01-27,saturday,Hostel Block 1,12-14,1.155,3717.56,False,False,January
ELEC001427,2024-01-27,saturday,Hostel Block 1,14-16,1.107,3718.67,False,False,January
ELEC001428,2024-01-27,saturday,Hostel Block 1,16-18,1.004,3719.67,False,False,January
ELEC001429,2024-01-27,saturday,Hostel Block 1,18-20,0.731,3720.4,False,False,January
ELEC001430,2024-01-27,saturday,Hostel Block 1,20-22,0.675,3721.08,False,False,January
ELEC001431,2024-01-27,saturday,Hostel Block 1,22-00,0.279,3721.36,False,False,January
ELEC001432,2024-01-27,saturday,Hostel Block 2,06-08,0.372,3460.17,False,False,January
ELEC001433,2024-01-27,saturday,Hostel Block 2,08-10,0.866,3461.04,False,False,January
ELEC001434,2024-01-27,saturday,Hostel Block 2,10-12,1.226,3462.27,False,False,January
ELEC001435,2024-01-27,saturday,Hostel Block 2,12-14,1.005,3463.28,False,False,January
ELEC001436,2024-01-27,saturday,Hostel Block 2,14-16,1.007,3464.29,False,False,January
ELEC001437,2024-01-27,saturday,Hostel Block 2,16-18,0.938,3465.23,False,False,January
ELEC001438,2024-01-27,saturday,Hostel Block 2,18-20,0.933,3466.16,False,False,January
ELEC001439,2024-01-27,saturday,Hostel Block 2,20-22,0.743,3466.9,False,False,January
ELEC001440,2024-01-27,saturday,Hostel Block 2,22-00,0.244,3467.14,False,False,January
ELEC001441,2024-01-27,saturday,Library,06-08,0.415,1771.17,False,False,January
ELEC001442,2024-01-27,saturday,Library,08-10,1.248,1772.42,False,False,January
ELEC001443,2024-01-27,saturday,Library,10-12,1.387,1773.81,False,False,January
ELEC001444,2024-01-27,saturday,Library,12-14,1.329,1775.14,False,False,January
ELEC001445,2024-01-27,saturday,Library,14-16,1.43,1776.57,False,False,January
ELEC001446,2024-01-27,saturday,Library,16-18,1.136,1777.71,False,False,January
ELEC001447,2024-01-27,saturday,Library,18-20,1.143,1778.85,False,False,January
ELEC001448,2024-01-27,saturday,Library,20-22,0.746,1779.6,False,False,January
ELEC001449,2024-01-27,saturday,Library,22-00,0.338,1779.94,False,False,January
ELEC001450,2024-01-27,saturday,Labs Complex,06-08,0.403,4563.55,False,False,January
ELEC001451,2024-01-27,saturday,Labs Complex,08-10,1.303,4564.85,False,False,January
ELEC001452,2024-01-27,saturday,Labs Complex,10-12,1.631,4566.48,False,False,January
ELEC001453,2024-01-27,saturday,Labs Complex,12-14,1.451,4567.93,False,False,January
ELEC001454,2024-01-27,saturday,Labs Complex,14-16,1.512,4569.44,False,False,January
ELEC001455,2024-01-27,saturday,Labs Complex,16-18,1.297,4570.74,False,False,January
ELEC001456,2024-01-27,saturday,Labs Complex,18-20,1.041,4571.78,False,False,January
ELEC001457,2024-01-27,saturday,Labs Complex,20-22,0.834,4572.61,False,False,January
ELEC001458,2024-01-27,saturday,Labs Complex,22-00,0.356,4572.97,False,False,January
ELEC001459,2024-01-28,weekend,Academic Block A,06-08,0.332,1814.48,False,False,January
ELEC001460,2024-01-28,weekend,Academic Block A,08-10,0.944,1815.42,False,False,January
ELEC001461,2024-01-28,weekend,Academic Block A,10-12,1.385,1816.81,False,False,January
ELEC001462,2024-01-28,weekend,Academic Block A,12-14,1.156,1817.97,False,False,January
ELEC001463,2024-01-28,weekend,Academic Block A,14-16,1.361,1819.33,False,False,January
ELEC001464,2024-01-28,weekend,Academic Block A,16-18,1.113,1820.44,False,False,January
ELEC001465,2024-01-28,weekend,Academic Block A,18-20,0.862,1821.3,False,False,January
ELEC001466,2024-01-28,weekend,Academic Block A,20-22,0.759,1822.06,False,False,January
ELEC001467,2024-01-28,weekend,Academic Block A,22-00,0.29,1822.35,False,False,January
ELEC001468,2024-01-28,weekend,Academic Block B,06-08,0.377,5313.59,False,False,January
ELEC001469,2024-01-28,weekend,Academic Block B,08-10,0.926,5314.52,False,False,January
ELEC001470,2024-01-28,weekend,Academic Block B,10-12,1.401,5315.92,False,False,January
ELEC001471,2024-01-28,weekend,Academic Block B,12-14,1.111,5317.03,False,False,January
ELEC001472,2024-01-28,weekend,Academic Block B,14-16,1.11,5318.14,False,False,January
ELEC001473,2024-01-28,weekend,Academic Block B,16-18,0.967,5319.11,False,False,January
ELEC001474,2024-01-28,weekend,Academic Block B,18-20,0.937,5320.05,False,False,January
ELEC001475,2024-01-28,weekend,Academic Block B,20-22,0.799,5320.85,False,False,January
ELEC001476,2024-01-28,weekend,Academic Block B,22-00,0.266,5321.12,False,False,January
ELEC001477,2024-01-28,weekend,Hostel Block 1,06-08,0.175,3721.54,False,False,January
ELEC001478,2024-01-28,weekend,Hostel Block 1,08-10,0.628,3722.17,False,False,January
ELEC001479,2024-01-28,weekend,Hostel Block 1,10-12,0.623,3722.79,False,False,January
ELEC001480,2024-01-28,weekend,Hostel Block 1,12-14,0.526,3723.32,False,False,January
ELEC001481,2024-01-28,weekend,Hostel Block 1,14-16,0.582,3723.9,False,False,January
ELEC001482,2024-01-28,weekend,Hostel Block 1,16-18,0.592,3724.49,False,False,January
ELEC001483,2024-01-28,weekend,Hostel Block 1,18-20,0.411,3724.9,False,False,January
ELEC001484,2024-01-28,weekend,Hostel Block 1,20-22,0.42,3725.32,False,False,January
ELEC001485,2024-01-28,weekend,Hostel Block 1,22-00,0.177,3725.5,False,False,January
ELEC001486,2024-01-28,weekend,Hostel Block 2,06-08,0.18,3467.32,False,False,January
ELEC001487,2024-01-28,weekend,Hostel Block 2,08-10,0.626,3467.95,False,False,January
ELEC001488,2024-01-28,weekend,Hostel Block 2,10-12,0.612,3468.56,False,False,January
ELEC001489,2024-01-28,weekend,Hostel Block 2,12-14,1.467901622732183,3470.03,False,True,January
ELEC001490,2024-01-28,weekend,Hostel Block 2,14-16,0.651,3470.68,False,False,January
ELEC001491,2024-01-28,weekend,Hostel Block 2,16-18,0.557,3471.24,False,False,January
ELEC001492,2024-01-28,weekend,Hostel Block 2,18-20,0.428,,False,False,January
ELEC001493,2024-01-28,weekend,Hostel Block 2,20-22,1.343193952796947,3473.01,False,True,January
ELEC001494,2024-01-28,weekend,Hostel Block 2,22-00,0.182,3473.19,False,False,January
ELEC001495,2024-01-28,weekend,Library,06-08,0.266,1780.21,False,False,January
ELEC001496,2024-01-28,weekend,Library,08-10,0.821,1781.03,False,False,January
ELEC001497,2024-01-28,weekend,Library,10-12,1.0,1782.03,False,False,January
ELEC001498,2024-01-28,weekend,Library,12-14,0.735,1782.76,False,False,January
ELEC001499,2024-01-28,weekend,Library,14-16,0.753,1783.51,False,False,January
ELEC001500,2024-01-28,weekend,Library,16-18,0.744,1784.25,False,False,January
ELEC001501,2024-01-28,weekend,Library,18-20,0.526,1784.78,False,False,January
ELEC001502,2024-01-28,weekend,Library,20-22,0.528,1785.31,False,False,January
ELEC001503,2024-01-28,weekend,Library,22-00,0.226,1785.54,False,False,January
ELEC001504,2024-01-28,weekend,Labs Complex,06-08,0.23,4573.2,False,False,January
ELEC001505,2024-01-28,weekend,Labs Complex,08-10,0.747,4573.95,False,False,January
ELEC001506,2024-01-28,weekend,Labs Complex,10-12,0.877,4574.83,False,False,January
ELEC001507,2024-01-28,weekend,Labs Complex,12-14,0.697,4575.53,False,False,January
ELEC001508,2024-01-28,weekend,Labs Complex,14-16,0.881,4576.41,False,False,January
ELEC001509,2024-01-28,weekend,Labs Complex,16-18,0.766,4577.18,False,False,January
ELEC001510,2024-01-28,weekend,Labs Complex,18-20,0.577,4577.76,False,False,January
ELEC001511,2024-01-28,weekend,Labs Complex,20-22,0.55,4578.31,False,False,January
ELEC001512,2024-01-28,weekend,Labs Complex,22-00,0.223,4578.53,False,False,January
ELEC001513,2024-01-29,weekday,Academic Block A,06-08,0.935,1823.28,False,False,January
ELEC001514,2024-01-29,weekday,Academic Block A,08-10,2.336,1825.62,False,False,January
ELEC001515,2024-01-29,weekday,Academic Block A,10-12,3.706,1829.33,False,False,January
ELEC001516,2024-01-29,weekday,Academic Block A,12-14,2.854,1832.18,False,False,January
ELEC001517,2024-01-29,weekday,Academic Block A,14-16,2.775,1834.96,False,False,January
ELEC001518,2024-01-29,weekday,Academic Block A,16-18,2.56,1837.52,False,False,January
ELEC001519,2024-01-29,weekday,Academic Block A,18-20,2.314,1839.83,False,False,January
ELEC001520,2024-01-29,weekday,Academic Block A,20-22,1.735,1841.56,False,False,January
ELEC001521,2024-01-29,weekday,Academic Block A,22-00,0.761,1842.32,False,False,January
ELEC001522,2024-01-29,weekday,Academic Block B,06-08,0.789,5321.91,False,False,January
ELEC001523,2024-01-29,weekday,Academic Block B,08-10,2.386,5324.3,False,False,January
ELEC001524,2024-01-29,weekday,Academic Block B,10-12,2.91,5327.21,False,False,January
ELEC001525,2024-01-29,weekday,Academic Block B,12-14,2.806,5330.02,False,False,January
ELEC001526,2024-01-29,weekday,Academic Block B,14-16,2.958,5332.98,False,False,January
ELEC001527,2024-01-29,weekday,Academic Block B,16-18,2.737,5335.72,False,False,January
ELEC001528,2024-01-29,weekday,Academic Block B,18-20,2.047,5337.77,False,False,January
ELEC001529,2024-01-29,weekday,Academic Block B,20-22,1.564,5339.33,False,False,January
ELEC001530,2024-01-29,weekday,Academic Block B,22-00,0.779,5340.11,False,False,January
ELEC001531,2024-01-29,weekday,Hostel Block 1,06-08,0.469,3725.97,False,False,January
ELEC001532,2024-01-29,weekday,Hostel Block 1,08-10,1.285,3727.25,False,False,January
ELEC001533,2024-01-29,weekday,Hostel Block 1,10-12,1.664,3728.91,False,False,January
ELEC001534,2024-01-29,weekday,Hostel Block 1,12-14,1.701,3730.61,False,False,January
ELEC001535,2024-01-29,weekday,Hostel Block 1,14-16,1.568,3732.18,False,False,January
ELEC001536,2024-01-29,weekday,Hostel Block 1,16-18,1.503,3733.68,False,False,January
ELEC001537,2024-01-29,weekday,Hostel Block 1,18-20,1.049,3734.73,False,False,January
ELEC001538,2024-01-29,weekday,Hostel Block 1,20-22,0.913,,False,False,January
ELEC001539,2024-01-29,weekday,Hostel Block 1,22-00,0.415,3736.06,False,False,January
ELEC001540,2024-01-29,weekday,Hostel Block 2,06-08,0.513,3473.7,False,False,January
ELEC001541,2024-01-29,weekday,Hostel Block 2,08-10,1.419,3475.12,False,False,January
ELEC001542,2024-01-29,weekday,Hostel Block 2,10-12,1.722,3476.84,False,False,January
ELEC001543,2024-01-29,weekday,Hostel Block 2,12-14,1.563,3478.4,False,False,January
ELEC001544,2024-01-29,weekday,Hostel Block 2,14-16,1.728,,False,False,January
ELEC001545,2024-01-29,weekday,Hostel Block 2,16-18,1.194,3481.32,False,False,January
ELEC001546,2024-01-29,weekday,Hostel Block 2,18-20,1.241,3482.56,False,False,January
ELEC001547,2024-01-29,weekday,Hostel Block 2,20-22,0.91,3483.47,False,False,January
ELEC001548,2024-01-29,weekday,Hostel Block 2,22-00,0.458,3483.93,False,False,January
ELEC001549,2024-01-29,weekday,Library,06-08,0.608,1786.15,False,False,January
ELEC001550,2024-01-29,weekday,Library,08-10,1.696,1787.85,False,False,January
ELEC001551,2024-01-29,weekday,Library,10-12,2.042,1789.89,False,False,January
ELEC001552,2024-01-29,weekday,Library,12-14,2.132,1792.02,False,False,January
ELEC001553,2024-01-29,weekday,Library,14-16,1.945,,False,False,January
ELEC001554,2024-01-29,weekday,Library,16-18,1.945,1795.91,False,False,January
ELEC001555,2024-01-29,weekday,Library,18-20,1.409,1797.32,False,False,January
ELEC001556,2024-01-29,weekday,Library,20-22,1.065,1798.38,False,False,January
ELEC001557,2024-01-29,weekday,Library,22-00,0.494,1798.87,False,False,January
ELEC001558,2024-01-29,weekday,Labs Complex,06-08,0.666,4579.2,False,False,January
ELEC001559,2024-01-29,weekday,Labs Complex,08-10,4.308990678940449,4583.51,False,True,January
ELEC001560,2024-01-29,weekday,Labs Complex,10-12,2.515,4586.03,False,False,January
ELEC001561,2024-01-29,weekday,Labs Complex,12-14,1.924,4587.95,False,False,January
ELEC001562,2024-01-29,weekday,Labs Complex,14-16,2.203,4590.15,False,False,January
ELEC001563,2024-01-29,weekday,Labs Complex,16-18,1.501,4591.65,False,False,January
ELEC001564,2024-01-29,weekday,Labs Complex,18-20,1.353,4593.0,False,False,January
ELEC001565,2024-01-29,weekday,Labs Complex,20-22,1.14,4594.14,False,False,January
ELEC001566,2024-01-29,weekday,Labs Complex,22-00,0.482,4594.62,False,False,January
ELEC001567,2024-01-30,weekday,Academic Block A,06-08,0.921,1843.24,False,False,January
ELEC001568,2024-01-30,weekday,Academic Block A,08-10,2.754,1845.99,False,False,January
ELEC001569,2024-01-30,weekday,Academic Block A,10-12,3.633,1849.62,False,False,January
ELEC001570,2024-01-30,weekday,Academic Block A,12-14,2.958,1852.58,False,False,January
ELEC001571,2024-01-30,weekday,Academic Block A,14-16,3.021,1855.6,False,False,January
ELEC001572,2024-01-30,weekday,Academic Block A,16-18,2.649,1858.25,False,False,January
ELEC001573,2024-01-30,weekday,Academic Block A,18-20,2.118,1860.37,False,False,January
ELEC001574,2024-01-30,weekday,Academic Block A,20-22,1.95,1862.32,False,False,January
ELEC001575,2024-01-30,weekday,Academic Block A,22-00,0.727,1863.05,False,False,January
ELEC001576,2024-01-30,weekday,Academic Block B,06-08,0.962,5341.07,False,False,January
ELEC001577,2024-01-30,weekday,Academic Block B,08-10,2.863,5343.93,False,False,January
ELEC001578,2024-01-30,weekday,Academic Block B,10-12,3.461,5347.39,False,False,January
ELEC001579,2024-01-30,weekday,Academic Block B,12-14,2.828,5350.22,False,False,January
ELEC001580,2024-01-30,weekday,Academic Block B,14-16,3.133,5353.35,False,False,January
ELEC001581,2024-01-30,weekday,Academic Block B,16-18,2.417,5355.77,False,False,January
ELEC001582,2024-01-30,weekday,Academic Block B,18-20,2.216,5357.99,False,False,January
ELEC001583,2024-01-30,weekday,Academic Block B,20-22,1.702,5359.69,False,False,January
ELEC001584,2024-01-30,weekday,Academic Block B,22-00,0.814,5360.5,False,False,January
ELEC001585,2024-01-30,weekday,Hostel Block 1,06-08,0.539,3736.6,False,False,January
ELEC001586,2024-01-30,weekday,Hostel Block 1,08-10,1.442,3738.04,False,False,January
ELEC001587,2024-01-30,weekday,Hostel Block 1,10-12,1.78,3739.82,False,False,January
ELEC001588,2024-01-30,weekday,Hostel Block 1,12-14,1.596,3741.42,False,False,January
ELEC001589,2024-01-30,weekday,Hostel Block 1,14-16,1.718,3743.14,False,False,January
ELEC001590,2024-01-30,weekday,Hostel Block 1,16-18,1.418,3744.56,False,False,January
ELEC001591,2024-01-30,weekday,Hostel Block 1,18-20,1.351,3745.91,False,False,January
ELEC001592,2024-01-30,weekday,Hostel Block 1,20-22,0.908,3746.82,False,False,January
ELEC001593,2024-01-30,weekday,Hostel Block 1,22-00,0.404,3747.22,False,False,January
ELEC001594,2024-01-30,weekday,Hostel Block 2,06-08,0.497,3484.43,False,False,January
ELEC001595,2024-01-30,weekday,Hostel Block 2,08-10,1.412,3485.84,False,False,January
ELEC001596,2024-01-30,weekday,Hostel Block 2,10-12,1.891,3487.73,False,False,January
ELEC001597,2024-01-30,weekday,Hostel Block 2,12-14,1.311,3489.04,False,False,January
ELEC001598,2024-01-30,weekday,Hostel Block 2,14-16,1.802,3490.84,False,False,January
ELEC001599,2024-01-30,weekday,Hostel Block 2,16-18,1.159,3492.0,False,False,January
ELEC001600,2024-01-30,weekday,Hostel Block 2,18-20,1.211,3493.21,False,False,January
ELEC001601,2024-01-30,weekday,Hostel Block 2,20-22,1.066,3494.28,False,False,January
ELEC001602,2024-01-30,weekday,Hostel Block 2,22-00,0.391,3494.67,False,False,January
ELEC001603,2024-01-30,weekday,Library,06-08,0.643,1799.51,False,False,January
ELEC001604,2024-01-30,weekday,Library,08-10,5.05881327973116,1804.57,False,True,January
ELEC001605,2024-01-30,weekday,Library,10-12,2.05,1806.62,False,False,January
ELEC001606,2024-01-30,weekday,Library,12-14,2.032,1808.65,False,False,January
ELEC001607,2024-01-30,weekday,Library,14-16,1.709,1810.36,False,False,January
ELEC001608,2024-01-30,weekday,Library,16-18,1.919,1812.28,False,False,January
ELEC001609,2024-01-30,weekday,Library,18-20,1.402,1813.68,False,False,January
ELEC001610,2024-01-30,weekday,Library,20-22,1.231,1814.91,False,False,January
ELEC001611,2024-01-30,weekday,Library,22-00,0.428,1815.34,False,False,January
ELEC001612,2024-01-30,weekday,Labs Complex,06-08,0.531,4595.15,False,False,January
ELEC001613,2024-01-30,weekday,Labs Complex,08-10,1.881,4597.03,False,False,January
ELEC001614,2024-01-30,weekday,Labs Complex,10-12,1.952,4598.98,False,False,January
ELEC001615,2024-01-30,weekday,Labs Complex,12-14,1.782,4600.76,False,False,January
ELEC001616,2024-01-30,weekday,Labs Complex,14-16,2.063,4602.82,False,False,January
ELEC001617,2024-01-30,weekday,Labs Complex,16-18,1.903,4604.72,False,False,January
ELEC001618,2024-01-30,weekday,Labs Complex,18-20,1.694,4606.41,False,False,January
ELEC001619,2024-01-30,weekday,Labs Complex,20-22,1.212,,False,False,January
ELEC001620,2024-01-30,weekday,Labs Complex,22-00,0.509,4608.13,False,False,January
ELEC001621,2024-01-31,weekday,Academic Block A,06-08,0.912,1863.96,False,False,January
ELEC001622,2024-01-31,weekday,Academic Block A,08-10,2.859,1866.82,False,False,January
ELEC001623,2024-01-31,weekday,Academic Block A,10-12,3.518,1870.34,False,False,January
ELEC001624,2024-01-31,weekday,Academic Block A,12-14,3.225,1873.56,False,False,January
ELEC001625,2024-01-31,weekday,Academic Block A,14-16,2.665,1876.22,False,False,January
ELEC001626,2024-01-31,weekday,Academic Block A,16-18,2.257,1878.48,False,False,January
ELEC001627,2024-01-31,weekday,Academic Block A,18-20,2.227,1880.71,False,False,January
ELEC001628,2024-01-31,weekday,Academic Block A,20-22,1.597,1882.31,False,False,January
ELEC001629,2024-01-31,weekday,Academic Block A,22-00,0.794,1883.1,False,False,January
ELEC001630,2024-01-31,weekday,Academic Block B,06-08,1.028,5361.53,False,False,January
ELEC001631,2024-01-31,weekday,Academic Block B,08-10,2.315,5363.84,False,False,January
ELEC001632,2024-01-31,weekday,Academic Block B,10-12,3.087,,False,False,January
ELEC001633,2024-01-31,weekday,Academic Block B,12-14,2.92,5369.85,False,False,January
ELEC001634,2024-01-31,weekday,Academic Block B,14-16,2.699,5372.55,False,False,January
ELEC001635,2024-01-31,weekday,Academic Block B,16-18,2.482,5375.03,False,False,January
ELEC001636,2024-01-31,weekday,Academic Block B,18-20,1.942,5376.97,False,False,January
ELEC001637,2024-01-31,weekday,Academic Block B,20-22,1.588,5378.56,False,False,January
ELEC001638,2024-01-31,weekday,Academic Block B,22-00,0.662,5379.22,False,False,January
ELEC001639,2024-01-31,weekday,Hostel Block 1,06-08,0.466,3747.69,False,False,January
ELEC001640,2024-01-31,weekday,Hostel Block 1,08-10,1.279,3748.97,False,False,January
ELEC001641,2024-01-31,weekday,Hostel Block 1,10-12,1.907,3750.88,False,False,January
ELEC001642,2024-01-31,weekday,Hostel Block 1,12-14,1.393,3752.27,False,False,January
ELEC001643,2024-01-31,weekday,Hostel Block 1,14-16,1.591,3753.86,False,False,January
ELEC001644,2024-01-31,weekday,Hostel Block 1,16-18,1.473,3755.33,False,False,January
ELEC001645,2024-01-31,weekday,Hostel Block 1,18-20,1.242,3756.57,False,False,January
ELEC001646,2024-01-31,weekday,Hostel Block 1,20-22,1.054,3757.62,False,False,January
ELEC001647,2024-01-31,weekday,Hostel Block 1,22-00,0.406,3758.03,False,False,January
ELEC001648,2024-01-31,weekday,Hostel Block 2,06-08,0.551,3495.22,False,False,January
ELEC001649,2024-01-31,weekday,Hostel Block 2,08-10,1.596,3496.82,False,False,January
ELEC001650,2024-01-31,weekday,Hostel Block 2,10-12,1.597,3498.42,False,False,January
ELEC001651,2024-01-31,weekday,Hostel Block 2,12-14,1.316,3499.74,False,False,January
ELEC001652,2024-01-31,weekday,Hostel Block 2,14-16,1.471,3501.21,False,False,January
ELEC001653,2024-01-31,weekday,Hostel Block 2,16-18,1.507,3502.72,False,False,January
ELEC001654,2024-01-31,weekday,Hostel Block 2,18-20,1.262,3503.98,False,False,January
ELEC001655,2024-01-31,weekday,Hostel Block 2,20-22,0.931,3504.91,False,False,January
ELEC001656,2024-01-31,weekday,Hostel Block 2,22-00,0.382,3505.29,False,False,January
ELEC001657,2024-01-31,weekday,Library,06-08,0.553,1815.89,False,False,January
ELEC001658,2024-01-31,weekday,Library,08-10,1.612,1817.5,False,False,January
ELEC001659,2024-01-31,weekday,Library,10-12,2.053,1819.55,False,False,January
ELEC001660,2024-01-31,weekday,Library,12-14,1.806,1821.36,False,False,January
ELEC001661,2024-01-31,weekday,Library,14-16,1.755,1823.12,False,False,January
ELEC001662,2024-01-31,weekday,Library,16-18,1.524,1824.64,False,False,January
ELEC001663,2024-01-31,weekday,Library,18-20,1.319,1825.96,False,False,January
ELEC001664,2024-01-31,weekday,Library,20-22,1.032,1826.99,False,False,January
ELEC001665,2024-01-31,weekday,Library,22-00,0.454,1827.44,False,False,January
ELEC001666,2024-01-31,weekday,Labs Complex,06-08,0.605,4608.73,False,False,January
ELEC001667,2024-01-31,weekday,Labs Complex,08-10,1.656,4610.39,False,False,January
ELEC001668,2024-01-31,weekday,Labs Complex,10-12,2.07,4612.46,False,False,January
ELEC001669,2024-01-31,weekday,Labs Complex,12-14,1.917,4614.38,False,False,January
ELEC001670,2024-01-31,weekday,Labs Complex,14-16,1.792,4616.17,False,False,January
ELEC001671,2024-01-31,weekday,Labs Complex,16-18,1.603,4617.77,False,False,January
ELEC001672,2024-01-31,weekday,Labs Complex,18-20,1.276,,False,False,January
ELEC001673,2024-01-31,weekday,Labs Complex,20-22,1.149,4620.2,False,False,January
ELEC001674,2024-01-31,weekday,Labs Complex,22-00,0.49,4620.69,False,False,January
ELEC001675,2024-02-01,weekday,Academic Block A,06-08,0.942,1884.04,False,False,February
ELEC001676,2024-02-01,weekday,Academic Block A,08-10,2.381,1886.42,False,False,February
ELEC001677,2024-02-01,weekday,Academic Block A,10-12,3.527,1889.95,False,False,February
ELEC001678,2024-02-01,weekday,Academic Block A,12-14,2.857,1892.81,False,False,February
ELEC001679,2024-02-01,weekday,Academic Block A,14-16,3.281,,False,False,February
ELEC001680,2024-02-01,weekday,Academic Block A,16-18,2.741,1898.83,False,False,February
ELEC001681,2024-02-01,weekday,Academic Block A,18-20,2.083,1900.91,False,False,February
ELEC001682,2024-02-01,weekday,Academic Block A,20-22,1.951,1902.86,False,False,February
ELEC001683,2024-02-01,weekday,Academic Block A,22-00,0.651,1903.51,False,False,February
ELEC001684,2024-02-01,weekday,Academic Block B,06-08,0.827,5380.05,False,False,February
ELEC001685,2024-02-01,weekday,Academic Block B,08-10,2.821,5382.87,False,False,February
ELEC001686,2024-02-01,weekday,Academic Block B,10-12,3.047,5385.92,False,False,February
ELEC001687,2024-02-01,weekday,Academic Block B,12-14,2.803,5388.72,False,False,February
ELEC001688,2024-02-01,weekday,Academic Block B,14-16,2.782,5391.5,False,False,February
ELEC001689,2024-02-01,weekday,Academic Block B,16-18,2.823,5394.32,False,False,February
ELEC001690,2024-02-01,weekday,Academic Block B,18-20,2.105,5396.42,False,False,February
ELEC001691,2024-02-01,weekday,Academic Block B,20-22,1.59,5398.01,False,False,February
ELEC001692,2024-02-01,weekday,Academic Block B,22-00,0.774,5398.78,False,False,February
ELEC001693,2024-02-01,weekday,Hostel Block 1,06-08,0.428,3758.46,False,False,February
ELEC001694,2024-02-01,weekday,Hostel Block 1,08-10,1.405,3759.87,False,False,February
ELEC001695,2024-02-01,weekday,Hostel Block 1,10-12,1.768,3761.64,False,False,February
ELEC001696,2024-02-01,weekday,Hostel Block 1,12-14,1.709,3763.35,False,False,February
ELEC001697,2024-02-01,weekday,Hostel Block 1,14-16,1.445,3764.8,False,False,February
ELEC001698,2024-02-01,weekday,Hostel Block 1,16-18,1.475,3766.28,False,False,February
ELEC001699,2024-02-01,weekday,Hostel Block 1,18-20,1.186,3767.47,False,False,February
ELEC001700,2024-02-01,weekday,Hostel Block 1,20-22,1.039,3768.51,False,False,February
ELEC001701,2024-02-01,weekday,Hostel Block 1,22-00,0.367,3768.88,False,False,February
ELEC001702,2024-02-01,weekday,Hostel Block 2,06-08,0.433,3505.72,False,False,February
ELEC001703,2024-02-01,weekday,Hostel Block 2,08-10,1.233,3506.95,False,False,February
ELEC001704,2024-02-01,weekday,Hostel Block 2,10-12,1.896,3508.85,False,False,February
ELEC001705,2024-02-01,weekday,Hostel Block 2,12-14,1.392,3510.24,False,False,February
ELEC001706,2024-02-01,weekday,Hostel Block 2,14-16,1.633,3511.87,False,False,February
ELEC001707,2024-02-01,weekday,Hostel Block 2,16-18,1.162,3513.03,False,False,February
ELEC001708,2024-02-01,weekday,Hostel Block 2,18-20,1.032,3514.06,False,False,February
ELEC001709,2024-02-01,weekday,Hostel Block 2,20-22,0.911,3514.97,False,False,February
ELEC001710,2024-02-01,weekday,Hostel Block 2,22-00,0.377,3515.35,False,False,February
ELEC001711,2024-02-01,weekday,Library,06-08,0.642,1828.08,False,False,February
ELEC001712,2024-02-01,weekday,Library,08-10,1.869,1829.95,False,False,February
ELEC001713,2024-02-01,weekday,Library,10-12,1.9,1831.85,False,False,February
ELEC001714,2024-02-01,weekday,Library,12-14,1.643,1833.49,False,False,February
ELEC001715,2024-02-01,weekday,Library,14-16,1.84,1835.33,False,False,February
ELEC001716,2024-02-01,weekday,Library,16-18,1.862,1837.19,False,False,February
ELEC001717,2024-02-01,weekday,Library,18-20,1.657,1838.85,False,False,February
ELEC001718,2024-02-01,weekday,Library,20-22,1.127,1839.98,False,False,February
ELEC001719,2024-02-01,weekday,Library,22-00,0.484,1840.46,False,False,February
ELEC001720,2024-02-01,weekday,Labs Complex,06-08,0.516,4621.21,False,False,February
ELEC001721,2024-02-01,weekday,Labs Complex,08-10,1.905,4623.11,False,False,February
ELEC001722,2024-02-01,weekday,Labs Complex,10-12,2.385,4625.49,False,False,February
ELEC001723,2024-02-01,weekday,Labs Complex,12-14,1.728,4627.22,False,False,February
ELEC001724,2024-02-01,weekday,Labs Complex,14-16,2.183,4629.4,False,False,February
ELEC001725,2024-02-01,weekday,Labs Complex,16-18,1.485,4630.88,False,False,February
ELEC001726,2024-02-01,weekday,Labs Complex,18-20,1.616,4632.5,False,False,February
ELEC001727,2024-02-01,weekday,Labs Complex,20-22,1.162,4633.66,False,False,February
ELEC001728,2024-02-01,weekday,Labs Complex,22-00,0.479,4634.14,False,False,February
ELEC001729,2024-02-02,weekday,Academic Block A,06-08,0.881,1904.39,False,False,February
ELEC001730,2024-02-02,weekday,Academic Block A,08-10,2.353,1906.74,False,False,February
ELEC001731,2024-02-02,weekday,Academic Block A,10-12,2.98,1909.72,False,False,February
ELEC001732,2024-02-02,weekday,Academic Block A,12-14,3.081,1912.8,False,False,February
ELEC001733,2024-02-02,weekday,Academic Block A,14-16,3.274,1916.07,False,False,February
ELEC001734,2024-02-02,weekday,Academic Block A,16-18,2.824,1918.89,False,False,February
ELEC001735,2024-02-02,weekday,Academic Block A,18-20,2.558,1921.45,False,False,February
ELEC001736,2024-02-02,weekday,Academic Block A,20-22,5.046808905182794,1926.5,False,True,February
ELEC001737,2024-02-02,weekday,Academic Block A,22-00,0.77,1927.27,False,False,February
ELEC001738,2024-02-02,weekday,Academic Block B,06-08,1.024,5399.8,False,False,February
ELEC001739,2024-02-02,weekday,Academic Block B,08-10,2.591,5402.39,False,False,February
ELEC001740,2024-02-02,weekday,Academic Block B,10-12,3.401,5405.79,False,False,February
ELEC001741,2024-02-02,weekday,Academic Block B,12-14,2.532,5408.32,False,False,February
ELEC001742,2024-02-02,weekday,Academic Block B,14-16,3.203,5411.52,False,False,February
ELEC001743,2024-02-02,weekday,Academic Block B,16-18,2.715,5414.24,False,False,February
ELEC001744,2024-02-02,weekday,Academic Block B,18-20,2.013,5416.25,False,False,February
ELEC001745,2024-02-02,weekday,Academic Block B,20-22,2.002,5418.25,False,False,February
ELEC001746,2024-02-02,weekday,Academic Block B,22-00,0.764,5419.01,False,False,February
ELEC001747,2024-02-02,weekday,Hostel Block 1,06-08,0.445,3769.33,False,False,February
ELEC001748,2024-02-02,weekday,Hostel Block 1,08-10,1.3,3770.63,False,False,February
ELEC001749,2024-02-02,weekday,Hostel Block 1,10-12,1.57,3772.2,False,False,February
ELEC001750,2024-02-02,weekday,Hostel Block 1,12-14,1.585,3773.78,False,False,February
ELEC001751,2024-02-02,weekday,Hostel Block 1,14-16,1.664,3775.44,False,False,February
ELEC001752,2024-02-02,weekday,Hostel Block 1,16-18,1.444,3776.88,False,False,February
ELEC001753,2024-02-02,weekday,Hostel Block 1,18-20,1.353,3778.23,False,False,February
ELEC001754,2024-02-02,weekday,Hostel Block 1,20-22,0.841,3779.07,False,False,February
ELEC001755,2024-02-02,weekday,Hostel Block 1,22-00,0.412,3779.48,False,False,February
ELEC001756,2024-02-02,weekday,Hostel Block 2,06-08,0.511,3515.86,False,False,February
ELEC001757,2024-02-02,weekday,Hostel Block 2,08-10,1.259,3517.12,False,False,February
ELEC001758,2024-02-02,weekday,Hostel Block 2,10-12,1.754,3518.87,False,False,February
ELEC001759,2024-02-02,weekday,Hostel Block 2,12-14,1.493,3520.36,False,False,February
ELEC001760,2024-02-02,weekday,Hostel Block 2,14-16,1.725,3522.09,False,False,February
ELEC001761,2024-02-02,weekday,Hostel Block 2,16-18,1.407,3523.5,False,False,February
ELEC001762,2024-02-02,weekday,Hostel Block 2,18-20,1.267,3524.77,False,False,February
ELEC001763,2024-02-02,weekday,Hostel Block 2,20-22,0.897,3525.67,False,False,February
ELEC001764,2024-02-02,weekday,Hostel Block 2,22-00,0.398,3526.07,False,False,February
ELEC001765,2024-02-02,weekday,Library,06-08,0.556,1841.02,False,False,February
ELEC001766,2024-02-02,weekday,Library,08-10,1.62,1842.64,False,False,February
ELEC001767,2024-02-02,weekday,Library,10-12,2.081,1844.72,False,False,February
ELEC001768,2024-02-02,weekday,Library,12-14,2.108,1846.83,False,False,February
ELEC001769,2024-02-02,weekday,Library,14-16,2.26,1849.09,False,False,February
ELEC001770,2024-02-02,weekday,Library,16-18,1.697,1850.79,False,False,February
ELEC001771,2024-02-02,weekday,Library,18-20,1.641,1852.43,False,False,February
ELEC001772,2024-02-02,weekday,Library,20-22,1.276,1853.71,False,False,February
ELEC001773,2024-02-02,weekday,Library,22-00,0.463,1854.17,False,False,February
ELEC001774,2024-02-02,weekday,Labs Complex,06-08,0.683,4634.82,False,False,February
ELEC001775,2024-02-02,weekday,Labs Complex,08-10,1.995,4636.81,False,False,February
ELEC001776,2024-02-02,weekday,Labs Complex,10-12,2.41,4639.22,False,False,February
ELEC001777,2024-02-02,weekday,Labs Complex,12-14,1.798,4641.02,False,False,February
ELEC001778,2024-02-02,weekday,Labs Complex,14-16,1.793,4642.81,False,False,February
ELEC001779,2024-02-02,weekday,Labs Complex,16-18,1.652,4644.46,False,False,February
ELEC001780,2024-02-02,weekday,Labs Complex,18-20,1.387,4645.85,False,False,February
ELEC001781,2024-02-02,weekday,Labs Complex,20-22,1.221,4647.07,False,False,February
ELEC001782,2024-02-02,weekday,Labs Complex,22-00,0.529,4647.6,False,False,February
ELEC001783,2024-02-03,saturday,Academic Block A,06-08,0.563,1927.83,False,False,February
ELEC001784,2024-02-03,saturday,Academic Block A,08-10,1.669,1929.5,False,False,February
ELEC001785,2024-02-03,saturday,Academic Block A,10-12,2.143,1931.64,False,False,February
ELEC001786,2024-02-03,saturday,Academic Block A,12-14,1.935,1933.58,False,False,February
ELEC001787,2024-02-03,saturday,Academic Block A,14-16,2.189,1935.77,False,False,February
ELEC001788,2024-02-03,saturday,Academic Block A,16-18,2.027,1937.8,False,False,February
ELEC001789,2024-02-03,saturday,Academic Block A,18-20,1.743,1939.54,False,False,February
ELEC001790,2024-02-03,saturday,Academic Block A,20-22,1.232,1940.77,False,False,February
ELEC001791,2024-02-03,saturday,Academic Block A,22-00,0.506,1941.28,False,False,February
ELEC001792,2024-02-03,saturday,Academic Block B,06-08,0.542,5419.55,False,False,February
ELEC001793,2024-02-03,saturday,Academic Block B,08-10,2.026,5421.58,False,False,February
ELEC001794,2024-02-03,saturday,Academic Block B,10-12,2.656,5424.24,False,False,February
ELEC001795,2024-02-03,saturday,Academic Block B,12-14,2.004,5426.24,False,False,February
ELEC001796,2024-02-03,saturday,Academic Block B,14-16,2.39,5428.63,False,False,February
ELEC001797,2024-02-03,saturday,Academic Block B,16-18,1.608,5430.24,False,False,February
ELEC001798,2024-02-03,saturday,Academic Block B,18-20,1.656,5431.9,False,False,February
ELEC001799,2024-02-03,saturday,Academic Block B,20-22,1.162,5433.06,False,False,February
ELEC001800,2024-02-03,saturday,Academic Block B,22-00,0.509,5433.57,False,False,February
ELEC001801,2024-02-03,saturday,Hostel Block 1,06-08,0.334,3779.81,False,False,February
ELEC001802,2024-02-03,saturday,Hostel Block 1,08-10,0.961,3780.77,False,False,February
ELEC001803,2024-02-03,saturday,Hostel Block 1,10-12,1.171,,False,False,February
ELEC001804,2024-02-03,saturday,Hostel Block 1,12-14,1.003,3782.94,False,False,February
ELEC001805,2024-02-03,saturday,Hostel Block 1,14-16,0.962,3783.9,False,False,February
ELEC001806,2024-02-03,saturday,Hostel Block 1,16-18,0.97,3784.87,False,False,February
ELEC001807,2024-02-03,saturday,Hostel Block 1,18-20,2.928093814368804,3787.8,False,True,February
ELEC001808,2024-02-03,saturday,Hostel Block 1,20-22,0.64,3788.44,False,False,February
ELEC001809,2024-02-03,saturday,Hostel Block 1,22-00,0.26,3788.7,False,False,February
ELEC001810,2024-02-03,saturday,Hostel Block 2,06-08,0.303,3526.37,False,False,February
ELEC001811,2024-02-03,saturday,Hostel Block 2,08-10,1.14,3527.51,False,False,February
ELEC001812,2024-02-03,saturday,Hostel Block 2,10-12,1.241,3528.75,False,False,February
ELEC001813,2024-02-03,saturday,Hostel Block 2,12-14,1.051,3529.8,False,False,February
ELEC001814,2024-02-03,saturday,Hostel Block 2,14-16,1.047,3530.85,False,False,February
ELEC001815,2024-02-03,saturday,Hostel Block 2,16-18,1.061,3531.91,False,False,February
ELEC001816,2024-02-03,saturday,Hostel Block 2,18-20,0.764,3532.67,False,False,February
ELEC001817,2024-02-03,saturday,Hostel Block 2,20-22,0.609,3533.28,False,False,February
ELEC001818,2024-02-03,saturday,Hostel Block 2,22-00,0.24,,False,False,February
ELEC001819,2024-02-03,saturday,Library,06-08,1.4118824771439826,1855.58,False,True,February
ELEC001820,2024-02-03,saturday,Library,08-10,1.077,1856.66,False,False,February
ELEC001821,2024-02-03,saturday,Library,10-12,5.2747901457728466,1861.93,False,True,February
ELEC001822,2024-02-03,saturday,Library,12-14,1.292,1863.22,False,False,February
ELEC001823,2024-02-03,saturday,Library,14-16,1.42,1864.64,False,False,February
ELEC001824,2024-02-03,saturday,Library,16-18,1.093,1865.73,False,False,February
ELEC001825,2024-02-03,saturday,Library,18-20,1.104,1866.83,False,False,February
ELEC001826,2024-02-03,saturday,Library,20-22,0.892,1867.72,False,False,February
ELEC001827,2024-02-03,saturday,Library,22-00,0.402,1868.12,False,False,February
ELEC001828,2024-02-03,saturday,Labs Complex,06-08,0.357,4647.96,False,False,February
ELEC001829,2024-02-03,saturday,Labs Complex,08-10,1.307,4649.27,False,False,February
ELEC001830,2024-02-03,saturday,Labs Complex,10-12,1.382,4650.65,False,False,February
ELEC001831,2024-02-03,saturday,Labs Complex,12-14,1.417,4652.07,False,False,February
ELEC001832,2024-02-03,saturday,Labs Complex,14-16,1.209,4653.28,False,False,February
ELEC001833,2024-02-03,saturday,Labs Complex,16-18,1.211,4654.49,False,False,February
ELEC001834,2024-02-03,saturday,Labs Complex,18-20,1.137,4655.63,False,False,February
ELEC001835,2024-02-03,saturday,Labs Complex,20-22,0.805,4656.44,False,False,February
ELEC001836,2024-02-03,saturday,Labs Complex,22-00,0.345,4656.78,False,False,February
ELEC001837,2024-02-04,weekend,Academic Block A,06-08,0.363,1941.64,False,False,February
ELEC001838,2024-02-04,weekend,Academic Block A,08-10,1.181,1942.82,False,False,February
ELEC001839,2024-02-04,weekend,Academic Block A,10-12,1.265,1944.09,False,False,February
ELEC001840,2024-02-04,weekend,Academic Block A,12-14,1.096,1945.19,False,False,February
ELEC001841,2024-02-04,weekend,Academic Block A,14-16,1.284,1946.47,False,False,February
ELEC001842,2024-02-04,weekend,Academic Block A,16-18,1.026,1947.5,False,False,February
ELEC001843,2024-02-04,weekend,Academic Block A,18-20,0.871,1948.37,False,False,February
ELEC001844,2024-02-04,weekend,Academic Block A,20-22,0.675,1949.04,False,False,February
ELEC001845,2024-02-04,weekend,Academic Block A,22-00,0.259,1949.3,False,False,February
ELEC001846,2024-02-04,weekend,Academic Block B,06-08,0.378,5433.95,False,False,February
ELEC001847,2024-02-04,weekend,Academic Block B,08-10,1.026,5434.98,False,False,February
ELEC001848,2024-02-04,weekend,Academic Block B,10-12,1.15,5436.13,False,False,February
ELEC001849,2024-02-04,weekend,Academic Block B,12-14,1.286,5437.42,False,False,February
ELEC001850,2024-02-04,weekend,Academic Block B,14-16,1.304,5438.72,False,False,February
ELEC001851,2024-02-04,weekend,Academic Block B,16-18,1.093,5439.81,False,False,February
ELEC001852,2024-02-04,weekend,Academic Block B,18-20,0.927,5440.74,False,False,February
ELEC001853,2024-02-04,weekend,Academic Block B,20-22,0.816,5441.56,False,False,February
ELEC001854,2024-02-04,weekend,Academic Block B,22-00,0.323,5441.88,False,False,February
ELEC001855,2024-02-04,weekend,Hostel Block 1,06-08,0.21,3788.91,False,False,February
ELEC001856,2024-02-04,weekend,Hostel Block 1,08-10,0.623,3789.53,False,False,February
ELEC001857,2024-02-04,weekend,Hostel Block 1,10-12,0.692,3790.22,False,False,February
ELEC001858,2024-02-04,weekend,Hostel Block 1,12-14,0.543,3790.76,False,False,February
ELEC001859,2024-02-04,weekend,Hostel Block 1,14-16,0.67,3791.43,False,False,February
ELEC001860,2024-02-04,weekend,Hostel Block 1,16-18,0.547,3791.98,False,False,February
ELEC001861,2024-02-04,weekend,Hostel Block 1,18-20,0.537,3792.52,False,False,February
ELEC001862,2024-02-04,weekend,Hostel Block 1,20-22,0.329,3792.85,False,False,February
ELEC001863,2024-02-04,weekend,Hostel Block 1,22-00,0.137,3792.99,False,False,February
ELEC001864,2024-02-04,weekend,Hostel Block 2,06-08,0.178,3533.7,False,False,February
ELEC001865,2024-02-04,weekend,Hostel Block 2,08-10,0.549,3534.25,False,False,February
ELEC001866,2024-02-04,weekend,Hostel Block 2,10-12,0.619,3534.87,False,False,February
ELEC001867,2024-02-04,weekend,Hostel Block 2,12-14,0.546,3535.42,False,False,February
ELEC001868,2024-02-04,weekend,Hostel Block 2,14-16,0.625,3536.05,False,False,February
ELEC001869,2024-02-04,weekend,Hostel Block 2,16-18,0.51,3536.56,False,False,February
ELEC001870,2024-02-04,weekend,Hostel Block 2,18-20,0.483,3537.04,False,False,February
ELEC001871,2024-02-04,weekend,Hostel Block 2,20-22,0.356,3537.4,False,False,February
ELEC001872,2024-02-04,weekend,Hostel Block 2,22-00,0.159,3537.56,False,False,February
ELEC001873,2024-02-04,weekend,Library,06-08,0.225,1868.34,False,False,February
ELEC001874,2024-02-04,weekend,Library,08-10,0.649,1868.99,False,False,February
ELEC001875,2024-02-04,weekend,Library,10-12,0.928,1869.92,False,False,February
ELEC001876,2024-02-04,weekend,Library,12-14,0.871,1870.79,False,False,February
ELEC001877,2024-02-04,weekend,Library,14-16,0.702,1871.49,False,False,February
ELEC001878,2024-02-04,weekend,Library,16-18,0.694,1872.18,False,False,February
ELEC001879,2024-02-04,weekend,Library,18-20,0.679,1872.86,False,False,February
ELEC001880,2024-02-04,weekend,Library,20-22,0.422,1873.28,False,False,February
ELEC001881,2024-02-04,weekend,Library,22-00,0.175,1873.45,False,False,February
ELEC001882,2024-02-04,weekend,Labs Complex,06-08,0.219,4657.0,False,False,February
ELEC001883,2024-02-04,weekend,Labs Complex,08-10,0.822,4657.82,False,False,February
ELEC001884,2024-02-04,weekend,Labs Complex,10-12,0.905,4658.72,False,False,February
ELEC001885,2024-02-04,weekend,Labs Complex,12-14,0.754,4659.47,False,False,February
ELEC001886,2024-02-04,weekend,Labs Complex,14-16,0.847,4660.32,False,False,February
ELEC001887,2024-02-04,weekend,Labs Complex,16-18,0.601,4660.92,False,False,February
ELEC001888,2024-02-04,weekend,Labs Complex,18-20,0.548,4661.47,False,False,February
ELEC001889,2024-02-04,weekend,Labs Complex,20-22,0.445,4661.91,False,False,February
ELEC001890,2024-02-04,weekend,Labs Complex,22-00,0.182,4662.09,False,False,February
ELEC001891,2024-02-05,weekday,Academic Block A,06-08,3.2006375542484595,1952.5,False,True,February
ELEC001892,2024-02-05,weekday,Academic Block A,08-10,2.517,1955.02,False,False,February
ELEC001893,2024-02-05,weekday,Academic Block A,10-12,3.609,1958.63,False,False,February
ELEC001894,2024-02-05,weekday,Academic Block A,12-14,2.86,1961.49,False,False,February
ELEC001895,2024-02-05,weekday,Academic Block A,14-16,3.281,1964.77,False,False,February
ELEC001896,2024-02-05,weekday,Academic Block A,16-18,2.283,1967.05,False,False,February
ELEC001897,2024-02-05,weekday,Academic Block A,18-20,2.303,1969.35,False,False,February
ELEC001898,2024-02-05,weekday,Academic Block A,20-22,2.028,1971.38,False,False,February
ELEC001899,2024-02-05,weekday,Academic Block A,22-00,0.858,1972.24,False,False,February
ELEC001900,2024-02-05,weekday,Academic Block B,06-08,0.882,5442.76,False,False,February
ELEC001901,2024-02-05,weekday,Academic Block B,08-10,2.543,5445.3,False,False,February
ELEC001902,2024-02-05,weekday,Academic Block B,10-12,3.687,5448.99,False,False,February
ELEC001903,2024-02-05,weekday,Academic Block B,12-14,2.503,5451.49,False,False,February
ELEC001904,2024-02-05,weekday,Academic Block B,14-16,3.2,5454.69,False,False,February
ELEC001905,2024-02-05,weekday,Academic Block B,16-18,2.558,5457.25,False,False,February
ELEC001906,2024-02-05,weekday,Academic Block B,18-20,2.086,5459.34,False,False,February
ELEC001907,2024-02-05,weekday,Academic Block B,20-22,1.772,5461.11,False,False,February
ELEC001908,2024-02-05,weekday,Academic Block B,22-00,0.756,5461.87,False,False,February
ELEC001909,2024-02-05,weekday,Hostel Block 1,06-08,0.414,3793.4,False,False,February
ELEC001910,2024-02-05,weekday,Hostel Block 1,08-10,1.53,3794.93,False,False,February
ELEC001911,2024-02-05,weekday,Hostel Block 1,10-12,1.562,3796.49,False,False,February
ELEC001912,2024-02-05,weekday,Hostel Block 1,12-14,1.674,3798.16,False,False,February
ELEC001913,2024-02-05,weekday,Hostel Block 1,14-16,1.699,3799.86,False,False,February
ELEC001914,2024-02-05,weekday,Hostel Block 1,16-18,1.414,3801.27,False,False,February
ELEC001915,2024-02-05,weekday,Hostel Block 1,18-20,1.11,3802.38,False,False,February
ELEC001916,2024-02-05,weekday,Hostel Block 1,20-22,0.937,3803.32,False,False,February
ELEC001917,2024-02-05,weekday,Hostel Block 1,22-00,0.441,3803.76,False,False,February
ELEC001918,2024-02-05,weekday,Hostel Block 2,06-08,0.532,3538.09,False,False,February
ELEC001919,2024-02-05,weekday,Hostel Block 2,08-10,1.524,3539.61,False,False,February
ELEC001920,2024-02-05,weekday,Hostel Block 2,10-12,1.81,3541.42,False,False,February
ELEC001921,2024-02-05,weekday,Hostel Block 2,12-14,1.407,3542.83,False,False,February
ELEC001922,2024-02-05,weekday,Hostel Block 2,14-16,1.799,3544.63,False,False,February
ELEC001923,2024-02-05,weekday,Hostel Block 2,16-18,1.377,3546.01,False,False,February
ELEC001924,2024-02-05,weekday,Hostel Block 2,18-20,1.345,3547.36,False,False,February
ELEC001925,2024-02-05,weekday,Hostel Block 2,20-22,1.089,3548.45,False,False,February
ELEC001926,2024-02-05,weekday,Hostel Block 2,22-00,0.456,3548.91,False,False,February
ELEC001927,2024-02-05,weekday,Library,06-08,0.564,1874.01,False,False,February
ELEC001928,2024-02-05,weekday,Library,08-10,1.824,1875.83,False,False,February
ELEC001929,2024-02-05,weekday,Library,10-12,2.194,1878.02,False,False,February
ELEC001930,2024-02-05,weekday,Library,12-14,1.626,1879.65,False,False,February
ELEC001931,2024-02-05,weekday,Library,14-16,1.929,1881.58,False,False,February
ELEC001932,2024-02-05,weekday,Library,16-18,1.561,1883.14,False,False,February
ELEC001933,2024-02-05,weekday,Library,18-20,1.551,1884.69,False,False,February
ELEC001934,2024-02-05,weekday,Library,20-22,1.229,1885.92,False,False,February
ELEC001935,2024-02-05,weekday,Library,22-00,0.526,1886.45,False,False,February
ELEC001936,2024-02-05,weekday,Labs Complex,06-08,0.555,4662.65,False,False,February
ELEC001937,2024-02-05,weekday,Labs Complex,08-10,1.698,4664.35,False,False,February
ELEC001938,2024-02-05,weekday,Labs Complex,10-12,1.929,4666.28,False,False,February
ELEC001939,2024-02-05,weekday,Labs Complex,12-14,2.17,4668.45,False,False,February
ELEC001940,2024-02-05,weekday,Labs Complex,14-16,2.235,4670.68,False,False,February
ELEC001941,2024-02-05,weekday,Labs Complex,16-18,1.485,4672.16,False,False,February
ELEC001942,2024-02-05,weekday,Labs Complex,18-20,1.545,4673.7,False,False,February
ELEC001943,2024-02-05,weekday,Labs Complex,20-22,1.198,4674.9,False,False,February
ELEC001944,2024-02-05,weekday,Labs Complex,22-00,0.505,4675.4,False,False,February
ELEC001945,2024-02-06,weekday,Academic Block A,06-08,0.836,1973.08,False,False,February
ELEC001946,2024-02-06,weekday,Academic Block A,08-10,2.854,1975.93,False,False,February
ELEC001947,2024-02-06,weekday,Academic Block A,10-12,3.297,1979.23,False,False,February
ELEC001948,2024-02-06,weekday,Academic Block A,12-14,3.094,1982.32,False,False,February
ELEC001949,2024-02-06,weekday,Academic Block A,14-16,3.146,1985.47,False,False,February
ELEC001950,2024-02-06,weekday,Academic Block A,16-18,2.808,1988.28,False,False,February
ELEC001951,2024-02-06,weekday,Academic Block A,18-20,2.494,1990.77,False,False,February
ELEC001952,2024-02-06,weekday,Academic Block A,20-22,1.857,1992.63,False,False,February
ELEC001953,2024-02-06,weekday,Academic Block A,22-00,0.691,1993.32,False,False,February
ELEC001954,2024-02-06,weekday,Academic Block B,06-08,0.834,5462.7,False,False,February
ELEC001955,2024-02-06,weekday,Academic Block B,08-10,2.956,5465.66,False,False,February
ELEC001956,2024-02-06,weekday,Academic Block B,10-12,3.428,5469.09,False,False,February
ELEC001957,2024-02-06,weekday,Academic Block B,12-14,2.751,5471.84,False,False,February
ELEC001958,2024-02-06,weekday,Academic Block B,14-16,2.859,5474.7,False,False,February
ELEC001959,2024-02-06,weekday,Academic Block B,16-18,2.346,5477.05,False,False,February
ELEC001960,2024-02-06,weekday,Academic Block B,18-20,2.186,5479.24,False,False,February
ELEC001961,2024-02-06,weekday,Academic Block B,20-22,1.739,5480.98,False,False,February
ELEC001962,2024-02-06,weekday,Academic Block B,22-00,0.648,5481.63,False,False,February
ELEC001963,2024-02-06,weekday,Hostel Block 1,06-08,0.527,3804.29,False,False,February
ELEC001964,2024-02-06,weekday,Hostel Block 1,08-10,1.638,3805.93,False,False,February
ELEC001965,2024-02-06,weekday,Hostel Block 1,10-12,1.562,3807.49,False,False,February
ELEC001966,2024-02-06,weekday,Hostel Block 1,12-14,1.744,3809.23,False,False,February
ELEC001967,2024-02-06,weekday,Hostel Block 1,14-16,1.621,3810.85,False,False,February
ELEC001968,2024-02-06,weekday,Hostel Block 1,16-18,1.264,3812.11,False,False,February
ELEC001969,2024-02-06,weekday,Hostel Block 1,18-20,1.292,3813.4,False,False,February
ELEC001970,2024-02-06,weekday,Hostel Block 1,20-22,1.071,3814.47,False,False,February
ELEC001971,2024-02-06,weekday,Hostel Block 1,22-00,0.414,3814.88,False,False,February
ELEC001972,2024-02-06,weekday,Hostel Block 2,06-08,0.545,3549.45,False,False,February
ELEC001973,2024-02-06,weekday,Hostel Block 2,08-10,1.478,3550.93,False,False,February
ELEC001974,2024-02-06,weekday,Hostel Block 2,10-12,1.568,3552.5,False,False,February
ELEC001975,2024-02-06,weekday,Hostel Block 2,12-14,1.483,3553.98,False,False,February
ELEC001976,2024-02-06,weekday,Hostel Block 2,14-16,1.406,3555.39,False,False,February
ELEC001977,2024-02-06,weekday,Hostel Block 2,16-18,1.434,3556.82,False,False,February
ELEC001978,2024-02-06,weekday,Hostel Block 2,18-20,1.29,3558.11,False,False,February
ELEC001979,2024-02-06,weekday,Hostel Block 2,20-22,0.936,3559.05,False,False,February
ELEC001980,2024-02-06,weekday,Hostel Block 2,22-00,0.369,3559.42,False,False,February
ELEC001981,2024-02-06,weekday,Library,06-08,0.545,1887.0,False,False,February
ELEC001982,2024-02-06,weekday,Library,08-10,1.758,1888.76,False,False,February
ELEC001983,2024-02-06,weekday,Library,10-12,2.1,1890.86,False,False,February
ELEC001984,2024-02-06,weekday,Library,12-14,2.162,1893.02,False,False,February
ELEC001985,2024-02-06,weekday,Library,14-16,1.968,1894.99,False,False,February
ELEC001986,2024-02-06,weekday,Library,16-18,1.738,1896.73,False,False,February
ELEC001987,2024-02-06,weekday,Library,18-20,1.62,1898.35,False,False,February
ELEC001988,2024-02-06,weekday,Library,20-22,1.291,1899.64,False,False,February
ELEC001989,2024-02-06,weekday,Library,22-00,0.498,1900.14,False,False,February
ELEC001990,2024-02-06,weekday,Labs Complex,06-08,0.595,4675.99,False,False,February
ELEC001991,2024-02-06,weekday,Labs Complex,08-10,1.572,4677.56,False,False,February
ELEC001992,2024-02-06,weekday,Labs Complex,10-12,2.303,4679.86,False,False,February
ELEC001993,2024-02-06,weekday,Labs Complex,12-14,2.016,4681.88,False,False,February
ELEC001994,2024-02-06,weekday,Labs Complex,14-16,1.775,4683.65,False,False,February
ELEC001995,2024-02-06,weekday,Labs Complex,16-18,1.9,4685.55,False,False,February
ELEC001996,2024-02-06,weekday,Labs Complex,18-20,1.477,4687.03,False,False,February
ELEC001997,2024-02-06,weekday,Labs Complex,20-22,1.115,4688.14,False,False,February
ELEC001998,2024-02-06,weekday,Labs Complex,22-00,0.456,4688.6,False,False,February
ELEC001999,2024-02-07,weekday,Academic Block A,06-08,0.873,1994.19,False,False,February
ELEC002000,2024-02-07,weekday,Academic Block A,08-10,2.99,1997.18,False,False,February
ELEC002001,2024-02-07,weekday,Academic Block A,10-12,3.485,2000.66,False,False,February
ELEC002002,2024-02-07,weekday,Academic Block A,12-14,2.616,2003.28,False,False,February
ELEC002003,2024-02-07,weekday,Academic Block A,14-16,2.821,2006.1,False,False,February
ELEC002004,2024-02-07,weekday,Academic Block A,16-18,2.308,2008.41,False,False,February
ELEC002005,2024-02-07,weekday,Academic Block A,18-20,2.066,2010.48,False,False,February
ELEC002006,2024-02-07,weekday,Academic Block A,20-22,1.566,2012.05,False,False,February
ELEC002007,2024-02-07,weekday,Academic Block A,22-00,0.762,2012.81,False,False,February
ELEC002008,2024-02-07,weekday,Academic Block B,06-08,0.906,5482.54,False,False,February
ELEC002009,2024-02-07,weekday,Academic Block B,08-10,2.629,5485.17,False,False,February
ELEC002010,2024-02-07,weekday,Academic Block B,10-12,2.842,5488.01,False,False,February
ELEC002011,2024-02-07,weekday,Academic Block B,12-14,3.186,5491.2,False,False,February
ELEC002012,2024-02-07,weekday,Academic Block B,14-16,2.664,5493.86,False,False,February
ELEC002013,2024-02-07,weekday,Academic Block B,16-18,2.919,5496.78,False,False,February
ELEC002014,2024-02-07,weekday,Academic Block B,18-20,2.162,5498.94,False,False,February
ELEC002015,2024-02-07,weekday,Academic Block B,20-22,1.777,,False,False,February
ELEC002016,2024-02-07,weekday,Academic Block B,22-00,0.678,5501.39,False,False,February
ELEC002017,2024-02-07,weekday,Hostel Block 1,06-08,0.415,3815.3,False,False,February
ELEC002018,2024-02-07,weekday,Hostel Block 1,08-10,1.369,3816.67,False,False,February
ELEC002019,2024-02-07,weekday,Hostel Block 1,10-12,1.638,3818.31,False,False,February
ELEC002020,2024-02-07,weekday,Hostel Block 1,12-14,1.374,3819.68,False,False,February
ELEC002021,2024-02-07,weekday,Hostel Block 1,14-16,1.365,3821.04,False,False,February
ELEC002022,2024-02-07,weekday,Hostel Block 1,16-18,1.242,3822.28,False,False,February
ELEC002023,2024-02-07,weekday,Hostel Block 1,18-20,1.08,3823.36,False,False,February
ELEC002024,2024-02-07,weekday,Hostel Block 1,20-22,0.957,3824.32,False,False,February
ELEC002025,2024-02-07,weekday,Hostel Block 1,22-00,0.433,3824.75,False,False,February
ELEC002026,2024-02-07,weekday,Hostel Block 2,06-08,0.42,3559.84,False,False,February
ELEC002027,2024-02-07,weekday,Hostel Block 2,08-10,1.617,3561.46,False,False,February
ELEC002028,2024-02-07,weekday,Hostel Block 2,10-12,1.682,3563.14,False,False,February
ELEC002029,2024-02-07,weekday,Hostel Block 2,12-14,1.5,3564.64,False,False,February
ELEC002030,2024-02-07,weekday,Hostel Block 2,14-16,1.479,3566.12,False,False,February
ELEC002031,2024-02-07,weekday,Hostel Block 2,16-18,1.402,3567.52,False,False,February
ELEC002032,2024-02-07,weekday,Hostel Block 2,18-20,1.073,3568.59,False,False,February
ELEC002033,2024-02-07,weekday,Hostel Block 2,20-22,1.022,3569.61,False,False,February
ELEC002034,2024-02-07,weekday,Hostel Block 2,22-00,0.388,3570.0,False,False,February
ELEC002035,2024-02-07,weekday,Library,06-08,0.543,1900.68,False,False,February
ELEC002036,2024-02-07,weekday,Library,08-10,1.611,1902.29,False,False,February
ELEC002037,2024-02-07,weekday,Library,10-12,2.36,1904.65,False,False,February
ELEC002038,2024-02-07,weekday,Library,12-14,1.972,1906.62,False,False,February
ELEC002039,2024-02-07,weekday,Library,14-16,2.271,1908.89,False,False,February
ELEC002040,2024-02-07,weekday,Library,16-18,1.735,1910.62,False,False,February
ELEC002041,2024-02-07,weekday,Library,18-20,4.82216749140574,1915.44,False,True,February
ELEC002042,2024-02-07,weekday,Library,20-22,1.02,1916.46,False,False,February
ELEC002043,2024-02-07,weekday,Library,22-00,0.469,1916.93,False,False,February
ELEC002044,2024-02-07,weekday,Labs Complex,06-08,0.669,4689.27,False,False,February
ELEC002045,2024-02-07,weekday,Labs Complex,08-10,5.325442592882454,4694.6,False,True,February
ELEC002046,2024-02-07,weekday,Labs Complex,10-12,2.14,4696.74,False,False,February
ELEC002047,2024-02-07,weekday,Labs Complex,12-14,1.644,4698.38,False,False,February
ELEC002048,2024-02-07,weekday,Labs Complex,14-16,2.055,4700.44,False,False,February
ELEC002049,2024-02-07,weekday,Labs Complex,16-18,1.656,4702.1,False,False,February
ELEC002050,2024-02-07,weekday,Labs Complex,18-20,1.378,4703.48,False,False,February
ELEC002051,2024-02-07,weekday,Labs Complex,20-22,1.242,4704.72,False,False,February
ELEC002052,2024-02-07,weekday,Labs Complex,22-00,2.01565468146552,4706.74,False,True,February
ELEC002053,2024-02-08,weekday,Academic Block A,06-08,1.0,2013.81,False,False,February
ELEC002054,2024-02-08,weekday,Academic Block A,08-10,2.837,2016.65,False,False,February
ELEC002055,2024-02-08,weekday,Academic Block A,10-12,2.9,2019.55,False,False,February
ELEC002056,2024-02-08,weekday,Academic Block A,12-14,2.615,2022.16,False,False,February
ELEC002057,2024-02-08,weekday,Academic Block A,14-16,2.718,2024.88,False,False,February
ELEC002058,2024-02-08,weekday,Academic Block A,16-18,2.672,2027.55,False,False,February
ELEC002059,2024-02-08,weekday,Academic Block A,18-20,2.397,2029.95,False,False,February
ELEC002060,2024-02-08,weekday,Academic Block A,20-22,1.704,2031.65,False,False,February
ELEC002061,2024-02-08,weekday,Academic Block A,22-00,0.667,2032.32,False,False,February
ELEC002062,2024-02-08,weekday,Academic Block B,06-08,1.008,5502.4,False,False,February
ELEC002063,2024-02-08,weekday,Academic Block B,08-10,2.517,5504.92,False,False,February
ELEC002064,2024-02-08,weekday,Academic Block B,10-12,2.883,5507.8,False,False,February
ELEC002065,2024-02-08,weekday,Academic Block B,12-14,3.237,5511.04,False,False,February
ELEC002066,2024-02-08,weekday,Academic Block B,14-16,3.136,5514.18,False,False,February
ELEC002067,2024-02-08,weekday,Academic Block B,16-18,2.469,5516.65,False,False,February
ELEC002068,2024-02-08,weekday,Academic Block B,18-20,2.109,5518.76,False,False,February
ELEC002069,2024-02-08,weekday,Academic Block B,20-22,1.849,5520.61,False,False,February
ELEC002070,2024-02-08,weekday,Academic Block B,22-00,0.785,5521.39,False,False,February
ELEC002071,2024-02-08,weekday,Hostel Block 1,06-08,0.501,3825.25,False,False,February
ELEC002072,2024-02-08,weekday,Hostel Block 1,08-10,1.309,3826.56,False,False,February
ELEC002073,2024-02-08,weekday,Hostel Block 1,10-12,1.986,3828.55,False,False,February
ELEC002074,2024-02-08,weekday,Hostel Block 1,12-14,1.635,3830.19,False,False,February
ELEC002075,2024-02-08,weekday,Hostel Block 1,14-16,1.49,3831.68,False,False,February
ELEC002076,2024-02-08,weekday,Hostel Block 1,16-18,1.46,3833.14,False,False,February
ELEC002077,2024-02-08,weekday,Hostel Block 1,18-20,1.039,3834.18,False,False,February
ELEC002078,2024-02-08,weekday,Hostel Block 1,20-22,1.052,3835.23,False,False,February
ELEC002079,2024-02-08,weekday,Hostel Block 1,22-00,0.38,3835.61,False,False,February
ELEC002080,2024-02-08,weekday,Hostel Block 2,06-08,0.442,3570.44,False,False,February
ELEC002081,2024-02-08,weekday,Hostel Block 2,08-10,1.388,3571.83,False,False,February
ELEC002082,2024-02-08,weekday,Hostel Block 2,10-12,1.609,3573.44,False,False,February
ELEC002083,2024-02-08,weekday,Hostel Block 2,12-14,1.36,3574.8,False,False,February
ELEC002084,2024-02-08,weekday,Hostel Block 2,14-16,1.732,3576.53,False,False,February
ELEC002085,2024-02-08,weekday,Hostel Block 2,16-18,1.49,3578.02,False,False,February
ELEC002086,2024-02-08,weekday,Hostel Block 2,18-20,1.052,3579.07,False,False,February
ELEC002087,2024-02-08,weekday,Hostel Block 2,20-22,0.917,3579.99,False,False,February
ELEC002088,2024-02-08,weekday,Hostel Block 2,22-00,0.397,3580.39,False,False,February
ELEC002089,2024-02-08,weekday,Library,06-08,0.512,1917.44,False,False,February
ELEC002090,2024-02-08,weekday,Library,08-10,1.781,1919.22,False,False,February
ELEC002091,2024-02-08,weekday,Library,10-12,2.375,,False,False,February
ELEC002092,2024-02-08,weekday,Library,12-14,1.689,1923.28,False,False,February
ELEC002093,2024-02-08,weekday,Library,14-16,2.079,1925.36,False,False,February
ELEC002094,2024-02-08,weekday,Library,16-18,1.519,1926.88,False,False,February
ELEC002095,2024-02-08,weekday,Library,18-20,1.625,1928.51,False,False,February
ELEC002096,2024-02-08,weekday,Library,20-22,1.293,1929.8,False,False,February
ELEC002097,2024-02-08,weekday,Library,22-00,0.464,1930.26,False,False,February
ELEC002098,2024-02-08,weekday,Labs Complex,06-08,0.53,4707.27,False,False,February
ELEC002099,2024-02-08,weekday,Labs Complex,08-10,1.765,4709.04,False,False,February
ELEC002100,2024-02-08,weekday,Labs Complex,10-12,2.104,4711.14,False,False,February
ELEC002101,2024-02-08,weekday,Labs Complex,12-14,1.863,4713.0,False,False,February
ELEC002102,2024-02-08,weekday,Labs Complex,14-16,1.701,4714.7,False,False,February
ELEC002103,2024-02-08,weekday,Labs Complex,16-18,1.561,4716.26,False,False,February
ELEC002104,2024-02-08,weekday,Labs Complex,18-20,1.331,,False,False,February
ELEC002105,2024-02-08,weekday,Labs Complex,20-22,1.094,4718.69,False,False,February
ELEC002106,2024-02-08,weekday,Labs Complex,22-00,0.477,4719.17,False,False,February
ELEC002107,2024-02-09,weekday,Academic Block A,06-08,0.808,2033.13,False,False,February
ELEC002108,2024-02-09,weekday,Academic Block A,08-10,2.865,2036.0,False,False,February
ELEC002109,2024-02-09,weekday,Academic Block A,10-12,3.152,2039.15,False,False,February
ELEC002110,2024-02-09,weekday,Academic Block A,12-14,2.528,2041.68,False,False,February
ELEC002111,2024-02-09,weekday,Academic Block A,14-16,3.374,2045.05,False,False,February
ELEC002112,2024-02-09,weekday,Academic Block A,16-18,2.372,2047.42,False,False,February
ELEC002113,2024-02-09,weekday,Academic Block A,18-20,2.203,2049.62,False,False,February
ELEC002114,2024-02-09,weekday,Academic Block A,20-22,1.63,2051.25,False,False,February
ELEC002115,2024-02-09,weekday,Academic Block A,22-00,0.681,2051.93,False,False,February
ELEC002116,2024-02-09,weekday,Academic Block B,06-08,0.96,5522.35,False,False,February
ELEC002117,2024-02-09,weekday,Academic Block B,08-10,2.714,5525.06,False,False,February
ELEC002118,2024-02-09,weekday,Academic Block B,10-12,3.535,5528.6,False,False,February
ELEC002119,2024-02-09,weekday,Academic Block B,12-14,2.628,5531.23,False,False,February
ELEC002120,2024-02-09,weekday,Academic Block B,14-16,2.878,5534.11,False,False,February
ELEC002121,2024-02-09,weekday,Academic Block B,16-18,2.561,5536.67,False,False,February
ELEC002122,2024-02-09,weekday,Academic Block B,18-20,2.192,5538.86,False,False,February
ELEC002123,2024-02-09,weekday,Academic Block B,20-22,1.667,5540.53,False,False,February
ELEC002124,2024-02-09,weekday,Academic Block B,22-00,0.733,5541.26,False,False,February
ELEC002125,2024-02-09,weekday,Hostel Block 1,06-08,0.51,3836.12,False,False,February
ELEC002126,2024-02-09,weekday,Hostel Block 1,08-10,1.252,3837.37,False,False,February
ELEC002127,2024-02-09,weekday,Hostel Block 1,10-12,1.612,3838.98,False,False,February
ELEC002128,2024-02-09,weekday,Hostel Block 1,12-14,1.477,3840.46,False,False,February
ELEC002129,2024-02-09,weekday,Hostel Block 1,14-16,1.81,3842.27,False,False,February
ELEC002130,2024-02-09,weekday,Hostel Block 1,16-18,1.293,3843.56,False,False,February
ELEC002131,2024-02-09,weekday,Hostel Block 1,18-20,1.075,3844.63,False,False,February
ELEC002132,2024-02-09,weekday,Hostel Block 1,20-22,1.099,3845.73,False,False,February
ELEC002133,2024-02-09,weekday,Hostel Block 1,22-00,0.434,3846.16,False,False,February
ELEC002134,2024-02-09,weekday,Hostel Block 2,06-08,0.532,3580.92,False,False,February
ELEC002135,2024-02-09,weekday,Hostel Block 2,08-10,1.62,3582.54,False,False,February
ELEC002136,2024-02-09,weekday,Hostel Block 2,10-12,1.562,3584.1,False,False,February
ELEC002137,2024-02-09,weekday,Hostel Block 2,12-14,1.706,3585.81,False,False,February
ELEC002138,2024-02-09,weekday,Hostel Block 2,14-16,1.449,3587.26,False,False,February
ELEC002139,2024-02-09,weekday,Hostel Block 2,16-18,1.202,3588.46,False,False,February
ELEC002140,2024-02-09,weekday,Hostel Block 2,18-20,1.332,3589.79,False,False,February
ELEC002141,2024-02-09,weekday,Hostel Block 2,20-22,1.073,3590.86,False,False,February
ELEC002142,2024-02-09,weekday,Hostel Block 2,22-00,0.429,3591.29,False,False,February
ELEC002143,2024-02-09,weekday,Library,06-08,0.521,1930.78,False,False,February
ELEC002144,2024-02-09,weekday,Library,08-10,1.957,1932.74,False,False,February
ELEC002145,2024-02-09,weekday,Library,10-12,1.97,1934.71,False,False,February
ELEC002146,2024-02-09,weekday,Library,12-14,2.117,1936.83,False,False,February
ELEC002147,2024-02-09,weekday,Library,14-16,2.117,1938.95,False,False,February
ELEC002148,2024-02-09,weekday,Library,16-18,1.513,1940.46,False,False,February
ELEC002149,2024-02-09,weekday,Library,18-20,1.353,1941.81,False,False,February
ELEC002150,2024-02-09,weekday,Library,20-22,1.274,1943.08,False,False,February
ELEC002151,2024-02-09,weekday,Library,22-00,0.427,1943.51,False,False,February
ELEC002152,2024-02-09,weekday,Labs Complex,06-08,0.618,4719.79,False,False,February
ELEC002153,2024-02-09,weekday,Labs Complex,08-10,1.595,4721.39,False,False,February
ELEC002154,2024-02-09,weekday,Labs Complex,10-12,2.243,4723.63,False,False,February
ELEC002155,2024-02-09,weekday,Labs Complex,12-14,1.777,4725.41,False,False,February
ELEC002156,2024-02-09,weekday,Labs Complex,14-16,2.209,4727.62,False,False,February
ELEC002157,2024-02-09,weekday,Labs Complex,16-18,1.542,4729.16,False,False,February
ELEC002158,2024-02-09,weekday,Labs Complex,18-20,1.422,4730.58,False,False,February
ELEC002159,2024-02-09,weekday,Labs Complex,20-22,1.168,4731.75,False,False,February
ELEC002160,2024-02-09,weekday,Labs Complex,22-00,0.543,4732.29,False,False,February
ELEC002161,2024-02-10,saturday,Academic Block A,06-08,0.705,2052.63,False,False,February
ELEC002162,2024-02-10,saturday,Academic Block A,08-10,1.676,2054.31,False,False,February
ELEC002163,2024-02-10,saturday,Academic Block A,10-12,2.092,2056.4,False,False,February
ELEC002164,2024-02-10,saturday,Academic Block A,12-14,2.125,2058.53,False,False,February
ELEC002165,2024-02-10,saturday,Academic Block A,14-16,1.994,2060.52,False,False,February
ELEC002166,2024-02-10,saturday,Academic Block A,16-18,1.902,2062.42,False,False,February
ELEC002167,2024-02-10,saturday,Academic Block A,18-20,1.424,2063.84,False,False,February
ELEC002168,2024-02-10,saturday,Academic Block A,20-22,1.089,2064.93,False,False,February
ELEC002169,2024-02-10,saturday,Academic Block A,22-00,0.57,2065.5,False,False,February
ELEC002170,2024-02-10,saturday,Academic Block B,06-08,0.662,5541.92,False,False,February
ELEC002171,2024-02-10,saturday,Academic Block B,08-10,1.681,5543.6,False,False,February
ELEC002172,2024-02-10,saturday,Academic Block B,10-12,2.65,5546.25,False,False,February
ELEC002173,2024-02-10,saturday,Academic Block B,12-14,1.993,5548.24,False,False,February
ELEC002174,2024-02-10,saturday,Academic Block B,14-16,2.32,5550.56,False,False,February
ELEC002175,2024-02-10,saturday,Academic Block B,16-18,1.878,5552.44,False,False,February
ELEC002176,2024-02-10,saturday,Academic Block B,18-20,1.807,5554.25,False,False,February
ELEC002177,2024-02-10,saturday,Academic Block B,20-22,1.407,,False,False,February
ELEC002178,2024-02-10,saturday,Academic Block B,22-00,0.55,5556.21,False,False,February
ELEC002179,2024-02-10,saturday,Hostel Block 1,06-08,0.353,3846.51,False,False,February
ELEC002180,2024-02-10,saturday,Hostel Block 1,08-10,1.065,3847.58,False,False,February
ELEC002181,2024-02-10,saturday,Hostel Block 1,10-12,1.322,3848.9,False,False,February
ELEC002182,2024-02-10,saturday,Hostel Block 1,12-14,1.087,3849.99,False,False,February
ELEC002183,2024-02-10,saturday,Hostel Block 1,14-16,1.236,3851.23,False,False,February
ELEC002184,2024-02-10,saturday,Hostel Block 1,16-18,1.059,3852.29,False,False,February
ELEC002185,2024-02-10,saturday,Hostel Block 1,18-20,0.93,3853.22,False,False,February
ELEC002186,2024-02-10,saturday,Hostel Block 1,20-22,0.604,3853.82,False,False,February
ELEC002187,2024-02-10,saturday,Hostel Block 1,22-00,0.31,3854.13,False,False,February
ELEC002188,2024-02-10,saturday,Hostel Block 2,06-08,0.359,3591.65,False,False,February
ELEC002189,2024-02-10,saturday,Hostel Block 2,08-10,0.926,3592.58,False,False,February
ELEC002190,2024-02-10,saturday,Hostel Block 2,10-12,1.178,3593.76,False,False,February
ELEC002191,2024-02-10,saturday,Hostel Block 2,12-14,1.174,3594.93,False,False,February
ELEC002192,2024-02-10,saturday,Hostel Block 2,14-16,1.162,3596.09,False,False,February
ELEC002193,2024-02-10,saturday,Hostel Block 2,16-18,1.083,3597.17,False,False,February
ELEC002194,2024-02-10,saturday,Hostel Block 2,18-20,0.717,3597.89,False,False,February
ELEC002195,2024-02-10,saturday,Hostel Block 2,20-22,0.602,3598.49,False,False,February
ELEC002196,2024-02-10,saturday,Hostel Block 2,22-00,0.247,3598.74,False,False,February
ELEC002197,2024-02-10,saturday,Library,06-08,0.469,1943.98,False,False,February
ELEC002198,2024-02-10,saturday,Library,08-10,1.341,1945.32,False,False,February
ELEC002199,2024-02-10,saturday,Library,10-12,1.408,1946.73,False,False,February
ELEC002200,2024-02-10,saturday,Library,12-14,1.231,1947.96,False,False,February
ELEC002201,2024-02-10,saturday,Library,14-16,1.24,1949.2,False,False,February
ELEC002202,2024-02-10,saturday,Library,16-18,1.024,1950.22,False,False,February
ELEC002203,2024-02-10,saturday,Library,18-20,3.0575905849055287,1953.28,False,True,February
ELEC002204,2024-02-10,saturday,Library,20-22,0.783,1954.06,False,False,February
ELEC002205,2024-02-10,saturday,Library,22-00,0.378,1954.44,False,False,February
ELEC002206,2024-02-10,saturday,Labs Complex,06-08,0.357,4732.65,False,False,February
ELEC002207,2024-02-10,saturday,Labs Complex,08-10,1.395,4734.05,False,False,February
ELEC002208,2024-02-10,saturday,Labs Complex,10-12,1.41,4735.46,False,False,February
ELEC002209,2024-02-10,saturday,Labs Complex,12-14,1.161,4736.62,False,False,February
ELEC002210,2024-02-10,saturday,Labs Complex,14-16,1.382,4738.0,False,False,February
ELEC002211,2024-02-10,saturday,Labs Complex,16-18,1.336,4739.34,False,False,February
ELEC002212,2024-02-10,saturday,Labs Complex,18-20,0.937,4740.28,False,False,February
ELEC002213,2024-02-10,saturday,Labs Complex,20-22,0.922,4741.2,False,False,February
ELEC002214,2024-02-10,saturday,Labs Complex,22-00,0.305,4741.51,False,False,February
ELEC002215,2024-02-11,weekend,Academic Block A,06-08,0.343,2065.84,False,False,February
ELEC002216,2024-02-11,weekend,Academic Block A,08-10,1.132,2066.97,False,False,February
ELEC002217,2024-02-11,weekend,Academic Block A,10-12,1.232,2068.2,False,False,February
ELEC002218,2024-02-11,weekend,Academic Block A,12-14,1.155,2069.36,False,False,February
ELEC002219,2024-02-11,weekend,Academic Block A,14-16,1.349,2070.71,False,False,February
ELEC002220,2024-02-11,weekend,Academic Block A,16-18,1.11,,False,False,February
ELEC002221,2024-02-11,weekend,Academic Block A,18-20,1.021,2072.84,False,False,February
ELEC002222,2024-02-11,weekend,Academic Block A,20-22,0.619,2073.46,False,False,February
ELEC002223,2024-02-11,weekend,Academic Block A,22-00,0.278,2073.74,False,False,February
ELEC002224,2024-02-11,weekend,Academic Block B,06-08,0.355,5556.56,False,False,February
ELEC002225,2024-02-11,weekend,Academic Block B,08-10,1.193,,False,False,February
ELEC002226,2024-02-11,weekend,Academic Block B,10-12,1.315,5559.07,False,False,February
ELEC002227,2024-02-11,weekend,Academic Block B,12-14,1.138,5560.21,False,False,February
ELEC002228,2024-02-11,weekend,Academic Block B,14-16,1.116,5561.33,False,False,February
ELEC002229,2024-02-11,weekend,Academic Block B,16-18,1.053,5562.38,False,False,February
ELEC002230,2024-02-11,weekend,Academic Block B,18-20,0.769,5563.15,False,False,February
ELEC002231,2024-02-11,weekend,Academic Block B,20-22,0.619,5563.77,False,False,February
ELEC002232,2024-02-11,weekend,Academic Block B,22-00,0.28,5564.05,False,False,February
ELEC002233,2024-02-11,weekend,Hostel Block 1,06-08,0.212,3854.34,False,False,February
ELEC002234,2024-02-11,weekend,Hostel Block 1,08-10,0.524,3854.86,False,False,February
ELEC002235,2024-02-11,weekend,Hostel Block 1,10-12,0.601,3855.46,False,False,February
ELEC002236,2024-02-11,weekend,Hostel Block 1,12-14,0.65,3856.11,False,False,February
ELEC002237,2024-02-11,weekend,Hostel Block 1,14-16,0.591,,False,False,February
ELEC002238,2024-02-11,weekend,Hostel Block 1,16-18,0.586,3857.29,False,False,February
ELEC002239,2024-02-11,weekend,Hostel Block 1,18-20,0.466,3857.76,False,False,February
ELEC002240,2024-02-11,weekend,Hostel Block 1,20-22,0.407,3858.17,False,False,February
ELEC002241,2024-02-11,weekend,Hostel Block 1,22-00,0.182,3858.35,False,False,February
ELEC002242,2024-02-11,weekend,Hostel Block 2,06-08,0.167,3598.91,False,False,February
ELEC002243,2024-02-11,weekend,Hostel Block 2,08-10,0.503,3599.41,False,False,February
ELEC002244,2024-02-11,weekend,Hostel Block 2,10-12,0.803,3600.21,False,False,February
ELEC002245,2024-02-11,weekend,Hostel Block 2,12-14,0.562,3600.77,False,False,February
ELEC002246,2024-02-11,weekend,Hostel Block 2,14-16,0.564,3601.33,False,False,February
ELEC002247,2024-02-11,weekend,Hostel Block 2,16-18,0.585,3601.91,False,False,February
ELEC002248,2024-02-11,weekend,Hostel Block 2,18-20,0.504,3602.41,False,False,February
ELEC002249,2024-02-11,weekend,Hostel Block 2,20-22,0.374,3602.78,False,False,February
ELEC002250,2024-02-11,weekend,Hostel Block 2,22-00,0.153,3602.93,False,False,February
ELEC002251,2024-02-11,weekend,Library,06-08,0.223,1954.66,False,False,February
ELEC002252,2024-02-11,weekend,Library,08-10,0.774,1955.43,False,False,February
ELEC002253,2024-02-11,weekend,Library,10-12,0.815,1956.25,False,False,February
ELEC002254,2024-02-11,weekend,Library,12-14,0.745,1956.99,False,False,February
ELEC002255,2024-02-11,weekend,Library,14-16,0.74,1957.73,False,False,February
ELEC002256,2024-02-11,weekend,Library,16-18,0.659,1958.39,False,False,February
ELEC002257,2024-02-11,weekend,Library,18-20,0.536,1958.93,False,False,February
ELEC002258,2024-02-11,weekend,Library,20-22,0.492,1959.42,False,False,February
ELEC002259,2024-02-11,weekend,Library,22-00,0.226,1959.65,False,False,February
ELEC002260,2024-02-11,weekend,Labs Complex,06-08,0.249,4741.76,False,False,February
ELEC002261,2024-02-11,weekend,Labs Complex,08-10,0.631,4742.39,False,False,February
ELEC002262,2024-02-11,weekend,Labs Complex,10-12,0.919,4743.31,False,False,February
ELEC002263,2024-02-11,weekend,Labs Complex,12-14,0.778,4744.09,False,False,February
ELEC002264,2024-02-11,weekend,Labs Complex,14-16,0.902,4744.99,False,False,February
ELEC002265,2024-02-11,weekend,Labs Complex,16-18,0.607,4745.6,False,False,February
ELEC002266,2024-02-11,weekend,Labs Complex,18-20,0.596,4746.2,False,False,February
ELEC002267,2024-02-11,weekend,Labs Complex,20-22,0.436,4746.64,False,False,February
ELEC002268,2024-02-11,weekend,Labs Complex,22-00,0.189,4746.83,False,False,February
ELEC002269,2024-02-12,weekday,Academic Block A,06-08,0.956,2074.7,False,False,February
ELEC002270,2024-02-12,weekday,Academic Block A,08-10,3.043,2077.74,False,False,February
ELEC002271,2024-02-12,weekday,Academic Block A,10-12,3.082,2080.82,False,False,February
ELEC002272,2024-02-12,weekday,Academic Block A,12-14,2.877,2083.7,False,False,February
ELEC002273,2024-02-12,weekday,Academic Block A,14-16,3.232,2086.93,False,False,February
ELEC002274,2024-02-12,weekday,Academic Block A,16-18,2.542,2089.47,False,False,February
ELEC002275,2024-02-12,weekday,Academic Block A,18-20,2.48,2091.95,False,False,February
ELEC002276,2024-02-12,weekday,Academic Block A,20-22,1.917,2093.87,False,False,February
ELEC002277,2024-02-12,weekday,Academic Block A,22-00,0.648,2094.52,False,False,February
ELEC002278,2024-02-12,weekday,Academic Block B,06-08,0.815,5564.86,False,False,February
ELEC002279,2024-02-12,weekday,Academic Block B,08-10,2.299,5567.16,False,False,February
ELEC002280,2024-02-12,weekday,Academic Block B,10-12,3.452,5570.61,False,False,February
ELEC002281,2024-02-12,weekday,Academic Block B,12-14,2.874,5573.48,False,False,February
ELEC002282,2024-02-12,weekday,Academic Block B,14-16,2.848,5576.33,False,False,February
ELEC002283,2024-02-12,weekday,Academic Block B,16-18,2.284,5578.61,False,False,February
ELEC002284,2024-02-12,weekday,Academic Block B,18-20,2.203,5580.81,False,False,February
ELEC002285,2024-02-12,weekday,Academic Block B,20-22,1.776,5582.59,False,False,February
ELEC002286,2024-02-12,weekday,Academic Block B,22-00,0.851,5583.44,False,False,February
ELEC002287,2024-02-12,weekday,Hostel Block 1,06-08,0.462,3858.81,False,False,February
ELEC002288,2024-02-12,weekday,Hostel Block 1,08-10,1.654,3860.46,False,False,February
ELEC002289,2024-02-12,weekday,Hostel Block 1,10-12,1.563,3862.02,False,False,February
ELEC002290,2024-02-12,weekday,Hostel Block 1,12-14,1.349,3863.37,False,False,February
ELEC002291,2024-02-12,weekday,Hostel Block 1,14-16,1.523,3864.89,False,False,February
ELEC002292,2024-02-12,weekday,Hostel Block 1,16-18,1.456,3866.35,False,False,February
ELEC002293,2024-02-12,weekday,Hostel Block 1,18-20,1.224,3867.57,False,False,February
ELEC002294,2024-02-12,weekday,Hostel Block 1,20-22,0.862,3868.43,False,False,February
ELEC002295,2024-02-12,weekday,Hostel Block 1,22-00,0.396,3868.83,False,False,February
ELEC002296,2024-02-12,weekday,Hostel Block 2,06-08,0.431,3603.36,False,False,February
ELEC002297,2024-02-12,weekday,Hostel Block 2,08-10,1.325,3604.68,False,False,February
ELEC002298,2024-02-12,weekday,Hostel Block 2,10-12,1.553,3606.23,False,False,February
ELEC002299,2024-02-12,weekday,Hostel Block 2,12-14,1.593,3607.82,False,False,February
ELEC002300,2024-02-12,weekday,Hostel Block 2,14-16,1.564,3609.38,False,False,February
ELEC002301,2024-02-12,weekday,Hostel Block 2,16-18,1.471,3610.85,False,False,February
ELEC002302,2024-02-12,weekday,Hostel Block 2,18-20,1.212,3612.06,False,False,February
ELEC002303,2024-02-12,weekday,Hostel Block 2,20-22,0.995,3613.05,False,False,February
ELEC002304,2024-02-12,weekday,Hostel Block 2,22-00,0.448,3613.5,False,False,February
ELEC002305,2024-02-12,weekday,Library,06-08,0.62,1960.27,False,False,February
ELEC002306,2024-02-12,weekday,Library,08-10,1.711,1961.98,False,False,February
ELEC002307,2024-02-12,weekday,Library,10-12,2.23,1964.21,False,False,February
ELEC002308,2024-02-12,weekday,Library,12-14,1.787,1966.0,False,False,February
ELEC002309,2024-02-12,weekday,Library,14-16,1.843,1967.84,False,False,February
ELEC002310,2024-02-12,weekday,Library,16-18,1.6,1969.44,False,False,February
ELEC002311,2024-02-12,weekday,Library,18-20,1.346,1970.79,False,False,February
ELEC002312,2024-02-12,weekday,Library,20-22,1.125,1971.91,False,False,February
ELEC002313,2024-02-12,weekday,Library,22-00,0.525,1972.44,False,False,February
ELEC002314,2024-02-12,weekday,Labs Complex,06-08,0.67,4747.5,False,False,February
ELEC002315,2024-02-12,weekday,Labs Complex,08-10,1.722,4749.22,False,False,February
ELEC002316,2024-02-12,weekday,Labs Complex,10-12,2.213,4751.43,False,False,February
ELEC002317,2024-02-12,weekday,Labs Complex,12-14,1.751,4753.18,False,False,February
ELEC002318,2024-02-12,weekday,Labs Complex,14-16,1.786,4754.97,False,False,February
ELEC002319,2024-02-12,weekday,Labs Complex,16-18,1.487,4756.46,False,False,February
ELEC002320,2024-02-12,weekday,Labs Complex,18-20,1.517,4757.98,False,False,February
ELEC002321,2024-02-12,weekday,Labs Complex,20-22,1.131,4759.11,False,False,February
ELEC002322,2024-02-12,weekday,Labs Complex,22-00,0.564,4759.67,False,False,February
ELEC002323,2024-02-13,weekday,Academic Block A,06-08,0.99,2095.51,False,False,February
ELEC002324,2024-02-13,weekday,Academic Block A,08-10,2.933,2098.44,False,False,February
ELEC002325,2024-02-13,weekday,Academic Block A,10-12,2.904,2101.34,False,False,February
ELEC002326,2024-02-13,weekday,Academic Block A,12-14,2.895,2104.24,False,False,February
ELEC002327,2024-02-13,weekday,Academic Block A,14-16,3.44,2107.68,False,False,February
ELEC002328,2024-02-13,weekday,Academic Block A,16-18,2.552,2110.23,False,False,February
ELEC002329,2024-02-13,weekday,Academic Block A,18-20,2.03,2112.26,False,False,February
ELEC002330,2024-02-13,weekday,Academic Block A,20-22,1.835,2114.1,False,False,February
ELEC002331,2024-02-13,weekday,Academic Block A,22-00,0.767,2114.87,False,False,February
ELEC002332,2024-02-13,weekday,Academic Block B,06-08,0.773,5584.21,False,False,February
ELEC002333,2024-02-13,weekday,Academic Block B,08-10,2.933,5587.14,False,False,February
ELEC002334,2024-02-13,weekday,Academic Block B,10-12,3.604,5590.74,False,False,February
ELEC002335,2024-02-13,weekday,Academic Block B,12-14,2.568,5593.31,False,False,February
ELEC002336,2024-02-13,weekday,Academic Block B,14-16,3.426,5596.74,False,False,February
ELEC002337,2024-02-13,weekday,Academic Block B,16-18,2.211,5598.95,False,False,February
ELEC002338,2024-02-13,weekday,Academic Block B,18-20,2.437,5601.39,False,False,February
ELEC002339,2024-02-13,weekday,Academic Block B,20-22,1.868,5603.26,False,False,February
ELEC002340,2024-02-13,weekday,Academic Block B,22-00,0.778,5604.04,False,False,February
ELEC002341,2024-02-13,weekday,Hostel Block 1,06-08,0.528,3869.36,False,False,February
ELEC002342,2024-02-13,weekday,Hostel Block 1,08-10,1.457,3870.82,False,False,February
ELEC002343,2024-02-13,weekday,Hostel Block 1,10-12,1.832,3872.65,False,False,February
ELEC002344,2024-02-13,weekday,Hostel Block 1,12-14,1.61,3874.26,False,False,February
ELEC002345,2024-02-13,weekday,Hostel Block 1,14-16,1.489,3875.75,False,False,February
ELEC002346,2024-02-13,weekday,Hostel Block 1,16-18,1.501,3877.25,False,False,February
ELEC002347,2024-02-13,weekday,Hostel Block 1,18-20,1.123,3878.37,False,False,February
ELEC002348,2024-02-13,weekday,Hostel Block 1,20-22,1.075,3879.44,False,False,February
ELEC002349,2024-02-13,weekday,Hostel Block 1,22-00,0.363,3879.8,False,False,February
ELEC002350,2024-02-13,weekday,Hostel Block 2,06-08,0.425,3613.93,False,False,February
ELEC002351,2024-02-13,weekday,Hostel Block 2,08-10,1.235,3615.16,False,False,February
ELEC002352,2024-02-13,weekday,Hostel Block 2,10-12,2.014,3617.17,False,False,February
ELEC002353,2024-02-13,weekday,Hostel Block 2,12-14,1.356,3618.53,False,False,February
ELEC002354,2024-02-13,weekday,Hostel Block 2,14-16,1.486,3620.02,False,False,February
ELEC002355,2024-02-13,weekday,Hostel Block 2,16-18,1.16,3621.18,False,False,February
ELEC002356,2024-02-13,weekday,Hostel Block 2,18-20,1.303,3622.48,False,False,February
ELEC002357,2024-02-13,weekday,Hostel Block 2,20-22,0.874,3623.35,False,False,February
ELEC002358,2024-02-13,weekday,Hostel Block 2,22-00,0.349,3623.7,False,False,February
ELEC002359,2024-02-13,weekday,Library,06-08,0.62,1973.06,False,False,February
ELEC002360,2024-02-13,weekday,Library,08-10,1.697,1974.76,False,False,February
ELEC002361,2024-02-13,weekday,Library,10-12,1.929,1976.69,False,False,February
ELEC002362,2024-02-13,weekday,Library,12-14,2.03,1978.72,False,False,February
ELEC002363,2024-02-13,weekday,Library,14-16,2.267,1980.99,False,False,February
ELEC002364,2024-02-13,weekday,Library,16-18,1.47,1982.46,False,False,February
ELEC002365,2024-02-13,weekday,Library,18-20,1.609,1984.07,False,False,February
ELEC002366,2024-02-13,weekday,Library,20-22,1.191,1985.26,False,False,February
ELEC002367,2024-02-13,weekday,Library,22-00,0.465,1985.72,False,False,February
ELEC002368,2024-02-13,weekday,Labs Complex,06-08,0.625,4760.3,False,False,February
ELEC002369,2024-02-13,weekday,Labs Complex,08-10,1.869,4762.17,False,False,February
ELEC002370,2024-02-13,weekday,Labs Complex,10-12,2.495,4764.66,False,False,February
ELEC002371,2024-02-13,weekday,Labs Complex,12-14,1.881,4766.54,False,False,February
ELEC002372,2024-02-13,weekday,Labs Complex,14-16,1.861,4768.4,False,False,February
ELEC002373,2024-02-13,weekday,Labs Complex,16-18,1.785,4770.18,False,False,February
ELEC002374,2024-02-13,weekday,Labs Complex,18-20,1.64,4771.82,False,False,February
ELEC002375,2024-02-13,weekday,Labs Complex,20-22,1.3,4773.12,False,False,February
ELEC002376,2024-02-13,weekday,Labs Complex,22-00,0.539,4773.66,False,False,February
ELEC002377,2024-02-14,weekday,Academic Block A,06-08,0.923,2115.79,False,False,February
ELEC002378,2024-02-14,weekday,Academic Block A,08-10,2.581,2118.37,False,False,February
ELEC002379,2024-02-14,weekday,Academic Block A,10-12,3.08,2121.45,False,False,February
ELEC002380,2024-02-14,weekday,Academic Block A,12-14,2.963,2124.41,False,False,February
ELEC002381,2024-02-14,weekday,Academic Block A,14-16,2.762,2127.17,False,False,February
ELEC002382,2024-02-14,weekday,Academic Block A,16-18,2.351,2129.52,False,False,February
ELEC002383,2024-02-14,weekday,Academic Block A,18-20,2.491,2132.01,False,False,February
ELEC002384,2024-02-14,weekday,Academic Block A,20-22,2.035,2134.05,False,False,February
ELEC002385,2024-02-14,weekday,Academic Block A,22-00,0.799,2134.85,False,False,February
ELEC002386,2024-02-14,weekday,Academic Block B,06-08,0.965,5605.01,False,False,February
ELEC002387,2024-02-14,weekday,Academic Block B,08-10,2.844,5607.85,False,False,February
ELEC002388,2024-02-14,weekday,Academic Block B,10-12,3.603,5611.45,False,False,February
ELEC002389,2024-02-14,weekday,Academic Block B,12-14,2.859,5614.31,False,False,February
ELEC002390,2024-02-14,weekday,Academic Block B,14-16,3.143,5617.45,False,False,February
ELEC002391,2024-02-14,weekday,Academic Block B,16-18,2.538,5619.99,False,False,February
ELEC002392,2024-02-14,weekday,Academic Block B,18-20,2.191,5622.18,False,False,February
ELEC002393,2024-02-14,weekday,Academic Block B,20-22,1.597,5623.78,False,False,February
ELEC002394,2024-02-14,weekday,Academic Block B,22-00,0.821,5624.6,False,False,February
ELEC002395,2024-02-14,weekday,Hostel Block 1,06-08,0.511,3880.31,False,False,February
ELEC002396,2024-02-14,weekday,Hostel Block 1,08-10,1.518,3881.83,False,False,February
ELEC002397,2024-02-14,weekday,Hostel Block 1,10-12,1.708,3883.54,False,False,February
ELEC002398,2024-02-14,weekday,Hostel Block 1,12-14,1.45,3884.99,False,False,February
ELEC002399,2024-02-14,weekday,Hostel Block 1,14-16,1.37,3886.36,False,False,February
ELEC002400,2024-02-14,weekday,Hostel Block 1,16-18,1.5,3887.86,False,False,February
ELEC002401,2024-02-14,weekday,Hostel Block 1,18-20,3.7174116338248693,3891.58,False,True,February
ELEC002402,2024-02-14,weekday,Hostel Block 1,20-22,0.898,3892.48,False,False,February
ELEC002403,2024-02-14,weekday,Hostel Block 1,22-00,0.375,3892.86,False,False,February
ELEC002404,2024-02-14,weekday,Hostel Block 2,06-08,0.479,3624.18,False,False,February
ELEC002405,2024-02-14,weekday,Hostel Block 2,08-10,1.634,3625.81,False,False,February
ELEC002406,2024-02-14,weekday,Hostel Block 2,10-12,1.794,3627.6,False,False,February
ELEC002407,2024-02-14,weekday,Hostel Block 2,12-14,1.526,3629.13,False,False,February
ELEC002408,2024-02-14,weekday,Hostel Block 2,14-16,1.653,3630.78,False,False,February
ELEC002409,2024-02-14,weekday,Hostel Block 2,16-18,1.529,3632.31,False,False,February
ELEC002410,2024-02-14,weekday,Hostel Block 2,18-20,1.105,3633.41,False,False,February
ELEC002411,2024-02-14,weekday,Hostel Block 2,20-22,0.87,3634.28,False,False,February
ELEC002412,2024-02-14,weekday,Hostel Block 2,22-00,0.402,3634.68,False,False,February
ELEC002413,2024-02-14,weekday,Library,06-08,0.677,1986.4,False,False,February
ELEC002414,2024-02-14,weekday,Library,08-10,1.653,1988.05,False,False,February
ELEC002415,2024-02-14,weekday,Library,10-12,2.367,1990.42,False,False,February
ELEC002416,2024-02-14,weekday,Library,12-14,2.09,1992.51,False,False,February
ELEC002417,2024-02-14,weekday,Library,14-16,1.854,1994.36,False,False,February
ELEC002418,2024-02-14,weekday,Library,16-18,1.9,1996.26,False,False,February
ELEC002419,2024-02-14,weekday,Library,18-20,1.537,1997.8,False,False,February
ELEC002420,2024-02-14,weekday,Library,20-22,1.031,1998.83,False,False,February
ELEC002421,2024-02-14,weekday,Library,22-00,0.43,1999.26,False,False,February
ELEC002422,2024-02-14,weekday,Labs Complex,06-08,0.536,4774.2,False,False,February
ELEC002423,2024-02-14,weekday,Labs Complex,08-10,1.872,4776.07,False,False,February
ELEC002424,2024-02-14,weekday,Labs Complex,10-12,1.879,4777.95,False,False,February
ELEC002425,2024-02-14,weekday,Labs Complex,12-14,1.895,4779.85,False,False,February
ELEC002426,2024-02-14,weekday,Labs Complex,14-16,2.153,4782.0,False,False,February
ELEC002427,2024-02-14,weekday,Labs Complex,16-18,1.565,4783.56,False,False,February
ELEC002428,2024-02-14,weekday,Labs Complex,18-20,1.403,4784.96,False,False,February
ELEC002429,2024-02-14,weekday,Labs Complex,20-22,1.335,4786.3,False,False,February
ELEC002430,2024-02-14,weekday,Labs Complex,22-00,0.564,4786.86,False,False,February
ELEC002431,2024-02-15,weekday,Academic Block A,06-08,0.946,2135.8,False,False,February
ELEC002432,2024-02-15,weekday,Academic Block A,08-10,2.421,2138.22,False,False,February
ELEC002433,2024-02-15,weekday,Academic Block A,10-12,3.529,2141.75,False,False,February
ELEC002434,2024-02-15,weekday,Academic Block A,12-14,3.243,2144.99,False,False,February
ELEC002435,2024-02-15,weekday,Academic Block A,14-16,3.194,2148.18,False,False,February
ELEC002436,2024-02-15,weekday,Academic Block A,16-18,2.712,2150.89,False,False,February
ELEC002437,2024-02-15,weekday,Academic Block A,18-20,2.27,2153.16,False,False,February
ELEC002438,2024-02-15,weekday,Academic Block A,20-22,2.005,2155.16,False,False,February
ELEC002439,2024-02-15,weekday,Academic Block A,22-00,0.655,2155.82,False,False,February
ELEC002440,2024-02-15,weekday,Academic Block B,06-08,0.822,5625.42,False,False,February
ELEC002441,2024-02-15,weekday,Academic Block B,08-10,3.062,5628.48,False,False,February
ELEC002442,2024-02-15,weekday,Academic Block B,10-12,3.545,5632.02,False,False,February
ELEC002443,2024-02-15,weekday,Academic Block B,12-14,2.808,5634.83,False,False,February
ELEC002444,2024-02-15,weekday,Academic Block B,14-16,2.56,5637.39,False,False,February
ELEC002445,2024-02-15,weekday,Academic Block B,16-18,2.277,5639.67,False,False,February
ELEC002446,2024-02-15,weekday,Academic Block B,18-20,2.031,5641.7,False,False,February
ELEC002447,2024-02-15,weekday,Academic Block B,20-22,2.039,5643.74,False,False,February
ELEC002448,2024-02-15,weekday,Academic Block B,22-00,0.685,5644.43,False,False,February
ELEC002449,2024-02-15,weekday,Hostel Block 1,06-08,0.539,3893.4,False,False,February
ELEC002450,2024-02-15,weekday,Hostel Block 1,08-10,1.319,3894.72,False,False,February
ELEC002451,2024-02-15,weekday,Hostel Block 1,10-12,1.511,3896.23,False,False,February
ELEC002452,2024-02-15,weekday,Hostel Block 1,12-14,1.41,3897.64,False,False,February
ELEC002453,2024-02-15,weekday,Hostel Block 1,14-16,1.711,3899.35,False,False,February
ELEC002454,2024-02-15,weekday,Hostel Block 1,16-18,1.396,3900.75,False,False,February
ELEC002455,2024-02-15,weekday,Hostel Block 1,18-20,1.109,3901.86,False,False,February
ELEC002456,2024-02-15,weekday,Hostel Block 1,20-22,0.963,3902.82,False,False,February
ELEC002457,2024-02-15,weekday,Hostel Block 1,22-00,0.377,3903.2,False,False,February
ELEC002458,2024-02-15,weekday,Hostel Block 2,06-08,0.503,3635.18,False,False,February
ELEC002459,2024-02-15,weekday,Hostel Block 2,08-10,1.433,3636.61,False,False,February
ELEC002460,2024-02-15,weekday,Hostel Block 2,10-12,1.888,3638.5,False,False,February
ELEC002461,2024-02-15,weekday,Hostel Block 2,12-14,1.34,3639.84,False,False,February
ELEC002462,2024-02-15,weekday,Hostel Block 2,14-16,1.831,3641.67,False,False,February
ELEC002463,2024-02-15,weekday,Hostel Block 2,16-18,1.351,3643.02,False,False,February
ELEC002464,2024-02-15,weekday,Hostel Block 2,18-20,1.316,3644.34,False,False,February
ELEC002465,2024-02-15,weekday,Hostel Block 2,20-22,1.018,3645.36,False,False,February
ELEC002466,2024-02-15,weekday,Hostel Block 2,22-00,1.2837955004712798,3646.64,False,True,February
ELEC002467,2024-02-15,weekday,Library,06-08,0.538,1999.8,False,False,February
ELEC002468,2024-02-15,weekday,Library,08-10,1.68,2001.48,False,False,February
ELEC002469,2024-02-15,weekday,Library,10-12,2.045,2003.53,False,False,February
ELEC002470,2024-02-15,weekday,Library,12-14,2.099,2005.63,False,False,February
ELEC002471,2024-02-15,weekday,Library,14-16,1.75,2007.38,False,False,February
ELEC002472,2024-02-15,weekday,Library,16-18,1.481,2008.86,False,False,February
ELEC002473,2024-02-15,weekday,Library,18-20,1.478,2010.34,False,False,February
ELEC002474,2024-02-15,weekday,Library,20-22,1.077,2011.42,False,False,February
ELEC002475,2024-02-15,weekday,Library,22-00,0.488,2011.91,False,False,February
ELEC002476,2024-02-15,weekday,Labs Complex,06-08,0.523,4787.38,False,False,February
ELEC002477,2024-02-15,weekday,Labs Complex,08-10,1.705,4789.09,False,False,February
ELEC002478,2024-02-15,weekday,Labs Complex,10-12,2.208,4791.3,False,False,February
ELEC002479,2024-02-15,weekday,Labs Complex,12-14,4.800443200140382,4796.1,False,True,February
ELEC002480,2024-02-15,weekday,Labs Complex,14-16,1.76,4797.86,False,False,February
ELEC002481,2024-02-15,weekday,Labs Complex,16-18,1.747,4799.61,False,False,February
ELEC002482,2024-02-15,weekday,Labs Complex,18-20,1.569,4801.18,False,False,February
ELEC002483,2024-02-15,weekday,Labs Complex,20-22,1.289,4802.47,False,False,February
ELEC002484,2024-02-15,weekday,Labs Complex,22-00,0.524,4802.99,False,False,February
ELEC002485,2024-02-16,weekday,Academic Block A,06-08,0.951,2156.77,False,False,February
ELEC002486,2024-02-16,weekday,Academic Block A,08-10,2.628,2159.4,False,False,February
ELEC002487,2024-02-16,weekday,Academic Block A,10-12,3.255,2162.66,False,False,February
ELEC002488,2024-02-16,weekday,Academic Block A,12-14,2.805,2165.46,False,False,February
ELEC002489,2024-02-16,weekday,Academic Block A,14-16,2.788,2168.25,False,False,February
ELEC002490,2024-02-16,weekday,Academic Block A,16-18,2.465,2170.72,False,False,February
ELEC002491,2024-02-16,weekday,Academic Block A,18-20,2.026,2172.75,False,False,February
ELEC002492,2024-02-16,weekday,Academic Block A,20-22,1.715,2174.47,False,False,February
ELEC002493,2024-02-16,weekday,Academic Block A,22-00,0.665,,False,False,February
ELEC002494,2024-02-16,weekday,Academic Block B,06-08,0.908,5645.34,False,False,February
ELEC002495,2024-02-16,weekday,Academic Block B,08-10,2.782,5648.12,False,False,February
ELEC002496,2024-02-16,weekday,Academic Block B,10-12,3.498,5651.62,False,False,February
ELEC002497,2024-02-16,weekday,Academic Block B,12-14,2.573,,False,False,February
ELEC002498,2024-02-16,weekday,Academic Block B,14-16,3.096,5657.29,False,False,February
ELEC002499,2024-02-16,weekday,Academic Block B,16-18,2.677,5659.97,False,False,February
ELEC002500,2024-02-16,weekday,Academic Block B,18-20,2.254,5662.22,False,False,February
ELEC002501,2024-02-16,weekday,Academic Block B,20-22,1.628,5663.85,False,False,February
ELEC002502,2024-02-16,weekday,Academic Block B,22-00,0.639,5664.49,False,False,February
ELEC002503,2024-02-16,weekday,Hostel Block 1,06-08,0.417,3903.62,False,False,February
ELEC002504,2024-02-16,weekday,Hostel Block 1,08-10,1.349,3904.97,False,False,February
ELEC002505,2024-02-16,weekday,Hostel Block 1,10-12,1.664,3906.63,False,False,February
ELEC002506,2024-02-16,weekday,Hostel Block 1,12-14,1.737,3908.37,False,False,February
ELEC002507,2024-02-16,weekday,Hostel Block 1,14-16,1.755,3910.12,False,False,February
ELEC002508,2024-02-16,weekday,Hostel Block 1,16-18,1.363,3911.48,False,False,February
ELEC002509,2024-02-16,weekday,Hostel Block 1,18-20,1.315,,False,False,February
ELEC002510,2024-02-16,weekday,Hostel Block 1,20-22,0.976,3913.77,False,False,February
ELEC002511,2024-02-16,weekday,Hostel Block 1,22-00,0.359,3914.13,False,False,February
ELEC002512,2024-02-16,weekday,Hostel Block 2,06-08,0.468,3647.11,False,False,February
ELEC002513,2024-02-16,weekday,Hostel Block 2,08-10,1.388,3648.5,False,False,February
ELEC002514,2024-02-16,weekday,Hostel Block 2,10-12,1.532,3650.03,False,False,February
ELEC002515,2024-02-16,weekday,Hostel Block 2,12-14,1.675,3651.71,False,False,February
ELEC002516,2024-02-16,weekday,Hostel Block 2,14-16,1.652,3653.36,False,False,February
ELEC002517,2024-02-16,weekday,Hostel Block 2,16-18,1.52,3654.88,False,False,February
ELEC002518,2024-02-16,weekday,Hostel Block 2,18-20,1.032,3655.91,False,False,February
ELEC002519,2024-02-16,weekday,Hostel Block 2,20-22,0.867,3656.78,False,False,February
ELEC002520,2024-02-16,weekday,Hostel Block 2,22-00,0.388,3657.17,False,False,February
ELEC002521,2024-02-16,weekday,Library,06-08,0.623,2012.53,False,False,February
ELEC002522,2024-02-16,weekday,Library,08-10,1.697,2014.23,False,False,February
ELEC002523,2024-02-16,weekday,Library,10-12,1.921,2016.15,False,False,February
ELEC002524,2024-02-16,weekday,Library,12-14,1.637,2017.79,False,False,February
ELEC002525,2024-02-16,weekday,Library,14-16,2.293,2020.08,False,False,February
ELEC002526,2024-02-16,weekday,Library,16-18,1.847,2021.93,False,False,February
ELEC002527,2024-02-16,weekday,Library,18-20,1.559,2023.49,False,False,February
ELEC002528,2024-02-16,weekday,Library,20-22,1.063,2024.55,False,False,February
ELEC002529,2024-02-16,weekday,Library,22-00,0.439,2024.99,False,False,February
ELEC002530,2024-02-16,weekday,Labs Complex,06-08,0.649,4803.64,False,False,February
ELEC002531,2024-02-16,weekday,Labs Complex,08-10,1.564,4805.2,False,False,February
ELEC002532,2024-02-16,weekday,Labs Complex,10-12,2.218,4807.42,False,False,February
ELEC002533,2024-02-16,weekday,Labs Complex,12-14,2.145,4809.57,False,False,February
ELEC002534,2024-02-16,weekday,Labs Complex,14-16,2.212,4811.78,False,False,February
ELEC002535,2024-02-16,weekday,Labs Complex,16-18,1.891,4813.67,False,False,February
ELEC002536,2024-02-16,weekday,Labs Complex,18-20,1.647,4815.32,False,False,February
ELEC002537,2024-02-16,weekday,Labs Complex,20-22,1.219,4816.54,False,False,February
ELEC002538,2024-02-16,weekday,Labs Complex,22-00,0.535,4817.07,False,False,February
ELEC002539,2024-02-17,saturday,Academic Block A,06-08,0.664,2175.8,False,False,February
ELEC002540,2024-02-17,saturday,Academic Block A,08-10,1.878,2177.68,False,False,February
ELEC002541,2024-02-17,saturday,Academic Block A,10-12,2.1,2179.78,False,False,February
ELEC002542,2024-02-17,saturday,Academic Block A,12-14,2.218,2182.0,False,False,February
ELEC002543,2024-02-17,saturday,Academic Block A,14-16,1.811,2183.81,False,False,February
ELEC002544,2024-02-17,saturday,Academic Block A,16-18,1.735,2185.55,False,False,February
ELEC002545,2024-02-17,saturday,Academic Block A,18-20,1.775,2187.33,False,False,February
ELEC002546,2024-02-17,saturday,Academic Block A,20-22,1.132,2188.46,False,False,February
ELEC002547,2024-02-17,saturday,Academic Block A,22-00,0.528,2188.99,False,False,February
ELEC002548,2024-02-17,saturday,Academic Block B,06-08,0.56,5665.05,False,False,February
ELEC002549,2024-02-17,saturday,Academic Block B,08-10,1.638,5666.69,False,False,February
ELEC002550,2024-02-17,saturday,Academic Block B,10-12,2.301,5668.99,False,False,February
ELEC002551,2024-02-17,saturday,Academic Block B,12-14,2.213,5671.2,False,False,February
ELEC002552,2024-02-17,saturday,Academic Block B,14-16,2.25,5673.45,False,False,February
ELEC002553,2024-02-17,saturday,Academic Block B,16-18,1.612,5675.06,False,False,February
ELEC002554,2024-02-17,saturday,Academic Block B,18-20,1.772,5676.83,False,False,February
ELEC002555,2024-02-17,saturday,Academic Block B,20-22,1.252,5678.08,False,False,February
ELEC002556,2024-02-17,saturday,Academic Block B,22-00,0.563,5678.64,False,False,February
ELEC002557,2024-02-17,saturday,Hostel Block 1,06-08,0.302,3914.43,False,False,February
ELEC002558,2024-02-17,saturday,Hostel Block 1,08-10,0.88,3915.31,False,False,February
ELEC002559,2024-02-17,saturday,Hostel Block 1,10-12,1.329,3916.64,False,False,February
ELEC002560,2024-02-17,saturday,Hostel Block 1,12-14,1.006,3917.65,False,False,February
ELEC002561,2024-02-17,saturday,Hostel Block 1,14-16,1.286,3918.94,False,False,February
ELEC002562,2024-02-17,saturday,Hostel Block 1,16-18,1.038,3919.98,False,False,February
ELEC002563,2024-02-17,saturday,Hostel Block 1,18-20,0.901,3920.88,False,False,February
ELEC002564,2024-02-17,saturday,Hostel Block 1,20-22,0.624,3921.5,False,False,February
ELEC002565,2024-02-17,saturday,Hostel Block 1,22-00,0.31,3921.81,False,False,February
ELEC002566,2024-02-17,saturday,Hostel Block 2,06-08,0.296,3657.47,False,False,February
ELEC002567,2024-02-17,saturday,Hostel Block 2,08-10,1.042,3658.51,False,False,February
ELEC002568,2024-02-17,saturday,Hostel Block 2,10-12,1.068,3659.58,False,False,February
ELEC002569,2024-02-17,saturday,Hostel Block 2,12-14,0.986,3660.57,False,False,February
ELEC002570,2024-02-17,saturday,Hostel Block 2,14-16,1.23,3661.8,False,False,February
ELEC002571,2024-02-17,saturday,Hostel Block 2,16-18,1.033,3662.83,False,False,February
ELEC002572,2024-02-17,saturday,Hostel Block 2,18-20,0.886,3663.72,False,False,February
ELEC002573,2024-02-17,saturday,Hostel Block 2,20-22,0.701,3664.42,False,False,February
ELEC002574,2024-02-17,saturday,Hostel Block 2,22-00,0.239,3664.66,False,False,February
ELEC002575,2024-02-17,saturday,Library,06-08,0.482,2025.47,False,False,February
ELEC002576,2024-02-17,saturday,Library,08-10,1.168,2026.64,False,False,February
ELEC002577,2024-02-17,saturday,Library,10-12,1.538,2028.18,False,False,February
ELEC002578,2024-02-17,saturday,Library,12-14,1.521,2029.7,False,False,February
ELEC002579,2024-02-17,saturday,Library,14-16,1.609,2031.31,False,False,February
ELEC002580,2024-02-17,saturday,Library,16-18,1.193,2032.5,False,False,February
ELEC002581,2024-02-17,saturday,Library,18-20,1.167,2033.67,False,False,February
ELEC002582,2024-02-17,saturday,Library,20-22,0.762,2034.43,False,False,February
ELEC002583,2024-02-17,saturday,Library,22-00,0.401,2034.83,False,False,February
ELEC002584,2024-02-17,saturday,Labs Complex,06-08,0.435,4817.51,False,False,February
ELEC002585,2024-02-17,saturday,Labs Complex,08-10,1.213,4818.72,False,False,February
ELEC002586,2024-02-17,saturday,Labs Complex,10-12,1.637,4820.36,False,False,February
ELEC002587,2024-02-17,saturday,Labs Complex,12-14,1.409,4821.77,False,False,February
ELEC002588,2024-02-17,saturday,Labs Complex,14-16,1.198,4822.97,False,False,February
ELEC002589,2024-02-17,saturday,Labs Complex,16-18,1.25,4824.22,False,False,February
ELEC002590,2024-02-17,saturday,Labs Complex,18-20,1.102,4825.32,False,False,February
ELEC002591,2024-02-17,saturday,Labs Complex,20-22,0.951,4826.27,False,False,February
ELEC002592,2024-02-17,saturday,Labs Complex,22-00,0.322,4826.59,False,False,February
ELEC002593,2024-02-18,weekend,Academic Block A,06-08,0.398,2189.39,False,False,February
ELEC002594,2024-02-18,weekend,Academic Block A,08-10,1.134,2190.52,False,False,February
ELEC002595,2024-02-18,weekend,Academic Block A,10-12,1.51,2192.03,False,False,February
ELEC002596,2024-02-18,weekend,Academic Block A,12-14,1.121,2193.15,False,False,February
ELEC002597,2024-02-18,weekend,Academic Block A,14-16,1.368,2194.52,False,False,February
ELEC002598,2024-02-18,weekend,Academic Block A,16-18,0.954,2195.47,False,False,February
ELEC002599,2024-02-18,weekend,Academic Block A,18-20,0.875,2196.34,False,False,February
ELEC002600,2024-02-18,weekend,Academic Block A,20-22,0.756,2197.1,False,False,February
ELEC002601,2024-02-18,weekend,Academic Block A,22-00,0.325,2197.42,False,False,February
ELEC002602,2024-02-18,weekend,Academic Block B,06-08,0.389,5679.03,False,False,February
ELEC002603,2024-02-18,weekend,Academic Block B,08-10,0.924,5679.95,False,False,February
ELEC002604,2024-02-18,weekend,Academic Block B,10-12,1.257,5681.21,False,False,February
ELEC002605,2024-02-18,weekend,Academic Block B,12-14,1.309,5682.52,False,False,February
ELEC002606,2024-02-18,weekend,Academic Block B,14-16,1.198,5683.72,False,False,February
ELEC002607,2024-02-18,weekend,Academic Block B,16-18,1.146,5684.87,False,False,February
ELEC002608,2024-02-18,weekend,Academic Block B,18-20,0.921,5685.79,False,False,February
ELEC002609,2024-02-18,weekend,Academic Block B,20-22,0.823,5686.61,False,False,February
ELEC002610,2024-02-18,weekend,Academic Block B,22-00,0.323,5686.93,False,False,February
ELEC002611,2024-02-18,weekend,Hostel Block 1,06-08,0.192,3922.0,False,False,February
ELEC002612,2024-02-18,weekend,Hostel Block 1,08-10,0.652,3922.65,False,False,February
ELEC002613,2024-02-18,weekend,Hostel Block 1,10-12,0.611,3923.26,False,False,February
ELEC002614,2024-02-18,weekend,Hostel Block 1,12-14,0.663,3923.92,False,False,February
ELEC002615,2024-02-18,weekend,Hostel Block 1,14-16,0.728,3924.65,False,False,February
ELEC002616,2024-02-18,weekend,Hostel Block 1,16-18,0.468,3925.12,False,False,February
ELEC002617,2024-02-18,weekend,Hostel Block 1,18-20,0.433,3925.55,False,False,February
ELEC002618,2024-02-18,weekend,Hostel Block 1,20-22,0.414,3925.96,False,False,February
ELEC002619,2024-02-18,weekend,Hostel Block 1,22-00,0.183,3926.14,False,False,February
ELEC002620,2024-02-18,weekend,Hostel Block 2,06-08,0.201,3664.86,False,False,February
ELEC002621,2024-02-18,weekend,Hostel Block 2,08-10,0.553,3665.41,False,False,February
ELEC002622,2024-02-18,weekend,Hostel Block 2,10-12,0.652,3666.06,False,False,February
ELEC002623,2024-02-18,weekend,Hostel Block 2,12-14,0.525,3666.59,False,False,February
ELEC002624,2024-02-18,weekend,Hostel Block 2,14-16,0.603,3667.19,False,False,February
ELEC002625,2024-02-18,weekend,Hostel Block 2,16-18,0.495,3667.68,False,False,February
ELEC002626,2024-02-18,weekend,Hostel Block 2,18-20,0.417,3668.1,False,False,February
ELEC002627,2024-02-18,weekend,Hostel Block 2,20-22,0.403,3668.5,False,False,February
ELEC002628,2024-02-18,weekend,Hostel Block 2,22-00,0.16,3668.66,False,False,February
ELEC002629,2024-02-18,weekend,Library,06-08,0.275,2035.11,False,False,February
ELEC002630,2024-02-18,weekend,Library,08-10,0.752,2035.86,False,False,February
ELEC002631,2024-02-18,weekend,Library,10-12,0.8,2036.66,False,False,February
ELEC002632,2024-02-18,weekend,Library,12-14,0.85,2037.51,False,False,February
ELEC002633,2024-02-18,weekend,Library,14-16,0.695,2038.2,False,False,February
ELEC002634,2024-02-18,weekend,Library,16-18,0.583,2038.78,False,False,February
ELEC002635,2024-02-18,weekend,Library,18-20,0.513,2039.29,False,False,February
ELEC002636,2024-02-18,weekend,Library,20-22,0.497,2039.79,False,False,February
ELEC002637,2024-02-18,weekend,Library,22-00,0.176,2039.97,False,False,February
ELEC002638,2024-02-18,weekend,Labs Complex,06-08,0.237,4826.83,False,False,February
ELEC002639,2024-02-18,weekend,Labs Complex,08-10,0.716,4827.55,False,False,February
ELEC002640,2024-02-18,weekend,Labs Complex,10-12,0.767,4828.32,False,False,February
ELEC002641,2024-02-18,weekend,Labs Complex,12-14,0.744,4829.06,False,False,February
ELEC002642,2024-02-18,weekend,Labs Complex,14-16,0.819,4829.88,False,False,February
ELEC002643,2024-02-18,weekend,Labs Complex,16-18,0.646,4830.53,False,False,February
ELEC002644,2024-02-18,weekend,Labs Complex,18-20,0.637,4831.17,False,False,February
ELEC002645,2024-02-18,weekend,Labs Complex,20-22,0.418,4831.59,False,False,February
ELEC002646,2024-02-18,weekend,Labs Complex,22-00,0.219,,False,False,February
ELEC002647,2024-02-19,weekday,Academic Block A,06-08,1.235,2198.66,True,False,February
ELEC002648,2024-02-19,weekday,Academic Block A,08-10,2.836,2201.5,True,False,February
ELEC002649,2024-02-19,weekday,Academic Block A,10-12,4.383,2205.88,True,False,February
ELEC002650,2024-02-19,weekday,Academic Block A,12-14,3.653,2209.53,True,False,February
ELEC002651,2024-02-19,weekday,Academic Block A,14-16,3.591,2213.12,True,False,February
ELEC002652,2024-02-19,weekday,Academic Block A,16-18,2.914,2216.03,True,False,February
ELEC002653,2024-02-19,weekday,Academic Block A,18-20,2.534,2218.56,True,False,February
ELEC002654,2024-02-19,weekday,Academic Block A,20-22,2.114,2220.67,True,False,February
ELEC002655,2024-02-19,weekday,Academic Block A,22-00,0.918,2221.59,True,False,February
ELEC002656,2024-02-19,weekday,Academic Block B,06-08,1.227,5688.16,True,False,February
ELEC002657,2024-02-19,weekday,Academic Block B,08-10,3.543,5691.7,True,False,February
ELEC002658,2024-02-19,weekday,Academic Block B,10-12,3.538,5695.24,True,False,February
ELEC002659,2024-02-19,weekday,Academic Block B,12-14,3.845,5699.09,True,False,February
ELEC002660,2024-02-19,weekday,Academic Block B,14-16,4.139,5703.23,True,False,February
ELEC002661,2024-02-19,weekday,Academic Block B,16-18,3.466,5706.7,True,False,February
ELEC002662,2024-02-19,weekday,Academic Block B,18-20,2.707,5709.41,True,False,February
ELEC002663,2024-02-19,weekday,Academic Block B,20-22,2.027,5711.44,True,False,February
ELEC002664,2024-02-19,weekday,Academic Block B,22-00,0.973,5712.41,True,False,February
ELEC002665,2024-02-19,weekday,Hostel Block 1,06-08,0.575,3926.71,True,False,February
ELEC002666,2024-02-19,weekday,Hostel Block 1,08-10,1.681,3928.39,True,False,February
ELEC002667,2024-02-19,weekday,Hostel Block 1,10-12,1.984,3930.37,True,False,February
ELEC002668,2024-02-19,weekday,Hostel Block 1,12-14,1.573,3931.94,True,False,February
ELEC002669,2024-02-19,weekday,Hostel Block 1,14-16,1.698,3933.64,True,False,February
ELEC002670,2024-02-19,weekday,Hostel Block 1,16-18,1.458,3935.1,True,False,February
ELEC002671,2024-02-19,weekday,Hostel Block 1,18-20,1.322,3936.42,True,False,February
ELEC002672,2024-02-19,weekday,Hostel Block 1,20-22,1.118,3937.54,True,False,February
ELEC002673,2024-02-19,weekday,Hostel Block 1,22-00,0.493,3938.03,True,False,February
ELEC002674,2024-02-19,weekday,Hostel Block 2,06-08,0.611,3669.27,True,False,February
ELEC002675,2024-02-19,weekday,Hostel Block 2,08-10,1.985,3671.26,True,False,February
ELEC002676,2024-02-19,weekday,Hostel Block 2,10-12,2.183,3673.44,True,False,February
ELEC002677,2024-02-19,weekday,Hostel Block 2,12-14,1.702,3675.14,True,False,February
ELEC002678,2024-02-19,weekday,Hostel Block 2,14-16,1.639,3676.78,True,False,February
ELEC002679,2024-02-19,weekday,Hostel Block 2,16-18,1.564,3678.34,True,False,February
ELEC002680,2024-02-19,weekday,Hostel Block 2,18-20,1.573,3679.91,True,False,February
ELEC002681,2024-02-19,weekday,Hostel Block 2,20-22,1.233,3681.14,True,False,February
ELEC002682,2024-02-19,weekday,Hostel Block 2,22-00,0.537,3681.68,True,False,February
ELEC002683,2024-02-19,weekday,Library,06-08,0.793,2040.76,True,False,February
ELEC002684,2024-02-19,weekday,Library,08-10,1.976,2042.74,True,False,February
ELEC002685,2024-02-19,weekday,Library,10-12,2.684,2045.42,True,False,February
ELEC002686,2024-02-19,weekday,Library,12-14,2.465,2047.88,True,False,February
ELEC002687,2024-02-19,weekday,Library,14-16,2.669,2050.55,True,False,February
ELEC002688,2024-02-19,weekday,Library,16-18,1.753,2052.3,True,False,February
ELEC002689,2024-02-19,weekday,Library,18-20,1.808,2054.11,True,False,February
ELEC002690,2024-02-19,weekday,Library,20-22,1.394,2055.5,True,False,February
ELEC002691,2024-02-19,weekday,Library,22-00,0.631,2056.13,True,False,February
ELEC002692,2024-02-19,weekday,Labs Complex,06-08,0.696,4832.51,True,False,February
ELEC002693,2024-02-19,weekday,Labs Complex,08-10,2.125,4834.64,True,False,February
ELEC002694,2024-02-19,weekday,Labs Complex,10-12,2.555,4837.2,True,False,February
ELEC002695,2024-02-19,weekday,Labs Complex,12-14,2.597,4839.8,True,False,February
ELEC002696,2024-02-19,weekday,Labs Complex,14-16,2.555,4842.36,True,False,February
ELEC002697,2024-02-19,weekday,Labs Complex,16-18,1.984,4844.34,True,False,February
ELEC002698,2024-02-19,weekday,Labs Complex,18-20,1.889,4846.23,True,False,February
ELEC002699,2024-02-19,weekday,Labs Complex,20-22,1.51,4847.74,True,False,February
ELEC002700,2024-02-19,weekday,Labs Complex,22-00,0.561,4848.3,True,False,February
ELEC002701,2024-02-20,weekday,Academic Block A,06-08,1.049,2222.64,True,False,February
ELEC002702,2024-02-20,weekday,Academic Block A,08-10,3.622,,True,False,February
ELEC002703,2024-02-20,weekday,Academic Block A,10-12,3.729,2229.99,True,False,February
ELEC002704,2024-02-20,weekday,Academic Block A,12-14,3.233,2233.22,True,False,February
ELEC002705,2024-02-20,weekday,Academic Block A,14-16,4.128,2237.35,True,False,February
ELEC002706,2024-02-20,weekday,Academic Block A,16-18,3.439,2240.79,True,False,February
ELEC002707,2024-02-20,weekday,Academic Block A,18-20,2.804,2243.59,True,False,February
ELEC002708,2024-02-20,weekday,Academic Block A,20-22,1.94,2245.53,True,False,February
ELEC002709,2024-02-20,weekday,Academic Block A,22-00,0.988,2246.52,True,False,February
ELEC002710,2024-02-20,weekday,Academic Block B,06-08,1.0,5713.41,True,False,February
ELEC002711,2024-02-20,weekday,Academic Block B,08-10,3.482,5716.89,True,False,February
ELEC002712,2024-02-20,weekday,Academic Block B,10-12,3.63,5720.52,True,False,February
ELEC002713,2024-02-20,weekday,Academic Block B,12-14,12.109254974341859,5732.63,True,True,February
ELEC002714,2024-02-20,weekday,Academic Block B,14-16,3.571,5736.2,True,False,February
ELEC002715,2024-02-20,weekday,Academic Block B,16-18,2.939,5739.14,True,False,February
ELEC002716,2024-02-20,weekday,Academic Block B,18-20,2.377,5741.52,True,False,February
ELEC002717,2024-02-20,weekday,Academic Block B,20-22,1.958,5743.48,True,False,February
ELEC002718,2024-02-20,weekday,Academic Block B,22-00,0.923,5744.4,True,False,February
ELEC002719,2024-02-20,weekday,Hostel Block 1,06-08,0.552,3938.58,True,False,February
ELEC002720,2024-02-20,weekday,Hostel Block 1,08-10,1.894,3940.47,True,False,February
ELEC002721,2024-02-20,weekday,Hostel Block 1,10-12,2.199,3942.67,True,False,February
ELEC002722,2024-02-20,weekday,Hostel Block 1,12-14,1.607,3944.28,True,False,February
ELEC002723,2024-02-20,weekday,Hostel Block 1,14-16,1.875,3946.16,True,False,February
ELEC002724,2024-02-20,weekday,Hostel Block 1,16-18,1.562,3947.72,True,False,February
ELEC002725,2024-02-20,weekday,Hostel Block 1,18-20,1.498,3949.22,True,False,February
ELEC002726,2024-02-20,weekday,Hostel Block 1,20-22,1.178,3950.4,True,False,February
ELEC002727,2024-02-20,weekday,Hostel Block 1,22-00,0.444,3950.84,True,False,February
ELEC002728,2024-02-20,weekday,Hostel Block 2,06-08,0.492,3682.17,True,False,February
ELEC002729,2024-02-20,weekday,Hostel Block 2,08-10,1.487,3683.66,True,False,February
ELEC002730,2024-02-20,weekday,Hostel Block 2,10-12,2.114,3685.77,True,False,February
ELEC002731,2024-02-20,weekday,Hostel Block 2,12-14,2.043,3687.81,True,False,February
ELEC002732,2024-02-20,weekday,Hostel Block 2,14-16,1.661,3689.47,True,False,February
ELEC002733,2024-02-20,weekday,Hostel Block 2,16-18,1.688,3691.16,True,False,February
ELEC002734,2024-02-20,weekday,Hostel Block 2,18-20,1.465,3692.62,True,False,February
ELEC002735,2024-02-20,weekday,Hostel Block 2,20-22,1.24,3693.86,True,False,February
ELEC002736,2024-02-20,weekday,Hostel Block 2,22-00,0.466,3694.33,True,False,February
ELEC002737,2024-02-20,weekday,Library,06-08,0.677,2056.81,True,False,February
ELEC002738,2024-02-20,weekday,Library,08-10,1.876,2058.69,True,False,February
ELEC002739,2024-02-20,weekday,Library,10-12,2.649,2061.34,True,False,February
ELEC002740,2024-02-20,weekday,Library,12-14,2.259,2063.6,True,False,February
ELEC002741,2024-02-20,weekday,Library,14-16,2.753,2066.35,True,False,February
ELEC002742,2024-02-20,weekday,Library,16-18,6.864386249909063,2073.21,True,True,February
ELEC002743,2024-02-20,weekday,Library,18-20,1.67,2074.88,True,False,February
ELEC002744,2024-02-20,weekday,Library,20-22,1.62,2076.5,True,False,February
ELEC002745,2024-02-20,weekday,Library,22-00,0.595,2077.09,True,False,February
ELEC002746,2024-02-20,weekday,Labs Complex,06-08,0.756,4849.06,True,False,February
ELEC002747,2024-02-20,weekday,Labs Complex,08-10,1.847,4850.91,True,False,February
ELEC002748,2024-02-20,weekday,Labs Complex,10-12,2.641,4853.55,True,False,February
ELEC002749,2024-02-20,weekday,Labs Complex,12-14,2.351,4855.9,True,False,February
ELEC002750,2024-02-20,weekday,Labs Complex,14-16,2.072,4857.97,True,False,February
ELEC002751,2024-02-20,weekday,Labs Complex,16-18,1.904,4859.87,True,False,February
ELEC002752,2024-02-20,weekday,Labs Complex,18-20,1.891,4861.76,True,False,February
ELEC002753,2024-02-20,weekday,Labs Complex,20-22,1.546,4863.31,True,False,February
ELEC002754,2024-02-20,weekday,Labs Complex,22-00,0.656,4863.97,True,False,February
ELEC002755,2024-02-21,weekday,Academic Block A,06-08,1.106,2247.63,True,False,February
ELEC002756,2024-02-21,weekday,Academic Block A,08-10,2.839,2250.47,True,False,February
ELEC002757,2024-02-21,weekday,Academic Block A,10-12,3.873,2254.34,True,False,February
ELEC002758,2024-02-21,weekday,Academic Block A,12-14,3.217,2257.56,True,False,February
ELEC002759,2024-02-21,weekday,Academic Block A,14-16,3.233,2260.79,True,False,February
ELEC002760,2024-02-21,weekday,Academic Block A,16-18,3.107,2263.9,True,False,February
ELEC002761,2024-02-21,weekday,Academic Block A,18-20,2.996,2266.9,True,False,February
ELEC002762,2024-02-21,weekday,Academic Block A,20-22,2.414,2269.31,True,False,February
ELEC002763,2024-02-21,weekday,Academic Block A,22-00,0.92,2270.23,True,False,February
ELEC002764,2024-02-21,weekday,Academic Block B,06-08,0.938,5745.34,True,False,February
ELEC002765,2024-02-21,weekday,Academic Block B,08-10,3.067,5748.41,True,False,February
ELEC002766,2024-02-21,weekday,Academic Block B,10-12,4.021,5752.43,True,False,February
ELEC002767,2024-02-21,weekday,Academic Block B,12-14,3.032,5755.46,True,False,February
ELEC002768,2024-02-21,weekday,Academic Block B,14-16,4.021,5759.48,True,False,February
ELEC002769,2024-02-21,weekday,Academic Block B,16-18,3.393,5762.87,True,False,February
ELEC002770,2024-02-21,weekday,Academic Block B,18-20,2.746,5765.62,True,False,February
ELEC002771,2024-02-21,weekday,Academic Block B,20-22,2.416,,True,False,February
ELEC002772,2024-02-21,weekday,Academic Block B,22-00,0.961,5769.0,True,False,February
ELEC002773,2024-02-21,weekday,Hostel Block 1,06-08,0.573,3951.41,True,False,February
ELEC002774,2024-02-21,weekday,Hostel Block 1,08-10,1.775,3953.18,True,False,February
ELEC002775,2024-02-21,weekday,Hostel Block 1,10-12,2.337,3955.52,True,False,February
ELEC002776,2024-02-21,weekday,Hostel Block 1,12-14,1.898,3957.42,True,False,February
ELEC002777,2024-02-21,weekday,Hostel Block 1,14-16,1.867,3959.29,True,False,February
ELEC002778,2024-02-21,weekday,Hostel Block 1,16-18,1.622,3960.91,True,False,February
ELEC002779,2024-02-21,weekday,Hostel Block 1,18-20,1.648,3962.56,True,False,February
ELEC002780,2024-02-21,weekday,Hostel Block 1,20-22,1.204,3963.76,True,False,February
ELEC002781,2024-02-21,weekday,Hostel Block 1,22-00,0.546,3964.31,True,False,February
ELEC002782,2024-02-21,weekday,Hostel Block 2,06-08,0.507,3694.84,True,False,February
ELEC002783,2024-02-21,weekday,Hostel Block 2,08-10,1.569,3696.41,True,False,February
ELEC002784,2024-02-21,weekday,Hostel Block 2,10-12,1.93,3698.34,True,False,February
ELEC002785,2024-02-21,weekday,Hostel Block 2,12-14,1.711,3700.05,True,False,February
ELEC002786,2024-02-21,weekday,Hostel Block 2,14-16,2.139,3702.19,True,False,February
ELEC002787,2024-02-21,weekday,Hostel Block 2,16-18,1.545,3703.74,True,False,February
ELEC002788,2024-02-21,weekday,Hostel Block 2,18-20,1.545,3705.28,True,False,February
ELEC002789,2024-02-21,weekday,Hostel Block 2,20-22,1.232,3706.51,True,False,February
ELEC002790,2024-02-21,weekday,Hostel Block 2,22-00,0.493,3707.0,True,False,February
ELEC002791,2024-02-21,weekday,Library,06-08,0.739,2077.83,True,False,February
ELEC002792,2024-02-21,weekday,Library,08-10,2.157,2079.99,True,False,February
ELEC002793,2024-02-21,weekday,Library,10-12,2.267,2082.26,True,False,February
ELEC002794,2024-02-21,weekday,Library,12-14,2.341,2084.6,True,False,February
ELEC002795,2024-02-21,weekday,Library,14-16,2.057,2086.66,True,False,February
ELEC002796,2024-02-21,weekday,Library,16-18,2.005,2088.66,True,False,February
ELEC002797,2024-02-21,weekday,Library,18-20,1.906,2090.57,True,False,February
ELEC002798,2024-02-21,weekday,Library,20-22,1.358,2091.93,True,False,February
ELEC002799,2024-02-21,weekday,Library,22-00,0.677,2092.61,True,False,February
ELEC002800,2024-02-21,weekday,Labs Complex,06-08,0.707,4864.68,True,False,February
ELEC002801,2024-02-21,weekday,Labs Complex,08-10,2.223,4866.9,True,False,February
ELEC002802,2024-02-21,weekday,Labs Complex,10-12,2.747,4869.65,True,False,February
ELEC002803,2024-02-21,weekday,Labs Complex,12-14,2.297,4871.95,True,False,February
ELEC002804,2024-02-21,weekday,Labs Complex,14-16,2.162,4874.11,True,False,February
ELEC002805,2024-02-21,weekday,Labs Complex,16-18,1.949,4876.06,True,False,February
ELEC002806,2024-02-21,weekday,Labs Complex,18-20,1.781,4877.84,True,False,February
ELEC002807,2024-02-21,weekday,Labs Complex,20-22,1.649,4879.49,True,False,February
ELEC002808,2024-02-21,weekday,Labs Complex,22-00,0.601,4880.09,True,False,February
ELEC002809,2024-02-22,weekday,Academic Block A,06-08,0.979,2271.21,True,False,February
ELEC002810,2024-02-22,weekday,Academic Block A,08-10,3.375,2274.59,True,False,February
ELEC002811,2024-02-22,weekday,Academic Block A,10-12,3.598,2278.19,True,False,February
ELEC002812,2024-02-22,weekday,Academic Block A,12-14,3.624,2281.81,True,False,February
ELEC002813,2024-02-22,weekday,Academic Block A,14-16,3.355,2285.16,True,False,February
ELEC002814,2024-02-22,weekday,Academic Block A,16-18,2.748,2287.91,True,False,February
ELEC002815,2024-02-22,weekday,Academic Block A,18-20,2.505,2290.41,True,False,February
ELEC002816,2024-02-22,weekday,Academic Block A,20-22,2.11,2292.52,True,False,February
ELEC002817,2024-02-22,weekday,Academic Block A,22-00,0.849,2293.37,True,False,February
ELEC002818,2024-02-22,weekday,Academic Block B,06-08,1.01,5770.01,True,False,February
ELEC002819,2024-02-22,weekday,Academic Block B,08-10,3.447,5773.46,True,False,February
ELEC002820,2024-02-22,weekday,Academic Block B,10-12,3.622,5777.08,True,False,February
ELEC002821,2024-02-22,weekday,Academic Block B,12-14,3.403,5780.48,True,False,February
ELEC002822,2024-02-22,weekday,Academic Block B,14-16,3.212,5783.69,True,False,February
ELEC002823,2024-02-22,weekday,Academic Block B,16-18,3.084,5786.77,True,False,February
ELEC002824,2024-02-22,weekday,Academic Block B,18-20,2.768,5789.54,True,False,February
ELEC002825,2024-02-22,weekday,Academic Block B,20-22,2.476,5792.02,True,False,February
ELEC002826,2024-02-22,weekday,Academic Block B,22-00,0.828,5792.85,True,False,February
ELEC002827,2024-02-22,weekday,Hostel Block 1,06-08,0.555,3964.86,True,False,February
ELEC002828,2024-02-22,weekday,Hostel Block 1,08-10,1.897,3966.76,True,False,February
ELEC002829,2024-02-22,weekday,Hostel Block 1,10-12,1.98,3968.74,True,False,February
ELEC002830,2024-02-22,weekday,Hostel Block 1,12-14,1.769,3970.51,True,False,February
ELEC002831,2024-02-22,weekday,Hostel Block 1,14-16,2.152,3972.66,True,False,February
ELEC002832,2024-02-22,weekday,Hostel Block 1,16-18,1.429,3974.09,True,False,February
ELEC002833,2024-02-22,weekday,Hostel Block 1,18-20,1.278,3975.37,True,False,February
ELEC002834,2024-02-22,weekday,Hostel Block 1,20-22,1.18,3976.55,True,False,February
ELEC002835,2024-02-22,weekday,Hostel Block 1,22-00,0.503,3977.05,True,False,February
ELEC002836,2024-02-22,weekday,Hostel Block 2,06-08,0.572,3707.57,True,False,February
ELEC002837,2024-02-22,weekday,Hostel Block 2,08-10,1.471,3709.04,True,False,February
ELEC002838,2024-02-22,weekday,Hostel Block 2,10-12,2.239,3711.28,True,False,February
ELEC002839,2024-02-22,weekday,Hostel Block 2,12-14,1.794,3713.07,True,False,February
ELEC002840,2024-02-22,weekday,Hostel Block 2,14-16,1.906,3714.98,True,False,February
ELEC002841,2024-02-22,weekday,Hostel Block 2,16-18,1.47,3716.45,True,False,February
ELEC002842,2024-02-22,weekday,Hostel Block 2,18-20,1.351,3717.8,True,False,February
ELEC002843,2024-02-22,weekday,Hostel Block 2,20-22,1.299,3719.1,True,False,February
ELEC002844,2024-02-22,weekday,Hostel Block 2,22-00,0.468,3719.57,True,False,February
ELEC002845,2024-02-22,weekday,Library,06-08,0.78,2093.39,True,False,February
ELEC002846,2024-02-22,weekday,Library,08-10,5.550614644952423,2098.94,True,True,February
ELEC002847,2024-02-22,weekday,Library,10-12,2.798,2101.74,True,False,February
ELEC002848,2024-02-22,weekday,Library,12-14,2.329,2104.07,True,False,February
ELEC002849,2024-02-22,weekday,Library,14-16,2.673,2106.74,True,False,February
ELEC002850,2024-02-22,weekday,Library,16-18,1.956,2108.7,True,False,February
ELEC002851,2024-02-22,weekday,Library,18-20,1.647,2110.35,True,False,February
ELEC002852,2024-02-22,weekday,Library,20-22,1.599,2111.95,True,False,February
ELEC002853,2024-02-22,weekday,Library,22-00,0.608,2112.56,True,False,February
ELEC002854,2024-02-22,weekday,Labs Complex,06-08,0.645,4880.74,True,False,February
ELEC002855,2024-02-22,weekday,Labs Complex,08-10,2.384,4883.12,True,False,February
ELEC002856,2024-02-22,weekday,Labs Complex,10-12,2.48,4885.6,True,False,February
ELEC002857,2024-02-22,weekday,Labs Complex,12-14,2.373,4887.97,True,False,February
ELEC002858,2024-02-22,weekday,Labs Complex,14-16,2.047,4890.02,True,False,February
ELEC002859,2024-02-22,weekday,Labs Complex,16-18,2.229,4892.25,True,False,February
ELEC002860,2024-02-22,weekday,Labs Complex,18-20,1.691,4893.94,True,False,February
ELEC002861,2024-02-22,weekday,Labs Complex,20-22,4.526657141507064,4898.47,True,True,February
ELEC002862,2024-02-22,weekday,Labs Complex,22-00,0.519,4898.99,True,False,February
ELEC002863,2024-02-23,weekday,Academic Block A,06-08,0.951,2294.32,True,False,February
ELEC002864,2024-02-23,weekday,Academic Block A,08-10,2.886,2297.21,True,False,February
ELEC002865,2024-02-23,weekday,Academic Block A,10-12,4.215,2301.43,True,False,February
ELEC002866,2024-02-23,weekday,Academic Block A,12-14,2.912,2304.34,True,False,February
ELEC002867,2024-02-23,weekday,Academic Block A,14-16,4.058,2308.4,True,False,February
ELEC002868,2024-02-23,weekday,Academic Block A,16-18,2.968,2311.37,True,False,February
ELEC002869,2024-02-23,weekday,Academic Block A,18-20,2.935,2314.3,True,False,February
ELEC002870,2024-02-23,weekday,Academic Block A,20-22,1.981,2316.28,True,False,February
ELEC002871,2024-02-23,weekday,Academic Block A,22-00,0.909,2317.19,True,False,February
ELEC002872,2024-02-23,weekday,Academic Block B,06-08,1.087,5793.94,True,False,February
ELEC002873,2024-02-23,weekday,Academic Block B,08-10,3.328,5797.27,True,False,February
ELEC002874,2024-02-23,weekday,Academic Block B,10-12,3.678,5800.95,True,False,February
ELEC002875,2024-02-23,weekday,Academic Block B,12-14,3.565,5804.51,True,False,February
ELEC002876,2024-02-23,weekday,Academic Block B,14-16,3.143,5807.65,True,False,February
ELEC002877,2024-02-23,weekday,Academic Block B,16-18,8.729673820978908,5816.38,True,True,February
ELEC002878,2024-02-23,weekday,Academic Block B,18-20,2.612,5818.99,True,False,February
ELEC002879,2024-02-23,weekday,Academic Block B,20-22,2.286,5821.28,True,False,February
ELEC002880,2024-02-23,weekday,Academic Block B,22-00,0.84,5822.12,True,False,February
ELEC002881,2024-02-23,weekday,Hostel Block 1,06-08,0.536,3977.59,True,False,February
ELEC002882,2024-02-23,weekday,Hostel Block 1,08-10,1.968,3979.56,True,False,February
ELEC002883,2024-02-23,weekday,Hostel Block 1,10-12,2.346,3981.91,True,False,February
ELEC002884,2024-02-23,weekday,Hostel Block 1,12-14,1.694,3983.6,True,False,February
ELEC002885,2024-02-23,weekday,Hostel Block 1,14-16,1.987,3985.59,True,False,February
ELEC002886,2024-02-23,weekday,Hostel Block 1,16-18,1.74,3987.33,True,False,February
ELEC002887,2024-02-23,weekday,Hostel Block 1,18-20,1.356,3988.69,True,False,February
ELEC002888,2024-02-23,weekday,Hostel Block 1,20-22,1.1,3989.79,True,False,February
ELEC002889,2024-02-23,weekday,Hostel Block 1,22-00,0.445,3990.24,True,False,February
ELEC002890,2024-02-23,weekday,Hostel Block 2,06-08,0.626,3720.2,True,False,February
ELEC002891,2024-02-23,weekday,Hostel Block 2,08-10,1.665,3721.86,True,False,February
ELEC002892,2024-02-23,weekday,Hostel Block 2,10-12,2.205,3724.07,True,False,February
ELEC002893,2024-02-23,weekday,Hostel Block 2,12-14,1.754,3725.82,True,False,February
ELEC002894,2024-02-23,weekday,Hostel Block 2,14-16,1.701,3727.52,True,False,February
ELEC002895,2024-02-23,weekday,Hostel Block 2,16-18,1.525,3729.05,True,False,February
ELEC002896,2024-02-23,weekday,Hostel Block 2,18-20,1.477,3730.53,True,False,February
ELEC002897,2024-02-23,weekday,Hostel Block 2,20-22,1.081,3731.61,True,False,February
ELEC002898,2024-02-23,weekday,Hostel Block 2,22-00,0.422,3732.03,True,False,February
ELEC002899,2024-02-23,weekday,Library,06-08,0.813,2113.37,True,False,February
ELEC002900,2024-02-23,weekday,Library,08-10,2.276,2115.65,True,False,February
ELEC002901,2024-02-23,weekday,Library,10-12,2.779,2118.43,True,False,February
ELEC002902,2024-02-23,weekday,Library,12-14,2.43,2120.86,True,False,February
ELEC002903,2024-02-23,weekday,Library,14-16,2.309,2123.17,True,False,February
ELEC002904,2024-02-23,weekday,Library,16-18,2.003,2125.17,True,False,February
ELEC002905,2024-02-23,weekday,Library,18-20,1.767,2126.94,True,False,February
ELEC002906,2024-02-23,weekday,Library,20-22,1.514,2128.45,True,False,February
ELEC002907,2024-02-23,weekday,Library,22-00,0.655,2129.11,True,False,February
ELEC002908,2024-02-23,weekday,Labs Complex,06-08,0.712,4899.7,True,False,February
ELEC002909,2024-02-23,weekday,Labs Complex,08-10,2.105,4901.8,True,False,February
ELEC002910,2024-02-23,weekday,Labs Complex,10-12,2.786,4904.59,True,False,February
ELEC002911,2024-02-23,weekday,Labs Complex,12-14,2.154,4906.74,True,False,February
ELEC002912,2024-02-23,weekday,Labs Complex,14-16,2.423,4909.16,True,False,February
ELEC002913,2024-02-23,weekday,Labs Complex,16-18,1.925,4911.09,True,False,February
ELEC002914,2024-02-23,weekday,Labs Complex,18-20,1.973,4913.06,True,False,February
ELEC002915,2024-02-23,weekday,Labs Complex,20-22,1.336,4914.4,True,False,February
ELEC002916,2024-02-23,weekday,Labs Complex,22-00,0.638,4915.04,True,False,February
ELEC002917,2024-02-24,saturday,Academic Block A,06-08,0.757,2317.95,True,False,February
ELEC002918,2024-02-24,saturday,Academic Block A,08-10,2.181,2320.13,True,False,February
ELEC002919,2024-02-24,saturday,Academic Block A,10-12,2.718,2322.85,True,False,February
ELEC002920,2024-02-24,saturday,Academic Block A,12-14,2.595,2325.44,True,False,February
ELEC002921,2024-02-24,saturday,Academic Block A,14-16,2.207,2327.65,True,False,February
ELEC002922,2024-02-24,saturday,Academic Block A,16-18,2.222,2329.87,True,False,February
ELEC002923,2024-02-24,saturday,Academic Block A,18-20,2.026,2331.9,True,False,February
ELEC002924,2024-02-24,saturday,Academic Block A,20-22,1.608,2333.51,True,False,February
ELEC002925,2024-02-24,saturday,Academic Block A,22-00,0.723,2334.23,True,False,February
ELEC002926,2024-02-24,saturday,Academic Block B,06-08,0.658,5822.78,True,False,February
ELEC002927,2024-02-24,saturday,Academic Block B,08-10,2.433,5825.21,True,False,February
ELEC002928,2024-02-24,saturday,Academic Block B,10-12,2.489,5827.7,True,False,February
ELEC002929,2024-02-24,saturday,Academic Block B,12-14,2.434,5830.13,True,False,February
ELEC002930,2024-02-24,saturday,Academic Block B,14-16,2.36,5832.49,True,False,February
ELEC002931,2024-02-24,saturday,Academic Block B,16-18,2.105,5834.59,True,False,February
ELEC002932,2024-02-24,saturday,Academic Block B,18-20,1.997,5836.59,True,False,February
ELEC002933,2024-02-24,saturday,Academic Block B,20-22,1.314,5837.9,True,False,February
ELEC002934,2024-02-24,saturday,Academic Block B,22-00,0.701,5838.6,True,False,February
ELEC002935,2024-02-24,saturday,Hostel Block 1,06-08,0.354,3990.59,True,False,February
ELEC002936,2024-02-24,saturday,Hostel Block 1,08-10,1.307,3991.9,True,False,February
ELEC002937,2024-02-24,saturday,Hostel Block 1,10-12,1.488,3993.39,True,False,February
ELEC002938,2024-02-24,saturday,Hostel Block 1,12-14,1.385,3994.78,True,False,February
ELEC002939,2024-02-24,saturday,Hostel Block 1,14-16,1.433,3996.21,True,False,February
ELEC002940,2024-02-24,saturday,Hostel Block 1,16-18,1.011,3997.22,True,False,February
ELEC002941,2024-02-24,saturday,Hostel Block 1,18-20,1.051,3998.27,True,False,February
ELEC002942,2024-02-24,saturday,Hostel Block 1,20-22,0.78,3999.05,True,False,February
ELEC002943,2024-02-24,saturday,Hostel Block 1,22-00,0.295,3999.35,True,False,February
ELEC002944,2024-02-24,saturday,Hostel Block 2,06-08,0.348,3732.38,True,False,February
ELEC002945,2024-02-24,saturday,Hostel Block 2,08-10,1.029,3733.41,True,False,February
ELEC002946,2024-02-24,saturday,Hostel Block 2,10-12,1.583,3734.99,True,False,February
ELEC002947,2024-02-24,saturday,Hostel Block 2,12-14,1.227,3736.22,True,False,February
ELEC002948,2024-02-24,saturday,Hostel Block 2,14-16,1.23,3737.45,True,False,February
ELEC002949,2024-02-24,saturday,Hostel Block 2,16-18,1.064,3738.51,True,False,February
ELEC002950,2024-02-24,saturday,Hostel Block 2,18-20,1.154,3739.66,True,False,February
ELEC002951,2024-02-24,saturday,Hostel Block 2,20-22,0.791,3740.45,True,False,February
ELEC002952,2024-02-24,saturday,Hostel Block 2,22-00,0.369,,True,False,February
ELEC002953,2024-02-24,saturday,Library,06-08,1.7169505093869748,2130.83,True,True,February
ELEC002954,2024-02-24,saturday,Library,08-10,1.582,2132.41,True,False,February
ELEC002955,2024-02-24,saturday,Library,10-12,1.901,2134.31,True,False,February
ELEC002956,2024-02-24,saturday,Library,12-14,1.508,2135.82,True,False,February
ELEC002957,2024-02-24,saturday,Library,14-16,1.881,2137.7,True,False,February
ELEC002958,2024-02-24,saturday,Library,16-18,1.516,2139.22,True,False,February
ELEC002959,2024-02-24,saturday,Library,18-20,1.369,2140.59,True,False,February
ELEC002960,2024-02-24,saturday,Library,20-22,0.957,2141.55,True,False,February
ELEC002961,2024-02-24,saturday,Library,22-00,0.405,2141.96,True,False,February
ELEC002962,2024-02-24,saturday,Labs Complex,06-08,1.6994219327522204,4916.74,True,True,February
ELEC002963,2024-02-24,saturday,Labs Complex,08-10,1.418,4918.16,True,False,February
ELEC002964,2024-02-24,saturday,Labs Complex,10-12,1.828,4919.99,True,False,February
ELEC002965,2024-02-24,saturday,Labs Complex,12-14,1.806,4921.8,True,False,February
ELEC002966,2024-02-24,saturday,Labs Complex,14-16,1.825,4923.62,True,False,February
ELEC002967,2024-02-24,saturday,Labs Complex,16-18,1.346,4924.97,True,False,February
ELEC002968,2024-02-24,saturday,Labs Complex,18-20,1.355,4926.32,True,False,February
ELEC002969,2024-02-24,saturday,Labs Complex,20-22,0.975,4927.3,True,False,February
ELEC002970,2024-02-24,saturday,Labs Complex,22-00,0.439,4927.74,True,False,February
ELEC002971,2024-02-25,weekend,Academic Block A,06-08,0.369,2334.6,True,False,February
ELEC002972,2024-02-25,weekend,Academic Block A,08-10,1.159,2335.76,True,False,February
ELEC002973,2024-02-25,weekend,Academic Block A,10-12,1.815,2337.58,True,False,February
ELEC002974,2024-02-25,weekend,Academic Block A,12-14,1.175,2338.76,True,False,February
ELEC002975,2024-02-25,weekend,Academic Block A,14-16,1.479,2340.24,True,False,February
ELEC002976,2024-02-25,weekend,Academic Block A,16-18,1.086,2341.33,True,False,February
ELEC002977,2024-02-25,weekend,Academic Block A,18-20,0.928,2342.26,True,False,February
ELEC002978,2024-02-25,weekend,Academic Block A,20-22,0.898,2343.16,True,False,February
ELEC002979,2024-02-25,weekend,Academic Block A,22-00,0.383,2343.54,True,False,February
ELEC002980,2024-02-25,weekend,Academic Block B,06-08,0.426,5839.03,True,False,February
ELEC002981,2024-02-25,weekend,Academic Block B,08-10,1.376,5840.41,True,False,February
ELEC002982,2024-02-25,weekend,Academic Block B,10-12,1.356,5841.77,True,False,February
ELEC002983,2024-02-25,weekend,Academic Block B,12-14,1.494,5843.26,True,False,February
ELEC002984,2024-02-25,weekend,Academic Block B,14-16,1.349,5844.61,True,False,February
ELEC002985,2024-02-25,weekend,Academic Block B,16-18,1.28,5845.89,True,False,February
ELEC002986,2024-02-25,weekend,Academic Block B,18-20,1.206,5847.1,True,False,February
ELEC002987,2024-02-25,weekend,Academic Block B,20-22,0.808,5847.91,True,False,February
ELEC002988,2024-02-25,weekend,Academic Block B,22-00,0.333,5848.24,True,False,February
ELEC002989,2024-02-25,weekend,Hostel Block 1,06-08,0.197,3999.55,True,False,February
ELEC002990,2024-02-25,weekend,Hostel Block 1,08-10,0.786,4000.34,True,False,February
ELEC002991,2024-02-25,weekend,Hostel Block 1,10-12,0.835,4001.18,True,False,February
ELEC002992,2024-02-25,weekend,Hostel Block 1,12-14,0.809,,True,False,February
ELEC002993,2024-02-25,weekend,Hostel Block 1,14-16,0.744,4002.73,True,False,February
ELEC002994,2024-02-25,weekend,Hostel Block 1,16-18,0.568,4003.3,True,False,February
ELEC002995,2024-02-25,weekend,Hostel Block 1,18-20,0.636,4003.94,True,False,February
ELEC002996,2024-02-25,weekend,Hostel Block 1,20-22,0.502,4004.44,True,False,February
ELEC002997,2024-02-25,weekend,Hostel Block 1,22-00,0.183,4004.62,True,False,February
ELEC002998,2024-02-25,weekend,Hostel Block 2,06-08,0.25,3741.07,True,False,February
ELEC002999,2024-02-25,weekend,Hostel Block 2,08-10,0.694,3741.76,True,False,February
ELEC003000,2024-02-25,weekend,Hostel Block 2,10-12,0.797,3742.56,True,False,February
ELEC003001,2024-02-25,weekend,Hostel Block 2,12-14,0.815,3743.38,True,False,February
ELEC003002,2024-02-25,weekend,Hostel Block 2,14-16,0.845,3744.22,True,False,February
ELEC003003,2024-02-25,weekend,Hostel Block 2,16-18,0.586,3744.81,True,False,February
ELEC003004,2024-02-25,weekend,Hostel Block 2,18-20,0.616,3745.43,True,False,February
ELEC003005,2024-02-25,weekend,Hostel Block 2,20-22,0.477,3745.91,True,False,February
ELEC003006,2024-02-25,weekend,Hostel Block 2,22-00,0.202,,True,False,February
ELEC003007,2024-02-25,weekend,Library,06-08,0.283,2142.24,True,False,February
ELEC003008,2024-02-25,weekend,Library,08-10,0.828,2143.07,True,False,February
ELEC003009,2024-02-25,weekend,Library,10-12,1.03,2144.1,True,False,February
ELEC003010,2024-02-25,weekend,Library,12-14,0.845,2144.94,True,False,February
ELEC003011,2024-02-25,weekend,Library,14-16,1.082,2146.02,True,False,February
ELEC003012,2024-02-25,weekend,Library,16-18,0.865,2146.88,True,False,February
ELEC003013,2024-02-25,weekend,Library,18-20,0.735,2147.62,True,False,February
ELEC003014,2024-02-25,weekend,Library,20-22,0.566,2148.19,True,False,February
ELEC003015,2024-02-25,weekend,Library,22-00,0.212,,True,False,February
ELEC003016,2024-02-25,weekend,Labs Complex,06-08,0.291,4928.03,True,False,February
ELEC003017,2024-02-25,weekend,Labs Complex,08-10,0.912,4928.94,True,False,February
ELEC003018,2024-02-25,weekend,Labs Complex,10-12,1.116,4930.06,True,False,February
ELEC003019,2024-02-25,weekend,Labs Complex,12-14,0.847,4930.91,True,False,February
ELEC003020,2024-02-25,weekend,Labs Complex,14-16,0.922,,True,False,February
ELEC003021,2024-02-25,weekend,Labs Complex,16-18,0.742,4932.57,True,False,February
ELEC003022,2024-02-25,weekend,Labs Complex,18-20,0.779,4933.35,True,False,February
ELEC003023,2024-02-25,weekend,Labs Complex,20-22,0.553,4933.9,True,False,February
ELEC003024,2024-02-25,weekend,Labs Complex,22-00,0.253,4934.15,True,False,February
ELEC003025,2024-02-26,weekday,Academic Block A,06-08,0.978,2344.52,False,False,February
ELEC003026,2024-02-26,weekday,Academic Block A,08-10,2.616,2347.14,False,False,February
ELEC003027,2024-02-26,weekday,Academic Block A,10-12,3.475,2350.61,False,False,February
ELEC003028,2024-02-26,weekday,Academic Block A,12-14,2.959,2353.57,False,False,February
ELEC003029,2024-02-26,weekday,Academic Block A,14-16,2.836,2356.41,False,False,February
ELEC003030,2024-02-26,weekday,Academic Block A,16-18,2.522,2358.93,False,False,February
ELEC003031,2024-02-26,weekday,Academic Block A,18-20,2.193,2361.12,False,False,February
ELEC003032,2024-02-26,weekday,Academic Block A,20-22,2.006,2363.13,False,False,February
ELEC003033,2024-02-26,weekday,Academic Block A,22-00,0.763,2363.89,False,False,February
ELEC003034,2024-02-26,weekday,Academic Block B,06-08,0.949,5849.19,False,False,February
ELEC003035,2024-02-26,weekday,Academic Block B,08-10,2.67,5851.86,False,False,February
ELEC003036,2024-02-26,weekday,Academic Block B,10-12,3.181,5855.04,False,False,February
ELEC003037,2024-02-26,weekday,Academic Block B,12-14,2.648,5857.69,False,False,February
ELEC003038,2024-02-26,weekday,Academic Block B,14-16,2.93,5860.62,False,False,February
ELEC003039,2024-02-26,weekday,Academic Block B,16-18,2.173,5862.79,False,False,February
ELEC003040,2024-02-26,weekday,Academic Block B,18-20,2.002,5864.79,False,False,February
ELEC003041,2024-02-26,weekday,Academic Block B,20-22,1.826,,False,False,February
ELEC003042,2024-02-26,weekday,Academic Block B,22-00,0.72,5867.34,False,False,February
ELEC003043,2024-02-26,weekday,Hostel Block 1,06-08,0.53,4005.15,False,False,February
ELEC003044,2024-02-26,weekday,Hostel Block 1,08-10,1.341,4006.49,False,False,February
ELEC003045,2024-02-26,weekday,Hostel Block 1,10-12,1.722,4008.21,False,False,February
ELEC003046,2024-02-26,weekday,Hostel Block 1,12-14,1.376,4009.59,False,False,February
ELEC003047,2024-02-26,weekday,Hostel Block 1,14-16,1.396,4010.99,False,False,February
ELEC003048,2024-02-26,weekday,Hostel Block 1,16-18,1.34,4012.33,False,False,February
ELEC003049,2024-02-26,weekday,Hostel Block 1,18-20,1.067,4013.4,False,False,February
ELEC003050,2024-02-26,weekday,Hostel Block 1,20-22,0.969,4014.37,False,False,February
ELEC003051,2024-02-26,weekday,Hostel Block 1,22-00,0.342,4014.71,False,False,February
ELEC003052,2024-02-26,weekday,Hostel Block 2,06-08,0.442,3746.55,False,False,February
ELEC003053,2024-02-26,weekday,Hostel Block 2,08-10,1.648,3748.2,False,False,February
ELEC003054,2024-02-26,weekday,Hostel Block 2,10-12,1.509,3749.71,False,False,February
ELEC003055,2024-02-26,weekday,Hostel Block 2,12-14,1.305,3751.01,False,False,February
ELEC003056,2024-02-26,weekday,Hostel Block 2,14-16,1.686,3752.7,False,False,February
ELEC003057,2024-02-26,weekday,Hostel Block 2,16-18,1.166,3753.87,False,False,February
ELEC003058,2024-02-26,weekday,Hostel Block 2,18-20,1.122,3754.99,False,False,February
ELEC003059,2024-02-26,weekday,Hostel Block 2,20-22,0.917,3755.91,False,False,February
ELEC003060,2024-02-26,weekday,Hostel Block 2,22-00,0.446,3756.36,False,False,February
ELEC003061,2024-02-26,weekday,Library,06-08,0.619,2149.02,False,False,February
ELEC003062,2024-02-26,weekday,Library,08-10,2.021,2151.04,False,False,February
ELEC003063,2024-02-26,weekday,Library,10-12,2.313,2153.35,False,False,February
ELEC003064,2024-02-26,weekday,Library,12-14,1.952,2155.3,False,False,February
ELEC003065,2024-02-26,weekday,Library,14-16,5.3856533286457555,2160.69,False,True,February
ELEC003066,2024-02-26,weekday,Library,16-18,1.952,2162.64,False,False,February
ELEC003067,2024-02-26,weekday,Library,18-20,1.564,2164.2,False,False,February
ELEC003068,2024-02-26,weekday,Library,20-22,1.379,2165.58,False,False,February
ELEC003069,2024-02-26,weekday,Library,22-00,0.554,2166.13,False,False,February
ELEC003070,2024-02-26,weekday,Labs Complex,06-08,0.594,4934.74,False,False,February
ELEC003071,2024-02-26,weekday,Labs Complex,08-10,1.787,4936.53,False,False,February
ELEC003072,2024-02-26,weekday,Labs Complex,10-12,2.197,4938.73,False,False,February
ELEC003073,2024-02-26,weekday,Labs Complex,12-14,2.132,4940.86,False,False,February
ELEC003074,2024-02-26,weekday,Labs Complex,14-16,2.079,4942.94,False,False,February
ELEC003075,2024-02-26,weekday,Labs Complex,16-18,1.579,,False,False,February
ELEC003076,2024-02-26,weekday,Labs Complex,18-20,1.663,4946.18,False,False,February
ELEC003077,2024-02-26,weekday,Labs Complex,20-22,1.28,4947.46,False,False,February
ELEC003078,2024-02-26,weekday,Labs Complex,22-00,0.447,4947.91,False,False,February
ELEC003079,2024-02-27,weekday,Academic Block A,06-08,0.863,2364.75,False,False,February
ELEC003080,2024-02-27,weekday,Academic Block A,08-10,3.103,2367.85,False,False,February
ELEC003081,2024-02-27,weekday,Academic Block A,10-12,3.032,2370.88,False,False,February
ELEC003082,2024-02-27,weekday,Academic Block A,12-14,3.069,2373.95,False,False,February
ELEC003083,2024-02-27,weekday,Academic Block A,14-16,3.435,2377.38,False,False,February
ELEC003084,2024-02-27,weekday,Academic Block A,16-18,2.737,2380.12,False,False,February
ELEC003085,2024-02-27,weekday,Academic Block A,18-20,2.288,2382.41,False,False,February
ELEC003086,2024-02-27,weekday,Academic Block A,20-22,1.986,2384.4,False,False,February
ELEC003087,2024-02-27,weekday,Academic Block A,22-00,0.695,2385.1,False,False,February
ELEC003088,2024-02-27,weekday,Academic Block B,06-08,0.848,5868.19,False,False,February
ELEC003089,2024-02-27,weekday,Academic Block B,08-10,2.346,5870.54,False,False,February
ELEC003090,2024-02-27,weekday,Academic Block B,10-12,3.785,5874.32,False,False,February
ELEC003091,2024-02-27,weekday,Academic Block B,12-14,2.889,5877.21,False,False,February
ELEC003092,2024-02-27,weekday,Academic Block B,14-16,3.433,5880.64,False,False,February
ELEC003093,2024-02-27,weekday,Academic Block B,16-18,2.769,5883.41,False,False,February
ELEC003094,2024-02-27,weekday,Academic Block B,18-20,2.37,5885.78,False,False,February
ELEC003095,2024-02-27,weekday,Academic Block B,20-22,1.928,5887.71,False,False,February
ELEC003096,2024-02-27,weekday,Academic Block B,22-00,0.762,5888.47,False,False,February
ELEC003097,2024-02-27,weekday,Hostel Block 1,06-08,0.437,4015.15,False,False,February
ELEC003098,2024-02-27,weekday,Hostel Block 1,08-10,1.648,4016.8,False,False,February
ELEC003099,2024-02-27,weekday,Hostel Block 1,10-12,2.019,4018.82,False,False,February
ELEC003100,2024-02-27,weekday,Hostel Block 1,12-14,1.57,4020.39,False,False,February
ELEC003101,2024-02-27,weekday,Hostel Block 1,14-16,1.422,4021.81,False,False,February
ELEC003102,2024-02-27,weekday,Hostel Block 1,16-18,1.31,4023.12,False,False,February
ELEC003103,2024-02-27,weekday,Hostel Block 1,18-20,1.037,4024.16,False,False,February
ELEC003104,2024-02-27,weekday,Hostel Block 1,20-22,0.996,4025.16,False,False,February
ELEC003105,2024-02-27,weekday,Hostel Block 1,22-00,0.415,4025.57,False,False,February
ELEC003106,2024-02-27,weekday,Hostel Block 2,06-08,0.496,3756.86,False,False,February
ELEC003107,2024-02-27,weekday,Hostel Block 2,08-10,1.399,3758.26,False,False,February
ELEC003108,2024-02-27,weekday,Hostel Block 2,10-12,1.778,3760.04,False,False,February
ELEC003109,2024-02-27,weekday,Hostel Block 2,12-14,1.488,3761.53,False,False,February
ELEC003110,2024-02-27,weekday,Hostel Block 2,14-16,1.806,3763.34,False,False,February
ELEC003111,2024-02-27,weekday,Hostel Block 2,16-18,1.191,3764.53,False,False,February
ELEC003112,2024-02-27,weekday,Hostel Block 2,18-20,1.297,3765.83,False,False,February
ELEC003113,2024-02-27,weekday,Hostel Block 2,20-22,0.946,3766.78,False,False,February
ELEC003114,2024-02-27,weekday,Hostel Block 2,22-00,0.423,3767.2,False,False,February
ELEC003115,2024-02-27,weekday,Library,06-08,0.565,2166.7,False,False,February
ELEC003116,2024-02-27,weekday,Library,08-10,1.704,2168.4,False,False,February
ELEC003117,2024-02-27,weekday,Library,10-12,2.236,2170.64,False,False,February
ELEC003118,2024-02-27,weekday,Library,12-14,2.104,2172.74,False,False,February
ELEC003119,2024-02-27,weekday,Library,14-16,1.822,2174.56,False,False,February
ELEC003120,2024-02-27,weekday,Library,16-18,1.763,2176.32,False,False,February
ELEC003121,2024-02-27,weekday,Library,18-20,1.475,2177.8,False,False,February
ELEC003122,2024-02-27,weekday,Library,20-22,1.215,2179.02,False,False,February
ELEC003123,2024-02-27,weekday,Library,22-00,0.439,,False,False,February
ELEC003124,2024-02-27,weekday,Labs Complex,06-08,0.548,4948.46,False,False,February
ELEC003125,2024-02-27,weekday,Labs Complex,08-10,1.765,4950.23,False,False,February
ELEC003126,2024-02-27,weekday,Labs Complex,10-12,2.453,4952.68,False,False,February
ELEC003127,2024-02-27,weekday,Labs Complex,12-14,1.881,4954.56,False,False,February
ELEC003128,2024-02-27,weekday,Labs Complex,14-16,1.954,4956.51,False,False,February
ELEC003129,2024-02-27,weekday,Labs Complex,16-18,1.56,4958.07,False,False,February
ELEC003130,2024-02-27,weekday,Labs Complex,18-20,1.706,4959.78,False,False,February
ELEC003131,2024-02-27,weekday,Labs Complex,20-22,1.047,4960.83,False,False,February
ELEC003132,2024-02-27,weekday,Labs Complex,22-00,0.447,4961.28,False,False,February
ELEC003133,2024-02-28,weekday,Academic Block A,06-08,0.997,2386.1,False,False,February
ELEC003134,2024-02-28,weekday,Academic Block A,08-10,7.497008458191263,2393.6,False,True,February
ELEC003135,2024-02-28,weekday,Academic Block A,10-12,3.102,2396.7,False,False,February
ELEC003136,2024-02-28,weekday,Academic Block A,12-14,2.792,2399.49,False,False,February
ELEC003137,2024-02-28,weekday,Academic Block A,14-16,2.667,2402.16,False,False,February
ELEC003138,2024-02-28,weekday,Academic Block A,16-18,2.397,2404.56,False,False,February
ELEC003139,2024-02-28,weekday,Academic Block A,18-20,2.147,2406.71,False,False,February
ELEC003140,2024-02-28,weekday,Academic Block A,20-22,1.557,2408.27,False,False,February
ELEC003141,2024-02-28,weekday,Academic Block A,22-00,0.836,2409.11,False,False,February
ELEC003142,2024-02-28,weekday,Academic Block B,06-08,0.957,5889.43,False,False,February
ELEC003143,2024-02-28,weekday,Academic Block B,08-10,2.421,5891.85,False,False,February
ELEC003144,2024-02-28,weekday,Academic Block B,10-12,3.544,5895.39,False,False,February
ELEC003145,2024-02-28,weekday,Academic Block B,12-14,3.222,5898.61,False,False,February
ELEC003146,2024-02-28,weekday,Academic Block B,14-16,3.396,5902.01,False,False,February
ELEC003147,2024-02-28,weekday,Academic Block B,16-18,2.554,5904.56,False,False,February
ELEC003148,2024-02-28,weekday,Academic Block B,18-20,1.963,5906.52,False,False,February
ELEC003149,2024-02-28,weekday,Academic Block B,20-22,1.63,5908.15,False,False,February
ELEC003150,2024-02-28,weekday,Academic Block B,22-00,0.771,5908.92,False,False,February
ELEC003151,2024-02-28,weekday,Hostel Block 1,06-08,0.502,4026.07,False,False,February
ELEC003152,2024-02-28,weekday,Hostel Block 1,08-10,1.516,4027.59,False,False,February
ELEC003153,2024-02-28,weekday,Hostel Block 1,10-12,1.762,4029.35,False,False,February
ELEC003154,2024-02-28,weekday,Hostel Block 1,12-14,1.746,4031.1,False,False,February
ELEC003155,2024-02-28,weekday,Hostel Block 1,14-16,1.547,4032.65,False,False,February
ELEC003156,2024-02-28,weekday,Hostel Block 1,16-18,1.189,4033.84,False,False,February
ELEC003157,2024-02-28,weekday,Hostel Block 1,18-20,1.219,4035.06,False,False,February
ELEC003158,2024-02-28,weekday,Hostel Block 1,20-22,1.066,4036.13,False,False,February
ELEC003159,2024-02-28,weekday,Hostel Block 1,22-00,0.341,4036.47,False,False,February
ELEC003160,2024-02-28,weekday,Hostel Block 2,06-08,0.427,3767.63,False,False,February
ELEC003161,2024-02-28,weekday,Hostel Block 2,08-10,1.448,3769.08,False,False,February
ELEC003162,2024-02-28,weekday,Hostel Block 2,10-12,1.613,3770.69,False,False,February
ELEC003163,2024-02-28,weekday,Hostel Block 2,12-14,1.602,3772.29,False,False,February
ELEC003164,2024-02-28,weekday,Hostel Block 2,14-16,1.669,3773.96,False,False,February
ELEC003165,2024-02-28,weekday,Hostel Block 2,16-18,1.417,3775.38,False,False,February
ELEC003166,2024-02-28,weekday,Hostel Block 2,18-20,1.163,3776.54,False,False,February
ELEC003167,2024-02-28,weekday,Hostel Block 2,20-22,1.007,3777.55,False,False,February
ELEC003168,2024-02-28,weekday,Hostel Block 2,22-00,0.415,3777.97,False,False,February
ELEC003169,2024-02-28,weekday,Library,06-08,0.639,2180.1,False,False,February
ELEC003170,2024-02-28,weekday,Library,08-10,1.854,2181.95,False,False,February
ELEC003171,2024-02-28,weekday,Library,10-12,2.112,2184.06,False,False,February
ELEC003172,2024-02-28,weekday,Library,12-14,1.695,2185.76,False,False,February
ELEC003173,2024-02-28,weekday,Library,14-16,2.103,2187.86,False,False,February
ELEC003174,2024-02-28,weekday,Library,16-18,1.596,2189.46,False,False,February
ELEC003175,2024-02-28,weekday,Library,18-20,1.363,,False,False,February
ELEC003176,2024-02-28,weekday,Library,20-22,1.225,2192.05,False,False,February
ELEC003177,2024-02-28,weekday,Library,22-00,0.497,2192.55,False,False,February
ELEC003178,2024-02-28,weekday,Labs Complex,06-08,0.641,4961.92,False,False,February
ELEC003179,2024-02-28,weekday,Labs Complex,08-10,1.773,4963.69,False,False,February
ELEC003180,2024-02-28,weekday,Labs Complex,10-12,2.199,4965.89,False,False,February
ELEC003181,2024-02-28,weekday,Labs Complex,12-14,1.896,4967.79,False,False,February
ELEC003182,2024-02-28,weekday,Labs Complex,14-16,1.892,4969.68,False,False,February
ELEC003183,2024-02-28,weekday,Labs Complex,16-18,1.544,4971.22,False,False,February
ELEC003184,2024-02-28,weekday,Labs Complex,18-20,1.424,4972.64,False,False,February
ELEC003185,2024-02-28,weekday,Labs Complex,20-22,1.263,4973.9,False,False,February
ELEC003186,2024-02-28,weekday,Labs Complex,22-00,0.435,,False,False,February
ELEC003187,2024-02-29,weekday,Academic Block A,06-08,0.975,2410.09,False,False,February
ELEC003188,2024-02-29,weekday,Academic Block A,08-10,2.994,2413.08,False,False,February
ELEC003189,2024-02-29,weekday,Academic Block A,10-12,3.343,2416.42,False,False,February
ELEC003190,2024-02-29,weekday,Academic Block A,12-14,2.877,2419.3,False,False,February
ELEC003191,2024-02-29,weekday,Academic Block A,14-16,2.594,2421.89,False,False,February
ELEC003192,2024-02-29,weekday,Academic Block A,16-18,2.583,2424.47,False,False,February
ELEC003193,2024-02-29,weekday,Academic Block A,18-20,2.44,2426.91,False,False,February
ELEC003194,2024-02-29,weekday,Academic Block A,20-22,6.692464332548516,2433.6,False,True,February
ELEC003195,2024-02-29,weekday,Academic Block A,22-00,0.742,2434.34,False,False,February
ELEC003196,2024-02-29,weekday,Academic Block B,06-08,0.844,5909.76,False,False,February
ELEC003197,2024-02-29,weekday,Academic Block B,08-10,2.742,5912.5,False,False,February
ELEC003198,2024-02-29,weekday,Academic Block B,10-12,3.388,5915.89,False,False,February
ELEC003199,2024-02-29,weekday,Academic Block B,12-14,2.969,5918.86,False,False,February
ELEC003200,2024-02-29,weekday,Academic Block B,14-16,2.673,5921.53,False,False,February
ELEC003201,2024-02-29,weekday,Academic Block B,16-18,2.376,5923.91,False,False,February
ELEC003202,2024-02-29,weekday,Academic Block B,18-20,2.584,5926.49,False,False,February
ELEC003203,2024-02-29,weekday,Academic Block B,20-22,1.857,5928.35,False,False,February
ELEC003204,2024-02-29,weekday,Academic Block B,22-00,0.671,5929.02,False,False,February
ELEC003205,2024-02-29,weekday,Hostel Block 1,06-08,0.446,4036.92,False,False,February
ELEC003206,2024-02-29,weekday,Hostel Block 1,08-10,1.363,4038.28,False,False,February
ELEC003207,2024-02-29,weekday,Hostel Block 1,10-12,1.815,4040.1,False,False,February
ELEC003208,2024-02-29,weekday,Hostel Block 1,12-14,1.314,4041.41,False,False,February
ELEC003209,2024-02-29,weekday,Hostel Block 1,14-16,1.71,4043.12,False,False,February
ELEC003210,2024-02-29,weekday,Hostel Block 1,16-18,1.506,4044.63,False,False,February
ELEC003211,2024-02-29,weekday,Hostel Block 1,18-20,1.313,4045.94,False,False,February
ELEC003212,2024-02-29,weekday,Hostel Block 1,20-22,0.897,4046.84,False,False,February
ELEC003213,2024-02-29,weekday,Hostel Block 1,22-00,0.368,4047.21,False,False,February
ELEC003214,2024-02-29,weekday,Hostel Block 2,06-08,0.485,3778.45,False,False,February
ELEC003215,2024-02-29,weekday,Hostel Block 2,08-10,1.372,3779.82,False,False,February
ELEC003216,2024-02-29,weekday,Hostel Block 2,10-12,1.549,3781.37,False,False,February
ELEC003217,2024-02-29,weekday,Hostel Block 2,12-14,1.303,3782.67,False,False,February
ELEC003218,2024-02-29,weekday,Hostel Block 2,14-16,1.591,3784.26,False,False,February
ELEC003219,2024-02-29,weekday,Hostel Block 2,16-18,1.354,3785.61,False,False,February
ELEC003220,2024-02-29,weekday,Hostel Block 2,18-20,1.149,3786.76,False,False,February
ELEC003221,2024-02-29,weekday,Hostel Block 2,20-22,1.048,3787.81,False,False,February
ELEC003222,2024-02-29,weekday,Hostel Block 2,22-00,0.409,3788.22,False,False,February
ELEC003223,2024-02-29,weekday,Library,06-08,0.52,2193.07,False,False,February
ELEC003224,2024-02-29,weekday,Library,08-10,1.9,2194.97,False,False,February
ELEC003225,2024-02-29,weekday,Library,10-12,1.959,2196.93,False,False,February
ELEC003226,2024-02-29,weekday,Library,12-14,2.042,2198.97,False,False,February
ELEC003227,2024-02-29,weekday,Library,14-16,2.118,2201.09,False,False,February
ELEC003228,2024-02-29,weekday,Library,16-18,1.791,2202.88,False,False,February
ELEC003229,2024-02-29,weekday,Library,18-20,1.602,2204.48,False,False,February
ELEC003230,2024-02-29,weekday,Library,20-22,1.361,2205.84,False,False,February
ELEC003231,2024-02-29,weekday,Library,22-00,0.52,2206.36,False,False,February
ELEC003232,2024-02-29,weekday,Labs Complex,06-08,0.526,4974.86,False,False,February
ELEC003233,2024-02-29,weekday,Labs Complex,08-10,1.547,4976.41,False,False,February
ELEC003234,2024-02-29,weekday,Labs Complex,10-12,1.935,4978.35,False,False,February
ELEC003235,2024-02-29,weekday,Labs Complex,12-14,1.952,4980.3,False,False,February
ELEC003236,2024-02-29,weekday,Labs Complex,14-16,2.219,4982.52,False,False,February
ELEC003237,2024-02-29,weekday,Labs Complex,16-18,1.553,4984.07,False,False,February
ELEC003238,2024-02-29,weekday,Labs Complex,18-20,1.607,4985.68,False,False,February
ELEC003239,2024-02-29,weekday,Labs Complex,20-22,1.048,4986.73,False,False,February
ELEC003240,2024-02-29,weekday,Labs Complex,22-00,0.566,4987.3,False,False,February
ELEC003241,2024-03-01,weekday,Academic Block A,06-08,0.782,2435.12,False,False,March
ELEC003242,2024-03-01,weekday,Academic Block A,08-10,2.611,2437.73,False,False,March
ELEC003243,2024-03-01,weekday,Academic Block A,10-12,2.842,2440.57,False,False,March
ELEC003244,2024-03-01,weekday,Academic Block A,12-14,3.062,2443.63,False,False,March
ELEC003245,2024-03-01,weekday,Academic Block A,14-16,2.888,2446.52,False,False,March
ELEC003246,2024-03-01,weekday,Academic Block A,16-18,2.47,2448.99,False,False,March
ELEC003247,2024-03-01,weekday,Academic Block A,18-20,2.379,2451.37,False,False,March
ELEC003248,2024-03-01,weekday,Academic Block A,20-22,1.634,2453.0,False,False,March
ELEC003249,2024-03-01,weekday,Academic Block A,22-00,0.794,2453.79,False,False,March
ELEC003250,2024-03-01,weekday,Academic Block B,06-08,0.819,5929.84,False,False,March
ELEC003251,2024-03-01,weekday,Academic Block B,08-10,3.074,5932.91,False,False,March
ELEC003252,2024-03-01,weekday,Academic Block B,10-12,3.099,5936.01,False,False,March
ELEC003253,2024-03-01,weekday,Academic Block B,12-14,2.65,5938.66,False,False,March
ELEC003254,2024-03-01,weekday,Academic Block B,14-16,2.993,5941.65,False,False,March
ELEC003255,2024-03-01,weekday,Academic Block B,16-18,2.702,5944.35,False,False,March
ELEC003256,2024-03-01,weekday,Academic Block B,18-20,2.059,5946.41,False,False,March
ELEC003257,2024-03-01,weekday,Academic Block B,20-22,1.804,5948.21,False,False,March
ELEC003258,2024-03-01,weekday,Academic Block B,22-00,0.74,5948.95,False,False,March
ELEC003259,2024-03-01,weekday,Hostel Block 1,06-08,0.49,4047.7,False,False,March
ELEC003260,2024-03-01,weekday,Hostel Block 1,08-10,1.572,4049.27,False,False,March
ELEC003261,2024-03-01,weekday,Hostel Block 1,10-12,1.838,4051.11,False,False,March
ELEC003262,2024-03-01,weekday,Hostel Block 1,12-14,1.542,4052.65,False,False,March
ELEC003263,2024-03-01,weekday,Hostel Block 1,14-16,1.663,4054.31,False,False,March
ELEC003264,2024-03-01,weekday,Hostel Block 1,16-18,1.295,4055.61,False,False,March
ELEC003265,2024-03-01,weekday,Hostel Block 1,18-20,1.332,4056.94,False,False,March
ELEC003266,2024-03-01,weekday,Hostel Block 1,20-22,0.858,4057.8,False,False,March
ELEC003267,2024-03-01,weekday,Hostel Block 1,22-00,0.357,4058.16,False,False,March
ELEC003268,2024-03-01,weekday,Hostel Block 2,06-08,0.457,3788.68,False,False,March
ELEC003269,2024-03-01,weekday,Hostel Block 2,08-10,1.227,3789.91,False,False,March
ELEC003270,2024-03-01,weekday,Hostel Block 2,10-12,1.93,,False,False,March
ELEC003271,2024-03-01,weekday,Hostel Block 2,12-14,1.455,3793.29,False,False,March
ELEC003272,2024-03-01,weekday,Hostel Block 2,14-16,1.768,3795.06,False,False,March
ELEC003273,2024-03-01,weekday,Hostel Block 2,16-18,1.167,3796.23,False,False,March
ELEC003274,2024-03-01,weekday,Hostel Block 2,18-20,1.041,3797.27,False,False,March
ELEC003275,2024-03-01,weekday,Hostel Block 2,20-22,1.051,,False,False,March
ELEC003276,2024-03-01,weekday,Hostel Block 2,22-00,0.381,3798.7,False,False,March
ELEC003277,2024-03-01,weekday,Library,06-08,0.58,2206.94,False,False,March
ELEC003278,2024-03-01,weekday,Library,08-10,1.762,2208.7,False,False,March
ELEC003279,2024-03-01,weekday,Library,10-12,2.397,2211.1,False,False,March
ELEC003280,2024-03-01,weekday,Library,12-14,2.122,2213.22,False,False,March
ELEC003281,2024-03-01,weekday,Library,14-16,1.788,2215.01,False,False,March
ELEC003282,2024-03-01,weekday,Library,16-18,1.547,2216.56,False,False,March
ELEC003283,2024-03-01,weekday,Library,18-20,1.374,2217.93,False,False,March
ELEC003284,2024-03-01,weekday,Library,20-22,1.147,2219.08,False,False,March
ELEC003285,2024-03-01,weekday,Library,22-00,0.573,2219.65,False,False,March
ELEC003286,2024-03-01,weekday,Labs Complex,06-08,0.668,4987.97,False,False,March
ELEC003287,2024-03-01,weekday,Labs Complex,08-10,1.837,4989.81,False,False,March
ELEC003288,2024-03-01,weekday,Labs Complex,10-12,2.398,4992.21,False,False,March
ELEC003289,2024-03-01,weekday,Labs Complex,12-14,1.705,4993.91,False,False,March
ELEC003290,2024-03-01,weekday,Labs Complex,14-16,2.011,4995.92,False,False,March
ELEC003291,2024-03-01,weekday,Labs Complex,16-18,1.517,4997.44,False,False,March
ELEC003292,2024-03-01,weekday,Labs Complex,18-20,1.483,4998.92,False,False,March
ELEC003293,2024-03-01,weekday,Labs Complex,20-22,1.228,5000.15,False,False,March
ELEC003294,2024-03-01,weekday,Labs Complex,22-00,0.535,5000.68,False,False,March
ELEC003295,2024-03-02,saturday,Academic Block A,06-08,0.573,2454.36,False,False,March
ELEC003296,2024-03-02,saturday,Academic Block A,08-10,2.016,2456.38,False,False,March
ELEC003297,2024-03-02,saturday,Academic Block A,10-12,2.096,2458.48,False,False,March
ELEC003298,2024-03-02,saturday,Academic Block A,12-14,2.086,,False,False,March
ELEC003299,2024-03-02,saturday,Academic Block A,14-16,2.133,2462.7,False,False,March
ELEC003300,2024-03-02,saturday,Academic Block A,16-18,1.932,2464.63,False,False,March
ELEC003301,2024-03-02,saturday,Academic Block A,18-20,1.349,2465.98,False,False,March
ELEC003302,2024-03-02,saturday,Academic Block A,20-22,1.435,2467.41,False,False,March
ELEC003303,2024-03-02,saturday,Academic Block A,22-00,0.5,2467.91,False,False,March
ELEC003304,2024-03-02,saturday,Academic Block B,06-08,0.576,5949.53,False,False,March
ELEC003305,2024-03-02,saturday,Academic Block B,08-10,1.721,5951.25,False,False,March
ELEC003306,2024-03-02,saturday,Academic Block B,10-12,2.163,5953.41,False,False,March
ELEC003307,2024-03-02,saturday,Academic Block B,12-14,2.095,5955.51,False,False,March
ELEC003308,2024-03-02,saturday,Academic Block B,14-16,2.129,5957.64,False,False,March
ELEC003309,2024-03-02,saturday,Academic Block B,16-18,1.671,5959.31,False,False,March
ELEC003310,2024-03-02,saturday,Academic Block B,18-20,1.388,5960.7,False,False,March
ELEC003311,2024-03-02,saturday,Academic Block B,20-22,1.355,5962.05,False,False,March
ELEC003312,2024-03-02,saturday,Academic Block B,22-00,0.518,5962.57,False,False,March
ELEC003313,2024-03-02,saturday,Hostel Block 1,06-08,0.295,4058.45,False,False,March
ELEC003314,2024-03-02,saturday,Hostel Block 1,08-10,1.149,4059.6,False,False,March
ELEC003315,2024-03-02,saturday,Hostel Block 1,10-12,1.052,4060.65,False,False,March
ELEC003316,2024-03-02,saturday,Hostel Block 1,12-14,0.977,4061.63,False,False,March
ELEC003317,2024-03-02,saturday,Hostel Block 1,14-16,0.994,4062.62,False,False,March
ELEC003318,2024-03-02,saturday,Hostel Block 1,16-18,0.833,4063.45,False,False,March
ELEC003319,2024-03-02,saturday,Hostel Block 1,18-20,0.897,,False,False,March
ELEC003320,2024-03-02,saturday,Hostel Block 1,20-22,0.582,4064.93,False,False,March
ELEC003321,2024-03-02,saturday,Hostel Block 1,22-00,0.315,4065.24,False,False,March
ELEC003322,2024-03-02,saturday,Hostel Block 2,06-08,0.338,3799.04,False,False,March
ELEC003323,2024-03-02,saturday,Hostel Block 2,08-10,1.119,3800.16,False,False,March
ELEC003324,2024-03-02,saturday,Hostel Block 2,10-12,1.302,3801.46,False,False,March
ELEC003325,2024-03-02,saturday,Hostel Block 2,12-14,1.012,3802.47,False,False,March
ELEC003326,2024-03-02,saturday,Hostel Block 2,14-16,1.217,3803.69,False,False,March
ELEC003327,2024-03-02,saturday,Hostel Block 2,16-18,0.976,3804.67,False,False,March
ELEC003328,2024-03-02,saturday,Hostel Block 2,18-20,0.787,3805.46,False,False,March
ELEC003329,2024-03-02,saturday,Hostel Block 2,20-22,0.722,3806.18,False,False,March
ELEC003330,2024-03-02,saturday,Hostel Block 2,22-00,0.28,3806.46,False,False,March
ELEC003331,2024-03-02,saturday,Library,06-08,0.408,2220.06,False,False,March
ELEC003332,2024-03-02,saturday,Library,08-10,1.146,2221.21,False,False,March
ELEC003333,2024-03-02,saturday,Library,10-12,1.555,2222.76,False,False,March
ELEC003334,2024-03-02,saturday,Library,12-14,1.326,2224.09,False,False,March
ELEC003335,2024-03-02,saturday,Library,14-16,1.61,2225.7,False,False,March
ELEC003336,2024-03-02,saturday,Library,16-18,1.325,2227.02,False,False,March
ELEC003337,2024-03-02,saturday,Library,18-20,1.116,2228.14,False,False,March
ELEC003338,2024-03-02,saturday,Library,20-22,0.811,2228.95,False,False,March
ELEC003339,2024-03-02,saturday,Library,22-00,0.344,2229.29,False,False,March
ELEC003340,2024-03-02,saturday,Labs Complex,06-08,0.475,5001.16,False,False,March
ELEC003341,2024-03-02,saturday,Labs Complex,08-10,1.319,5002.48,False,False,March
ELEC003342,2024-03-02,saturday,Labs Complex,10-12,1.648,5004.13,False,False,March
ELEC003343,2024-03-02,saturday,Labs Complex,12-14,1.352,5005.48,False,False,March
ELEC003344,2024-03-02,saturday,Labs Complex,14-16,1.278,5006.76,False,False,March
ELEC003345,2024-03-02,saturday,Labs Complex,16-18,1.077,5007.84,False,False,March
ELEC003346,2024-03-02,saturday,Labs Complex,18-20,0.946,5008.79,False,False,March
ELEC003347,2024-03-02,saturday,Labs Complex,20-22,0.941,5009.73,False,False,March
ELEC003348,2024-03-02,saturday,Labs Complex,22-00,0.357,5010.09,False,False,March
ELEC003349,2024-03-03,weekend,Academic Block A,06-08,0.395,2468.3,False,False,March
ELEC003350,2024-03-03,weekend,Academic Block A,08-10,0.959,2469.26,False,False,March
ELEC003351,2024-03-03,weekend,Academic Block A,10-12,1.474,2470.73,False,False,March
ELEC003352,2024-03-03,weekend,Academic Block A,12-14,1.28,2472.01,False,False,March
ELEC003353,2024-03-03,weekend,Academic Block A,14-16,1.244,2473.25,False,False,March
ELEC003354,2024-03-03,weekend,Academic Block A,16-18,1.029,2474.28,False,False,March
ELEC003355,2024-03-03,weekend,Academic Block A,18-20,0.959,2475.24,False,False,March
ELEC003356,2024-03-03,weekend,Academic Block A,20-22,0.8,2476.04,False,False,March
ELEC003357,2024-03-03,weekend,Academic Block A,22-00,0.275,2476.32,False,False,March
ELEC003358,2024-03-03,weekend,Academic Block B,06-08,0.398,5962.97,False,False,March
ELEC003359,2024-03-03,weekend,Academic Block B,08-10,1.205,5964.18,False,False,March
ELEC003360,2024-03-03,weekend,Academic Block B,10-12,1.239,5965.42,False,False,March
ELEC003361,2024-03-03,weekend,Academic Block B,12-14,1.075,5966.49,False,False,March
ELEC003362,2024-03-03,weekend,Academic Block B,14-16,1.225,5967.72,False,False,March
ELEC003363,2024-03-03,weekend,Academic Block B,16-18,0.893,5968.61,False,False,March
ELEC003364,2024-03-03,weekend,Academic Block B,18-20,0.958,5969.57,False,False,March
ELEC003365,2024-03-03,weekend,Academic Block B,20-22,0.757,5970.33,False,False,March
ELEC003366,2024-03-03,weekend,Academic Block B,22-00,0.31,5970.64,False,False,March
ELEC003367,2024-03-03,weekend,Hostel Block 1,06-08,0.168,4065.41,False,False,March
ELEC003368,2024-03-03,weekend,Hostel Block 1,08-10,0.633,4066.04,False,False,March
ELEC003369,2024-03-03,weekend,Hostel Block 1,10-12,0.727,4066.77,False,False,March
ELEC003370,2024-03-03,weekend,Hostel Block 1,12-14,0.539,4067.31,False,False,March
ELEC003371,2024-03-03,weekend,Hostel Block 1,14-16,0.575,4067.88,False,False,March
ELEC003372,2024-03-03,weekend,Hostel Block 1,16-18,0.542,4068.42,False,False,March
ELEC003373,2024-03-03,weekend,Hostel Block 1,18-20,0.472,4068.89,False,False,March
ELEC003374,2024-03-03,weekend,Hostel Block 1,20-22,0.439,4069.33,False,False,March
ELEC003375,2024-03-03,weekend,Hostel Block 1,22-00,0.142,4069.47,False,False,March
ELEC003376,2024-03-03,weekend,Hostel Block 2,06-08,0.179,3806.64,False,False,March
ELEC003377,2024-03-03,weekend,Hostel Block 2,08-10,0.554,3807.19,False,False,March
ELEC003378,2024-03-03,weekend,Hostel Block 2,10-12,0.683,3807.87,False,False,March
ELEC003379,2024-03-03,weekend,Hostel Block 2,12-14,0.669,3808.54,False,False,March
ELEC003380,2024-03-03,weekend,Hostel Block 2,14-16,0.599,3809.14,False,False,March
ELEC003381,2024-03-03,weekend,Hostel Block 2,16-18,0.565,3809.7,False,False,March
ELEC003382,2024-03-03,weekend,Hostel Block 2,18-20,0.514,,False,False,March
ELEC003383,2024-03-03,weekend,Hostel Block 2,20-22,0.388,3810.6,False,False,March
ELEC003384,2024-03-03,weekend,Hostel Block 2,22-00,0.178,3810.78,False,False,March
ELEC003385,2024-03-03,weekend,Library,06-08,0.254,2229.54,False,False,March
ELEC003386,2024-03-03,weekend,Library,08-10,0.69,2230.23,False,False,March
ELEC003387,2024-03-03,weekend,Library,10-12,0.856,2231.09,False,False,March
ELEC003388,2024-03-03,weekend,Library,12-14,0.686,2231.78,False,False,March
ELEC003389,2024-03-03,weekend,Library,14-16,0.785,2232.57,False,False,March
ELEC003390,2024-03-03,weekend,Library,16-18,0.674,2233.24,False,False,March
ELEC003391,2024-03-03,weekend,Library,18-20,0.656,2233.9,False,False,March
ELEC003392,2024-03-03,weekend,Library,20-22,0.534,2234.43,False,False,March
ELEC003393,2024-03-03,weekend,Library,22-00,0.201,2234.63,False,False,March
ELEC003394,2024-03-03,weekend,Labs Complex,06-08,0.243,5010.33,False,False,March
ELEC003395,2024-03-03,weekend,Labs Complex,08-10,0.704,5011.03,False,False,March
ELEC003396,2024-03-03,weekend,Labs Complex,10-12,3.5335254700301357,5014.56,False,True,March
ELEC003397,2024-03-03,weekend,Labs Complex,12-14,0.672,5015.23,False,False,March
ELEC003398,2024-03-03,weekend,Labs Complex,14-16,0.815,5016.04,False,False,March
ELEC003399,2024-03-03,weekend,Labs Complex,16-18,0.661,5016.7,False,False,March
ELEC003400,2024-03-03,weekend,Labs Complex,18-20,0.626,5017.33,False,False,March
ELEC003401,2024-03-03,weekend,Labs Complex,20-22,0.417,5017.75,False,False,March
ELEC003402,2024-03-03,weekend,Labs Complex,22-00,0.191,5017.94,False,False,March
ELEC003403,2024-03-04,weekday,Academic Block A,06-08,0.862,2477.18,False,False,March
ELEC003404,2024-03-04,weekday,Academic Block A,08-10,2.982,2480.16,False,False,March
ELEC003405,2024-03-04,weekday,Academic Block A,10-12,3.531,2483.69,False,False,March
ELEC003406,2024-03-04,weekday,Academic Block A,12-14,3.153,2486.84,False,False,March
ELEC003407,2024-03-04,weekday,Academic Block A,14-16,2.591,2489.43,False,False,March
ELEC003408,2024-03-04,weekday,Academic Block A,16-18,2.426,2491.86,False,False,March
ELEC003409,2024-03-04,weekday,Academic Block A,18-20,1.96,2493.82,False,False,March
ELEC003410,2024-03-04,weekday,Academic Block A,20-22,1.897,2495.72,False,False,March
ELEC003411,2024-03-04,weekday,Academic Block A,22-00,0.753,2496.47,False,False,March
ELEC003412,2024-03-04,weekday,Academic Block B,06-08,0.864,5971.5,False,False,March
ELEC003413,2024-03-04,weekday,Academic Block B,08-10,3.012,5974.51,False,False,March
ELEC003414,2024-03-04,weekday,Academic Block B,10-12,3.243,5977.75,False,False,March
ELEC003415,2024-03-04,weekday,Academic Block B,12-14,2.687,5980.44,False,False,March
ELEC003416,2024-03-04,weekday,Academic Block B,14-16,3.337,5983.78,False,False,March
ELEC003417,2024-03-04,weekday,Academic Block B,16-18,2.623,5986.4,False,False,March
ELEC003418,2024-03-04,weekday,Academic Block B,18-20,2.175,5988.57,False,False,March
ELEC003419,2024-03-04,weekday,Academic Block B,20-22,1.756,5990.33,False,False,March
ELEC003420,2024-03-04,weekday,Academic Block B,22-00,0.784,5991.11,False,False,March
ELEC003421,2024-03-04,weekday,Hostel Block 1,06-08,0.525,4069.99,False,False,March
ELEC003422,2024-03-04,weekday,Hostel Block 1,08-10,1.338,4071.33,False,False,March
ELEC003423,2024-03-04,weekday,Hostel Block 1,10-12,1.511,4072.84,False,False,March
ELEC003424,2024-03-04,weekday,Hostel Block 1,12-14,1.428,4074.27,False,False,March
ELEC003425,2024-03-04,weekday,Hostel Block 1,14-16,1.438,4075.71,False,False,March
ELEC003426,2024-03-04,weekday,Hostel Block 1,16-18,1.494,4077.2,False,False,March
ELEC003427,2024-03-04,weekday,Hostel Block 1,18-20,1.032,4078.23,False,False,March
ELEC003428,2024-03-04,weekday,Hostel Block 1,20-22,1.041,4079.27,False,False,March
ELEC003429,2024-03-04,weekday,Hostel Block 1,22-00,0.376,4079.65,False,False,March
ELEC003430,2024-03-04,weekday,Hostel Block 2,06-08,0.528,3811.31,False,False,March
ELEC003431,2024-03-04,weekday,Hostel Block 2,08-10,1.588,3812.9,False,False,March
ELEC003432,2024-03-04,weekday,Hostel Block 2,10-12,1.857,3814.76,False,False,March
ELEC003433,2024-03-04,weekday,Hostel Block 2,12-14,1.392,3816.15,False,False,March
ELEC003434,2024-03-04,weekday,Hostel Block 2,14-16,1.383,3817.53,False,False,March
ELEC003435,2024-03-04,weekday,Hostel Block 2,16-18,1.535,3819.07,False,False,March
ELEC003436,2024-03-04,weekday,Hostel Block 2,18-20,1.325,,False,False,March
ELEC003437,2024-03-04,weekday,Hostel Block 2,20-22,0.947,3821.34,False,False,March
ELEC003438,2024-03-04,weekday,Hostel Block 2,22-00,0.434,3821.77,False,False,March
ELEC003439,2024-03-04,weekday,Library,06-08,0.559,2235.19,False,False,March
ELEC003440,2024-03-04,weekday,Library,08-10,1.946,2237.14,False,False,March
ELEC003441,2024-03-04,weekday,Library,10-12,2.048,2239.19,False,False,March
ELEC003442,2024-03-04,weekday,Library,12-14,1.91,2241.1,False,False,March
ELEC003443,2024-03-04,weekday,Library,14-16,2.046,2243.15,False,False,March
ELEC003444,2024-03-04,weekday,Library,16-18,1.539,2244.69,False,False,March
ELEC003445,2024-03-04,weekday,Library,18-20,1.577,2246.27,False,False,March
ELEC003446,2024-03-04,weekday,Library,20-22,1.253,2247.52,False,False,March
ELEC003447,2024-03-04,weekday,Library,22-00,0.483,2248.0,False,False,March
ELEC003448,2024-03-04,weekday,Labs Complex,06-08,0.565,5018.5,False,False,March
ELEC003449,2024-03-04,weekday,Labs Complex,08-10,1.802,5020.3,False,False,March
ELEC003450,2024-03-04,weekday,Labs Complex,10-12,1.983,5022.28,False,False,March
ELEC003451,2024-03-04,weekday,Labs Complex,12-14,2.1,5024.38,False,False,March
ELEC003452,2024-03-04,weekday,Labs Complex,14-16,2.029,5026.41,False,False,March
ELEC003453,2024-03-04,weekday,Labs Complex,16-18,1.504,5027.91,False,False,March
ELEC003454,2024-03-04,weekday,Labs Complex,18-20,1.725,5029.64,False,False,March
ELEC003455,2024-03-04,weekday,Labs Complex,20-22,1.148,5030.79,False,False,March
ELEC003456,2024-03-04,weekday,Labs Complex,22-00,1.6307928500024667,5032.42,False,True,March
ELEC003457,2024-03-05,weekday,Academic Block A,06-08,0.9,2497.37,False,False,March
ELEC003458,2024-03-05,weekday,Academic Block A,08-10,2.493,2499.86,False,False,March
ELEC003459,2024-03-05,weekday,Academic Block A,10-12,3.363,2503.22,False,False,March
ELEC003460,2024-03-05,weekday,Academic Block A,12-14,2.723,,False,False,March
ELEC003461,2024-03-05,weekday,Academic Block A,14-16,3.354,2509.3,False,False,March
ELEC003462,2024-03-05,weekday,Academic Block A,16-18,2.352,2511.65,False,False,March
ELEC003463,2024-03-05,weekday,Academic Block A,18-20,2.537,2514.19,False,False,March
ELEC003464,2024-03-05,weekday,Academic Block A,20-22,2.056,2516.25,False,False,March
ELEC003465,2024-03-05,weekday,Academic Block A,22-00,0.71,2516.96,False,False,March
ELEC003466,2024-03-05,weekday,Academic Block B,06-08,0.992,5992.1,False,False,March
ELEC003467,2024-03-05,weekday,Academic Block B,08-10,9.336037074518702,6001.44,False,True,March
ELEC003468,2024-03-05,weekday,Academic Block B,10-12,3.005,6004.44,False,False,March
ELEC003469,2024-03-05,weekday,Academic Block B,12-14,2.897,6007.34,False,False,March
ELEC003470,2024-03-05,weekday,Academic Block B,14-16,2.759,6010.1,False,False,March
ELEC003471,2024-03-05,weekday,Academic Block B,16-18,2.323,6012.42,False,False,March
ELEC003472,2024-03-05,weekday,Academic Block B,18-20,2.266,6014.69,False,False,March
ELEC003473,2024-03-05,weekday,Academic Block B,20-22,1.91,6016.6,False,False,March
ELEC003474,2024-03-05,weekday,Academic Block B,22-00,0.717,6017.32,False,False,March
ELEC003475,2024-03-05,weekday,Hostel Block 1,06-08,0.536,4080.19,False,False,March
ELEC003476,2024-03-05,weekday,Hostel Block 1,08-10,1.264,4081.45,False,False,March
ELEC003477,2024-03-05,weekday,Hostel Block 1,10-12,1.523,4082.97,False,False,March
ELEC003478,2024-03-05,weekday,Hostel Block 1,12-14,1.521,4084.49,False,False,March
ELEC003479,2024-03-05,weekday,Hostel Block 1,14-16,1.467,4085.96,False,False,March
ELEC003480,2024-03-05,weekday,Hostel Block 1,16-18,1.346,4087.31,False,False,March
ELEC003481,2024-03-05,weekday,Hostel Block 1,18-20,1.374,4088.68,False,False,March
ELEC003482,2024-03-05,weekday,Hostel Block 1,20-22,0.954,4089.63,False,False,March
ELEC003483,2024-03-05,weekday,Hostel Block 1,22-00,0.37,4090.0,False,False,March
ELEC003484,2024-03-05,weekday,Hostel Block 2,06-08,0.489,3822.26,False,False,March
ELEC003485,2024-03-05,weekday,Hostel Block 2,08-10,1.397,3823.66,False,False,March
ELEC003486,2024-03-05,weekday,Hostel Block 2,10-12,1.886,3825.55,False,False,March
ELEC003487,2024-03-05,weekday,Hostel Block 2,12-14,1.733,3827.28,False,False,March
ELEC003488,2024-03-05,weekday,Hostel Block 2,14-16,6.484967388366062,3833.76,False,True,March
ELEC003489,2024-03-05,weekday,Hostel Block 2,16-18,1.363,3835.12,False,False,March
ELEC003490,2024-03-05,weekday,Hostel Block 2,18-20,1.187,3836.31,False,False,March
ELEC003491,2024-03-05,weekday,Hostel Block 2,20-22,1.026,3837.34,False,False,March
ELEC003492,2024-03-05,weekday,Hostel Block 2,22-00,0.445,3837.79,False,False,March
ELEC003493,2024-03-05,weekday,Library,06-08,0.655,2248.66,False,False,March
ELEC003494,2024-03-05,weekday,Library,08-10,1.833,2250.49,False,False,March
ELEC003495,2024-03-05,weekday,Library,10-12,2.295,2252.78,False,False,March
ELEC003496,2024-03-05,weekday,Library,12-14,1.749,2254.53,False,False,March
ELEC003497,2024-03-05,weekday,Library,14-16,1.876,2256.41,False,False,March
ELEC003498,2024-03-05,weekday,Library,16-18,1.862,2258.27,False,False,March
ELEC003499,2024-03-05,weekday,Library,18-20,5.73579296068092,2264.01,False,True,March
ELEC003500,2024-03-05,weekday,Library,20-22,1.187,2265.2,False,False,March
ELEC003501,2024-03-05,weekday,Library,22-00,0.552,2265.75,False,False,March
ELEC003502,2024-03-05,weekday,Labs Complex,06-08,0.539,5032.96,False,False,March
ELEC003503,2024-03-05,weekday,Labs Complex,08-10,1.847,5034.81,False,False,March
ELEC003504,2024-03-05,weekday,Labs Complex,10-12,1.94,5036.75,False,False,March
ELEC003505,2024-03-05,weekday,Labs Complex,12-14,2.034,5038.78,False,False,March
ELEC003506,2024-03-05,weekday,Labs Complex,14-16,2.207,5040.99,False,False,March
ELEC003507,2024-03-05,weekday,Labs Complex,16-18,1.496,5042.49,False,False,March
ELEC003508,2024-03-05,weekday,Labs Complex,18-20,1.296,5043.79,False,False,March
ELEC003509,2024-03-05,weekday,Labs Complex,20-22,1.295,5045.09,False,False,March
ELEC003510,2024-03-05,weekday,Labs Complex,22-00,0.538,5045.63,False,False,March
ELEC003511,2024-03-06,weekday,Academic Block A,06-08,0.828,2517.79,False,False,March
ELEC003512,2024-03-06,weekday,Academic Block A,08-10,3.068,2520.86,False,False,March
ELEC003513,2024-03-06,weekday,Academic Block A,10-12,2.828,2523.69,False,False,March
ELEC003514,2024-03-06,weekday,Academic Block A,12-14,2.536,2526.23,False,False,March
ELEC003515,2024-03-06,weekday,Academic Block A,14-16,3.243,2529.47,False,False,March
ELEC003516,2024-03-06,weekday,Academic Block A,16-18,2.468,2531.94,False,False,March
ELEC003517,2024-03-06,weekday,Academic Block A,18-20,2.369,2534.31,False,False,March
ELEC003518,2024-03-06,weekday,Academic Block A,20-22,1.554,2535.86,False,False,March
ELEC003519,2024-03-06,weekday,Academic Block A,22-00,0.641,2536.5,False,False,March
ELEC003520,2024-03-06,weekday,Academic Block B,06-08,0.965,6018.28,False,False,March
ELEC003521,2024-03-06,weekday,Academic Block B,08-10,2.855,6021.13,False,False,March
ELEC003522,2024-03-06,weekday,Academic Block B,10-12,2.889,6024.02,False,False,March
ELEC003523,2024-03-06,weekday,Academic Block B,12-14,3.254,6027.27,False,False,March
ELEC003524,2024-03-06,weekday,Academic Block B,14-16,2.58,6029.85,False,False,March
ELEC003525,2024-03-06,weekday,Academic Block B,16-18,2.406,6032.26,False,False,March
ELEC003526,2024-03-06,weekday,Academic Block B,18-20,2.04,6034.3,False,False,March
ELEC003527,2024-03-06,weekday,Academic Block B,20-22,1.759,6036.06,False,False,March
ELEC003528,2024-03-06,weekday,Academic Block B,22-00,0.67,6036.73,False,False,March
ELEC003529,2024-03-06,weekday,Hostel Block 1,06-08,0.526,4090.53,False,False,March
ELEC003530,2024-03-06,weekday,Hostel Block 1,08-10,1.6,4092.13,False,False,March
ELEC003531,2024-03-06,weekday,Hostel Block 1,10-12,1.759,4093.89,False,False,March
ELEC003532,2024-03-06,weekday,Hostel Block 1,12-14,1.583,4095.47,False,False,March
ELEC003533,2024-03-06,weekday,Hostel Block 1,14-16,1.659,4097.13,False,False,March
ELEC003534,2024-03-06,weekday,Hostel Block 1,16-18,1.28,4098.41,False,False,March
ELEC003535,2024-03-06,weekday,Hostel Block 1,18-20,1.061,4099.47,False,False,March
ELEC003536,2024-03-06,weekday,Hostel Block 1,20-22,0.989,4100.46,False,False,March
ELEC003537,2024-03-06,weekday,Hostel Block 1,22-00,0.374,4100.83,False,False,March
ELEC003538,2024-03-06,weekday,Hostel Block 2,06-08,0.465,3838.26,False,False,March
ELEC003539,2024-03-06,weekday,Hostel Block 2,08-10,1.637,3839.9,False,False,March
ELEC003540,2024-03-06,weekday,Hostel Block 2,10-12,1.843,3841.74,False,False,March
ELEC003541,2024-03-06,weekday,Hostel Block 2,12-14,1.678,3843.42,False,False,March
ELEC003542,2024-03-06,weekday,Hostel Block 2,14-16,1.413,3844.83,False,False,March
ELEC003543,2024-03-06,weekday,Hostel Block 2,16-18,1.226,3846.06,False,False,March
ELEC003544,2024-03-06,weekday,Hostel Block 2,18-20,1.046,3847.11,False,False,March
ELEC003545,2024-03-06,weekday,Hostel Block 2,20-22,1.089,3848.2,False,False,March
ELEC003546,2024-03-06,weekday,Hostel Block 2,22-00,0.458,3848.66,False,False,March
ELEC003547,2024-03-06,weekday,Library,06-08,0.608,2266.36,False,False,March
ELEC003548,2024-03-06,weekday,Library,08-10,1.701,2268.06,False,False,March
ELEC003549,2024-03-06,weekday,Library,10-12,2.356,2270.42,False,False,March
ELEC003550,2024-03-06,weekday,Library,12-14,1.619,2272.04,False,False,March
ELEC003551,2024-03-06,weekday,Library,14-16,2.088,2274.13,False,False,March
ELEC003552,2024-03-06,weekday,Library,16-18,1.937,2276.07,False,False,March
ELEC003553,2024-03-06,weekday,Library,18-20,1.38,2277.45,False,False,March
ELEC003554,2024-03-06,weekday,Library,20-22,1.253,2278.7,False,False,March
ELEC003555,2024-03-06,weekday,Library,22-00,0.546,2279.25,False,False,March
ELEC003556,2024-03-06,weekday,Labs Complex,06-08,0.642,5046.27,False,False,March
ELEC003557,2024-03-06,weekday,Labs Complex,08-10,1.768,5048.04,False,False,March
ELEC003558,2024-03-06,weekday,Labs Complex,10-12,1.961,5050.0,False,False,March
ELEC003559,2024-03-06,weekday,Labs Complex,12-14,2.086,5052.09,False,False,March
ELEC003560,2024-03-06,weekday,Labs Complex,14-16,2.094,5054.18,False,False,March
ELEC003561,2024-03-06,weekday,Labs Complex,16-18,1.509,5055.69,False,False,March
ELEC003562,2024-03-06,weekday,Labs Complex,18-20,1.616,5057.31,False,False,March
ELEC003563,2024-03-06,weekday,Labs Complex,20-22,1.278,5058.59,False,False,March
ELEC003564,2024-03-06,weekday,Labs Complex,22-00,0.431,5059.02,False,False,March
ELEC003565,2024-03-07,weekday,Academic Block A,06-08,1.004,2537.5,False,False,March
ELEC003566,2024-03-07,weekday,Academic Block A,08-10,2.896,2540.4,False,False,March
ELEC003567,2024-03-07,weekday,Academic Block A,10-12,3.073,2543.47,False,False,March
ELEC003568,2024-03-07,weekday,Academic Block A,12-14,3.027,2546.5,False,False,March
ELEC003569,2024-03-07,weekday,Academic Block A,14-16,2.609,2549.11,False,False,March
ELEC003570,2024-03-07,weekday,Academic Block A,16-18,2.71,2551.82,False,False,March
ELEC003571,2024-03-07,weekday,Academic Block A,18-20,2.161,,False,False,March
ELEC003572,2024-03-07,weekday,Academic Block A,20-22,1.887,2555.87,False,False,March
ELEC003573,2024-03-07,weekday,Academic Block A,22-00,0.736,2556.61,False,False,March
ELEC003574,2024-03-07,weekday,Academic Block B,06-08,0.829,6037.56,False,False,March
ELEC003575,2024-03-07,weekday,Academic Block B,08-10,2.718,6040.28,False,False,March
ELEC003576,2024-03-07,weekday,Academic Block B,10-12,3.533,,False,False,March
ELEC003577,2024-03-07,weekday,Academic Block B,12-14,2.645,6046.46,False,False,March
ELEC003578,2024-03-07,weekday,Academic Block B,14-16,3.258,6049.72,False,False,March
ELEC003579,2024-03-07,weekday,Academic Block B,16-18,2.686,6052.41,False,False,March
ELEC003580,2024-03-07,weekday,Academic Block B,18-20,2.55,6054.96,False,False,March
ELEC003581,2024-03-07,weekday,Academic Block B,20-22,2.015,6056.98,False,False,March
ELEC003582,2024-03-07,weekday,Academic Block B,22-00,0.753,6057.73,False,False,March
ELEC003583,2024-03-07,weekday,Hostel Block 1,06-08,0.428,4101.26,False,False,March
ELEC003584,2024-03-07,weekday,Hostel Block 1,08-10,1.262,4102.52,False,False,March
ELEC003585,2024-03-07,weekday,Hostel Block 1,10-12,1.852,4104.37,False,False,March
ELEC003586,2024-03-07,weekday,Hostel Block 1,12-14,1.406,4105.78,False,False,March
ELEC003587,2024-03-07,weekday,Hostel Block 1,14-16,1.408,4107.19,False,False,March
ELEC003588,2024-03-07,weekday,Hostel Block 1,16-18,1.295,4108.48,False,False,March
ELEC003589,2024-03-07,weekday,Hostel Block 1,18-20,1.096,4109.58,False,False,March
ELEC003590,2024-03-07,weekday,Hostel Block 1,20-22,0.887,4110.47,False,False,March
ELEC003591,2024-03-07,weekday,Hostel Block 1,22-00,0.408,4110.88,False,False,March
ELEC003592,2024-03-07,weekday,Hostel Block 2,06-08,0.508,3849.17,False,False,March
ELEC003593,2024-03-07,weekday,Hostel Block 2,08-10,1.586,3850.76,False,False,March
ELEC003594,2024-03-07,weekday,Hostel Block 2,10-12,1.873,3852.63,False,False,March
ELEC003595,2024-03-07,weekday,Hostel Block 2,12-14,1.399,3854.03,False,False,March
ELEC003596,2024-03-07,weekday,Hostel Block 2,14-16,1.664,3855.69,False,False,March
ELEC003597,2024-03-07,weekday,Hostel Block 2,16-18,1.529,3857.22,False,False,March
ELEC003598,2024-03-07,weekday,Hostel Block 2,18-20,1.284,3858.5,False,False,March
ELEC003599,2024-03-07,weekday,Hostel Block 2,20-22,0.826,3859.33,False,False,March
ELEC003600,2024-03-07,weekday,Hostel Block 2,22-00,0.38,3859.71,False,False,March
ELEC003601,2024-03-07,weekday,Library,06-08,0.548,2279.8,False,False,March
ELEC003602,2024-03-07,weekday,Library,08-10,2.033,2281.83,False,False,March
ELEC003603,2024-03-07,weekday,Library,10-12,2.128,2283.96,False,False,March
ELEC003604,2024-03-07,weekday,Library,12-14,2.017,2285.98,False,False,March
ELEC003605,2024-03-07,weekday,Library,14-16,1.707,2287.69,False,False,March
ELEC003606,2024-03-07,weekday,Library,16-18,1.738,2289.43,False,False,March
ELEC003607,2024-03-07,weekday,Library,18-20,1.424,2290.85,False,False,March
ELEC003608,2024-03-07,weekday,Library,20-22,1.248,2292.1,False,False,March
ELEC003609,2024-03-07,weekday,Library,22-00,0.54,2292.64,False,False,March
ELEC003610,2024-03-07,weekday,Labs Complex,06-08,0.604,5059.62,False,False,March
ELEC003611,2024-03-07,weekday,Labs Complex,08-10,1.761,5061.38,False,False,March
ELEC003612,2024-03-07,weekday,Labs Complex,10-12,2.481,5063.86,False,False,March
ELEC003613,2024-03-07,weekday,Labs Complex,12-14,1.813,5065.67,False,False,March
ELEC003614,2024-03-07,weekday,Labs Complex,14-16,1.945,5067.61,False,False,March
ELEC003615,2024-03-07,weekday,Labs Complex,16-18,1.579,5069.19,False,False,March
ELEC003616,2024-03-07,weekday,Labs Complex,18-20,1.486,5070.68,False,False,March
ELEC003617,2024-03-07,weekday,Labs Complex,20-22,1.208,5071.89,False,False,March
ELEC003618,2024-03-07,weekday,Labs Complex,22-00,0.519,5072.41,False,False,March
ELEC003619,2024-03-08,weekday,Academic Block A,06-08,0.899,2557.51,False,False,March
ELEC003620,2024-03-08,weekday,Academic Block A,08-10,2.871,2560.38,False,False,March
ELEC003621,2024-03-08,weekday,Academic Block A,10-12,3.374,2563.75,False,False,March
ELEC003622,2024-03-08,weekday,Academic Block A,12-14,3.022,2566.77,False,False,March
ELEC003623,2024-03-08,weekday,Academic Block A,14-16,2.849,2569.62,False,False,March
ELEC003624,2024-03-08,weekday,Academic Block A,16-18,2.825,2572.44,False,False,March
ELEC003625,2024-03-08,weekday,Academic Block A,18-20,1.946,2574.39,False,False,March
ELEC003626,2024-03-08,weekday,Academic Block A,20-22,1.886,2576.28,False,False,March
ELEC003627,2024-03-08,weekday,Academic Block A,22-00,0.82,2577.1,False,False,March
ELEC003628,2024-03-08,weekday,Academic Block B,06-08,0.826,6058.56,False,False,March
ELEC003629,2024-03-08,weekday,Academic Block B,08-10,2.438,6061.0,False,False,March
ELEC003630,2024-03-08,weekday,Academic Block B,10-12,3.568,6064.57,False,False,March
ELEC003631,2024-03-08,weekday,Academic Block B,12-14,2.462,6067.03,False,False,March
ELEC003632,2024-03-08,weekday,Academic Block B,14-16,3.169,6070.2,False,False,March
ELEC003633,2024-03-08,weekday,Academic Block B,16-18,2.592,6072.79,False,False,March
ELEC003634,2024-03-08,weekday,Academic Block B,18-20,2.4,6075.19,False,False,March
ELEC003635,2024-03-08,weekday,Academic Block B,20-22,1.587,6076.78,False,False,March
ELEC003636,2024-03-08,weekday,Academic Block B,22-00,0.711,6077.49,False,False,March
ELEC003637,2024-03-08,weekday,Hostel Block 1,06-08,0.442,4111.32,False,False,March
ELEC003638,2024-03-08,weekday,Hostel Block 1,08-10,1.327,4112.65,False,False,March
ELEC003639,2024-03-08,weekday,Hostel Block 1,10-12,1.736,4114.39,False,False,March
ELEC003640,2024-03-08,weekday,Hostel Block 1,12-14,1.548,4115.94,False,False,March
ELEC003641,2024-03-08,weekday,Hostel Block 1,14-16,1.447,4117.39,False,False,March
ELEC003642,2024-03-08,weekday,Hostel Block 1,16-18,1.304,4118.69,False,False,March
ELEC003643,2024-03-08,weekday,Hostel Block 1,18-20,1.217,4119.91,False,False,March
ELEC003644,2024-03-08,weekday,Hostel Block 1,20-22,0.839,4120.75,False,False,March
ELEC003645,2024-03-08,weekday,Hostel Block 1,22-00,0.343,4121.09,False,False,March
ELEC003646,2024-03-08,weekday,Hostel Block 2,06-08,0.501,3860.21,False,False,March
ELEC003647,2024-03-08,weekday,Hostel Block 2,08-10,1.397,3861.61,False,False,March
ELEC003648,2024-03-08,weekday,Hostel Block 2,10-12,1.8,3863.41,False,False,March
ELEC003649,2024-03-08,weekday,Hostel Block 2,12-14,1.676,,False,False,March
ELEC003650,2024-03-08,weekday,Hostel Block 2,14-16,1.392,3866.48,False,False,March
ELEC003651,2024-03-08,weekday,Hostel Block 2,16-18,1.431,3867.91,False,False,March
ELEC003652,2024-03-08,weekday,Hostel Block 2,18-20,1.234,3869.14,False,False,March
ELEC003653,2024-03-08,weekday,Hostel Block 2,20-22,0.912,3870.05,False,False,March
ELEC003654,2024-03-08,weekday,Hostel Block 2,22-00,0.404,3870.45,False,False,March
ELEC003655,2024-03-08,weekday,Library,06-08,0.613,2293.25,False,False,March
ELEC003656,2024-03-08,weekday,Library,08-10,1.882,2295.13,False,False,March
ELEC003657,2024-03-08,weekday,Library,10-12,2.055,2297.18,False,False,March
ELEC003658,2024-03-08,weekday,Library,12-14,2.036,2299.22,False,False,March
ELEC003659,2024-03-08,weekday,Library,14-16,1.827,2301.05,False,False,March
ELEC003660,2024-03-08,weekday,Library,16-18,1.467,2302.52,False,False,March
ELEC003661,2024-03-08,weekday,Library,18-20,1.698,2304.22,False,False,March
ELEC003662,2024-03-08,weekday,Library,20-22,1.358,2305.58,False,False,March
ELEC003663,2024-03-08,weekday,Library,22-00,0.562,2306.14,False,False,March
ELEC003664,2024-03-08,weekday,Labs Complex,06-08,0.546,5072.96,False,False,March
ELEC003665,2024-03-08,weekday,Labs Complex,08-10,1.598,5074.56,False,False,March
ELEC003666,2024-03-08,weekday,Labs Complex,10-12,1.942,5076.5,False,False,March
ELEC003667,2024-03-08,weekday,Labs Complex,12-14,1.71,5078.21,False,False,March
ELEC003668,2024-03-08,weekday,Labs Complex,14-16,2.047,5080.26,False,False,March
ELEC003669,2024-03-08,weekday,Labs Complex,16-18,1.593,5081.85,False,False,March
ELEC003670,2024-03-08,weekday,Labs Complex,18-20,1.308,5083.16,False,False,March
ELEC003671,2024-03-08,weekday,Labs Complex,20-22,1.143,5084.3,False,False,March
ELEC003672,2024-03-08,weekday,Labs Complex,22-00,0.492,5084.79,False,False,March
ELEC003673,2024-03-09,saturday,Academic Block A,06-08,0.583,2577.68,False,False,March
ELEC003674,2024-03-09,saturday,Academic Block A,08-10,1.797,2579.48,False,False,March
ELEC003675,2024-03-09,saturday,Academic Block A,10-12,2.266,2581.75,False,False,March
ELEC003676,2024-03-09,saturday,Academic Block A,12-14,2.051,2583.8,False,False,March
ELEC003677,2024-03-09,saturday,Academic Block A,14-16,1.964,2585.76,False,False,March
ELEC003678,2024-03-09,saturday,Academic Block A,16-18,1.643,2587.4,False,False,March
ELEC003679,2024-03-09,saturday,Academic Block A,18-20,1.384,2588.78,False,False,March
ELEC003680,2024-03-09,saturday,Academic Block A,20-22,1.124,2589.9,False,False,March
ELEC003681,2024-03-09,saturday,Academic Block A,22-00,0.562,2590.46,False,False,March
ELEC003682,2024-03-09,saturday,Academic Block B,06-08,0.646,6078.14,False,False,March
ELEC003683,2024-03-09,saturday,Academic Block B,08-10,1.649,6079.79,False,False,March
ELEC003684,2024-03-09,saturday,Academic Block B,10-12,2.236,6082.03,False,False,March
ELEC003685,2024-03-09,saturday,Academic Block B,12-14,2.104,6084.13,False,False,March
ELEC003686,2024-03-09,saturday,Academic Block B,14-16,2.281,6086.41,False,False,March
ELEC003687,2024-03-09,saturday,Academic Block B,16-18,2.037,,False,False,March
ELEC003688,2024-03-09,saturday,Academic Block B,18-20,1.557,,False,False,March
ELEC003689,2024-03-09,saturday,Academic Block B,20-22,1.251,6091.26,False,False,March
ELEC003690,2024-03-09,saturday,Academic Block B,22-00,0.597,6091.86,False,False,March
ELEC003691,2024-03-09,saturday,Hostel Block 1,06-08,0.38,4121.47,False,False,March
ELEC003692,2024-03-09,saturday,Hostel Block 1,08-10,0.884,4122.35,False,False,March
ELEC003693,2024-03-09,saturday,Hostel Block 1,10-12,1.25,4123.6,False,False,March
ELEC003694,2024-03-09,saturday,Hostel Block 1,12-14,1.165,4124.77,False,False,March
ELEC003695,2024-03-09,saturday,Hostel Block 1,14-16,1.263,4126.03,False,False,March
ELEC003696,2024-03-09,saturday,Hostel Block 1,16-18,0.931,4126.96,False,False,March
ELEC003697,2024-03-09,saturday,Hostel Block 1,18-20,0.718,4127.68,False,False,March
ELEC003698,2024-03-09,saturday,Hostel Block 1,20-22,0.665,4128.35,False,False,March
ELEC003699,2024-03-09,saturday,Hostel Block 1,22-00,0.261,4128.61,False,False,March
ELEC003700,2024-03-09,saturday,Hostel Block 2,06-08,0.309,3870.76,False,False,March
ELEC003701,2024-03-09,saturday,Hostel Block 2,08-10,1.092,3871.85,False,False,March
ELEC003702,2024-03-09,saturday,Hostel Block 2,10-12,1.088,3872.94,False,False,March
ELEC003703,2024-03-09,saturday,Hostel Block 2,12-14,1.052,3873.99,False,False,March
ELEC003704,2024-03-09,saturday,Hostel Block 2,14-16,1.009,3875.0,False,False,March
ELEC003705,2024-03-09,saturday,Hostel Block 2,16-18,1.028,3876.03,False,False,March
ELEC003706,2024-03-09,saturday,Hostel Block 2,18-20,0.931,3876.96,False,False,March
ELEC003707,2024-03-09,saturday,Hostel Block 2,20-22,0.687,3877.65,False,False,March
ELEC003708,2024-03-09,saturday,Hostel Block 2,22-00,0.317,3877.97,False,False,March
ELEC003709,2024-03-09,saturday,Library,06-08,0.383,2306.52,False,False,March
ELEC003710,2024-03-09,saturday,Library,08-10,1.116,2307.64,False,False,March
ELEC003711,2024-03-09,saturday,Library,10-12,1.382,2309.02,False,False,March
ELEC003712,2024-03-09,saturday,Library,12-14,1.299,2310.32,False,False,March
ELEC003713,2024-03-09,saturday,Library,14-16,1.224,2311.54,False,False,March
ELEC003714,2024-03-09,saturday,Library,16-18,1.09,2312.63,False,False,March
ELEC003715,2024-03-09,saturday,Library,18-20,0.904,2313.53,False,False,March
ELEC003716,2024-03-09,saturday,Library,20-22,0.783,2314.31,False,False,March
ELEC003717,2024-03-09,saturday,Library,22-00,0.398,2314.71,False,False,March
ELEC003718,2024-03-09,saturday,Labs Complex,06-08,0.405,5085.19,False,False,March
ELEC003719,2024-03-09,saturday,Labs Complex,08-10,1.27,5086.46,False,False,March
ELEC003720,2024-03-09,saturday,Labs Complex,10-12,1.571,5088.03,False,False,March
ELEC003721,2024-03-09,saturday,Labs Complex,12-14,1.486,5089.52,False,False,March
ELEC003722,2024-03-09,saturday,Labs Complex,14-16,1.604,5091.12,False,False,March
ELEC003723,2024-03-09,saturday,Labs Complex,16-18,1.241,5092.36,False,False,March
ELEC003724,2024-03-09,saturday,Labs Complex,18-20,0.957,5093.32,False,False,March
ELEC003725,2024-03-09,saturday,Labs Complex,20-22,0.878,5094.2,False,False,March
ELEC003726,2024-03-09,saturday,Labs Complex,22-00,0.379,5094.58,False,False,March
ELEC003727,2024-03-10,weekend,Academic Block A,06-08,0.353,2590.81,False,False,March
ELEC003728,2024-03-10,weekend,Academic Block A,08-10,1.068,2591.88,False,False,March
ELEC003729,2024-03-10,weekend,Academic Block A,10-12,1.311,2593.19,False,False,March
ELEC003730,2024-03-10,weekend,Academic Block A,12-14,1.261,2594.45,False,False,March
ELEC003731,2024-03-10,weekend,Academic Block A,14-16,1.293,2595.74,False,False,March
ELEC003732,2024-03-10,weekend,Academic Block A,16-18,0.981,2596.72,False,False,March
ELEC003733,2024-03-10,weekend,Academic Block A,18-20,0.817,2597.54,False,False,March
ELEC003734,2024-03-10,weekend,Academic Block A,20-22,0.684,2598.22,False,False,March
ELEC003735,2024-03-10,weekend,Academic Block A,22-00,0.343,2598.56,False,False,March
ELEC003736,2024-03-10,weekend,Academic Block B,06-08,0.379,6092.24,False,False,March
ELEC003737,2024-03-10,weekend,Academic Block B,08-10,1.107,6093.35,False,False,March
ELEC003738,2024-03-10,weekend,Academic Block B,10-12,1.24,6094.59,False,False,March
ELEC003739,2024-03-10,weekend,Academic Block B,12-14,1.178,6095.77,False,False,March
ELEC003740,2024-03-10,weekend,Academic Block B,14-16,1.241,6097.01,False,False,March
ELEC003741,2024-03-10,weekend,Academic Block B,16-18,0.953,6097.96,False,False,March
ELEC003742,2024-03-10,weekend,Academic Block B,18-20,0.858,6098.82,False,False,March
ELEC003743,2024-03-10,weekend,Academic Block B,20-22,0.748,6099.57,False,False,March
ELEC003744,2024-03-10,weekend,Academic Block B,22-00,0.294,6099.86,False,False,March
ELEC003745,2024-03-10,weekend,Hostel Block 1,06-08,0.194,4128.8,False,False,March
ELEC003746,2024-03-10,weekend,Hostel Block 1,08-10,0.569,4129.37,False,False,March
ELEC003747,2024-03-10,weekend,Hostel Block 1,10-12,0.764,4130.13,False,False,March
ELEC003748,2024-03-10,weekend,Hostel Block 1,12-14,0.626,4130.76,False,False,March
ELEC003749,2024-03-10,weekend,Hostel Block 1,14-16,0.585,4131.35,False,False,March
ELEC003750,2024-03-10,weekend,Hostel Block 1,16-18,0.502,4131.85,False,False,March
ELEC003751,2024-03-10,weekend,Hostel Block 1,18-20,0.442,4132.29,False,False,March
ELEC003752,2024-03-10,weekend,Hostel Block 1,20-22,0.328,4132.62,False,False,March
ELEC003753,2024-03-10,weekend,Hostel Block 1,22-00,0.145,4132.77,False,False,March
ELEC003754,2024-03-10,weekend,Hostel Block 2,06-08,0.219,3878.19,False,False,March
ELEC003755,2024-03-10,weekend,Hostel Block 2,08-10,0.648,3878.84,False,False,March
ELEC003756,2024-03-10,weekend,Hostel Block 2,10-12,0.611,3879.45,False,False,March
ELEC003757,2024-03-10,weekend,Hostel Block 2,12-14,0.55,3880.0,False,False,March
ELEC003758,2024-03-10,weekend,Hostel Block 2,14-16,0.729,3880.73,False,False,March
ELEC003759,2024-03-10,weekend,Hostel Block 2,16-18,0.567,3881.3,False,False,March
ELEC003760,2024-03-10,weekend,Hostel Block 2,18-20,0.412,3881.71,False,False,March
ELEC003761,2024-03-10,weekend,Hostel Block 2,20-22,0.413,3882.12,False,False,March
ELEC003762,2024-03-10,weekend,Hostel Block 2,22-00,0.165,3882.28,False,False,March
ELEC003763,2024-03-10,weekend,Library,06-08,0.21,2314.92,False,False,March
ELEC003764,2024-03-10,weekend,Library,08-10,0.716,2315.64,False,False,March
ELEC003765,2024-03-10,weekend,Library,10-12,0.941,2316.58,False,False,March
ELEC003766,2024-03-10,weekend,Library,12-14,0.744,2317.32,False,False,March
ELEC003767,2024-03-10,weekend,Library,14-16,0.781,2318.1,False,False,March
ELEC003768,2024-03-10,weekend,Library,16-18,0.707,2318.81,False,False,March
ELEC003769,2024-03-10,weekend,Library,18-20,0.594,2319.4,False,False,March
ELEC003770,2024-03-10,weekend,Library,20-22,0.514,2319.91,False,False,March
ELEC003771,2024-03-10,weekend,Library,22-00,0.212,2320.12,False,False,March
ELEC003772,2024-03-10,weekend,Labs Complex,06-08,0.273,5094.85,False,False,March
ELEC003773,2024-03-10,weekend,Labs Complex,08-10,0.612,5095.46,False,False,March
ELEC003774,2024-03-10,weekend,Labs Complex,10-12,0.944,5096.4,False,False,March
ELEC003775,2024-03-10,weekend,Labs Complex,12-14,0.757,5097.16,False,False,March
ELEC003776,2024-03-10,weekend,Labs Complex,14-16,0.681,5097.84,False,False,March
ELEC003777,2024-03-10,weekend,Labs Complex,16-18,0.769,5098.61,False,False,March
ELEC003778,2024-03-10,weekend,Labs Complex,18-20,0.595,5099.2,False,False,March
ELEC003779,2024-03-10,weekend,Labs Complex,20-22,0.466,,False,False,March
ELEC003780,2024-03-10,weekend,Labs Complex,22-00,0.18,5099.85,False,False,March
ELEC003781,2024-03-11,weekday,Academic Block A,06-08,0.861,2599.42,False,False,March
ELEC003782,2024-03-11,weekday,Academic Block A,08-10,2.511,2601.93,False,False,March
ELEC003783,2024-03-11,weekday,Academic Block A,10-12,3.231,2605.16,False,False,March
ELEC003784,2024-03-11,weekday,Academic Block A,12-14,3.025,2608.18,False,False,March
ELEC003785,2024-03-11,weekday,Academic Block A,14-16,3.065,2611.24,False,False,March
ELEC003786,2024-03-11,weekday,Academic Block A,16-18,2.65,2613.89,False,False,March
ELEC003787,2024-03-11,weekday,Academic Block A,18-20,2.168,2616.06,False,False,March
ELEC003788,2024-03-11,weekday,Academic Block A,20-22,2.064,2618.12,False,False,March
ELEC003789,2024-03-11,weekday,Academic Block A,22-00,0.73,2618.85,False,False,March
ELEC003790,2024-03-11,weekday,Academic Block B,06-08,0.916,6100.78,False,False,March
ELEC003791,2024-03-11,weekday,Academic Block B,08-10,2.618,6103.4,False,False,March
ELEC003792,2024-03-11,weekday,Academic Block B,10-12,3.222,6106.62,False,False,March
ELEC003793,2024-03-11,weekday,Academic Block B,12-14,3.16,,False,False,March
ELEC003794,2024-03-11,weekday,Academic Block B,14-16,2.932,6112.71,False,False,March
ELEC003795,2024-03-11,weekday,Academic Block B,16-18,2.25,6114.96,False,False,March
ELEC003796,2024-03-11,weekday,Academic Block B,18-20,2.145,6117.11,False,False,March
ELEC003797,2024-03-11,weekday,Academic Block B,20-22,1.926,6119.04,False,False,March
ELEC003798,2024-03-11,weekday,Academic Block B,22-00,0.813,6119.85,False,False,March
ELEC003799,2024-03-11,weekday,Hostel Block 1,06-08,0.523,4133.29,False,False,March
ELEC003800,2024-03-11,weekday,Hostel Block 1,08-10,1.589,4134.88,False,False,March
ELEC003801,2024-03-11,weekday,Hostel Block 1,10-12,1.87,4136.75,False,False,March
ELEC003802,2024-03-11,weekday,Hostel Block 1,12-14,1.628,4138.38,False,False,March
ELEC003803,2024-03-11,weekday,Hostel Block 1,14-16,1.605,4139.98,False,False,March
ELEC003804,2024-03-11,weekday,Hostel Block 1,16-18,1.165,4141.14,False,False,March
ELEC003805,2024-03-11,weekday,Hostel Block 1,18-20,1.185,4142.33,False,False,March
ELEC003806,2024-03-11,weekday,Hostel Block 1,20-22,0.876,4143.21,False,False,March
ELEC003807,2024-03-11,weekday,Hostel Block 1,22-00,0.407,4143.62,False,False,March
ELEC003808,2024-03-11,weekday,Hostel Block 2,06-08,0.548,3882.83,False,False,March
ELEC003809,2024-03-11,weekday,Hostel Block 2,08-10,1.325,3884.15,False,False,March
ELEC003810,2024-03-11,weekday,Hostel Block 2,10-12,1.818,3885.97,False,False,March
ELEC003811,2024-03-11,weekday,Hostel Block 2,12-14,1.36,3887.33,False,False,March
ELEC003812,2024-03-11,weekday,Hostel Block 2,14-16,1.835,3889.16,False,False,March
ELEC003813,2024-03-11,weekday,Hostel Block 2,16-18,1.524,3890.68,False,False,March
ELEC003814,2024-03-11,weekday,Hostel Block 2,18-20,1.311,3891.99,False,False,March
ELEC003815,2024-03-11,weekday,Hostel Block 2,20-22,0.917,3892.91,False,False,March
ELEC003816,2024-03-11,weekday,Hostel Block 2,22-00,0.366,3893.28,False,False,March
ELEC003817,2024-03-11,weekday,Library,06-08,0.678,2320.8,False,False,March
ELEC003818,2024-03-11,weekday,Library,08-10,1.556,2322.36,False,False,March
ELEC003819,2024-03-11,weekday,Library,10-12,2.389,2324.75,False,False,March
ELEC003820,2024-03-11,weekday,Library,12-14,2.174,2326.92,False,False,March
ELEC003821,2024-03-11,weekday,Library,14-16,2.165,2329.09,False,False,March
ELEC003822,2024-03-11,weekday,Library,16-18,1.77,2330.86,False,False,March
ELEC003823,2024-03-11,weekday,Library,18-20,1.687,2332.55,False,False,March
ELEC003824,2024-03-11,weekday,Library,20-22,1.285,2333.84,False,False,March
ELEC003825,2024-03-11,weekday,Library,22-00,0.448,2334.29,False,False,March
ELEC003826,2024-03-11,weekday,Labs Complex,06-08,0.582,5100.43,False,False,March
ELEC003827,2024-03-11,weekday,Labs Complex,08-10,1.571,5102.0,False,False,March
ELEC003828,2024-03-11,weekday,Labs Complex,10-12,2.215,5104.22,False,False,March
ELEC003829,2024-03-11,weekday,Labs Complex,12-14,1.681,5105.9,False,False,March
ELEC003830,2024-03-11,weekday,Labs Complex,14-16,2.007,5107.91,False,False,March
ELEC003831,2024-03-11,weekday,Labs Complex,16-18,1.618,5109.53,False,False,March
ELEC003832,2024-03-11,weekday,Labs Complex,18-20,1.711,5111.24,False,False,March
ELEC003833,2024-03-11,weekday,Labs Complex,20-22,1.294,5112.53,False,False,March
ELEC003834,2024-03-11,weekday,Labs Complex,22-00,0.475,5113.01,False,False,March
ELEC003835,2024-03-12,weekday,Academic Block A,06-08,0.989,2619.84,False,False,March
ELEC003836,2024-03-12,weekday,Academic Block A,08-10,2.534,2622.37,False,False,March
ELEC003837,2024-03-12,weekday,Academic Block A,10-12,3.646,2626.02,False,False,March
ELEC003838,2024-03-12,weekday,Academic Block A,12-14,2.514,2628.53,False,False,March
ELEC003839,2024-03-12,weekday,Academic Block A,14-16,3.056,2631.59,False,False,March
ELEC003840,2024-03-12,weekday,Academic Block A,16-18,2.826,2634.42,False,False,March
ELEC003841,2024-03-12,weekday,Academic Block A,18-20,1.989,2636.41,False,False,March
ELEC003842,2024-03-12,weekday,Academic Block A,20-22,1.624,2638.03,False,False,March
ELEC003843,2024-03-12,weekday,Academic Block A,22-00,0.797,2638.83,False,False,March
ELEC003844,2024-03-12,weekday,Academic Block B,06-08,0.896,6120.75,False,False,March
ELEC003845,2024-03-12,weekday,Academic Block B,08-10,2.452,6123.2,False,False,March
ELEC003846,2024-03-12,weekday,Academic Block B,10-12,2.933,6126.13,False,False,March
ELEC003847,2024-03-12,weekday,Academic Block B,12-14,2.859,6128.99,False,False,March
ELEC003848,2024-03-12,weekday,Academic Block B,14-16,3.194,6132.18,False,False,March
ELEC003849,2024-03-12,weekday,Academic Block B,16-18,2.645,6134.83,False,False,March
ELEC003850,2024-03-12,weekday,Academic Block B,18-20,2.11,6136.94,False,False,March
ELEC003851,2024-03-12,weekday,Academic Block B,20-22,2.01,6138.95,False,False,March
ELEC003852,2024-03-12,weekday,Academic Block B,22-00,0.723,6139.67,False,False,March
ELEC003853,2024-03-12,weekday,Hostel Block 1,06-08,0.509,4144.13,False,False,March
ELEC003854,2024-03-12,weekday,Hostel Block 1,08-10,1.57,4145.7,False,False,March
ELEC003855,2024-03-12,weekday,Hostel Block 1,10-12,1.536,4147.24,False,False,March
ELEC003856,2024-03-12,weekday,Hostel Block 1,12-14,1.492,4148.73,False,False,March
ELEC003857,2024-03-12,weekday,Hostel Block 1,14-16,1.705,4150.43,False,False,March
ELEC003858,2024-03-12,weekday,Hostel Block 1,16-18,1.258,4151.69,False,False,March
ELEC003859,2024-03-12,weekday,Hostel Block 1,18-20,1.352,4153.04,False,False,March
ELEC003860,2024-03-12,weekday,Hostel Block 1,20-22,1.066,4154.11,False,False,March
ELEC003861,2024-03-12,weekday,Hostel Block 1,22-00,0.425,4154.53,False,False,March
ELEC003862,2024-03-12,weekday,Hostel Block 2,06-08,0.421,3893.7,False,False,March
ELEC003863,2024-03-12,weekday,Hostel Block 2,08-10,1.405,3895.11,False,False,March
ELEC003864,2024-03-12,weekday,Hostel Block 2,10-12,1.91,3897.02,False,False,March
ELEC003865,2024-03-12,weekday,Hostel Block 2,12-14,1.526,3898.55,False,False,March
ELEC003866,2024-03-12,weekday,Hostel Block 2,14-16,1.745,3900.3,False,False,March
ELEC003867,2024-03-12,weekday,Hostel Block 2,16-18,1.249,3901.55,False,False,March
ELEC003868,2024-03-12,weekday,Hostel Block 2,18-20,1.298,3902.85,False,False,March
ELEC003869,2024-03-12,weekday,Hostel Block 2,20-22,0.899,3903.75,False,False,March
ELEC003870,2024-03-12,weekday,Hostel Block 2,22-00,0.381,3904.13,False,False,March
ELEC003871,2024-03-12,weekday,Library,06-08,0.583,2334.87,False,False,March
ELEC003872,2024-03-12,weekday,Library,08-10,1.657,2336.53,False,False,March
ELEC003873,2024-03-12,weekday,Library,10-12,2.332,2338.86,False,False,March
ELEC003874,2024-03-12,weekday,Library,12-14,1.747,2340.61,False,False,March
ELEC003875,2024-03-12,weekday,Library,14-16,2.06,2342.67,False,False,March
ELEC003876,2024-03-12,weekday,Library,16-18,1.894,2344.56,False,False,March
ELEC003877,2024-03-12,weekday,Library,18-20,1.604,2346.16,False,False,March
ELEC003878,2024-03-12,weekday,Library,20-22,1.067,2347.23,False,False,March
ELEC003879,2024-03-12,weekday,Library,22-00,0.44,2347.67,False,False,March
ELEC003880,2024-03-12,weekday,Labs Complex,06-08,0.556,5113.57,False,False,March
ELEC003881,2024-03-12,weekday,Labs Complex,08-10,1.674,5115.24,False,False,March
ELEC003882,2024-03-12,weekday,Labs Complex,10-12,2.441,5117.68,False,False,March
ELEC003883,2024-03-12,weekday,Labs Complex,12-14,1.778,5119.46,False,False,March
ELEC003884,2024-03-12,weekday,Labs Complex,14-16,1.802,5121.26,False,False,March
ELEC003885,2024-03-12,weekday,Labs Complex,16-18,1.803,5123.06,False,False,March
ELEC003886,2024-03-12,weekday,Labs Complex,18-20,1.674,5124.73,False,False,March
ELEC003887,2024-03-12,weekday,Labs Complex,20-22,1.051,5125.78,False,False,March
ELEC003888,2024-03-12,weekday,Labs Complex,22-00,0.489,5126.27,False,False,March
ELEC003889,2024-03-13,weekday,Academic Block A,06-08,0.828,2639.66,False,False,March
ELEC003890,2024-03-13,weekday,Academic Block A,08-10,2.571,2642.23,False,False,March
ELEC003891,2024-03-13,weekday,Academic Block A,10-12,3.195,2645.43,False,False,March
ELEC003892,2024-03-13,weekday,Academic Block A,12-14,2.94,2648.37,False,False,March
ELEC003893,2024-03-13,weekday,Academic Block A,14-16,3.194,2651.56,False,False,March
ELEC003894,2024-03-13,weekday,Academic Block A,16-18,2.375,,False,False,March
ELEC003895,2024-03-13,weekday,Academic Block A,18-20,2.353,2656.29,False,False,March
ELEC003896,2024-03-13,weekday,Academic Block A,20-22,1.832,2658.12,False,False,March
ELEC003897,2024-03-13,weekday,Academic Block A,22-00,0.842,2658.96,False,False,March
ELEC003898,2024-03-13,weekday,Academic Block B,06-08,0.812,6140.48,False,False,March
ELEC003899,2024-03-13,weekday,Academic Block B,08-10,2.822,6143.3,False,False,March
ELEC003900,2024-03-13,weekday,Academic Block B,10-12,2.822,6146.12,False,False,March
ELEC003901,2024-03-13,weekday,Academic Block B,12-14,3.105,6149.22,False,False,March
ELEC003902,2024-03-13,weekday,Academic Block B,14-16,2.935,6152.16,False,False,March
ELEC003903,2024-03-13,weekday,Academic Block B,16-18,2.408,6154.57,False,False,March
ELEC003904,2024-03-13,weekday,Academic Block B,18-20,2.322,6156.89,False,False,March
ELEC003905,2024-03-13,weekday,Academic Block B,20-22,1.909,6158.8,False,False,March
ELEC003906,2024-03-13,weekday,Academic Block B,22-00,0.809,6159.61,False,False,March
ELEC003907,2024-03-13,weekday,Hostel Block 1,06-08,0.529,4155.06,False,False,March
ELEC003908,2024-03-13,weekday,Hostel Block 1,08-10,1.324,4156.38,False,False,March
ELEC003909,2024-03-13,weekday,Hostel Block 1,10-12,1.691,4158.07,False,False,March
ELEC003910,2024-03-13,weekday,Hostel Block 1,12-14,1.687,4159.76,False,False,March
ELEC003911,2024-03-13,weekday,Hostel Block 1,14-16,1.37,4161.13,False,False,March
ELEC003912,2024-03-13,weekday,Hostel Block 1,16-18,1.193,4162.32,False,False,March
ELEC003913,2024-03-13,weekday,Hostel Block 1,18-20,1.244,,False,False,March
ELEC003914,2024-03-13,weekday,Hostel Block 1,20-22,0.853,4164.42,False,False,March
ELEC003915,2024-03-13,weekday,Hostel Block 1,22-00,0.36,4164.78,False,False,March
ELEC003916,2024-03-13,weekday,Hostel Block 2,06-08,0.533,3904.66,False,False,March
ELEC003917,2024-03-13,weekday,Hostel Block 2,08-10,1.457,3906.12,False,False,March
ELEC003918,2024-03-13,weekday,Hostel Block 2,10-12,1.605,3907.72,False,False,March
ELEC003919,2024-03-13,weekday,Hostel Block 2,12-14,1.293,3909.01,False,False,March
ELEC003920,2024-03-13,weekday,Hostel Block 2,14-16,1.43,3910.44,False,False,March
ELEC003921,2024-03-13,weekday,Hostel Block 2,16-18,1.353,3911.79,False,False,March
ELEC003922,2024-03-13,weekday,Hostel Block 2,18-20,1.088,3912.88,False,False,March
ELEC003923,2024-03-13,weekday,Hostel Block 2,20-22,0.904,3913.78,False,False,March
ELEC003924,2024-03-13,weekday,Hostel Block 2,22-00,0.368,3914.15,False,False,March
ELEC003925,2024-03-13,weekday,Library,06-08,0.687,2348.36,False,False,March
ELEC003926,2024-03-13,weekday,Library,08-10,1.599,2349.96,False,False,March
ELEC003927,2024-03-13,weekday,Library,10-12,2.077,2352.04,False,False,March
ELEC003928,2024-03-13,weekday,Library,12-14,1.686,2353.73,False,False,March
ELEC003929,2024-03-13,weekday,Library,14-16,1.82,2355.55,False,False,March
ELEC003930,2024-03-13,weekday,Library,16-18,1.71,2357.26,False,False,March
ELEC003931,2024-03-13,weekday,Library,18-20,1.538,2358.8,False,False,March
ELEC003932,2024-03-13,weekday,Library,20-22,1.119,2359.92,False,False,March
ELEC003933,2024-03-13,weekday,Library,22-00,0.501,2360.42,False,False,March
ELEC003934,2024-03-13,weekday,Labs Complex,06-08,0.592,5126.86,False,False,March
ELEC003935,2024-03-13,weekday,Labs Complex,08-10,1.764,5128.62,False,False,March
ELEC003936,2024-03-13,weekday,Labs Complex,10-12,2.513,5131.13,False,False,March
ELEC003937,2024-03-13,weekday,Labs Complex,12-14,2.043,5133.17,False,False,March
ELEC003938,2024-03-13,weekday,Labs Complex,14-16,2.252,5135.42,False,False,March
ELEC003939,2024-03-13,weekday,Labs Complex,16-18,1.446,5136.87,False,False,March
ELEC003940,2024-03-13,weekday,Labs Complex,18-20,1.411,5138.28,False,False,March
ELEC003941,2024-03-13,weekday,Labs Complex,20-22,1.366,5139.65,False,False,March
ELEC003942,2024-03-13,weekday,Labs Complex,22-00,0.544,5140.19,False,False,March
ELEC003943,2024-03-14,weekday,Academic Block A,06-08,0.924,2659.88,False,False,March
ELEC003944,2024-03-14,weekday,Academic Block A,08-10,2.625,2662.51,False,False,March
ELEC003945,2024-03-14,weekday,Academic Block A,10-12,3.649,2666.16,False,False,March
ELEC003946,2024-03-14,weekday,Academic Block A,12-14,2.883,2669.04,False,False,March
ELEC003947,2024-03-14,weekday,Academic Block A,14-16,3.182,2672.22,False,False,March
ELEC003948,2024-03-14,weekday,Academic Block A,16-18,2.498,2674.72,False,False,March
ELEC003949,2024-03-14,weekday,Academic Block A,18-20,2.558,,False,False,March
ELEC003950,2024-03-14,weekday,Academic Block A,20-22,1.956,2679.23,False,False,March
ELEC003951,2024-03-14,weekday,Academic Block A,22-00,0.684,2679.91,False,False,March
ELEC003952,2024-03-14,weekday,Academic Block B,06-08,0.783,6160.39,False,False,March
ELEC003953,2024-03-14,weekday,Academic Block B,08-10,2.705,6163.1,False,False,March
ELEC003954,2024-03-14,weekday,Academic Block B,10-12,3.2,6166.3,False,False,March
ELEC003955,2024-03-14,weekday,Academic Block B,12-14,2.621,6168.92,False,False,March
ELEC003956,2024-03-14,weekday,Academic Block B,14-16,2.772,6171.69,False,False,March
ELEC003957,2024-03-14,weekday,Academic Block B,16-18,2.479,6174.17,False,False,March
ELEC003958,2024-03-14,weekday,Academic Block B,18-20,2.242,6176.41,False,False,March
ELEC003959,2024-03-14,weekday,Academic Block B,20-22,2.006,6178.42,False,False,March
ELEC003960,2024-03-14,weekday,Academic Block B,22-00,0.842,6179.26,False,False,March
ELEC003961,2024-03-14,weekday,Hostel Block 1,06-08,0.55,4165.33,False,False,March
ELEC003962,2024-03-14,weekday,Hostel Block 1,08-10,1.311,4166.64,False,False,March
ELEC003963,2024-03-14,weekday,Hostel Block 1,10-12,2.002,4168.64,False,False,March
ELEC003964,2024-03-14,weekday,Hostel Block 1,12-14,1.582,4170.22,False,False,March
ELEC003965,2024-03-14,weekday,Hostel Block 1,14-16,1.425,4171.65,False,False,March
ELEC003966,2024-03-14,weekday,Hostel Block 1,16-18,1.166,4172.82,False,False,March
ELEC003967,2024-03-14,weekday,Hostel Block 1,18-20,1.199,4174.02,False,False,March
ELEC003968,2024-03-14,weekday,Hostel Block 1,20-22,0.957,4174.98,False,False,March
ELEC003969,2024-03-14,weekday,Hostel Block 1,22-00,0.385,4175.36,False,False,March
ELEC003970,2024-03-14,weekday,Hostel Block 2,06-08,0.504,3914.65,False,False,March
ELEC003971,2024-03-14,weekday,Hostel Block 2,08-10,1.422,3916.07,False,False,March
ELEC003972,2024-03-14,weekday,Hostel Block 2,10-12,1.971,3918.04,False,False,March
ELEC003973,2024-03-14,weekday,Hostel Block 2,12-14,1.543,3919.58,False,False,March
ELEC003974,2024-03-14,weekday,Hostel Block 2,14-16,1.624,3921.2,False,False,March
ELEC003975,2024-03-14,weekday,Hostel Block 2,16-18,1.352,3922.55,False,False,March
ELEC003976,2024-03-14,weekday,Hostel Block 2,18-20,1.243,3923.79,False,False,March
ELEC003977,2024-03-14,weekday,Hostel Block 2,20-22,1.088,3924.88,False,False,March
ELEC003978,2024-03-14,weekday,Hostel Block 2,22-00,0.454,3925.33,False,False,March
ELEC003979,2024-03-14,weekday,Library,06-08,0.59,2361.01,False,False,March
ELEC003980,2024-03-14,weekday,Library,08-10,1.84,2362.85,False,False,March
ELEC003981,2024-03-14,weekday,Library,10-12,2.017,2364.87,False,False,March
ELEC003982,2024-03-14,weekday,Library,12-14,1.779,2366.65,False,False,March
ELEC003983,2024-03-14,weekday,Library,14-16,2.187,2368.84,False,False,March
ELEC003984,2024-03-14,weekday,Library,16-18,1.766,2370.61,False,False,March
ELEC003985,2024-03-14,weekday,Library,18-20,1.456,2372.07,False,False,March
ELEC003986,2024-03-14,weekday,Library,20-22,1.268,2373.34,False,False,March
ELEC003987,2024-03-14,weekday,Library,22-00,0.472,2373.81,False,False,March
ELEC003988,2024-03-14,weekday,Labs Complex,06-08,0.649,5140.84,False,False,March
ELEC003989,2024-03-14,weekday,Labs Complex,08-10,2.061,5142.9,False,False,March
ELEC003990,2024-03-14,weekday,Labs Complex,10-12,2.14,5145.04,False,False,March
ELEC003991,2024-03-14,weekday,Labs Complex,12-14,1.751,5146.79,False,False,March
ELEC003992,2024-03-14,weekday,Labs Complex,14-16,2.227,5149.02,False,False,March
ELEC003993,2024-03-14,weekday,Labs Complex,16-18,1.855,5150.88,False,False,March
ELEC003994,2024-03-14,weekday,Labs Complex,18-20,1.6,5152.48,False,False,March
ELEC003995,2024-03-14,weekday,Labs Complex,20-22,1.217,5153.7,False,False,March
ELEC003996,2024-03-14,weekday,Labs Complex,22-00,0.463,5154.16,False,False,March
ELEC003997,2024-03-15,weekday,Academic Block A,06-08,1.013,2680.92,False,False,March
ELEC003998,2024-03-15,weekday,Academic Block A,08-10,2.931,2683.85,False,False,March
ELEC003999,2024-03-15,weekday,Academic Block A,10-12,3.48,2687.33,False,False,March
ELEC004000,2024-03-15,weekday,Academic Block A,12-14,2.509,2689.84,False,False,March
ELEC004001,2024-03-15,weekday,Academic Block A,14-16,3.118,2692.96,False,False,March
ELEC004002,2024-03-15,weekday,Academic Block A,16-18,2.294,2695.25,False,False,March
ELEC004003,2024-03-15,weekday,Academic Block A,18-20,2.095,2697.34,False,False,March
ELEC004004,2024-03-15,weekday,Academic Block A,20-22,1.791,2699.13,False,False,March
ELEC004005,2024-03-15,weekday,Academic Block A,22-00,0.641,2699.77,False,False,March
ELEC004006,2024-03-15,weekday,Academic Block B,06-08,1.026,6180.29,False,False,March
ELEC004007,2024-03-15,weekday,Academic Block B,08-10,2.986,6183.28,False,False,March
ELEC004008,2024-03-15,weekday,Academic Block B,10-12,3.631,6186.91,False,False,March
ELEC004009,2024-03-15,weekday,Academic Block B,12-14,2.999,6189.91,False,False,March
ELEC004010,2024-03-15,weekday,Academic Block B,14-16,3.058,6192.97,False,False,March
ELEC004011,2024-03-15,weekday,Academic Block B,16-18,2.893,6195.86,False,False,March
ELEC004012,2024-03-15,weekday,Academic Block B,18-20,2.531,6198.39,False,False,March
ELEC004013,2024-03-15,weekday,Academic Block B,20-22,1.646,6200.04,False,False,March
ELEC004014,2024-03-15,weekday,Academic Block B,22-00,0.808,6200.85,False,False,March
ELEC004015,2024-03-15,weekday,Hostel Block 1,06-08,0.447,4175.81,False,False,March
ELEC004016,2024-03-15,weekday,Hostel Block 1,08-10,4.479670306997548,4180.29,False,True,March
ELEC004017,2024-03-15,weekday,Hostel Block 1,10-12,1.926,4182.22,False,False,March
ELEC004018,2024-03-15,weekday,Hostel Block 1,12-14,1.673,4183.89,False,False,March
ELEC004019,2024-03-15,weekday,Hostel Block 1,14-16,1.737,4185.63,False,False,March
ELEC004020,2024-03-15,weekday,Hostel Block 1,16-18,1.221,4186.85,False,False,March
ELEC004021,2024-03-15,weekday,Hostel Block 1,18-20,1.372,4188.22,False,False,March
ELEC004022,2024-03-15,weekday,Hostel Block 1,20-22,0.977,4189.2,False,False,March
ELEC004023,2024-03-15,weekday,Hostel Block 1,22-00,0.448,4189.65,False,False,March
ELEC004024,2024-03-15,weekday,Hostel Block 2,06-08,0.469,3925.8,False,False,March
ELEC004025,2024-03-15,weekday,Hostel Block 2,08-10,1.3,3927.1,False,False,March
ELEC004026,2024-03-15,weekday,Hostel Block 2,10-12,1.757,3928.86,False,False,March
ELEC004027,2024-03-15,weekday,Hostel Block 2,12-14,1.492,3930.35,False,False,March
ELEC004028,2024-03-15,weekday,Hostel Block 2,14-16,1.727,3932.08,False,False,March
ELEC004029,2024-03-15,weekday,Hostel Block 2,16-18,1.504,3933.58,False,False,March
ELEC004030,2024-03-15,weekday,Hostel Block 2,18-20,1.055,,False,False,March
ELEC004031,2024-03-15,weekday,Hostel Block 2,20-22,0.923,3935.56,False,False,March
ELEC004032,2024-03-15,weekday,Hostel Block 2,22-00,0.447,3936.01,False,False,March
ELEC004033,2024-03-15,weekday,Library,06-08,1.9797860628682002,2375.79,False,True,March
ELEC004034,2024-03-15,weekday,Library,08-10,1.832,2377.62,False,False,March
ELEC004035,2024-03-15,weekday,Library,10-12,2.27,2379.89,False,False,March
ELEC004036,2024-03-15,weekday,Library,12-14,2.092,2381.98,False,False,March
ELEC004037,2024-03-15,weekday,Library,14-16,1.924,2383.9,False,False,March
ELEC004038,2024-03-15,weekday,Library,16-18,1.801,2385.7,False,False,March
ELEC004039,2024-03-15,weekday,Library,18-20,1.571,2387.27,False,False,March
ELEC004040,2024-03-15,weekday,Library,20-22,1.044,2388.31,False,False,March
ELEC004041,2024-03-15,weekday,Library,22-00,0.449,2388.76,False,False,March
ELEC004042,2024-03-15,weekday,Labs Complex,06-08,0.677,5154.84,False,False,March
ELEC004043,2024-03-15,weekday,Labs Complex,08-10,1.749,5156.59,False,False,March
ELEC004044,2024-03-15,weekday,Labs Complex,10-12,2.04,5158.63,False,False,March
ELEC004045,2024-03-15,weekday,Labs Complex,12-14,1.823,5160.45,False,False,March
ELEC004046,2024-03-15,weekday,Labs Complex,14-16,1.851,5162.3,False,False,March
ELEC004047,2024-03-15,weekday,Labs Complex,16-18,1.886,5164.19,False,False,March
ELEC004048,2024-03-15,weekday,Labs Complex,18-20,1.492,5165.68,False,False,March
ELEC004049,2024-03-15,weekday,Labs Complex,20-22,1.258,5166.94,False,False,March
ELEC004050,2024-03-15,weekday,Labs Complex,22-00,0.445,5167.38,False,False,March
ELEC004051,2024-03-16,saturday,Academic Block A,06-08,0.718,2700.49,False,False,March
ELEC004052,2024-03-16,saturday,Academic Block A,08-10,1.83,2702.32,False,False,March
ELEC004053,2024-03-16,saturday,Academic Block A,10-12,2.282,2704.6,False,False,March
ELEC004054,2024-03-16,saturday,Academic Block A,12-14,1.749,2706.35,False,False,March
ELEC004055,2024-03-16,saturday,Academic Block A,14-16,2.061,2708.41,False,False,March
ELEC004056,2024-03-16,saturday,Academic Block A,16-18,1.717,,False,False,March
ELEC004057,2024-03-16,saturday,Academic Block A,18-20,1.413,2711.54,False,False,March
ELEC004058,2024-03-16,saturday,Academic Block A,20-22,1.29,2712.83,False,False,March
ELEC004059,2024-03-16,saturday,Academic Block A,22-00,0.568,2713.4,False,False,March
ELEC004060,2024-03-16,saturday,Academic Block B,06-08,0.603,6201.45,False,False,March
ELEC004061,2024-03-16,saturday,Academic Block B,08-10,1.797,6203.25,False,False,March
ELEC004062,2024-03-16,saturday,Academic Block B,10-12,2.369,6205.62,False,False,March
ELEC004063,2024-03-16,saturday,Academic Block B,12-14,1.763,6207.38,False,False,March
ELEC004064,2024-03-16,saturday,Academic Block B,14-16,2.271,6209.65,False,False,March
ELEC004065,2024-03-16,saturday,Academic Block B,16-18,1.964,6211.61,False,False,March
ELEC004066,2024-03-16,saturday,Academic Block B,18-20,1.413,6213.02,False,False,March
ELEC004067,2024-03-16,saturday,Academic Block B,20-22,1.236,6214.26,False,False,March
ELEC004068,2024-03-16,saturday,Academic Block B,22-00,0.558,6214.82,False,False,March
ELEC004069,2024-03-16,saturday,Hostel Block 1,06-08,0.326,4189.98,False,False,March
ELEC004070,2024-03-16,saturday,Hostel Block 1,08-10,1.144,4191.12,False,False,March
ELEC004071,2024-03-16,saturday,Hostel Block 1,10-12,1.409,4192.53,False,False,March
ELEC004072,2024-03-16,saturday,Hostel Block 1,12-14,1.196,4193.73,False,False,March
ELEC004073,2024-03-16,saturday,Hostel Block 1,14-16,1.245,4194.97,False,False,March
ELEC004074,2024-03-16,saturday,Hostel Block 1,16-18,0.996,4195.97,False,False,March
ELEC004075,2024-03-16,saturday,Hostel Block 1,18-20,0.856,4196.83,False,False,March
ELEC004076,2024-03-16,saturday,Hostel Block 1,20-22,0.693,4197.52,False,False,March
ELEC004077,2024-03-16,saturday,Hostel Block 1,22-00,0.291,4197.81,False,False,March
ELEC004078,2024-03-16,saturday,Hostel Block 2,06-08,0.353,3936.36,False,False,March
ELEC004079,2024-03-16,saturday,Hostel Block 2,08-10,1.141,3937.5,False,False,March
ELEC004080,2024-03-16,saturday,Hostel Block 2,10-12,1.053,3938.55,False,False,March
ELEC004081,2024-03-16,saturday,Hostel Block 2,12-14,1.203,3939.75,False,False,March
ELEC004082,2024-03-16,saturday,Hostel Block 2,14-16,1.093,3940.84,False,False,March
ELEC004083,2024-03-16,saturday,Hostel Block 2,16-18,1.085,3941.93,False,False,March
ELEC004084,2024-03-16,saturday,Hostel Block 2,18-20,0.949,3942.88,False,False,March
ELEC004085,2024-03-16,saturday,Hostel Block 2,20-22,0.718,3943.6,False,False,March
ELEC004086,2024-03-16,saturday,Hostel Block 2,22-00,0.266,3943.87,False,False,March
ELEC004087,2024-03-16,saturday,Library,06-08,0.37,2389.13,False,False,March
ELEC004088,2024-03-16,saturday,Library,08-10,1.239,2390.37,False,False,March
ELEC004089,2024-03-16,saturday,Library,10-12,1.482,2391.85,False,False,March
ELEC004090,2024-03-16,saturday,Library,12-14,1.374,2393.22,False,False,March
ELEC004091,2024-03-16,saturday,Library,14-16,1.527,2394.75,False,False,March
ELEC004092,2024-03-16,saturday,Library,16-18,1.248,2396.0,False,False,March
ELEC004093,2024-03-16,saturday,Library,18-20,1.201,2397.2,False,False,March
ELEC004094,2024-03-16,saturday,Library,20-22,0.857,2398.06,False,False,March
ELEC004095,2024-03-16,saturday,Library,22-00,0.35,2398.41,False,False,March
ELEC004096,2024-03-16,saturday,Labs Complex,06-08,0.41,5167.79,False,False,March
ELEC004097,2024-03-16,saturday,Labs Complex,08-10,1.323,5169.11,False,False,March
ELEC004098,2024-03-16,saturday,Labs Complex,10-12,1.451,5170.56,False,False,March
ELEC004099,2024-03-16,saturday,Labs Complex,12-14,1.5,5172.06,False,False,March
ELEC004100,2024-03-16,saturday,Labs Complex,14-16,1.294,5173.35,False,False,March
ELEC004101,2024-03-16,saturday,Labs Complex,16-18,1.18,5174.53,False,False,March
ELEC004102,2024-03-16,saturday,Labs Complex,18-20,1.002,5175.53,False,False,March
ELEC004103,2024-03-16,saturday,Labs Complex,20-22,0.749,5176.28,False,False,March
ELEC004104,2024-03-16,saturday,Labs Complex,22-00,0.311,5176.59,False,False,March
ELEC004105,2024-03-17,weekend,Academic Block A,06-08,0.396,2713.8,False,False,March
ELEC004106,2024-03-17,weekend,Academic Block A,08-10,1.206,2715.01,False,False,March
ELEC004107,2024-03-17,weekend,Academic Block A,10-12,1.36,2716.37,False,False,March
ELEC004108,2024-03-17,weekend,Academic Block A,12-14,0.98,2717.35,False,False,March
ELEC004109,2024-03-17,weekend,Academic Block A,14-16,1.128,2718.48,False,False,March
ELEC004110,2024-03-17,weekend,Academic Block A,16-18,0.923,2719.4,False,False,March
ELEC004111,2024-03-17,weekend,Academic Block A,18-20,0.859,2720.26,False,False,March
ELEC004112,2024-03-17,weekend,Academic Block A,20-22,0.732,2720.99,False,False,March
ELEC004113,2024-03-17,weekend,Academic Block A,22-00,0.277,2721.27,False,False,March
ELEC004114,2024-03-17,weekend,Academic Block B,06-08,0.318,6215.14,False,False,March
ELEC004115,2024-03-17,weekend,Academic Block B,08-10,1.058,6216.2,False,False,March
ELEC004116,2024-03-17,weekend,Academic Block B,10-12,1.255,6217.45,False,False,March
ELEC004117,2024-03-17,weekend,Academic Block B,12-14,1.15,6218.6,False,False,March
ELEC004118,2024-03-17,weekend,Academic Block B,14-16,1.062,6219.66,False,False,March
ELEC004119,2024-03-17,weekend,Academic Block B,16-18,0.934,6220.59,False,False,March
ELEC004120,2024-03-17,weekend,Academic Block B,18-20,0.9,6221.49,False,False,March
ELEC004121,2024-03-17,weekend,Academic Block B,20-22,0.632,6222.12,False,False,March
ELEC004122,2024-03-17,weekend,Academic Block B,22-00,0.267,6222.39,False,False,March
ELEC004123,2024-03-17,weekend,Hostel Block 1,06-08,0.175,4197.99,False,False,March
ELEC004124,2024-03-17,weekend,Hostel Block 1,08-10,0.516,4198.51,False,False,March
ELEC004125,2024-03-17,weekend,Hostel Block 1,10-12,0.756,4199.27,False,False,March
ELEC004126,2024-03-17,weekend,Hostel Block 1,12-14,0.67,4199.94,False,False,March
ELEC004127,2024-03-17,weekend,Hostel Block 1,14-16,0.665,4200.6,False,False,March
ELEC004128,2024-03-17,weekend,Hostel Block 1,16-18,0.502,4201.1,False,False,March
ELEC004129,2024-03-17,weekend,Hostel Block 1,18-20,0.413,4201.51,False,False,March
ELEC004130,2024-03-17,weekend,Hostel Block 1,20-22,0.429,4201.94,False,False,March
ELEC004131,2024-03-17,weekend,Hostel Block 1,22-00,0.16,4202.1,False,False,March
ELEC004132,2024-03-17,weekend,Hostel Block 2,06-08,0.194,3944.06,False,False,March
ELEC004133,2024-03-17,weekend,Hostel Block 2,08-10,0.52,3944.58,False,False,March
ELEC004134,2024-03-17,weekend,Hostel Block 2,10-12,0.788,3945.37,False,False,March
ELEC004135,2024-03-17,weekend,Hostel Block 2,12-14,0.635,3946.01,False,False,March
ELEC004136,2024-03-17,weekend,Hostel Block 2,14-16,0.682,3946.69,False,False,March
ELEC004137,2024-03-17,weekend,Hostel Block 2,16-18,0.478,3947.17,False,False,March
ELEC004138,2024-03-17,weekend,Hostel Block 2,18-20,0.447,3947.62,False,False,March
ELEC004139,2024-03-17,weekend,Hostel Block 2,20-22,0.336,3947.96,False,False,March
ELEC004140,2024-03-17,weekend,Hostel Block 2,22-00,0.168,3948.13,False,False,March
ELEC004141,2024-03-17,weekend,Library,06-08,0.9870637939340732,2399.4,False,True,March
ELEC004142,2024-03-17,weekend,Library,08-10,0.647,2400.05,False,False,March
ELEC004143,2024-03-17,weekend,Library,10-12,0.848,2400.9,False,False,March
ELEC004144,2024-03-17,weekend,Library,12-14,0.854,2401.75,False,False,March
ELEC004145,2024-03-17,weekend,Library,14-16,0.829,2402.58,False,False,March
ELEC004146,2024-03-17,weekend,Library,16-18,0.695,2403.28,False,False,March
ELEC004147,2024-03-17,weekend,Library,18-20,0.573,2403.85,False,False,March
ELEC004148,2024-03-17,weekend,Library,20-22,0.493,2404.34,False,False,March
ELEC004149,2024-03-17,weekend,Library,22-00,0.17,2404.51,False,False,March
ELEC004150,2024-03-17,weekend,Labs Complex,06-08,0.223,5176.81,False,False,March
ELEC004151,2024-03-17,weekend,Labs Complex,08-10,0.716,5177.53,False,False,March
ELEC004152,2024-03-17,weekend,Labs Complex,10-12,0.899,5178.43,False,False,March
ELEC004153,2024-03-17,weekend,Labs Complex,12-14,0.8,5179.23,False,False,March
ELEC004154,2024-03-17,weekend,Labs Complex,14-16,0.729,5179.96,False,False,March
ELEC004155,2024-03-17,weekend,Labs Complex,16-18,0.715,5180.68,False,False,March
ELEC004156,2024-03-17,weekend,Labs Complex,18-20,0.645,5181.33,False,False,March
ELEC004157,2024-03-17,weekend,Labs Complex,20-22,0.489,,False,False,March
ELEC004158,2024-03-17,weekend,Labs Complex,22-00,0.203,5182.02,False,False,March
ELEC004159,2024-03-18,weekday,Academic Block A,06-08,0.771,2722.04,False,False,March
ELEC004160,2024-03-18,weekday,Academic Block A,08-10,2.876,2724.92,False,False,March
ELEC004161,2024-03-18,weekday,Academic Block A,10-12,3.467,2728.39,False,False,March
ELEC004162,2024-03-18,weekday,Academic Block A,12-14,2.957,2731.35,False,False,March
ELEC004163,2024-03-18,weekday,Academic Block A,14-16,2.839,2734.19,False,False,March
ELEC004164,2024-03-18,weekday,Academic Block A,16-18,2.326,2736.52,False,False,March
ELEC004165,2024-03-18,weekday,Academic Block A,18-20,2.554,2739.07,False,False,March
ELEC004166,2024-03-18,weekday,Academic Block A,20-22,1.779,2740.85,False,False,March
ELEC004167,2024-03-18,weekday,Academic Block A,22-00,0.829,2741.68,False,False,March
ELEC004168,2024-03-18,weekday,Academic Block B,06-08,0.912,6223.3,False,False,March
ELEC004169,2024-03-18,weekday,Academic Block B,08-10,2.372,6225.67,False,False,March
ELEC004170,2024-03-18,weekday,Academic Block B,10-12,3.138,6228.81,False,False,March
ELEC004171,2024-03-18,weekday,Academic Block B,12-14,2.797,6231.61,False,False,March
ELEC004172,2024-03-18,weekday,Academic Block B,14-16,2.842,6234.45,False,False,March
ELEC004173,2024-03-18,weekday,Academic Block B,16-18,2.563,6237.01,False,False,March
ELEC004174,2024-03-18,weekday,Academic Block B,18-20,2.548,6239.56,False,False,March
ELEC004175,2024-03-18,weekday,Academic Block B,20-22,1.972,6241.53,False,False,March
ELEC004176,2024-03-18,weekday,Academic Block B,22-00,0.736,6242.27,False,False,March
ELEC004177,2024-03-18,weekday,Hostel Block 1,06-08,1.9695712748840457,4204.07,False,True,March
ELEC004178,2024-03-18,weekday,Hostel Block 1,08-10,1.563,4205.63,False,False,March
ELEC004179,2024-03-18,weekday,Hostel Block 1,10-12,1.953,4207.58,False,False,March
ELEC004180,2024-03-18,weekday,Hostel Block 1,12-14,1.641,4209.22,False,False,March
ELEC004181,2024-03-18,weekday,Hostel Block 1,14-16,1.612,4210.83,False,False,March
ELEC004182,2024-03-18,weekday,Hostel Block 1,16-18,1.548,4212.38,False,False,March
ELEC004183,2024-03-18,weekday,Hostel Block 1,18-20,1.117,4213.5,False,False,March
ELEC004184,2024-03-18,weekday,Hostel Block 1,20-22,0.879,4214.38,False,False,March
ELEC004185,2024-03-18,weekday,Hostel Block 1,22-00,0.419,4214.8,False,False,March
ELEC004186,2024-03-18,weekday,Hostel Block 2,06-08,0.551,3948.68,False,False,March
ELEC004187,2024-03-18,weekday,Hostel Block 2,08-10,1.435,3950.11,False,False,March
ELEC004188,2024-03-18,weekday,Hostel Block 2,10-12,1.639,3951.75,False,False,March
ELEC004189,2024-03-18,weekday,Hostel Block 2,12-14,1.379,3953.13,False,False,March
ELEC004190,2024-03-18,weekday,Hostel Block 2,14-16,1.714,3954.84,False,False,March
ELEC004191,2024-03-18,weekday,Hostel Block 2,16-18,1.462,3956.3,False,False,March
ELEC004192,2024-03-18,weekday,Hostel Block 2,18-20,1.268,3957.57,False,False,March
ELEC004193,2024-03-18,weekday,Hostel Block 2,20-22,0.949,3958.52,False,False,March
ELEC004194,2024-03-18,weekday,Hostel Block 2,22-00,0.373,3958.89,False,False,March
ELEC004195,2024-03-18,weekday,Library,06-08,0.643,2405.15,False,False,March
ELEC004196,2024-03-18,weekday,Library,08-10,1.923,2407.07,False,False,March
ELEC004197,2024-03-18,weekday,Library,10-12,2.351,2409.42,False,False,March
ELEC004198,2024-03-18,weekday,Library,12-14,2.005,2411.43,False,False,March
ELEC004199,2024-03-18,weekday,Library,14-16,1.855,,False,False,March
ELEC004200,2024-03-18,weekday,Library,16-18,1.898,2415.18,False,False,March
ELEC004201,2024-03-18,weekday,Library,18-20,1.292,2416.47,False,False,March
ELEC004202,2024-03-18,weekday,Library,20-22,1.1,2417.57,False,False,March
ELEC004203,2024-03-18,weekday,Library,22-00,0.456,2418.03,False,False,March
ELEC004204,2024-03-18,weekday,Labs Complex,06-08,0.679,5182.7,False,False,March
ELEC004205,2024-03-18,weekday,Labs Complex,08-10,1.583,5184.28,False,False,March
ELEC004206,2024-03-18,weekday,Labs Complex,10-12,2.187,5186.47,False,False,March
ELEC004207,2024-03-18,weekday,Labs Complex,12-14,1.782,5188.25,False,False,March
ELEC004208,2024-03-18,weekday,Labs Complex,14-16,1.861,5190.11,False,False,March
ELEC004209,2024-03-18,weekday,Labs Complex,16-18,1.903,5192.01,False,False,March
ELEC004210,2024-03-18,weekday,Labs Complex,18-20,1.397,5193.41,False,False,March
ELEC004211,2024-03-18,weekday,Labs Complex,20-22,1.077,,False,False,March
ELEC004212,2024-03-18,weekday,Labs Complex,22-00,0.507,5194.99,False,False,March
ELEC004213,2024-03-19,weekday,Academic Block A,06-08,0.765,2742.44,False,False,March
ELEC004214,2024-03-19,weekday,Academic Block A,08-10,2.684,2745.12,False,False,March
ELEC004215,2024-03-19,weekday,Academic Block A,10-12,3.676,2748.8,False,False,March
ELEC004216,2024-03-19,weekday,Academic Block A,12-14,2.889,2751.69,False,False,March
ELEC004217,2024-03-19,weekday,Academic Block A,14-16,2.834,2754.52,False,False,March
ELEC004218,2024-03-19,weekday,Academic Block A,16-18,7.887198383392032,2762.41,False,True,March
ELEC004219,2024-03-19,weekday,Academic Block A,18-20,1.957,2764.37,False,False,March
ELEC004220,2024-03-19,weekday,Academic Block A,20-22,1.889,2766.26,False,False,March
ELEC004221,2024-03-19,weekday,Academic Block A,22-00,0.839,2767.1,False,False,March
ELEC004222,2024-03-19,weekday,Academic Block B,06-08,1.019,6243.29,False,False,March
ELEC004223,2024-03-19,weekday,Academic Block B,08-10,2.752,6246.04,False,False,March
ELEC004224,2024-03-19,weekday,Academic Block B,10-12,3.769,6249.81,False,False,March
ELEC004225,2024-03-19,weekday,Academic Block B,12-14,2.952,6252.76,False,False,March
ELEC004226,2024-03-19,weekday,Academic Block B,14-16,3.377,6256.14,False,False,March
ELEC004227,2024-03-19,weekday,Academic Block B,16-18,2.869,6259.01,False,False,March
ELEC004228,2024-03-19,weekday,Academic Block B,18-20,2.451,6261.46,False,False,March
ELEC004229,2024-03-19,weekday,Academic Block B,20-22,1.671,6263.13,False,False,March
ELEC004230,2024-03-19,weekday,Academic Block B,22-00,0.845,6263.98,False,False,March
ELEC004231,2024-03-19,weekday,Hostel Block 1,06-08,0.408,4215.21,False,False,March
ELEC004232,2024-03-19,weekday,Hostel Block 1,08-10,1.632,4216.84,False,False,March
ELEC004233,2024-03-19,weekday,Hostel Block 1,10-12,1.655,4218.49,False,False,March
ELEC004234,2024-03-19,weekday,Hostel Block 1,12-14,5.503234494495719,4223.99,False,True,March
ELEC004235,2024-03-19,weekday,Hostel Block 1,14-16,1.741,4225.73,False,False,March
ELEC004236,2024-03-19,weekday,Hostel Block 1,16-18,1.489,4227.22,False,False,March
ELEC004237,2024-03-19,weekday,Hostel Block 1,18-20,1.075,4228.3,False,False,March
ELEC004238,2024-03-19,weekday,Hostel Block 1,20-22,0.928,4229.23,False,False,March
ELEC004239,2024-03-19,weekday,Hostel Block 1,22-00,0.457,4229.69,False,False,March
ELEC004240,2024-03-19,weekday,Hostel Block 2,06-08,0.462,3959.35,False,False,March
ELEC004241,2024-03-19,weekday,Hostel Block 2,08-10,1.581,3960.93,False,False,March
ELEC004242,2024-03-19,weekday,Hostel Block 2,10-12,1.733,3962.66,False,False,March
ELEC004243,2024-03-19,weekday,Hostel Block 2,12-14,1.463,3964.12,False,False,March
ELEC004244,2024-03-19,weekday,Hostel Block 2,14-16,1.572,3965.69,False,False,March
ELEC004245,2024-03-19,weekday,Hostel Block 2,16-18,1.448,3967.14,False,False,March
ELEC004246,2024-03-19,weekday,Hostel Block 2,18-20,1.358,,False,False,March
ELEC004247,2024-03-19,weekday,Hostel Block 2,20-22,1.087,3969.59,False,False,March
ELEC004248,2024-03-19,weekday,Hostel Block 2,22-00,0.384,3969.97,False,False,March
ELEC004249,2024-03-19,weekday,Library,06-08,0.606,2418.64,False,False,March
ELEC004250,2024-03-19,weekday,Library,08-10,1.658,2420.3,False,False,March
ELEC004251,2024-03-19,weekday,Library,10-12,2.469,2422.77,False,False,March
ELEC004252,2024-03-19,weekday,Library,12-14,1.645,2424.41,False,False,March
ELEC004253,2024-03-19,weekday,Library,14-16,1.778,2426.19,False,False,March
ELEC004254,2024-03-19,weekday,Library,16-18,1.608,2427.8,False,False,March
ELEC004255,2024-03-19,weekday,Library,18-20,1.303,2429.1,False,False,March
ELEC004256,2024-03-19,weekday,Library,20-22,1.205,2430.3,False,False,March
ELEC004257,2024-03-19,weekday,Library,22-00,0.505,2430.81,False,False,March
ELEC004258,2024-03-19,weekday,Labs Complex,06-08,0.639,5195.63,False,False,March
ELEC004259,2024-03-19,weekday,Labs Complex,08-10,1.9,5197.53,False,False,March
ELEC004260,2024-03-19,weekday,Labs Complex,10-12,1.891,5199.42,False,False,March
ELEC004261,2024-03-19,weekday,Labs Complex,12-14,2.01,5201.43,False,False,March
ELEC004262,2024-03-19,weekday,Labs Complex,14-16,2.031,5203.46,False,False,March
ELEC004263,2024-03-19,weekday,Labs Complex,16-18,1.521,5204.98,False,False,March
ELEC004264,2024-03-19,weekday,Labs Complex,18-20,1.696,5206.68,False,False,March
ELEC004265,2024-03-19,weekday,Labs Complex,20-22,1.257,5207.94,False,False,March
ELEC004266,2024-03-19,weekday,Labs Complex,22-00,0.466,5208.41,False,False,March
ELEC004267,2024-03-20,weekday,Academic Block A,06-08,1.0,2768.1,False,False,March
ELEC004268,2024-03-20,weekday,Academic Block A,08-10,3.086,2771.19,False,False,March
ELEC004269,2024-03-20,weekday,Academic Block A,10-12,3.1,2774.29,False,False,March
ELEC004270,2024-03-20,weekday,Academic Block A,12-14,2.812,2777.1,False,False,March
ELEC004271,2024-03-20,weekday,Academic Block A,14-16,2.894,2779.99,False,False,March
ELEC004272,2024-03-20,weekday,Academic Block A,16-18,2.329,2782.32,False,False,March
ELEC004273,2024-03-20,weekday,Academic Block A,18-20,2.419,2784.74,False,False,March
ELEC004274,2024-03-20,weekday,Academic Block A,20-22,1.817,2786.56,False,False,March
ELEC004275,2024-03-20,weekday,Academic Block A,22-00,0.844,2787.4,False,False,March
ELEC004276,2024-03-20,weekday,Academic Block B,06-08,0.911,6264.89,False,False,March
ELEC004277,2024-03-20,weekday,Academic Block B,08-10,2.407,6267.3,False,False,March
ELEC004278,2024-03-20,weekday,Academic Block B,10-12,3.028,6270.33,False,False,March
ELEC004279,2024-03-20,weekday,Academic Block B,12-14,2.831,6273.16,False,False,March
ELEC004280,2024-03-20,weekday,Academic Block B,14-16,3.061,6276.22,False,False,March
ELEC004281,2024-03-20,weekday,Academic Block B,16-18,2.234,6278.45,False,False,March
ELEC004282,2024-03-20,weekday,Academic Block B,18-20,2.356,6280.81,False,False,March
ELEC004283,2024-03-20,weekday,Academic Block B,20-22,1.581,6282.39,False,False,March
ELEC004284,2024-03-20,weekday,Academic Block B,22-00,0.773,6283.16,False,False,March
ELEC004285,2024-03-20,weekday,Hostel Block 1,06-08,0.472,4230.16,False,False,March
ELEC004286,2024-03-20,weekday,Hostel Block 1,08-10,1.623,4231.78,False,False,March
ELEC004287,2024-03-20,weekday,Hostel Block 1,10-12,1.928,4233.71,False,False,March
ELEC004288,2024-03-20,weekday,Hostel Block 1,12-14,1.346,4235.06,False,False,March
ELEC004289,2024-03-20,weekday,Hostel Block 1,14-16,1.547,4236.61,False,False,March
ELEC004290,2024-03-20,weekday,Hostel Block 1,16-18,1.534,4238.14,False,False,March
ELEC004291,2024-03-20,weekday,Hostel Block 1,18-20,1.057,4239.2,False,False,March
ELEC004292,2024-03-20,weekday,Hostel Block 1,20-22,0.867,4240.07,False,False,March
ELEC004293,2024-03-20,weekday,Hostel Block 1,22-00,0.422,4240.49,False,False,March
ELEC004294,2024-03-20,weekday,Hostel Block 2,06-08,0.473,3970.44,False,False,March
ELEC004295,2024-03-20,weekday,Hostel Block 2,08-10,1.266,3971.71,False,False,March
ELEC004296,2024-03-20,weekday,Hostel Block 2,10-12,1.595,3973.3,False,False,March
ELEC004297,2024-03-20,weekday,Hostel Block 2,12-14,1.606,3974.91,False,False,March
ELEC004298,2024-03-20,weekday,Hostel Block 2,14-16,4.1420341577156785,3979.05,False,True,March
ELEC004299,2024-03-20,weekday,Hostel Block 2,16-18,1.256,3980.31,False,False,March
ELEC004300,2024-03-20,weekday,Hostel Block 2,18-20,1.204,3981.51,False,False,March
ELEC004301,2024-03-20,weekday,Hostel Block 2,20-22,0.933,3982.44,False,False,March
ELEC004302,2024-03-20,weekday,Hostel Block 2,22-00,0.422,3982.86,False,False,March
ELEC004303,2024-03-20,weekday,Library,06-08,0.687,2431.5,False,False,March
ELEC004304,2024-03-20,weekday,Library,08-10,1.847,,False,False,March
ELEC004305,2024-03-20,weekday,Library,10-12,2.28,2435.63,False,False,March
ELEC004306,2024-03-20,weekday,Library,12-14,2.133,2437.76,False,False,March
ELEC004307,2024-03-20,weekday,Library,14-16,1.777,2439.54,False,False,March
ELEC004308,2024-03-20,weekday,Library,16-18,7.123968775046108,2446.66,False,True,March
ELEC004309,2024-03-20,weekday,Library,18-20,1.693,2448.35,False,False,March
ELEC004310,2024-03-20,weekday,Library,20-22,1.262,2449.61,False,False,March
ELEC004311,2024-03-20,weekday,Library,22-00,0.547,2450.16,False,False,March
ELEC004312,2024-03-20,weekday,Labs Complex,06-08,0.583,5208.99,False,False,March
ELEC004313,2024-03-20,weekday,Labs Complex,08-10,1.555,5210.55,False,False,March
ELEC004314,2024-03-20,weekday,Labs Complex,10-12,1.876,5212.43,False,False,March
ELEC004315,2024-03-20,weekday,Labs Complex,12-14,2.037,5214.47,False,False,March
ELEC004316,2024-03-20,weekday,Labs Complex,14-16,2.064,5216.53,False,False,March
ELEC004317,2024-03-20,weekday,Labs Complex,16-18,1.711,5218.24,False,False,March
ELEC004318,2024-03-20,weekday,Labs Complex,18-20,1.444,5219.68,False,False,March
ELEC004319,2024-03-20,weekday,Labs Complex,20-22,1.177,5220.86,False,False,March
ELEC004320,2024-03-20,weekday,Labs Complex,22-00,0.517,5221.38,False,False,March
ELEC004321,2024-03-21,weekday,Academic Block A,06-08,0.939,2788.34,False,False,March
ELEC004322,2024-03-21,weekday,Academic Block A,08-10,2.845,2791.18,False,False,March
ELEC004323,2024-03-21,weekday,Academic Block A,10-12,3.729,2794.91,False,False,March
ELEC004324,2024-03-21,weekday,Academic Block A,12-14,2.931,2797.84,False,False,March
ELEC004325,2024-03-21,weekday,Academic Block A,14-16,2.597,2800.44,False,False,March
ELEC004326,2024-03-21,weekday,Academic Block A,16-18,2.893,2803.33,False,False,March
ELEC004327,2024-03-21,weekday,Academic Block A,18-20,2.49,2805.82,False,False,March
ELEC004328,2024-03-21,weekday,Academic Block A,20-22,1.958,2807.78,False,False,March
ELEC004329,2024-03-21,weekday,Academic Block A,22-00,0.775,2808.56,False,False,March
ELEC004330,2024-03-21,weekday,Academic Block B,06-08,0.821,6283.98,False,False,March
ELEC004331,2024-03-21,weekday,Academic Block B,08-10,2.583,6286.56,False,False,March
ELEC004332,2024-03-21,weekday,Academic Block B,10-12,3.053,6289.61,False,False,March
ELEC004333,2024-03-21,weekday,Academic Block B,12-14,2.98,6292.59,False,False,March
ELEC004334,2024-03-21,weekday,Academic Block B,14-16,2.611,6295.2,False,False,March
ELEC004335,2024-03-21,weekday,Academic Block B,16-18,2.344,6297.54,False,False,March
ELEC004336,2024-03-21,weekday,Academic Block B,18-20,1.997,6299.54,False,False,March
ELEC004337,2024-03-21,weekday,Academic Block B,20-22,1.769,6301.31,False,False,March
ELEC004338,2024-03-21,weekday,Academic Block B,22-00,0.642,6301.95,False,False,March
ELEC004339,2024-03-21,weekday,Hostel Block 1,06-08,0.514,4241.0,False,False,March
ELEC004340,2024-03-21,weekday,Hostel Block 1,08-10,1.331,4242.33,False,False,March
ELEC004341,2024-03-21,weekday,Hostel Block 1,10-12,1.794,4244.12,False,False,March
ELEC004342,2024-03-21,weekday,Hostel Block 1,12-14,1.722,,False,False,March
ELEC004343,2024-03-21,weekday,Hostel Block 1,14-16,1.754,4247.6,False,False,March
ELEC004344,2024-03-21,weekday,Hostel Block 1,16-18,1.532,4249.13,False,False,March
ELEC004345,2024-03-21,weekday,Hostel Block 1,18-20,1.198,4250.33,False,False,March
ELEC004346,2024-03-21,weekday,Hostel Block 1,20-22,0.989,4251.32,False,False,March
ELEC004347,2024-03-21,weekday,Hostel Block 1,22-00,0.354,4251.67,False,False,March
ELEC004348,2024-03-21,weekday,Hostel Block 2,06-08,0.51,3983.37,False,False,March
ELEC004349,2024-03-21,weekday,Hostel Block 2,08-10,1.298,3984.67,False,False,March
ELEC004350,2024-03-21,weekday,Hostel Block 2,10-12,1.951,3986.62,False,False,March
ELEC004351,2024-03-21,weekday,Hostel Block 2,12-14,1.486,3988.11,False,False,March
ELEC004352,2024-03-21,weekday,Hostel Block 2,14-16,1.815,3989.93,False,False,March
ELEC004353,2024-03-21,weekday,Hostel Block 2,16-18,1.394,3991.32,False,False,March
ELEC004354,2024-03-21,weekday,Hostel Block 2,18-20,1.277,3992.6,False,False,March
ELEC004355,2024-03-21,weekday,Hostel Block 2,20-22,1.046,3993.65,False,False,March
ELEC004356,2024-03-21,weekday,Hostel Block 2,22-00,0.454,3994.1,False,False,March
ELEC004357,2024-03-21,weekday,Library,06-08,0.622,2450.78,False,False,March
ELEC004358,2024-03-21,weekday,Library,08-10,1.695,2452.48,False,False,March
ELEC004359,2024-03-21,weekday,Library,10-12,2.276,2454.76,False,False,March
ELEC004360,2024-03-21,weekday,Library,12-14,1.854,2456.61,False,False,March
ELEC004361,2024-03-21,weekday,Library,14-16,2.29,2458.9,False,False,March
ELEC004362,2024-03-21,weekday,Library,16-18,1.537,2460.44,False,False,March
ELEC004363,2024-03-21,weekday,Library,18-20,1.425,2461.87,False,False,March
ELEC004364,2024-03-21,weekday,Library,20-22,1.092,2462.96,False,False,March
ELEC004365,2024-03-21,weekday,Library,22-00,0.453,2463.41,False,False,March
ELEC004366,2024-03-21,weekday,Labs Complex,06-08,0.672,5222.05,False,False,March
ELEC004367,2024-03-21,weekday,Labs Complex,08-10,1.872,5223.92,False,False,March
ELEC004368,2024-03-21,weekday,Labs Complex,10-12,2.403,5226.32,False,False,March
ELEC004369,2024-03-21,weekday,Labs Complex,12-14,2.0,5228.32,False,False,March
ELEC004370,2024-03-21,weekday,Labs Complex,14-16,1.95,5230.27,False,False,March
ELEC004371,2024-03-21,weekday,Labs Complex,16-18,1.745,,False,False,March
ELEC004372,2024-03-21,weekday,Labs Complex,18-20,1.637,5233.65,False,False,March
ELEC004373,2024-03-21,weekday,Labs Complex,20-22,1.205,5234.85,False,False,March
ELEC004374,2024-03-21,weekday,Labs Complex,22-00,0.5,5235.35,False,False,March
ELEC004375,2024-03-22,weekday,Academic Block A,06-08,0.854,2809.41,False,False,March
ELEC004376,2024-03-22,weekday,Academic Block A,08-10,2.513,2811.92,False,False,March
ELEC004377,2024-03-22,weekday,Academic Block A,10-12,3.582,2815.5,False,False,March
ELEC004378,2024-03-22,weekday,Academic Block A,12-14,2.797,2818.3,False,False,March
ELEC004379,2024-03-22,weekday,Academic Block A,14-16,3.107,2821.41,False,False,March
ELEC004380,2024-03-22,weekday,Academic Block A,16-18,2.888,2824.3,False,False,March
ELEC004381,2024-03-22,weekday,Academic Block A,18-20,2.581,,False,False,March
ELEC004382,2024-03-22,weekday,Academic Block A,20-22,1.593,2828.47,False,False,March
ELEC004383,2024-03-22,weekday,Academic Block A,22-00,0.667,2829.14,False,False,March
ELEC004384,2024-03-22,weekday,Academic Block B,06-08,0.932,6302.88,False,False,March
ELEC004385,2024-03-22,weekday,Academic Block B,08-10,2.655,,False,False,March
ELEC004386,2024-03-22,weekday,Academic Block B,10-12,3.485,6309.02,False,False,March
ELEC004387,2024-03-22,weekday,Academic Block B,12-14,2.587,6311.61,False,False,March
ELEC004388,2024-03-22,weekday,Academic Block B,14-16,3.205,6314.81,False,False,March
ELEC004389,2024-03-22,weekday,Academic Block B,16-18,2.906,6317.72,False,False,March
ELEC004390,2024-03-22,weekday,Academic Block B,18-20,2.227,6319.95,False,False,March
ELEC004391,2024-03-22,weekday,Academic Block B,20-22,1.931,6321.88,False,False,March
ELEC004392,2024-03-22,weekday,Academic Block B,22-00,0.854,6322.73,False,False,March
ELEC004393,2024-03-22,weekday,Hostel Block 1,06-08,0.488,4252.16,False,False,March
ELEC004394,2024-03-22,weekday,Hostel Block 1,08-10,1.638,4253.8,False,False,March
ELEC004395,2024-03-22,weekday,Hostel Block 1,10-12,1.999,4255.8,False,False,March
ELEC004396,2024-03-22,weekday,Hostel Block 1,12-14,1.34,,False,False,March
ELEC004397,2024-03-22,weekday,Hostel Block 1,14-16,1.683,4258.82,False,False,March
ELEC004398,2024-03-22,weekday,Hostel Block 1,16-18,1.242,4260.06,False,False,March
ELEC004399,2024-03-22,weekday,Hostel Block 1,18-20,1.337,4261.4,False,False,March
ELEC004400,2024-03-22,weekday,Hostel Block 1,20-22,0.835,4262.23,False,False,March
ELEC004401,2024-03-22,weekday,Hostel Block 1,22-00,0.36,4262.59,False,False,March
ELEC004402,2024-03-22,weekday,Hostel Block 2,06-08,0.487,,False,False,March
ELEC004403,2024-03-22,weekday,Hostel Block 2,08-10,1.277,3995.86,False,False,March
ELEC004404,2024-03-22,weekday,Hostel Block 2,10-12,1.925,3997.79,False,False,March
ELEC004405,2024-03-22,weekday,Hostel Block 2,12-14,1.37,3999.16,False,False,March
ELEC004406,2024-03-22,weekday,Hostel Block 2,14-16,1.428,4000.59,False,False,March
ELEC004407,2024-03-22,weekday,Hostel Block 2,16-18,1.36,4001.95,False,False,March
ELEC004408,2024-03-22,weekday,Hostel Block 2,18-20,1.274,4003.22,False,False,March
ELEC004409,2024-03-22,weekday,Hostel Block 2,20-22,0.963,4004.18,False,False,March
ELEC004410,2024-03-22,weekday,Hostel Block 2,22-00,0.351,,False,False,March
ELEC004411,2024-03-22,weekday,Library,06-08,0.559,2463.97,False,False,March
ELEC004412,2024-03-22,weekday,Library,08-10,1.694,2465.66,False,False,March
ELEC004413,2024-03-22,weekday,Library,10-12,2.093,2467.75,False,False,March
ELEC004414,2024-03-22,weekday,Library,12-14,1.952,2469.7,False,False,March
ELEC004415,2024-03-22,weekday,Library,14-16,2.149,2471.85,False,False,March
ELEC004416,2024-03-22,weekday,Library,16-18,1.445,2473.3,False,False,March
ELEC004417,2024-03-22,weekday,Library,18-20,1.518,2474.82,False,False,March
ELEC004418,2024-03-22,weekday,Library,20-22,1.358,2476.18,False,False,March
ELEC004419,2024-03-22,weekday,Library,22-00,0.549,2476.73,False,False,March
ELEC004420,2024-03-22,weekday,Labs Complex,06-08,0.621,5235.97,False,False,March
ELEC004421,2024-03-22,weekday,Labs Complex,08-10,1.642,5237.61,False,False,March
ELEC004422,2024-03-22,weekday,Labs Complex,10-12,2.502,5240.11,False,False,March
ELEC004423,2024-03-22,weekday,Labs Complex,12-14,1.752,5241.86,False,False,March
ELEC004424,2024-03-22,weekday,Labs Complex,14-16,2.219,5244.08,False,False,March
ELEC004425,2024-03-22,weekday,Labs Complex,16-18,1.659,5245.74,False,False,March
ELEC004426,2024-03-22,weekday,Labs Complex,18-20,1.429,5247.17,False,False,March
ELEC004427,2024-03-22,weekday,Labs Complex,20-22,1.02,5248.19,False,False,March
ELEC004428,2024-03-22,weekday,Labs Complex,22-00,0.536,5248.73,False,False,March
ELEC004429,2024-03-23,saturday,Academic Block A,06-08,0.683,2829.82,False,False,March
ELEC004430,2024-03-23,saturday,Academic Block A,08-10,1.962,2831.78,False,False,March
ELEC004431,2024-03-23,saturday,Academic Block A,10-12,2.17,2833.95,False,False,March
ELEC004432,2024-03-23,saturday,Academic Block A,12-14,2.153,2836.1,False,False,March
ELEC004433,2024-03-23,saturday,Academic Block A,14-16,1.991,2838.09,False,False,March
ELEC004434,2024-03-23,saturday,Academic Block A,16-18,1.591,2839.68,False,False,March
ELEC004435,2024-03-23,saturday,Academic Block A,18-20,1.665,2841.34,False,False,March
ELEC004436,2024-03-23,saturday,Academic Block A,20-22,1.37,2842.71,False,False,March
ELEC004437,2024-03-23,saturday,Academic Block A,22-00,0.466,2843.18,False,False,March
ELEC004438,2024-03-23,saturday,Academic Block B,06-08,0.648,6323.38,False,False,March
ELEC004439,2024-03-23,saturday,Academic Block B,08-10,1.884,6325.26,False,False,March
ELEC004440,2024-03-23,saturday,Academic Block B,10-12,2.462,6327.72,False,False,March
ELEC004441,2024-03-23,saturday,Academic Block B,12-14,2.158,6329.88,False,False,March
ELEC004442,2024-03-23,saturday,Academic Block B,14-16,1.854,6331.73,False,False,March
ELEC004443,2024-03-23,saturday,Academic Block B,16-18,1.972,6333.7,False,False,March
ELEC004444,2024-03-23,saturday,Academic Block B,18-20,1.352,6335.05,False,False,March
ELEC004445,2024-03-23,saturday,Academic Block B,20-22,1.446,6336.5,False,False,March
ELEC004446,2024-03-23,saturday,Academic Block B,22-00,0.524,6337.02,False,False,March
ELEC004447,2024-03-23,saturday,Hostel Block 1,06-08,0.341,4262.93,False,False,March
ELEC004448,2024-03-23,saturday,Hostel Block 1,08-10,0.972,4263.9,False,False,March
ELEC004449,2024-03-23,saturday,Hostel Block 1,10-12,1.355,4265.25,False,False,March
ELEC004450,2024-03-23,saturday,Hostel Block 1,12-14,1.112,4266.36,False,False,March
ELEC004451,2024-03-23,saturday,Hostel Block 1,14-16,1.057,4267.42,False,False,March
ELEC004452,2024-03-23,saturday,Hostel Block 1,16-18,0.943,4268.36,False,False,March
ELEC004453,2024-03-23,saturday,Hostel Block 1,18-20,0.895,4269.26,False,False,March
ELEC004454,2024-03-23,saturday,Hostel Block 1,20-22,0.718,4269.98,False,False,March
ELEC004455,2024-03-23,saturday,Hostel Block 1,22-00,0.264,4270.24,False,False,March
ELEC004456,2024-03-23,saturday,Hostel Block 2,06-08,0.327,4004.86,False,False,March
ELEC004457,2024-03-23,saturday,Hostel Block 2,08-10,1.055,4005.91,False,False,March
ELEC004458,2024-03-23,saturday,Hostel Block 2,10-12,1.059,4006.97,False,False,March
ELEC004459,2024-03-23,saturday,Hostel Block 2,12-14,1.083,4008.05,False,False,March
ELEC004460,2024-03-23,saturday,Hostel Block 2,14-16,1.056,4009.11,False,False,March
ELEC004461,2024-03-23,saturday,Hostel Block 2,16-18,1.076,4010.19,False,False,March
ELEC004462,2024-03-23,saturday,Hostel Block 2,18-20,0.792,4010.98,False,False,March
ELEC004463,2024-03-23,saturday,Hostel Block 2,20-22,0.67,4011.65,False,False,March
ELEC004464,2024-03-23,saturday,Hostel Block 2,22-00,0.265,4011.91,False,False,March
ELEC004465,2024-03-23,saturday,Library,06-08,0.469,2477.2,False,False,March
ELEC004466,2024-03-23,saturday,Library,08-10,1.404,2478.6,False,False,March
ELEC004467,2024-03-23,saturday,Library,10-12,1.624,2480.22,False,False,March
ELEC004468,2024-03-23,saturday,Library,12-14,1.387,2481.61,False,False,March
ELEC004469,2024-03-23,saturday,Library,14-16,1.296,2482.91,False,False,March
ELEC004470,2024-03-23,saturday,Library,16-18,1.164,2484.07,False,False,March
ELEC004471,2024-03-23,saturday,Library,18-20,1.088,2485.16,False,False,March
ELEC004472,2024-03-23,saturday,Library,20-22,0.854,2486.01,False,False,March
ELEC004473,2024-03-23,saturday,Library,22-00,0.304,2486.31,False,False,March
ELEC004474,2024-03-23,saturday,Labs Complex,06-08,0.428,5249.16,False,False,March
ELEC004475,2024-03-23,saturday,Labs Complex,08-10,1.434,5250.59,False,False,March
ELEC004476,2024-03-23,saturday,Labs Complex,10-12,1.524,5252.11,False,False,March
ELEC004477,2024-03-23,saturday,Labs Complex,12-14,1.27,5253.38,False,False,March
ELEC004478,2024-03-23,saturday,Labs Complex,14-16,1.219,5254.6,False,False,March
ELEC004479,2024-03-23,saturday,Labs Complex,16-18,1.135,5255.74,False,False,March
ELEC004480,2024-03-23,saturday,Labs Complex,18-20,0.961,5256.7,False,False,March
ELEC004481,2024-03-23,saturday,Labs Complex,20-22,0.799,5257.5,False,False,March
ELEC004482,2024-03-23,saturday,Labs Complex,22-00,0.329,5257.83,False,False,March
ELEC004483,2024-03-24,weekend,Academic Block A,06-08,0.314,2843.49,False,False,March
ELEC004484,2024-03-24,weekend,Academic Block A,08-10,0.974,2844.46,False,False,March
ELEC004485,2024-03-24,weekend,Academic Block A,10-12,1.313,2845.77,False,False,March
ELEC004486,2024-03-24,weekend,Academic Block A,12-14,1.199,2846.97,False,False,March
ELEC004487,2024-03-24,weekend,Academic Block A,14-16,1.099,2848.07,False,False,March
ELEC004488,2024-03-24,weekend,Academic Block A,16-18,1.152,2849.22,False,False,March
ELEC004489,2024-03-24,weekend,Academic Block A,18-20,1.022,2850.24,False,False,March
ELEC004490,2024-03-24,weekend,Academic Block A,20-22,0.696,2850.94,False,False,March
ELEC004491,2024-03-24,weekend,Academic Block A,22-00,0.299,2851.24,False,False,March
ELEC004492,2024-03-24,weekend,Academic Block B,06-08,0.382,6337.4,False,False,March
ELEC004493,2024-03-24,weekend,Academic Block B,08-10,1.065,6338.46,False,False,March
ELEC004494,2024-03-24,weekend,Academic Block B,10-12,1.261,,False,False,March
ELEC004495,2024-03-24,weekend,Academic Block B,12-14,1.291,6341.01,False,False,March
ELEC004496,2024-03-24,weekend,Academic Block B,14-16,1.055,6342.07,False,False,March
ELEC004497,2024-03-24,weekend,Academic Block B,16-18,1.097,,False,False,March
ELEC004498,2024-03-24,weekend,Academic Block B,18-20,0.939,6344.11,False,False,March
ELEC004499,2024-03-24,weekend,Academic Block B,20-22,0.788,6344.9,False,False,March
ELEC004500,2024-03-24,weekend,Academic Block B,22-00,0.334,6345.23,False,False,March
ELEC004501,2024-03-24,weekend,Hostel Block 1,06-08,0.188,4270.43,False,False,March
ELEC004502,2024-03-24,weekend,Hostel Block 1,08-10,0.582,4271.01,False,False,March
ELEC004503,2024-03-24,weekend,Hostel Block 1,10-12,0.71,4271.72,False,False,March
ELEC004504,2024-03-24,weekend,Hostel Block 1,12-14,0.638,4272.36,False,False,March
ELEC004505,2024-03-24,weekend,Hostel Block 1,14-16,0.692,4273.05,False,False,March
ELEC004506,2024-03-24,weekend,Hostel Block 1,16-18,0.58,4273.63,False,False,March
ELEC004507,2024-03-24,weekend,Hostel Block 1,18-20,0.51,4274.14,False,False,March
ELEC004508,2024-03-24,weekend,Hostel Block 1,20-22,0.431,4274.57,False,False,March
ELEC004509,2024-03-24,weekend,Hostel Block 1,22-00,0.144,4274.71,False,False,March
ELEC004510,2024-03-24,weekend,Hostel Block 2,06-08,0.203,4012.11,False,False,March
ELEC004511,2024-03-24,weekend,Hostel Block 2,08-10,0.629,4012.74,False,False,March
ELEC004512,2024-03-24,weekend,Hostel Block 2,10-12,0.641,4013.38,False,False,March
ELEC004513,2024-03-24,weekend,Hostel Block 2,12-14,0.679,4014.06,False,False,March
ELEC004514,2024-03-24,weekend,Hostel Block 2,14-16,0.636,4014.7,False,False,March
ELEC004515,2024-03-24,weekend,Hostel Block 2,16-18,0.489,4015.19,False,False,March
ELEC004516,2024-03-24,weekend,Hostel Block 2,18-20,0.519,4015.71,False,False,March
ELEC004517,2024-03-24,weekend,Hostel Block 2,20-22,0.421,4016.13,False,False,March
ELEC004518,2024-03-24,weekend,Hostel Block 2,22-00,0.136,4016.27,False,False,March
ELEC004519,2024-03-24,weekend,Library,06-08,0.251,2486.56,False,False,March
ELEC004520,2024-03-24,weekend,Library,08-10,0.808,2487.37,False,False,March
ELEC004521,2024-03-24,weekend,Library,10-12,0.78,2488.15,False,False,March
ELEC004522,2024-03-24,weekend,Library,12-14,0.662,2488.81,False,False,March
ELEC004523,2024-03-24,weekend,Library,14-16,0.838,2489.65,False,False,March
ELEC004524,2024-03-24,weekend,Library,16-18,0.694,2490.34,False,False,March
ELEC004525,2024-03-24,weekend,Library,18-20,0.666,2491.01,False,False,March
ELEC004526,2024-03-24,weekend,Library,20-22,0.473,2491.48,False,False,March
ELEC004527,2024-03-24,weekend,Library,22-00,0.203,2491.68,False,False,March
ELEC004528,2024-03-24,weekend,Labs Complex,06-08,0.211,5258.04,False,False,March
ELEC004529,2024-03-24,weekend,Labs Complex,08-10,0.699,5258.74,False,False,March
ELEC004530,2024-03-24,weekend,Labs Complex,10-12,0.963,5259.7,False,False,March
ELEC004531,2024-03-24,weekend,Labs Complex,12-14,0.804,5260.5,False,False,March
ELEC004532,2024-03-24,weekend,Labs Complex,14-16,0.843,5261.34,False,False,March
ELEC004533,2024-03-24,weekend,Labs Complex,16-18,0.772,5262.11,False,False,March
ELEC004534,2024-03-24,weekend,Labs Complex,18-20,0.577,5262.69,False,False,March
ELEC004535,2024-03-24,weekend,Labs Complex,20-22,0.508,5263.2,False,False,March
ELEC004536,2024-03-24,weekend,Labs Complex,22-00,0.208,5263.41,False,False,March
ELEC004537,2024-03-25,weekday,Academic Block A,06-08,0.842,2852.08,False,False,March
ELEC004538,2024-03-25,weekday,Academic Block A,08-10,2.904,2854.98,False,False,March
ELEC004539,2024-03-25,weekday,Academic Block A,10-12,3.645,2858.62,False,False,March
ELEC004540,2024-03-25,weekday,Academic Block A,12-14,2.822,2861.44,False,False,March
ELEC004541,2024-03-25,weekday,Academic Block A,14-16,2.563,2864.0,False,False,March
ELEC004542,2024-03-25,weekday,Academic Block A,16-18,2.498,2866.5,False,False,March
ELEC004543,2024-03-25,weekday,Academic Block A,18-20,2.09,2868.59,False,False,March
ELEC004544,2024-03-25,weekday,Academic Block A,20-22,1.591,2870.18,False,False,March
ELEC004545,2024-03-25,weekday,Academic Block A,22-00,0.675,2870.86,False,False,March
ELEC004546,2024-03-25,weekday,Academic Block B,06-08,0.908,6346.14,False,False,March
ELEC004547,2024-03-25,weekday,Academic Block B,08-10,2.498,6348.64,False,False,March
ELEC004548,2024-03-25,weekday,Academic Block B,10-12,3.232,6351.87,False,False,March
ELEC004549,2024-03-25,weekday,Academic Block B,12-14,3.016,6354.89,False,False,March
ELEC004550,2024-03-25,weekday,Academic Block B,14-16,3.116,6358.01,False,False,March
ELEC004551,2024-03-25,weekday,Academic Block B,16-18,2.875,6360.89,False,False,March
ELEC004552,2024-03-25,weekday,Academic Block B,18-20,2.368,6363.26,False,False,March
ELEC004553,2024-03-25,weekday,Academic Block B,20-22,1.534,6364.79,False,False,March
ELEC004554,2024-03-25,weekday,Academic Block B,22-00,0.736,6365.53,False,False,March
ELEC004555,2024-03-25,weekday,Hostel Block 1,06-08,0.521,4275.23,False,False,March
ELEC004556,2024-03-25,weekday,Hostel Block 1,08-10,1.261,4276.49,False,False,March
ELEC004557,2024-03-25,weekday,Hostel Block 1,10-12,1.938,4278.43,False,False,March
ELEC004558,2024-03-25,weekday,Hostel Block 1,12-14,1.58,4280.01,False,False,March
ELEC004559,2024-03-25,weekday,Hostel Block 1,14-16,1.423,4281.43,False,False,March
ELEC004560,2024-03-25,weekday,Hostel Block 1,16-18,1.498,4282.93,False,False,March
ELEC004561,2024-03-25,weekday,Hostel Block 1,18-20,1.375,4284.31,False,False,March
ELEC004562,2024-03-25,weekday,Hostel Block 1,20-22,0.871,4285.18,False,False,March
ELEC004563,2024-03-25,weekday,Hostel Block 1,22-00,0.423,4285.6,False,False,March
ELEC004564,2024-03-25,weekday,Hostel Block 2,06-08,0.46,4016.73,False,False,March
ELEC004565,2024-03-25,weekday,Hostel Block 2,08-10,1.35,4018.08,False,False,March
ELEC004566,2024-03-25,weekday,Hostel Block 2,10-12,1.56,4019.64,False,False,March
ELEC004567,2024-03-25,weekday,Hostel Block 2,12-14,1.384,4021.02,False,False,March
ELEC004568,2024-03-25,weekday,Hostel Block 2,14-16,1.45,4022.47,False,False,March
ELEC004569,2024-03-25,weekday,Hostel Block 2,16-18,1.212,4023.68,False,False,March
ELEC004570,2024-03-25,weekday,Hostel Block 2,18-20,1.029,4024.71,False,False,March
ELEC004571,2024-03-25,weekday,Hostel Block 2,20-22,0.883,4025.59,False,False,March
ELEC004572,2024-03-25,weekday,Hostel Block 2,22-00,0.386,4025.98,False,False,March
ELEC004573,2024-03-25,weekday,Library,06-08,0.581,2492.26,False,False,March
ELEC004574,2024-03-25,weekday,Library,08-10,1.76,2494.02,False,False,March
ELEC004575,2024-03-25,weekday,Library,10-12,2.285,2496.3,False,False,March
ELEC004576,2024-03-25,weekday,Library,12-14,1.96,2498.26,False,False,March
ELEC004577,2024-03-25,weekday,Library,14-16,1.7,2499.96,False,False,March
ELEC004578,2024-03-25,weekday,Library,16-18,1.555,2501.51,False,False,March
ELEC004579,2024-03-25,weekday,Library,18-20,1.358,2502.87,False,False,March
ELEC004580,2024-03-25,weekday,Library,20-22,1.269,2504.14,False,False,March
ELEC004581,2024-03-25,weekday,Library,22-00,0.455,2504.59,False,False,March
ELEC004582,2024-03-25,weekday,Labs Complex,06-08,0.575,5263.98,False,False,March
ELEC004583,2024-03-25,weekday,Labs Complex,08-10,1.958,5265.94,False,False,March
ELEC004584,2024-03-25,weekday,Labs Complex,10-12,2.131,5268.07,False,False,March
ELEC004585,2024-03-25,weekday,Labs Complex,12-14,2.115,5270.18,False,False,March
ELEC004586,2024-03-25,weekday,Labs Complex,14-16,1.736,5271.92,False,False,March
ELEC004587,2024-03-25,weekday,Labs Complex,16-18,1.681,5273.6,False,False,March
ELEC004588,2024-03-25,weekday,Labs Complex,18-20,1.355,5274.95,False,False,March
ELEC004589,2024-03-25,weekday,Labs Complex,20-22,1.177,5276.13,False,False,March
ELEC004590,2024-03-25,weekday,Labs Complex,22-00,0.486,5276.62,False,False,March
ELEC004591,2024-03-26,weekday,Academic Block A,06-08,0.887,2871.75,False,False,March
ELEC004592,2024-03-26,weekday,Academic Block A,08-10,2.747,2874.5,False,False,March
ELEC004593,2024-03-26,weekday,Academic Block A,10-12,3.505,2878.01,False,False,March
ELEC004594,2024-03-26,weekday,Academic Block A,12-14,2.546,2880.56,False,False,March
ELEC004595,2024-03-26,weekday,Academic Block A,14-16,3.015,2883.57,False,False,March
ELEC004596,2024-03-26,weekday,Academic Block A,16-18,2.469,2886.04,False,False,March
ELEC004597,2024-03-26,weekday,Academic Block A,18-20,2.448,2888.49,False,False,March
ELEC004598,2024-03-26,weekday,Academic Block A,20-22,1.702,2890.19,False,False,March
ELEC004599,2024-03-26,weekday,Academic Block A,22-00,0.769,2890.96,False,False,March
ELEC004600,2024-03-26,weekday,Academic Block B,06-08,0.836,6366.37,False,False,March
ELEC004601,2024-03-26,weekday,Academic Block B,08-10,2.387,6368.76,False,False,March
ELEC004602,2024-03-26,weekday,Academic Block B,10-12,3.405,6372.16,False,False,March
ELEC004603,2024-03-26,weekday,Academic Block B,12-14,2.895,6375.06,False,False,March
ELEC004604,2024-03-26,weekday,Academic Block B,14-16,3.151,6378.21,False,False,March
ELEC004605,2024-03-26,weekday,Academic Block B,16-18,2.387,6380.6,False,False,March
ELEC004606,2024-03-26,weekday,Academic Block B,18-20,2.016,6382.62,False,False,March
ELEC004607,2024-03-26,weekday,Academic Block B,20-22,1.954,6384.57,False,False,March
ELEC004608,2024-03-26,weekday,Academic Block B,22-00,0.71,6385.28,False,False,March
ELEC004609,2024-03-26,weekday,Hostel Block 1,06-08,0.522,4286.12,False,False,March
ELEC004610,2024-03-26,weekday,Hostel Block 1,08-10,1.551,4287.67,False,False,March
ELEC004611,2024-03-26,weekday,Hostel Block 1,10-12,1.892,4289.56,False,False,March
ELEC004612,2024-03-26,weekday,Hostel Block 1,12-14,1.368,4290.93,False,False,March
ELEC004613,2024-03-26,weekday,Hostel Block 1,14-16,1.516,4292.45,False,False,March
ELEC004614,2024-03-26,weekday,Hostel Block 1,16-18,1.28,4293.73,False,False,March
ELEC004615,2024-03-26,weekday,Hostel Block 1,18-20,1.136,4294.87,False,False,March
ELEC004616,2024-03-26,weekday,Hostel Block 1,20-22,0.946,4295.82,False,False,March
ELEC004617,2024-03-26,weekday,Hostel Block 1,22-00,0.359,4296.18,False,False,March
ELEC004618,2024-03-26,weekday,Hostel Block 2,06-08,0.528,4026.51,False,False,March
ELEC004619,2024-03-26,weekday,Hostel Block 2,08-10,1.395,4027.91,False,False,March
ELEC004620,2024-03-26,weekday,Hostel Block 2,10-12,1.869,4029.78,False,False,March
ELEC004621,2024-03-26,weekday,Hostel Block 2,12-14,1.737,4031.52,False,False,March
ELEC004622,2024-03-26,weekday,Hostel Block 2,14-16,1.729,4033.25,False,False,March
ELEC004623,2024-03-26,weekday,Hostel Block 2,16-18,1.506,4034.76,False,False,March
ELEC004624,2024-03-26,weekday,Hostel Block 2,18-20,1.19,4035.95,False,False,March
ELEC004625,2024-03-26,weekday,Hostel Block 2,20-22,0.911,4036.86,False,False,March
ELEC004626,2024-03-26,weekday,Hostel Block 2,22-00,0.455,4037.32,False,False,March
ELEC004627,2024-03-26,weekday,Library,06-08,0.681,2505.27,False,False,March
ELEC004628,2024-03-26,weekday,Library,08-10,1.626,2506.9,False,False,March
ELEC004629,2024-03-26,weekday,Library,10-12,2.218,2509.12,False,False,March
ELEC004630,2024-03-26,weekday,Library,12-14,1.901,2511.02,False,False,March
ELEC004631,2024-03-26,weekday,Library,14-16,1.93,2512.95,False,False,March
ELEC004632,2024-03-26,weekday,Library,16-18,1.525,2514.47,False,False,March
ELEC004633,2024-03-26,weekday,Library,18-20,1.328,2515.8,False,False,March
ELEC004634,2024-03-26,weekday,Library,20-22,1.058,2516.86,False,False,March
ELEC004635,2024-03-26,weekday,Library,22-00,0.449,2517.31,False,False,March
ELEC004636,2024-03-26,weekday,Labs Complex,06-08,0.619,5277.24,False,False,March
ELEC004637,2024-03-26,weekday,Labs Complex,08-10,1.767,5279.01,False,False,March
ELEC004638,2024-03-26,weekday,Labs Complex,10-12,2.203,5281.21,False,False,March
ELEC004639,2024-03-26,weekday,Labs Complex,12-14,1.893,5283.1,False,False,March
ELEC004640,2024-03-26,weekday,Labs Complex,14-16,1.982,5285.08,False,False,March
ELEC004641,2024-03-26,weekday,Labs Complex,16-18,1.556,5286.64,False,False,March
ELEC004642,2024-03-26,weekday,Labs Complex,18-20,1.386,5288.03,False,False,March
ELEC004643,2024-03-26,weekday,Labs Complex,20-22,1.051,5289.08,False,False,March
ELEC004644,2024-03-26,weekday,Labs Complex,22-00,0.456,5289.54,False,False,March
ELEC004645,2024-03-27,weekday,Academic Block A,06-08,0.859,2891.82,False,False,March
ELEC004646,2024-03-27,weekday,Academic Block A,08-10,3.029,,False,False,March
ELEC004647,2024-03-27,weekday,Academic Block A,10-12,3.733,2898.58,False,False,March
ELEC004648,2024-03-27,weekday,Academic Block A,12-14,2.441,2901.02,False,False,March
ELEC004649,2024-03-27,weekday,Academic Block A,14-16,3.079,2904.1,False,False,March
ELEC004650,2024-03-27,weekday,Academic Block A,16-18,2.357,2906.46,False,False,March
ELEC004651,2024-03-27,weekday,Academic Block A,18-20,2.248,2908.71,False,False,March
ELEC004652,2024-03-27,weekday,Academic Block A,20-22,1.533,2910.24,False,False,March
ELEC004653,2024-03-27,weekday,Academic Block A,22-00,0.673,2910.91,False,False,March
ELEC004654,2024-03-27,weekday,Academic Block B,06-08,0.946,6386.23,False,False,March
ELEC004655,2024-03-27,weekday,Academic Block B,08-10,2.605,6388.83,False,False,March
ELEC004656,2024-03-27,weekday,Academic Block B,10-12,3.121,6391.95,False,False,March
ELEC004657,2024-03-27,weekday,Academic Block B,12-14,2.982,6394.93,False,False,March
ELEC004658,2024-03-27,weekday,Academic Block B,14-16,2.752,6397.68,False,False,March
ELEC004659,2024-03-27,weekday,Academic Block B,16-18,2.576,6400.26,False,False,March
ELEC004660,2024-03-27,weekday,Academic Block B,18-20,2.15,6402.41,False,False,March
ELEC004661,2024-03-27,weekday,Academic Block B,20-22,1.558,6403.97,False,False,March
ELEC004662,2024-03-27,weekday,Academic Block B,22-00,0.709,6404.68,False,False,March
ELEC004663,2024-03-27,weekday,Hostel Block 1,06-08,0.486,4296.67,False,False,March
ELEC004664,2024-03-27,weekday,Hostel Block 1,08-10,1.472,4298.14,False,False,March
ELEC004665,2024-03-27,weekday,Hostel Block 1,10-12,1.862,4300.0,False,False,March
ELEC004666,2024-03-27,weekday,Hostel Block 1,12-14,1.707,4301.71,False,False,March
ELEC004667,2024-03-27,weekday,Hostel Block 1,14-16,1.609,4303.32,False,False,March
ELEC004668,2024-03-27,weekday,Hostel Block 1,16-18,1.421,4304.74,False,False,March
ELEC004669,2024-03-27,weekday,Hostel Block 1,18-20,1.116,4305.86,False,False,March
ELEC004670,2024-03-27,weekday,Hostel Block 1,20-22,0.836,4306.7,False,False,March
ELEC004671,2024-03-27,weekday,Hostel Block 1,22-00,0.449,4307.15,False,False,March
ELEC004672,2024-03-27,weekday,Hostel Block 2,06-08,0.46,4037.78,False,False,March
ELEC004673,2024-03-27,weekday,Hostel Block 2,08-10,1.37,4039.15,False,False,March
ELEC004674,2024-03-27,weekday,Hostel Block 2,10-12,1.624,4040.77,False,False,March
ELEC004675,2024-03-27,weekday,Hostel Block 2,12-14,1.62,4042.39,False,False,March
ELEC004676,2024-03-27,weekday,Hostel Block 2,14-16,1.436,4043.83,False,False,March
ELEC004677,2024-03-27,weekday,Hostel Block 2,16-18,1.331,4045.16,False,False,March
ELEC004678,2024-03-27,weekday,Hostel Block 2,18-20,1.109,4046.27,False,False,March
ELEC004679,2024-03-27,weekday,Hostel Block 2,20-22,0.858,4047.13,False,False,March
ELEC004680,2024-03-27,weekday,Hostel Block 2,22-00,0.396,4047.53,False,False,March
ELEC004681,2024-03-27,weekday,Library,06-08,0.58,2517.89,False,False,March
ELEC004682,2024-03-27,weekday,Library,08-10,2.01,2519.9,False,False,March
ELEC004683,2024-03-27,weekday,Library,10-12,1.935,2521.84,False,False,March
ELEC004684,2024-03-27,weekday,Library,12-14,1.872,2523.71,False,False,March
ELEC004685,2024-03-27,weekday,Library,14-16,1.803,2525.51,False,False,March
ELEC004686,2024-03-27,weekday,Library,16-18,1.82,2527.33,False,False,March
ELEC004687,2024-03-27,weekday,Library,18-20,1.28,2528.61,False,False,March
ELEC004688,2024-03-27,weekday,Library,20-22,1.18,2529.79,False,False,March
ELEC004689,2024-03-27,weekday,Library,22-00,0.442,2530.23,False,False,March
ELEC004690,2024-03-27,weekday,Labs Complex,06-08,0.535,5290.07,False,False,March
ELEC004691,2024-03-27,weekday,Labs Complex,08-10,1.967,5292.04,False,False,March
ELEC004692,2024-03-27,weekday,Labs Complex,10-12,2.281,5294.32,False,False,March
ELEC004693,2024-03-27,weekday,Labs Complex,12-14,1.902,5296.22,False,False,March
ELEC004694,2024-03-27,weekday,Labs Complex,14-16,2.136,5298.36,False,False,March
ELEC004695,2024-03-27,weekday,Labs Complex,16-18,1.824,5300.18,False,False,March
ELEC004696,2024-03-27,weekday,Labs Complex,18-20,1.324,5301.5,False,False,March
ELEC004697,2024-03-27,weekday,Labs Complex,20-22,1.104,5302.6,False,False,March
ELEC004698,2024-03-27,weekday,Labs Complex,22-00,0.556,5303.16,False,False,March
ELEC004699,2024-03-28,weekday,Academic Block A,06-08,0.766,2911.68,False,False,March
ELEC004700,2024-03-28,weekday,Academic Block A,08-10,2.643,2914.32,False,False,March
ELEC004701,2024-03-28,weekday,Academic Block A,10-12,3.656,2917.98,False,False,March
ELEC004702,2024-03-28,weekday,Academic Block A,12-14,2.919,2920.9,False,False,March
ELEC004703,2024-03-28,weekday,Academic Block A,14-16,3.371,2924.27,False,False,March
ELEC004704,2024-03-28,weekday,Academic Block A,16-18,2.536,2926.81,False,False,March
ELEC004705,2024-03-28,weekday,Academic Block A,18-20,2.363,,False,False,March
ELEC004706,2024-03-28,weekday,Academic Block A,20-22,1.885,2931.06,False,False,March
ELEC004707,2024-03-28,weekday,Academic Block A,22-00,0.688,2931.75,False,False,March
ELEC004708,2024-03-28,weekday,Academic Block B,06-08,0.823,6405.5,False,False,March
ELEC004709,2024-03-28,weekday,Academic Block B,08-10,2.56,6408.06,False,False,March
ELEC004710,2024-03-28,weekday,Academic Block B,10-12,3.775,6411.84,False,False,March
ELEC004711,2024-03-28,weekday,Academic Block B,12-14,2.607,6414.45,False,False,March
ELEC004712,2024-03-28,weekday,Academic Block B,14-16,3.273,6417.72,False,False,March
ELEC004713,2024-03-28,weekday,Academic Block B,16-18,2.355,6420.07,False,False,March
ELEC004714,2024-03-28,weekday,Academic Block B,18-20,2.3,6422.37,False,False,March
ELEC004715,2024-03-28,weekday,Academic Block B,20-22,1.759,,False,False,March
ELEC004716,2024-03-28,weekday,Academic Block B,22-00,0.791,6424.92,False,False,March
ELEC004717,2024-03-28,weekday,Hostel Block 1,06-08,0.42,4307.57,False,False,March
ELEC004718,2024-03-28,weekday,Hostel Block 1,08-10,1.655,4309.22,False,False,March
ELEC004719,2024-03-28,weekday,Hostel Block 1,10-12,1.724,4310.94,False,False,March
ELEC004720,2024-03-28,weekday,Hostel Block 1,12-14,1.55,4312.49,False,False,March
ELEC004721,2024-03-28,weekday,Hostel Block 1,14-16,1.624,4314.11,False,False,March
ELEC004722,2024-03-28,weekday,Hostel Block 1,16-18,1.497,4315.61,False,False,March
ELEC004723,2024-03-28,weekday,Hostel Block 1,18-20,1.342,4316.95,False,False,March
ELEC004724,2024-03-28,weekday,Hostel Block 1,20-22,1.085,4318.03,False,False,March
ELEC004725,2024-03-28,weekday,Hostel Block 1,22-00,0.455,4318.48,False,False,March
ELEC004726,2024-03-28,weekday,Hostel Block 2,06-08,0.433,4047.96,False,False,March
ELEC004727,2024-03-28,weekday,Hostel Block 2,08-10,1.332,,False,False,March
ELEC004728,2024-03-28,weekday,Hostel Block 2,10-12,1.9,4051.19,False,False,March
ELEC004729,2024-03-28,weekday,Hostel Block 2,12-14,1.307,4052.5,False,False,March
ELEC004730,2024-03-28,weekday,Hostel Block 2,14-16,1.711,4054.21,False,False,March
ELEC004731,2024-03-28,weekday,Hostel Block 2,16-18,1.339,4055.55,False,False,March
ELEC004732,2024-03-28,weekday,Hostel Block 2,18-20,1.208,4056.76,False,False,March
ELEC004733,2024-03-28,weekday,Hostel Block 2,20-22,1.037,4057.8,False,False,March
ELEC004734,2024-03-28,weekday,Hostel Block 2,22-00,0.345,4058.14,False,False,March
ELEC004735,2024-03-28,weekday,Library,06-08,0.686,2530.92,False,False,March
ELEC004736,2024-03-28,weekday,Library,08-10,1.637,2532.56,False,False,March
ELEC004737,2024-03-28,weekday,Library,10-12,2.423,2534.98,False,False,March
ELEC004738,2024-03-28,weekday,Library,12-14,1.97,2536.95,False,False,March
ELEC004739,2024-03-28,weekday,Library,14-16,1.888,2538.84,False,False,March
ELEC004740,2024-03-28,weekday,Library,16-18,1.854,2540.69,False,False,March
ELEC004741,2024-03-28,weekday,Library,18-20,1.459,2542.15,False,False,March
ELEC004742,2024-03-28,weekday,Library,20-22,1.124,2543.27,False,False,March
ELEC004743,2024-03-28,weekday,Library,22-00,0.558,2543.83,False,False,March
ELEC004744,2024-03-28,weekday,Labs Complex,06-08,0.567,5303.73,False,False,March
ELEC004745,2024-03-28,weekday,Labs Complex,08-10,5.135964992248846,5308.87,False,True,March
ELEC004746,2024-03-28,weekday,Labs Complex,10-12,2.125,5310.99,False,False,March
ELEC004747,2024-03-28,weekday,Labs Complex,12-14,2.01,5313.0,False,False,March
ELEC004748,2024-03-28,weekday,Labs Complex,14-16,2.005,5315.01,False,False,March
ELEC004749,2024-03-28,weekday,Labs Complex,16-18,5.960589528286366,5320.97,False,True,March
ELEC004750,2024-03-28,weekday,Labs Complex,18-20,1.384,5322.35,False,False,March
ELEC004751,2024-03-28,weekday,Labs Complex,20-22,1.181,5323.53,False,False,March
ELEC004752,2024-03-28,weekday,Labs Complex,22-00,0.433,5323.96,False,False,March
ELEC004753,2024-03-29,weekday,Academic Block A,06-08,0.989,2932.74,False,False,March
ELEC004754,2024-03-29,weekday,Academic Block A,08-10,2.711,2935.45,False,False,March
ELEC004755,2024-03-29,weekday,Academic Block A,10-12,3.219,2938.67,False,False,March
ELEC004756,2024-03-29,weekday,Academic Block A,12-14,2.593,2941.26,False,False,March
ELEC004757,2024-03-29,weekday,Academic Block A,14-16,2.598,2943.86,False,False,March
ELEC004758,2024-03-29,weekday,Academic Block A,16-18,2.353,2946.21,False,False,March
ELEC004759,2024-03-29,weekday,Academic Block A,18-20,1.98,2948.19,False,False,March
ELEC004760,2024-03-29,weekday,Academic Block A,20-22,2.022,2950.21,False,False,March
ELEC004761,2024-03-29,weekday,Academic Block A,22-00,0.838,2951.05,False,False,March
ELEC004762,2024-03-29,weekday,Academic Block B,06-08,0.916,6425.84,False,False,March
ELEC004763,2024-03-29,weekday,Academic Block B,08-10,2.3,6428.14,False,False,March
ELEC004764,2024-03-29,weekday,Academic Block B,10-12,3.331,6431.47,False,False,March
ELEC004765,2024-03-29,weekday,Academic Block B,12-14,2.482,6433.95,False,False,March
ELEC004766,2024-03-29,weekday,Academic Block B,14-16,7.388682003690574,6441.34,False,True,March
ELEC004767,2024-03-29,weekday,Academic Block B,16-18,2.403,6443.74,False,False,March
ELEC004768,2024-03-29,weekday,Academic Block B,18-20,2.55,6446.29,False,False,March
ELEC004769,2024-03-29,weekday,Academic Block B,20-22,1.739,,False,False,March
ELEC004770,2024-03-29,weekday,Academic Block B,22-00,0.694,6448.72,False,False,March
ELEC004771,2024-03-29,weekday,Hostel Block 1,06-08,0.51,4318.99,False,False,March
ELEC004772,2024-03-29,weekday,Hostel Block 1,08-10,1.233,4320.22,False,False,March
ELEC004773,2024-03-29,weekday,Hostel Block 1,10-12,1.889,4322.11,False,False,March
ELEC004774,2024-03-29,weekday,Hostel Block 1,12-14,1.561,4323.67,False,False,March
ELEC004775,2024-03-29,weekday,Hostel Block 1,14-16,1.552,4325.22,False,False,March
ELEC004776,2024-03-29,weekday,Hostel Block 1,16-18,1.325,4326.55,False,False,March
ELEC004777,2024-03-29,weekday,Hostel Block 1,18-20,1.096,4327.65,False,False,March
ELEC004778,2024-03-29,weekday,Hostel Block 1,20-22,1.031,4328.68,False,False,March
ELEC004779,2024-03-29,weekday,Hostel Block 1,22-00,1.563152806495747,4330.24,False,True,March
ELEC004780,2024-03-29,weekday,Hostel Block 2,06-08,0.461,4058.6,False,False,March
ELEC004781,2024-03-29,weekday,Hostel Block 2,08-10,1.309,4059.91,False,False,March
ELEC004782,2024-03-29,weekday,Hostel Block 2,10-12,1.813,4061.72,False,False,March
ELEC004783,2024-03-29,weekday,Hostel Block 2,12-14,1.691,,False,False,March
ELEC004784,2024-03-29,weekday,Hostel Block 2,14-16,1.382,4064.79,False,False,March
ELEC004785,2024-03-29,weekday,Hostel Block 2,16-18,1.386,4066.18,False,False,March
ELEC004786,2024-03-29,weekday,Hostel Block 2,18-20,1.244,4067.42,False,False,March
ELEC004787,2024-03-29,weekday,Hostel Block 2,20-22,0.825,4068.24,False,False,March
ELEC004788,2024-03-29,weekday,Hostel Block 2,22-00,0.401,4068.64,False,False,March
ELEC004789,2024-03-29,weekday,Library,06-08,0.608,2544.44,False,False,March
ELEC004790,2024-03-29,weekday,Library,08-10,1.928,2546.37,False,False,March
ELEC004791,2024-03-29,weekday,Library,10-12,2.439,2548.81,False,False,March
ELEC004792,2024-03-29,weekday,Library,12-14,6.043665526846948,2554.85,False,True,March
ELEC004793,2024-03-29,weekday,Library,14-16,2.133,2556.98,False,False,March
ELEC004794,2024-03-29,weekday,Library,16-18,1.649,,False,False,March
ELEC004795,2024-03-29,weekday,Library,18-20,1.422,2560.05,False,False,March
ELEC004796,2024-03-29,weekday,Library,20-22,1.369,2561.42,False,False,March
ELEC004797,2024-03-29,weekday,Library,22-00,0.52,2561.94,False,False,March
ELEC004798,2024-03-29,weekday,Labs Complex,06-08,0.686,5324.65,False,False,March
ELEC004799,2024-03-29,weekday,Labs Complex,08-10,1.826,5326.48,False,False,March
ELEC004800,2024-03-29,weekday,Labs Complex,10-12,1.908,5328.39,False,False,March
ELEC004801,2024-03-29,weekday,Labs Complex,12-14,1.826,5330.22,False,False,March
ELEC004802,2024-03-29,weekday,Labs Complex,14-16,1.955,5332.18,False,False,March
ELEC004803,2024-03-29,weekday,Labs Complex,16-18,1.453,5333.63,False,False,March
ELEC004804,2024-03-29,weekday,Labs Complex,18-20,1.615,5335.24,False,False,March
ELEC004805,2024-03-29,weekday,Labs Complex,20-22,1.111,5336.35,False,False,March
ELEC004806,2024-03-29,weekday,Labs Complex,22-00,0.452,5336.8,False,False,March
ELEC004807,2024-03-30,saturday,Academic Block A,06-08,0.645,2951.7,False,False,March
ELEC004808,2024-03-30,saturday,Academic Block A,08-10,2.054,2953.75,False,False,March
ELEC004809,2024-03-30,saturday,Academic Block A,10-12,2.304,2956.05,False,False,March
ELEC004810,2024-03-30,saturday,Academic Block A,12-14,2.054,2958.1,False,False,March
ELEC004811,2024-03-30,saturday,Academic Block A,14-16,2.115,2960.21,False,False,March
ELEC004812,2024-03-30,saturday,Academic Block A,16-18,1.989,2962.2,False,False,March
ELEC004813,2024-03-30,saturday,Academic Block A,18-20,1.414,2963.61,False,False,March
ELEC004814,2024-03-30,saturday,Academic Block A,20-22,1.156,2964.77,False,False,March
ELEC004815,2024-03-30,saturday,Academic Block A,22-00,0.58,2965.35,False,False,March
ELEC004816,2024-03-30,saturday,Academic Block B,06-08,0.614,6449.33,False,False,March
ELEC004817,2024-03-30,saturday,Academic Block B,08-10,1.768,6451.1,False,False,March
ELEC004818,2024-03-30,saturday,Academic Block B,10-12,2.01,6453.11,False,False,March
ELEC004819,2024-03-30,saturday,Academic Block B,12-14,2.049,,False,False,March
ELEC004820,2024-03-30,saturday,Academic Block B,14-16,2.146,6457.3,False,False,March
ELEC004821,2024-03-30,saturday,Academic Block B,16-18,1.904,6459.2,False,False,March
ELEC004822,2024-03-30,saturday,Academic Block B,18-20,1.613,6460.81,False,False,March
ELEC004823,2024-03-30,saturday,Academic Block B,20-22,1.439,6462.25,False,False,March
ELEC004824,2024-03-30,saturday,Academic Block B,22-00,0.452,6462.7,False,False,March
ELEC004825,2024-03-30,saturday,Hostel Block 1,06-08,0.313,4330.55,False,False,March
ELEC004826,2024-03-30,saturday,Hostel Block 1,08-10,0.998,4331.55,False,False,March
ELEC004827,2024-03-30,saturday,Hostel Block 1,10-12,1.127,,False,False,March
ELEC004828,2024-03-30,saturday,Hostel Block 1,12-14,0.93,4333.61,False,False,March
ELEC004829,2024-03-30,saturday,Hostel Block 1,14-16,1.062,4334.67,False,False,March
ELEC004830,2024-03-30,saturday,Hostel Block 1,16-18,1.082,4335.75,False,False,March
ELEC004831,2024-03-30,saturday,Hostel Block 1,18-20,0.801,4336.55,False,False,March
ELEC004832,2024-03-30,saturday,Hostel Block 1,20-22,0.619,4337.17,False,False,March
ELEC004833,2024-03-30,saturday,Hostel Block 1,22-00,0.255,4337.43,False,False,March
ELEC004834,2024-03-30,saturday,Hostel Block 2,06-08,0.312,4068.95,False,False,March
ELEC004835,2024-03-30,saturday,Hostel Block 2,08-10,0.93,4069.88,False,False,March
ELEC004836,2024-03-30,saturday,Hostel Block 2,10-12,1.114,4070.99,False,False,March
ELEC004837,2024-03-30,saturday,Hostel Block 2,12-14,1.057,4072.05,False,False,March
ELEC004838,2024-03-30,saturday,Hostel Block 2,14-16,1.178,4073.23,False,False,March
ELEC004839,2024-03-30,saturday,Hostel Block 2,16-18,0.922,4074.15,False,False,March
ELEC004840,2024-03-30,saturday,Hostel Block 2,18-20,0.76,4074.91,False,False,March
ELEC004841,2024-03-30,saturday,Hostel Block 2,20-22,0.692,4075.6,False,False,March
ELEC004842,2024-03-30,saturday,Hostel Block 2,22-00,0.25,4075.85,False,False,March
ELEC004843,2024-03-30,saturday,Library,06-08,0.392,2562.33,False,False,March
ELEC004844,2024-03-30,saturday,Library,08-10,1.339,2563.67,False,False,March
ELEC004845,2024-03-30,saturday,Library,10-12,1.481,2565.15,False,False,March
ELEC004846,2024-03-30,saturday,Library,12-14,1.36,2566.51,False,False,March
ELEC004847,2024-03-30,saturday,Library,14-16,1.404,2567.91,False,False,March
ELEC004848,2024-03-30,saturday,Library,16-18,1.216,2569.13,False,False,March
ELEC004849,2024-03-30,saturday,Library,18-20,0.894,2570.02,False,False,March
ELEC004850,2024-03-30,saturday,Library,20-22,0.847,2570.87,False,False,March
ELEC004851,2024-03-30,saturday,Library,22-00,0.319,2571.19,False,False,March
ELEC004852,2024-03-30,saturday,Labs Complex,06-08,0.371,5337.17,False,False,March
ELEC004853,2024-03-30,saturday,Labs Complex,08-10,1.197,5338.37,False,False,March
ELEC004854,2024-03-30,saturday,Labs Complex,10-12,1.328,5339.7,False,False,March
ELEC004855,2024-03-30,saturday,Labs Complex,12-14,1.523,5341.22,False,False,March
ELEC004856,2024-03-30,saturday,Labs Complex,14-16,1.397,5342.62,False,False,March
ELEC004857,2024-03-30,saturday,Labs Complex,16-18,1.132,5343.75,False,False,March
ELEC004858,2024-03-30,saturday,Labs Complex,18-20,1.164,5344.91,False,False,March
ELEC004859,2024-03-30,saturday,Labs Complex,20-22,0.758,5345.67,False,False,March
ELEC004860,2024-03-30,saturday,Labs Complex,22-00,0.349,5346.02,False,False,March
ELEC004861,2024-03-31,weekend,Academic Block A,06-08,0.378,2965.73,False,False,March
ELEC004862,2024-03-31,weekend,Academic Block A,08-10,1.054,2966.78,False,False,March
ELEC004863,2024-03-31,weekend,Academic Block A,10-12,1.34,2968.12,False,False,March
ELEC004864,2024-03-31,weekend,Academic Block A,12-14,1.125,2969.24,False,False,March
ELEC004865,2024-03-31,weekend,Academic Block A,14-16,1.092,2970.33,False,False,March
ELEC004866,2024-03-31,weekend,Academic Block A,16-18,1.103,2971.43,False,False,March
ELEC004867,2024-03-31,weekend,Academic Block A,18-20,0.768,,False,False,March
ELEC004868,2024-03-31,weekend,Academic Block A,20-22,0.72,2972.92,False,False,March
ELEC004869,2024-03-31,weekend,Academic Block A,22-00,0.263,2973.18,False,False,March
ELEC004870,2024-03-31,weekend,Academic Block B,06-08,0.379,6463.08,False,False,March
ELEC004871,2024-03-31,weekend,Academic Block B,08-10,1.012,6464.09,False,False,March
ELEC004872,2024-03-31,weekend,Academic Block B,10-12,1.471,6465.56,False,False,March
ELEC004873,2024-03-31,weekend,Academic Block B,12-14,1.009,6466.57,False,False,March
ELEC004874,2024-03-31,weekend,Academic Block B,14-16,1.057,6467.63,False,False,March
ELEC004875,2024-03-31,weekend,Academic Block B,16-18,0.917,6468.55,False,False,March
ELEC004876,2024-03-31,weekend,Academic Block B,18-20,0.966,6469.52,False,False,March
ELEC004877,2024-03-31,weekend,Academic Block B,20-22,0.772,6470.29,False,False,March
ELEC004878,2024-03-31,weekend,Academic Block B,22-00,0.286,6470.58,False,False,March
ELEC004879,2024-03-31,weekend,Hostel Block 1,06-08,0.212,4337.64,False,False,March
ELEC004880,2024-03-31,weekend,Hostel Block 1,08-10,0.591,4338.23,False,False,March
ELEC004881,2024-03-31,weekend,Hostel Block 1,10-12,0.69,4338.92,False,False,March
ELEC004882,2024-03-31,weekend,Hostel Block 1,12-14,0.523,4339.44,False,False,March
ELEC004883,2024-03-31,weekend,Hostel Block 1,14-16,0.581,4340.02,False,False,March
ELEC004884,2024-03-31,weekend,Hostel Block 1,16-18,0.536,4340.56,False,False,March
ELEC004885,2024-03-31,weekend,Hostel Block 1,18-20,0.419,4340.98,False,False,March
ELEC004886,2024-03-31,weekend,Hostel Block 1,20-22,0.416,4341.4,False,False,March
ELEC004887,2024-03-31,weekend,Hostel Block 1,22-00,0.14,4341.54,False,False,March
ELEC004888,2024-03-31,weekend,Hostel Block 2,06-08,0.194,4076.04,False,False,March
ELEC004889,2024-03-31,weekend,Hostel Block 2,08-10,0.508,4076.55,False,False,March
ELEC004890,2024-03-31,weekend,Hostel Block 2,10-12,0.622,4077.17,False,False,March
ELEC004891,2024-03-31,weekend,Hostel Block 2,12-14,0.65,4077.82,False,False,March
ELEC004892,2024-03-31,weekend,Hostel Block 2,14-16,0.645,4078.47,False,False,March
ELEC004893,2024-03-31,weekend,Hostel Block 2,16-18,0.511,4078.98,False,False,March
ELEC004894,2024-03-31,weekend,Hostel Block 2,18-20,0.511,4079.49,False,False,March
ELEC004895,2024-03-31,weekend,Hostel Block 2,20-22,0.421,4079.91,False,False,March
ELEC004896,2024-03-31,weekend,Hostel Block 2,22-00,0.156,4080.07,False,False,March
ELEC004897,2024-03-31,weekend,Library,06-08,0.268,2571.46,False,False,March
ELEC004898,2024-03-31,weekend,Library,08-10,0.637,2572.1,False,False,March
ELEC004899,2024-03-31,weekend,Library,10-12,0.903,2573.0,False,False,March
ELEC004900,2024-03-31,weekend,Library,12-14,0.834,2573.83,False,False,March
ELEC004901,2024-03-31,weekend,Library,14-16,0.755,2574.59,False,False,March
ELEC004902,2024-03-31,weekend,Library,16-18,0.592,2575.18,False,False,March
ELEC004903,2024-03-31,weekend,Library,18-20,0.518,2575.7,False,False,March
ELEC004904,2024-03-31,weekend,Library,20-22,0.436,2576.14,False,False,March
ELEC004905,2024-03-31,weekend,Library,22-00,0.23,2576.37,False,False,March
ELEC004906,2024-03-31,weekend,Labs Complex,06-08,0.215,5346.24,False,False,March
ELEC004907,2024-03-31,weekend,Labs Complex,08-10,0.681,5346.92,False,False,March
ELEC004908,2024-03-31,weekend,Labs Complex,10-12,0.931,5347.85,False,False,March
ELEC004909,2024-03-31,weekend,Labs Complex,12-14,0.806,5348.66,False,False,March
ELEC004910,2024-03-31,weekend,Labs Complex,14-16,0.717,5349.38,False,False,March
ELEC004911,2024-03-31,weekend,Labs Complex,16-18,0.773,5350.15,False,False,March
ELEC004912,2024-03-31,weekend,Labs Complex,18-20,0.572,5350.72,False,False,March
ELEC004913,2024-03-31,weekend,Labs Complex,20-22,0.494,5351.21,False,False,March
ELEC004914,2024-03-31,weekend,Labs Complex,22-00,0.172,5351.38,False,False,March
