record_id,date,day_type,building,time_slot,consumption_kwh,meter_reading_kwh,is_exam_week,is_anomaly,month,rolling_3d_avg,anomaly_score,bld_enc,slot_enc,dow,predicted_anomaly
ELEC000001,2024-01-01,weekday,Academic Block A,06-08,0.972,1325.12,False,False,1,0.972,1.0,0,0,0,0
ELEC000002,2024-01-01,weekday,Academic Block A,08-10,2.667,1327.79,False,False,1,2.667,1.0,0,1,0,0
ELEC000003,2024-01-01,weekday,Academic Block A,10-12,3.652,1331.44,False,False,1,3.652,1.0,0,2,0,1
ELEC000004,2024-01-01,weekday,Academic Block A,12-14,2.789,1334.23,False,False,1,2.789,1.0,0,3,0,0
ELEC000005,2024-01-01,weekday,Academic Block A,14-16,2.895,1337.12,False,False,1,2.895,1.0,0,4,0,0
ELEC000006,2024-01-01,weekday,Academic Block A,16-18,2.774,1339.89,False,False,1,2.774,1.0,0,5,0,0
ELEC000007,2024-01-01,weekday,Academic Block A,18-20,2.064,1341.95,False,False,1,2.064,1.0,0,6,0,0
ELEC000008,2024-01-01,weekday,Academic Block A,20-22,1.76,1343.71,False,False,1,1.76,1.0,0,7,0,0
ELEC000009,2024-01-01,weekday,Academic Block A,22-00,0.804,1344.51,False,False,1,0.804,1.0,0,8,0,0
ELEC000010,2024-01-01,weekday,Academic Block B,06-08,0.866,4799.79,False,False,1,0.866,1.0,1,0,0,0
ELEC000011,2024-01-01,weekday,Academic Block B,08-10,2.573,4802.36,False,False,1,2.573,1.0,1,1,0,0
ELEC000012,2024-01-01,weekday,Academic Block B,10-12,3.219,4805.58,False,False,1,3.219,1.0,1,2,0,0
ELEC000013,2024-01-01,weekday,Academic Block B,12-14,2.766,4808.35,False,False,1,2.766,1.0,1,3,0,0
ELEC000014,2024-01-01,weekday,Academic Block B,14-16,3.304,4811.65,False,False,1,3.304,1.0,1,4,0,0
ELEC000015,2024-01-01,weekday,Academic Block B,16-18,2.658,4814.31,False,False,1,2.658,1.0,1,5,0,0
ELEC000016,2024-01-01,weekday,Academic Block B,18-20,2.085,4816.4,False,False,1,2.085,1.0,1,6,0,0
ELEC000017,2024-01-01,weekday,Academic Block B,20-22,1.751,4818.15,False,False,1,1.751,1.0,1,7,0,0
ELEC000018,2024-01-01,weekday,Academic Block B,22-00,0.648,4818.8,False,False,1,0.648,1.0,1,8,0,0
ELEC000019,2024-01-01,weekday,Hostel Block 1,06-08,0.485,3452.18,False,False,1,0.485,1.0,2,0,0,0
ELEC000020,2024-01-01,weekday,Hostel Block 1,08-10,1.573,3899.35,False,False,1,1.573,1.0,2,1,0,0
ELEC000021,2024-01-01,weekday,Hostel Block 1,10-12,1.507,3455.26,False,False,1,1.507,1.0,2,2,0,0
ELEC000022,2024-01-01,weekday,Hostel Block 1,12-14,1.628,3456.89,False,False,1,1.628,1.0,2,3,0,0
ELEC000023,2024-01-01,weekday,Hostel Block 1,14-16,1.538,3458.43,False,False,1,1.538,1.0,2,4,0,0
ELEC000024,2024-01-01,weekday,Hostel Block 1,16-18,1.173,3459.6,False,False,1,1.173,1.0,2,5,0,0
ELEC000025,2024-01-01,weekday,Hostel Block 1,18-20,1.07,3460.67,False,False,1,1.07,1.0,2,6,0,0
ELEC000026,2024-01-01,weekday,Hostel Block 1,20-22,0.851,3461.52,False,False,1,0.851,1.0,2,7,0,0
ELEC000027,2024-01-01,weekday,Hostel Block 1,22-00,0.364,3461.88,False,False,1,0.364,1.0,2,8,0,0
ELEC000028,2024-01-01,weekday,Hostel Block 2,06-08,0.425,3200.56,False,False,1,0.425,1.0,3,0,0,0
ELEC000029,2024-01-01,weekday,Hostel Block 2,08-10,1.321,3201.88,False,False,1,1.321,1.0,3,1,0,0
ELEC000030,2024-01-01,weekday,Hostel Block 2,10-12,1.657,3203.54,False,False,1,1.657,1.0,3,2,0,0
ELEC000031,2024-01-01,weekday,Hostel Block 2,12-14,1.538,3205.08,False,False,1,1.538,1.0,3,3,0,0
ELEC000032,2024-01-01,weekday,Hostel Block 2,14-16,1.63,3206.71,False,False,1,1.63,1.0,3,4,0,0
ELEC000033,2024-01-01,weekday,Hostel Block 2,16-18,1.387,3208.1,False,False,1,1.387,1.0,3,5,0,0
ELEC000034,2024-01-01,weekday,Hostel Block 2,18-20,1.161,3209.26,False,False,1,1.161,1.0,3,6,0,0
ELEC000035,2024-01-01,weekday,Hostel Block 2,20-22,1.045,3210.31,False,False,1,1.045,1.0,3,7,0,0
ELEC000036,2024-01-01,weekday,Hostel Block 2,22-00,0.457,3210.77,False,False,1,0.457,1.0,3,8,0,0
ELEC000037,2024-01-01,weekday,Library,06-08,0.688,1452.34,False,False,1,0.688,1.0,5,0,0,0
ELEC000038,2024-01-01,weekday,Library,08-10,1.535,1453.88,False,False,1,1.535,1.0,5,1,0,0
ELEC000039,2024-01-01,weekday,Library,10-12,2.33,1456.21,False,False,1,2.33,1.0,5,2,0,0
ELEC000040,2024-01-01,weekday,Library,12-14,2.053,1458.26,False,False,1,2.053,1.0,5,3,0,0
ELEC000041,2024-01-01,weekday,Library,14-16,1.747,1460.01,False,False,1,1.747,1.0,5,4,0,0
ELEC000042,2024-01-01,weekday,Library,16-18,1.599,1461.61,False,False,1,1.599,1.0,5,5,0,0
ELEC000043,2024-01-01,weekday,Library,18-20,1.612,1463.22,False,False,1,1.612,1.0,5,6,0,0
ELEC000044,2024-01-01,weekday,Library,20-22,1.378,1464.6,False,False,1,1.378,1.0,5,7,0,0
ELEC000045,2024-01-01,weekday,Library,22-00,0.543,1465.14,False,False,1,0.543,1.0,5,8,0,0
ELEC000046,2024-01-01,weekday,Labs Complex,06-08,0.689,4236.12,False,False,1,0.689,1.0,4,0,0,0
ELEC000047,2024-01-01,weekday,Labs Complex,08-10,1.874,4237.99,False,False,1,1.874,1.0,4,1,0,0
ELEC000048,2024-01-01,weekday,Labs Complex,10-12,2.032,4240.02,False,False,1,2.032,1.0,4,2,0,0
ELEC000049,2024-01-01,weekday,Labs Complex,12-14,1.664,4241.68,False,False,1,1.664,1.0,4,3,0,0
ELEC000050,2024-01-01,weekday,Labs Complex,14-16,1.867,4243.55,False,False,1,1.867,1.0,4,4,0,0
ELEC000051,2024-01-01,weekday,Labs Complex,16-18,1.701,4245.25,False,False,1,1.701,1.0,4,5,0,0
ELEC000052,2024-01-01,weekday,Labs Complex,18-20,1.409,4246.66,False,False,1,1.409,1.0,4,6,0,0
ELEC000053,2024-01-01,weekday,Labs Complex,20-22,1.176,4247.84,False,False,1,1.176,1.0,4,7,0,0
ELEC000054,2024-01-01,weekday,Labs Complex,22-00,0.461,4248.3,False,False,1,0.461,1.0,4,8,0,0
ELEC000055,2024-01-02,weekday,Academic Block A,06-08,0.921,1345.43,False,False,1,0.9465,0.9730586370839936,0,0,1,0
ELEC000056,2024-01-02,weekday,Academic Block A,08-10,3.083,1348.51,False,False,1,2.875,1.0723478260869566,0,1,1,0
ELEC000057,2024-01-02,weekday,Academic Block A,10-12,3.267,1351.78,False,False,1,3.4595,0.944356120826709,0,2,1,0
ELEC000058,2024-01-02,weekday,Academic Block A,12-14,2.594,1354.37,False,False,1,2.6915,0.963774846739736,0,3,1,0
ELEC000059,2024-01-02,weekday,Academic Block A,14-16,2.997,1357.37,False,False,1,2.946,1.0173116089613037,0,4,1,0
ELEC000060,2024-01-02,weekday,Academic Block A,16-18,2.704,1360.07,False,False,1,2.739,0.987221613727638,0,5,1,0
ELEC000061,2024-01-02,weekday,Academic Block A,18-20,2.578,1362.65,False,False,1,2.321,1.110728134424817,0,6,1,0
ELEC000062,2024-01-02,weekday,Academic Block A,20-22,1.738,1364.39,False,False,1,1.749,0.9937106918238992,0,7,1,0
ELEC000063,2024-01-02,weekday,Academic Block A,22-00,0.78,1365.17,False,False,1,0.792,0.9848484848484848,0,8,1,0
ELEC000064,2024-01-02,weekday,Academic Block B,06-08,0.901,4819.7,False,False,1,0.8835,1.019807583474816,1,0,1,0
ELEC000065,2024-01-02,weekday,Academic Block B,08-10,2.825,4822.52,False,False,1,2.699,1.046683957021119,1,1,1,0
ELEC000066,2024-01-02,weekday,Academic Block B,10-12,3.605,4826.12,False,False,1,3.412,1.0565650644783118,1,2,1,0
ELEC000067,2024-01-02,weekday,Academic Block B,12-14,2.586,4828.71,False,False,1,2.676,0.9663677130044842,1,3,1,0
ELEC000068,2024-01-02,weekday,Academic Block B,14-16,2.661,4831.37,False,False,1,2.9825,0.8922045264040235,1,4,1,0
ELEC000069,2024-01-02,weekday,Academic Block B,16-18,2.382,4833.75,False,False,1,2.52,0.9452380952380952,1,5,1,0
ELEC000070,2024-01-02,weekday,Academic Block B,18-20,2.427,4836.18,False,False,1,2.256,1.0757978723404251,1,6,1,0
ELEC000071,2024-01-02,weekday,Academic Block B,20-22,2.054,4838.23,False,False,1,1.9025,1.0796320630749014,1,7,1,0
ELEC000072,2024-01-02,weekday,Academic Block B,22-00,0.852,4839.08,False,False,1,0.75,1.136,1,8,1,0
ELEC000073,2024-01-02,weekday,Hostel Block 1,06-08,0.498,3462.38,False,False,1,0.4915,1.0132248219735505,2,0,1,0
ELEC000074,2024-01-02,weekday,Hostel Block 1,08-10,1.335,3463.72,False,False,1,1.454,0.9181568088033012,2,1,1,0
ELEC000075,2024-01-02,weekday,Hostel Block 1,10-12,1.592,3465.31,False,False,1,1.5495,1.0274282026460149,2,2,1,0
ELEC000076,2024-01-02,weekday,Hostel Block 1,12-14,1.359,3466.67,False,False,1,1.4935,0.9099430867090726,2,3,1,0
ELEC000077,2024-01-02,weekday,Hostel Block 1,14-16,1.595,3468.26,False,False,1,1.5665,1.018193424832429,2,4,1,0
ELEC000078,2024-01-02,weekday,Hostel Block 1,16-18,1.39,3469.65,False,False,1,1.2815,1.0846664065548186,2,5,1,0
ELEC000079,2024-01-02,weekday,Hostel Block 1,18-20,1.171,3470.82,False,False,1,1.1205,1.0450691655510933,2,6,1,0
ELEC000080,2024-01-02,weekday,Hostel Block 1,20-22,0.819,3471.64,False,False,1,0.835,0.9808383233532934,2,7,1,0
ELEC000081,2024-01-02,weekday,Hostel Block 1,22-00,0.435,3472.07,False,False,1,0.3994999999999999,1.0888610763454318,2,8,1,0
ELEC000082,2024-01-02,weekday,Hostel Block 2,06-08,0.45,3211.22,False,False,1,0.4375,1.0285714285714287,3,0,1,0
ELEC000083,2024-01-02,weekday,Hostel Block 2,08-10,1.301,3212.52,False,False,1,1.311,0.992372234935164,3,1,1,0
ELEC000084,2024-01-02,weekday,Hostel Block 2,10-12,2.005,3214.53,False,False,1,1.831,1.0950300382304752,3,2,1,0
ELEC000085,2024-01-02,weekday,Hostel Block 2,12-14,1.369,3215.9,False,False,1,1.4535,0.9418644650842792,3,3,1,0
ELEC000086,2024-01-02,weekday,Hostel Block 2,14-16,1.717,3217.62,False,False,1,1.6735,1.025993426949507,3,4,1,0
ELEC000087,2024-01-02,weekday,Hostel Block 2,16-18,1.428,3219.05,False,False,1,1.4075,1.0145648312611013,3,5,1,0
ELEC000088,2024-01-02,weekday,Hostel Block 2,18-20,1.212,3220.26,False,False,1,1.1865,1.0214917825537293,3,6,1,0
ELEC000089,2024-01-02,weekday,Hostel Block 2,20-22,0.855,3221.12,False,False,1,0.95,0.9,3,7,1,0
ELEC000090,2024-01-02,weekday,Hostel Block 2,22-00,0.426,3221.55,False,False,1,0.4415,0.9648924122310304,3,8,1,0
ELEC000091,2024-01-02,weekday,Library,06-08,0.545,1465.69,False,False,1,0.6165,0.884022708840227,5,0,1,0
ELEC000092,2024-01-02,weekday,Library,08-10,1.673,1467.36,False,False,1,1.604,1.043017456359102,5,1,1,0
ELEC000093,2024-01-02,weekday,Library,10-12,2.245,1469.6,False,False,1,2.2875,0.9814207650273225,5,2,1,0
ELEC000094,2024-01-02,weekday,Library,12-14,1.634,1471.23,False,False,1,1.8435,0.8863574721996202,5,3,1,0
ELEC000095,2024-01-02,weekday,Library,14-16,1.826,1473.06,False,False,1,1.7865000000000002,1.0221102714805486,5,4,1,0
ELEC000096,2024-01-02,weekday,Library,16-18,1.672,1474.73,False,False,1,1.6355,1.0223173341485785,5,5,1,0
ELEC000097,2024-01-02,weekday,Library,18-20,1.679,1476.41,False,False,1,1.6455000000000002,1.020358553631115,5,6,1,0
ELEC000098,2024-01-02,weekday,Library,20-22,1.033,1477.44,False,False,1,1.2054999999999998,0.8569058481957694,5,7,1,0
ELEC000099,2024-01-02,weekday,Library,22-00,0.47,1477.91,False,False,1,0.5065,0.9279368213228036,5,8,1,0
ELEC000100,2024-01-02,weekday,Labs Complex,06-08,0.55,4248.85,False,False,1,0.6194999999999999,0.887812752219532,4,0,1,0
ELEC000101,2024-01-02,weekday,Labs Complex,08-10,1.769,4250.62,False,False,1,1.8215,0.9711776008783968,4,1,1,0
ELEC000102,2024-01-02,weekday,Labs Complex,10-12,2.149,4252.77,False,False,1,2.0905,1.0279837359483377,4,2,1,0
ELEC000103,2024-01-02,weekday,Labs Complex,12-14,1.63,4254.4,False,False,1,1.6469999999999998,0.9896782027929568,4,3,1,0
ELEC000104,2024-01-02,weekday,Labs Complex,14-16,1.719,4256.12,False,False,1,1.793,0.958728388176241,4,4,1,0
ELEC000105,2024-01-02,weekday,Labs Complex,16-18,1.889,4258.01,False,False,1,1.795,1.052367688022284,4,5,1,0
ELEC000106,2024-01-02,weekday,Labs Complex,18-20,1.66,4259.67,False,False,1,1.5345,1.0817855979146302,4,6,1,0
ELEC000107,2024-01-02,weekday,Labs Complex,20-22,1.153,4260.82,False,False,1,1.1645,0.9901245169600688,4,7,1,0
ELEC000108,2024-01-02,weekday,Labs Complex,22-00,0.473,4261.29,False,False,1,0.4669999999999999,1.012847965738758,4,8,1,0
ELEC000109,2024-01-03,weekday,Academic Block A,06-08,0.979,1366.15,False,False,1,0.9573333333333331,1.022632311977716,0,0,2,0
ELEC000110,2024-01-03,weekday,Academic Block A,08-10,2.316,1368.47,False,False,1,2.6886666666666663,0.8613935035953385,0,1,2,0
ELEC000111,2024-01-03,weekday,Academic Block A,10-12,2.977,1371.45,False,False,1,3.298666666666667,0.9024858528698464,0,2,2,0
ELEC000112,2024-01-03,weekday,Academic Block A,12-14,2.825,1374.28,False,False,1,2.736,1.032529239766082,0,3,2,0
ELEC000113,2024-01-03,weekday,Academic Block A,14-16,2.828,1377.11,False,False,1,2.9066666666666663,0.9729357798165138,0,4,2,0
ELEC000114,2024-01-03,weekday,Academic Block A,16-18,2.23,1379.34,False,False,1,2.569333333333333,0.8679294239750909,0,5,2,0
ELEC000115,2024-01-03,weekday,Academic Block A,18-20,2.222,1381.56,False,False,1,2.288,0.9711538461538464,0,6,2,0
ELEC000116,2024-01-03,weekday,Academic Block A,20-22,1.917,1383.48,False,False,1,1.805,1.062049861495845,0,7,2,0
ELEC000117,2024-01-03,weekday,Academic Block A,22-00,0.706,1384.19,False,False,1,0.7633333333333333,0.9248908296943232,0,8,2,0
ELEC000118,2024-01-03,weekday,Academic Block B,06-08,0.805,4839.89,False,False,1,0.8573333333333334,0.9389580093312596,1,0,2,0
ELEC000119,2024-01-03,weekday,Academic Block B,08-10,3.025,4842.91,False,False,1,2.8076666666666665,1.0774070996082157,1,1,2,0
ELEC000120,2024-01-03,weekday,Academic Block B,10-12,2.994,4845.9,False,False,1,3.2726666666666664,0.9148502750050928,1,2,2,0
ELEC000121,2024-01-03,weekday,Academic Block B,12-14,3.012,4848.91,False,False,1,2.7880000000000003,1.0803443328550932,1,3,2,0
ELEC000122,2024-01-03,weekday,Academic Block B,14-16,3.022,4851.93,False,False,1,2.9956666666666667,1.0087904751307444,1,4,2,0
ELEC000123,2024-01-03,weekday,Academic Block B,16-18,2.682,4854.61,False,False,1,2.574,1.041958041958042,1,5,2,0
ELEC000124,2024-01-03,weekday,Academic Block B,18-20,2.442,4857.05,False,False,1,2.318,1.0534943917169974,1,6,2,0
ELEC000125,2024-01-03,weekday,Academic Block B,20-22,1.569,4858.62,False,False,1,1.7913333333333332,0.8758838853740231,1,7,2,0
ELEC000126,2024-01-03,weekday,Academic Block B,22-00,0.647,4859.27,False,False,1,0.7156666666666668,0.9040521658127618,1,8,2,0
ELEC000127,2024-01-03,weekday,Hostel Block 1,06-08,0.501,3472.57,False,False,1,0.4946666666666666,1.0128032345013478,2,0,2,0
ELEC000128,2024-01-03,weekday,Hostel Block 1,08-10,1.361,3473.93,False,False,1,1.423,0.9564300773014756,2,1,2,0
ELEC000129,2024-01-03,weekday,Hostel Block 1,10-12,1.581,3475.51,False,False,1,1.5599999999999998,1.0134615384615386,2,2,2,0
ELEC000130,2024-01-03,weekday,Hostel Block 1,12-14,1.551,3477.06,False,False,1,1.5126666666666668,1.02534156015866,2,3,2,0
ELEC000131,2024-01-03,weekday,Hostel Block 1,14-16,1.372,3478.43,False,False,1,1.5016666666666667,0.9136514983351832,2,4,2,0
ELEC000132,2024-01-03,weekday,Hostel Block 1,16-18,1.545,3479.97,False,False,1,1.3693333333333333,1.128286270691334,2,5,2,0
ELEC000133,2024-01-03,weekday,Hostel Block 1,18-20,1.355,3481.32,False,False,1,1.1986666666666668,1.1304226918798663,2,6,2,0
ELEC000134,2024-01-03,weekday,Hostel Block 1,20-22,0.878,3482.2,False,False,1,0.8493333333333334,1.0337519623233908,2,7,2,0
ELEC000135,2024-01-03,weekday,Hostel Block 1,22-00,0.363,3482.56,False,False,1,0.3873333333333333,0.9371772805507744,2,8,2,0
ELEC000136,2024-01-03,weekday,Hostel Block 2,06-08,0.52,3222.07,False,False,1,0.465,1.118279569892473,3,0,2,0
ELEC000137,2024-01-03,weekday,Hostel Block 2,08-10,1.619,3223.69,False,False,1,1.4136666666666666,1.145248762084414,3,1,2,0
ELEC000138,2024-01-03,weekday,Hostel Block 2,10-12,1.966,3225.66,False,False,1,1.876,1.0479744136460554,3,2,2,0
ELEC000139,2024-01-03,weekday,Hostel Block 2,12-14,1.445,3227.11,False,False,1,1.4506666666666668,0.99609375,3,3,2,0
ELEC000140,2024-01-03,weekday,Hostel Block 2,14-16,1.693,3228.8,False,False,1,1.68,1.0077380952380952,3,4,2,0
ELEC000141,2024-01-03,weekday,Hostel Block 2,16-18,1.555,3230.36,False,False,1,1.4566666666666668,1.0675057208237986,3,5,2,0
ELEC000142,2024-01-03,weekday,Hostel Block 2,18-20,1.348,3231.71,False,False,1,1.2403333333333333,1.08680462241333,3,6,2,0
ELEC000143,2024-01-03,weekday,Hostel Block 2,20-22,0.834,3232.54,False,False,1,0.9113333333333332,0.9151426481346012,3,7,2,0
ELEC000144,2024-01-03,weekday,Hostel Block 2,22-00,0.432,3232.97,False,False,1,0.4383333333333333,0.9855513307984792,3,8,2,0
ELEC000145,2024-01-03,weekday,Library,06-08,0.566,1478.48,False,False,1,0.5996666666666667,0.9438576987215118,5,0,2,0
ELEC000146,2024-01-03,weekday,Library,08-10,1.786,1480.27,False,False,1,1.6646666666666663,1.0728874649579496,5,1,2,0
ELEC000147,2024-01-03,weekday,Library,10-12,2.402,1482.67,False,False,1,2.3256666666666668,1.0328221298552387,5,2,2,0
ELEC000148,2024-01-03,weekday,Library,12-14,2.123,1484.79,False,False,1,1.9366666666666668,1.0962134251290878,5,3,2,0
ELEC000149,2024-01-03,weekday,Library,14-16,2.156,1486.95,False,False,1,1.9096666666666664,1.1289928434281726,5,4,2,0
ELEC000150,2024-01-03,weekday,Library,16-18,1.513,1488.46,False,False,1,1.594666666666667,0.9487876254180602,5,5,2,0
ELEC000151,2024-01-03,weekday,Library,18-20,1.514,1489.97,False,False,1,1.6016666666666666,0.9452653485952134,5,6,2,0
ELEC000152,2024-01-03,weekday,Library,20-22,1.061,1491.03,False,False,1,1.157333333333333,0.91676267281106,5,7,2,0
ELEC000153,2024-01-03,weekday,Library,22-00,0.444,1491.47,False,False,1,0.4856666666666667,0.914207275223061,5,8,2,0
ELEC000154,2024-01-03,weekday,Labs Complex,06-08,0.618,4261.91,False,False,1,0.619,0.9983844911147012,4,0,2,0
ELEC000155,2024-01-03,weekday,Labs Complex,08-10,1.739,4263.65,False,False,1,1.7939999999999998,0.9693422519509478,4,1,2,0
ELEC000156,2024-01-03,weekday,Labs Complex,10-12,2.25,4265.9,False,False,1,2.143666666666667,1.049603483128596,4,2,2,0
ELEC000157,2024-01-03,weekday,Labs Complex,12-14,2.184,4268.08,False,False,1,1.826,1.1960569550931,4,3,2,0
ELEC000158,2024-01-03,weekday,Labs Complex,14-16,1.809,4269.89,False,False,1,1.7983333333333331,1.0059314179796108,4,4,2,0
ELEC000159,2024-01-03,weekday,Labs Complex,16-18,1.935,4798.735,False,False,1,1.8416666666666668,1.0506787330316745,4,5,2,0
ELEC000160,2024-01-03,weekday,Labs Complex,18-20,1.636,4273.46,False,False,1,1.5683333333333334,1.043145589798087,4,6,2,0
ELEC000161,2024-01-03,weekday,Labs Complex,20-22,1.104,4274.56,False,False,1,1.1443333333333332,0.9647538595980194,4,7,2,0
ELEC000162,2024-01-03,weekday,Labs Complex,22-00,0.575,4275.14,False,False,1,0.503,1.1431411530815108,4,8,2,0
ELEC000163,2024-01-04,weekday,Academic Block A,06-08,0.849,1385.04,False,False,1,0.9163333333333332,0.926518734085122,0,0,3,0
ELEC000164,2024-01-04,weekday,Academic Block A,08-10,2.354,1387.39,False,False,1,2.5843333333333334,0.9108732103701792,0,1,3,0
ELEC000165,2024-01-04,weekday,Academic Block A,10-12,2.995,1390.38,False,False,1,3.0796666666666668,0.9725078471696073,0,2,3,0
ELEC000166,2024-01-04,weekday,Academic Block A,12-14,3.135,1393.52,False,False,1,2.8513333333333333,1.0994856207622166,0,3,3,0
ELEC000167,2024-01-04,weekday,Academic Block A,14-16,2.619,1396.14,False,False,1,2.814666666666667,0.930483183325438,0,4,3,0
ELEC000168,2024-01-04,weekday,Academic Block A,16-18,2.869,1399.01,False,False,1,2.6010000000000004,1.103037293348712,0,5,3,0
ELEC000169,2024-01-04,weekday,Academic Block A,18-20,1.951,1400.96,False,False,1,2.2503333333333333,0.8669826692341875,0,6,3,0
ELEC000170,2024-01-04,weekday,Academic Block A,20-22,1.53,1402.49,False,False,1,1.7283333333333335,0.8852459016393442,0,7,3,0
ELEC000171,2024-01-04,weekday,Academic Block A,22-00,0.679,1403.17,False,False,1,0.7216666666666667,0.940877598152425,0,8,3,0
ELEC000172,2024-01-04,weekday,Academic Block B,06-08,0.955,4860.23,False,False,1,0.887,1.076662908680947,1,0,3,0
ELEC000173,2024-01-04,weekday,Academic Block B,08-10,3.105,4863.33,False,False,1,2.985,1.0402010050251256,1,1,3,0
ELEC000174,2024-01-04,weekday,Academic Block B,10-12,3.315,4866.64,False,False,1,3.3046666666666678,1.0031268912648776,1,2,3,0
ELEC000175,2024-01-04,weekday,Academic Block B,12-14,2.66,4869.3,False,False,1,2.7526666666666664,0.9663356744974572,1,3,3,0
ELEC000176,2024-01-04,weekday,Academic Block B,14-16,3.404,4872.7,False,False,1,3.029,1.1238032353912182,1,4,3,0
ELEC000177,2024-01-04,weekday,Academic Block B,16-18,2.723,4875.42,False,False,1,2.595666666666667,1.0490561191729806,1,5,3,0
ELEC000178,2024-01-04,weekday,Academic Block B,18-20,2.351,4877.77,False,False,1,2.4066666666666667,0.9768698060941828,1,6,3,0
ELEC000179,2024-01-04,weekday,Academic Block B,20-22,1.8,5630.25,False,False,1,1.8076666666666668,0.9957588050894338,1,7,3,0
ELEC000180,2024-01-04,weekday,Academic Block B,22-00,0.832,4880.4,False,False,1,0.777,1.0707850707850708,1,8,3,0
ELEC000181,2024-01-04,weekday,Hostel Block 1,06-08,0.426,3899.35,False,False,1,0.475,0.8968421052631578,2,0,3,0
ELEC000182,2024-01-04,weekday,Hostel Block 1,08-10,1.377,3484.36,False,False,1,1.3576666666666668,1.014240117849251,2,1,3,0
ELEC000183,2024-01-04,weekday,Hostel Block 1,10-12,1.692,3486.05,False,False,1,1.6216666666666668,1.0433710174717368,2,2,3,0
ELEC000184,2024-01-04,weekday,Hostel Block 1,12-14,1.685,3487.74,False,False,1,1.5316666666666665,1.100108813928183,2,3,3,0
ELEC000185,2024-01-04,weekday,Hostel Block 1,14-16,1.825,3489.56,False,False,1,1.5973333333333333,1.1425292153589317,2,4,3,0
ELEC000186,2024-01-04,weekday,Hostel Block 1,16-18,1.423,3490.98,False,False,1,1.4526666666666666,0.979577787976136,2,5,3,0
ELEC000187,2024-01-04,weekday,Hostel Block 1,18-20,1.127,3492.11,False,False,1,1.2176666666666665,0.9255406515192992,2,6,3,0
ELEC000188,2024-01-04,weekday,Hostel Block 1,20-22,0.886,3493.0,False,False,1,0.8610000000000001,1.0290360046457607,2,7,3,0
ELEC000189,2024-01-04,weekday,Hostel Block 1,22-00,0.38,3493.38,False,False,1,0.3926666666666666,0.967741935483871,2,8,3,0
ELEC000190,2024-01-04,weekday,Hostel Block 2,06-08,0.457,3233.43,False,False,1,0.4756666666666667,0.9607568325157674,3,0,3,0
ELEC000191,2024-01-04,weekday,Hostel Block 2,08-10,1.61,3235.04,False,False,1,1.51,1.066225165562914,3,1,3,0
ELEC000192,2024-01-04,weekday,Hostel Block 2,10-12,1.876,3236.92,False,False,1,1.949,0.9625448948178552,3,2,3,0
ELEC000193,2024-01-04,weekday,Hostel Block 2,12-14,1.486,3238.41,False,False,1,1.4333333333333331,1.0367441860465116,3,3,3,0
ELEC000194,2024-01-04,weekday,Hostel Block 2,14-16,1.735,3240.14,False,False,1,1.715,1.0116618075801749,3,4,3,0
ELEC000195,2024-01-04,weekday,Hostel Block 2,16-18,1.449,3241.59,False,False,1,1.4773333333333334,0.9808212996389892,3,5,3,0
ELEC000196,2024-01-04,weekday,Hostel Block 2,18-20,1.361,3242.95,False,False,1,1.3070000000000002,1.0413159908186689,3,6,3,0
ELEC000197,2024-01-04,weekday,Hostel Block 2,20-22,0.929,3243.88,False,False,1,0.8726666666666666,1.0645530939648589,3,7,3,0
ELEC000198,2024-01-04,weekday,Hostel Block 2,22-00,0.456,3244.34,False,False,1,0.438,1.0410958904109588,3,8,3,0
ELEC000199,2024-01-04,weekday,Library,06-08,0.573,1492.04,False,False,1,0.5613333333333334,1.0207838479809974,5,0,3,0
ELEC000200,2024-01-04,weekday,Library,08-10,1.992,1494.03,False,False,1,1.817,1.096312603192075,5,1,3,0
ELEC000201,2024-01-04,weekday,Library,10-12,2.117,1496.15,False,False,1,2.2546666666666666,0.9389414547604968,5,2,3,0
ELEC000202,2024-01-04,weekday,Library,12-14,1.966,1498.12,False,False,1,1.9076666666666664,1.030578367988817,5,3,3,0
ELEC000203,2024-01-04,weekday,Library,14-16,1.851,1499.97,False,False,1,1.9443333333333332,0.9519972569861134,5,4,3,0
ELEC000204,2024-01-04,weekday,Library,16-18,1.724,1501.69,False,False,1,1.6363333333333332,1.0535750662049297,5,5,3,0
ELEC000205,2024-01-04,weekday,Library,18-20,1.293,1502.98,False,False,1,1.4953333333333332,0.8646901471243871,5,6,3,0
ELEC000206,2024-01-04,weekday,Library,20-22,1.285,1504.27,False,False,1,1.1263333333333332,1.1408700799052975,5,7,3,0
ELEC000207,2024-01-04,weekday,Library,22-00,0.455,1504.72,False,False,1,0.4563333333333333,0.9970781592403216,5,8,3,0
ELEC000208,2024-01-04,weekday,Labs Complex,06-08,0.51,4275.65,False,False,1,0.5593333333333333,0.9117997616209772,4,0,3,0
ELEC000209,2024-01-04,weekday,Labs Complex,08-10,1.834,4277.48,False,False,1,1.7806666666666668,1.0299513290902282,4,1,3,0
ELEC000210,2024-01-04,weekday,Labs Complex,10-12,2.516,4280.0,False,False,1,2.305,1.0915401301518437,4,2,3,0
ELEC000211,2024-01-04,weekday,Labs Complex,12-14,2.079,4282.08,False,False,1,1.9643333333333333,1.0583743424401832,4,3,3,0
ELEC000212,2024-01-04,weekday,Labs Complex,14-16,1.789,4283.87,False,False,1,1.772333333333333,1.0094037991348503,4,4,3,0
ELEC000213,2024-01-04,weekday,Labs Complex,16-18,1.804,4285.67,False,False,1,1.876,0.9616204690831556,4,5,3,0
ELEC000214,2024-01-04,weekday,Labs Complex,18-20,1.353,4287.02,False,False,1,1.5496666666666667,0.8730909873090986,4,6,3,0
ELEC000215,2024-01-04,weekday,Labs Complex,20-22,1.251,4288.27,False,False,1,1.1693333333333331,1.0698403648802737,4,7,3,0
ELEC000216,2024-01-04,weekday,Labs Complex,22-00,0.501,4288.77,False,False,1,0.5163333333333333,0.9703034215622984,4,8,3,0
ELEC000217,2024-01-05,weekday,Academic Block A,06-08,0.944,1404.11,False,False,1,0.924,1.0216450216450217,0,0,4,0
ELEC000218,2024-01-05,weekday,Academic Block A,08-10,2.915,1407.02,False,False,1,2.5283333333333333,1.1529334212261042,0,1,4,0
ELEC000219,2024-01-05,weekday,Academic Block A,10-12,3.378,1410.4,False,False,1,3.116666666666667,1.083850267379679,0,2,4,0
ELEC000220,2024-01-05,weekday,Academic Block A,12-14,2.913,1413.31,False,False,1,2.9576666666666664,0.9848980051842668,0,3,4,0
ELEC000221,2024-01-05,weekday,Academic Block A,14-16,2.6,1415.91,False,False,1,2.6823333333333337,0.9693053311793214,0,4,4,0
ELEC000222,2024-01-05,weekday,Academic Block A,16-18,2.471,1418.38,False,False,1,2.523333333333333,0.9792602377807134,0,5,4,0
ELEC000223,2024-01-05,weekday,Academic Block A,18-20,2.11,1420.49,False,False,1,2.0943333333333336,1.0074805029444531,0,6,4,0
ELEC000224,2024-01-05,weekday,Academic Block A,20-22,1.854,1422.34,False,False,1,1.767,1.0492359932088284,0,7,4,0
ELEC000225,2024-01-05,weekday,Academic Block A,22-00,0.67,1423.01,False,False,1,0.685,0.978102189781022,0,8,4,0
ELEC000226,2024-01-05,weekday,Academic Block B,06-08,1.024,4881.42,False,False,1,0.928,1.103448275862069,1,0,4,0
ELEC000227,2024-01-05,weekday,Academic Block B,08-10,2.863,4884.28,False,False,1,2.997666666666667,0.9550761703547204,1,1,4,0
ELEC000228,2024-01-05,weekday,Academic Block B,10-12,3.599,4887.88,False,False,1,3.302666666666667,1.08972547436415,1,2,4,0
ELEC000229,2024-01-05,weekday,Academic Block B,12-14,2.807,4890.69,False,False,1,2.826333333333333,0.9931595707040926,1,3,4,0
ELEC000230,2024-01-05,weekday,Academic Block B,14-16,3.047,4893.74,False,False,1,3.157666666666666,0.9649530243850948,1,4,4,0
ELEC000231,2024-01-05,weekday,Academic Block B,16-18,2.311,4896.05,False,False,1,2.572,0.8985225505443236,1,5,4,0
ELEC000232,2024-01-05,weekday,Academic Block B,18-20,2.293,4898.34,False,False,1,2.362,0.9707874682472482,1,6,4,0
ELEC000233,2024-01-05,weekday,Academic Block B,20-22,1.68,4900.02,False,False,1,1.6829999999999998,0.9982174688057042,1,7,4,0
ELEC000234,2024-01-05,weekday,Academic Block B,22-00,0.638,4900.66,False,False,1,0.7056666666666667,0.904109589041096,1,8,4,0
ELEC000235,2024-01-05,weekday,Hostel Block 1,06-08,0.433,3493.81,False,False,1,0.4533333333333333,0.9551470588235296,2,0,4,0
ELEC000236,2024-01-05,weekday,Hostel Block 1,08-10,1.482,3495.29,False,False,1,1.4066666666666665,1.0535545023696684,2,1,4,0
ELEC000237,2024-01-05,weekday,Hostel Block 1,10-12,1.664,3496.95,False,False,1,1.6456666666666664,1.0111403686449263,2,2,4,0
ELEC000238,2024-01-05,weekday,Hostel Block 1,12-14,1.513,3498.46,False,False,1,1.583,0.955780164245104,2,3,4,0
ELEC000239,2024-01-05,weekday,Hostel Block 1,14-16,1.591,3500.05,False,False,1,1.596,0.9968671679197996,2,4,4,0
ELEC000240,2024-01-05,weekday,Hostel Block 1,16-18,1.449,3501.5,False,False,1,1.4723333333333333,0.9841521394611727,2,5,4,0
ELEC000241,2024-01-05,weekday,Hostel Block 1,18-20,1.321,3502.82,False,False,1,1.2676666666666667,1.0420720483828556,2,6,4,0
ELEC000242,2024-01-05,weekday,Hostel Block 1,20-22,0.94,3503.76,False,False,1,0.9013333333333332,1.0428994082840235,2,7,4,0
ELEC000243,2024-01-05,weekday,Hostel Block 1,22-00,0.458,3504.22,False,False,1,0.4003333333333334,1.1440466278101582,2,8,4,0
ELEC000244,2024-01-05,weekday,Hostel Block 2,06-08,0.417,3244.76,False,False,1,0.4646666666666667,0.8974175035868004,3,0,4,0
ELEC000245,2024-01-05,weekday,Hostel Block 2,08-10,1.533,3246.29,False,False,1,1.5873333333333337,0.965770684586308,3,1,4,0
ELEC000246,2024-01-05,weekday,Hostel Block 2,10-12,1.859,3248.15,False,False,1,1.9003333333333328,0.9782494299245746,3,2,4,0
ELEC000247,2024-01-05,weekday,Hostel Block 2,12-14,1.591,3249.74,False,False,1,1.5073333333333334,1.0555064130915524,3,3,4,0
ELEC000248,2024-01-05,weekday,Hostel Block 2,14-16,1.63,3251.37,False,False,1,1.686,0.966785290628707,3,4,4,0
ELEC000249,2024-01-05,weekday,Hostel Block 2,16-18,1.525,3252.89,False,False,1,1.5096666666666667,1.0101567674983438,3,5,4,0
ELEC000250,2024-01-05,weekday,Hostel Block 2,18-20,1.043,3253.93,False,False,1,1.2506666666666668,0.8339552238805968,3,6,4,0
ELEC000251,2024-01-05,weekday,Hostel Block 2,20-22,0.928,3254.86,False,False,1,0.8969999999999999,1.0345596432552957,3,7,4,0
ELEC000252,2024-01-05,weekday,Hostel Block 2,22-00,0.363,3255.22,False,False,1,0.417,0.8705035971223022,3,8,4,0
ELEC000253,2024-01-05,weekday,Library,06-08,0.673,1505.39,False,False,1,0.604,1.1142384105960266,5,0,4,0
ELEC000254,2024-01-05,weekday,Library,08-10,1.955,1507.35,False,False,1,1.911,1.023024594453166,5,1,4,0
ELEC000255,2024-01-05,weekday,Library,10-12,2.486,1509.84,False,False,1,2.3350000000000004,1.0646680942184152,5,2,4,0
ELEC000256,2024-01-05,weekday,Library,12-14,2.048,1511.89,False,False,1,2.045666666666667,1.0011406224539676,5,3,4,0
ELEC000257,2024-01-05,weekday,Library,14-16,1.731,1513.62,False,False,1,1.9126666666666663,0.9050191704426632,5,4,4,0
ELEC000258,2024-01-05,weekday,Library,16-18,1.809,1515.43,False,False,1,1.6819999999999995,1.0755053507728896,5,5,4,0
ELEC000259,2024-01-05,weekday,Library,18-20,1.607,1517.04,False,False,1,1.4713333333333332,1.0922066153149073,5,6,4,0
ELEC000260,2024-01-05,weekday,Library,20-22,1.167,1518.21,False,False,1,1.171,0.9965841161400512,5,7,4,0
ELEC000261,2024-01-05,weekday,Library,22-00,0.542,1518.75,False,False,1,0.4803333333333333,1.128383067314365,5,8,4,0
ELEC000262,2024-01-05,weekday,Labs Complex,06-08,0.592,4289.36,False,False,1,0.5733333333333334,1.0325581395348835,4,0,4,0
ELEC000263,2024-01-05,weekday,Labs Complex,08-10,1.923,4291.28,False,False,1,1.832,1.0496724890829694,4,1,4,0
ELEC000264,2024-01-05,weekday,Labs Complex,10-12,1.984,4293.26,False,False,1,2.25,0.8817777777777778,4,2,4,0
ELEC000265,2024-01-05,weekday,Labs Complex,12-14,1.81,4295.07,False,False,1,2.0243333333333333,0.894121521488556,4,3,4,0
ELEC000266,2024-01-05,weekday,Labs Complex,14-16,1.994,4297.06,False,False,1,1.864,1.0697424892703864,4,4,4,0
ELEC000267,2024-01-05,weekday,Labs Complex,16-18,1.893,4298.95,False,False,1,1.8773333333333333,1.0083451704545454,4,5,4,0
ELEC000268,2024-01-05,weekday,Labs Complex,18-20,1.46,4300.41,False,False,1,1.483,0.9844908968307484,4,6,4,0
ELEC000269,2024-01-05,weekday,Labs Complex,20-22,1.269,4301.68,False,False,1,1.208,1.0504966887417218,4,7,4,0
ELEC000270,2024-01-05,weekday,Labs Complex,22-00,0.522,4302.2,False,False,1,0.5326666666666666,0.9799749687108888,4,8,4,0
ELEC000271,2024-01-06,saturday,Academic Block A,06-08,0.67,1423.68,False,False,1,0.8210000000000001,0.8160779537149817,0,0,5,0
ELEC000272,2024-01-06,saturday,Academic Block A,08-10,1.924,1425.6,False,False,1,2.3976666666666664,0.802446823300431,0,1,5,0
ELEC000273,2024-01-06,saturday,Academic Block A,10-12,2.289,1427.89,False,False,1,2.8873333333333338,0.7927730316324174,0,2,5,0
ELEC000274,2024-01-06,saturday,Academic Block A,12-14,1.866,1429.76,False,False,1,2.638,0.7073540561031085,0,3,5,0
ELEC000275,2024-01-06,saturday,Academic Block A,14-16,2.016,1431.78,False,False,1,2.411666666666666,0.8359364201796822,0,4,5,0
ELEC000276,2024-01-06,saturday,Academic Block A,16-18,1.737,1433.52,False,False,1,2.359,0.7363289529461636,0,5,5,0
ELEC000277,2024-01-06,saturday,Academic Block A,18-20,1.483,1435.0,False,False,1,1.848,0.8024891774891775,0,6,5,0
ELEC000278,2024-01-06,saturday,Academic Block A,20-22,1.079,1436.08,False,False,1,1.4876666666666667,0.7252968855030248,0,7,5,0
ELEC000279,2024-01-06,saturday,Academic Block A,22-00,0.472,1436.55,False,False,1,0.6070000000000001,0.7775947281713342,0,8,5,0
ELEC000280,2024-01-06,saturday,Academic Block B,06-08,0.565,4901.22,False,False,1,0.848,0.6662735849056604,1,0,5,0
ELEC000281,2024-01-06,saturday,Academic Block B,08-10,2.133,4903.35,False,False,1,2.700333333333333,0.7899024811751637,1,1,5,0
ELEC000282,2024-01-06,saturday,Academic Block B,10-12,2.399,4905.75,False,False,1,3.1043333333333334,0.772790722645764,1,2,5,0
ELEC000283,2024-01-06,saturday,Academic Block B,12-14,2.08,4907.83,False,False,1,2.5156666666666667,0.8268186034185769,1,3,5,0
ELEC000284,2024-01-06,saturday,Academic Block B,14-16,1.901,4909.73,False,False,1,2.7840000000000003,0.6828304597701149,1,4,5,0
ELEC000285,2024-01-06,saturday,Academic Block B,16-18,1.973,4911.7,False,False,1,2.3356666666666666,0.8447267018695591,1,5,5,0
ELEC000286,2024-01-06,saturday,Academic Block B,18-20,1.703,4913.4,False,False,1,2.115666666666667,0.8049472191586576,1,6,5,0
ELEC000287,2024-01-06,saturday,Academic Block B,20-22,1.256,4914.66,False,False,1,1.5786666666666669,0.7956081081081081,1,7,5,0
ELEC000288,2024-01-06,saturday,Academic Block B,22-00,0.574,4915.23,False,False,1,0.6813333333333333,0.8424657534246575,1,8,5,0
ELEC000289,2024-01-06,saturday,Hostel Block 1,06-08,0.368,3504.59,False,False,1,0.409,0.8997555012224939,2,0,5,0
ELEC000290,2024-01-06,saturday,Hostel Block 1,08-10,0.857,3505.45,False,False,1,1.2386666666666668,0.6918729817007534,2,1,5,0
ELEC000291,2024-01-06,saturday,Hostel Block 1,10-12,1.305,3506.75,False,False,1,1.5536666666666663,0.8399485089036688,2,2,5,0
ELEC000292,2024-01-06,saturday,Hostel Block 1,12-14,1.029,3507.78,False,False,1,1.409,0.730305180979418,2,3,5,0
ELEC000293,2024-01-06,saturday,Hostel Block 1,14-16,1.19,3508.97,False,False,1,1.5353333333333332,0.7750759878419453,2,4,5,0
ELEC000294,2024-01-06,saturday,Hostel Block 1,16-18,0.81,3509.78,False,False,1,1.2273333333333334,0.6599674090168387,2,5,5,0
ELEC000295,2024-01-06,saturday,Hostel Block 1,18-20,0.728,3510.51,False,False,1,1.0586666666666666,0.6876574307304786,2,6,5,0
ELEC000296,2024-01-06,saturday,Hostel Block 1,20-22,0.59,3511.1,False,False,1,0.8053333333333333,0.732615894039735,2,7,5,0
ELEC000297,2024-01-06,saturday,Hostel Block 1,22-00,0.274,3511.37,False,False,1,0.3706666666666667,0.7392086330935251,2,8,5,0
ELEC000298,2024-01-06,saturday,Hostel Block 2,06-08,0.379,3255.6,False,False,1,0.4176666666666667,0.9074221867517956,3,0,5,0
ELEC000299,2024-01-06,saturday,Hostel Block 2,08-10,0.999,3256.6,False,False,1,1.3806666666666667,0.7235634958957026,3,1,5,0
ELEC000300,2024-01-06,saturday,Hostel Block 2,10-12,1.304,3257.9,False,False,1,1.6796666666666666,0.7763445128001588,3,2,5,0
ELEC000301,2024-01-06,saturday,Hostel Block 2,12-14,0.907,3258.81,False,False,1,1.328,0.6829819277108433,3,3,5,0
ELEC000302,2024-01-06,saturday,Hostel Block 2,14-16,1.2,3260.01,False,False,1,1.5216666666666665,0.7886089813800657,3,4,5,0
ELEC000303,2024-01-06,saturday,Hostel Block 2,16-18,1.028,3635.895,False,False,1,1.3340000000000003,0.770614692653673,3,5,5,0
ELEC000304,2024-01-06,saturday,Hostel Block 2,18-20,0.824,3261.86,False,False,1,1.0759999999999998,0.7657992565055762,3,6,5,0
ELEC000305,2024-01-06,saturday,Hostel Block 2,20-22,0.666,3262.53,False,False,1,0.8410000000000001,0.7919143876337693,3,7,5,0
ELEC000306,2024-01-06,saturday,Hostel Block 2,22-00,0.306,3262.84,False,False,1,0.375,0.816,3,8,5,0
ELEC000307,2024-01-06,saturday,Library,06-08,0.371,2008.86,False,False,1,0.539,0.6883116883116882,5,0,5,0
ELEC000308,2024-01-06,saturday,Library,08-10,1.334,1520.46,False,False,1,1.7603333333333335,0.7578110206400303,5,1,5,0
ELEC000309,2024-01-06,saturday,Library,10-12,1.522,1521.98,False,False,1,2.0416666666666665,0.7454693877551021,5,2,5,0
ELEC000310,2024-01-06,saturday,Library,12-14,1.201,1523.18,False,False,1,1.7383333333333333,0.6908916586768936,5,3,5,0
ELEC000311,2024-01-06,saturday,Library,14-16,1.531,1524.71,False,False,1,1.7043333333333333,0.8982984549188343,5,4,5,0
ELEC000312,2024-01-06,saturday,Library,16-18,1.343,1526.05,False,False,1,1.625333333333333,0.8262920426579164,5,5,5,0
ELEC000313,2024-01-06,saturday,Library,18-20,1.017,1527.07,False,False,1,1.3056666666666663,0.7789124329844269,5,6,5,0
ELEC000314,2024-01-06,saturday,Library,20-22,0.869,1527.94,False,False,1,1.107,0.7850045167118338,5,7,5,0
ELEC000315,2024-01-06,saturday,Library,22-00,0.34,1528.28,False,False,1,0.4456666666666667,0.762902019446522,5,8,5,0
ELEC000316,2024-01-06,saturday,Labs Complex,06-08,0.391,4302.59,False,False,1,0.4976666666666666,0.7856664434025453,4,0,5,0
ELEC000317,2024-01-06,saturday,Labs Complex,08-10,1.431,4304.02,False,False,1,1.7293333333333336,0.8274865073245952,4,1,5,0
ELEC000318,2024-01-06,saturday,Labs Complex,10-12,1.531,4305.55,False,False,1,2.010333333333333,0.761565246227823,4,2,5,0
ELEC000319,2024-01-06,saturday,Labs Complex,12-14,1.338,4306.89,False,False,1,1.7423333333333335,0.767935718385307,4,3,5,0
ELEC000320,2024-01-06,saturday,Labs Complex,14-16,1.581,4308.47,False,False,1,1.788,0.884228187919463,4,4,5,0
ELEC000321,2024-01-06,saturday,Labs Complex,16-18,1.244,4309.71,False,False,1,1.6470000000000002,0.7553126897389192,4,5,5,0
ELEC000322,2024-01-06,saturday,Labs Complex,18-20,0.922,4310.63,False,False,1,1.245,0.740562248995984,4,6,5,0
ELEC000323,2024-01-06,saturday,Labs Complex,20-22,0.833,4311.46,False,False,1,1.1176666666666666,0.7453027139874739,4,7,5,0
ELEC000324,2024-01-06,saturday,Labs Complex,22-00,0.338,4311.8,False,False,1,0.4536666666666666,0.7450404114621603,4,8,5,0
ELEC000325,2024-01-07,weekend,Academic Block A,06-08,0.394,1436.94,False,False,1,0.6693333333333333,0.5886454183266933,0,0,6,0
ELEC000326,2024-01-07,weekend,Academic Block A,08-10,0.99,1437.93,False,False,1,1.943,0.5095213587236233,0,1,6,0
ELEC000327,2024-01-07,weekend,Academic Block A,10-12,1.445,1439.38,False,False,1,2.3706666666666667,0.609533183352081,0,2,6,0
ELEC000328,2024-01-07,weekend,Academic Block A,12-14,1.208,1440.59,False,False,1,1.9956666666666667,0.6053115082679138,0,3,6,0
ELEC000329,2024-01-07,weekend,Academic Block A,14-16,2.603880935677085,1443.19,False,True,1,2.406626978559028,1.081962829668004,0,4,6,0
ELEC000330,2024-01-07,weekend,Academic Block A,16-18,1.089,1444.28,False,False,1,1.765666666666667,0.616764206154427,0,5,6,0
ELEC000331,2024-01-07,weekend,Academic Block A,18-20,0.784,1445.06,False,False,1,1.459,0.5373543522960933,0,6,6,0
ELEC000332,2024-01-07,weekend,Academic Block A,20-22,0.685,1445.74,False,False,1,1.206,0.5679933665008292,0,7,6,0
ELEC000333,2024-01-07,weekend,Academic Block A,22-00,0.257,1446.0,False,False,1,0.4663333333333333,0.5511079342387419,0,8,6,0
ELEC000334,2024-01-07,weekend,Academic Block B,06-08,0.351,4915.58,False,False,1,0.6466666666666666,0.5427835051546391,1,0,6,0
ELEC000335,2024-01-07,weekend,Academic Block B,08-10,1.153,4916.73,False,False,1,2.0496666666666665,0.562530492763051,1,1,6,0
ELEC000336,2024-01-07,weekend,Academic Block B,10-12,1.438,4918.17,False,False,1,2.478666666666667,0.580150618612157,1,2,6,0
ELEC000337,2024-01-07,weekend,Academic Block B,12-14,1.182,4919.35,False,False,1,2.023,0.5842807711319822,1,3,6,0
ELEC000338,2024-01-07,weekend,Academic Block B,14-16,5.235638770885117,4924.59,False,True,1,3.3945462569617058,1.5423677789476595,1,4,6,1
ELEC000339,2024-01-07,weekend,Academic Block B,16-18,1.128,4925.72,False,False,1,1.8040000000000005,0.6252771618625276,1,5,6,0
ELEC000340,2024-01-07,weekend,Academic Block B,18-20,0.945,4926.66,False,False,1,1.647,0.5737704918032787,1,6,6,0
ELEC000341,2024-01-07,weekend,Academic Block B,20-22,0.802,4927.46,False,False,1,1.2460000000000002,0.6436597110754413,1,7,6,0
ELEC000342,2024-01-07,weekend,Academic Block B,22-00,0.329,4927.79,False,False,1,0.5136666666666667,0.6404931862426995,1,8,6,0
ELEC000343,2024-01-07,weekend,Hostel Block 1,06-08,0.218,3511.59,False,False,1,0.3396666666666667,0.6418056918547594,2,0,6,0
ELEC000344,2024-01-07,weekend,Hostel Block 1,08-10,0.616,3512.21,False,False,1,0.985,0.6253807106598985,2,1,6,0
ELEC000345,2024-01-07,weekend,Hostel Block 1,10-12,0.62,3512.83,False,False,1,1.1963333333333332,0.5182502089718585,2,2,6,0
ELEC000346,2024-01-07,weekend,Hostel Block 1,12-14,0.54,3513.37,False,False,1,1.0273333333333332,0.5256327060350423,2,3,6,0
ELEC000347,2024-01-07,weekend,Hostel Block 1,14-16,0.726,3514.1,False,False,1,1.1689999999999998,0.6210436270316511,2,4,6,0
ELEC000348,2024-01-07,weekend,Hostel Block 1,16-18,1.6249527011414011,3515.72,False,True,1,1.2946509003804672,1.2551280817584618,2,5,6,0
ELEC000349,2024-01-07,weekend,Hostel Block 1,18-20,0.445,3516.16,False,False,1,0.8313333333333334,0.5352846832397754,2,6,6,0
ELEC000350,2024-01-07,weekend,Hostel Block 1,20-22,0.397,3516.56,False,False,1,0.6423333333333333,0.6180591593149974,2,7,6,0
ELEC000351,2024-01-07,weekend,Hostel Block 1,22-00,0.153,3516.71,False,False,1,0.295,0.5186440677966101,2,8,6,0
ELEC000352,2024-01-07,weekend,Hostel Block 2,06-08,0.172,3263.01,False,False,1,0.3226666666666666,0.5330578512396694,3,0,6,0
ELEC000353,2024-01-07,weekend,Hostel Block 2,08-10,0.63,3263.64,False,False,1,1.054,0.5977229601518026,3,1,6,0
ELEC000354,2024-01-07,weekend,Hostel Block 2,10-12,0.674,3264.31,False,False,1,1.279,0.5269741985926505,3,2,6,0
ELEC000355,2024-01-07,weekend,Hostel Block 2,12-14,0.574,3264.88,False,False,1,1.024,0.5605468749999999,3,3,6,0
ELEC000356,2024-01-07,weekend,Hostel Block 2,14-16,0.582,3265.46,False,False,1,1.137333333333333,0.511723329425557,3,4,6,0
ELEC000357,2024-01-07,weekend,Hostel Block 2,16-18,0.541,3266.0,False,False,1,1.0313333333333332,0.5245636716224953,3,5,6,0
ELEC000358,2024-01-07,weekend,Hostel Block 2,18-20,0.528,3266.53,False,False,1,0.7983333333333333,0.6613778705636744,3,6,6,0
ELEC000359,2024-01-07,weekend,Hostel Block 2,20-22,0.404,3266.93,False,False,1,0.666,0.6066066066066066,3,7,6,0
ELEC000360,2024-01-07,weekend,Hostel Block 2,22-00,0.139,3267.07,False,False,1,0.2693333333333333,0.5160891089108911,3,8,6,0
ELEC000361,2024-01-07,weekend,Library,06-08,0.209,1528.49,False,False,1,0.4176666666666667,0.5003990422984836,5,0,6,1
ELEC000362,2024-01-07,weekend,Library,08-10,0.735,1529.22,False,False,1,1.3413333333333333,0.547962226640159,5,1,6,0
ELEC000363,2024-01-07,weekend,Library,10-12,0.835,1530.06,False,False,1,1.6143333333333334,0.5172413793103448,5,2,6,0
ELEC000364,2024-01-07,weekend,Library,12-14,0.791,1530.85,False,False,1,1.346666666666667,0.5873762376237623,5,3,6,0
ELEC000365,2024-01-07,weekend,Library,14-16,0.879,1531.73,False,False,1,1.3803333333333334,0.63680270466071,5,4,6,0
ELEC000366,2024-01-07,weekend,Library,16-18,0.597,1532.33,False,False,1,1.2496666666666665,0.4777273939717258,5,5,6,0
ELEC000367,2024-01-07,weekend,Library,18-20,0.661,1532.99,False,False,1,1.095,0.6036529680365297,5,6,6,0
ELEC000368,2024-01-07,weekend,Library,20-22,0.433,1533.42,False,False,1,0.823,0.5261239368165249,5,7,6,0
ELEC000369,2024-01-07,weekend,Library,22-00,0.214,1533.63,False,False,1,0.3653333333333333,0.5857664233576642,5,8,6,0
ELEC000370,2024-01-07,weekend,Labs Complex,06-08,0.231,4312.03,False,False,1,0.4046666666666667,0.570840197693575,4,0,6,0
ELEC000371,2024-01-07,weekend,Labs Complex,08-10,0.8,4312.83,False,False,1,1.3846666666666667,0.5777563793933558,4,1,6,0
ELEC000372,2024-01-07,weekend,Labs Complex,10-12,0.873,4313.7,False,False,1,1.4626666666666666,0.5968550592525069,4,2,6,0
ELEC000373,2024-01-07,weekend,Labs Complex,12-14,0.778,4314.48,False,False,1,1.3086666666666666,0.5944982170147733,4,3,6,0
ELEC000374,2024-01-07,weekend,Labs Complex,14-16,0.7,4315.18,False,False,1,1.425,0.4912280701754385,4,4,6,0
ELEC000375,2024-01-07,weekend,Labs Complex,16-18,0.676,4315.86,False,False,1,1.271,0.5318646734854445,4,5,6,0
ELEC000376,2024-01-07,weekend,Labs Complex,18-20,0.541,4316.4,False,False,1,0.9743333333333334,0.5552514539856312,4,6,6,0
ELEC000377,2024-01-07,weekend,Labs Complex,20-22,0.528,4316.93,False,False,1,0.8766666666666666,0.6022813688212929,4,7,6,0
ELEC000378,2024-01-07,weekend,Labs Complex,22-00,0.194,4798.735,False,False,1,0.3513333333333333,0.5521821631878558,4,8,6,0
ELEC000379,2024-01-08,weekday,Academic Block A,06-08,1.004,1447.0,False,False,1,0.6893333333333334,1.4564796905222437,0,0,0,0
ELEC000380,2024-01-08,weekday,Academic Block A,08-10,2.388,1449.39,False,False,1,1.7673333333333332,1.3511882308562806,0,1,0,0
ELEC000381,2024-01-08,weekday,Academic Block A,10-12,3.65,1453.04,False,False,1,2.4613333333333336,1.4829360780065004,0,2,0,1
ELEC000382,2024-01-08,weekday,Academic Block A,12-14,2.871,1455.91,False,False,1,1.981666666666667,1.448780487804878,0,3,0,0
ELEC000383,2024-01-08,weekday,Academic Block A,14-16,2.808,1458.72,False,False,1,2.475960311892361,1.1341054161946007,0,4,0,0
ELEC000384,2024-01-08,weekday,Academic Block A,16-18,2.561,1461.28,False,False,1,1.7956666666666667,1.4262112493038797,0,5,0,0
ELEC000385,2024-01-08,weekday,Academic Block A,18-20,1.918,1463.2,False,False,1,1.3950000000000002,1.3749103942652328,0,6,0,0
ELEC000386,2024-01-08,weekday,Academic Block A,20-22,1.766,1464.97,False,False,1,1.1766666666666667,1.5008498583569403,0,7,0,0
ELEC000387,2024-01-08,weekday,Academic Block A,22-00,0.711,1465.68,False,False,1,0.48,1.48125,0,8,0,0
ELEC000388,2024-01-08,weekday,Academic Block B,06-08,0.802,4928.59,False,False,1,0.5726666666666667,1.40046565774156,1,0,0,0
ELEC000389,2024-01-08,weekday,Academic Block B,08-10,2.601,4931.19,False,False,1,1.9623333333333333,1.325462884321386,1,1,0,0
ELEC000390,2024-01-08,weekday,Academic Block B,10-12,3.476,4934.67,False,False,1,2.4376666666666664,1.4259537809380556,1,2,0,0
ELEC000391,2024-01-08,weekday,Academic Block B,12-14,3.255,4937.93,False,False,1,2.172333333333333,1.4983888292158971,1,3,0,0
ELEC000392,2024-01-08,weekday,Academic Block B,14-16,2.88,4940.81,False,False,1,3.3388795902950386,0.8625647981949268,1,4,0,0
ELEC000393,2024-01-08,weekday,Academic Block B,16-18,2.565,4943.38,False,False,1,1.8886666666666667,1.3581009530533004,1,5,0,0
ELEC000394,2024-01-08,weekday,Academic Block B,18-20,2.213,4945.59,False,False,1,1.6203333333333336,1.3657683604196664,1,6,0,0
ELEC000395,2024-01-08,weekday,Academic Block B,20-22,2.019,4947.61,False,False,1,1.359,1.4856512141280354,1,7,0,0
ELEC000396,2024-01-08,weekday,Academic Block B,22-00,0.687,4948.3,False,False,1,0.53,1.2962264150943397,1,8,0,0
ELEC000397,2024-01-08,weekday,Hostel Block 1,06-08,0.513,3517.22,False,False,1,0.3663333333333333,1.4003639672429482,2,0,0,0
ELEC000398,2024-01-08,weekday,Hostel Block 1,08-10,1.259,3518.48,False,False,1,0.9106666666666668,1.382503660322108,2,1,0,0
ELEC000399,2024-01-08,weekday,Hostel Block 1,10-12,1.607,3520.09,False,False,1,1.1773333333333331,1.3649490373725934,2,2,0,0
ELEC000400,2024-01-08,weekday,Hostel Block 1,12-14,1.343,3521.43,False,False,1,0.9706666666666668,1.3835851648351647,2,3,0,0
ELEC000401,2024-01-08,weekday,Hostel Block 1,14-16,1.624,3523.05,False,False,1,1.18,1.376271186440678,2,4,0,0
ELEC000402,2024-01-08,weekday,Hostel Block 1,16-18,1.195,3524.25,False,False,1,1.2099842337138005,0.9876161744126124,2,5,0,0
ELEC000403,2024-01-08,weekday,Hostel Block 1,18-20,1.345,3525.59,False,False,1,0.8393333333333333,1.602462271644162,2,6,0,0
ELEC000404,2024-01-08,weekday,Hostel Block 1,20-22,0.923,3526.51,False,False,1,0.6366666666666667,1.449738219895288,2,7,0,0
ELEC000405,2024-01-08,weekday,Hostel Block 1,22-00,0.439,3526.95,False,False,1,0.2886666666666667,1.520785219399538,2,8,0,0
ELEC000406,2024-01-08,weekday,Hostel Block 2,06-08,0.539,3267.61,False,False,1,0.3633333333333333,1.4834862385321104,3,0,0,0
ELEC000407,2024-01-08,weekday,Hostel Block 2,08-10,1.363,3268.97,False,False,1,0.9973333333333332,1.366644385026738,3,1,0,0
ELEC000408,2024-01-08,weekday,Hostel Block 2,10-12,1.976,3270.95,False,False,1,1.3179999999999998,1.4992412746585737,3,2,0,0
ELEC000409,2024-01-08,weekday,Hostel Block 2,12-14,1.458,3272.41,False,False,1,0.9796666666666668,1.4882613133718952,3,3,0,0
ELEC000410,2024-01-08,weekday,Hostel Block 2,14-16,1.368,3273.78,False,False,1,1.05,1.302857142857143,3,4,0,0
ELEC000411,2024-01-08,weekday,Hostel Block 2,16-18,1.419,3275.2,False,False,1,0.996,1.4246987951807228,3,5,0,0
ELEC000412,2024-01-08,weekday,Hostel Block 2,18-20,1.314,3276.51,False,False,1,0.8886666666666668,1.4786196549137285,3,6,0,0
ELEC000413,2024-01-08,weekday,Hostel Block 2,20-22,0.83,3277.34,False,False,1,0.6333333333333333,1.3105263157894738,3,7,0,0
ELEC000414,2024-01-08,weekday,Hostel Block 2,22-00,0.436,3277.78,False,False,1,0.2936666666666667,1.484676503972758,3,8,0,0
ELEC000415,2024-01-08,weekday,Library,06-08,0.549,1534.18,False,False,1,0.3763333333333333,1.45881310894597,5,0,0,0
ELEC000416,2024-01-08,weekday,Library,08-10,1.552,1535.73,False,False,1,1.207,1.2858326429163214,5,1,0,0
ELEC000417,2024-01-08,weekday,Library,10-12,2.012,1537.74,False,False,1,1.4563333333333333,1.381551842526894,5,2,0,0
ELEC000418,2024-01-08,weekday,Library,12-14,1.842,1539.58,False,False,1,1.278,1.4413145539906105,5,3,0,0
ELEC000419,2024-01-08,weekday,Library,14-16,2.229,1541.81,False,False,1,1.5463333333333331,1.44147445570166,5,4,0,0
ELEC000420,2024-01-08,weekday,Library,16-18,1.598,1543.41,False,False,1,1.1793333333333331,1.3550028264556246,5,5,0,0
ELEC000421,2024-01-08,weekday,Library,18-20,1.498,1544.91,False,False,1,1.0586666666666666,1.4149874055415617,5,6,0,0
ELEC000422,2024-01-08,weekday,Library,20-22,1.36,1546.27,False,False,1,0.8873333333333333,1.5326821938392188,5,7,0,0
ELEC000423,2024-01-08,weekday,Library,22-00,0.52,2008.86,False,False,1,0.358,1.4525139664804467,5,8,0,0
ELEC000424,2024-01-08,weekday,Labs Complex,06-08,0.648,4317.77,False,False,1,0.4233333333333333,1.5307086614173229,4,0,0,0
ELEC000425,2024-01-08,weekday,Labs Complex,08-10,1.869,4319.64,False,False,1,1.3666666666666665,1.3675609756097562,4,1,0,0
ELEC000426,2024-01-08,weekday,Labs Complex,10-12,2.363,4322.0,False,False,1,1.5889999999999995,1.487098804279421,4,2,0,0
ELEC000427,2024-01-08,weekday,Labs Complex,12-14,2.182,4324.18,False,False,1,1.4326666666666668,1.5230339692880408,4,3,0,0
ELEC000428,2024-01-08,weekday,Labs Complex,14-16,2.071,4326.25,False,False,1,1.4506666666666668,1.4276194852941178,4,4,0,0
ELEC000429,2024-01-08,weekday,Labs Complex,16-18,1.513,4327.76,False,False,1,1.1443333333333332,1.322167200699097,4,5,0,0
ELEC000430,2024-01-08,weekday,Labs Complex,18-20,1.382,4329.14,False,False,1,0.9483333333333333,1.457293497363796,4,6,0,0
ELEC000431,2024-01-08,weekday,Labs Complex,20-22,1.265,4330.41,False,False,1,0.8753333333333333,1.4451637471439451,4,7,0,0
ELEC000432,2024-01-08,weekday,Labs Complex,22-00,0.496,4330.91,False,False,1,0.3426666666666667,1.4474708171206223,4,8,0,0
ELEC000433,2024-01-09,weekday,Academic Block A,06-08,0.799,1466.48,False,False,1,0.7323333333333334,1.0910332271279015,0,0,1,0
ELEC000434,2024-01-09,weekday,Academic Block A,08-10,2.722,1469.2,False,False,1,2.033333333333333,1.338688524590164,0,1,1,0
ELEC000435,2024-01-09,weekday,Academic Block A,10-12,3.078,1472.28,False,False,1,2.724333333333333,1.1298176924018106,0,2,1,0
ELEC000436,2024-01-09,weekday,Academic Block A,12-14,2.495,1474.77,False,False,1,2.191333333333333,1.1385762093094007,0,3,1,0
ELEC000437,2024-01-09,weekday,Academic Block A,14-16,3.006,1477.78,False,False,1,2.805960311892361,1.0712909898475114,0,4,1,0
ELEC000438,2024-01-09,weekday,Academic Block A,16-18,2.908,1480.69,False,False,1,2.186,1.3302836230558095,0,5,1,0
ELEC000439,2024-01-09,weekday,Academic Block A,18-20,2.179,1482.87,False,False,1,1.627,1.3392747387830362,0,6,1,0
ELEC000440,2024-01-09,weekday,Academic Block A,20-22,1.68,1484.55,False,False,1,1.377,1.2200435729847494,0,7,1,0
ELEC000441,2024-01-09,weekday,Academic Block A,22-00,0.848,1485.4,False,False,1,0.6053333333333333,1.4008810572687225,0,8,1,0
ELEC000442,2024-01-09,weekday,Academic Block B,06-08,0.961,4949.26,False,False,1,0.7046666666666667,1.3637653736991484,1,0,1,0
ELEC000443,2024-01-09,weekday,Academic Block B,08-10,2.806,4952.07,False,False,1,2.186666666666667,1.283231707317073,1,1,1,0
ELEC000444,2024-01-09,weekday,Academic Block B,10-12,10.482201786566463,4962.55,False,True,1,5.132067262188821,2.042491115382579,1,2,1,1
ELEC000445,2024-01-09,weekday,Academic Block B,12-14,3.057,4965.61,False,False,1,2.498,1.223779023218575,1,3,1,0
ELEC000446,2024-01-09,weekday,Academic Block B,14-16,2.66,4968.27,False,False,1,3.5918795902950387,0.740559345916578,1,4,1,0
ELEC000447,2024-01-09,weekday,Academic Block B,16-18,2.316,4970.59,False,False,1,2.003,1.1562656015976034,1,5,1,0
ELEC000448,2024-01-09,weekday,Academic Block B,18-20,2.164,4972.75,False,False,1,1.774,1.2198421645997746,1,6,1,0
ELEC000449,2024-01-09,weekday,Academic Block B,20-22,1.938,4974.69,False,False,1,1.5863333333333334,1.2216852279890733,1,7,1,0
ELEC000450,2024-01-09,weekday,Academic Block B,22-00,0.658,4975.35,False,False,1,0.5579999999999999,1.1792114695340503,1,8,1,0
ELEC000451,2024-01-09,weekday,Hostel Block 1,06-08,0.495,3527.44,False,False,1,0.4086666666666667,1.2112561174551386,2,0,1,0
ELEC000452,2024-01-09,weekday,Hostel Block 1,08-10,1.466,3528.91,False,False,1,1.1136666666666668,1.3163723436096977,2,1,1,0
ELEC000453,2024-01-09,weekday,Hostel Block 1,10-12,1.752,3530.66,False,False,1,1.3263333333333334,1.3209349082684092,2,2,1,0
ELEC000454,2024-01-09,weekday,Hostel Block 1,12-14,4.947764589106205,3535.61,False,True,1,2.276921529702068,2.17300619479566,2,3,1,1
ELEC000455,2024-01-09,weekday,Hostel Block 1,14-16,1.817,3537.43,False,False,1,1.389,1.3081353491720662,2,4,1,0
ELEC000456,2024-01-09,weekday,Hostel Block 1,16-18,1.214,3538.64,False,False,1,1.344650900380467,0.9028365649824058,2,5,1,0
ELEC000457,2024-01-09,weekday,Hostel Block 1,18-20,1.041,3539.68,False,False,1,0.9436666666666668,1.1031437654539031,2,6,1,0
ELEC000458,2024-01-09,weekday,Hostel Block 1,20-22,1.055,3540.73,False,False,1,0.7916666666666666,1.3326315789473684,2,7,1,0
ELEC000459,2024-01-09,weekday,Hostel Block 1,22-00,0.38,3541.11,False,False,1,0.324,1.1728395061728394,2,8,1,0
ELEC000460,2024-01-09,weekday,Hostel Block 2,06-08,0.52,3278.3,False,False,1,0.4103333333333332,1.2672623883021936,3,0,1,0
ELEC000461,2024-01-09,weekday,Hostel Block 2,08-10,1.294,3279.59,False,False,1,1.0956666666666666,1.1810161241253423,3,1,1,0
ELEC000462,2024-01-09,weekday,Hostel Block 2,10-12,1.754,3281.34,False,False,1,1.468,1.194822888283379,3,2,1,0
ELEC000463,2024-01-09,weekday,Hostel Block 2,12-14,1.499,3282.84,False,False,1,1.1769999999999998,1.2735768903993203,3,3,1,0
ELEC000464,2024-01-09,weekday,Hostel Block 2,14-16,1.476,3284.32,False,False,1,1.142,1.2924693520140105,3,4,1,0
ELEC000465,2024-01-09,weekday,Hostel Block 2,16-18,1.258,3285.58,False,False,1,1.0726666666666669,1.1727781230577998,3,5,1,0
ELEC000466,2024-01-09,weekday,Hostel Block 2,18-20,1.065,3286.64,False,False,1,0.969,1.0990712074303406,3,6,1,0
ELEC000467,2024-01-09,weekday,Hostel Block 2,20-22,0.941,3287.58,False,False,1,0.725,1.2979310344827586,3,7,1,0
ELEC000468,2024-01-09,weekday,Hostel Block 2,22-00,0.411,3287.99,False,False,1,0.3286666666666666,1.2505070993914806,3,8,1,0
ELEC000469,2024-01-09,weekday,Library,06-08,0.551,1547.34,False,False,1,0.4363333333333334,1.2627960275019097,5,0,1,0
ELEC000470,2024-01-09,weekday,Library,08-10,1.973,1549.31,False,False,1,1.42,1.38943661971831,5,1,1,0
ELEC000471,2024-01-09,weekday,Library,10-12,1.914,1551.22,False,False,1,1.587,1.2060491493383745,5,2,1,0
ELEC000472,2024-01-09,weekday,Library,12-14,1.851,1553.07,False,False,1,1.4946666666666666,1.2384032114183765,5,3,1,0
ELEC000473,2024-01-09,weekday,Library,14-16,1.836,1554.91,False,False,1,1.648,1.114077669902913,5,4,1,0
ELEC000474,2024-01-09,weekday,Library,16-18,1.816,1556.73,False,False,1,1.337,1.3582647718773373,5,5,1,0
ELEC000475,2024-01-09,weekday,Library,18-20,1.367,1558.1,False,False,1,1.1753333333333331,1.1630743051616563,5,6,1,0
ELEC000476,2024-01-09,weekday,Library,20-22,1.303,1559.4,False,False,1,1.032,1.262596899224806,5,7,1,0
ELEC000477,2024-01-09,weekday,Library,22-00,0.433,1559.83,False,False,1,0.389,1.1131105398457584,5,8,1,0
ELEC000478,2024-01-09,weekday,Labs Complex,06-08,0.576,4331.49,False,False,1,0.485,1.1876288659793812,4,0,1,0
ELEC000479,2024-01-09,weekday,Labs Complex,08-10,1.586,4333.08,False,False,1,1.4183333333333332,1.1182138660399532,4,1,1,0
ELEC000480,2024-01-09,weekday,Labs Complex,10-12,1.979,4335.06,False,False,1,1.7383333333333333,1.1384467881112177,4,2,1,0
ELEC000481,2024-01-09,weekday,Labs Complex,12-14,2.102,4337.16,False,False,1,1.6873333333333331,1.2457526669300671,4,3,1,0
ELEC000482,2024-01-09,weekday,Labs Complex,14-16,1.783,4338.94,False,False,1,1.518,1.1745718050065876,4,4,1,0
ELEC000483,2024-01-09,weekday,Labs Complex,16-18,1.867,4340.81,False,False,1,1.352,1.3809171597633134,4,5,1,0
ELEC000484,2024-01-09,weekday,Labs Complex,18-20,1.662,4342.47,False,False,1,1.195,1.3907949790794978,4,6,1,0
ELEC000485,2024-01-09,weekday,Labs Complex,20-22,1.168,4343.64,False,False,1,0.987,1.18338399189463,4,7,1,0
ELEC000486,2024-01-09,weekday,Labs Complex,22-00,0.446,4344.09,False,False,1,0.3786666666666666,1.1778169014084507,4,8,1,0
ELEC000487,2024-01-10,weekday,Academic Block A,06-08,0.768,1486.17,False,False,1,0.8569999999999999,0.8961493582263712,0,0,2,0
ELEC000488,2024-01-10,weekday,Academic Block A,08-10,2.934,1489.1,False,False,1,2.6813333333333333,1.0942317255096967,0,1,2,0
ELEC000489,2024-01-10,weekday,Academic Block A,10-12,3.167,1492.27,False,False,1,3.2983333333333333,0.9601819100555836,0,2,2,0
ELEC000490,2024-01-10,weekday,Academic Block A,12-14,3.236,1495.51,False,False,1,2.8673333333333333,1.128574750058126,0,3,2,0
ELEC000491,2024-01-10,weekday,Academic Block A,14-16,2.791,1498.3,False,False,1,2.8683333333333336,0.9730389308541544,0,4,2,0
ELEC000492,2024-01-10,weekday,Academic Block A,16-18,2.575,1500.88,False,False,1,2.6813333333333333,0.9603431128791646,0,5,2,0
ELEC000493,2024-01-10,weekday,Academic Block A,18-20,2.473,1503.35,False,False,1,2.19,1.1292237442922377,0,6,2,0
ELEC000494,2024-01-10,weekday,Academic Block A,20-22,1.58,1504.93,False,False,1,1.6753333333333331,0.9430959013131716,0,7,2,0
ELEC000495,2024-01-10,weekday,Academic Block A,22-00,0.668,1505.6,False,False,1,0.7423333333333333,0.8998652896273014,0,8,2,0
ELEC000496,2024-01-10,weekday,Academic Block B,06-08,0.963,4976.31,False,False,1,0.9086666666666666,1.0597945707997063,1,0,2,0
ELEC000497,2024-01-10,weekday,Academic Block B,08-10,2.78,4979.09,False,False,1,2.729,1.018688164162697,1,1,2,0
ELEC000498,2024-01-10,weekday,Academic Block B,10-12,2.865,4981.95,False,False,1,5.607733928855488,0.5109015578035339,1,2,2,1
ELEC000499,2024-01-10,weekday,Academic Block B,12-14,2.898,4984.85,False,False,1,3.07,0.9439739413680782,1,3,2,0
ELEC000500,2024-01-10,weekday,Academic Block B,14-16,3.335,5630.25,False,False,1,2.958333333333333,1.1273239436619718,1,4,2,0
ELEC000501,2024-01-10,weekday,Academic Block B,16-18,2.229,4990.41,False,False,1,2.37,0.9405063291139242,1,5,2,0
ELEC000502,2024-01-10,weekday,Academic Block B,18-20,2.477,4992.89,False,False,1,2.284666666666667,1.0841844178581848,1,6,2,0
ELEC000503,2024-01-10,weekday,Academic Block B,20-22,1.607,4994.5,False,False,1,1.854666666666667,0.8664629762760604,1,7,2,0
ELEC000504,2024-01-10,weekday,Academic Block B,22-00,0.772,4995.27,False,False,1,0.7056666666666667,1.094000944733113,1,8,2,0
ELEC000505,2024-01-10,weekday,Hostel Block 1,06-08,0.434,3541.54,False,False,1,0.4806666666666666,0.9029126213592232,2,0,2,0
ELEC000506,2024-01-10,weekday,Hostel Block 1,08-10,1.46,3543.0,False,False,1,1.3949999999999998,1.0465949820788532,2,1,2,0
ELEC000507,2024-01-10,weekday,Hostel Block 1,10-12,1.514,3544.51,False,False,1,1.6243333333333334,0.9320746973117175,2,2,2,0
ELEC000508,2024-01-10,weekday,Hostel Block 1,12-14,1.432,3545.94,False,False,1,2.5742548630354016,0.556277476858478,2,3,2,0
ELEC000509,2024-01-10,weekday,Hostel Block 1,14-16,1.753,3547.69,False,False,1,1.7313333333333334,1.0125144397381594,2,4,2,0
ELEC000510,2024-01-10,weekday,Hostel Block 1,16-18,1.56,3549.25,False,False,1,1.323,1.179138321995465,2,5,2,0
ELEC000511,2024-01-10,weekday,Hostel Block 1,18-20,1.304,3550.55,False,False,1,1.2300000000000002,1.0601626016260162,2,6,2,0
ELEC000512,2024-01-10,weekday,Hostel Block 1,20-22,0.942,3551.49,False,False,1,0.9733333333333332,0.9678082191780822,2,7,2,0
ELEC000513,2024-01-10,weekday,Hostel Block 1,22-00,0.414,3551.9,False,False,1,0.411,1.0072992700729928,2,8,2,0
ELEC000514,2024-01-10,weekday,Hostel Block 2,06-08,0.479,3288.47,False,False,1,0.5126666666666667,0.9343302990897268,3,0,2,0
ELEC000515,2024-01-10,weekday,Hostel Block 2,08-10,1.32,3289.79,False,False,1,1.3256666666666668,0.9957254211717376,3,1,2,0
ELEC000516,2024-01-10,weekday,Hostel Block 2,10-12,1.677,3291.47,False,False,1,1.8023333333333331,0.9304605141483264,3,2,2,0
ELEC000517,2024-01-10,weekday,Hostel Block 2,12-14,1.661,3293.13,False,False,1,1.5393333333333334,1.0790385448245994,3,3,2,0
ELEC000518,2024-01-10,weekday,Hostel Block 2,14-16,1.649,3294.78,False,False,1,1.4976666666666667,1.1010460716670376,3,4,2,0
ELEC000519,2024-01-10,weekday,Hostel Block 2,16-18,1.285,3296.07,False,False,1,1.3206666666666669,0.9729934376577486,3,5,2,0
ELEC000520,2024-01-10,weekday,Hostel Block 2,18-20,1.339,3297.41,False,False,1,1.2393333333333334,1.0804195804195804,3,6,2,0
ELEC000521,2024-01-10,weekday,Hostel Block 2,20-22,1.089,3298.5,False,False,1,0.9533333333333333,1.1423076923076925,3,7,2,0
ELEC000522,2024-01-10,weekday,Hostel Block 2,22-00,0.382,3298.88,False,False,1,0.4096666666666666,0.93246541903987,3,8,2,0
ELEC000523,2024-01-10,weekday,Library,06-08,0.567,1560.4,False,False,1,0.5556666666666666,1.0203959208158369,5,0,2,0
ELEC000524,2024-01-10,weekday,Library,08-10,1.662,2008.86,False,False,1,1.729,0.9612492770387506,5,1,2,0
ELEC000525,2024-01-10,weekday,Library,10-12,2.481,1564.54,False,False,1,2.135666666666667,1.1616981426564694,5,2,2,0
ELEC000526,2024-01-10,weekday,Library,12-14,1.783,1566.32,False,False,1,1.8253333333333333,0.9768078889700512,5,3,2,0
ELEC000527,2024-01-10,weekday,Library,14-16,2.179,1568.5,False,False,1,2.0813333333333333,1.0469250480461243,5,4,2,0
ELEC000528,2024-01-10,weekday,Library,16-18,1.454,1569.95,False,False,1,1.6226666666666667,0.8960558751027116,5,5,2,0
ELEC000529,2024-01-10,weekday,Library,18-20,1.589,1571.54,False,False,1,1.4846666666666666,1.070273911091154,5,6,2,0
ELEC000530,2024-01-10,weekday,Library,20-22,1.088,1572.63,False,False,1,1.2503333333333335,0.8701679552119435,5,7,2,0
ELEC000531,2024-01-10,weekday,Library,22-00,0.541,1573.17,False,False,1,0.498,1.0863453815261046,5,8,2,0
ELEC000532,2024-01-10,weekday,Labs Complex,06-08,0.555,4344.65,False,False,1,0.593,0.9359190556492412,4,0,2,0
ELEC000533,2024-01-10,weekday,Labs Complex,08-10,1.709,4346.36,False,False,1,1.7213333333333336,0.9928350116189,4,1,2,0
ELEC000534,2024-01-10,weekday,Labs Complex,10-12,2.109,4348.47,False,False,1,2.1503333333333337,0.9807781739265228,4,2,2,0
ELEC000535,2024-01-10,weekday,Labs Complex,12-14,2.048,4350.52,False,False,1,2.1106666666666665,0.9703095388502844,4,3,2,0
ELEC000536,2024-01-10,weekday,Labs Complex,14-16,2.109,4352.63,False,False,1,1.9876666666666665,1.0610430991111857,4,4,2,0
ELEC000537,2024-01-10,weekday,Labs Complex,16-18,1.778,4354.41,False,False,1,1.7193333333333334,1.0341217526172934,4,5,2,0
ELEC000538,2024-01-10,weekday,Labs Complex,18-20,1.439,4355.85,False,False,1,1.4943333333333333,0.9629712246263664,4,6,2,0
ELEC000539,2024-01-10,weekday,Labs Complex,20-22,1.32,4357.17,False,False,1,1.251,1.05515587529976,4,7,2,0
ELEC000540,2024-01-10,weekday,Labs Complex,22-00,0.551,4357.72,False,False,1,0.4976666666666667,1.1071667782987271,4,8,2,0
ELEC000541,2024-01-11,weekday,Academic Block A,06-08,0.954,1506.55,False,False,1,0.8403333333333333,1.135263784212614,0,0,3,0
ELEC000542,2024-01-11,weekday,Academic Block A,08-10,2.98,1509.53,False,False,1,2.8786666666666663,1.0352014821676705,0,1,3,0
ELEC000543,2024-01-11,weekday,Academic Block A,10-12,3.056,1512.59,False,False,1,3.1003333333333334,0.98570046231588,0,2,3,0
ELEC000544,2024-01-11,weekday,Academic Block A,12-14,2.65,1515.24,False,False,1,2.7936666666666667,0.94857415582866,0,3,3,0
ELEC000545,2024-01-11,weekday,Academic Block A,14-16,2.863,1518.1,False,False,1,2.8866666666666667,0.9918013856812932,0,4,3,0
ELEC000546,2024-01-11,weekday,Academic Block A,16-18,2.228,1520.33,False,False,1,2.5703333333333336,0.8668136428478797,0,5,3,0
ELEC000547,2024-01-11,weekday,Academic Block A,18-20,2.274,1522.6,False,False,1,2.308666666666667,0.9849841178169216,0,6,3,0
ELEC000548,2024-01-11,weekday,Academic Block A,20-22,1.746,1524.35,False,False,1,1.6686666666666667,1.0463443867359168,0,7,3,0
ELEC000549,2024-01-11,weekday,Academic Block A,22-00,2.7582583331477832,1527.11,False,True,1,1.4247527777159277,1.935955750561614,0,8,3,1
ELEC000550,2024-01-11,weekday,Academic Block B,06-08,0.928,4996.2,False,False,1,0.9506666666666668,0.9761570827489482,1,0,3,0
ELEC000551,2024-01-11,weekday,Academic Block B,08-10,3.084,4999.28,False,False,1,2.89,1.0671280276816608,1,1,3,0
ELEC000552,2024-01-11,weekday,Academic Block B,10-12,3.788,5003.07,False,False,1,5.711733928855487,0.6631961585015631,1,2,3,1
ELEC000553,2024-01-11,weekday,Academic Block B,12-14,3.128,5006.2,False,False,1,3.0276666666666667,1.0331388307827811,1,3,3,0
ELEC000554,2024-01-11,weekday,Academic Block B,14-16,2.652,5008.85,False,False,1,2.8823333333333334,0.9200878917543656,1,4,3,0
ELEC000555,2024-01-11,weekday,Academic Block B,16-18,2.729,5011.58,False,False,1,2.424666666666667,1.1255155347814132,1,5,3,0
ELEC000556,2024-01-11,weekday,Academic Block B,18-20,2.408,5013.99,False,False,1,2.3496666666666663,1.0248262164846078,1,6,3,0
ELEC000557,2024-01-11,weekday,Academic Block B,20-22,1.857,5630.25,False,False,1,1.8006666666666666,1.031284709366901,1,7,3,0
ELEC000558,2024-01-11,weekday,Academic Block B,22-00,0.759,5016.61,False,False,1,0.7296666666666667,1.0402010050251256,1,8,3,0
ELEC000559,2024-01-11,weekday,Hostel Block 1,06-08,0.427,3552.33,False,False,1,0.4519999999999999,0.9446902654867256,2,0,3,0
ELEC000560,2024-01-11,weekday,Hostel Block 1,08-10,1.287,3553.62,False,False,1,1.4043333333333334,0.9164490861618798,2,1,3,0
ELEC000561,2024-01-11,weekday,Hostel Block 1,10-12,1.704,3555.32,False,False,1,1.6566666666666665,1.0285714285714287,2,2,3,0
ELEC000562,2024-01-11,weekday,Hostel Block 1,12-14,1.345,3556.66,False,False,1,2.574921529702068,0.5223460150087073,2,3,3,0
ELEC000563,2024-01-11,weekday,Hostel Block 1,14-16,1.824,3558.48,False,False,1,1.798,1.014460511679644,2,4,3,0
ELEC000564,2024-01-11,weekday,Hostel Block 1,16-18,1.203,3559.68,False,False,1,1.3256666666666668,0.907467940658788,2,5,3,0
ELEC000565,2024-01-11,weekday,Hostel Block 1,18-20,1.215,3560.89,False,False,1,1.1866666666666668,1.023876404494382,2,6,3,0
ELEC000566,2024-01-11,weekday,Hostel Block 1,20-22,0.837,3561.73,False,False,1,0.9446666666666664,0.8860268172194778,2,7,3,0
ELEC000567,2024-01-11,weekday,Hostel Block 1,22-00,0.458,3562.19,False,False,1,0.4173333333333333,1.097444089456869,2,8,3,0
ELEC000568,2024-01-11,weekday,Hostel Block 2,06-08,0.468,3299.35,False,False,1,0.4889999999999999,0.9570552147239264,3,0,3,0
ELEC000569,2024-01-11,weekday,Hostel Block 2,08-10,1.46,3300.81,False,False,1,1.358,1.0751104565537557,3,1,3,0
ELEC000570,2024-01-11,weekday,Hostel Block 2,10-12,1.947,3302.76,False,False,1,1.7926666666666666,1.0860914838229825,3,2,3,0
ELEC000571,2024-01-11,weekday,Hostel Block 2,12-14,1.664,3304.42,False,False,1,1.608,1.034825870646766,3,3,3,0
ELEC000572,2024-01-11,weekday,Hostel Block 2,14-16,1.365,3305.78,False,False,1,1.4966666666666668,0.9120267260579064,3,4,3,0
ELEC000573,2024-01-11,weekday,Hostel Block 2,16-18,1.38,3307.16,False,False,1,1.3076666666666668,1.0553148100943155,3,5,3,0
ELEC000574,2024-01-11,weekday,Hostel Block 2,18-20,1.037,3308.2,False,False,1,1.147,0.9040976460331298,3,6,3,0
ELEC000575,2024-01-11,weekday,Hostel Block 2,20-22,0.895,3309.09,False,False,1,0.975,0.917948717948718,3,7,3,0
ELEC000576,2024-01-11,weekday,Hostel Block 2,22-00,0.381,3309.47,False,False,1,0.3913333333333333,0.9735945485519591,3,8,3,0
ELEC000577,2024-01-11,weekday,Library,06-08,0.689,1573.86,False,False,1,0.6023333333333333,1.143884892086331,5,0,3,0
ELEC000578,2024-01-11,weekday,Library,08-10,1.834,1575.69,False,False,1,1.823,1.0060340098738343,5,1,3,0
ELEC000579,2024-01-11,weekday,Library,10-12,2.356,1578.05,False,False,1,2.2503333333333333,1.046956006517553,5,2,3,0
ELEC000580,2024-01-11,weekday,Library,12-14,1.684,2008.86,False,False,1,1.7726666666666666,0.9499811959383226,5,3,3,0
ELEC000581,2024-01-11,weekday,Library,14-16,2.198,1581.93,False,False,1,2.071,1.0613230323515208,5,4,3,0
ELEC000582,2024-01-11,weekday,Library,16-18,1.839,1583.77,False,False,1,1.703,1.0798590722254844,5,5,3,0
ELEC000583,2024-01-11,weekday,Library,18-20,1.385,1585.15,False,False,1,1.4469999999999998,0.9571527297857636,5,6,3,0
ELEC000584,2024-01-11,weekday,Library,20-22,1.354,2008.86,False,False,1,1.2483333333333333,1.0846461949265689,5,7,3,0
ELEC000585,2024-01-11,weekday,Library,22-00,0.522,1587.03,False,False,1,0.4986666666666666,1.0467914438502677,5,8,3,0
ELEC000586,2024-01-11,weekday,Labs Complex,06-08,0.625,4358.35,False,False,1,0.5853333333333334,1.067767653758542,4,0,3,0
ELEC000587,2024-01-11,weekday,Labs Complex,08-10,1.704,4360.05,False,False,1,1.6663333333333334,1.0226045209041807,4,1,3,0
ELEC000588,2024-01-11,weekday,Labs Complex,10-12,2.507,4362.56,False,False,1,2.1983333333333337,1.14040940106141,4,2,3,0
ELEC000589,2024-01-11,weekday,Labs Complex,12-14,2.091,4364.65,False,False,1,2.0803333333333334,1.0051273834321424,4,3,3,0
ELEC000590,2024-01-11,weekday,Labs Complex,14-16,1.78,4366.43,False,False,1,1.8906666666666665,0.9414668547249648,4,4,3,0
ELEC000591,2024-01-11,weekday,Labs Complex,16-18,1.928,4368.36,False,False,1,1.8576666666666668,1.03786111609546,4,5,3,0
ELEC000592,2024-01-11,weekday,Labs Complex,18-20,1.668,4370.03,False,False,1,1.5896666666666668,1.0492765778989304,4,6,3,0
ELEC000593,2024-01-11,weekday,Labs Complex,20-22,1.096,4371.13,False,False,1,1.1946666666666668,0.9174107142857144,4,7,3,0
ELEC000594,2024-01-11,weekday,Labs Complex,22-00,0.572,4371.7,False,False,1,0.523,1.0936902485659654,4,8,3,0
ELEC000595,2024-01-12,weekday,Academic Block A,06-08,0.842,1527.95,False,False,1,0.8546666666666667,0.985179407176287,0,0,4,0
ELEC000596,2024-01-12,weekday,Academic Block A,08-10,3.071,1531.02,False,False,1,2.995,1.025375626043406,0,1,4,0
ELEC000597,2024-01-12,weekday,Academic Block A,10-12,3.097,1534.12,False,False,1,3.106666666666667,0.9968884120171672,0,2,4,0
ELEC000598,2024-01-12,weekday,Academic Block A,12-14,2.49,1536.61,False,False,1,2.792,0.8918338108882523,0,3,4,0
ELEC000599,2024-01-12,weekday,Academic Block A,14-16,2.58,1539.19,False,False,1,2.744666666666667,0.9400048579062424,0,4,4,0
ELEC000600,2024-01-12,weekday,Academic Block A,16-18,2.74,1541.93,False,False,1,2.514333333333333,1.0897520880286358,0,5,4,0
ELEC000601,2024-01-12,weekday,Academic Block A,18-20,1.945,1543.88,False,False,1,2.2306666666666666,0.8719366407650927,0,6,4,0
ELEC000602,2024-01-12,weekday,Academic Block A,20-22,1.701,1545.58,False,False,1,1.6756666666666666,1.0151183608514025,0,7,4,0
ELEC000603,2024-01-12,weekday,Academic Block A,22-00,0.761,1546.34,False,False,1,1.3957527777159278,0.5452254956249017,0,8,4,0
ELEC000604,2024-01-12,weekday,Academic Block B,06-08,0.978,5017.59,False,False,1,0.9563333333333334,1.0226559776925757,1,0,4,0
ELEC000605,2024-01-12,weekday,Academic Block B,08-10,2.918,5020.51,False,False,1,2.9273333333333333,0.9968116602140744,1,1,4,0
ELEC000606,2024-01-12,weekday,Academic Block B,10-12,3.345,5023.86,False,False,1,3.332666666666667,1.0037007401480296,1,2,4,0
ELEC000607,2024-01-12,weekday,Academic Block B,12-14,2.542,5026.4,False,False,1,2.856,0.8900560224089635,1,3,4,0
ELEC000608,2024-01-12,weekday,Academic Block B,14-16,3.357,5029.76,False,False,1,3.114666666666667,1.0778039383561644,1,4,4,0
ELEC000609,2024-01-12,weekday,Academic Block B,16-18,2.281,5032.04,False,False,1,2.413,0.945296311645255,1,5,4,0
ELEC000610,2024-01-12,weekday,Academic Block B,18-20,2.157,5034.2,False,False,1,2.3473333333333333,0.918915080942914,1,6,4,0
ELEC000611,2024-01-12,weekday,Academic Block B,20-22,1.801,5036.0,False,False,1,1.755,1.026210826210826,1,7,4,0
ELEC000612,2024-01-12,weekday,Academic Block B,22-00,0.685,5036.69,False,False,1,0.7386666666666667,0.927346570397112,1,8,4,0
ELEC000613,2024-01-12,weekday,Hostel Block 1,06-08,0.43,3562.62,False,False,1,0.4303333333333333,0.9992254066615028,2,0,4,0
ELEC000614,2024-01-12,weekday,Hostel Block 1,08-10,1.434,3564.05,False,False,1,1.3936666666666664,1.0289404448696486,2,1,4,0
ELEC000615,2024-01-12,weekday,Hostel Block 1,10-12,1.563,3565.61,False,False,1,1.5936666666666666,0.9807571637732692,2,2,4,0
ELEC000616,2024-01-12,weekday,Hostel Block 1,12-14,1.459,3567.07,False,False,1,1.412,1.03328611898017,2,3,4,0
ELEC000617,2024-01-12,weekday,Hostel Block 1,14-16,1.489,3899.35,False,False,1,1.6886666666666663,0.8817607579944731,2,4,4,0
ELEC000618,2024-01-12,weekday,Hostel Block 1,16-18,1.485,3570.04,False,False,1,1.416,1.048728813559322,2,5,4,0
ELEC000619,2024-01-12,weekday,Hostel Block 1,18-20,1.243,3571.28,False,False,1,1.2540000000000002,0.9912280701754383,2,6,4,0
ELEC000620,2024-01-12,weekday,Hostel Block 1,20-22,1.1,3572.38,False,False,1,0.9596666666666668,1.146231330323029,2,7,4,0
ELEC000621,2024-01-12,weekday,Hostel Block 1,22-00,0.387,3572.77,False,False,1,0.4196666666666666,0.9221604447974584,2,8,4,0
ELEC000622,2024-01-12,weekday,Hostel Block 2,06-08,0.414,3309.88,False,False,1,0.4536666666666666,0.9125642909625276,3,0,4,0
ELEC000623,2024-01-12,weekday,Hostel Block 2,08-10,1.469,3311.35,False,False,1,1.4163333333333334,1.0371852200517768,3,1,4,0
ELEC000624,2024-01-12,weekday,Hostel Block 2,10-12,1.92,3313.27,False,False,1,1.848,1.038961038961039,3,2,4,0
ELEC000625,2024-01-12,weekday,Hostel Block 2,12-14,1.693,3314.96,False,False,1,1.6726666666666663,1.0121562375448387,3,3,4,0
ELEC000626,2024-01-12,weekday,Hostel Block 2,14-16,1.829,3316.79,False,False,1,1.6143333333333334,1.132975428453438,3,4,4,0
ELEC000627,2024-01-12,weekday,Hostel Block 2,16-18,1.379,3318.17,False,False,1,1.348,1.0229970326409497,3,5,4,0
ELEC000628,2024-01-12,weekday,Hostel Block 2,18-20,1.288,3319.46,False,False,1,1.2213333333333334,1.054585152838428,3,6,4,0
ELEC000629,2024-01-12,weekday,Hostel Block 2,20-22,0.899,3320.36,False,False,1,0.961,0.935483870967742,3,7,4,0
ELEC000630,2024-01-12,weekday,Hostel Block 2,22-00,0.397,3320.76,False,False,1,0.3866666666666666,1.0267241379310346,3,8,4,0
ELEC000631,2024-01-12,weekday,Library,06-08,0.635,1587.66,False,False,1,0.6303333333333333,1.0074034902168163,5,0,4,0
ELEC000632,2024-01-12,weekday,Library,08-10,1.756,1589.42,False,False,1,1.7506666666666668,1.003046458492003,5,1,4,0
ELEC000633,2024-01-12,weekday,Library,10-12,2.185,1591.61,False,False,1,2.340666666666667,0.9334947308459128,5,2,4,0
ELEC000634,2024-01-12,weekday,Library,12-14,1.62,1593.23,False,False,1,1.6956666666666669,0.9553764497739335,5,3,4,0
ELEC000635,2024-01-12,weekday,Library,14-16,2.022,1595.25,False,False,1,2.133,0.9479606188466948,5,4,4,0
ELEC000636,2024-01-12,weekday,Library,16-18,1.784,1597.03,False,False,1,1.6923333333333332,1.054165845972031,5,5,4,0
ELEC000637,2024-01-12,weekday,Library,18-20,1.62,1598.65,False,False,1,1.5313333333333332,1.0579016107966914,5,6,4,0
ELEC000638,2024-01-12,weekday,Library,20-22,1.201,1599.85,False,False,1,1.2143333333333337,0.9890200384298654,5,7,4,0
ELEC000639,2024-01-12,weekday,Library,22-00,0.532,1600.38,False,False,1,0.5316666666666666,1.000626959247649,5,8,4,0
ELEC000640,2024-01-12,weekday,Labs Complex,06-08,0.598,4372.3,False,False,1,0.5926666666666667,1.0089988751406074,4,0,4,0
ELEC000641,2024-01-12,weekday,Labs Complex,08-10,1.622,4373.92,False,False,1,1.6783333333333337,0.9664349553128104,4,1,4,0
ELEC000642,2024-01-12,weekday,Labs Complex,10-12,2.257,4376.18,False,False,1,2.291,0.98515931907464,4,2,4,0
ELEC000643,2024-01-12,weekday,Labs Complex,12-14,1.725,4377.91,False,False,1,1.9546666666666663,0.8825034106412006,4,3,4,0
ELEC000644,2024-01-12,weekday,Labs Complex,14-16,2.086,4380.0,False,False,1,1.9916666666666665,1.0473640167364018,4,4,4,0
ELEC000645,2024-01-12,weekday,Labs Complex,16-18,1.469,4381.47,False,False,1,1.7250000000000003,0.8515942028985506,4,5,4,0
ELEC000646,2024-01-12,weekday,Labs Complex,18-20,1.658,4383.13,False,False,1,1.5883333333333336,1.043861490031479,4,6,4,0
ELEC000647,2024-01-12,weekday,Labs Complex,20-22,1.237,4384.37,False,False,1,1.217666666666667,1.0158773610730905,4,7,4,0
ELEC000648,2024-01-12,weekday,Labs Complex,22-00,0.564,4384.93,False,False,1,0.5623333333333334,1.0029638411381148,4,8,4,0
ELEC000649,2024-01-13,saturday,Academic Block A,06-08,0.546,1546.89,False,False,1,0.7806666666666665,0.6994022203245092,0,0,5,0
ELEC000650,2024-01-13,saturday,Academic Block A,08-10,1.794,1548.68,False,False,1,2.615,0.6860420650095603,0,1,5,0
ELEC000651,2024-01-13,saturday,Academic Block A,10-12,2.54,1551.22,False,False,1,2.8976666666666677,0.8765673530426779,0,2,5,0
ELEC000652,2024-01-13,saturday,Academic Block A,12-14,2.166,1553.39,False,False,1,2.435333333333333,0.8894059676977828,0,3,5,0
ELEC000653,2024-01-13,saturday,Academic Block A,14-16,1.964,1555.35,False,False,1,2.469,0.7954637505062778,0,4,5,0
ELEC000654,2024-01-13,saturday,Academic Block A,16-18,1.783,1557.13,False,False,1,2.2503333333333333,0.7923270626573841,0,5,5,0
ELEC000655,2024-01-13,saturday,Academic Block A,18-20,1.478,1558.61,False,False,1,1.899,0.7783043707214324,0,6,5,0
ELEC000656,2024-01-13,saturday,Academic Block A,20-22,1.255,1559.87,False,False,1,1.5673333333333332,0.8007230965546576,0,7,5,0
ELEC000657,2024-01-13,saturday,Academic Block A,22-00,0.548,1560.42,False,False,1,1.3557527777159275,0.4042034868062229,0,8,5,0
ELEC000658,2024-01-13,saturday,Academic Block B,06-08,0.72,5037.41,False,False,1,0.8753333333333333,0.8225437928408226,1,0,5,0
ELEC000659,2024-01-13,saturday,Academic Block B,08-10,1.985,5039.39,False,False,1,2.662333333333333,0.7455865781895581,1,1,5,0
ELEC000660,2024-01-13,saturday,Academic Block B,10-12,2.234,5041.62,False,False,1,3.1223333333333336,0.7154905519376534,1,2,5,0
ELEC000661,2024-01-13,saturday,Academic Block B,12-14,1.967,5043.59,False,False,1,2.545666666666667,0.7726856095325388,1,3,5,0
ELEC000662,2024-01-13,saturday,Academic Block B,14-16,2.052,5045.64,False,False,1,2.687,0.763676963155936,1,4,5,0
ELEC000663,2024-01-13,saturday,Academic Block B,16-18,1.546,5047.19,False,False,1,2.1853333333333333,0.7074435631482612,1,5,5,0
ELEC000664,2024-01-13,saturday,Academic Block B,18-20,1.633,5048.82,False,False,1,2.066,0.7904162633107454,1,6,5,0
ELEC000665,2024-01-13,saturday,Academic Block B,20-22,1.448,5050.27,False,False,1,1.702,0.8507638072855465,1,7,5,0
ELEC000666,2024-01-13,saturday,Academic Block B,22-00,0.524,5050.79,False,False,1,0.656,0.7987804878048781,1,8,5,0
ELEC000667,2024-01-13,saturday,Hostel Block 1,06-08,0.297,3573.07,False,False,1,0.3846666666666666,0.7720970537261699,2,0,5,0
ELEC000668,2024-01-13,saturday,Hostel Block 1,08-10,0.997,3574.07,False,False,1,1.2393333333333332,0.8044647660032277,2,1,5,0
ELEC000669,2024-01-13,saturday,Hostel Block 1,10-12,1.415,3575.49,False,False,1,1.5606666666666664,0.9066638188808204,2,2,5,0
ELEC000670,2024-01-13,saturday,Hostel Block 1,12-14,1.131,3576.62,False,False,1,1.3116666666666668,0.862261753494282,2,3,5,0
ELEC000671,2024-01-13,saturday,Hostel Block 1,14-16,1.106,3577.73,False,False,1,1.473,0.7508486082824168,2,4,5,0
ELEC000672,2024-01-13,saturday,Hostel Block 1,16-18,0.864,3578.59,False,False,1,1.184,0.7297297297297297,2,5,5,0
ELEC000673,2024-01-13,saturday,Hostel Block 1,18-20,0.748,3579.34,False,False,1,1.0686666666666669,0.6999376169681847,2,6,5,0
ELEC000674,2024-01-13,saturday,Hostel Block 1,20-22,0.716,3580.06,False,False,1,0.8843333333333333,0.8096494534489257,2,7,5,0
ELEC000675,2024-01-13,saturday,Hostel Block 1,22-00,0.305,3580.36,False,False,1,0.3833333333333333,0.7956521739130434,2,8,5,0
ELEC000676,2024-01-13,saturday,Hostel Block 2,06-08,0.298,3321.06,False,False,1,0.3933333333333333,0.7576271186440678,3,0,5,0
ELEC000677,2024-01-13,saturday,Hostel Block 2,08-10,0.927,3321.99,False,False,1,1.2853333333333332,0.7212136929460582,3,1,5,0
ELEC000678,2024-01-13,saturday,Hostel Block 2,10-12,1.259,3323.25,False,False,1,1.7086666666666666,0.7368318376902068,3,2,5,0
ELEC000679,2024-01-13,saturday,Hostel Block 2,12-14,1.096,3324.35,False,False,1,1.484333333333333,0.7383786211542782,3,3,5,0
ELEC000680,2024-01-13,saturday,Hostel Block 2,14-16,1.007,3325.36,False,False,1,1.4003333333333332,0.7191144965484408,3,4,5,0
ELEC000681,2024-01-13,saturday,Hostel Block 2,16-18,1.066,3326.43,False,False,1,1.275,0.8360784313725491,3,5,5,0
ELEC000682,2024-01-13,saturday,Hostel Block 2,18-20,2.8569985725719627,3329.29,False,True,1,1.7273328575239877,1.6539942259115437,3,6,5,0
ELEC000683,2024-01-13,saturday,Hostel Block 2,20-22,0.586,3329.88,False,False,1,0.7933333333333333,0.7386554621848739,3,7,5,0
ELEC000684,2024-01-13,saturday,Hostel Block 2,22-00,0.288,3330.17,False,False,1,0.3553333333333333,0.8105065666041276,3,8,5,0
ELEC000685,2024-01-13,saturday,Library,06-08,0.445,1600.83,False,False,1,0.5896666666666667,0.7546636517806671,5,0,5,0
ELEC000686,2024-01-13,saturday,Library,08-10,1.252,1602.08,False,False,1,1.614,0.7757125154894671,5,1,5,0
ELEC000687,2024-01-13,saturday,Library,10-12,1.53,1603.61,False,False,1,2.0236666666666667,0.7560533684730687,5,2,5,0
ELEC000688,2024-01-13,saturday,Library,12-14,1.502,1605.11,False,False,1,1.602,0.937578027465668,5,3,5,0
ELEC000689,2024-01-13,saturday,Library,14-16,1.582,1606.69,False,False,1,1.934,0.8179937952430197,5,4,5,0
ELEC000690,2024-01-13,saturday,Library,16-18,1.041,1607.73,False,False,1,1.5546666666666666,0.6695969125214408,5,5,5,0
ELEC000691,2024-01-13,saturday,Library,18-20,1.003,1608.73,False,False,1,1.336,0.7507485029940119,5,6,5,0
ELEC000692,2024-01-13,saturday,Library,20-22,0.808,1609.54,False,False,1,1.1210000000000002,0.7207850133809098,5,7,5,0
ELEC000693,2024-01-13,saturday,Library,22-00,0.38,1609.92,False,False,1,0.478,0.7949790794979079,5,8,5,0
ELEC000694,2024-01-13,saturday,Labs Complex,06-08,0.389,4385.32,False,False,1,0.5373333333333333,0.7239454094292804,4,0,5,0
ELEC000695,2024-01-13,saturday,Labs Complex,08-10,4.592137327324368,4389.91,False,True,1,2.639379109108123,1.739855146794772,4,1,5,1
ELEC000696,2024-01-13,saturday,Labs Complex,10-12,1.476,4391.39,False,False,1,2.08,0.7096153846153845,4,2,5,0
ELEC000697,2024-01-13,saturday,Labs Complex,12-14,1.457,4392.85,False,False,1,1.757666666666667,0.8289398824198747,4,3,5,0
ELEC000698,2024-01-13,saturday,Labs Complex,14-16,1.293,4394.14,False,False,1,1.719666666666667,0.7518899011436324,4,4,5,0
ELEC000699,2024-01-13,saturday,Labs Complex,16-18,1.219,4395.36,False,False,1,1.5386666666666668,0.7922443674176776,4,5,5,0
ELEC000700,2024-01-13,saturday,Labs Complex,18-20,1.015,4396.38,False,False,1,1.447,0.7014512785072563,4,6,5,0
ELEC000701,2024-01-13,saturday,Labs Complex,20-22,0.757,4397.14,False,False,1,1.03,0.7349514563106796,4,7,5,0
ELEC000702,2024-01-13,saturday,Labs Complex,22-00,0.397,4397.54,False,False,1,0.511,0.776908023483366,4,8,5,0
ELEC000703,2024-01-14,weekend,Academic Block A,06-08,0.315,1560.74,False,False,1,0.5676666666666667,0.5549031121550205,0,0,6,0
ELEC000704,2024-01-14,weekend,Academic Block A,08-10,1.049,1561.79,False,False,1,1.9713333333333327,0.5321271559012513,0,1,6,0
ELEC000705,2024-01-14,weekend,Academic Block A,10-12,1.393,1563.18,False,False,1,2.3433333333333333,0.594452347083926,0,2,6,0
ELEC000706,2024-01-14,weekend,Academic Block A,12-14,1.253,1564.43,False,False,1,1.969666666666667,0.6361482484345913,0,3,6,0
ELEC000707,2024-01-14,weekend,Academic Block A,14-16,1.183,1565.61,False,False,1,1.909,0.6196961760083813,0,4,6,0
ELEC000708,2024-01-14,weekend,Academic Block A,16-18,0.884,1566.49,False,False,1,1.8023333333333331,0.4904753097836138,0,5,6,0
ELEC000709,2024-01-14,weekend,Academic Block A,18-20,0.936,1567.43,False,False,1,1.453,0.6441844459738472,0,6,6,0
ELEC000710,2024-01-14,weekend,Academic Block A,20-22,0.777,1568.21,False,False,1,1.2443333333333333,0.6244307527457809,0,7,6,0
ELEC000711,2024-01-14,weekend,Academic Block A,22-00,0.313,1568.52,False,False,1,0.5406666666666667,0.5789149198520345,0,8,6,0
ELEC000712,2024-01-14,weekend,Academic Block B,06-08,0.366,5051.16,False,False,1,0.6880000000000001,0.5319767441860465,1,0,6,0
ELEC000713,2024-01-14,weekend,Academic Block B,08-10,1.051,5052.21,False,False,1,1.9846666666666668,0.529559959690964,1,1,6,0
ELEC000714,2024-01-14,weekend,Academic Block B,10-12,1.497,5053.71,False,False,1,2.3586666666666667,0.6346806105144149,1,2,6,0
ELEC000715,2024-01-14,weekend,Academic Block B,12-14,0.995,5054.7,False,False,1,1.834666666666667,0.5423328488372092,1,3,6,0
ELEC000716,2024-01-14,weekend,Academic Block B,14-16,1.183,5055.88,False,False,1,2.1973333333333334,0.5383798543689321,1,4,6,0
ELEC000717,2024-01-14,weekend,Academic Block B,16-18,1.028,5056.91,False,False,1,1.6183333333333334,0.635221421215242,1,5,6,0
ELEC000718,2024-01-14,weekend,Academic Block B,18-20,0.89,5057.8,False,False,1,1.5599999999999998,0.5705128205128206,1,6,6,0
ELEC000719,2024-01-14,weekend,Academic Block B,20-22,0.644,5058.44,False,False,1,1.2976666666666667,0.4962753660416131,1,7,6,0
ELEC000720,2024-01-14,weekend,Academic Block B,22-00,0.337,5058.78,False,False,1,0.5153333333333333,0.6539456662354464,1,8,6,0
ELEC000721,2024-01-14,weekend,Hostel Block 1,06-08,0.218,3580.58,False,False,1,0.315,0.692063492063492,2,0,6,0
ELEC000722,2024-01-14,weekend,Hostel Block 1,08-10,0.586,3581.17,False,False,1,1.0056666666666667,0.5826980444149817,2,1,6,0
ELEC000723,2024-01-14,weekend,Hostel Block 1,10-12,0.729,3581.9,False,False,1,1.2356666666666667,0.589964931211222,2,2,6,0
ELEC000724,2024-01-14,weekend,Hostel Block 1,12-14,0.644,3582.54,False,False,1,1.078,0.5974025974025974,2,3,6,0
ELEC000725,2024-01-14,weekend,Hostel Block 1,14-16,0.625,3583.16,False,False,1,1.0733333333333337,0.5822981366459626,2,4,6,0
ELEC000726,2024-01-14,weekend,Hostel Block 1,16-18,0.574,3583.73,False,False,1,0.9743333333333334,0.5891207663359561,2,5,6,0
ELEC000727,2024-01-14,weekend,Hostel Block 1,18-20,0.411,3584.14,False,False,1,0.8006666666666667,0.5133222314737718,2,6,6,0
ELEC000728,2024-01-14,weekend,Hostel Block 1,20-22,0.347,3584.49,False,False,1,0.7210000000000001,0.4812760055478501,2,7,6,0
ELEC000729,2024-01-14,weekend,Hostel Block 1,22-00,0.178,3584.67,False,False,1,0.29,0.6137931034482759,2,8,6,0
ELEC000730,2024-01-14,weekend,Hostel Block 2,06-08,0.209,3330.38,False,False,1,0.307,0.6807817589576547,3,0,6,0
ELEC000731,2024-01-14,weekend,Hostel Block 2,08-10,0.569,3330.95,False,False,1,0.9883333333333332,0.575716694772344,3,1,6,0
ELEC000732,2024-01-14,weekend,Hostel Block 2,10-12,0.75,3331.7,False,False,1,1.3096666666666663,0.5726648002036142,3,2,6,0
ELEC000733,2024-01-14,weekend,Hostel Block 2,12-14,0.524,3332.22,False,False,1,1.1043333333333334,0.474494415937217,3,3,6,0
ELEC000734,2024-01-14,weekend,Hostel Block 2,14-16,0.544,3332.76,False,False,1,1.1266666666666667,0.4828402366863905,3,4,6,0
ELEC000735,2024-01-14,weekend,Hostel Block 2,16-18,0.577,3333.34,False,False,1,1.0073333333333334,0.572799470549305,3,5,6,0
ELEC000736,2024-01-14,weekend,Hostel Block 2,18-20,0.441,3333.78,False,False,1,1.5286661908573211,0.2884867884418077,3,6,6,0
ELEC000737,2024-01-14,weekend,Hostel Block 2,20-22,0.331,3635.895,False,False,1,0.6053333333333334,0.5468061674008811,3,7,6,0
ELEC000738,2024-01-14,weekend,Hostel Block 2,22-00,0.144,3334.26,False,False,1,0.2763333333333334,0.5211097708082025,3,8,6,0
ELEC000739,2024-01-14,weekend,Library,06-08,0.243,1610.16,False,False,1,0.441,0.5510204081632653,5,0,6,1
ELEC000740,2024-01-14,weekend,Library,08-10,0.648,1610.81,False,False,1,1.2186666666666666,0.5317286652078775,5,1,6,0
ELEC000741,2024-01-14,weekend,Library,10-12,0.925,1611.73,False,False,1,1.5466666666666669,0.5980603448275862,5,2,6,0
ELEC000742,2024-01-14,weekend,Library,12-14,0.668,1612.4,False,False,1,1.2633333333333334,0.5287598944591029,5,3,6,0
ELEC000743,2024-01-14,weekend,Library,14-16,0.899,1613.3,False,False,1,1.501,0.5989340439706862,5,4,6,0
ELEC000744,2024-01-14,weekend,Library,16-18,0.601,1613.9,False,False,1,1.142,0.5262697022767076,5,5,6,0
ELEC000745,2024-01-14,weekend,Library,18-20,0.52,1614.42,False,False,1,1.0476666666666663,0.4963410754056634,5,6,6,0
ELEC000746,2024-01-14,weekend,Library,20-22,0.442,1614.86,False,False,1,0.8170000000000001,0.5410036719706242,5,7,6,0
ELEC000747,2024-01-14,weekend,Library,22-00,0.228,1615.09,False,False,1,0.38,0.6,5,8,6,0
ELEC000748,2024-01-14,weekend,Labs Complex,06-08,0.263,4397.8,False,False,1,0.4166666666666667,0.6312,4,0,6,0
ELEC000749,2024-01-14,weekend,Labs Complex,08-10,0.776,4398.58,False,False,1,2.330045775774789,0.3330406672984627,4,1,6,0
ELEC000750,2024-01-14,weekend,Labs Complex,10-12,0.785,4399.36,False,False,1,1.506,0.5212483399734396,4,2,6,0
ELEC000751,2024-01-14,weekend,Labs Complex,12-14,0.86,4400.22,False,False,1,1.3473333333333333,0.6382978723404256,4,3,6,0
ELEC000752,2024-01-14,weekend,Labs Complex,14-16,0.777,4401.0,False,False,1,1.3853333333333333,0.5608758421559192,4,4,6,0
ELEC000753,2024-01-14,weekend,Labs Complex,16-18,0.741,4401.74,False,False,1,1.143,0.6482939632545932,4,5,6,0
ELEC000754,2024-01-14,weekend,Labs Complex,18-20,0.579,4402.32,False,False,1,1.084,0.5341328413284133,4,6,6,0
ELEC000755,2024-01-14,weekend,Labs Complex,20-22,0.422,4402.74,False,False,1,0.8053333333333333,0.5240066225165563,4,7,6,0
ELEC000756,2024-01-14,weekend,Labs Complex,22-00,0.205,4402.94,False,False,1,0.3886666666666666,0.5274442538593481,4,8,6,0
ELEC000757,2024-01-15,weekday,Academic Block A,06-08,0.962,1569.48,False,False,1,0.6076666666666666,1.583104772353264,0,0,0,1
ELEC000758,2024-01-15,weekday,Academic Block A,08-10,2.445,1571.92,False,False,1,1.7626666666666664,1.387102874432678,0,1,0,0
ELEC000759,2024-01-15,weekday,Academic Block A,10-12,3.767,1575.69,False,False,1,2.566666666666667,1.4676623376623374,0,2,0,1
ELEC000760,2024-01-15,weekday,Academic Block A,12-14,2.673,1578.36,False,False,1,2.0306666666666664,1.3163164806303351,0,3,0,0
ELEC000761,2024-01-15,weekday,Academic Block A,14-16,2.685,1581.04,False,False,1,1.944,1.3811728395061729,0,4,0,0
ELEC000762,2024-01-15,weekday,Academic Block A,16-18,2.36,1583.4,False,False,1,1.6756666666666664,1.408394668788542,0,5,0,0
ELEC000763,2024-01-15,weekday,Academic Block A,18-20,2.096,1585.5,False,False,1,1.5033333333333332,1.3942350332594238,0,6,0,0
ELEC000764,2024-01-15,weekday,Academic Block A,20-22,1.693,1587.19,False,False,1,1.2416666666666667,1.363489932885906,0,7,0,0
ELEC000765,2024-01-15,weekday,Academic Block A,22-00,0.67,1587.86,False,False,1,0.5103333333333334,1.3128674069235793,0,8,0,0
ELEC000766,2024-01-15,weekday,Academic Block B,06-08,1.005,5059.78,False,False,1,0.697,1.441893830703013,1,0,0,0
ELEC000767,2024-01-15,weekday,Academic Block B,08-10,2.436,5062.22,False,False,1,1.824,1.3355263157894737,1,1,0,0
ELEC000768,2024-01-15,weekday,Academic Block B,10-12,3.124,5065.34,False,False,1,2.285,1.3671772428884026,1,2,0,0
ELEC000769,2024-01-15,weekday,Academic Block B,12-14,2.814,5068.15,False,False,1,1.9253333333333331,1.4615650969529086,1,3,0,0
ELEC000770,2024-01-15,weekday,Academic Block B,14-16,2.686,5070.84,False,False,1,1.973666666666667,1.360918763722344,1,4,0,0
ELEC000771,2024-01-15,weekday,Academic Block B,16-18,2.524,5073.36,False,False,1,1.6993333333333336,1.4852883483719104,1,5,0,0
ELEC000772,2024-01-15,weekday,Academic Block B,18-20,2.411,5075.77,False,False,1,1.6446666666666667,1.4659505472233485,1,6,0,0
ELEC000773,2024-01-15,weekday,Academic Block B,20-22,1.687,5077.46,False,False,1,1.2596666666666667,1.3392431860280498,1,7,0,0
ELEC000774,2024-01-15,weekday,Academic Block B,22-00,0.843,5078.3,False,False,1,0.568,1.484154929577465,1,8,0,0
ELEC000775,2024-01-15,weekday,Hostel Block 1,06-08,0.502,3585.17,False,False,1,0.3389999999999999,1.4808259587020651,2,0,0,0
ELEC000776,2024-01-15,weekday,Hostel Block 1,08-10,1.322,3586.49,False,False,1,0.9683333333333334,1.3652323580034424,2,1,0,0
ELEC000777,2024-01-15,weekday,Hostel Block 1,10-12,1.846,3588.34,False,False,1,1.3299999999999998,1.3879699248120303,2,2,0,0
ELEC000778,2024-01-15,weekday,Hostel Block 1,12-14,1.49,3589.83,False,False,1,1.0883333333333332,1.3690658499234305,2,3,0,0
ELEC000779,2024-01-15,weekday,Hostel Block 1,14-16,5.730604904171929,3595.56,False,True,1,2.4872016347239767,2.3040371251637173,2,4,0,1
ELEC000780,2024-01-15,weekday,Hostel Block 1,16-18,1.402,3596.96,False,False,1,0.9466666666666668,1.4809859154929577,2,5,0,0
ELEC000781,2024-01-15,weekday,Hostel Block 1,18-20,1.373,3598.33,False,False,1,0.844,1.6267772511848342,2,6,0,0
ELEC000782,2024-01-15,weekday,Hostel Block 1,20-22,0.956,3599.29,False,False,1,0.673,1.4205052005943537,2,7,0,0
ELEC000783,2024-01-15,weekday,Hostel Block 1,22-00,0.375,3599.66,False,False,1,0.286,1.3111888111888113,2,8,0,0
ELEC000784,2024-01-15,weekday,Hostel Block 2,06-08,0.504,3334.76,False,False,1,0.3369999999999999,1.4955489614243325,3,0,0,0
ELEC000785,2024-01-15,weekday,Hostel Block 2,08-10,1.287,3336.05,False,False,1,0.9276666666666666,1.3873517786561265,3,1,0,0
ELEC000786,2024-01-15,weekday,Hostel Block 2,10-12,1.527,3337.58,False,False,1,1.1786666666666663,1.2955316742081449,3,2,0,0
ELEC000787,2024-01-15,weekday,Hostel Block 2,12-14,1.516,3339.1,False,False,1,1.0453333333333334,1.450255102040816,3,3,0,0
ELEC000788,2024-01-15,weekday,Hostel Block 2,14-16,1.808,3340.91,False,False,1,1.1196666666666666,1.6147662994938972,3,4,0,0
ELEC000789,2024-01-15,weekday,Hostel Block 2,16-18,1.42,3342.33,False,False,1,1.021,1.3907933398628796,3,5,0,0
ELEC000790,2024-01-15,weekday,Hostel Block 2,18-20,1.068,3343.4,False,False,1,1.4553328575239874,0.7338527364915189,3,6,0,0
ELEC000791,2024-01-15,weekday,Hostel Block 2,20-22,0.925,3344.33,False,False,1,0.614,1.506514657980456,3,7,0,0
ELEC000792,2024-01-15,weekday,Hostel Block 2,22-00,0.454,3344.78,False,False,1,0.2953333333333333,1.5372460496613998,3,8,0,0
ELEC000793,2024-01-15,weekday,Library,06-08,0.574,1615.66,False,False,1,0.4206666666666667,1.3645007923930268,5,0,0,0
ELEC000794,2024-01-15,weekday,Library,08-10,1.869,1617.53,False,False,1,1.2563333333333333,1.4876625099495888,5,1,0,0
ELEC000795,2024-01-15,weekday,Library,10-12,2.496,1620.03,False,False,1,1.6503333333333334,1.5124217329832357,5,2,0,0
ELEC000796,2024-01-15,weekday,Library,12-14,1.845,1621.88,False,False,1,1.3383333333333332,1.3785803237858034,5,3,0,0
ELEC000797,2024-01-15,weekday,Library,14-16,1.842,1623.72,False,False,1,1.441,1.2782789729354616,5,4,0,0
ELEC000798,2024-01-15,weekday,Library,16-18,1.445,1625.16,False,False,1,1.029,1.404275996112731,5,5,0,0
ELEC000799,2024-01-15,weekday,Library,18-20,1.579,1626.74,False,False,1,1.034,1.5270793036750483,5,6,0,0
ELEC000800,2024-01-15,weekday,Library,20-22,1.197,2008.86,False,False,1,0.8156666666666667,1.4675112382509197,5,7,0,0
ELEC000801,2024-01-15,weekday,Library,22-00,0.527,1628.46,False,False,1,0.3783333333333333,1.3929515418502203,5,8,0,0
ELEC000802,2024-01-15,weekday,Labs Complex,06-08,0.671,4403.61,False,False,1,0.441,1.521541950113379,4,0,0,0
ELEC000803,2024-01-15,weekday,Labs Complex,08-10,1.821,4405.43,False,False,1,2.3963791091081226,0.7598964592366749,4,1,0,0
ELEC000804,2024-01-15,weekday,Labs Complex,10-12,1.952,4407.38,False,False,1,1.4043333333333334,1.3899833847614524,4,2,0,0
ELEC000805,2024-01-15,weekday,Labs Complex,12-14,2.052,4798.735,False,False,1,1.4563333333333333,1.4090180819409477,4,3,0,0
ELEC000806,2024-01-15,weekday,Labs Complex,14-16,2.137,4411.57,False,False,1,1.4023333333333337,1.523888756833848,4,4,0,0
ELEC000807,2024-01-15,weekday,Labs Complex,16-18,1.676,4413.25,False,False,1,1.212,1.3828382838283828,4,5,0,0
ELEC000808,2024-01-15,weekday,Labs Complex,18-20,1.674,4414.92,False,False,1,1.0893333333333333,1.53671970624235,4,6,0,0
ELEC000809,2024-01-15,weekday,Labs Complex,20-22,1.027,4415.95,False,False,1,0.7353333333333333,1.3966455122393473,4,7,0,0
ELEC000810,2024-01-15,weekday,Labs Complex,22-00,0.542,4416.49,False,False,1,0.3813333333333333,1.4213286713286712,4,8,0,0
ELEC000811,2024-01-16,weekday,Academic Block A,06-08,0.78,1588.64,False,False,1,0.6856666666666665,1.1375789985415656,0,0,1,0
ELEC000812,2024-01-16,weekday,Academic Block A,08-10,2.752,1591.39,False,False,1,2.0819999999999994,1.3218059558117197,0,1,1,0
ELEC000813,2024-01-16,weekday,Academic Block A,10-12,3.757,1595.15,False,False,1,2.9723333333333333,1.2639901312100483,0,2,1,0
ELEC000814,2024-01-16,weekday,Academic Block A,12-14,2.772,1597.92,False,False,1,2.2326666666666664,1.241564646163034,0,3,1,0
ELEC000815,2024-01-16,weekday,Academic Block A,14-16,2.955,1600.88,False,False,1,2.2743333333333333,1.2992818408324784,0,4,1,0
ELEC000816,2024-01-16,weekday,Academic Block A,16-18,2.774,1603.65,False,False,1,2.006,1.3828514456630112,0,5,1,0
ELEC000817,2024-01-16,weekday,Academic Block A,18-20,2.171,1605.82,False,False,1,1.734333333333333,1.25177782048818,0,6,1,0
ELEC000818,2024-01-16,weekday,Academic Block A,20-22,1.592,1607.41,False,False,1,1.354,1.1757754800590845,0,7,1,0
ELEC000819,2024-01-16,weekday,Academic Block A,22-00,0.709,1608.12,False,False,1,0.564,1.2570921985815604,0,8,1,0
ELEC000820,2024-01-16,weekday,Academic Block B,06-08,0.893,5079.19,False,False,1,0.7546666666666667,1.183303886925795,1,0,1,0
ELEC000821,2024-01-16,weekday,Academic Block B,08-10,2.81,5082.0,False,False,1,2.099,1.3387327298713676,1,1,1,0
ELEC000822,2024-01-16,weekday,Academic Block B,10-12,3.332,5085.33,False,False,1,2.651,1.2568841946435303,1,2,1,0
ELEC000823,2024-01-16,weekday,Academic Block B,12-14,2.861,5088.19,False,False,1,2.223333333333333,1.286806596701649,1,3,1,0
ELEC000824,2024-01-16,weekday,Academic Block B,14-16,2.699,5090.89,False,False,1,2.1893333333333334,1.232795371498173,1,4,1,0
ELEC000825,2024-01-16,weekday,Academic Block B,16-18,2.602,5093.49,False,False,1,2.051333333333333,1.268443288917777,1,5,1,0
ELEC000826,2024-01-16,weekday,Academic Block B,18-20,2.076,5095.57,False,False,1,1.7923333333333336,1.1582666914636413,1,6,1,0
ELEC000827,2024-01-16,weekday,Academic Block B,20-22,5.8051448559600365,5101.38,False,True,1,2.7120482853200123,2.140502028441964,1,7,1,1
ELEC000828,2024-01-16,weekday,Academic Block B,22-00,0.839,5102.22,False,False,1,0.673,1.2466567607726595,1,8,1,0
ELEC000829,2024-01-16,weekday,Hostel Block 1,06-08,0.537,3600.2,False,False,1,0.419,1.2816229116945106,2,0,1,0
ELEC000830,2024-01-16,weekday,Hostel Block 1,08-10,1.371,3601.57,False,False,1,1.093,1.2543458371454712,2,1,1,0
ELEC000831,2024-01-16,weekday,Hostel Block 1,10-12,1.777,3603.35,False,False,1,1.4506666666666663,1.2249540441176472,2,2,1,0
ELEC000832,2024-01-16,weekday,Hostel Block 1,12-14,1.5,3604.85,False,False,1,1.2113333333333332,1.2383048981838196,2,3,1,0
ELEC000833,2024-01-16,weekday,Hostel Block 1,14-16,1.687,3606.54,False,False,1,2.680868301390643,0.629273731620798,2,4,1,0
ELEC000834,2024-01-16,weekday,Hostel Block 1,16-18,1.386,3607.93,False,False,1,1.1206666666666667,1.2367638310529443,2,5,1,0
ELEC000835,2024-01-16,weekday,Hostel Block 1,18-20,1.26,3609.19,False,False,1,1.0146666666666666,1.2417871222076216,2,6,1,0
ELEC000836,2024-01-16,weekday,Hostel Block 1,20-22,0.977,3610.17,False,False,1,0.7599999999999999,1.285526315789474,2,7,1,0
ELEC000837,2024-01-16,weekday,Hostel Block 1,22-00,0.446,3610.62,False,False,1,0.3329999999999999,1.3393393393393396,2,8,1,0
ELEC000838,2024-01-16,weekday,Hostel Block 2,06-08,0.482,3345.26,False,False,1,0.3983333333333332,1.2100418410041842,3,0,1,0
ELEC000839,2024-01-16,weekday,Hostel Block 2,08-10,1.247,3346.51,False,False,1,1.034333333333333,1.205607476635514,3,1,1,0
ELEC000840,2024-01-16,weekday,Hostel Block 2,10-12,1.899,3348.41,False,False,1,1.392,1.3642241379310345,3,2,1,0
ELEC000841,2024-01-16,weekday,Hostel Block 2,12-14,1.748,3350.16,False,False,1,1.2626666666666666,1.3843717001055966,3,3,1,0
ELEC000842,2024-01-16,weekday,Hostel Block 2,14-16,1.432,3351.59,False,False,1,1.2613333333333334,1.135306553911205,3,4,1,0
ELEC000843,2024-01-16,weekday,Hostel Block 2,16-18,1.549,3353.14,False,False,1,1.182,1.3104906937394247,3,5,1,0
ELEC000844,2024-01-16,weekday,Hostel Block 2,18-20,1.264,3354.4,False,False,1,0.9243333333333336,1.3674720519293182,3,6,1,0
ELEC000845,2024-01-16,weekday,Hostel Block 2,20-22,0.907,3355.31,False,False,1,0.7210000000000001,1.2579750346740637,3,7,1,0
ELEC000846,2024-01-16,weekday,Hostel Block 2,22-00,0.375,3355.68,False,False,1,0.3243333333333333,1.156217882836588,3,8,1,0
ELEC000847,2024-01-16,weekday,Library,06-08,0.605,1629.07,False,False,1,0.474,1.2763713080168777,5,0,1,0
ELEC000848,2024-01-16,weekday,Library,08-10,1.587,1630.66,False,False,1,1.368,1.1600877192982455,5,1,1,0
ELEC000849,2024-01-16,weekday,Library,10-12,2.131,1632.79,False,False,1,1.850666666666667,1.1514769452449565,5,2,1,0
ELEC000850,2024-01-16,weekday,Library,12-14,1.777,1634.57,False,False,1,1.43,1.2426573426573426,5,3,1,0
ELEC000851,2024-01-16,weekday,Library,14-16,2.15,1636.72,False,False,1,1.6303333333333334,1.318748722142711,5,4,1,0
ELEC000852,2024-01-16,weekday,Library,16-18,1.578,1638.3,False,False,1,1.208,1.306291390728477,5,5,1,0
ELEC000853,2024-01-16,weekday,Library,18-20,1.291,1639.59,False,False,1,1.13,1.1424778761061944,5,6,1,0
ELEC000854,2024-01-16,weekday,Library,20-22,1.108,1640.7,False,False,1,0.9156666666666666,1.2100473243538408,5,7,1,0
ELEC000855,2024-01-16,weekday,Library,22-00,0.457,1641.16,False,False,1,0.4039999999999999,1.1311881188118813,5,8,1,0
ELEC000856,2024-01-16,weekday,Labs Complex,06-08,0.585,4417.07,False,False,1,0.5063333333333334,1.1553653719552337,4,0,1,0
ELEC000857,2024-01-16,weekday,Labs Complex,08-10,1.716,4418.79,False,False,1,1.4376666666666666,1.193600741942963,4,1,1,0
ELEC000858,2024-01-16,weekday,Labs Complex,10-12,2.329,4421.12,False,False,1,1.688666666666667,1.3791946308724832,4,2,1,0
ELEC000859,2024-01-16,weekday,Labs Complex,12-14,1.981,4423.1,False,False,1,1.6310000000000002,1.2145922746781117,4,3,1,0
ELEC000860,2024-01-16,weekday,Labs Complex,14-16,2.212,4425.31,False,False,1,1.7086666666666668,1.294576667967226,4,4,1,0
ELEC000861,2024-01-16,weekday,Labs Complex,16-18,1.667,4426.98,False,False,1,1.3613333333333333,1.2245347698334967,4,5,1,0
ELEC000862,2024-01-16,weekday,Labs Complex,18-20,1.326,4428.31,False,False,1,1.193,1.1114836546521374,4,6,1,0
ELEC000863,2024-01-16,weekday,Labs Complex,20-22,1.261,4429.57,False,False,1,0.9033333333333332,1.395940959409594,4,7,1,0
ELEC000864,2024-01-16,weekday,Labs Complex,22-00,0.52,4430.09,False,False,1,0.4223333333333333,1.2312549329123916,4,8,1,0
ELEC000865,2024-01-17,weekday,Academic Block A,06-08,0.919,1609.04,False,False,1,0.8869999999999999,1.036076662908681,0,0,2,0
ELEC000866,2024-01-17,weekday,Academic Block A,08-10,3.068,1612.11,False,False,1,2.7550000000000003,1.113611615245009,0,1,2,0
ELEC000867,2024-01-17,weekday,Academic Block A,10-12,2.822,1614.93,False,False,1,3.4486666666666665,0.818287260777112,0,2,2,0
ELEC000868,2024-01-17,weekday,Academic Block A,12-14,3.246,1618.18,False,False,1,2.897,1.1204694511563686,0,3,2,0
ELEC000869,2024-01-17,weekday,Academic Block A,14-16,3.132,1621.31,False,False,1,2.924,1.0711354309165528,0,4,2,0
ELEC000870,2024-01-17,weekday,Academic Block A,16-18,2.52,1623.83,False,False,1,2.551333333333333,0.9877188398223152,0,5,2,0
ELEC000871,2024-01-17,weekday,Academic Block A,18-20,7.672615335311254,1631.5,False,True,1,3.9798717784370847,1.927854906502623,0,6,2,1
ELEC000872,2024-01-17,weekday,Academic Block A,20-22,1.919,1633.42,False,False,1,1.7346666666666668,1.1062644119907763,0,7,2,0
ELEC000873,2024-01-17,weekday,Academic Block A,22-00,0.707,1634.13,False,False,1,0.6953333333333332,1.016778523489933,0,8,2,0
ELEC000874,2024-01-17,weekday,Academic Block B,06-08,1.028,5103.25,False,False,1,0.9753333333333334,1.0539986329460014,1,0,2,0
ELEC000875,2024-01-17,weekday,Academic Block B,08-10,2.957,5106.21,False,False,1,2.7343333333333333,1.0814336218456662,1,1,2,0
ELEC000876,2024-01-17,weekday,Academic Block B,10-12,3.479,5109.69,False,False,1,3.311666666666667,1.0505284348263713,1,2,2,0
ELEC000877,2024-01-17,weekday,Academic Block B,12-14,2.821,5112.51,False,False,1,2.8320000000000003,0.9961158192090396,1,3,2,0
ELEC000878,2024-01-17,weekday,Academic Block B,14-16,2.64,5115.15,False,False,1,2.6750000000000003,0.9869158878504672,1,4,2,0
ELEC000879,2024-01-17,weekday,Academic Block B,16-18,2.731,5117.88,False,False,1,2.619,1.0427644138984344,1,5,2,0
ELEC000880,2024-01-17,weekday,Academic Block B,18-20,7.723394487133314,5125.6,False,True,1,4.070131495711105,1.8975786151557583,1,6,2,1
ELEC000881,2024-01-17,weekday,Academic Block B,20-22,2.064,5127.66,False,False,1,3.185381618653345,0.647960039674172,1,7,2,0
ELEC000882,2024-01-17,weekday,Academic Block B,22-00,0.748,5128.41,False,False,1,0.8099999999999999,0.9234567901234568,1,8,2,0
ELEC000883,2024-01-17,weekday,Hostel Block 1,06-08,0.528,3611.15,False,False,1,0.5223333333333334,1.0108487555839183,2,0,2,0
ELEC000884,2024-01-17,weekday,Hostel Block 1,08-10,1.639,3612.79,False,False,1,1.444,1.1350415512465375,2,1,2,0
ELEC000885,2024-01-17,weekday,Hostel Block 1,10-12,1.908,3614.7,False,False,1,1.8436666666666663,1.034894232507684,2,2,2,0
ELEC000886,2024-01-17,weekday,Hostel Block 1,12-14,1.336,3616.04,False,False,1,1.4420000000000002,0.9264909847434118,2,3,2,0
ELEC000887,2024-01-17,weekday,Hostel Block 1,14-16,1.735,3617.78,False,False,1,3.050868301390643,0.5686905590808867,2,4,2,0
ELEC000888,2024-01-17,weekday,Hostel Block 1,16-18,1.484,3619.26,False,False,1,1.4240000000000002,1.042134831460674,2,5,2,0
ELEC000889,2024-01-17,weekday,Hostel Block 1,18-20,1.114,3620.37,False,False,1,1.249,0.8919135308246599,2,6,2,0
ELEC000890,2024-01-17,weekday,Hostel Block 1,20-22,1.101,3621.47,False,False,1,1.0113333333333332,1.0886618325642716,2,7,2,0
ELEC000891,2024-01-17,weekday,Hostel Block 1,22-00,0.423,3621.89,False,False,1,0.4146666666666667,1.020096463022508,2,8,2,0
ELEC000892,2024-01-17,weekday,Hostel Block 2,06-08,0.457,3356.14,False,False,1,0.4809999999999999,0.9501039501039504,3,0,2,0
ELEC000893,2024-01-17,weekday,Hostel Block 2,08-10,1.625,3357.76,False,False,1,1.3863333333333332,1.1721567684539551,3,1,2,0
ELEC000894,2024-01-17,weekday,Hostel Block 2,10-12,1.579,3359.34,False,False,1,1.6683333333333332,0.9464535464535464,3,2,2,0
ELEC000895,2024-01-17,weekday,Hostel Block 2,12-14,1.432,3360.77,False,False,1,1.5653333333333332,0.9148211243611584,3,3,2,0
ELEC000896,2024-01-17,weekday,Hostel Block 2,14-16,1.825,3362.59,False,False,1,1.6883333333333337,1.0809476801579463,3,4,2,0
ELEC000897,2024-01-17,weekday,Hostel Block 2,16-18,1.453,3364.04,False,False,1,1.474,0.985753052917232,3,5,2,0
ELEC000898,2024-01-17,weekday,Hostel Block 2,18-20,1.062,3365.1,False,False,1,1.1313333333333335,0.9387153800824982,3,6,2,0
ELEC000899,2024-01-17,weekday,Hostel Block 2,20-22,0.963,3366.06,False,False,1,0.9316666666666666,1.0336314847942756,3,7,2,0
ELEC000900,2024-01-17,weekday,Hostel Block 2,22-00,0.376,3366.44,False,False,1,0.4016666666666666,0.9360995850622408,3,8,2,0
ELEC000901,2024-01-17,weekday,Library,06-08,0.593,1641.75,False,False,1,0.5906666666666667,1.0039503386004514,5,0,2,0
ELEC000902,2024-01-17,weekday,Library,08-10,1.578,1643.33,False,False,1,1.6780000000000002,0.940405244338498,5,1,2,0
ELEC000903,2024-01-17,weekday,Library,10-12,2.153,1645.48,False,False,1,2.26,0.9526548672566372,5,2,2,0
ELEC000904,2024-01-17,weekday,Library,12-14,1.756,1647.24,False,False,1,1.7926666666666666,0.9795462997396802,5,3,2,0
ELEC000905,2024-01-17,weekday,Library,14-16,1.702,1648.94,False,False,1,1.898,0.8967334035827187,5,4,2,0
ELEC000906,2024-01-17,weekday,Library,16-18,1.673,1650.61,False,False,1,1.5653333333333332,1.0687819420783646,5,5,2,0
ELEC000907,2024-01-17,weekday,Library,18-20,1.461,1652.07,False,False,1,1.4436666666666669,1.012006465019626,5,6,2,0
ELEC000908,2024-01-17,weekday,Library,20-22,1.059,1653.13,False,False,1,1.1213333333333333,0.944411414982164,5,7,2,0
ELEC000909,2024-01-17,weekday,Library,22-00,0.507,1653.64,False,False,1,0.497,1.0201207243460764,5,8,2,0
ELEC000910,2024-01-17,weekday,Labs Complex,06-08,0.686,4430.78,False,False,1,0.6473333333333334,1.0597322348094746,4,0,2,0
ELEC000911,2024-01-17,weekday,Labs Complex,08-10,1.734,4432.51,False,False,1,1.757,0.9869095048377916,4,1,2,0
ELEC000912,2024-01-17,weekday,Labs Complex,10-12,2.184,4434.69,False,False,1,2.155,1.0134570765661255,4,2,2,0
ELEC000913,2024-01-17,weekday,Labs Complex,12-14,1.833,4436.52,False,False,1,1.9553333333333327,0.9374360722809412,4,3,2,0
ELEC000914,2024-01-17,weekday,Labs Complex,14-16,7.437614522410095,4443.96,False,True,1,3.9288715074700313,1.8930663698898853,4,4,2,1
ELEC000915,2024-01-17,weekday,Labs Complex,16-18,1.672,4445.63,False,False,1,1.6716666666666669,1.000199401794616,4,5,2,0
ELEC000916,2024-01-17,weekday,Labs Complex,18-20,1.422,4447.05,False,False,1,1.474,0.9647218453188602,4,6,2,0
ELEC000917,2024-01-17,weekday,Labs Complex,20-22,1.304,4448.35,False,False,1,1.1973333333333334,1.089086859688196,4,7,2,0
ELEC000918,2024-01-17,weekday,Labs Complex,22-00,0.557,4448.91,False,False,1,0.5396666666666666,1.0321185917232862,4,8,2,0
ELEC000919,2024-01-18,weekday,Academic Block A,06-08,0.949,1635.08,False,False,1,0.8826666666666666,1.0751510574018128,0,0,3,0
ELEC000920,2024-01-18,weekday,Academic Block A,08-10,2.89,1637.97,False,False,1,2.903333333333333,0.99540757749713,0,1,3,0
ELEC000921,2024-01-18,weekday,Academic Block A,10-12,3.094,1641.06,False,False,1,3.224333333333333,0.9595782073813708,0,2,3,0
ELEC000922,2024-01-18,weekday,Academic Block A,12-14,2.935,2138.22,False,False,1,2.9843333333333333,0.9834692281916676,0,3,3,0
ELEC000923,2024-01-18,weekday,Academic Block A,14-16,3.099,1647.09,False,False,1,3.062,1.0120836054866102,0,4,3,0
ELEC000924,2024-01-18,weekday,Academic Block A,16-18,2.845,1649.93,False,False,1,2.713,1.0486546258754148,0,5,3,0
ELEC000925,2024-01-18,weekday,Academic Block A,18-20,2.54,1652.47,False,False,1,4.127871778437085,0.6153291905209582,0,6,3,1
ELEC000926,2024-01-18,weekday,Academic Block A,20-22,1.55,1654.02,False,False,1,1.687,0.918790752815649,0,7,3,0
ELEC000927,2024-01-18,weekday,Academic Block A,22-00,0.838,1654.86,False,False,1,0.7513333333333332,1.1153504880212957,0,8,3,0
ELEC000928,2024-01-18,weekday,Academic Block B,06-08,0.806,5129.22,False,False,1,0.909,0.8866886688668866,1,0,3,0
ELEC000929,2024-01-18,weekday,Academic Block B,08-10,2.624,5131.84,False,False,1,2.797,0.9381480157311404,1,1,3,0
ELEC000930,2024-01-18,weekday,Academic Block B,10-12,3.566,5135.41,False,False,1,3.459,1.0309337958947673,1,2,3,0
ELEC000931,2024-01-18,weekday,Academic Block B,12-14,2.802,5138.21,False,False,1,2.828,0.9908062234794908,1,3,3,0
ELEC000932,2024-01-18,weekday,Academic Block B,14-16,2.787,5141.0,False,False,1,2.7086666666666672,1.0289195175978338,1,4,3,0
ELEC000933,2024-01-18,weekday,Academic Block B,16-18,2.441,5143.44,False,False,1,2.591333333333333,0.9419861075379468,1,5,3,0
ELEC000934,2024-01-18,weekday,Academic Block B,18-20,1.991,5145.43,False,False,1,3.930131495711105,0.5065988255539922,1,6,3,0
ELEC000935,2024-01-18,weekday,Academic Block B,20-22,1.673,5147.1,False,False,1,3.1807149519866798,0.525982373539962,1,7,3,0
ELEC000936,2024-01-18,weekday,Academic Block B,22-00,0.786,5147.89,False,False,1,0.791,0.9936788874841972,1,8,3,0
ELEC000937,2024-01-18,weekday,Hostel Block 1,06-08,0.477,3622.37,False,False,1,0.514,0.9280155642023346,2,0,3,0
ELEC000938,2024-01-18,weekday,Hostel Block 1,08-10,1.392,3623.76,False,False,1,1.4673333333333332,0.9486597001363016,2,1,3,0
ELEC000939,2024-01-18,weekday,Hostel Block 1,10-12,1.651,3625.41,False,False,1,1.7786666666666664,0.9282233883058472,2,2,3,0
ELEC000940,2024-01-18,weekday,Hostel Block 1,12-14,1.743,3627.15,False,False,1,1.526333333333333,1.1419523913518237,2,3,3,0
ELEC000941,2024-01-18,weekday,Hostel Block 1,14-16,3.6347166921702994,3630.78,False,True,1,2.3522388973901,1.5452157925809145,2,4,3,0
ELEC000942,2024-01-18,weekday,Hostel Block 1,16-18,1.415,3632.2,False,False,1,1.4283333333333337,0.9906651108518084,2,5,3,0
ELEC000943,2024-01-18,weekday,Hostel Block 1,18-20,1.062,3633.26,False,False,1,1.145333333333333,0.9272409778812574,2,6,3,0
ELEC000944,2024-01-18,weekday,Hostel Block 1,20-22,1.074,3634.33,False,False,1,1.0506666666666666,1.0222081218274113,2,7,3,0
ELEC000945,2024-01-18,weekday,Hostel Block 1,22-00,0.424,3634.75,False,False,1,0.431,0.9837587006960556,2,8,3,0
ELEC000946,2024-01-18,weekday,Hostel Block 2,06-08,0.541,3366.98,False,False,1,0.4933333333333333,1.0966216216216216,3,0,3,0
ELEC000947,2024-01-18,weekday,Hostel Block 2,08-10,1.292,3368.27,False,False,1,1.388,0.9308357348703172,3,1,3,0
ELEC000948,2024-01-18,weekday,Hostel Block 2,10-12,6.540819949756765,3374.81,False,True,1,3.3396066499189216,1.958559984875932,3,2,3,1
ELEC000949,2024-01-18,weekday,Hostel Block 2,12-14,1.746,3376.56,False,False,1,1.642,1.063337393422655,3,3,3,0
ELEC000950,2024-01-18,weekday,Hostel Block 2,14-16,1.556,3378.12,False,False,1,1.6043333333333332,0.9698732599210472,3,4,3,0
ELEC000951,2024-01-18,weekday,Hostel Block 2,16-18,1.558,3379.68,False,False,1,1.5200000000000002,1.025,3,5,3,0
ELEC000952,2024-01-18,weekday,Hostel Block 2,18-20,1.026,3380.71,False,False,1,1.1173333333333335,0.9182577565632456,3,6,3,0
ELEC000953,2024-01-18,weekday,Hostel Block 2,20-22,1.055,3381.76,False,False,1,0.975,1.082051282051282,3,7,3,0
ELEC000954,2024-01-18,weekday,Hostel Block 2,22-00,0.378,3382.14,False,False,1,0.3763333333333333,1.004428697962799,3,8,3,0
ELEC000955,2024-01-18,weekday,Library,06-08,0.52,1654.16,False,False,1,0.5726666666666667,0.9080325960419092,5,0,3,0
ELEC000956,2024-01-18,weekday,Library,08-10,1.965,1656.12,False,False,1,1.71,1.149122807017544,5,1,3,0
ELEC000957,2024-01-18,weekday,Library,10-12,2.228,1658.35,False,False,1,2.170666666666667,1.0264127764127764,5,2,3,0
ELEC000958,2024-01-18,weekday,Library,12-14,1.741,1660.09,False,False,1,1.758,0.99032992036405,5,3,3,0
ELEC000959,2024-01-18,weekday,Library,14-16,1.963,1662.05,False,False,1,1.9383333333333328,1.012725709372313,5,4,3,0
ELEC000960,2024-01-18,weekday,Library,16-18,1.91,1663.96,False,False,1,1.7203333333333333,1.1102499515597752,5,5,3,0
ELEC000961,2024-01-18,weekday,Library,18-20,1.383,1665.34,False,False,1,1.3783333333333332,1.003385731559855,5,6,3,0
ELEC000962,2024-01-18,weekday,Library,20-22,1.352,1666.69,False,False,1,1.173,1.1526001705029838,5,7,3,0
ELEC000963,2024-01-18,weekday,Library,22-00,0.474,1667.16,False,False,1,0.4793333333333334,0.9888734353268428,5,8,3,0
ELEC000964,2024-01-18,weekday,Labs Complex,06-08,0.512,4449.42,False,False,1,0.5943333333333333,0.8614694335389793,4,0,3,0
ELEC000965,2024-01-18,weekday,Labs Complex,08-10,1.644,4451.06,False,False,1,1.6979999999999995,0.9681978798586574,4,1,3,0
ELEC000966,2024-01-18,weekday,Labs Complex,10-12,2.464,4453.52,False,False,1,2.3256666666666668,1.0594811523577468,4,2,3,0
ELEC000967,2024-01-18,weekday,Labs Complex,12-14,1.857,4455.38,False,False,1,1.8903333333333332,0.9823664256744842,4,3,3,0
ELEC000968,2024-01-18,weekday,Labs Complex,14-16,2.178,4457.56,False,False,1,3.9425381741366974,0.5524359952397718,4,4,3,0
ELEC000969,2024-01-18,weekday,Labs Complex,16-18,1.77,4459.33,False,False,1,1.703,1.0393423370522608,4,5,3,0
ELEC000970,2024-01-18,weekday,Labs Complex,18-20,1.659,4460.99,False,False,1,1.469,1.1293396868618106,4,6,3,0
ELEC000971,2024-01-18,weekday,Labs Complex,20-22,1.026,4462.02,False,False,1,1.197,0.8571428571428571,4,7,3,0
ELEC000972,2024-01-18,weekday,Labs Complex,22-00,0.551,4462.57,False,False,1,0.5426666666666667,1.015356265356265,4,8,3,0
ELEC000973,2024-01-19,weekday,Academic Block A,06-08,0.983,1655.84,False,False,1,0.9503333333333334,1.0343739038933708,0,0,4,0
ELEC000974,2024-01-19,weekday,Academic Block A,08-10,2.936,1658.78,False,False,1,2.9646666666666666,0.9903305599280414,0,1,4,0
ELEC000975,2024-01-19,weekday,Academic Block A,10-12,3.617,1662.4,False,False,1,3.177666666666667,1.1382565823979858,0,2,4,0
ELEC000976,2024-01-19,weekday,Academic Block A,12-14,2.816,1665.22,False,False,1,2.999,0.9389796598866288,0,3,4,0
ELEC000977,2024-01-19,weekday,Academic Block A,14-16,3.438,1668.66,False,False,1,3.2230000000000003,1.0667080359913124,0,4,4,0
ELEC000978,2024-01-19,weekday,Academic Block A,16-18,2.339,1671.0,False,False,1,2.568,0.9108255451713396,0,5,4,0
ELEC000979,2024-01-19,weekday,Academic Block A,18-20,2.477,1673.48,False,False,1,4.229871778437085,0.5855969470817478,0,6,4,1
ELEC000980,2024-01-19,weekday,Academic Block A,20-22,1.537,1675.02,False,False,1,1.6686666666666667,0.9210946863763484,0,7,4,0
ELEC000981,2024-01-19,weekday,Academic Block A,22-00,0.79,1675.81,False,False,1,0.7783333333333333,1.0149892933618845,0,8,4,0
ELEC000982,2024-01-19,weekday,Academic Block B,06-08,0.99,5148.88,False,False,1,0.9413333333333332,1.051699716713881,1,0,4,0
ELEC000983,2024-01-19,weekday,Academic Block B,08-10,2.646,5151.53,False,False,1,2.7423333333333333,0.9648717637048742,1,1,4,0
ELEC000984,2024-01-19,weekday,Academic Block B,10-12,3.143,5154.67,False,False,1,3.3959999999999995,0.9255005889281508,1,2,4,0
ELEC000985,2024-01-19,weekday,Academic Block B,12-14,2.526,5157.2,False,False,1,2.716333333333333,0.9299300527672107,1,3,4,0
ELEC000986,2024-01-19,weekday,Academic Block B,14-16,3.279,5160.48,False,False,1,2.902,1.129910406616127,1,4,4,0
ELEC000987,2024-01-19,weekday,Academic Block B,16-18,2.579,5163.06,False,False,1,2.5836666666666672,0.998193781447555,1,5,4,0
ELEC000988,2024-01-19,weekday,Academic Block B,18-20,2.169,5165.23,False,False,1,3.9611314957111055,0.5475708146393204,1,6,4,0
ELEC000989,2024-01-19,weekday,Academic Block B,20-22,1.835,5167.06,False,False,1,1.8573333333333333,0.9879755922469492,1,7,4,0
ELEC000990,2024-01-19,weekday,Academic Block B,22-00,0.734,5167.79,False,False,1,0.7559999999999999,0.970899470899471,1,8,4,0
ELEC000991,2024-01-19,weekday,Hostel Block 1,06-08,0.42,3635.17,False,False,1,0.4749999999999999,0.8842105263157896,2,0,4,0
ELEC000992,2024-01-19,weekday,Hostel Block 1,08-10,1.519,3636.69,False,False,1,1.5166666666666666,1.0015384615384617,2,1,4,0
ELEC000993,2024-01-19,weekday,Hostel Block 1,10-12,1.813,3638.5,False,False,1,1.7906666666666664,1.0124720774385705,2,2,4,0
ELEC000994,2024-01-19,weekday,Hostel Block 1,12-14,1.371,3639.87,False,False,1,1.4833333333333334,0.9242696629213484,2,3,4,0
ELEC000995,2024-01-19,weekday,Hostel Block 1,14-16,1.442,3641.31,False,False,1,2.2705722307234333,0.6350821966762803,2,4,4,0
ELEC000996,2024-01-19,weekday,Hostel Block 1,16-18,1.546,3642.86,False,False,1,1.481666666666667,1.0434195725534308,2,5,4,0
ELEC000997,2024-01-19,weekday,Hostel Block 1,18-20,1.135,3644.0,False,False,1,1.1036666666666666,1.028390214436726,2,6,4,0
ELEC000998,2024-01-19,weekday,Hostel Block 1,20-22,1.03,3645.03,False,False,1,1.0683333333333334,0.9641185647425896,2,7,4,0
ELEC000999,2024-01-19,weekday,Hostel Block 1,22-00,0.359,3645.39,False,False,1,0.4019999999999999,0.8930348258706468,2,8,4,0
ELEC001000,2024-01-19,weekday,Hostel Block 2,06-08,0.524,3382.66,False,False,1,0.5073333333333333,1.0328515111695138,3,0,4,0
ELEC001001,2024-01-19,weekday,Hostel Block 2,08-10,1.483,3384.14,False,False,1,1.4666666666666668,1.0111363636363635,3,1,4,0
ELEC001002,2024-01-19,weekday,Hostel Block 2,10-12,1.749,3385.89,False,False,1,3.289606649918922,0.5316745088787765,3,2,4,0
ELEC001003,2024-01-19,weekday,Hostel Block 2,12-14,1.681,3387.57,False,False,1,1.6196666666666666,1.0378678740481582,3,3,4,0
ELEC001004,2024-01-19,weekday,Hostel Block 2,14-16,1.585,3389.16,False,False,1,1.655333333333333,0.9575110753121224,3,4,4,0
ELEC001005,2024-01-19,weekday,Hostel Block 2,16-18,1.341,3390.5,False,False,1,1.4506666666666668,0.9244025735294116,3,5,4,0
ELEC001006,2024-01-19,weekday,Hostel Block 2,18-20,1.36,3391.86,False,False,1,1.1493333333333335,1.1832946635730857,3,6,4,0
ELEC001007,2024-01-19,weekday,Hostel Block 2,20-22,0.851,3392.71,False,False,1,0.9563333333333331,0.8898570930637854,3,7,4,0
ELEC001008,2024-01-19,weekday,Hostel Block 2,22-00,0.438,3393.15,False,False,1,0.3973333333333333,1.1023489932885906,3,8,4,0
ELEC001009,2024-01-19,weekday,Library,06-08,0.657,1667.82,False,False,1,0.59,1.1135593220338984,5,0,4,0
ELEC001010,2024-01-19,weekday,Library,08-10,1.742,1669.56,False,False,1,1.7616666666666667,0.98883632923368,5,1,4,0
ELEC001011,2024-01-19,weekday,Library,10-12,2.239,1671.8,False,False,1,2.206666666666667,1.0146525679758307,5,2,4,0
ELEC001012,2024-01-19,weekday,Library,12-14,1.951,1673.75,False,False,1,1.816,1.074339207048458,5,3,4,0
ELEC001013,2024-01-19,weekday,Library,14-16,1.789,1675.54,False,False,1,1.818,0.984048404840484,5,4,4,0
ELEC001014,2024-01-19,weekday,Library,16-18,1.861,1677.4,False,False,1,1.8146666666666669,1.025532696546657,5,5,4,0
ELEC001015,2024-01-19,weekday,Library,18-20,1.609,1679.01,False,False,1,1.4843333333333335,1.0839883224792273,5,6,4,0
ELEC001016,2024-01-19,weekday,Library,20-22,1.103,1680.11,False,False,1,1.1713333333333331,0.9416619237336368,5,7,4,0
ELEC001017,2024-01-19,weekday,Library,22-00,0.546,1680.66,False,False,1,0.509,1.0726915520628684,5,8,4,0
ELEC001018,2024-01-19,weekday,Labs Complex,06-08,0.599,4463.17,False,False,1,0.599,1.0,4,0,4,0
ELEC001019,2024-01-19,weekday,Labs Complex,08-10,1.644,4464.81,False,False,1,1.6739999999999997,0.9820788530465951,4,1,4,0
ELEC001020,2024-01-19,weekday,Labs Complex,10-12,1.982,4466.79,False,False,1,2.21,0.8968325791855204,4,2,4,0
ELEC001021,2024-01-19,weekday,Labs Complex,12-14,2.061,4468.85,False,False,1,1.917,1.0751173708920188,4,3,4,0
ELEC001022,2024-01-19,weekday,Labs Complex,14-16,2.223,4471.07,False,False,1,3.946204840803365,0.563326053684391,4,4,4,1
ELEC001023,2024-01-19,weekday,Labs Complex,16-18,1.541,4472.61,False,False,1,1.6610000000000005,0.9277543648404574,4,5,4,0
ELEC001024,2024-01-19,weekday,Labs Complex,18-20,1.334,4473.94,False,False,1,1.471666666666667,0.9064552661381654,4,6,4,0
ELEC001025,2024-01-19,weekday,Labs Complex,20-22,1.108,4475.05,False,False,1,1.146,0.9668411867364748,4,7,4,0
ELEC001026,2024-01-19,weekday,Labs Complex,22-00,0.556,4475.61,False,False,1,0.5546666666666668,1.002403846153846,4,8,4,0
ELEC001027,2024-01-20,saturday,Academic Block A,06-08,0.682,1676.49,False,False,1,0.8713333333333333,0.7827084927314462,0,0,5,0
ELEC001028,2024-01-20,saturday,Academic Block A,08-10,1.888,1678.38,False,False,1,2.571333333333333,0.7342494166450608,0,1,5,0
ELEC001029,2024-01-20,saturday,Academic Block A,10-12,2.342,1680.72,False,False,1,3.0176666666666665,0.7760963216613278,0,2,5,0
ELEC001030,2024-01-20,saturday,Academic Block A,12-14,1.821,2138.22,False,False,1,2.524,0.7214738510301111,0,3,5,0
ELEC001031,2024-01-20,saturday,Academic Block A,14-16,1.945,1684.49,False,False,1,2.8273333333333337,0.6879273756189578,0,4,5,0
ELEC001032,2024-01-20,saturday,Academic Block A,16-18,1.938,1686.43,False,False,1,2.374,0.8163437236731255,0,5,5,0
ELEC001033,2024-01-20,saturday,Academic Block A,18-20,1.613,1688.04,False,False,1,2.21,0.7298642533936651,0,6,5,0
ELEC001034,2024-01-20,saturday,Academic Block A,20-22,1.205,1689.24,False,False,1,1.4306666666666663,0.8422646784715752,0,7,5,0
ELEC001035,2024-01-20,saturday,Academic Block A,22-00,0.46,1689.7,False,False,1,0.6960000000000001,0.660919540229885,0,8,5,0
ELEC001036,2024-01-20,saturday,Academic Block B,06-08,0.618,5168.41,False,False,1,0.8046666666666668,0.7680198840099419,1,0,5,0
ELEC001037,2024-01-20,saturday,Academic Block B,08-10,1.607,5170.02,False,False,1,2.292333333333333,0.7010324269303476,1,1,5,0
ELEC001038,2024-01-20,saturday,Academic Block B,10-12,2.218,5172.24,False,False,1,2.9756666666666667,0.7453791867368657,1,2,5,0
ELEC001039,2024-01-20,saturday,Academic Block B,12-14,1.861,5174.1,False,False,1,2.396333333333333,0.7766031436917513,1,3,5,0
ELEC001040,2024-01-20,saturday,Academic Block B,14-16,1.91,5176.01,False,False,1,2.6586666666666665,0.7184052156469408,1,4,5,0
ELEC001041,2024-01-20,saturday,Academic Block B,16-18,1.666,5177.68,False,False,1,2.228666666666667,0.7475321567454382,1,5,5,0
ELEC001042,2024-01-20,saturday,Academic Block B,18-20,1.529,5179.21,False,False,1,1.8963333333333336,0.8062928458428544,1,6,5,0
ELEC001043,2024-01-20,saturday,Academic Block B,20-22,1.289,5180.5,False,False,1,1.599,0.8061288305190744,1,7,5,0
ELEC001044,2024-01-20,saturday,Academic Block B,22-00,1.8850681802021976,5182.39,False,True,1,1.1350227267340658,1.6608197666898932,1,8,5,0
ELEC001045,2024-01-20,saturday,Hostel Block 1,06-08,0.305,3645.69,False,False,1,0.4006666666666666,0.7612312811980033,2,0,5,0
ELEC001046,2024-01-20,saturday,Hostel Block 1,08-10,1.044,3646.73,False,False,1,1.3183333333333334,0.7919089759797725,2,1,5,0
ELEC001047,2024-01-20,saturday,Hostel Block 1,10-12,1.186,3647.92,False,False,1,1.5499999999999998,0.7651612903225807,2,2,5,0
ELEC001048,2024-01-20,saturday,Hostel Block 1,12-14,0.914,3648.83,False,False,1,1.3426666666666665,0.6807348560079445,2,3,5,0
ELEC001049,2024-01-20,saturday,Hostel Block 1,14-16,1.162,3649.99,False,False,1,2.079572230723433,0.558768761590824,2,4,5,0
ELEC001050,2024-01-20,saturday,Hostel Block 1,16-18,0.913,3899.35,False,False,1,1.2913333333333332,0.7070211667527104,2,5,5,0
ELEC001051,2024-01-20,saturday,Hostel Block 1,18-20,0.805,3651.71,False,False,1,1.0006666666666668,0.8044636908727514,2,6,5,0
ELEC001052,2024-01-20,saturday,Hostel Block 1,20-22,0.627,3652.34,False,False,1,0.9103333333333332,0.6887586964481874,2,7,5,0
ELEC001053,2024-01-20,saturday,Hostel Block 1,22-00,0.304,3652.64,False,False,1,0.3623333333333333,0.8390064397424103,2,8,5,0
ELEC001054,2024-01-20,saturday,Hostel Block 2,06-08,0.309,3393.46,False,False,1,0.4579999999999999,0.6746724890829695,3,0,5,0
ELEC001055,2024-01-20,saturday,Hostel Block 2,08-10,0.885,3394.35,False,False,1,1.22,0.7254098360655737,3,1,5,0
ELEC001056,2024-01-20,saturday,Hostel Block 2,10-12,1.257,3395.61,False,False,1,3.1822733165855883,0.3950006410350368,3,2,5,0
ELEC001057,2024-01-20,saturday,Hostel Block 2,12-14,1.069,3396.68,False,False,1,1.4986666666666668,0.7133007117437722,3,3,5,0
ELEC001058,2024-01-20,saturday,Hostel Block 2,14-16,1.184,3397.86,False,False,1,1.4416666666666664,0.8212716763005782,3,4,5,0
ELEC001059,2024-01-20,saturday,Hostel Block 2,16-18,1.014,3398.87,False,False,1,1.3043333333333331,0.7774086378737541,3,5,5,0
ELEC001060,2024-01-20,saturday,Hostel Block 2,18-20,0.715,3399.59,False,False,1,1.0336666666666667,0.691712350854563,3,6,5,0
ELEC001061,2024-01-20,saturday,Hostel Block 2,20-22,0.653,3400.24,False,False,1,0.8530000000000001,0.7655334114888628,3,7,5,0
ELEC001062,2024-01-20,saturday,Hostel Block 2,22-00,0.319,3400.56,False,False,1,0.3783333333333333,0.8431718061674008,3,8,5,0
ELEC001063,2024-01-20,saturday,Library,06-08,0.363,1681.02,False,False,1,0.5133333333333333,0.7071428571428572,5,0,5,0
ELEC001064,2024-01-20,saturday,Library,08-10,1.373,1682.39,False,False,1,1.6933333333333334,0.8108267716535433,5,1,5,0
ELEC001065,2024-01-20,saturday,Library,10-12,1.729,1684.12,False,False,1,2.0653333333333337,0.8371530019367333,5,2,5,0
ELEC001066,2024-01-20,saturday,Library,12-14,1.288,1685.41,False,False,1,1.66,0.7759036144578313,5,3,5,0
ELEC001067,2024-01-20,saturday,Library,14-16,1.281,1686.69,False,False,1,1.6776666666666664,0.7635605006954104,5,4,5,0
ELEC001068,2024-01-20,saturday,Library,16-18,1.079,1687.77,False,False,1,1.6166666666666665,0.6674226804123712,5,5,5,0
ELEC001069,2024-01-20,saturday,Library,18-20,0.991,1688.76,False,False,1,1.3276666666666666,0.7464222947526991,5,6,5,0
ELEC001070,2024-01-20,saturday,Library,20-22,0.902,1689.66,False,False,1,1.119,0.806076854334227,5,7,5,0
ELEC001071,2024-01-20,saturday,Library,22-00,0.371,1690.03,False,False,1,0.4636666666666666,0.8001437814521927,5,8,5,0
ELEC001072,2024-01-20,saturday,Labs Complex,06-08,0.478,4476.09,False,False,1,0.5296666666666666,0.9024543738200126,4,0,5,0
ELEC001073,2024-01-20,saturday,Labs Complex,08-10,1.112,4477.2,False,False,1,1.4666666666666666,0.7581818181818183,4,1,5,0
ELEC001074,2024-01-20,saturday,Labs Complex,10-12,1.609,4798.735,False,False,1,2.018333333333333,0.7971924029727498,4,2,5,0
ELEC001075,2024-01-20,saturday,Labs Complex,12-14,1.439,4480.25,False,False,1,1.7856666666666667,0.8058614896397237,4,3,5,0
ELEC001076,2024-01-20,saturday,Labs Complex,14-16,1.37,4481.62,False,False,1,1.9236666666666669,0.7121815976433894,4,4,5,0
ELEC001077,2024-01-20,saturday,Labs Complex,16-18,1.046,4482.67,False,False,1,1.4523333333333337,0.7202203350929538,4,5,5,0
ELEC001078,2024-01-20,saturday,Labs Complex,18-20,1.045,4483.72,False,False,1,1.346,0.776374442793462,4,6,5,0
ELEC001079,2024-01-20,saturday,Labs Complex,20-22,0.947,4484.67,False,False,1,1.027,0.9221032132424538,4,7,5,0
ELEC001080,2024-01-20,saturday,Labs Complex,22-00,0.386,4485.06,False,False,1,0.4976666666666667,0.7756195579370395,4,8,5,0
ELEC001081,2024-01-21,weekend,Academic Block A,06-08,0.37,1690.07,False,False,1,0.6783333333333333,0.5454545454545454,0,0,6,0
ELEC001082,2024-01-21,weekend,Academic Block A,08-10,1.081,1691.15,False,False,1,1.968333333333333,0.5491955969517359,0,1,6,0
ELEC001083,2024-01-21,weekend,Academic Block A,10-12,1.328,1692.48,False,False,1,2.429,0.5467270481679705,0,2,6,0
ELEC001084,2024-01-21,weekend,Academic Block A,12-14,1.189,1693.67,False,False,1,1.9419999999999995,0.6122554067971165,0,3,6,0
ELEC001085,2024-01-21,weekend,Academic Block A,14-16,1.113,1694.78,False,False,1,2.1653333333333333,0.5140086206896551,0,4,6,0
ELEC001086,2024-01-21,weekend,Academic Block A,16-18,1.139,1695.92,False,False,1,1.8053333333333332,0.6309084194977843,0,5,6,0
ELEC001087,2024-01-21,weekend,Academic Block A,18-20,0.967,1696.89,False,False,1,1.6856666666666664,0.5736602728890647,0,6,6,0
ELEC001088,2024-01-21,weekend,Academic Block A,20-22,0.756,1697.65,False,False,1,1.166,0.6483704974271012,0,7,6,0
ELEC001089,2024-01-21,weekend,Academic Block A,22-00,0.267,1697.92,False,False,1,0.5056666666666666,0.5280158206987476,0,8,6,0
ELEC001090,2024-01-21,weekend,Academic Block B,06-08,0.308,5182.7,False,False,1,0.6386666666666666,0.4822546972860125,1,0,6,0
ELEC001091,2024-01-21,weekend,Academic Block B,08-10,1.2,5183.9,False,False,1,1.8176666666666668,0.6601870529983495,1,1,6,0
ELEC001092,2024-01-21,weekend,Academic Block B,10-12,1.249,5185.15,False,False,1,2.203333333333333,0.5668683812405447,1,2,6,0
ELEC001093,2024-01-21,weekend,Academic Block B,12-14,1.305,5186.45,False,False,1,1.897333333333333,0.6878074490513001,1,3,6,0
ELEC001094,2024-01-21,weekend,Academic Block B,14-16,1.114,5187.56,False,False,1,2.101,0.5302237029985721,1,4,6,0
ELEC001095,2024-01-21,weekend,Academic Block B,16-18,1.168,5188.73,False,False,1,1.8043333333333336,0.6473305006465914,1,5,6,0
ELEC001096,2024-01-21,weekend,Academic Block B,18-20,0.805,5189.53,False,False,1,1.5010000000000003,0.5363091272485009,1,6,6,0
ELEC001097,2024-01-21,weekend,Academic Block B,20-22,0.641,5190.17,False,False,1,1.255,0.5107569721115538,1,7,6,0
ELEC001098,2024-01-21,weekend,Academic Block B,22-00,0.277,5190.45,False,False,1,0.9653560600673992,0.2869407583981608,1,8,6,0
ELEC001099,2024-01-21,weekend,Hostel Block 1,06-08,0.175,3652.82,False,False,1,0.3,0.5833333333333334,2,0,6,0
ELEC001100,2024-01-21,weekend,Hostel Block 1,08-10,0.57,3653.39,False,False,1,1.0443333333333331,0.5458027449728694,2,1,6,0
ELEC001101,2024-01-21,weekend,Hostel Block 1,10-12,0.706,3654.1,False,False,1,1.2349999999999997,0.5716599190283402,2,2,6,0
ELEC001102,2024-01-21,weekend,Hostel Block 1,12-14,0.554,3654.65,False,False,1,0.9463333333333334,0.5854174004931314,2,3,6,0
ELEC001103,2024-01-21,weekend,Hostel Block 1,14-16,0.673,3655.32,False,False,1,1.0923333333333334,0.6161122978333842,2,4,6,0
ELEC001104,2024-01-21,weekend,Hostel Block 1,16-18,0.621,3655.94,False,False,1,1.0266666666666666,0.6048701298701299,2,5,6,0
ELEC001105,2024-01-21,weekend,Hostel Block 1,18-20,0.548,3656.49,False,False,1,0.8293333333333334,0.6607717041800644,2,6,6,0
ELEC001106,2024-01-21,weekend,Hostel Block 1,20-22,0.343,3656.83,False,False,1,0.6666666666666666,0.5145000000000001,2,7,6,0
ELEC001107,2024-01-21,weekend,Hostel Block 1,22-00,0.153,3656.98,False,False,1,0.272,0.5625,2,8,6,0
ELEC001108,2024-01-21,weekend,Hostel Block 2,06-08,0.171,3400.73,False,False,1,0.3346666666666666,0.5109561752988048,3,0,6,0
ELEC001109,2024-01-21,weekend,Hostel Block 2,08-10,0.51,3401.24,False,False,1,0.9593333333333334,0.5316191799861014,3,1,6,0
ELEC001110,2024-01-21,weekend,Hostel Block 2,10-12,0.629,3401.87,False,False,1,1.211666666666667,0.5191196698762036,3,2,6,0
ELEC001111,2024-01-21,weekend,Hostel Block 2,12-14,0.663,3402.53,False,False,1,1.1376666666666664,0.5827717550542046,3,3,6,0
ELEC001112,2024-01-21,weekend,Hostel Block 2,14-16,0.682,3403.21,False,False,1,1.1503333333333332,0.5928716314111853,3,4,6,0
ELEC001113,2024-01-21,weekend,Hostel Block 2,16-18,0.491,3403.7,False,False,1,0.9486666666666668,0.5175685172171469,3,5,6,0
ELEC001114,2024-01-21,weekend,Hostel Block 2,18-20,0.418,3404.12,False,False,1,0.8310000000000001,0.5030084235860408,3,6,6,0
ELEC001115,2024-01-21,weekend,Hostel Block 2,20-22,1.3956962885846735,3405.52,False,True,1,0.9665654295282248,1.4439749715297652,3,7,6,0
ELEC001116,2024-01-21,weekend,Hostel Block 2,22-00,0.5482125896928883,3406.07,False,True,1,0.4350708632309628,1.2600535591413826,3,8,6,0
ELEC001117,2024-01-21,weekend,Library,06-08,0.229,1690.26,False,False,1,0.4163333333333334,0.5500400320256205,5,0,6,1
ELEC001118,2024-01-21,weekend,Library,08-10,0.645,1690.9,False,False,1,1.2533333333333334,0.5146276595744681,5,1,6,0
ELEC001119,2024-01-21,weekend,Library,10-12,0.978,1691.88,False,False,1,1.648666666666667,0.5932066316215122,5,2,6,0
ELEC001120,2024-01-21,weekend,Library,12-14,0.793,1692.67,False,False,1,1.344,0.5900297619047619,5,3,6,0
ELEC001121,2024-01-21,weekend,Library,14-16,0.859,1693.53,False,False,1,1.3096666666666663,0.6558920844998728,5,4,6,0
ELEC001122,2024-01-21,weekend,Library,16-18,0.712,1694.24,False,False,1,1.2173333333333332,0.5848849945235488,5,5,6,0
ELEC001123,2024-01-21,weekend,Library,18-20,0.652,1694.89,False,False,1,1.084,0.6014760147601477,5,6,6,0
ELEC001124,2024-01-21,weekend,Library,20-22,0.445,1695.34,False,False,1,0.8166666666666665,0.5448979591836736,5,7,6,0
ELEC001125,2024-01-21,weekend,Library,22-00,0.227,1695.57,False,False,1,0.3813333333333333,0.5952797202797203,5,8,6,0
ELEC001126,2024-01-21,weekend,Labs Complex,06-08,0.234,4485.29,False,False,1,0.437,0.5354691075514875,4,0,6,0
ELEC001127,2024-01-21,weekend,Labs Complex,08-10,0.812,4486.1,False,False,1,1.1893333333333334,0.6827354260089686,4,1,6,0
ELEC001128,2024-01-21,weekend,Labs Complex,10-12,0.842,4486.94,False,False,1,1.477666666666667,0.5698172794946988,4,2,6,0
ELEC001129,2024-01-21,weekend,Labs Complex,12-14,0.826,4487.77,False,False,1,1.442,0.5728155339805825,4,3,6,0
ELEC001130,2024-01-21,weekend,Labs Complex,14-16,0.838,4488.61,False,False,1,1.4770000000000003,0.5673662830060933,4,4,6,0
ELEC001131,2024-01-21,weekend,Labs Complex,16-18,0.724,4489.33,False,False,1,1.1036666666666666,0.6559951676230746,4,5,6,0
ELEC001132,2024-01-21,weekend,Labs Complex,18-20,0.515,4489.85,False,False,1,0.9646666666666668,0.5338631651693159,4,6,6,0
ELEC001133,2024-01-21,weekend,Labs Complex,20-22,0.548,4490.4,False,False,1,0.8676666666666666,0.6315789473684211,4,7,6,0
ELEC001134,2024-01-21,weekend,Labs Complex,22-00,0.207,4490.61,False,False,1,0.383,0.5404699738903394,4,8,6,0
ELEC001135,2024-01-22,weekday,Academic Block A,06-08,0.995,1698.91,False,False,1,0.6823333333333332,1.4582315583781145,0,0,0,0
ELEC001136,2024-01-22,weekday,Academic Block A,08-10,2.897,1701.81,False,False,1,1.9553333333333327,1.4815888169110127,0,1,0,0
ELEC001137,2024-01-22,weekday,Academic Block A,10-12,3.009,1704.82,False,False,1,2.2263333333333333,1.3515496331786196,0,2,0,0
ELEC001138,2024-01-22,weekday,Academic Block A,12-14,3.201,1708.02,False,False,1,2.0703333333333336,1.5461278377072931,0,3,0,0
ELEC001139,2024-01-22,weekday,Academic Block A,14-16,3.291,1711.31,False,False,1,2.116333333333333,1.5550480390612698,0,4,0,1
ELEC001140,2024-01-22,weekday,Academic Block A,16-18,2.908,1714.22,False,False,1,1.995,1.4576441102756892,0,5,0,0
ELEC001141,2024-01-22,weekday,Academic Block A,18-20,2.479,1716.7,False,False,1,1.6863333333333337,1.470053370231271,0,6,0,0
ELEC001142,2024-01-22,weekday,Academic Block A,20-22,1.985,1718.68,False,False,1,1.3153333333333337,1.5091231626964012,0,7,0,0
ELEC001143,2024-01-22,weekday,Academic Block A,22-00,0.712,1719.39,False,False,1,0.4796666666666667,1.4843641417651146,0,8,0,0
ELEC001144,2024-01-22,weekday,Academic Block B,06-08,0.774,5191.22,False,False,1,0.5666666666666667,1.3658823529411763,1,0,0,0
ELEC001145,2024-01-22,weekday,Academic Block B,08-10,2.72,5193.94,False,False,1,1.8423333333333332,1.47638863759725,1,1,0,0
ELEC001146,2024-01-22,weekday,Academic Block B,10-12,3.32,5197.26,False,False,1,2.2623333333333333,1.4675114188890526,1,2,0,0
ELEC001147,2024-01-22,weekday,Academic Block B,12-14,3.049,5200.31,False,False,1,2.0716666666666668,1.471761866452132,1,3,0,0
ELEC001148,2024-01-22,weekday,Academic Block B,14-16,2.69,5203.0,False,False,1,1.9046666666666667,1.4123206160308015,1,4,0,0
ELEC001149,2024-01-22,weekday,Academic Block B,16-18,2.762,5205.76,False,False,1,1.8653333333333333,1.480700500357398,1,5,0,0
ELEC001150,2024-01-22,weekday,Academic Block B,18-20,2.208,5207.97,False,False,1,1.5140000000000005,1.4583883751651252,1,6,0,0
ELEC001151,2024-01-22,weekday,Academic Block B,20-22,1.842,5209.81,False,False,1,1.2573333333333334,1.4650053022269354,1,7,0,0
ELEC001152,2024-01-22,weekday,Academic Block B,22-00,0.666,5210.48,False,False,1,0.9426893934007324,0.7064893321833385,1,8,0,0
ELEC001153,2024-01-22,weekday,Hostel Block 1,06-08,0.431,3657.41,False,False,1,0.3036666666666667,1.4193194291986826,2,0,0,0
ELEC001154,2024-01-22,weekday,Hostel Block 1,08-10,1.53,3658.94,False,False,1,1.048,1.4599236641221374,2,1,0,0
ELEC001155,2024-01-22,weekday,Hostel Block 1,10-12,1.767,3660.71,False,False,1,1.2196666666666665,1.4487564908444932,2,2,0,0
ELEC001156,2024-01-22,weekday,Hostel Block 1,12-14,1.295,3662.01,False,False,1,0.921,1.4060803474484256,2,3,0,0
ELEC001157,2024-01-22,weekday,Hostel Block 1,14-16,1.625,3663.64,False,False,1,1.153333333333333,1.4089595375722543,2,4,0,0
ELEC001158,2024-01-22,weekday,Hostel Block 1,16-18,1.518,3665.16,False,False,1,1.0173333333333334,1.4921363040629094,2,5,0,0
ELEC001159,2024-01-22,weekday,Hostel Block 1,18-20,1.257,3666.42,False,False,1,0.8700000000000001,1.4448275862068962,2,6,0,0
ELEC001160,2024-01-22,weekday,Hostel Block 1,20-22,1.018,3667.44,False,False,1,0.6626666666666666,1.5362173038229376,2,7,0,0
ELEC001161,2024-01-22,weekday,Hostel Block 1,22-00,0.346,3667.79,False,False,1,0.2676666666666666,1.2926525529265254,2,8,0,0
ELEC001162,2024-01-22,weekday,Hostel Block 2,06-08,0.48,3406.55,False,False,1,0.32,1.5,3,0,0,0
ELEC001163,2024-01-22,weekday,Hostel Block 2,08-10,1.293,3407.84,False,False,1,0.8959999999999999,1.4430803571428572,3,1,0,0
ELEC001164,2024-01-22,weekday,Hostel Block 2,10-12,2.002,3409.84,False,False,1,1.2959999999999998,1.5447530864197532,3,2,0,0
ELEC001165,2024-01-22,weekday,Hostel Block 2,12-14,1.509,3411.35,False,False,1,1.0803333333333331,1.396791113853749,3,3,0,0
ELEC001166,2024-01-22,weekday,Hostel Block 2,14-16,1.572,3412.92,False,False,1,1.146,1.3717277486910997,3,4,0,0
ELEC001167,2024-01-22,weekday,Hostel Block 2,16-18,1.28,3414.2,False,False,1,0.9283333333333332,1.3788150807899462,3,5,0,0
ELEC001168,2024-01-22,weekday,Hostel Block 2,18-20,1.32,3635.895,False,False,1,0.8176666666666668,1.6143497757847531,3,6,0,0
ELEC001169,2024-01-22,weekday,Hostel Block 2,20-22,0.984,3416.5,False,False,1,1.010898762861558,0.9733912397069164,3,7,0,0
ELEC001170,2024-01-22,weekday,Hostel Block 2,22-00,0.423,3416.92,False,False,1,0.4300708632309627,0.9835588414945344,3,8,0,0
ELEC001171,2024-01-22,weekday,Library,06-08,0.556,1696.13,False,False,1,0.3826666666666667,1.4529616724738676,5,0,0,0
ELEC001172,2024-01-22,weekday,Library,08-10,1.985,1698.12,False,False,1,1.3343333333333334,1.4876342742942794,5,1,0,0
ELEC001173,2024-01-22,weekday,Library,10-12,2.332,1700.45,False,False,1,1.6796666666666669,1.3883707084739032,5,2,0,0
ELEC001174,2024-01-22,weekday,Library,12-14,2.064,1702.51,False,False,1,1.3816666666666666,1.4938480096501812,5,3,0,0
ELEC001175,2024-01-22,weekday,Library,14-16,1.835,1704.35,False,False,1,1.325,1.3849056603773584,5,4,0,0
ELEC001176,2024-01-22,weekday,Library,16-18,1.752,1706.1,False,False,1,1.181,1.483488569009314,5,5,0,0
ELEC001177,2024-01-22,weekday,Library,18-20,1.31,1707.41,False,False,1,0.9843333333333334,1.3308499830680665,5,6,0,0
ELEC001178,2024-01-22,weekday,Library,20-22,1.076,1708.49,False,False,1,0.8076666666666666,1.3322327692942637,5,7,0,0
ELEC001179,2024-01-22,weekday,Library,22-00,0.566,1709.06,False,False,1,0.388,1.4587628865979378,5,8,0,0
ELEC001180,2024-01-22,weekday,Labs Complex,06-08,0.681,4491.29,False,False,1,0.4643333333333333,1.4666188083273513,4,0,0,0
ELEC001181,2024-01-22,weekday,Labs Complex,08-10,1.785,4493.07,False,False,1,1.2363333333333333,1.4437853868967376,4,1,0,0
ELEC001182,2024-01-22,weekday,Labs Complex,10-12,2.099,4495.17,False,False,1,1.5166666666666666,1.383956043956044,4,2,0,0
ELEC001183,2024-01-22,weekday,Labs Complex,12-14,1.963,4497.13,False,False,1,1.409333333333333,1.392857142857143,4,3,0,0
ELEC001184,2024-01-22,weekday,Labs Complex,14-16,2.228,4499.36,False,False,1,1.4786666666666672,1.5067628494138858,4,4,0,0
ELEC001185,2024-01-22,weekday,Labs Complex,16-18,1.766,4501.13,False,False,1,1.1786666666666668,1.4983031674208145,4,5,0,0
ELEC001186,2024-01-22,weekday,Labs Complex,18-20,1.277,4502.41,False,False,1,0.9456666666666664,1.3503701092703562,4,6,0,0
ELEC001187,2024-01-22,weekday,Labs Complex,20-22,1.197,4503.61,False,False,1,0.8973333333333334,1.3339524517087666,4,7,0,0
ELEC001188,2024-01-22,weekday,Labs Complex,22-00,0.561,4504.17,False,False,1,0.3846666666666666,1.4584055459272098,4,8,0,0
ELEC001189,2024-01-23,weekday,Academic Block A,06-08,0.915,1720.31,False,False,1,0.7599999999999999,1.2039473684210529,0,0,1,0
ELEC001190,2024-01-23,weekday,Academic Block A,08-10,2.747,1723.06,False,False,1,2.2416666666666667,1.2254275092936802,0,1,1,0
ELEC001191,2024-01-23,weekday,Academic Block A,10-12,3.13,1726.19,False,False,1,2.489,1.2575331458417036,0,2,1,0
ELEC001192,2024-01-23,weekday,Academic Block A,12-14,2.821,1729.01,False,False,1,2.4036666666666666,1.1736236305644157,0,3,1,0
ELEC001193,2024-01-23,weekday,Academic Block A,14-16,3.384,1732.39,False,False,1,2.596,1.3035439137134053,0,4,1,0
ELEC001194,2024-01-23,weekday,Academic Block A,16-18,2.271,1734.66,False,False,1,2.106,1.0783475783475784,0,5,1,0
ELEC001195,2024-01-23,weekday,Academic Block A,18-20,2.341,1737.0,False,False,1,1.9290000000000005,1.2135821669258682,0,6,1,0
ELEC001196,2024-01-23,weekday,Academic Block A,20-22,1.993,1738.99,False,False,1,1.578,1.2629911280101394,0,7,1,0
ELEC001197,2024-01-23,weekday,Academic Block A,22-00,0.699,1739.69,False,False,1,0.5593333333333333,1.2497020262216925,0,8,1,0
ELEC001198,2024-01-23,weekday,Academic Block B,06-08,0.941,5211.42,False,False,1,0.6743333333333332,1.3954522985664854,1,0,1,0
ELEC001199,2024-01-23,weekday,Academic Block B,08-10,2.472,5213.89,False,False,1,2.1306666666666665,1.1602002503128912,1,1,1,0
ELEC001200,2024-01-23,weekday,Academic Block B,10-12,3.108,5217.0,False,False,1,2.559,1.2145369284876906,1,2,1,0
ELEC001201,2024-01-23,weekday,Academic Block B,12-14,2.785,5219.78,False,False,1,2.3796666666666666,1.1703319792688052,1,3,1,0
ELEC001202,2024-01-23,weekday,Academic Block B,14-16,3.071,5222.85,False,False,1,2.2916666666666665,1.3400727272727275,1,4,1,0
ELEC001203,2024-01-23,weekday,Academic Block B,16-18,2.712,5225.56,False,False,1,2.214,1.2249322493224932,1,5,1,0
ELEC001204,2024-01-23,weekday,Academic Block B,18-20,2.31,5227.87,False,False,1,1.7743333333333338,1.3018974262633851,1,6,1,0
ELEC001205,2024-01-23,weekday,Academic Block B,20-22,1.8,5229.67,False,False,1,1.4276666666666669,1.2607985057202893,1,7,1,0
ELEC001206,2024-01-23,weekday,Academic Block B,22-00,0.72,5230.39,False,False,1,0.5543333333333333,1.2988574864702345,1,8,1,0
ELEC001207,2024-01-23,weekday,Hostel Block 1,06-08,0.511,3668.3,False,False,1,0.3723333333333333,1.3724261414503134,2,0,1,0
ELEC001208,2024-01-23,weekday,Hostel Block 1,08-10,1.362,3669.66,False,False,1,1.154,1.1802426343154249,2,1,1,0
ELEC001209,2024-01-23,weekday,Hostel Block 1,10-12,1.875,3671.53,False,False,1,1.449333333333333,1.2936982520699176,2,2,1,0
ELEC001210,2024-01-23,weekday,Hostel Block 1,12-14,1.385,3672.92,False,False,1,1.078,1.284786641929499,2,3,1,0
ELEC001211,2024-01-23,weekday,Hostel Block 1,14-16,1.764,3674.68,False,False,1,1.354,1.3028064992614474,2,4,1,0
ELEC001212,2024-01-23,weekday,Hostel Block 1,16-18,1.451,3676.13,False,False,1,1.1966666666666668,1.2125348189415042,2,5,1,0
ELEC001213,2024-01-23,weekday,Hostel Block 1,18-20,1.221,3677.35,False,False,1,1.0086666666666666,1.210508922670192,2,6,1,0
ELEC001214,2024-01-23,weekday,Hostel Block 1,20-22,1.07,3678.42,False,False,1,0.8103333333333333,1.3204442616207324,2,7,1,0
ELEC001215,2024-01-23,weekday,Hostel Block 1,22-00,0.38,3678.8,False,False,1,0.293,1.2969283276450514,2,8,1,0
ELEC001216,2024-01-23,weekday,Hostel Block 2,06-08,0.465,3417.39,False,False,1,0.372,1.2499999999999998,3,0,1,0
ELEC001217,2024-01-23,weekday,Hostel Block 2,08-10,1.331,3418.72,False,False,1,1.0446666666666666,1.2740906190172303,3,1,1,0
ELEC001218,2024-01-23,weekday,Hostel Block 2,10-12,1.801,3420.52,False,False,1,1.4773333333333332,1.2190884476534296,3,2,1,0
ELEC001219,2024-01-23,weekday,Hostel Block 2,12-14,1.41,3421.93,False,False,1,1.194,1.1809045226130652,3,3,1,0
ELEC001220,2024-01-23,weekday,Hostel Block 2,14-16,1.669,3423.6,False,False,1,1.3076666666666668,1.2763191435126178,3,4,1,0
ELEC001221,2024-01-23,weekday,Hostel Block 2,16-18,1.266,3424.87,False,False,1,1.0123333333333333,1.250576226539348,3,5,1,0
ELEC001222,2024-01-23,weekday,Hostel Block 2,18-20,1.306,3426.18,False,False,1,1.0146666666666668,1.2871222076215505,3,6,1,0
ELEC001223,2024-01-23,weekday,Hostel Block 2,20-22,0.846,3427.03,False,False,1,1.0752320961948911,0.7868068698784995,3,7,1,0
ELEC001224,2024-01-23,weekday,Hostel Block 2,22-00,0.391,3427.42,False,False,1,0.4540708632309627,0.8610990743114874,3,8,1,0
ELEC001225,2024-01-23,weekday,Library,06-08,0.568,1709.63,False,False,1,0.451,1.2594235033259422,5,0,1,0
ELEC001226,2024-01-23,weekday,Library,08-10,2.037,1711.67,False,False,1,1.5556666666666663,1.3094064709663595,5,1,1,0
ELEC001227,2024-01-23,weekday,Library,10-12,2.113,1713.78,False,False,1,1.8076666666666668,1.1689101973077631,5,2,1,0
ELEC001228,2024-01-23,weekday,Library,12-14,2.178,1715.96,False,False,1,1.6783333333333337,1.297715988083416,5,3,1,0
ELEC001229,2024-01-23,weekday,Library,14-16,2.047,1718.01,False,False,1,1.5803333333333331,1.295296350980806,5,4,1,0
ELEC001230,2024-01-23,weekday,Library,16-18,1.632,1719.64,False,False,1,1.3653333333333333,1.1953125,5,5,1,0
ELEC001231,2024-01-23,weekday,Library,18-20,1.285,1720.93,False,False,1,1.0823333333333334,1.1872497690175543,5,6,1,0
ELEC001232,2024-01-23,weekday,Library,20-22,1.126,1722.06,False,False,1,0.8823333333333333,1.2761616924820551,5,7,1,0
ELEC001233,2024-01-23,weekday,Library,22-00,0.53,1722.59,False,False,1,0.441,1.2018140589569162,5,8,1,0
ELEC001234,2024-01-23,weekday,Labs Complex,06-08,0.628,4504.8,False,False,1,0.5143333333333334,1.2209980557355795,4,0,1,0
ELEC001235,2024-01-23,weekday,Labs Complex,08-10,2.036,4506.84,False,False,1,1.5443333333333331,1.318368227930067,4,1,1,0
ELEC001236,2024-01-23,weekday,Labs Complex,10-12,1.977,4508.82,False,False,1,1.6393333333333333,1.205978039853599,4,2,1,0
ELEC001237,2024-01-23,weekday,Labs Complex,12-14,2.045,4510.86,False,False,1,1.6113333333333333,1.2691352916839056,4,3,1,0
ELEC001238,2024-01-23,weekday,Labs Complex,14-16,1.973,4512.83,False,False,1,1.679666666666667,1.1746378249652707,4,4,1,0
ELEC001239,2024-01-23,weekday,Labs Complex,16-18,1.92,4514.75,False,False,1,1.47,1.3061224489795915,4,5,1,0
ELEC001240,2024-01-23,weekday,Labs Complex,18-20,1.534,4516.28,False,False,1,1.1086666666666665,1.383644016837042,4,6,1,0
ELEC001241,2024-01-23,weekday,Labs Complex,20-22,1.242,4798.735,False,False,1,0.9956666666666668,1.2474054235018412,4,7,1,0
ELEC001242,2024-01-23,weekday,Labs Complex,22-00,0.523,4518.05,False,False,1,0.4303333333333333,1.2153369481022465,4,8,1,0
ELEC001243,2024-01-24,weekday,Academic Block A,06-08,0.847,1740.54,False,False,1,0.919,0.9216539717083788,0,0,2,0
ELEC001244,2024-01-24,weekday,Academic Block A,08-10,2.427,1742.97,False,False,1,2.690333333333333,0.9021186965679594,0,1,2,0
ELEC001245,2024-01-24,weekday,Academic Block A,10-12,2.965,1745.93,False,False,1,3.0346666666666664,0.977043057996485,0,2,2,0
ELEC001246,2024-01-24,weekday,Academic Block A,12-14,2.876,1748.81,False,False,1,2.966,0.9696561024949428,0,3,2,0
ELEC001247,2024-01-24,weekday,Academic Block A,14-16,2.993,1751.8,False,False,1,3.2226666666666666,0.9287339677285892,0,4,2,0
ELEC001248,2024-01-24,weekday,Academic Block A,16-18,2.644,1754.44,False,False,1,2.607666666666667,1.0139332736801738,0,5,2,0
ELEC001249,2024-01-24,weekday,Academic Block A,18-20,1.947,1756.39,False,False,1,2.255666666666667,0.8631594502733855,0,6,2,0
ELEC001250,2024-01-24,weekday,Academic Block A,20-22,1.804,1758.19,False,False,1,1.9273333333333331,0.936008301625735,0,7,2,0
ELEC001251,2024-01-24,weekday,Academic Block A,22-00,0.672,1758.86,False,False,1,0.6943333333333332,0.9678348535765724,0,8,2,0
ELEC001252,2024-01-24,weekday,Academic Block B,06-08,0.825,5231.22,False,False,1,0.8466666666666667,0.9744094488188976,1,0,2,0
ELEC001253,2024-01-24,weekday,Academic Block B,08-10,2.928,5234.15,False,False,1,2.706666666666667,1.0817733990147782,1,1,2,0
ELEC001254,2024-01-24,weekday,Academic Block B,10-12,3.345,5237.49,False,False,1,3.2576666666666667,1.0268085541798837,1,2,2,0
ELEC001255,2024-01-24,weekday,Academic Block B,12-14,3.182,5240.67,False,False,1,3.005333333333333,1.0587843833185449,1,3,2,0
ELEC001256,2024-01-24,weekday,Academic Block B,14-16,3.168,5243.84,False,False,1,2.9763333333333333,1.0643969089483705,1,4,2,0
ELEC001257,2024-01-24,weekday,Academic Block B,16-18,2.765,5246.61,False,False,1,2.7463333333333337,1.0067969413763804,1,5,2,0
ELEC001258,2024-01-24,weekday,Academic Block B,18-20,2.465,5249.07,False,False,1,2.327666666666667,1.0590004296147786,1,6,2,0
ELEC001259,2024-01-24,weekday,Academic Block B,20-22,1.832,5250.9,False,False,1,1.8246666666666669,1.0040189989039094,1,7,2,0
ELEC001260,2024-01-24,weekday,Academic Block B,22-00,0.743,5251.64,False,False,1,0.7096666666666667,1.046970408642555,1,8,2,0
ELEC001261,2024-01-24,weekday,Hostel Block 1,06-08,0.448,3679.25,False,False,1,0.4633333333333333,0.966906474820144,2,0,2,0
ELEC001262,2024-01-24,weekday,Hostel Block 1,08-10,1.597,3680.85,False,False,1,1.4963333333333333,1.067275562486077,2,1,2,0
ELEC001263,2024-01-24,weekday,Hostel Block 1,10-12,1.795,3682.64,False,False,1,1.812333333333333,0.990435902151922,2,2,2,0
ELEC001264,2024-01-24,weekday,Hostel Block 1,12-14,1.742,3684.38,False,False,1,1.474,1.181818181818182,2,3,2,0
ELEC001265,2024-01-24,weekday,Hostel Block 1,14-16,1.833,3686.21,False,False,1,1.7406666666666666,1.0530448104174646,2,4,2,0
ELEC001266,2024-01-24,weekday,Hostel Block 1,16-18,1.235,3687.45,False,False,1,1.4013333333333335,0.8813035204567078,2,5,2,0
ELEC001267,2024-01-24,weekday,Hostel Block 1,18-20,1.024,3688.47,False,False,1,1.1673333333333331,0.8772130211307825,2,6,2,0
ELEC001268,2024-01-24,weekday,Hostel Block 1,20-22,0.961,3689.43,False,False,1,1.0163333333333333,0.945555919973762,2,7,2,0
ELEC001269,2024-01-24,weekday,Hostel Block 1,22-00,0.41,3689.84,False,False,1,0.3786666666666666,1.0827464788732395,2,8,2,0
ELEC001270,2024-01-24,weekday,Hostel Block 2,06-08,0.516,3427.94,False,False,1,0.487,1.0595482546201231,3,0,2,0
ELEC001271,2024-01-24,weekday,Hostel Block 2,08-10,1.556,3429.5,False,False,1,1.393333333333333,1.1167464114832537,3,1,2,0
ELEC001272,2024-01-24,weekday,Hostel Block 2,10-12,1.689,3431.19,False,False,1,1.8306666666666669,0.9226147123088128,3,2,2,0
ELEC001273,2024-01-24,weekday,Hostel Block 2,12-14,1.456,3432.65,False,False,1,1.458333333333333,0.9984000000000002,3,3,2,0
ELEC001274,2024-01-24,weekday,Hostel Block 2,14-16,1.632,3434.28,False,False,1,1.6243333333333332,1.004719885081059,3,4,2,0
ELEC001275,2024-01-24,weekday,Hostel Block 2,16-18,1.305,3435.59,False,False,1,1.2836666666666667,1.0166190599844196,3,5,2,0
ELEC001276,2024-01-24,weekday,Hostel Block 2,18-20,1.112,3436.7,False,False,1,1.2460000000000002,0.8924558587479935,3,6,2,0
ELEC001277,2024-01-24,weekday,Hostel Block 2,20-22,0.877,3437.58,False,False,1,0.9023333333333334,0.9719246398226818,3,7,2,0
ELEC001278,2024-01-24,weekday,Hostel Block 2,22-00,0.41,3437.99,False,False,1,0.4079999999999999,1.004901960784314,3,8,2,0
ELEC001279,2024-01-24,weekday,Library,06-08,0.602,1723.19,False,False,1,0.5753333333333334,1.0463499420625724,5,0,2,0
ELEC001280,2024-01-24,weekday,Library,08-10,1.845,1725.04,False,False,1,1.9556666666666669,0.9434123061189704,5,1,2,0
ELEC001281,2024-01-24,weekday,Library,10-12,2.502,1727.54,False,False,1,2.315666666666667,1.08046638836908,5,2,2,0
ELEC001282,2024-01-24,weekday,Library,12-14,7.298290621523978,1734.84,False,True,1,3.846763540507992,1.8972548077546216,5,3,2,1
ELEC001283,2024-01-24,weekday,Library,14-16,2.021,1736.86,False,False,1,1.967666666666667,1.0271048619346093,5,4,2,0
ELEC001284,2024-01-24,weekday,Library,16-18,1.459,1738.32,False,False,1,1.6143333333333334,0.903778649597357,5,5,2,0
ELEC001285,2024-01-24,weekday,Library,18-20,1.71,1740.03,False,False,1,1.4349999999999998,1.191637630662021,5,6,2,0
ELEC001286,2024-01-24,weekday,Library,20-22,1.14,1741.17,False,False,1,1.114,1.0233393177737882,5,7,2,0
ELEC001287,2024-01-24,weekday,Library,22-00,0.497,1741.67,False,False,1,0.531,0.935969868173258,5,8,2,0
ELEC001288,2024-01-24,weekday,Labs Complex,06-08,0.522,4518.57,False,False,1,0.6103333333333333,0.8552703440742765,4,0,2,0
ELEC001289,2024-01-24,weekday,Labs Complex,08-10,1.71,4520.28,False,False,1,1.8436666666666663,0.9274995480021696,4,1,2,0
ELEC001290,2024-01-24,weekday,Labs Complex,10-12,2.126,4522.41,False,False,1,2.067333333333333,1.0283779425991617,4,2,2,0
ELEC001291,2024-01-24,weekday,Labs Complex,12-14,1.902,4524.31,False,False,1,1.97,0.965482233502538,4,3,2,0
ELEC001292,2024-01-24,weekday,Labs Complex,14-16,2.038,4526.35,False,False,1,2.0796666666666668,0.979964737938772,4,4,2,0
ELEC001293,2024-01-24,weekday,Labs Complex,16-18,1.914,4528.26,False,False,1,1.8666666666666665,1.0253571428571429,4,5,2,0
ELEC001294,2024-01-24,weekday,Labs Complex,18-20,1.32,4529.58,False,False,1,1.377,0.9586056644880174,4,6,2,0
ELEC001295,2024-01-24,weekday,Labs Complex,20-22,1.134,4530.71,False,False,1,1.1909999999999998,0.9521410579345088,4,7,2,0
ELEC001296,2024-01-24,weekday,Labs Complex,22-00,0.548,4531.26,False,False,1,0.544,1.0073529411764706,4,8,2,0
ELEC001297,2024-01-25,weekday,Academic Block A,06-08,0.855,1759.71,False,False,1,0.8723333333333332,0.9801299197554452,0,0,3,0
ELEC001298,2024-01-25,weekday,Academic Block A,08-10,2.9,1762.61,False,False,1,2.691333333333333,1.0775328214020312,0,1,3,0
ELEC001299,2024-01-25,weekday,Academic Block A,10-12,3.195,1765.8,False,False,1,3.0966666666666662,1.0317545748116257,0,2,3,0
ELEC001300,2024-01-25,weekday,Academic Block A,12-14,3.146,1768.95,False,False,1,2.9476666666666667,1.067284858079837,0,3,3,0
ELEC001301,2024-01-25,weekday,Academic Block A,14-16,2.902,1771.85,False,False,1,3.093,0.9382476559974136,0,4,3,0
ELEC001302,2024-01-25,weekday,Academic Block A,16-18,2.589,1774.44,False,False,1,2.5013333333333336,1.0350479744136458,0,5,3,0
ELEC001303,2024-01-25,weekday,Academic Block A,18-20,2.0,1776.44,False,False,1,2.096,0.9541984732824428,0,6,3,0
ELEC001304,2024-01-25,weekday,Academic Block A,20-22,1.898,1778.34,False,False,1,1.8983333333333332,0.9998244073748902,0,7,3,0
ELEC001305,2024-01-25,weekday,Academic Block A,22-00,0.795,1779.13,False,False,1,0.722,1.1011080332409973,0,8,3,0
ELEC001306,2024-01-25,weekday,Academic Block B,06-08,0.77,5252.41,False,False,1,0.8453333333333334,0.9108832807570978,1,0,3,0
ELEC001307,2024-01-25,weekday,Academic Block B,08-10,2.893,5255.3,False,False,1,2.764333333333333,1.0465452791510912,1,1,3,0
ELEC001308,2024-01-25,weekday,Academic Block B,10-12,3.127,5258.43,False,False,1,3.1933333333333334,0.9792275574112734,1,2,3,0
ELEC001309,2024-01-25,weekday,Academic Block B,12-14,2.45,5260.88,False,False,1,2.8056666666666668,0.8732327432576928,1,3,3,0
ELEC001310,2024-01-25,weekday,Academic Block B,14-16,10.03842591157073,5270.92,False,True,1,5.425808637190244,1.8501253145501888,1,4,3,1
ELEC001311,2024-01-25,weekday,Academic Block B,16-18,2.338,5273.26,False,False,1,2.6050000000000004,0.8975047984644913,1,5,3,0
ELEC001312,2024-01-25,weekday,Academic Block B,18-20,2.022,5275.28,False,False,1,2.2656666666666667,0.8924525525967337,1,6,3,0
ELEC001313,2024-01-25,weekday,Academic Block B,20-22,1.815,5277.09,False,False,1,1.8156666666666668,0.9996328254084816,1,7,3,0
ELEC001314,2024-01-25,weekday,Academic Block B,22-00,0.821,5277.91,False,False,1,0.7613333333333333,1.0783712784588442,1,8,3,0
ELEC001315,2024-01-25,weekday,Hostel Block 1,06-08,0.499,3690.34,False,False,1,0.486,1.0267489711934157,2,0,3,0
ELEC001316,2024-01-25,weekday,Hostel Block 1,08-10,1.344,3691.68,False,False,1,1.4343333333333332,0.9370206832442484,2,1,3,0
ELEC001317,2024-01-25,weekday,Hostel Block 1,10-12,2.019,3693.7,False,False,1,1.8963333333333332,1.0646862365969414,2,2,3,0
ELEC001318,2024-01-25,weekday,Hostel Block 1,12-14,1.519,3695.22,False,False,1,1.5486666666666666,0.9808437365475676,2,3,3,0
ELEC001319,2024-01-25,weekday,Hostel Block 1,14-16,1.564,3696.78,False,False,1,1.7203333333333333,0.909126138345282,2,4,3,0
ELEC001320,2024-01-25,weekday,Hostel Block 1,16-18,1.391,3698.17,False,False,1,1.359,1.0235467255334805,2,5,3,0
ELEC001321,2024-01-25,weekday,Hostel Block 1,18-20,1.167,3699.34,False,False,1,1.1373333333333335,1.0260844079718638,2,6,3,0
ELEC001322,2024-01-25,weekday,Hostel Block 1,20-22,0.885,3700.23,False,False,1,0.972,0.910493827160494,2,7,3,0
ELEC001323,2024-01-25,weekday,Hostel Block 1,22-00,0.346,3700.58,False,False,1,0.3786666666666666,0.9137323943661972,2,8,3,0
ELEC001324,2024-01-25,weekday,Hostel Block 2,06-08,0.523,3438.51,False,False,1,0.5013333333333333,1.043218085106383,3,0,3,0
ELEC001325,2024-01-25,weekday,Hostel Block 2,08-10,1.56,3440.07,False,False,1,1.4823333333333333,1.052394872948055,3,1,3,0
ELEC001326,2024-01-25,weekday,Hostel Block 2,10-12,1.995,3442.07,False,False,1,1.8283333333333331,1.0911577028258888,3,2,3,0
ELEC001327,2024-01-25,weekday,Hostel Block 2,12-14,1.624,3443.69,False,False,1,1.4966666666666668,1.085077951002227,3,3,3,0
ELEC001328,2024-01-25,weekday,Hostel Block 2,14-16,1.518,3445.21,False,False,1,1.6063333333333334,0.9450093380369372,3,4,3,0
ELEC001329,2024-01-25,weekday,Hostel Block 2,16-18,1.271,3446.48,False,False,1,1.2806666666666666,0.9924518479958354,3,5,3,0
ELEC001330,2024-01-25,weekday,Hostel Block 2,18-20,1.025,3447.51,False,False,1,1.1476666666666668,0.8931164681963402,3,6,3,0
ELEC001331,2024-01-25,weekday,Hostel Block 2,20-22,1.068,3448.58,False,False,1,0.9303333333333336,1.1479756359727695,3,7,3,0
ELEC001332,2024-01-25,weekday,Hostel Block 2,22-00,0.429,3449.01,False,False,1,0.4099999999999999,1.0463414634146344,3,8,3,0
ELEC001333,2024-01-25,weekday,Library,06-08,0.628,1742.3,False,False,1,0.5993333333333333,1.0478309232480536,5,0,3,0
ELEC001334,2024-01-25,weekday,Library,08-10,1.655,1743.95,False,False,1,1.845666666666667,0.8966949611703087,5,1,3,0
ELEC001335,2024-01-25,weekday,Library,10-12,1.958,1745.91,False,False,1,2.1910000000000003,0.8936558649018712,5,2,3,0
ELEC001336,2024-01-25,weekday,Library,12-14,2.055,1747.97,False,False,1,3.8437635405079926,0.5346322629743272,5,3,3,1
ELEC001337,2024-01-25,weekday,Library,14-16,2.273,1750.24,False,False,1,2.1136666666666666,1.075382431793093,5,4,3,0
ELEC001338,2024-01-25,weekday,Library,16-18,3.9058312160326527,1754.15,False,True,1,2.3322770720108843,1.6746857665007415,5,5,3,1
ELEC001339,2024-01-25,weekday,Library,18-20,1.358,1755.51,False,False,1,1.4509999999999998,0.9359062715368712,5,6,3,0
ELEC001340,2024-01-25,weekday,Library,20-22,1.164,1756.67,False,False,1,1.143333333333333,1.018075801749271,5,7,3,0
ELEC001341,2024-01-25,weekday,Library,22-00,0.471,1757.14,False,False,1,0.4993333333333334,0.9432576769025364,5,8,3,0
ELEC001342,2024-01-25,weekday,Labs Complex,06-08,0.613,4531.87,False,False,1,0.5876666666666667,1.0431083380601247,4,0,3,0
ELEC001343,2024-01-25,weekday,Labs Complex,08-10,1.828,4533.7,False,False,1,1.858,0.9838536060279872,4,1,3,0
ELEC001344,2024-01-25,weekday,Labs Complex,10-12,2.03,4535.73,False,False,1,2.044333333333333,0.992988749388554,4,2,3,0
ELEC001345,2024-01-25,weekday,Labs Complex,12-14,1.802,4537.53,False,False,1,1.9163333333333328,0.9403374499913028,4,3,3,0
ELEC001346,2024-01-25,weekday,Labs Complex,14-16,1.952,4539.48,False,False,1,1.987666666666667,0.982056012074459,4,4,3,0
ELEC001347,2024-01-25,weekday,Labs Complex,16-18,5.713894699146834,4545.19,False,True,1,3.182631566382278,1.7953365257549625,4,5,3,1
ELEC001348,2024-01-25,weekday,Labs Complex,18-20,1.33,4546.52,False,False,1,1.3946666666666667,0.9536328871892924,4,6,3,0
ELEC001349,2024-01-25,weekday,Labs Complex,20-22,1.223,4798.735,False,False,1,1.1996666666666669,1.0194498471797722,4,7,3,0
ELEC001350,2024-01-25,weekday,Labs Complex,22-00,0.454,4548.2,False,False,1,0.5083333333333334,0.8931147540983605,4,8,3,0
ELEC001351,2024-01-26,weekday,Academic Block A,06-08,0.9,2138.22,False,False,1,0.8673333333333332,1.0376633358954652,0,0,4,0
ELEC001352,2024-01-26,weekday,Academic Block A,08-10,2.92,1782.95,False,False,1,2.749,1.0622044379774462,0,1,4,0
ELEC001353,2024-01-26,weekday,Academic Block A,10-12,3.435,1786.38,False,False,1,3.198333333333333,1.073996873371548,0,2,4,0
ELEC001354,2024-01-26,weekday,Academic Block A,12-14,3.22,1789.6,False,False,1,3.080666666666667,1.0452283055615668,0,3,4,0
ELEC001355,2024-01-26,weekday,Academic Block A,14-16,3.042,1792.64,False,False,1,2.978999999999999,1.0211480362537766,0,4,4,0
ELEC001356,2024-01-26,weekday,Academic Block A,16-18,2.239,1794.88,False,False,1,2.490666666666667,0.8989561027837258,0,5,4,0
ELEC001357,2024-01-26,weekday,Academic Block A,18-20,1.937,1796.82,False,False,1,1.9613333333333332,0.9875934738273284,0,6,4,0
ELEC001358,2024-01-26,weekday,Academic Block A,20-22,2.053,1798.87,False,False,1,1.9183333333333328,1.070199826238054,0,7,4,0
ELEC001359,2024-01-26,weekday,Academic Block A,22-00,0.64,1799.51,False,False,1,0.7023333333333334,0.91124822021832,0,8,4,0
ELEC001360,2024-01-26,weekday,Academic Block B,06-08,0.886,5278.8,False,False,1,0.827,1.071342200725514,1,0,4,0
ELEC001361,2024-01-26,weekday,Academic Block B,08-10,3.005,5281.81,False,False,1,2.942,1.0214140040788575,1,1,4,0
ELEC001362,2024-01-26,weekday,Academic Block B,10-12,3.242,5285.05,False,False,1,3.2379999999999995,1.001235330450896,1,2,4,0
ELEC001363,2024-01-26,weekday,Academic Block B,12-14,2.877,5287.93,False,False,1,2.8363333333333336,1.0143377600188035,1,3,4,0
ELEC001364,2024-01-26,weekday,Academic Block B,14-16,3.293,5291.22,False,False,1,5.499808637190243,0.5987481051126784,1,4,4,1
ELEC001365,2024-01-26,weekday,Academic Block B,16-18,2.883,5294.1,False,False,1,2.6620000000000004,1.0830202854996245,1,5,4,0
ELEC001366,2024-01-26,weekday,Academic Block B,18-20,2.426,5296.53,False,False,1,2.3043333333333336,1.0527990742080138,1,6,4,0
ELEC001367,2024-01-26,weekday,Academic Block B,20-22,2.009,5298.54,False,False,1,1.8853333333333333,1.0655940594059403,1,7,4,0
ELEC001368,2024-01-26,weekday,Academic Block B,22-00,0.721,5630.25,False,False,1,0.7616666666666667,0.9466083150984682,1,8,4,0
ELEC001369,2024-01-26,weekday,Hostel Block 1,06-08,0.504,3701.08,False,False,1,0.4836666666666667,1.0420399724328049,2,0,4,0
ELEC001370,2024-01-26,weekday,Hostel Block 1,08-10,4.370031486591327,3705.45,False,True,1,2.4370104955304424,1.7931935437315962,2,1,4,1
ELEC001371,2024-01-26,weekday,Hostel Block 1,10-12,1.927,3707.38,False,False,1,1.9136666666666664,1.0069674272774778,2,2,4,0
ELEC001372,2024-01-26,weekday,Hostel Block 1,12-14,1.33,3708.71,False,False,1,1.530333333333333,0.8690917011544327,2,3,4,0
ELEC001373,2024-01-26,weekday,Hostel Block 1,14-16,1.442,3710.15,False,False,1,1.6129999999999998,0.893986360818351,2,4,4,0
ELEC001374,2024-01-26,weekday,Hostel Block 1,16-18,1.332,3711.48,False,False,1,1.3193333333333337,1.009600808489136,2,5,4,0
ELEC001375,2024-01-26,weekday,Hostel Block 1,18-20,1.281,3712.76,False,False,1,1.1573333333333335,1.106854838709677,2,6,4,0
ELEC001376,2024-01-26,weekday,Hostel Block 1,20-22,0.852,3713.61,False,False,1,0.8993333333333333,0.9473684210526316,2,7,4,0
ELEC001377,2024-01-26,weekday,Hostel Block 1,22-00,0.41,3714.02,False,False,1,0.3886666666666666,1.0548885077186962,2,8,4,0
ELEC001378,2024-01-26,weekday,Hostel Block 2,06-08,0.448,3449.46,False,False,1,0.4956666666666667,0.9038332212508404,3,0,4,0
ELEC001379,2024-01-26,weekday,Hostel Block 2,08-10,1.35,3450.81,False,False,1,1.4886666666666668,0.9068517689207344,3,1,4,0
ELEC001380,2024-01-26,weekday,Hostel Block 2,10-12,1.699,3452.51,False,False,1,1.7943333333333331,0.9468697752182798,3,2,4,0
ELEC001381,2024-01-26,weekday,Hostel Block 2,12-14,1.534,3454.04,False,False,1,1.538,0.9973992197659298,3,3,4,0
ELEC001382,2024-01-26,weekday,Hostel Block 2,14-16,1.823,3455.86,False,False,1,1.6576666666666666,1.099738588377237,3,4,4,0
ELEC001383,2024-01-26,weekday,Hostel Block 2,16-18,1.507,3457.37,False,False,1,1.361,1.1072740631888316,3,5,4,0
ELEC001384,2024-01-26,weekday,Hostel Block 2,18-20,1.164,3458.53,False,False,1,1.1003333333333334,1.0578612541654042,3,6,4,0
ELEC001385,2024-01-26,weekday,Hostel Block 2,20-22,0.854,3459.38,False,False,1,0.9330000000000002,0.915326902465166,3,7,4,0
ELEC001386,2024-01-26,weekday,Hostel Block 2,22-00,0.417,3459.8,False,False,1,0.4186666666666666,0.996019108280255,3,8,4,0
ELEC001387,2024-01-26,weekday,Library,06-08,0.688,1757.83,False,False,1,0.6393333333333333,1.0761209593326382,5,0,4,0
ELEC001388,2024-01-26,weekday,Library,08-10,1.981,1759.81,False,False,1,1.827,1.0842911877394636,5,1,4,0
ELEC001389,2024-01-26,weekday,Library,10-12,2.326,1762.14,False,False,1,2.2620000000000005,1.0282935455349247,5,2,4,0
ELEC001390,2024-01-26,weekday,Library,12-14,1.678,1763.82,False,False,1,3.6770968738413257,0.4563382629207307,5,3,4,1
ELEC001391,2024-01-26,weekday,Library,14-16,1.975,1765.79,False,False,1,2.0896666666666666,0.9451268144839688,5,4,4,0
ELEC001392,2024-01-26,weekday,Library,16-18,1.593,1767.38,False,False,1,2.3192770720108844,0.6868519588385446,5,5,4,0
ELEC001393,2024-01-26,weekday,Library,18-20,1.521,1768.9,False,False,1,1.5296666666666667,0.9943342776203964,5,6,4,0
ELEC001394,2024-01-26,weekday,Library,20-22,1.342,1770.24,False,False,1,1.2153333333333334,1.104223806911684,5,7,4,0
ELEC001395,2024-01-26,weekday,Library,22-00,0.523,1770.76,False,False,1,0.497,1.0523138832997987,5,8,4,0
ELEC001396,2024-01-26,weekday,Labs Complex,06-08,2.078307282928536,4550.28,False,True,1,1.0711024276428451,1.940344106494304,4,0,4,0
ELEC001397,2024-01-26,weekday,Labs Complex,08-10,1.768,4552.05,False,False,1,1.7686666666666666,0.9996230682246514,4,1,4,0
ELEC001398,2024-01-26,weekday,Labs Complex,10-12,2.206,4554.26,False,False,1,2.1206666666666663,1.0402389185790637,4,2,4,0
ELEC001399,2024-01-26,weekday,Labs Complex,12-14,2.139,4556.4,False,False,1,1.9476666666666669,1.0982372069142563,4,3,4,0
ELEC001400,2024-01-26,weekday,Labs Complex,14-16,1.954,4558.35,False,False,1,1.9813333333333332,0.9862045760430684,4,4,4,0
ELEC001401,2024-01-26,weekday,Labs Complex,16-18,1.75,4560.1,False,False,1,3.1259648997156115,0.5598271433435508,4,5,4,0
ELEC001402,2024-01-26,weekday,Labs Complex,18-20,1.288,4561.39,False,False,1,1.3126666666666669,0.9812087353986794,4,6,4,0
ELEC001403,2024-01-26,weekday,Labs Complex,20-22,1.306,4562.7,False,False,1,1.221,1.0696150696150697,4,7,4,0
ELEC001404,2024-01-26,weekday,Labs Complex,22-00,0.45,4563.15,False,False,1,0.484,0.9297520661157024,4,8,4,0
ELEC001405,2024-01-27,saturday,Academic Block A,06-08,0.609,1800.12,False,False,1,0.7879999999999999,0.7728426395939086,0,0,5,0
ELEC001406,2024-01-27,saturday,Academic Block A,08-10,1.955,1802.07,False,False,1,2.591666666666667,0.7543408360128617,0,1,5,0
ELEC001407,2024-01-27,saturday,Academic Block A,10-12,2.559,2138.22,False,False,1,3.063,0.8354554358472086,0,2,5,0
ELEC001408,2024-01-27,saturday,Academic Block A,12-14,2.01,1806.64,False,False,1,2.792,0.7199140401146131,0,3,5,0
ELEC001409,2024-01-27,saturday,Academic Block A,14-16,2.068,1808.71,False,False,1,2.670666666666666,0.7743384922616078,0,4,5,0
ELEC001410,2024-01-27,saturday,Academic Block A,16-18,1.964,1810.67,False,False,1,2.264,0.8674911660777386,0,5,5,0
ELEC001411,2024-01-27,saturday,Academic Block A,18-20,1.652,1812.32,False,False,1,1.863,0.886741814278046,0,6,5,0
ELEC001412,2024-01-27,saturday,Academic Block A,20-22,1.24,1813.56,False,False,1,1.7303333333333333,0.7166249277595839,0,7,5,0
ELEC001413,2024-01-27,saturday,Academic Block A,22-00,0.594,1814.15,False,False,1,0.6763333333333333,0.878265155248891,0,8,5,0
ELEC001414,2024-01-27,saturday,Academic Block B,06-08,0.578,5299.84,False,False,1,0.7446666666666667,0.7761862130707251,1,0,5,0
ELEC001415,2024-01-27,saturday,Academic Block B,08-10,2.152,5301.99,False,False,1,2.683333333333333,0.8019875776397517,1,1,5,0
ELEC001416,2024-01-27,saturday,Academic Block B,10-12,2.508,5304.5,False,False,1,2.959,0.8475836431226766,1,2,5,0
ELEC001417,2024-01-27,saturday,Academic Block B,12-14,1.768,5306.27,False,False,1,2.365,0.7475687103594081,1,3,5,0
ELEC001418,2024-01-27,saturday,Academic Block B,14-16,2.303,5308.57,False,False,1,5.21147530385691,0.4419094144599697,1,4,5,1
ELEC001419,2024-01-27,saturday,Academic Block B,16-18,1.548,5310.12,False,False,1,2.256333333333333,0.68606884325602,1,5,5,0
ELEC001420,2024-01-27,saturday,Academic Block B,18-20,1.416,5311.54,False,False,1,1.954666666666667,0.724420190995907,1,6,5,0
ELEC001421,2024-01-27,saturday,Academic Block B,20-22,1.137,5312.68,False,False,1,1.6536666666666668,0.6875629913323926,1,7,5,0
ELEC001422,2024-01-27,saturday,Academic Block B,22-00,0.529,5313.21,False,False,1,0.6903333333333334,0.7662964751327861,1,8,5,0
ELEC001423,2024-01-27,saturday,Hostel Block 1,06-08,0.323,3714.34,False,False,1,0.442,0.7307692307692308,2,0,5,0
ELEC001424,2024-01-27,saturday,Hostel Block 1,08-10,0.936,3715.28,False,False,1,2.2166771621971093,0.4222536398003318,2,1,5,0
ELEC001425,2024-01-27,saturday,Hostel Block 1,10-12,1.118,3716.4,False,False,1,1.688,0.6623222748815166,2,2,5,0
ELEC001426,2024-01-27,saturday,Hostel Block 1,12-14,1.155,3717.56,False,False,1,1.334666666666667,0.8653846153846153,2,3,5,0
ELEC001427,2024-01-27,saturday,Hostel Block 1,14-16,1.107,3718.67,False,False,1,1.3709999999999998,0.8074398249452955,2,4,5,0
ELEC001428,2024-01-27,saturday,Hostel Block 1,16-18,1.004,3719.67,False,False,1,1.2423333333333333,0.8081566943922727,2,5,5,0
ELEC001429,2024-01-27,saturday,Hostel Block 1,18-20,0.731,3720.4,False,False,1,1.0596666666666668,0.6898395721925132,2,6,5,0
ELEC001430,2024-01-27,saturday,Hostel Block 1,20-22,0.675,3721.08,False,False,1,0.8039999999999999,0.8395522388059703,2,7,5,0
ELEC001431,2024-01-27,saturday,Hostel Block 1,22-00,0.279,3721.36,False,False,1,0.345,0.808695652173913,2,8,5,0
ELEC001432,2024-01-27,saturday,Hostel Block 2,06-08,0.372,3460.17,False,False,1,0.4476666666666666,0.8309754281459419,3,0,5,0
ELEC001433,2024-01-27,saturday,Hostel Block 2,08-10,0.866,3461.04,False,False,1,1.2586666666666668,0.6880296610169491,3,1,5,0
ELEC001434,2024-01-27,saturday,Hostel Block 2,10-12,1.226,3462.27,False,False,1,1.64,0.7475609756097561,3,2,5,0
ELEC001435,2024-01-27,saturday,Hostel Block 2,12-14,1.005,3463.28,False,False,1,1.3876666666666668,0.7242373288493873,3,3,5,0
ELEC001436,2024-01-27,saturday,Hostel Block 2,14-16,1.007,3464.29,False,False,1,1.4493333333333334,0.6948022079116835,3,4,5,0
ELEC001437,2024-01-27,saturday,Hostel Block 2,16-18,0.938,3465.23,False,False,1,1.2386666666666668,0.7572658772874057,3,5,5,0
ELEC001438,2024-01-27,saturday,Hostel Block 2,18-20,0.933,3466.16,False,False,1,1.0406666666666666,0.8965406790518899,3,6,5,0
ELEC001439,2024-01-27,saturday,Hostel Block 2,20-22,0.743,3466.9,False,False,1,0.8883333333333335,0.8363977485928703,3,7,5,0
ELEC001440,2024-01-27,saturday,Hostel Block 2,22-00,0.244,3467.14,False,False,1,0.3633333333333333,0.671559633027523,3,8,5,0
ELEC001441,2024-01-27,saturday,Library,06-08,0.415,1771.17,False,False,1,0.577,0.7192374350086655,5,0,5,0
ELEC001442,2024-01-27,saturday,Library,08-10,1.248,1772.42,False,False,1,1.628,0.7665847665847665,5,1,5,0
ELEC001443,2024-01-27,saturday,Library,10-12,1.387,1773.81,False,False,1,1.8903333333333336,0.7337330276847116,5,2,5,0
ELEC001444,2024-01-27,saturday,Library,12-14,1.329,1775.14,False,False,1,1.6873333333333331,0.7876333465033585,5,3,5,0
ELEC001445,2024-01-27,saturday,Library,14-16,1.43,1776.57,False,False,1,1.8926666666666667,0.7555477280732652,5,4,5,0
ELEC001446,2024-01-27,saturday,Library,16-18,1.136,1777.71,False,False,1,2.2116104053442176,0.513652855518733,5,5,5,0
ELEC001447,2024-01-27,saturday,Library,18-20,1.143,1778.85,False,False,1,1.340666666666667,0.8525609149676778,5,6,5,0
ELEC001448,2024-01-27,saturday,Library,20-22,0.746,1779.6,False,False,1,1.084,0.6881918819188192,5,7,5,0
ELEC001449,2024-01-27,saturday,Library,22-00,0.338,1779.94,False,False,1,0.444,0.7612612612612613,5,8,5,0
ELEC001450,2024-01-27,saturday,Labs Complex,06-08,0.403,4563.55,False,False,1,1.0314357609761786,0.3907174981198925,4,0,5,0
ELEC001451,2024-01-27,saturday,Labs Complex,08-10,1.303,4564.85,False,False,1,1.633,0.797917942437232,4,1,5,0
ELEC001452,2024-01-27,saturday,Labs Complex,10-12,1.631,4566.48,False,False,1,1.9556666666666669,0.8339867053008352,4,2,5,0
ELEC001453,2024-01-27,saturday,Labs Complex,12-14,1.451,4567.93,False,False,1,1.7973333333333332,0.8073071216617211,4,3,5,0
ELEC001454,2024-01-27,saturday,Labs Complex,14-16,1.512,4569.44,False,False,1,1.8060000000000005,0.8372093023255813,4,4,5,0
ELEC001455,2024-01-27,saturday,Labs Complex,16-18,1.297,4570.74,False,False,1,2.920298233048945,0.4441327208714103,4,5,5,0
ELEC001456,2024-01-27,saturday,Labs Complex,18-20,1.041,4571.78,False,False,1,1.219666666666667,0.853511888494124,4,6,5,0
ELEC001457,2024-01-27,saturday,Labs Complex,20-22,0.834,4572.61,False,False,1,1.121,0.7439785905441569,4,7,5,0
ELEC001458,2024-01-27,saturday,Labs Complex,22-00,0.356,4572.97,False,False,1,0.42,0.8476190476190476,4,8,5,0
ELEC001459,2024-01-28,weekend,Academic Block A,06-08,0.332,1814.48,False,False,1,0.6136666666666666,0.5410103204780012,0,0,6,0
ELEC001460,2024-01-28,weekend,Academic Block A,08-10,0.944,1815.42,False,False,1,1.9396666666666664,0.486681560405568,0,1,6,0
ELEC001461,2024-01-28,weekend,Academic Block A,10-12,1.385,1816.81,False,False,1,2.4596666666666667,0.5630844287843881,0,2,6,0
ELEC001462,2024-01-28,weekend,Academic Block A,12-14,1.156,1817.97,False,False,1,2.1286666666666663,0.5430629502035704,0,3,6,0
ELEC001463,2024-01-28,weekend,Academic Block A,14-16,1.361,1819.33,False,False,1,2.157,0.6309689383402876,0,4,6,0
ELEC001464,2024-01-28,weekend,Academic Block A,16-18,1.113,1820.44,False,False,1,1.772,0.6281038374717833,0,5,6,0
ELEC001465,2024-01-28,weekend,Academic Block A,18-20,0.862,1821.3,False,False,1,1.4836666666666665,0.5809930352729724,0,6,6,0
ELEC001466,2024-01-28,weekend,Academic Block A,20-22,0.759,1822.06,False,False,1,1.350666666666667,0.561944718657453,0,7,6,0
ELEC001467,2024-01-28,weekend,Academic Block A,22-00,0.29,1822.35,False,False,1,0.508,0.5708661417322834,0,8,6,0
ELEC001468,2024-01-28,weekend,Academic Block B,06-08,0.377,5313.59,False,False,1,0.6136666666666666,0.6143400325909832,1,0,6,0
ELEC001469,2024-01-28,weekend,Academic Block B,08-10,0.926,5314.52,False,False,1,2.0276666666666667,0.4566825579483807,1,1,6,0
ELEC001470,2024-01-28,weekend,Academic Block B,10-12,1.401,5315.92,False,False,1,2.3836666666666666,0.5877499650398545,1,2,6,0
ELEC001471,2024-01-28,weekend,Academic Block B,12-14,1.111,5317.03,False,False,1,1.9186666666666663,0.5790479499652537,1,3,6,0
ELEC001472,2024-01-28,weekend,Academic Block B,14-16,1.11,5318.14,False,False,1,2.2353333333333336,0.4965702356099015,1,4,6,0
ELEC001473,2024-01-28,weekend,Academic Block B,16-18,0.967,5319.11,False,False,1,1.7993333333333337,0.5374212671359763,1,5,6,0
ELEC001474,2024-01-28,weekend,Academic Block B,18-20,0.937,5320.05,False,False,1,1.5930000000000002,0.5881983678593847,1,6,6,0
ELEC001475,2024-01-28,weekend,Academic Block B,20-22,0.799,5320.85,False,False,1,1.3149999999999995,0.6076045627376427,1,7,6,0
ELEC001476,2024-01-28,weekend,Academic Block B,22-00,0.266,5321.12,False,False,1,0.5053333333333333,0.5263852242744064,1,8,6,0
ELEC001477,2024-01-28,weekend,Hostel Block 1,06-08,0.175,3721.54,False,False,1,0.334,0.5239520958083832,2,0,6,0
ELEC001478,2024-01-28,weekend,Hostel Block 1,08-10,0.628,3722.17,False,False,1,1.9780104955304425,0.3174907319344579,2,1,6,0
ELEC001479,2024-01-28,weekend,Hostel Block 1,10-12,0.623,3722.79,False,False,1,1.2226666666666666,0.5095419847328244,2,2,6,0
ELEC001480,2024-01-28,weekend,Hostel Block 1,12-14,0.526,3723.32,False,False,1,1.0036666666666667,0.524078379275988,2,3,6,0
ELEC001481,2024-01-28,weekend,Hostel Block 1,14-16,0.582,3723.9,False,False,1,1.0436666666666663,0.5576493133184287,2,4,6,0
ELEC001482,2024-01-28,weekend,Hostel Block 1,16-18,0.592,3724.49,False,False,1,0.976,0.6065573770491802,2,5,6,0
ELEC001483,2024-01-28,weekend,Hostel Block 1,18-20,0.411,3724.9,False,False,1,0.8076666666666669,0.5088732975650019,2,6,6,0
ELEC001484,2024-01-28,weekend,Hostel Block 1,20-22,0.42,3725.32,False,False,1,0.6489999999999999,0.6471494607087828,2,7,6,0
ELEC001485,2024-01-28,weekend,Hostel Block 1,22-00,0.177,3725.5,False,False,1,0.2886666666666666,0.6131639722863742,2,8,6,0
ELEC001486,2024-01-28,weekend,Hostel Block 2,06-08,0.18,3467.32,False,False,1,0.3333333333333333,0.54,3,0,6,0
ELEC001487,2024-01-28,weekend,Hostel Block 2,08-10,0.626,3467.95,False,False,1,0.9473333333333334,0.6608022519352569,3,1,6,0
ELEC001488,2024-01-28,weekend,Hostel Block 2,10-12,0.612,3468.56,False,False,1,1.179,0.5190839694656488,3,2,6,0
ELEC001489,2024-01-28,weekend,Hostel Block 2,12-14,1.467901622732183,3470.03,False,True,1,1.335633874244061,1.0990299445369958,3,3,6,0
ELEC001490,2024-01-28,weekend,Hostel Block 2,14-16,0.651,3470.68,False,False,1,1.1603333333333332,0.5610456765297329,3,4,6,0
ELEC001491,2024-01-28,weekend,Hostel Block 2,16-18,0.557,3471.24,False,False,1,1.0006666666666668,0.5566289140572951,3,5,6,0
ELEC001492,2024-01-28,weekend,Hostel Block 2,18-20,0.428,3635.895,False,False,1,0.8416666666666669,0.5085148514851484,3,6,6,0
ELEC001493,2024-01-28,weekend,Hostel Block 2,20-22,1.343193952796947,3473.01,False,True,1,0.9800646509323158,1.3705156608997109,3,7,6,0
ELEC001494,2024-01-28,weekend,Hostel Block 2,22-00,0.182,3473.19,False,False,1,0.2809999999999999,0.6476868327402137,3,8,6,0
ELEC001495,2024-01-28,weekend,Library,06-08,0.266,1780.21,False,False,1,0.4563333333333333,0.5829072315558803,5,0,6,0
ELEC001496,2024-01-28,weekend,Library,08-10,0.821,1781.03,False,False,1,1.3500000000000003,0.608148148148148,5,1,6,0
ELEC001497,2024-01-28,weekend,Library,10-12,1.0,1782.03,False,False,1,1.5710000000000004,0.6365372374283894,5,2,6,0
ELEC001498,2024-01-28,weekend,Library,12-14,0.735,1782.76,False,False,1,1.247333333333333,0.5892570817744524,5,3,6,0
ELEC001499,2024-01-28,weekend,Library,14-16,0.753,1783.51,False,False,1,1.386,0.5432900432900433,5,4,6,0
ELEC001500,2024-01-28,weekend,Library,16-18,0.744,1784.25,False,False,1,1.1576666666666666,0.6426720414627124,5,5,6,0
ELEC001501,2024-01-28,weekend,Library,18-20,0.526,1784.78,False,False,1,1.0633333333333332,0.4946708463949844,5,6,6,0
ELEC001502,2024-01-28,weekend,Library,20-22,0.528,1785.31,False,False,1,0.872,0.6055045871559633,5,7,6,0
ELEC001503,2024-01-28,weekend,Library,22-00,0.226,1785.54,False,False,1,0.3623333333333334,0.623735050597976,5,8,6,0
ELEC001504,2024-01-28,weekend,Labs Complex,06-08,0.23,4573.2,False,False,1,0.903769094309512,0.254489782233284,4,0,6,1
ELEC001505,2024-01-28,weekend,Labs Complex,08-10,0.747,4573.95,False,False,1,1.2726666666666666,0.5869565217391305,4,1,6,0
ELEC001506,2024-01-28,weekend,Labs Complex,10-12,0.877,4574.83,False,False,1,1.5713333333333337,0.5581247348324141,4,2,6,0
ELEC001507,2024-01-28,weekend,Labs Complex,12-14,0.697,4575.53,False,False,1,1.429,0.4877536738978306,4,3,6,0
ELEC001508,2024-01-28,weekend,Labs Complex,14-16,0.881,4576.41,False,False,1,1.4490000000000005,0.6080055210489991,4,4,6,0
ELEC001509,2024-01-28,weekend,Labs Complex,16-18,0.766,4577.18,False,False,1,1.271,0.6026750590086546,4,5,6,0
ELEC001510,2024-01-28,weekend,Labs Complex,18-20,0.577,4577.76,False,False,1,0.9686666666666666,0.5956641431520991,4,6,6,0
ELEC001511,2024-01-28,weekend,Labs Complex,20-22,0.55,4578.31,False,False,1,0.8966666666666665,0.613382899628253,4,7,6,0
ELEC001512,2024-01-28,weekend,Labs Complex,22-00,0.223,4578.53,False,False,1,0.343,0.6501457725947521,4,8,6,0
ELEC001513,2024-01-29,weekday,Academic Block A,06-08,0.935,1823.28,False,False,1,0.6253333333333333,1.4952025586353943,0,0,0,1
ELEC001514,2024-01-29,weekday,Academic Block A,08-10,2.336,1825.62,False,False,1,1.745,1.3386819484240688,0,1,0,0
ELEC001515,2024-01-29,weekday,Academic Block A,10-12,3.706,1829.33,False,False,1,2.5500000000000003,1.4533333333333331,0,2,0,1
ELEC001516,2024-01-29,weekday,Academic Block A,12-14,2.854,1832.18,False,False,1,2.0066666666666664,1.422259136212625,0,3,0,0
ELEC001517,2024-01-29,weekday,Academic Block A,14-16,2.775,1834.96,False,False,1,2.068,1.3418762088974856,0,4,0,0
ELEC001518,2024-01-29,weekday,Academic Block A,16-18,2.56,1837.52,False,False,1,1.879,1.3624268227780734,0,5,0,0
ELEC001519,2024-01-29,weekday,Academic Block A,18-20,2.314,1839.83,False,False,1,1.609333333333333,1.4378624689312347,0,6,0,0
ELEC001520,2024-01-29,weekday,Academic Block A,20-22,1.735,1841.56,False,False,1,1.2446666666666668,1.393947509373326,0,7,0,0
ELEC001521,2024-01-29,weekday,Academic Block A,22-00,0.761,1842.32,False,False,1,0.5483333333333332,1.387841945288754,0,8,0,0
ELEC001522,2024-01-29,weekday,Academic Block B,06-08,0.789,5321.91,False,False,1,0.5813333333333334,1.3572247706422018,1,0,0,0
ELEC001523,2024-01-29,weekday,Academic Block B,08-10,2.386,5324.3,False,False,1,1.8213333333333332,1.310029282576867,1,1,0,0
ELEC001524,2024-01-29,weekday,Academic Block B,10-12,2.91,5327.21,False,False,1,2.273,1.2802463704355478,1,2,0,0
ELEC001525,2024-01-29,weekday,Academic Block B,12-14,2.806,5330.02,False,False,1,1.895,1.4807387862796833,1,3,0,0
ELEC001526,2024-01-29,weekday,Academic Block B,14-16,2.958,5332.98,False,False,1,2.123666666666667,1.3928739601318474,1,4,0,0
ELEC001527,2024-01-29,weekday,Academic Block B,16-18,2.737,5335.72,False,False,1,1.7506666666666668,1.5634044173648134,1,5,0,0
ELEC001528,2024-01-29,weekday,Academic Block B,18-20,2.047,5337.77,False,False,1,1.466666666666667,1.395681818181818,1,6,0,0
ELEC001529,2024-01-29,weekday,Academic Block B,20-22,1.564,5339.33,False,False,1,1.1666666666666667,1.3405714285714283,1,7,0,0
ELEC001530,2024-01-29,weekday,Academic Block B,22-00,0.779,5340.11,False,False,1,0.5246666666666667,1.4847522236340531,1,8,0,0
ELEC001531,2024-01-29,weekday,Hostel Block 1,06-08,0.469,3725.97,False,False,1,0.3223333333333333,1.4550155118924508,2,0,0,0
ELEC001532,2024-01-29,weekday,Hostel Block 1,08-10,1.285,3727.25,False,False,1,0.9496666666666668,1.353106353106353,2,1,0,0
ELEC001533,2024-01-29,weekday,Hostel Block 1,10-12,1.664,3728.91,False,False,1,1.1349999999999998,1.4660792951541852,2,2,0,0
ELEC001534,2024-01-29,weekday,Hostel Block 1,12-14,1.701,3730.61,False,False,1,1.1273333333333333,1.5088704908338262,2,3,0,0
ELEC001535,2024-01-29,weekday,Hostel Block 1,14-16,1.568,3732.18,False,False,1,1.0856666666666666,1.444273871661038,2,4,0,0
ELEC001536,2024-01-29,weekday,Hostel Block 1,16-18,1.503,3733.68,False,False,1,1.033,1.4549854791868344,2,5,0,0
ELEC001537,2024-01-29,weekday,Hostel Block 1,18-20,1.049,3734.73,False,False,1,0.7303333333333333,1.436330442720219,2,6,0,0
ELEC001538,2024-01-29,weekday,Hostel Block 1,20-22,0.913,3899.35,False,False,1,0.6693333333333333,1.3640438247011952,2,7,0,0
ELEC001539,2024-01-29,weekday,Hostel Block 1,22-00,0.415,3736.06,False,False,1,0.2903333333333333,1.4293915040183696,2,8,0,0
ELEC001540,2024-01-29,weekday,Hostel Block 2,06-08,0.513,3473.7,False,False,1,0.355,1.4450704225352111,3,0,0,0
ELEC001541,2024-01-29,weekday,Hostel Block 2,08-10,1.419,3475.12,False,False,1,0.9703333333333334,1.4623840604603229,3,1,0,0
ELEC001542,2024-01-29,weekday,Hostel Block 2,10-12,1.722,3476.84,False,False,1,1.1866666666666668,1.451123595505618,3,2,0,0
ELEC001543,2024-01-29,weekday,Hostel Block 2,12-14,1.563,3478.4,False,False,1,1.3453005409107277,1.1618221746509492,3,3,0,0
ELEC001544,2024-01-29,weekday,Hostel Block 2,14-16,1.728,3635.895,False,False,1,1.1286666666666665,1.531010041346722,3,4,0,0
ELEC001545,2024-01-29,weekday,Hostel Block 2,16-18,1.194,3481.32,False,False,1,0.8963333333333333,1.3320937151357382,3,5,0,0
ELEC001546,2024-01-29,weekday,Hostel Block 2,18-20,1.241,3482.56,False,False,1,0.8673333333333334,1.4308224442736357,3,6,0,0
ELEC001547,2024-01-29,weekday,Hostel Block 2,20-22,0.91,3483.47,False,False,1,0.9987313175989824,0.9111559675406008,3,7,0,0
ELEC001548,2024-01-29,weekday,Hostel Block 2,22-00,0.458,3483.93,False,False,1,0.2946666666666666,1.554298642533937,3,8,0,0
ELEC001549,2024-01-29,weekday,Library,06-08,0.608,1786.15,False,False,1,0.4296666666666666,1.4150504266873545,5,0,0,0
ELEC001550,2024-01-29,weekday,Library,08-10,1.696,1787.85,False,False,1,1.255,1.3513944223107568,5,1,0,0
ELEC001551,2024-01-29,weekday,Library,10-12,2.042,1789.89,False,False,1,1.4763333333333335,1.3831564687288325,5,2,0,0
ELEC001552,2024-01-29,weekday,Library,12-14,2.132,1792.02,False,False,1,1.3986666666666665,1.5243088655862729,5,3,0,0
ELEC001553,2024-01-29,weekday,Library,14-16,1.945,2008.86,False,False,1,1.376,1.413517441860465,5,4,0,0
ELEC001554,2024-01-29,weekday,Library,16-18,1.945,1795.91,False,False,1,1.275,1.5254901960784313,5,5,0,0
ELEC001555,2024-01-29,weekday,Library,18-20,1.409,1797.32,False,False,1,1.026,1.3732943469785577,5,6,0,0
ELEC001556,2024-01-29,weekday,Library,20-22,1.065,1798.38,False,False,1,0.7796666666666666,1.3659683625480974,5,7,0,0
ELEC001557,2024-01-29,weekday,Library,22-00,0.494,1798.87,False,False,1,0.3526666666666667,1.4007561436672964,5,8,0,0
ELEC001558,2024-01-29,weekday,Labs Complex,06-08,0.666,4579.2,False,False,1,0.433,1.53810623556582,4,0,0,0
ELEC001559,2024-01-29,weekday,Labs Complex,08-10,4.308990678940449,4583.51,False,True,1,2.1196635596468165,2.0328653853248406,4,1,0,1
ELEC001560,2024-01-29,weekday,Labs Complex,10-12,2.515,4586.03,False,False,1,1.6743333333333332,1.5020903842325306,4,2,0,0
ELEC001561,2024-01-29,weekday,Labs Complex,12-14,1.924,4587.95,False,False,1,1.3573333333333333,1.417485265225933,4,3,0,0
ELEC001562,2024-01-29,weekday,Labs Complex,14-16,2.203,4590.15,False,False,1,1.5320000000000005,1.4379895561357698,4,4,0,0
ELEC001563,2024-01-29,weekday,Labs Complex,16-18,1.501,4591.65,False,False,1,1.1880000000000004,1.263468013468013,4,5,0,0
ELEC001564,2024-01-29,weekday,Labs Complex,18-20,1.353,4593.0,False,False,1,0.9903333333333334,1.366206664422753,4,6,0,0
ELEC001565,2024-01-29,weekday,Labs Complex,20-22,1.14,4594.14,False,False,1,0.8413333333333334,1.3549920760697305,4,7,0,0
ELEC001566,2024-01-29,weekday,Labs Complex,22-00,0.482,4594.62,False,False,1,0.3536666666666666,1.3628652214891612,4,8,0,0
ELEC001567,2024-01-30,weekday,Academic Block A,06-08,0.921,1843.24,False,False,1,0.7293333333333333,1.2627970749542965,0,0,1,0
ELEC001568,2024-01-30,weekday,Academic Block A,08-10,2.754,1845.99,False,False,1,2.011333333333333,1.3692409678488566,0,1,1,0
ELEC001569,2024-01-30,weekday,Academic Block A,10-12,3.633,1849.62,False,False,1,2.908,1.249312242090784,0,2,1,0
ELEC001570,2024-01-30,weekday,Academic Block A,12-14,2.958,1852.58,False,False,1,2.3226666666666667,1.27353616532721,0,3,1,0
ELEC001571,2024-01-30,weekday,Academic Block A,14-16,3.021,1855.6,False,False,1,2.3856666666666664,1.2663127008523123,0,4,1,0
ELEC001572,2024-01-30,weekday,Academic Block A,16-18,2.649,1858.25,False,False,1,2.107333333333333,1.2570389117367922,0,5,1,0
ELEC001573,2024-01-30,weekday,Academic Block A,18-20,2.118,1860.37,False,False,1,1.7646666666666668,1.2002266717038157,0,6,1,0
ELEC001574,2024-01-30,weekday,Academic Block A,20-22,1.95,1862.32,False,False,1,1.4813333333333336,1.316381638163816,0,7,1,0
ELEC001575,2024-01-30,weekday,Academic Block A,22-00,0.727,1863.05,False,False,1,0.5926666666666666,1.2266591676040497,0,8,1,0
ELEC001576,2024-01-30,weekday,Academic Block B,06-08,0.962,5341.07,False,False,1,0.7093333333333334,1.356203007518797,1,0,1,0
ELEC001577,2024-01-30,weekday,Academic Block B,08-10,2.863,5343.93,False,False,1,2.0583333333333336,1.3909311740890686,1,1,1,0
ELEC001578,2024-01-30,weekday,Academic Block B,10-12,3.461,5347.39,False,False,1,2.590666666666667,1.335949562532167,1,2,1,0
ELEC001579,2024-01-30,weekday,Academic Block B,12-14,2.828,5350.22,False,False,1,2.248333333333333,1.257820607857672,1,3,1,0
ELEC001580,2024-01-30,weekday,Academic Block B,14-16,3.133,5353.35,False,False,1,2.4003333333333337,1.3052353839744475,1,4,1,0
ELEC001581,2024-01-30,weekday,Academic Block B,16-18,2.417,5355.77,False,False,1,2.0403333333333333,1.1846103577846756,1,5,1,0
ELEC001582,2024-01-30,weekday,Academic Block B,18-20,2.216,5357.99,False,False,1,1.7333333333333336,1.2784615384615383,1,6,1,0
ELEC001583,2024-01-30,weekday,Academic Block B,20-22,1.702,5359.69,False,False,1,1.3549999999999998,1.256088560885609,1,7,1,0
ELEC001584,2024-01-30,weekday,Academic Block B,22-00,0.814,5360.5,False,False,1,0.6196666666666667,1.3136094674556211,1,8,1,0
ELEC001585,2024-01-30,weekday,Hostel Block 1,06-08,0.539,3736.6,False,False,1,0.3943333333333332,1.366863905325444,2,0,1,0
ELEC001586,2024-01-30,weekday,Hostel Block 1,08-10,1.442,3738.04,False,False,1,1.1183333333333334,1.289418777943368,2,1,1,0
ELEC001587,2024-01-30,weekday,Hostel Block 1,10-12,1.78,3739.82,False,False,1,1.3556666666666664,1.3130071305630688,2,2,1,0
ELEC001588,2024-01-30,weekday,Hostel Block 1,12-14,1.596,3741.42,False,False,1,1.2743333333333335,1.2524195657860318,2,3,1,0
ELEC001589,2024-01-30,weekday,Hostel Block 1,14-16,1.718,3743.14,False,False,1,1.2893333333333332,1.3324715615305067,2,4,1,0
ELEC001590,2024-01-30,weekday,Hostel Block 1,16-18,1.418,3744.56,False,False,1,1.171,1.210930828351836,2,5,1,0
ELEC001591,2024-01-30,weekday,Hostel Block 1,18-20,1.351,3745.91,False,False,1,0.937,1.4418356456776948,2,6,1,0
ELEC001592,2024-01-30,weekday,Hostel Block 1,20-22,0.908,3746.82,False,False,1,0.747,1.215528781793842,2,7,1,0
ELEC001593,2024-01-30,weekday,Hostel Block 1,22-00,0.404,3747.22,False,False,1,0.332,1.216867469879518,2,8,1,0
ELEC001594,2024-01-30,weekday,Hostel Block 2,06-08,0.497,3484.43,False,False,1,0.3966666666666666,1.2529411764705882,3,0,1,0
ELEC001595,2024-01-30,weekday,Hostel Block 2,08-10,1.412,3485.84,False,False,1,1.1523333333333332,1.2253398900781023,3,1,1,0
ELEC001596,2024-01-30,weekday,Hostel Block 2,10-12,1.891,3487.73,False,False,1,1.4083333333333332,1.3427218934911245,3,2,1,0
ELEC001597,2024-01-30,weekday,Hostel Block 2,12-14,1.311,3489.04,False,False,1,1.4473005409107278,0.9058243004421463,3,3,1,0
ELEC001598,2024-01-30,weekday,Hostel Block 2,14-16,1.802,3490.84,False,False,1,1.3936666666666664,1.2929921071513997,3,4,1,0
ELEC001599,2024-01-30,weekday,Hostel Block 2,16-18,1.159,3492.0,False,False,1,0.97,1.1948453608247422,3,5,1,0
ELEC001600,2024-01-30,weekday,Hostel Block 2,18-20,1.211,3493.21,False,False,1,0.9600000000000004,1.2614583333333331,3,6,1,0
ELEC001601,2024-01-30,weekday,Hostel Block 2,20-22,1.066,3494.28,False,False,1,1.106397984265649,0.963486932514196,3,7,1,0
ELEC001602,2024-01-30,weekday,Hostel Block 2,22-00,0.391,3494.67,False,False,1,0.3436666666666666,1.137730358874879,3,8,1,0
ELEC001603,2024-01-30,weekday,Library,06-08,0.643,1799.51,False,False,1,0.5056666666666666,1.2715886618325645,5,0,1,0
ELEC001604,2024-01-30,weekday,Library,08-10,5.05881327973116,1804.57,False,True,1,2.52527109324372,2.0032753288412675,5,1,1,1
ELEC001605,2024-01-30,weekday,Library,10-12,2.05,1806.62,False,False,1,1.6973333333333336,1.2077769049489393,5,2,1,0
ELEC001606,2024-01-30,weekday,Library,12-14,2.032,1808.65,False,False,1,1.6329999999999998,1.2443355786895287,5,3,1,0
ELEC001607,2024-01-30,weekday,Library,14-16,1.709,1810.36,False,False,1,1.469,1.1633764465622871,5,4,1,0
ELEC001608,2024-01-30,weekday,Library,16-18,1.919,1812.28,False,False,1,1.5359999999999998,1.2493489583333337,5,5,1,0
ELEC001609,2024-01-30,weekday,Library,18-20,1.402,1813.68,False,False,1,1.1123333333333332,1.2604135451003895,5,6,1,0
ELEC001610,2024-01-30,weekday,Library,20-22,1.231,1814.91,False,False,1,0.9413333333333332,1.3077195467422098,5,7,1,0
ELEC001611,2024-01-30,weekday,Library,22-00,0.428,1815.34,False,False,1,0.3826666666666667,1.1184668989547035,5,8,1,0
ELEC001612,2024-01-30,weekday,Labs Complex,06-08,0.531,4595.15,False,False,1,0.4756666666666667,1.1163279607568326,4,0,1,0
ELEC001613,2024-01-30,weekday,Labs Complex,08-10,1.881,4597.03,False,False,1,2.3123302263134837,0.8134651264749727,4,1,1,0
ELEC001614,2024-01-30,weekday,Labs Complex,10-12,1.952,4598.98,False,False,1,1.7813333333333332,1.095808383233533,4,2,1,0
ELEC001615,2024-01-30,weekday,Labs Complex,12-14,1.782,4600.76,False,False,1,1.467666666666667,1.2141721553486258,4,3,1,0
ELEC001616,2024-01-30,weekday,Labs Complex,14-16,2.063,4602.82,False,False,1,1.715666666666667,1.2024480279774628,4,4,1,0
ELEC001617,2024-01-30,weekday,Labs Complex,16-18,1.903,4604.72,False,False,1,1.3900000000000003,1.3690647482014384,4,5,1,0
ELEC001618,2024-01-30,weekday,Labs Complex,18-20,1.694,4606.41,False,False,1,1.208,1.402317880794702,4,6,1,0
ELEC001619,2024-01-30,weekday,Labs Complex,20-22,1.212,4798.735,False,False,1,0.9673333333333332,1.2529290144727774,4,7,1,0
ELEC001620,2024-01-30,weekday,Labs Complex,22-00,0.509,4608.13,False,False,1,0.4046666666666667,1.257825370675453,4,8,1,0
ELEC001621,2024-01-31,weekday,Academic Block A,06-08,0.912,1863.96,False,False,1,0.9226666666666666,0.9884393063583816,0,0,2,0
ELEC001622,2024-01-31,weekday,Academic Block A,08-10,2.859,1866.82,False,False,1,2.6496666666666666,1.0790036482576424,0,1,2,0
ELEC001623,2024-01-31,weekday,Academic Block A,10-12,3.518,1870.34,False,False,1,3.619,0.9720917380491848,0,2,2,0
ELEC001624,2024-01-31,weekday,Academic Block A,12-14,3.225,1873.56,False,False,1,3.012333333333333,1.0705986499944673,0,3,2,0
ELEC001625,2024-01-31,weekday,Academic Block A,14-16,2.665,1876.22,False,False,1,2.8203333333333327,0.944923767876138,0,4,2,0
ELEC001626,2024-01-31,weekday,Academic Block A,16-18,2.257,1878.48,False,False,1,2.4886666666666666,0.9069113313688724,0,5,2,0
ELEC001627,2024-01-31,weekday,Academic Block A,18-20,2.227,1880.71,False,False,1,2.2196666666666665,1.0033037993692746,0,6,2,0
ELEC001628,2024-01-31,weekday,Academic Block A,20-22,1.597,1882.31,False,False,1,1.7606666666666666,0.9070427868231732,0,7,2,0
ELEC001629,2024-01-31,weekday,Academic Block A,22-00,0.794,1883.1,False,False,1,0.7606666666666667,1.0438212094653812,0,8,2,0
ELEC001630,2024-01-31,weekday,Academic Block B,06-08,1.028,5361.53,False,False,1,0.9263333333333332,1.109751709247931,1,0,2,0
ELEC001631,2024-01-31,weekday,Academic Block B,08-10,2.315,5363.84,False,False,1,2.521333333333333,0.9181649920676892,1,1,2,0
ELEC001632,2024-01-31,weekday,Academic Block B,10-12,3.087,5630.25,False,False,1,3.1526666666666667,0.979171072108268,1,2,2,0
ELEC001633,2024-01-31,weekday,Academic Block B,12-14,2.92,5369.85,False,False,1,2.8513333333333333,1.0240823006780453,1,3,2,0
ELEC001634,2024-01-31,weekday,Academic Block B,14-16,2.699,5372.55,False,False,1,2.93,0.921160409556314,1,4,2,0
ELEC001635,2024-01-31,weekday,Academic Block B,16-18,2.482,5375.03,False,False,1,2.5453333333333337,0.9751178627553692,1,5,2,0
ELEC001636,2024-01-31,weekday,Academic Block B,18-20,1.942,5376.97,False,False,1,2.068333333333334,0.9389202256244962,1,6,2,0
ELEC001637,2024-01-31,weekday,Academic Block B,20-22,1.588,5378.56,False,False,1,1.618,0.9814585908529048,1,7,2,0
ELEC001638,2024-01-31,weekday,Academic Block B,22-00,0.662,5379.22,False,False,1,0.7516666666666666,0.8807095343680711,1,8,2,0
ELEC001639,2024-01-31,weekday,Hostel Block 1,06-08,0.466,3747.69,False,False,1,0.4913333333333334,0.948439620081411,2,0,2,0
ELEC001640,2024-01-31,weekday,Hostel Block 1,08-10,1.279,3748.97,False,False,1,1.3353333333333337,0.95781328007988,2,1,2,0
ELEC001641,2024-01-31,weekday,Hostel Block 1,10-12,1.907,3750.88,False,False,1,1.7836666666666663,1.069145954027285,2,2,2,0
ELEC001642,2024-01-31,weekday,Hostel Block 1,12-14,1.393,3752.27,False,False,1,1.5633333333333337,0.8910447761194029,2,3,2,0
ELEC001643,2024-01-31,weekday,Hostel Block 1,14-16,1.591,3753.86,False,False,1,1.6256666666666666,0.9786754152142711,2,4,2,0
ELEC001644,2024-01-31,weekday,Hostel Block 1,16-18,1.473,3755.33,False,False,1,1.4646666666666668,1.005689576695494,2,5,2,0
ELEC001645,2024-01-31,weekday,Hostel Block 1,18-20,1.242,3756.57,False,False,1,1.2140000000000002,1.0230642504118614,2,6,2,0
ELEC001646,2024-01-31,weekday,Hostel Block 1,20-22,1.054,3757.62,False,False,1,0.9583333333333334,1.0998260869565215,2,7,2,0
ELEC001647,2024-01-31,weekday,Hostel Block 1,22-00,0.406,3758.03,False,False,1,0.4083333333333334,0.9942857142857142,2,8,2,0
ELEC001648,2024-01-31,weekday,Hostel Block 2,06-08,0.551,3495.22,False,False,1,0.5203333333333333,1.0589365791159515,3,0,2,0
ELEC001649,2024-01-31,weekday,Hostel Block 2,08-10,1.596,3496.82,False,False,1,1.4756666666666665,1.0815450643776827,3,1,2,0
ELEC001650,2024-01-31,weekday,Hostel Block 2,10-12,1.597,3498.42,False,False,1,1.7366666666666666,0.9195777351247602,3,2,2,0
ELEC001651,2024-01-31,weekday,Hostel Block 2,12-14,1.316,3499.74,False,False,1,1.3966666666666665,0.9422434367541768,3,3,2,0
ELEC001652,2024-01-31,weekday,Hostel Block 2,14-16,1.471,3501.21,False,False,1,1.6669999999999998,0.8824235152969407,3,4,2,0
ELEC001653,2024-01-31,weekday,Hostel Block 2,16-18,1.507,3502.72,False,False,1,1.2866666666666668,1.171243523316062,3,5,2,0
ELEC001654,2024-01-31,weekday,Hostel Block 2,18-20,1.262,3503.98,False,False,1,1.2380000000000002,1.0193861066235863,3,6,2,0
ELEC001655,2024-01-31,weekday,Hostel Block 2,20-22,0.931,3504.91,False,False,1,0.9690000000000002,0.96078431372549,3,7,2,0
ELEC001656,2024-01-31,weekday,Hostel Block 2,22-00,0.382,3505.29,False,False,1,0.4103333333333332,0.9309504467912268,3,8,2,0
ELEC001657,2024-01-31,weekday,Library,06-08,0.553,1815.89,False,False,1,0.6013333333333333,0.9196230598669624,5,0,2,0
ELEC001658,2024-01-31,weekday,Library,08-10,1.612,1817.5,False,False,1,2.7889377599103877,0.577997839597466,5,1,2,0
ELEC001659,2024-01-31,weekday,Library,10-12,2.053,1819.55,False,False,1,2.0483333333333333,1.0022782750203416,5,2,2,0
ELEC001660,2024-01-31,weekday,Library,12-14,1.806,1821.36,False,False,1,1.9899999999999995,0.9075376884422112,5,3,2,0
ELEC001661,2024-01-31,weekday,Library,14-16,1.755,1823.12,False,False,1,1.803,0.9733777038269548,5,4,2,0
ELEC001662,2024-01-31,weekday,Library,16-18,1.524,1824.64,False,False,1,1.796,0.8485523385300668,5,5,2,0
ELEC001663,2024-01-31,weekday,Library,18-20,1.319,1825.96,False,False,1,1.3766666666666667,0.9581113801452784,5,6,2,0
ELEC001664,2024-01-31,weekday,Library,20-22,1.032,1826.99,False,False,1,1.1093333333333335,0.9302884615384616,5,7,2,0
ELEC001665,2024-01-31,weekday,Library,22-00,0.454,1827.44,False,False,1,0.4586666666666667,0.9898255813953488,5,8,2,0
ELEC001666,2024-01-31,weekday,Labs Complex,06-08,0.605,4608.73,False,False,1,0.6006666666666667,1.0072142064372918,4,0,2,0
ELEC001667,2024-01-31,weekday,Labs Complex,08-10,1.656,4610.39,False,False,1,2.615330226313483,0.6331896382868117,4,1,2,0
ELEC001668,2024-01-31,weekday,Labs Complex,10-12,2.07,4612.46,False,False,1,2.179,0.9499770536943551,4,2,2,0
ELEC001669,2024-01-31,weekday,Labs Complex,12-14,1.917,4614.38,False,False,1,1.8743333333333332,1.022763649297528,4,3,2,0
ELEC001670,2024-01-31,weekday,Labs Complex,14-16,1.792,4616.17,False,False,1,2.019333333333333,0.8874215912842522,4,4,2,0
ELEC001671,2024-01-31,weekday,Labs Complex,16-18,1.603,4617.77,False,False,1,1.6690000000000005,0.9604553624925102,4,5,2,0
ELEC001672,2024-01-31,weekday,Labs Complex,18-20,1.276,4798.735,False,False,1,1.441,0.8854961832061069,4,6,2,0
ELEC001673,2024-01-31,weekday,Labs Complex,20-22,1.149,4620.2,False,False,1,1.167,0.9845758354755784,4,7,2,0
ELEC001674,2024-01-31,weekday,Labs Complex,22-00,0.49,4620.69,False,False,1,0.4936666666666666,0.9925725860904796,4,8,2,0
ELEC001675,2024-02-01,weekday,Academic Block A,06-08,0.942,1884.04,False,False,2,0.925,1.0183783783783784,0,0,3,0
ELEC001676,2024-02-01,weekday,Academic Block A,08-10,2.381,1886.42,False,False,2,2.6646666666666663,0.8935451588691519,0,1,3,0
ELEC001677,2024-02-01,weekday,Academic Block A,10-12,3.527,1889.95,False,False,2,3.559333333333333,0.9909159018542798,0,2,3,0
ELEC001678,2024-02-01,weekday,Academic Block A,12-14,2.857,1892.81,False,False,2,3.013333333333333,0.9481194690265488,0,3,3,0
ELEC001679,2024-02-01,weekday,Academic Block A,14-16,3.281,2138.22,False,False,2,2.9889999999999994,1.097691535630646,0,4,3,0
ELEC001680,2024-02-01,weekday,Academic Block A,16-18,2.741,1898.83,False,False,2,2.549,1.075323656335818,0,5,3,0
ELEC001681,2024-02-01,weekday,Academic Block A,18-20,2.083,1900.91,False,False,2,2.1426666666666665,0.9721530802738024,0,6,3,0
ELEC001682,2024-02-01,weekday,Academic Block A,20-22,1.951,1902.86,False,False,2,1.8326666666666669,1.0645689341578757,0,7,3,0
ELEC001683,2024-02-01,weekday,Academic Block A,22-00,0.651,1903.51,False,False,2,0.7239999999999999,0.8991712707182322,0,8,3,0
ELEC001684,2024-02-01,weekday,Academic Block B,06-08,0.827,5380.05,False,False,2,0.939,0.880724174653887,1,0,3,0
ELEC001685,2024-02-01,weekday,Academic Block B,08-10,2.821,5382.87,False,False,2,2.6663333333333337,1.0580072509063632,1,1,3,0
ELEC001686,2024-02-01,weekday,Academic Block B,10-12,3.047,5385.92,False,False,2,3.1983333333333337,0.9526836894215736,1,2,3,0
ELEC001687,2024-02-01,weekday,Academic Block B,12-14,2.803,5388.72,False,False,2,2.850333333333333,0.9833937551163608,1,3,3,0
ELEC001688,2024-02-01,weekday,Academic Block B,14-16,2.782,5391.5,False,False,2,2.8713333333333337,0.968887856977014,1,4,3,0
ELEC001689,2024-02-01,weekday,Academic Block B,16-18,2.823,5394.32,False,False,2,2.5740000000000003,1.0967365967365963,1,5,3,0
ELEC001690,2024-02-01,weekday,Academic Block B,18-20,2.105,5396.42,False,False,2,2.0876666666666672,1.0083027303209322,1,6,3,0
ELEC001691,2024-02-01,weekday,Academic Block B,20-22,1.59,5398.01,False,False,2,1.6266666666666667,0.9774590163934428,1,7,3,0
ELEC001692,2024-02-01,weekday,Academic Block B,22-00,0.774,5398.78,False,False,2,0.75,1.032,1,8,3,0
ELEC001693,2024-02-01,weekday,Hostel Block 1,06-08,0.428,3758.46,False,False,2,0.4776666666666667,0.8960223307745987,2,0,3,0
ELEC001694,2024-02-01,weekday,Hostel Block 1,08-10,1.405,3759.87,False,False,2,1.375333333333333,1.0215705283567622,2,1,3,0
ELEC001695,2024-02-01,weekday,Hostel Block 1,10-12,1.768,3761.64,False,False,2,1.8183333333333331,0.9723189734188816,2,2,3,0
ELEC001696,2024-02-01,weekday,Hostel Block 1,12-14,1.709,3763.35,False,False,2,1.566,1.091315453384419,2,3,3,0
ELEC001697,2024-02-01,weekday,Hostel Block 1,14-16,1.445,3764.8,False,False,2,1.5846666666666664,0.9118636937315946,2,4,3,0
ELEC001698,2024-02-01,weekday,Hostel Block 1,16-18,1.475,3766.28,False,False,2,1.4553333333333331,1.0135135135135136,2,5,3,0
ELEC001699,2024-02-01,weekday,Hostel Block 1,18-20,1.186,3767.47,False,False,2,1.2596666666666667,0.9415189203492986,2,6,3,0
ELEC001700,2024-02-01,weekday,Hostel Block 1,20-22,1.039,3768.51,False,False,2,1.0003333333333333,1.0386537820726425,2,7,3,0
ELEC001701,2024-02-01,weekday,Hostel Block 1,22-00,0.367,3768.88,False,False,2,0.3923333333333333,0.935429056924384,2,8,3,0
ELEC001702,2024-02-01,weekday,Hostel Block 2,06-08,0.433,3505.72,False,False,2,0.4936666666666667,0.8771100607697501,3,0,3,0
ELEC001703,2024-02-01,weekday,Hostel Block 2,08-10,1.233,3506.95,False,False,2,1.4136666666666666,0.8721999528413111,3,1,3,0
ELEC001704,2024-02-01,weekday,Hostel Block 2,10-12,1.896,3508.85,False,False,2,1.7946666666666669,1.0564635958395243,3,2,3,0
ELEC001705,2024-02-01,weekday,Hostel Block 2,12-14,1.392,3510.24,False,False,2,1.3396666666666668,1.039064443891515,3,3,3,0
ELEC001706,2024-02-01,weekday,Hostel Block 2,14-16,1.633,3511.87,False,False,2,1.6353333333333335,0.9985731757032204,3,4,3,0
ELEC001707,2024-02-01,weekday,Hostel Block 2,16-18,1.162,3513.03,False,False,2,1.276,0.9106583072100312,3,5,3,0
ELEC001708,2024-02-01,weekday,Hostel Block 2,18-20,1.032,3514.06,False,False,2,1.1683333333333337,0.8833095577746075,3,6,3,0
ELEC001709,2024-02-01,weekday,Hostel Block 2,20-22,0.911,3514.97,False,False,2,0.9693333333333336,0.9398211829436036,3,7,3,0
ELEC001710,2024-02-01,weekday,Hostel Block 2,22-00,0.377,3515.35,False,False,2,0.3833333333333333,0.9834782608695652,3,8,3,0
ELEC001711,2024-02-01,weekday,Library,06-08,0.642,1828.08,False,False,2,0.6126666666666667,1.0478781284004353,5,0,3,0
ELEC001712,2024-02-01,weekday,Library,08-10,1.869,1829.95,False,False,2,2.846604426577054,0.6565717324649177,5,1,3,0
ELEC001713,2024-02-01,weekday,Library,10-12,1.9,1831.85,False,False,2,2.001,0.9495252373813092,5,2,3,0
ELEC001714,2024-02-01,weekday,Library,12-14,1.643,1833.49,False,False,2,1.827,0.899288451012589,5,3,3,0
ELEC001715,2024-02-01,weekday,Library,14-16,1.84,1835.33,False,False,2,1.768,1.0407239819004526,5,4,3,0
ELEC001716,2024-02-01,weekday,Library,16-18,1.862,1837.19,False,False,2,1.768333333333333,1.0529688972667297,5,5,3,0
ELEC001717,2024-02-01,weekday,Library,18-20,1.657,1838.85,False,False,2,1.4593333333333334,1.1354499771585198,5,6,3,0
ELEC001718,2024-02-01,weekday,Library,20-22,1.127,1839.98,False,False,2,1.13,0.9973451327433628,5,7,3,0
ELEC001719,2024-02-01,weekday,Library,22-00,0.484,1840.46,False,False,2,0.4553333333333333,1.0629575402635432,5,8,3,0
ELEC001720,2024-02-01,weekday,Labs Complex,06-08,0.516,4621.21,False,False,2,0.5506666666666667,0.9370460048426148,4,0,3,0
ELEC001721,2024-02-01,weekday,Labs Complex,08-10,1.905,4623.11,False,False,2,1.814,1.050165380374862,4,1,3,0
ELEC001722,2024-02-01,weekday,Labs Complex,10-12,2.385,4625.49,False,False,2,2.135666666666667,1.116747307632277,4,2,3,0
ELEC001723,2024-02-01,weekday,Labs Complex,12-14,1.728,4627.22,False,False,2,1.809,0.9552238805970148,4,3,3,0
ELEC001724,2024-02-01,weekday,Labs Complex,14-16,2.183,4629.4,False,False,2,2.012666666666667,1.084630672408082,4,4,3,0
ELEC001725,2024-02-01,weekday,Labs Complex,16-18,1.485,4630.88,False,False,2,1.6636666666666668,0.8926066920456822,4,5,3,0
ELEC001726,2024-02-01,weekday,Labs Complex,18-20,1.616,4632.5,False,False,2,1.5286666666666668,1.0571303968600088,4,6,3,0
ELEC001727,2024-02-01,weekday,Labs Complex,20-22,1.162,4633.66,False,False,2,1.1743333333333332,0.9894975872835652,4,7,3,0
ELEC001728,2024-02-01,weekday,Labs Complex,22-00,0.479,4634.14,False,False,2,0.4926666666666666,0.9722598105548038,4,8,3,0
ELEC001729,2024-02-02,weekday,Academic Block A,06-08,0.881,1904.39,False,False,2,0.9116666666666666,0.96636197440585,0,0,4,0
ELEC001730,2024-02-02,weekday,Academic Block A,08-10,2.353,1906.74,False,False,2,2.531,0.929672066376926,0,1,4,0
ELEC001731,2024-02-02,weekday,Academic Block A,10-12,2.98,1909.72,False,False,2,3.341666666666667,0.8917705735660848,0,2,4,0
ELEC001732,2024-02-02,weekday,Academic Block A,12-14,3.081,1912.8,False,False,2,3.0543333333333336,1.008730765033286,0,3,4,0
ELEC001733,2024-02-02,weekday,Academic Block A,14-16,3.274,1916.07,False,False,2,3.073333333333333,1.0652928416485905,0,4,4,0
ELEC001734,2024-02-02,weekday,Academic Block A,16-18,2.824,1918.89,False,False,2,2.607333333333333,1.083098951674763,0,5,4,0
ELEC001735,2024-02-02,weekday,Academic Block A,18-20,2.558,1921.45,False,False,2,2.289333333333333,1.117355853232382,0,6,4,0
ELEC001736,2024-02-02,weekday,Academic Block A,20-22,5.046808905182794,1926.5,False,True,2,2.864936301727598,1.7615780504926044,0,7,4,1
ELEC001737,2024-02-02,weekday,Academic Block A,22-00,0.77,1927.27,False,False,2,0.7383333333333333,1.0428893905191874,0,8,4,0
ELEC001738,2024-02-02,weekday,Academic Block B,06-08,1.024,5399.8,False,False,2,0.9596666666666668,1.0670371656825286,1,0,4,0
ELEC001739,2024-02-02,weekday,Academic Block B,08-10,2.591,5402.39,False,False,2,2.5756666666666668,1.0059531512876925,1,1,4,0
ELEC001740,2024-02-02,weekday,Academic Block B,10-12,3.401,5405.79,False,False,2,3.178333333333333,1.0700576822233876,1,2,4,0
ELEC001741,2024-02-02,weekday,Academic Block B,12-14,2.532,5408.32,False,False,2,2.7516666666666665,0.9201695941853424,1,3,4,0
ELEC001742,2024-02-02,weekday,Academic Block B,14-16,3.203,5411.52,False,False,2,2.8946666666666663,1.1065177337632428,1,4,4,0
ELEC001743,2024-02-02,weekday,Academic Block B,16-18,2.715,5414.24,False,False,2,2.673333333333334,1.015586034912718,1,5,4,0
ELEC001744,2024-02-02,weekday,Academic Block B,18-20,2.013,5416.25,False,False,2,2.0200000000000005,0.9965346534653464,1,6,4,0
ELEC001745,2024-02-02,weekday,Academic Block B,20-22,2.002,5418.25,False,False,2,1.7266666666666666,1.1594594594594594,1,7,4,0
ELEC001746,2024-02-02,weekday,Academic Block B,22-00,0.764,5419.01,False,False,2,0.7333333333333334,1.0418181818181818,1,8,4,0
ELEC001747,2024-02-02,weekday,Hostel Block 1,06-08,0.445,3769.33,False,False,2,0.4463333333333333,0.9970126960418224,2,0,4,0
ELEC001748,2024-02-02,weekday,Hostel Block 1,08-10,1.3,3770.63,False,False,2,1.328,0.9789156626506024,2,1,4,0
ELEC001749,2024-02-02,weekday,Hostel Block 1,10-12,1.57,3772.2,False,False,2,1.748333333333333,0.8979980934223071,2,2,4,0
ELEC001750,2024-02-02,weekday,Hostel Block 1,12-14,1.585,3773.78,False,False,2,1.5623333333333334,1.0145082142095156,2,3,4,0
ELEC001751,2024-02-02,weekday,Hostel Block 1,14-16,1.664,3775.44,False,False,2,1.5666666666666664,1.0621276595744682,2,4,4,0
ELEC001752,2024-02-02,weekday,Hostel Block 1,16-18,1.444,3776.88,False,False,2,1.4639999999999995,0.9863387978142076,2,5,4,0
ELEC001753,2024-02-02,weekday,Hostel Block 1,18-20,1.353,3778.23,False,False,2,1.2603333333333333,1.0735255223485851,2,6,4,0
ELEC001754,2024-02-02,weekday,Hostel Block 1,20-22,0.841,3779.07,False,False,2,0.978,0.8599182004089978,2,7,4,0
ELEC001755,2024-02-02,weekday,Hostel Block 1,22-00,0.412,3779.48,False,False,2,0.395,1.043037974683544,2,8,4,0
ELEC001756,2024-02-02,weekday,Hostel Block 2,06-08,0.511,3515.86,False,False,2,0.4983333333333333,1.0254180602006688,3,0,4,0
ELEC001757,2024-02-02,weekday,Hostel Block 2,08-10,1.259,3517.12,False,False,2,1.3626666666666667,0.9239236790606652,3,1,4,0
ELEC001758,2024-02-02,weekday,Hostel Block 2,10-12,1.754,3518.87,False,False,2,1.749,1.0028587764436825,3,2,4,0
ELEC001759,2024-02-02,weekday,Hostel Block 2,12-14,1.493,3520.36,False,False,2,1.4003333333333332,1.0661747203046896,3,3,4,0
ELEC001760,2024-02-02,weekday,Hostel Block 2,14-16,1.725,3522.09,False,False,2,1.6096666666666666,1.0716504452267552,3,4,4,0
ELEC001761,2024-02-02,weekday,Hostel Block 2,16-18,1.407,3523.5,False,False,2,1.358666666666667,1.0355740922473011,3,5,4,0
ELEC001762,2024-02-02,weekday,Hostel Block 2,18-20,1.267,3524.77,False,False,2,1.187,1.0673967986520638,3,6,4,0
ELEC001763,2024-02-02,weekday,Hostel Block 2,20-22,0.897,3525.67,False,False,2,0.9130000000000004,0.9824753559693316,3,7,4,0
ELEC001764,2024-02-02,weekday,Hostel Block 2,22-00,0.398,3526.07,False,False,2,0.3856666666666666,1.031979256698358,3,8,4,0
ELEC001765,2024-02-02,weekday,Library,06-08,0.556,1841.02,False,False,2,0.5836666666666667,0.9525985151342092,5,0,4,0
ELEC001766,2024-02-02,weekday,Library,08-10,1.62,1842.64,False,False,2,1.7003333333333337,0.9527543618898254,5,1,4,0
ELEC001767,2024-02-02,weekday,Library,10-12,2.081,1844.72,False,False,2,2.0113333333333334,1.03463705667882,5,2,4,0
ELEC001768,2024-02-02,weekday,Library,12-14,2.108,1846.83,False,False,2,1.8523333333333327,1.1380241137304303,5,3,4,0
ELEC001769,2024-02-02,weekday,Library,14-16,2.26,1849.09,False,False,2,1.9516666666666669,1.15798462852263,5,4,4,0
ELEC001770,2024-02-02,weekday,Library,16-18,1.697,1850.79,False,False,2,1.6943333333333337,1.0015738736966358,5,5,4,0
ELEC001771,2024-02-02,weekday,Library,18-20,1.641,1852.43,False,False,2,1.539,1.0662768031189085,5,6,4,0
ELEC001772,2024-02-02,weekday,Library,20-22,1.276,1853.71,False,False,2,1.1449999999999998,1.114410480349345,5,7,4,0
ELEC001773,2024-02-02,weekday,Library,22-00,0.463,1854.17,False,False,2,0.4670000000000001,0.9914346895074944,5,8,4,0
ELEC001774,2024-02-02,weekday,Labs Complex,06-08,0.683,4634.82,False,False,2,0.6013333333333334,1.1358093126385809,4,0,4,0
ELEC001775,2024-02-02,weekday,Labs Complex,08-10,1.995,4636.81,False,False,2,1.852,1.0772138228941686,4,1,4,0
ELEC001776,2024-02-02,weekday,Labs Complex,10-12,2.41,4639.22,False,False,2,2.2883333333333336,1.053168244719592,4,2,4,0
ELEC001777,2024-02-02,weekday,Labs Complex,12-14,1.798,4641.02,False,False,2,1.814333333333333,0.990997611611244,4,3,4,0
ELEC001778,2024-02-02,weekday,Labs Complex,14-16,1.793,4642.81,False,False,2,1.922666666666667,0.9325589459084604,4,4,4,0
ELEC001779,2024-02-02,weekday,Labs Complex,16-18,1.652,4644.46,False,False,2,1.5800000000000003,1.0455696202531644,4,5,4,0
ELEC001780,2024-02-02,weekday,Labs Complex,18-20,1.387,4645.85,False,False,2,1.4263333333333332,0.9724234634260344,4,6,4,0
ELEC001781,2024-02-02,weekday,Labs Complex,20-22,1.221,4647.07,False,False,2,1.1773333333333331,1.0370894677236693,4,7,4,0
ELEC001782,2024-02-02,weekday,Labs Complex,22-00,0.529,4647.6,False,False,2,0.4993333333333333,1.0594125500667555,4,8,4,0
ELEC001783,2024-02-03,saturday,Academic Block A,06-08,0.563,1927.83,False,False,2,0.7953333333333332,0.7078792958927075,0,0,5,0
ELEC001784,2024-02-03,saturday,Academic Block A,08-10,1.669,1929.5,False,False,2,2.134333333333333,0.7819771981883493,0,1,5,0
ELEC001785,2024-02-03,saturday,Academic Block A,10-12,2.143,1931.64,False,False,2,2.8833333333333333,0.7432369942196532,0,2,5,0
ELEC001786,2024-02-03,saturday,Academic Block A,12-14,1.935,1933.58,False,False,2,2.6243333333333334,0.7373301155849105,0,3,5,0
ELEC001787,2024-02-03,saturday,Academic Block A,14-16,2.189,1935.77,False,False,2,2.9146666666666667,0.7510292772186642,0,4,5,0
ELEC001788,2024-02-03,saturday,Academic Block A,16-18,2.027,1937.8,False,False,2,2.5306666666666664,0.8009747102212857,0,5,5,0
ELEC001789,2024-02-03,saturday,Academic Block A,18-20,1.743,1939.54,False,False,2,2.128,0.819078947368421,0,6,5,0
ELEC001790,2024-02-03,saturday,Academic Block A,20-22,1.232,1940.77,False,False,2,2.743269635060932,0.4490991276446785,0,7,5,0
ELEC001791,2024-02-03,saturday,Academic Block A,22-00,0.506,1941.28,False,False,2,0.6423333333333333,0.7877529839128179,0,8,5,0
ELEC001792,2024-02-03,saturday,Academic Block B,06-08,0.542,5419.55,False,False,2,0.7976666666666666,0.6794818219807773,1,0,5,0
ELEC001793,2024-02-03,saturday,Academic Block B,08-10,2.026,5421.58,False,False,2,2.4793333333333334,0.8171551492336648,1,1,5,0
ELEC001794,2024-02-03,saturday,Academic Block B,10-12,2.656,5424.24,False,False,2,3.0346666666666664,0.8752196836555362,1,2,5,0
ELEC001795,2024-02-03,saturday,Academic Block B,12-14,2.004,5426.24,False,False,2,2.446333333333333,0.8191851750919743,1,3,5,0
ELEC001796,2024-02-03,saturday,Academic Block B,14-16,2.39,5428.63,False,False,2,2.7916666666666665,0.8561194029850747,1,4,5,0
ELEC001797,2024-02-03,saturday,Academic Block B,16-18,1.608,5430.24,False,False,2,2.382,0.6750629722921915,1,5,5,0
ELEC001798,2024-02-03,saturday,Academic Block B,18-20,1.656,5431.9,False,False,2,1.924666666666667,0.8604087287842048,1,6,5,0
ELEC001799,2024-02-03,saturday,Academic Block B,20-22,1.162,5433.06,False,False,2,1.5846666666666664,0.7332772402187632,1,7,5,0
ELEC001800,2024-02-03,saturday,Academic Block B,22-00,0.509,5433.57,False,False,2,0.6823333333333333,0.7459697117733268,1,8,5,0
ELEC001801,2024-02-03,saturday,Hostel Block 1,06-08,0.334,3779.81,False,False,2,0.4023333333333334,0.8301574150787076,2,0,5,0
ELEC001802,2024-02-03,saturday,Hostel Block 1,08-10,0.961,3780.77,False,False,2,1.222,0.7864157119476268,2,1,5,0
ELEC001803,2024-02-03,saturday,Hostel Block 1,10-12,1.171,3899.35,False,False,2,1.503,0.7791084497671324,2,2,5,0
ELEC001804,2024-02-03,saturday,Hostel Block 1,12-14,1.003,3782.94,False,False,2,1.4323333333333337,0.7002559925529438,2,3,5,0
ELEC001805,2024-02-03,saturday,Hostel Block 1,14-16,0.962,3783.9,False,False,2,1.357,0.7089167280766396,2,4,5,0
ELEC001806,2024-02-03,saturday,Hostel Block 1,16-18,0.97,3784.87,False,False,2,1.2963333333333331,0.7482643353047056,2,5,5,0
ELEC001807,2024-02-03,saturday,Hostel Block 1,18-20,2.928093814368804,3787.8,False,True,2,1.8223646047896007,1.6067552051181675,2,6,5,0
ELEC001808,2024-02-03,saturday,Hostel Block 1,20-22,0.64,3788.44,False,False,2,0.8399999999999999,0.7619047619047621,2,7,5,0
ELEC001809,2024-02-03,saturday,Hostel Block 1,22-00,0.26,3788.7,False,False,2,0.3463333333333333,0.7507218479307026,2,8,5,0
ELEC001810,2024-02-03,saturday,Hostel Block 2,06-08,0.303,3526.37,False,False,2,0.4156666666666667,0.7289494787489975,3,0,5,0
ELEC001811,2024-02-03,saturday,Hostel Block 2,08-10,1.14,3527.51,False,False,2,1.2106666666666666,0.9416299559471366,3,1,5,0
ELEC001812,2024-02-03,saturday,Hostel Block 2,10-12,1.241,3528.75,False,False,2,1.6303333333333334,0.7611940298507462,3,2,5,0
ELEC001813,2024-02-03,saturday,Hostel Block 2,12-14,1.051,3529.8,False,False,2,1.312,0.8010670731707317,3,3,5,0
ELEC001814,2024-02-03,saturday,Hostel Block 2,14-16,1.047,3530.85,False,False,2,1.468333333333333,0.7130533484676504,3,4,5,0
ELEC001815,2024-02-03,saturday,Hostel Block 2,16-18,1.061,3531.91,False,False,2,1.21,0.8768595041322313,3,5,5,0
ELEC001816,2024-02-03,saturday,Hostel Block 2,18-20,0.764,3532.67,False,False,2,1.021,0.7482859941234083,3,6,5,0
ELEC001817,2024-02-03,saturday,Hostel Block 2,20-22,0.609,3533.28,False,False,2,0.8056666666666669,0.7558957385188247,3,7,5,0
ELEC001818,2024-02-03,saturday,Hostel Block 2,22-00,0.24,3635.895,False,False,2,0.3383333333333333,0.7093596059113301,3,8,5,0
ELEC001819,2024-02-03,saturday,Library,06-08,1.4118824771439826,1855.58,False,True,2,0.8699608257146609,1.6229264989996997,5,0,5,0
ELEC001820,2024-02-03,saturday,Library,08-10,1.077,1856.66,False,False,2,1.5220000000000002,0.707621550591327,5,1,5,0
ELEC001821,2024-02-03,saturday,Library,10-12,5.274790145772847,1861.93,False,True,2,3.085263381924283,1.7096725604291694,5,2,5,1
ELEC001822,2024-02-03,saturday,Library,12-14,1.292,1863.22,False,False,2,1.6809999999999998,0.7685901249256396,5,3,5,0
ELEC001823,2024-02-03,saturday,Library,14-16,1.42,1864.64,False,False,2,1.84,0.7717391304347826,5,4,5,0
ELEC001824,2024-02-03,saturday,Library,16-18,1.093,1865.73,False,False,2,1.5506666666666666,0.7048581255374032,5,5,5,0
ELEC001825,2024-02-03,saturday,Library,18-20,1.104,1866.83,False,False,2,1.4673333333333334,0.7523852794184462,5,6,5,0
ELEC001826,2024-02-03,saturday,Library,20-22,0.892,1867.72,False,False,2,1.0983333333333334,0.8121396054628225,5,7,5,0
ELEC001827,2024-02-03,saturday,Library,22-00,0.402,1868.12,False,False,2,0.4496666666666667,0.893995552260934,5,8,5,0
ELEC001828,2024-02-03,saturday,Labs Complex,06-08,0.357,4647.96,False,False,2,0.5186666666666667,0.6883033419023136,4,0,5,0
ELEC001829,2024-02-03,saturday,Labs Complex,08-10,1.307,4649.27,False,False,2,1.7356666666666667,0.7530247743422316,4,1,5,0
ELEC001830,2024-02-03,saturday,Labs Complex,10-12,1.382,4650.65,False,False,2,2.059,0.6711996114618748,4,2,5,0
ELEC001831,2024-02-03,saturday,Labs Complex,12-14,1.417,4652.07,False,False,2,1.6476666666666668,0.8600040461258345,4,3,5,0
ELEC001832,2024-02-03,saturday,Labs Complex,14-16,1.209,4653.28,False,False,2,1.7283333333333335,0.6995178399228543,4,4,5,0
ELEC001833,2024-02-03,saturday,Labs Complex,16-18,1.211,4654.49,False,False,2,1.4493333333333336,0.8355565777368904,4,5,5,0
ELEC001834,2024-02-03,saturday,Labs Complex,18-20,1.137,4655.63,False,False,2,1.38,0.8239130434782608,4,6,5,0
ELEC001835,2024-02-03,saturday,Labs Complex,20-22,0.805,4656.44,False,False,2,1.0626666666666666,0.7575282308657466,4,7,5,0
ELEC001836,2024-02-03,saturday,Labs Complex,22-00,0.345,4656.78,False,False,2,0.451,0.7649667405764966,4,8,5,0
ELEC001837,2024-02-04,weekend,Academic Block A,06-08,0.363,1941.64,False,False,2,0.6023333333333332,0.6026563364692863,0,0,6,0
ELEC001838,2024-02-04,weekend,Academic Block A,08-10,1.181,1942.82,False,False,2,1.7343333333333335,0.6809532961752834,0,1,6,0
ELEC001839,2024-02-04,weekend,Academic Block A,10-12,1.265,1944.09,False,False,2,2.1293333333333333,0.5940826549780839,0,2,6,0
ELEC001840,2024-02-04,weekend,Academic Block A,12-14,1.096,1945.19,False,False,2,2.037333333333333,0.5379581151832461,0,3,6,0
ELEC001841,2024-02-04,weekend,Academic Block A,14-16,1.284,1946.47,False,False,2,2.249,0.5709204090706982,0,4,6,0
ELEC001842,2024-02-04,weekend,Academic Block A,16-18,1.026,1947.5,False,False,2,1.959,0.5237366003062788,0,5,6,0
ELEC001843,2024-02-04,weekend,Academic Block A,18-20,0.871,1948.37,False,False,2,1.724,0.5052204176334106,0,6,6,0
ELEC001844,2024-02-04,weekend,Academic Block A,20-22,0.675,1949.04,False,False,2,2.317936301727598,0.2912073120805394,0,7,6,0
ELEC001845,2024-02-04,weekend,Academic Block A,22-00,0.259,1949.3,False,False,2,0.5116666666666666,0.5061889250814333,0,8,6,0
ELEC001846,2024-02-04,weekend,Academic Block B,06-08,0.378,5433.95,False,False,2,0.648,0.5833333333333334,1,0,6,0
ELEC001847,2024-02-04,weekend,Academic Block B,08-10,1.026,5434.98,False,False,2,1.881,0.5454545454545454,1,1,6,0
ELEC001848,2024-02-04,weekend,Academic Block B,10-12,1.15,5436.13,False,False,2,2.402333333333333,0.4787012626613015,1,2,6,0
ELEC001849,2024-02-04,weekend,Academic Block B,12-14,1.286,5437.42,False,False,2,1.9406666666666668,0.6626588801099278,1,3,6,0
ELEC001850,2024-02-04,weekend,Academic Block B,14-16,1.304,5438.72,False,False,2,2.299,0.5672031317964332,1,4,6,0
ELEC001851,2024-02-04,weekend,Academic Block B,16-18,1.093,5439.81,False,False,2,1.8053333333333332,0.6054283604135893,1,5,6,0
ELEC001852,2024-02-04,weekend,Academic Block B,18-20,0.927,5440.74,False,False,2,1.5320000000000007,0.6050913838120102,1,6,6,0
ELEC001853,2024-02-04,weekend,Academic Block B,20-22,0.816,5441.56,False,False,2,1.3266666666666664,0.6150753768844222,1,7,6,0
ELEC001854,2024-02-04,weekend,Academic Block B,22-00,0.323,5441.88,False,False,2,0.532,0.6071428571428571,1,8,6,0
ELEC001855,2024-02-04,weekend,Hostel Block 1,06-08,0.21,3788.91,False,False,2,0.3296666666666666,0.6370070778564206,2,0,6,0
ELEC001856,2024-02-04,weekend,Hostel Block 1,08-10,0.623,3789.53,False,False,2,0.9613333333333336,0.6480582524271844,2,1,6,0
ELEC001857,2024-02-04,weekend,Hostel Block 1,10-12,0.692,3790.22,False,False,2,1.1443333333333332,0.6047189047480338,2,2,6,0
ELEC001858,2024-02-04,weekend,Hostel Block 1,12-14,0.543,3790.76,False,False,2,1.0436666666666663,0.520281060364101,2,3,6,0
ELEC001859,2024-02-04,weekend,Hostel Block 1,14-16,0.67,3791.43,False,False,2,1.098666666666667,0.6098300970873787,2,4,6,0
ELEC001860,2024-02-04,weekend,Hostel Block 1,16-18,0.547,3791.98,False,False,2,0.987,0.5542046605876394,2,5,6,0
ELEC001861,2024-02-04,weekend,Hostel Block 1,18-20,0.537,3792.52,False,False,2,1.606031271456268,0.3343645977161301,2,6,6,0
ELEC001862,2024-02-04,weekend,Hostel Block 1,20-22,0.329,3792.85,False,False,2,0.6033333333333333,0.545303867403315,2,7,6,0
ELEC001863,2024-02-04,weekend,Hostel Block 1,22-00,0.137,3792.99,False,False,2,0.2696666666666666,0.508034610630408,2,8,6,0
ELEC001864,2024-02-04,weekend,Hostel Block 2,06-08,0.178,3533.7,False,False,2,0.3306666666666666,0.5383064516129032,3,0,6,0
ELEC001865,2024-02-04,weekend,Hostel Block 2,08-10,0.549,3534.25,False,False,2,0.9826666666666668,0.5586838534599728,3,1,6,0
ELEC001866,2024-02-04,weekend,Hostel Block 2,10-12,0.619,3534.87,False,False,2,1.2046666666666666,0.5138350857775319,3,2,6,0
ELEC001867,2024-02-04,weekend,Hostel Block 2,12-14,0.546,3535.42,False,False,2,1.03,0.5300970873786408,3,3,6,0
ELEC001868,2024-02-04,weekend,Hostel Block 2,14-16,0.625,3536.05,False,False,2,1.1323333333333332,0.5519576096555785,3,4,6,0
ELEC001869,2024-02-04,weekend,Hostel Block 2,16-18,0.51,3536.56,False,False,2,0.9926666666666668,0.5137676292813969,3,5,6,0
ELEC001870,2024-02-04,weekend,Hostel Block 2,18-20,0.483,3537.04,False,False,2,0.8380000000000002,0.5763723150357993,3,6,6,0
ELEC001871,2024-02-04,weekend,Hostel Block 2,20-22,0.356,3537.4,False,False,2,0.6206666666666668,0.5735767991407088,3,7,6,0
ELEC001872,2024-02-04,weekend,Hostel Block 2,22-00,0.159,3537.56,False,False,2,0.2656666666666666,0.5984943538268507,3,8,6,0
ELEC001873,2024-02-04,weekend,Library,06-08,0.225,1868.34,False,False,2,0.7309608257146608,0.3078140333717848,5,0,6,1
ELEC001874,2024-02-04,weekend,Library,08-10,0.649,1868.99,False,False,2,1.1153333333333335,0.5818888224745964,5,1,6,0
ELEC001875,2024-02-04,weekend,Library,10-12,0.928,1869.92,False,False,2,2.7612633819242824,0.3360780453160867,5,2,6,0
ELEC001876,2024-02-04,weekend,Library,12-14,0.871,1870.79,False,False,2,1.4236666666666666,0.6118005151018497,5,3,6,0
ELEC001877,2024-02-04,weekend,Library,14-16,0.702,1871.49,False,False,2,1.4606666666666666,0.4806024646280237,5,4,6,0
ELEC001878,2024-02-04,weekend,Library,16-18,0.694,1872.18,False,False,2,1.161333333333333,0.5975889781859931,5,5,6,0
ELEC001879,2024-02-04,weekend,Library,18-20,0.679,1872.86,False,False,2,1.1413333333333333,0.5949182242990655,5,6,6,0
ELEC001880,2024-02-04,weekend,Library,20-22,0.422,1873.28,False,False,2,0.8633333333333333,0.4888030888030888,5,7,6,0
ELEC001881,2024-02-04,weekend,Library,22-00,0.175,1873.45,False,False,2,0.3466666666666667,0.5048076923076923,5,8,6,0
ELEC001882,2024-02-04,weekend,Labs Complex,06-08,0.219,4657.0,False,False,2,0.4196666666666667,0.5218427323272438,4,0,6,0
ELEC001883,2024-02-04,weekend,Labs Complex,08-10,0.822,4657.82,False,False,2,1.3746666666666665,0.5979631425800195,4,1,6,0
ELEC001884,2024-02-04,weekend,Labs Complex,10-12,0.905,4658.72,False,False,2,1.5656666666666668,0.578028528848201,4,2,6,0
ELEC001885,2024-02-04,weekend,Labs Complex,12-14,0.754,4659.47,False,False,2,1.3230000000000002,0.5699168556311413,4,3,6,0
ELEC001886,2024-02-04,weekend,Labs Complex,14-16,0.847,4660.32,False,False,2,1.2830000000000004,0.6601714731098984,4,4,6,0
ELEC001887,2024-02-04,weekend,Labs Complex,16-18,0.601,4660.92,False,False,2,1.1546666666666667,0.5204965357967667,4,5,6,0
ELEC001888,2024-02-04,weekend,Labs Complex,18-20,0.548,4661.47,False,False,2,1.024,0.53515625,4,6,6,0
ELEC001889,2024-02-04,weekend,Labs Complex,20-22,0.445,4661.91,False,False,2,0.8236666666666665,0.5402670983407528,4,7,6,0
ELEC001890,2024-02-04,weekend,Labs Complex,22-00,0.182,4662.09,False,False,2,0.352,0.5170454545454545,4,8,6,0
ELEC001891,2024-02-05,weekday,Academic Block A,06-08,3.2006375542484595,1952.5,False,True,2,1.3755458514161532,2.326812698357773,0,0,0,1
ELEC001892,2024-02-05,weekday,Academic Block A,08-10,2.517,1955.02,False,False,2,1.7889999999999997,1.4069312465064283,0,1,0,0
ELEC001893,2024-02-05,weekday,Academic Block A,10-12,3.609,1958.63,False,False,2,2.339,1.542967079948696,0,2,0,0
ELEC001894,2024-02-05,weekday,Academic Block A,12-14,2.86,1961.49,False,False,2,1.963666666666667,1.4564590052622644,0,3,0,0
ELEC001895,2024-02-05,weekday,Academic Block A,14-16,3.281,1964.77,False,False,2,2.251333333333333,1.4573586023097425,0,4,0,0
ELEC001896,2024-02-05,weekday,Academic Block A,16-18,2.283,1967.05,False,False,2,1.7786666666666668,1.2835457271364317,0,5,0,0
ELEC001897,2024-02-05,weekday,Academic Block A,18-20,2.303,1969.35,False,False,2,1.639,1.405125076266016,0,6,0,0
ELEC001898,2024-02-05,weekday,Academic Block A,20-22,2.028,1971.38,False,False,2,1.3116666666666668,1.5461245235069885,0,7,0,0
ELEC001899,2024-02-05,weekday,Academic Block A,22-00,0.858,1972.24,False,False,2,0.5409999999999999,1.5859519408502774,0,8,0,0
ELEC001900,2024-02-05,weekday,Academic Block B,06-08,0.882,5442.76,False,False,2,0.6006666666666667,1.468368479467259,1,0,0,0
ELEC001901,2024-02-05,weekday,Academic Block B,08-10,2.543,5445.3,False,False,2,1.865,1.363538873994638,1,1,0,0
ELEC001902,2024-02-05,weekday,Academic Block B,10-12,3.687,5448.99,False,False,2,2.497666666666667,1.4761777659148536,1,2,0,0
ELEC001903,2024-02-05,weekday,Academic Block B,12-14,2.503,5451.49,False,False,2,1.931,1.2962195753495598,1,3,0,0
ELEC001904,2024-02-05,weekday,Academic Block B,14-16,3.2,5454.69,False,False,2,2.298,1.3925152306353352,1,4,0,0
ELEC001905,2024-02-05,weekday,Academic Block B,16-18,2.558,5457.25,False,False,2,1.753,1.4592127780946946,1,5,0,0
ELEC001906,2024-02-05,weekday,Academic Block B,18-20,2.086,5459.34,False,False,2,1.5563333333333338,1.3403298350824582,1,6,0,0
ELEC001907,2024-02-05,weekday,Academic Block B,20-22,1.772,5461.11,False,False,2,1.25,1.4176,1,7,0,0
ELEC001908,2024-02-05,weekday,Academic Block B,22-00,0.756,5461.87,False,False,2,0.5293333333333333,1.4282115869017633,1,8,0,0
ELEC001909,2024-02-05,weekday,Hostel Block 1,06-08,0.414,3793.4,False,False,2,0.3193333333333333,1.2964509394572024,2,0,0,0
ELEC001910,2024-02-05,weekday,Hostel Block 1,08-10,1.53,3794.93,False,False,2,1.038,1.4739884393063585,2,1,0,0
ELEC001911,2024-02-05,weekday,Hostel Block 1,10-12,1.562,3796.49,False,False,2,1.1416666666666666,1.368175182481752,2,2,0,0
ELEC001912,2024-02-05,weekday,Hostel Block 1,12-14,1.674,3798.16,False,False,2,1.0733333333333333,1.5596273291925469,2,3,0,0
ELEC001913,2024-02-05,weekday,Hostel Block 1,14-16,1.699,3799.86,False,False,2,1.1103333333333332,1.530171119783849,2,4,0,0
ELEC001914,2024-02-05,weekday,Hostel Block 1,16-18,1.414,3801.27,False,False,2,0.977,1.4472876151484135,2,5,0,0
ELEC001915,2024-02-05,weekday,Hostel Block 1,18-20,1.11,3802.38,False,False,2,1.5250312714562682,0.7278539271788503,2,6,0,0
ELEC001916,2024-02-05,weekday,Hostel Block 1,20-22,0.937,3803.32,False,False,2,0.6353333333333333,1.474816369359916,2,7,0,0
ELEC001917,2024-02-05,weekday,Hostel Block 1,22-00,0.441,3803.76,False,False,2,0.2793333333333334,1.578758949880668,2,8,0,0
ELEC001918,2024-02-05,weekday,Hostel Block 2,06-08,0.532,3538.09,False,False,2,0.3376666666666667,1.5755182625863768,3,0,0,0
ELEC001919,2024-02-05,weekday,Hostel Block 2,08-10,1.524,3539.61,False,False,2,1.071,1.42296918767507,3,1,0,0
ELEC001920,2024-02-05,weekday,Hostel Block 2,10-12,1.81,3541.42,False,False,2,1.2233333333333334,1.4795640326975477,3,2,0,0
ELEC001921,2024-02-05,weekday,Hostel Block 2,12-14,1.407,3542.83,False,False,2,1.0013333333333332,1.4051264980026634,3,3,0,0
ELEC001922,2024-02-05,weekday,Hostel Block 2,14-16,1.799,3544.63,False,False,2,1.1569999999999998,1.554883318928263,3,4,0,0
ELEC001923,2024-02-05,weekday,Hostel Block 2,16-18,1.377,3546.01,False,False,2,0.9826666666666668,1.4012890094979646,3,5,0,0
ELEC001924,2024-02-05,weekday,Hostel Block 2,18-20,1.345,3547.36,False,False,2,0.8640000000000002,1.5567129629629626,3,6,0,0
ELEC001925,2024-02-05,weekday,Hostel Block 2,20-22,1.089,3548.45,False,False,2,0.6846666666666668,1.5905550146056473,3,7,0,0
ELEC001926,2024-02-05,weekday,Hostel Block 2,22-00,0.456,3548.91,False,False,2,0.285,1.6,3,8,0,0
ELEC001927,2024-02-05,weekday,Library,06-08,0.564,1874.01,False,False,2,0.7336274923813275,0.7687825304491752,5,0,0,0
ELEC001928,2024-02-05,weekday,Library,08-10,1.824,1875.83,False,False,2,1.1833333333333336,1.5414084507042252,5,1,0,0
ELEC001929,2024-02-05,weekday,Library,10-12,2.194,1878.02,False,False,2,2.798930048590949,0.7838709656586502,5,2,0,0
ELEC001930,2024-02-05,weekday,Library,12-14,1.626,1879.65,False,False,2,1.2629999999999997,1.287410926365796,5,3,0,0
ELEC001931,2024-02-05,weekday,Library,14-16,1.929,1881.58,False,False,2,1.3503333333333334,1.4285361639101457,5,4,0,0
ELEC001932,2024-02-05,weekday,Library,16-18,1.561,1883.14,False,False,2,1.116,1.3987455197132617,5,5,0,0
ELEC001933,2024-02-05,weekday,Library,18-20,1.551,1884.69,False,False,2,1.1113333333333333,1.395620875824835,5,6,0,0
ELEC001934,2024-02-05,weekday,Library,20-22,1.229,1885.92,False,False,2,0.8476666666666667,1.449862367282737,5,7,0,0
ELEC001935,2024-02-05,weekday,Library,22-00,0.526,1886.45,False,False,2,0.3676666666666667,1.4306436990027196,5,8,0,0
ELEC001936,2024-02-05,weekday,Labs Complex,06-08,0.555,4662.65,False,False,2,0.377,1.4721485411140585,4,0,0,0
ELEC001937,2024-02-05,weekday,Labs Complex,08-10,1.698,4664.35,False,False,2,1.2756666666666665,1.331068722236739,4,1,0,0
ELEC001938,2024-02-05,weekday,Labs Complex,10-12,1.929,4666.28,False,False,2,1.405333333333333,1.372628083491461,4,2,0,0
ELEC001939,2024-02-05,weekday,Labs Complex,12-14,2.17,4668.45,False,False,2,1.447,1.4996544574982722,4,3,0,0
ELEC001940,2024-02-05,weekday,Labs Complex,14-16,2.235,4670.68,False,False,2,1.4303333333333337,1.5625728268468884,4,4,0,0
ELEC001941,2024-02-05,weekday,Labs Complex,16-18,1.485,4672.16,False,False,2,1.0990000000000004,1.3512283894449495,4,5,0,0
ELEC001942,2024-02-05,weekday,Labs Complex,18-20,1.545,4673.7,False,False,2,1.0766666666666669,1.434984520123839,4,6,0,0
ELEC001943,2024-02-05,weekday,Labs Complex,20-22,1.198,4674.9,False,False,2,0.8159999999999998,1.4681372549019611,4,7,0,0
ELEC001944,2024-02-05,weekday,Labs Complex,22-00,0.505,4675.4,False,False,2,0.344,1.4680232558139534,4,8,0,0
ELEC001945,2024-02-06,weekday,Academic Block A,06-08,0.836,1973.08,False,False,2,1.4665458514161531,0.5700469570676744,0,0,1,0
ELEC001946,2024-02-06,weekday,Academic Block A,08-10,2.854,1975.93,False,False,2,2.184,1.306776556776557,0,1,1,0
ELEC001947,2024-02-06,weekday,Academic Block A,10-12,3.297,1979.23,False,False,2,2.7236666666666665,1.2105005507281852,0,2,1,0
ELEC001948,2024-02-06,weekday,Academic Block A,12-14,3.094,1982.32,False,False,2,2.35,1.3165957446808512,0,3,1,0
ELEC001949,2024-02-06,weekday,Academic Block A,14-16,3.146,1985.47,False,False,2,2.5703333333333327,1.2239657631954353,0,4,1,0
ELEC001950,2024-02-06,weekday,Academic Block A,16-18,2.808,1988.28,False,False,2,2.039,1.3771456596370768,0,5,1,0
ELEC001951,2024-02-06,weekday,Academic Block A,18-20,2.494,1990.77,False,False,2,1.889333333333333,1.3200423429781232,0,6,1,0
ELEC001952,2024-02-06,weekday,Academic Block A,20-22,1.857,1992.63,False,False,2,1.5200000000000002,1.2217105263157892,0,7,1,0
ELEC001953,2024-02-06,weekday,Academic Block A,22-00,0.691,1993.32,False,False,2,0.6026666666666666,1.146570796460177,0,8,1,0
ELEC001954,2024-02-06,weekday,Academic Block B,06-08,0.834,5462.7,False,False,2,0.698,1.1948424068767909,1,0,1,0
ELEC001955,2024-02-06,weekday,Academic Block B,08-10,2.956,5465.66,False,False,2,2.1750000000000003,1.3590804597701147,1,1,1,0
ELEC001956,2024-02-06,weekday,Academic Block B,10-12,3.428,5469.09,False,False,2,2.7549999999999994,1.2442831215970964,1,2,1,0
ELEC001957,2024-02-06,weekday,Academic Block B,12-14,2.751,5471.84,False,False,2,2.18,1.261926605504587,1,3,1,0
ELEC001958,2024-02-06,weekday,Academic Block B,14-16,2.859,5474.7,False,False,2,2.454333333333333,1.1648784462854815,1,4,1,0
ELEC001959,2024-02-06,weekday,Academic Block B,16-18,2.346,5477.05,False,False,2,1.999,1.1735867933966984,1,5,1,0
ELEC001960,2024-02-06,weekday,Academic Block B,18-20,2.186,5479.24,False,False,2,1.7330000000000003,1.2613964223889205,1,6,1,0
ELEC001961,2024-02-06,weekday,Academic Block B,20-22,1.739,5480.98,False,False,2,1.4423333333333332,1.2056852322625378,1,7,1,0
ELEC001962,2024-02-06,weekday,Academic Block B,22-00,0.648,5481.63,False,False,2,0.5756666666666668,1.125651418645049,1,8,1,0
ELEC001963,2024-02-06,weekday,Hostel Block 1,06-08,0.527,3804.29,False,False,2,0.3836666666666666,1.373588184187663,2,0,1,0
ELEC001964,2024-02-06,weekday,Hostel Block 1,08-10,1.638,3805.93,False,False,2,1.2636666666666667,1.29622790820364,2,1,1,0
ELEC001965,2024-02-06,weekday,Hostel Block 1,10-12,1.562,3807.49,False,False,2,1.2719999999999998,1.227987421383648,2,2,1,0
ELEC001966,2024-02-06,weekday,Hostel Block 1,12-14,1.744,3809.23,False,False,2,1.3203333333333334,1.320878566018682,2,3,1,0
ELEC001967,2024-02-06,weekday,Hostel Block 1,14-16,1.621,3810.85,False,False,2,1.33,1.218796992481203,2,4,1,0
ELEC001968,2024-02-06,weekday,Hostel Block 1,16-18,1.264,3812.11,False,False,2,1.075,1.1758139534883725,2,5,1,0
ELEC001969,2024-02-06,weekday,Hostel Block 1,18-20,1.292,3813.4,False,False,2,0.979666666666667,1.3188159237835997,2,6,1,0
ELEC001970,2024-02-06,weekday,Hostel Block 1,20-22,1.071,3814.47,False,False,2,0.7789999999999999,1.374839537869063,2,7,1,0
ELEC001971,2024-02-06,weekday,Hostel Block 1,22-00,0.414,3814.88,False,False,2,0.3306666666666666,1.252016129032258,2,8,1,0
ELEC001972,2024-02-06,weekday,Hostel Block 2,06-08,0.545,3549.45,False,False,2,0.4183333333333334,1.3027888446215137,3,0,1,0
ELEC001973,2024-02-06,weekday,Hostel Block 2,08-10,1.478,3550.93,False,False,2,1.1836666666666666,1.2486623486341877,3,1,1,0
ELEC001974,2024-02-06,weekday,Hostel Block 2,10-12,1.568,3552.5,False,False,2,1.3323333333333334,1.1768826619964974,3,2,1,0
ELEC001975,2024-02-06,weekday,Hostel Block 2,12-14,1.483,3553.98,False,False,2,1.145333333333333,1.2948195576251456,3,3,1,0
ELEC001976,2024-02-06,weekday,Hostel Block 2,14-16,1.406,3555.39,False,False,2,1.2766666666666664,1.1013054830287208,3,4,1,0
ELEC001977,2024-02-06,weekday,Hostel Block 2,16-18,1.434,3556.82,False,False,2,1.107,1.2953929539295392,3,5,1,0
ELEC001978,2024-02-06,weekday,Hostel Block 2,18-20,1.29,3558.11,False,False,2,1.0393333333333334,1.241180243745991,3,6,1,0
ELEC001979,2024-02-06,weekday,Hostel Block 2,20-22,0.936,3559.05,False,False,2,0.7936666666666669,1.1793364132717343,3,7,1,0
ELEC001980,2024-02-06,weekday,Hostel Block 2,22-00,0.369,3559.42,False,False,2,0.3279999999999999,1.1250000000000002,3,8,1,0
ELEC001981,2024-02-06,weekday,Library,06-08,0.545,1887.0,False,False,2,0.4446666666666667,1.2256371814092952,5,0,1,0
ELEC001982,2024-02-06,weekday,Library,08-10,1.758,1888.76,False,False,2,1.4103333333333337,1.2465138265185534,5,1,1,0
ELEC001983,2024-02-06,weekday,Library,10-12,2.1,1890.86,False,False,2,1.740666666666667,1.206434316353887,5,2,1,0
ELEC001984,2024-02-06,weekday,Library,12-14,2.162,1893.02,False,False,2,1.5529999999999995,1.392144236960721,5,3,1,0
ELEC001985,2024-02-06,weekday,Library,14-16,1.968,1894.99,False,False,2,1.533,1.283757338551859,5,4,1,0
ELEC001986,2024-02-06,weekday,Library,16-18,1.738,1896.73,False,False,2,1.331,1.3057851239669422,5,5,1,0
ELEC001987,2024-02-06,weekday,Library,18-20,1.62,1898.35,False,False,2,1.2833333333333334,1.2623376623376623,5,6,1,0
ELEC001988,2024-02-06,weekday,Library,20-22,1.291,1899.64,False,False,2,0.9806666666666668,1.3164513936097892,5,7,1,0
ELEC001989,2024-02-06,weekday,Library,22-00,0.498,1900.14,False,False,2,0.3996666666666668,1.24603836530442,5,8,1,0
ELEC001990,2024-02-06,weekday,Labs Complex,06-08,0.595,4675.99,False,False,2,0.4563333333333333,1.3038714390065742,4,0,1,0
ELEC001991,2024-02-06,weekday,Labs Complex,08-10,1.572,4677.56,False,False,2,1.364,1.152492668621701,4,1,1,0
ELEC001992,2024-02-06,weekday,Labs Complex,10-12,2.303,4679.86,False,False,2,1.7123333333333337,1.344948413470897,4,2,1,0
ELEC001993,2024-02-06,weekday,Labs Complex,12-14,2.016,4681.88,False,False,2,1.6466666666666667,1.2242914979757085,4,3,1,0
ELEC001994,2024-02-06,weekday,Labs Complex,14-16,1.775,4683.65,False,False,2,1.6190000000000004,1.0963557751698576,4,4,1,0
ELEC001995,2024-02-06,weekday,Labs Complex,16-18,1.9,4685.55,False,False,2,1.328666666666667,1.4300050175614647,4,5,1,0
ELEC001996,2024-02-06,weekday,Labs Complex,18-20,1.477,4687.03,False,False,2,1.1900000000000002,1.241176470588235,4,6,1,0
ELEC001997,2024-02-06,weekday,Labs Complex,20-22,1.115,4688.14,False,False,2,0.9193333333333332,1.2128353879622915,4,7,1,0
ELEC001998,2024-02-06,weekday,Labs Complex,22-00,0.456,4688.6,False,False,2,0.381,1.1968503937007875,4,8,1,0
ELEC001999,2024-02-07,weekday,Academic Block A,06-08,0.873,1994.19,False,False,2,1.6365458514161528,0.5334405994458186,0,0,2,0
ELEC002000,2024-02-07,weekday,Academic Block A,08-10,2.99,1997.18,False,False,2,2.7870000000000004,1.072838177251525,0,1,2,0
ELEC002001,2024-02-07,weekday,Academic Block A,10-12,3.485,2000.66,False,False,2,3.4636666666666667,1.0061591762101818,0,2,2,0
ELEC002002,2024-02-07,weekday,Academic Block A,12-14,2.616,2003.28,False,False,2,2.856666666666667,0.9157526254375729,0,3,2,0
ELEC002003,2024-02-07,weekday,Academic Block A,14-16,2.821,2006.1,False,False,2,3.0826666666666664,0.9151167820069206,0,4,2,0
ELEC002004,2024-02-07,weekday,Academic Block A,16-18,2.308,2008.41,False,False,2,2.466333333333333,0.9358021354237058,0,5,2,0
ELEC002005,2024-02-07,weekday,Academic Block A,18-20,2.066,2010.48,False,False,2,2.2876666666666665,0.9031035990091796,0,6,2,0
ELEC002006,2024-02-07,weekday,Academic Block A,20-22,1.566,2012.05,False,False,2,1.817,0.8618602091359383,0,7,2,0
ELEC002007,2024-02-07,weekday,Academic Block A,22-00,0.762,2012.81,False,False,2,0.7703333333333333,0.9891821722198184,0,8,2,0
ELEC002008,2024-02-07,weekday,Academic Block B,06-08,0.906,5482.54,False,False,2,0.874,1.036613272311213,1,0,2,0
ELEC002009,2024-02-07,weekday,Academic Block B,08-10,2.629,5485.17,False,False,2,2.7093333333333334,0.9703494094488188,1,1,2,0
ELEC002010,2024-02-07,weekday,Academic Block B,10-12,2.842,5488.01,False,False,2,3.3190000000000004,0.856282012654414,1,2,2,0
ELEC002011,2024-02-07,weekday,Academic Block B,12-14,3.186,5491.2,False,False,2,2.813333333333333,1.1324644549763034,1,3,2,0
ELEC002012,2024-02-07,weekday,Academic Block B,14-16,2.664,5493.86,False,False,2,2.907666666666667,0.9161985555428178,1,4,2,0
ELEC002013,2024-02-07,weekday,Academic Block B,16-18,2.919,5496.78,False,False,2,2.607666666666667,1.1193915377732326,1,5,2,0
ELEC002014,2024-02-07,weekday,Academic Block B,18-20,2.162,5498.94,False,False,2,2.144666666666667,1.0080820640348147,1,6,2,0
ELEC002015,2024-02-07,weekday,Academic Block B,20-22,1.777,5630.25,False,False,2,1.7626666666666668,1.0081316187594551,1,7,2,0
ELEC002016,2024-02-07,weekday,Academic Block B,22-00,0.678,5501.39,False,False,2,0.694,0.9769452449567724,1,8,2,0
ELEC002017,2024-02-07,weekday,Hostel Block 1,06-08,0.415,3815.3,False,False,2,0.452,0.918141592920354,2,0,2,0
ELEC002018,2024-02-07,weekday,Hostel Block 1,08-10,1.369,3816.67,False,False,2,1.5123333333333333,0.9052237161119684,2,1,2,0
ELEC002019,2024-02-07,weekday,Hostel Block 1,10-12,1.638,3818.31,False,False,2,1.5873333333333333,1.0319193616127678,2,2,2,0
ELEC002020,2024-02-07,weekday,Hostel Block 1,12-14,1.374,3819.68,False,False,2,1.5973333333333333,0.8601836393989984,2,3,2,0
ELEC002021,2024-02-07,weekday,Hostel Block 1,14-16,1.365,3821.04,False,False,2,1.5616666666666663,0.8740661686232658,2,4,2,0
ELEC002022,2024-02-07,weekday,Hostel Block 1,16-18,1.242,3822.28,False,False,2,1.3066666666666666,0.9505102040816328,2,5,2,0
ELEC002023,2024-02-07,weekday,Hostel Block 1,18-20,1.08,3823.36,False,False,2,1.160666666666667,0.9304997128087305,2,6,2,0
ELEC002024,2024-02-07,weekday,Hostel Block 1,20-22,0.957,3824.32,False,False,2,0.9883333333333332,0.9682967959527824,2,7,2,0
ELEC002025,2024-02-07,weekday,Hostel Block 1,22-00,0.433,3824.75,False,False,2,0.4293333333333333,1.008540372670807,2,8,2,0
ELEC002026,2024-02-07,weekday,Hostel Block 2,06-08,0.42,3559.84,False,False,2,0.4990000000000001,0.8416833667334667,3,0,2,0
ELEC002027,2024-02-07,weekday,Hostel Block 2,08-10,1.617,3561.46,False,False,2,1.5396666666666663,1.050227321931154,3,1,2,0
ELEC002028,2024-02-07,weekday,Hostel Block 2,10-12,1.682,3563.14,False,False,2,1.6866666666666668,0.9972332015810276,3,2,2,0
ELEC002029,2024-02-07,weekday,Hostel Block 2,12-14,1.5,3564.64,False,False,2,1.4633333333333332,1.0250569476082003,3,3,2,0
ELEC002030,2024-02-07,weekday,Hostel Block 2,14-16,1.479,3566.12,False,False,2,1.561333333333333,0.9472672929120411,3,4,2,0
ELEC002031,2024-02-07,weekday,Hostel Block 2,16-18,1.402,3567.52,False,False,2,1.4043333333333334,0.9983384761452644,3,5,2,0
ELEC002032,2024-02-07,weekday,Hostel Block 2,18-20,1.073,3568.59,False,False,2,1.236,0.8681229773462783,3,6,2,0
ELEC002033,2024-02-07,weekday,Hostel Block 2,20-22,1.022,3569.61,False,False,2,1.015666666666667,1.0062356416147027,3,7,2,0
ELEC002034,2024-02-07,weekday,Hostel Block 2,22-00,0.388,3570.0,False,False,2,0.4043333333333332,0.9596042868920036,3,8,2,0
ELEC002035,2024-02-07,weekday,Library,06-08,0.543,1900.68,False,False,2,0.5506666666666666,0.9860774818401938,5,0,2,0
ELEC002036,2024-02-07,weekday,Library,08-10,1.611,1902.29,False,False,2,1.7310000000000003,0.9306759098786824,5,1,2,0
ELEC002037,2024-02-07,weekday,Library,10-12,2.36,1904.65,False,False,2,2.2180000000000004,1.0640216411181245,5,2,2,0
ELEC002038,2024-02-07,weekday,Library,12-14,1.972,1906.62,False,False,2,1.9199999999999997,1.0270833333333338,5,3,2,0
ELEC002039,2024-02-07,weekday,Library,14-16,2.271,1908.89,False,False,2,2.056,1.1045719844357975,5,4,2,0
ELEC002040,2024-02-07,weekday,Library,16-18,1.735,1910.62,False,False,2,1.678,1.033969010727056,5,5,2,0
ELEC002041,2024-02-07,weekday,Library,18-20,4.82216749140574,1915.44,False,True,2,2.6643891638019137,1.8098585435337888,5,6,2,1
ELEC002042,2024-02-07,weekday,Library,20-22,1.02,1916.46,False,False,2,1.18,0.864406779661017,5,7,2,0
ELEC002043,2024-02-07,weekday,Library,22-00,0.469,1916.93,False,False,2,0.4976666666666667,0.942397856664434,5,8,2,0
ELEC002044,2024-02-07,weekday,Labs Complex,06-08,0.669,4689.27,False,False,2,0.6063333333333333,1.103353490929082,4,0,2,0
ELEC002045,2024-02-07,weekday,Labs Complex,08-10,5.325442592882454,4694.6,False,True,2,2.8651475309608183,1.8586975139449744,4,1,2,1
ELEC002046,2024-02-07,weekday,Labs Complex,10-12,2.14,4696.74,False,False,2,2.124,1.0075329566854991,4,2,2,0
ELEC002047,2024-02-07,weekday,Labs Complex,12-14,1.644,4698.38,False,False,2,1.9433333333333331,0.8459691252144081,4,3,2,0
ELEC002048,2024-02-07,weekday,Labs Complex,14-16,2.055,4700.44,False,False,2,2.021666666666667,1.016488046166529,4,4,2,0
ELEC002049,2024-02-07,weekday,Labs Complex,16-18,1.656,4702.1,False,False,2,1.6803333333333337,0.9855187462804996,4,5,2,0
ELEC002050,2024-02-07,weekday,Labs Complex,18-20,1.378,4703.48,False,False,2,1.4666666666666668,0.9395454545454544,4,6,2,0
ELEC002051,2024-02-07,weekday,Labs Complex,20-22,1.242,4704.72,False,False,2,1.1849999999999998,1.0481012658227848,4,7,2,0
ELEC002052,2024-02-07,weekday,Labs Complex,22-00,2.01565468146552,4706.74,False,True,2,0.9922182271551736,2.031463065584554,4,8,2,0
ELEC002053,2024-02-08,weekday,Academic Block A,06-08,1.0,2013.81,False,False,2,0.903,1.1074197120708749,0,0,3,0
ELEC002054,2024-02-08,weekday,Academic Block A,08-10,2.837,2016.65,False,False,2,2.893666666666667,0.9804170026494644,0,1,3,0
ELEC002055,2024-02-08,weekday,Academic Block A,10-12,2.9,2019.55,False,False,2,3.2273333333333336,0.898574674653997,0,2,3,0
ELEC002056,2024-02-08,weekday,Academic Block A,12-14,2.615,2022.16,False,False,2,2.775,0.9423423423423424,0,3,3,0
ELEC002057,2024-02-08,weekday,Academic Block A,14-16,2.718,2024.88,False,False,2,2.895,0.9388601036269432,0,4,3,0
ELEC002058,2024-02-08,weekday,Academic Block A,16-18,2.672,2027.55,False,False,2,2.596,1.029275808936826,0,5,3,0
ELEC002059,2024-02-08,weekday,Academic Block A,18-20,2.397,2029.95,False,False,2,2.319,1.0336351875808538,0,6,3,0
ELEC002060,2024-02-08,weekday,Academic Block A,20-22,1.704,2031.65,False,False,2,1.709,0.9970743124634288,0,7,3,0
ELEC002061,2024-02-08,weekday,Academic Block A,22-00,0.667,2032.32,False,False,2,0.7066666666666666,0.943867924528302,0,8,3,0
ELEC002062,2024-02-08,weekday,Academic Block B,06-08,1.008,5502.4,False,False,2,0.916,1.100436681222707,1,0,3,0
ELEC002063,2024-02-08,weekday,Academic Block B,08-10,2.517,5504.92,False,False,2,2.7006666666666668,0.9319921007158726,1,1,3,0
ELEC002064,2024-02-08,weekday,Academic Block B,10-12,2.883,5507.8,False,False,2,3.051,0.9449360865290068,1,2,3,0
ELEC002065,2024-02-08,weekday,Academic Block B,12-14,3.237,5511.04,False,False,2,3.058,1.0585349901896666,1,3,3,0
ELEC002066,2024-02-08,weekday,Academic Block B,14-16,3.136,5514.18,False,False,2,2.8863333333333334,1.0864995957962813,1,4,3,0
ELEC002067,2024-02-08,weekday,Academic Block B,16-18,2.469,5516.65,False,False,2,2.578,0.9577191621411948,1,5,3,0
ELEC002068,2024-02-08,weekday,Academic Block B,18-20,2.109,5518.76,False,False,2,2.152333333333334,0.9798668112126372,1,6,3,0
ELEC002069,2024-02-08,weekday,Academic Block B,20-22,1.849,5520.61,False,False,2,1.788333333333333,1.033923578751165,1,7,3,0
ELEC002070,2024-02-08,weekday,Academic Block B,22-00,0.785,5521.39,False,False,2,0.7036666666666668,1.1155850307910942,1,8,3,0
ELEC002071,2024-02-08,weekday,Hostel Block 1,06-08,0.501,3825.25,False,False,2,0.481,1.0415800415800416,2,0,3,0
ELEC002072,2024-02-08,weekday,Hostel Block 1,08-10,1.309,3826.56,False,False,2,1.4386666666666663,0.909870250231696,2,1,3,0
ELEC002073,2024-02-08,weekday,Hostel Block 1,10-12,1.986,3828.55,False,False,2,1.7286666666666664,1.148862321635172,2,2,3,0
ELEC002074,2024-02-08,weekday,Hostel Block 1,12-14,1.635,3830.19,False,False,2,1.5843333333333334,1.0319798022301705,2,3,3,0
ELEC002075,2024-02-08,weekday,Hostel Block 1,14-16,1.49,3831.68,False,False,2,1.492,0.9986595174262736,2,4,3,0
ELEC002076,2024-02-08,weekday,Hostel Block 1,16-18,1.46,3833.14,False,False,2,1.322,1.1043872919818456,2,5,3,0
ELEC002077,2024-02-08,weekday,Hostel Block 1,18-20,1.039,3834.18,False,False,2,1.1370000000000002,0.9138082673702724,2,6,3,0
ELEC002078,2024-02-08,weekday,Hostel Block 1,20-22,1.052,3835.23,False,False,2,1.0266666666666666,1.0246753246753249,2,7,3,0
ELEC002079,2024-02-08,weekday,Hostel Block 1,22-00,0.38,3835.61,False,False,2,0.409,0.9290953545232274,2,8,3,0
ELEC002080,2024-02-08,weekday,Hostel Block 2,06-08,0.442,3570.44,False,False,2,0.469,0.9424307036247336,3,0,3,0
ELEC002081,2024-02-08,weekday,Hostel Block 2,08-10,1.388,3571.83,False,False,2,1.4943333333333333,0.9288422931072942,3,1,3,0
ELEC002082,2024-02-08,weekday,Hostel Block 2,10-12,1.609,3573.44,False,False,2,1.6196666666666666,0.9934142827742334,3,2,3,0
ELEC002083,2024-02-08,weekday,Hostel Block 2,12-14,1.36,3574.8,False,False,2,1.4476666666666669,0.9394427814874512,3,3,3,0
ELEC002084,2024-02-08,weekday,Hostel Block 2,14-16,1.732,3576.53,False,False,2,1.539,1.1254061078622482,3,4,3,0
ELEC002085,2024-02-08,weekday,Hostel Block 2,16-18,1.49,3578.02,False,False,2,1.4420000000000002,1.033287101248266,3,5,3,0
ELEC002086,2024-02-08,weekday,Hostel Block 2,18-20,1.052,3579.07,False,False,2,1.1383333333333334,0.9241581259150804,3,6,3,0
ELEC002087,2024-02-08,weekday,Hostel Block 2,20-22,0.917,3579.99,False,False,2,0.9583333333333336,0.9568695652173912,3,7,3,0
ELEC002088,2024-02-08,weekday,Hostel Block 2,22-00,0.397,3580.39,False,False,2,0.3846666666666666,1.0320623916811094,3,8,3,0
ELEC002089,2024-02-08,weekday,Library,06-08,0.512,1917.44,False,False,2,0.5333333333333333,0.96,5,0,3,0
ELEC002090,2024-02-08,weekday,Library,08-10,1.781,1919.22,False,False,2,1.716666666666667,1.0374757281553395,5,1,3,0
ELEC002091,2024-02-08,weekday,Library,10-12,2.375,2008.86,False,False,2,2.2783333333333338,1.042428675932699,5,2,3,0
ELEC002092,2024-02-08,weekday,Library,12-14,1.689,1923.28,False,False,2,1.941,0.8701700154559507,5,3,3,0
ELEC002093,2024-02-08,weekday,Library,14-16,2.079,1925.36,False,False,2,2.106,0.9871794871794872,5,4,3,0
ELEC002094,2024-02-08,weekday,Library,16-18,1.519,1926.88,False,False,2,1.664,0.9128605769230768,5,5,3,0
ELEC002095,2024-02-08,weekday,Library,18-20,1.625,1928.51,False,False,2,2.6890558304685803,0.6043013244975417,5,6,3,0
ELEC002096,2024-02-08,weekday,Library,20-22,1.293,1929.8,False,False,2,1.2013333333333334,1.0763041065482797,5,7,3,0
ELEC002097,2024-02-08,weekday,Library,22-00,0.464,1930.26,False,False,2,0.477,0.9727463312368972,5,8,3,0
ELEC002098,2024-02-08,weekday,Labs Complex,06-08,0.53,4707.27,False,False,2,0.598,0.8862876254180603,4,0,3,0
ELEC002099,2024-02-08,weekday,Labs Complex,08-10,1.765,4709.04,False,False,2,2.887480864294151,0.6112594621233817,4,1,3,0
ELEC002100,2024-02-08,weekday,Labs Complex,10-12,2.104,4711.14,False,False,2,2.1823333333333337,0.9641056972659232,4,2,3,0
ELEC002101,2024-02-08,weekday,Labs Complex,12-14,1.863,4713.0,False,False,2,1.841,1.0119500271591526,4,3,3,0
ELEC002102,2024-02-08,weekday,Labs Complex,14-16,1.701,4714.7,False,False,2,1.8436666666666677,0.9226179714337368,4,4,3,0
ELEC002103,2024-02-08,weekday,Labs Complex,16-18,1.561,4716.26,False,False,2,1.7056666666666669,0.9151846785225716,4,5,3,0
ELEC002104,2024-02-08,weekday,Labs Complex,18-20,1.331,4798.735,False,False,2,1.395333333333333,0.9538939321548016,4,6,3,0
ELEC002105,2024-02-08,weekday,Labs Complex,20-22,1.094,4718.69,False,False,2,1.1503333333333332,0.951028687337004,4,7,3,0
ELEC002106,2024-02-08,weekday,Labs Complex,22-00,0.477,4719.17,False,False,2,0.98288489382184,0.4853060648284437,4,8,3,0
ELEC002107,2024-02-09,weekday,Academic Block A,06-08,0.808,2033.13,False,False,2,0.8936666666666667,0.9041402461767996,0,0,4,0
ELEC002108,2024-02-09,weekday,Academic Block A,08-10,2.865,2036.0,False,False,2,2.897333333333333,0.9888403129314312,0,1,4,0
ELEC002109,2024-02-09,weekday,Academic Block A,10-12,3.152,2039.15,False,False,2,3.179,0.9915067631330609,0,2,4,0
ELEC002110,2024-02-09,weekday,Academic Block A,12-14,2.528,2041.68,False,False,2,2.5863333333333336,0.9774455471065858,0,3,4,0
ELEC002111,2024-02-09,weekday,Academic Block A,14-16,3.374,2045.05,False,False,2,2.971,1.1356445641198252,0,4,4,0
ELEC002112,2024-02-09,weekday,Academic Block A,16-18,2.372,2047.42,False,False,2,2.4506666666666668,0.9678998911860718,0,5,4,0
ELEC002113,2024-02-09,weekday,Academic Block A,18-20,2.203,2049.62,False,False,2,2.2219999999999995,0.9914491449144917,0,6,4,0
ELEC002114,2024-02-09,weekday,Academic Block A,20-22,1.63,2051.25,False,False,2,1.633333333333333,0.9979591836734696,0,7,4,0
ELEC002115,2024-02-09,weekday,Academic Block A,22-00,0.681,2051.93,False,False,2,0.7033333333333333,0.9682464454976304,0,8,4,0
ELEC002116,2024-02-09,weekday,Academic Block B,06-08,0.96,5522.35,False,False,2,0.958,1.002087682672234,1,0,4,0
ELEC002117,2024-02-09,weekday,Academic Block B,08-10,2.714,5525.06,False,False,2,2.620000000000001,1.0358778625954197,1,1,4,0
ELEC002118,2024-02-09,weekday,Academic Block B,10-12,3.535,5528.6,False,False,2,3.0866666666666664,1.1452483801295898,1,2,4,0
ELEC002119,2024-02-09,weekday,Academic Block B,12-14,2.628,5531.23,False,False,2,3.017,0.8710639708319523,1,3,4,0
ELEC002120,2024-02-09,weekday,Academic Block B,14-16,2.878,5534.11,False,False,2,2.892666666666667,0.9949297073058307,1,4,4,0
ELEC002121,2024-02-09,weekday,Academic Block B,16-18,2.561,5536.67,False,False,2,2.6496666666666666,0.9665366712794062,1,5,4,0
ELEC002122,2024-02-09,weekday,Academic Block B,18-20,2.192,5538.86,False,False,2,2.154333333333334,1.0174841404920312,1,6,4,0
ELEC002123,2024-02-09,weekday,Academic Block B,20-22,1.667,5540.53,False,False,2,1.7643333333333333,0.9448327980351408,1,7,4,0
ELEC002124,2024-02-09,weekday,Academic Block B,22-00,0.733,5541.26,False,False,2,0.7319999999999999,1.0013661202185793,1,8,4,0
ELEC002125,2024-02-09,weekday,Hostel Block 1,06-08,0.51,3836.12,False,False,2,0.4753333333333333,1.072931276297335,2,0,4,0
ELEC002126,2024-02-09,weekday,Hostel Block 1,08-10,1.252,3837.37,False,False,2,1.3099999999999998,0.9557251908396948,2,1,4,0
ELEC002127,2024-02-09,weekday,Hostel Block 1,10-12,1.612,3838.98,False,False,2,1.7453333333333332,0.9236058059587472,2,2,4,0
ELEC002128,2024-02-09,weekday,Hostel Block 1,12-14,1.477,3840.46,False,False,2,1.4953333333333336,0.9877396344181898,2,3,4,0
ELEC002129,2024-02-09,weekday,Hostel Block 1,14-16,1.81,3842.27,False,False,2,1.555,1.1639871382636655,2,4,4,0
ELEC002130,2024-02-09,weekday,Hostel Block 1,16-18,1.293,3843.56,False,False,2,1.3316666666666668,0.9709637046307884,2,5,4,0
ELEC002131,2024-02-09,weekday,Hostel Block 1,18-20,1.075,3844.63,False,False,2,1.0646666666666669,1.0097056981840948,2,6,4,0
ELEC002132,2024-02-09,weekday,Hostel Block 1,20-22,1.099,3845.73,False,False,2,1.0359999999999998,1.060810810810811,2,7,4,0
ELEC002133,2024-02-09,weekday,Hostel Block 1,22-00,0.434,3846.16,False,False,2,0.4156666666666666,1.0441058540497197,2,8,4,0
ELEC002134,2024-02-09,weekday,Hostel Block 2,06-08,0.532,3580.92,False,False,2,0.4646666666666667,1.1449067431850788,3,0,4,0
ELEC002135,2024-02-09,weekday,Hostel Block 2,08-10,1.62,3582.54,False,False,2,1.5416666666666667,1.0508108108108107,3,1,4,0
ELEC002136,2024-02-09,weekday,Hostel Block 2,10-12,1.562,3584.1,False,False,2,1.6176666666666666,0.9655882958994436,3,2,4,0
ELEC002137,2024-02-09,weekday,Hostel Block 2,12-14,1.706,3585.81,False,False,2,1.522,1.1208935611038109,3,3,4,0
ELEC002138,2024-02-09,weekday,Hostel Block 2,14-16,1.449,3587.26,False,False,2,1.5533333333333337,0.932832618025751,3,4,4,0
ELEC002139,2024-02-09,weekday,Hostel Block 2,16-18,1.202,3588.46,False,False,2,1.3646666666666665,0.8808011724474842,3,5,4,0
ELEC002140,2024-02-09,weekday,Hostel Block 2,18-20,1.332,3589.79,False,False,2,1.1523333333333337,1.155915533699739,3,6,4,0
ELEC002141,2024-02-09,weekday,Hostel Block 2,20-22,1.073,3590.86,False,False,2,1.0040000000000002,1.0687250996015931,3,7,4,0
ELEC002142,2024-02-09,weekday,Hostel Block 2,22-00,0.429,3591.29,False,False,2,0.4046666666666667,1.0601317957166392,3,8,4,0
ELEC002143,2024-02-09,weekday,Library,06-08,0.521,1930.78,False,False,2,0.5253333333333333,0.991751269035533,5,0,4,0
ELEC002144,2024-02-09,weekday,Library,08-10,1.957,1932.74,False,False,2,1.7830000000000004,1.0975883342680872,5,1,4,0
ELEC002145,2024-02-09,weekday,Library,10-12,1.97,1934.71,False,False,2,2.2350000000000003,0.8814317673378075,5,2,4,0
ELEC002146,2024-02-09,weekday,Library,12-14,2.117,1936.83,False,False,2,1.9259999999999995,1.0991692627206648,5,3,4,0
ELEC002147,2024-02-09,weekday,Library,14-16,2.117,1938.95,False,False,2,2.155666666666667,0.9820627802690582,5,4,4,0
ELEC002148,2024-02-09,weekday,Library,16-18,1.513,1940.46,False,False,2,1.5889999999999995,0.9521711768407805,5,5,4,0
ELEC002149,2024-02-09,weekday,Library,18-20,1.353,1941.81,False,False,2,2.60005583046858,0.5203734412718989,5,6,4,0
ELEC002150,2024-02-09,weekday,Library,20-22,1.274,1943.08,False,False,2,1.1956666666666669,1.0655143574017285,5,7,4,0
ELEC002151,2024-02-09,weekday,Library,22-00,0.427,1943.51,False,False,2,0.4533333333333333,0.9419117647058822,5,8,4,0
ELEC002152,2024-02-09,weekday,Labs Complex,06-08,0.618,4719.79,False,False,2,0.6056666666666667,1.0203632361034671,4,0,4,0
ELEC002153,2024-02-09,weekday,Labs Complex,08-10,1.595,4721.39,False,False,2,2.895147530960818,0.5509218383322471,4,1,4,0
ELEC002154,2024-02-09,weekday,Labs Complex,10-12,2.243,4723.63,False,False,2,2.162333333333333,1.0373053799907508,4,2,4,0
ELEC002155,2024-02-09,weekday,Labs Complex,12-14,1.777,4725.41,False,False,2,1.7613333333333332,1.00889477668433,4,3,4,0
ELEC002156,2024-02-09,weekday,Labs Complex,14-16,2.209,4727.62,False,False,2,1.988333333333334,1.1109807208717517,4,4,4,0
ELEC002157,2024-02-09,weekday,Labs Complex,16-18,1.542,4729.16,False,False,2,1.5863333333333334,0.9720529523009036,4,5,4,0
ELEC002158,2024-02-09,weekday,Labs Complex,18-20,1.422,4730.58,False,False,2,1.3769999999999998,1.0326797385620916,4,6,4,0
ELEC002159,2024-02-09,weekday,Labs Complex,20-22,1.168,4731.75,False,False,2,1.168,1.0,4,7,4,0
ELEC002160,2024-02-09,weekday,Labs Complex,22-00,0.543,4732.29,False,False,2,1.01188489382184,0.5366223009310035,4,8,4,0
ELEC002161,2024-02-10,saturday,Academic Block A,06-08,0.705,2052.63,False,False,2,0.8376666666666667,0.8416235575009948,0,0,5,0
ELEC002162,2024-02-10,saturday,Academic Block A,08-10,1.676,2054.31,False,False,2,2.459333333333333,0.6814854974247765,0,1,5,0
ELEC002163,2024-02-10,saturday,Academic Block A,10-12,2.092,2056.4,False,False,2,2.7146666666666666,0.7706286836935168,0,2,5,0
ELEC002164,2024-02-10,saturday,Academic Block A,12-14,2.125,2058.53,False,False,2,2.4226666666666667,0.8771326362135388,0,3,5,0
ELEC002165,2024-02-10,saturday,Academic Block A,14-16,1.994,2060.52,False,False,2,2.6953333333333327,0.73979718031165,0,4,5,0
ELEC002166,2024-02-10,saturday,Academic Block A,16-18,1.902,2062.42,False,False,2,2.315333333333333,0.8214799884825799,0,5,5,0
ELEC002167,2024-02-10,saturday,Academic Block A,18-20,1.424,2063.84,False,False,2,2.008,0.7091633466135457,0,6,5,0
ELEC002168,2024-02-10,saturday,Academic Block A,20-22,1.089,2064.93,False,False,2,1.4743333333333333,0.7386389328510061,0,7,5,0
ELEC002169,2024-02-10,saturday,Academic Block A,22-00,0.57,2065.5,False,False,2,0.6393333333333333,0.8915537017726798,0,8,5,0
ELEC002170,2024-02-10,saturday,Academic Block B,06-08,0.662,5541.92,False,False,2,0.8766666666666666,0.7551330798479089,1,0,5,0
ELEC002171,2024-02-10,saturday,Academic Block B,08-10,1.681,5543.6,False,False,2,2.3040000000000003,0.7296006944444444,1,1,5,0
ELEC002172,2024-02-10,saturday,Academic Block B,10-12,2.65,5546.25,False,False,2,3.0226666666666664,0.8767093074547861,1,2,5,0
ELEC002173,2024-02-10,saturday,Academic Block B,12-14,1.993,5548.24,False,False,2,2.619333333333333,0.7608806312038686,1,3,5,0
ELEC002174,2024-02-10,saturday,Academic Block B,14-16,2.32,5550.56,False,False,2,2.7780000000000005,0.8351331893448523,1,4,5,0
ELEC002175,2024-02-10,saturday,Academic Block B,16-18,1.878,5552.44,False,False,2,2.302666666666666,0.8155761436016212,1,5,5,0
ELEC002176,2024-02-10,saturday,Academic Block B,18-20,1.807,5554.25,False,False,2,2.036000000000001,0.8875245579567775,1,6,5,0
ELEC002177,2024-02-10,saturday,Academic Block B,20-22,1.407,5630.25,False,False,2,1.641,0.8574040219378428,1,7,5,0
ELEC002178,2024-02-10,saturday,Academic Block B,22-00,0.55,5556.21,False,False,2,0.6893333333333334,0.7978723404255319,1,8,5,0
ELEC002179,2024-02-10,saturday,Hostel Block 1,06-08,0.353,3846.51,False,False,2,0.4546666666666666,0.7763929618768329,2,0,5,0
ELEC002180,2024-02-10,saturday,Hostel Block 1,08-10,1.065,3847.58,False,False,2,1.2086666666666668,0.8811362382790953,2,1,5,0
ELEC002181,2024-02-10,saturday,Hostel Block 1,10-12,1.322,3848.9,False,False,2,1.64,0.8060975609756098,2,2,5,0
ELEC002182,2024-02-10,saturday,Hostel Block 1,12-14,1.087,3849.99,False,False,2,1.3996666666666666,0.7766134793998571,2,3,5,0
ELEC002183,2024-02-10,saturday,Hostel Block 1,14-16,1.236,3851.23,False,False,2,1.5119999999999998,0.8174603174603176,2,4,5,0
ELEC002184,2024-02-10,saturday,Hostel Block 1,16-18,1.059,3852.29,False,False,2,1.2706666666666666,0.833420776495278,2,5,5,0
ELEC002185,2024-02-10,saturday,Hostel Block 1,18-20,0.93,3853.22,False,False,2,1.0146666666666668,0.9165571616294348,2,6,5,0
ELEC002186,2024-02-10,saturday,Hostel Block 1,20-22,0.604,3853.82,False,False,2,0.9183333333333332,0.6577132486388384,2,7,5,0
ELEC002187,2024-02-10,saturday,Hostel Block 1,22-00,0.31,3854.13,False,False,2,0.3746666666666666,0.8274021352313168,2,8,5,0
ELEC002188,2024-02-10,saturday,Hostel Block 2,06-08,0.359,3591.65,False,False,2,0.4443333333333334,0.8079519879969991,3,0,5,0
ELEC002189,2024-02-10,saturday,Hostel Block 2,08-10,0.926,3592.58,False,False,2,1.3113333333333337,0.7061514997458057,3,1,5,0
ELEC002190,2024-02-10,saturday,Hostel Block 2,10-12,1.178,3593.76,False,False,2,1.4496666666666669,0.8126005978385835,3,2,5,0
ELEC002191,2024-02-10,saturday,Hostel Block 2,12-14,1.174,3594.93,False,False,2,1.413333333333333,0.8306603773584905,3,3,5,0
ELEC002192,2024-02-10,saturday,Hostel Block 2,14-16,1.162,3596.09,False,False,2,1.4476666666666669,0.8026709647708956,3,4,5,0
ELEC002193,2024-02-10,saturday,Hostel Block 2,16-18,1.083,3597.17,False,False,2,1.2583333333333335,0.8606622516556289,3,5,5,0
ELEC002194,2024-02-10,saturday,Hostel Block 2,18-20,0.717,3597.89,False,False,2,1.0336666666666667,0.6936472105772331,3,6,5,0
ELEC002195,2024-02-10,saturday,Hostel Block 2,20-22,0.602,3598.49,False,False,2,0.8640000000000002,0.6967592592592591,3,7,5,0
ELEC002196,2024-02-10,saturday,Hostel Block 2,22-00,0.247,3598.74,False,False,2,0.3576666666666666,0.6905871388630009,3,8,5,0
ELEC002197,2024-02-10,saturday,Library,06-08,0.469,1943.98,False,False,2,0.5006666666666667,0.936750998668442,5,0,5,0
ELEC002198,2024-02-10,saturday,Library,08-10,1.341,1945.32,False,False,2,1.6930000000000005,0.792085056113408,5,1,5,0
ELEC002199,2024-02-10,saturday,Library,10-12,1.408,1946.73,False,False,2,1.917666666666667,0.7342256214149138,5,2,5,0
ELEC002200,2024-02-10,saturday,Library,12-14,1.231,1947.96,False,False,2,1.6789999999999996,0.7331745086360931,5,3,5,0
ELEC002201,2024-02-10,saturday,Library,14-16,1.24,1949.2,False,False,2,1.812,0.684326710816777,5,4,5,0
ELEC002202,2024-02-10,saturday,Library,16-18,1.024,1950.22,False,False,2,1.3519999999999996,0.7573964497041422,5,5,5,0
ELEC002203,2024-02-10,saturday,Library,18-20,3.0575905849055287,1953.28,False,True,2,2.0118635283018427,1.519780314068497,5,6,5,0
ELEC002204,2024-02-10,saturday,Library,20-22,0.783,1954.06,False,False,2,1.1166666666666667,0.7011940298507463,5,7,5,0
ELEC002205,2024-02-10,saturday,Library,22-00,0.378,1954.44,False,False,2,0.423,0.8936170212765957,5,8,5,0
ELEC002206,2024-02-10,saturday,Labs Complex,06-08,0.357,4732.65,False,False,2,0.5016666666666666,0.7116279069767443,4,0,5,0
ELEC002207,2024-02-10,saturday,Labs Complex,08-10,1.395,4734.05,False,False,2,1.5849999999999995,0.8801261829652999,4,1,5,0
ELEC002208,2024-02-10,saturday,Labs Complex,10-12,1.41,4735.46,False,False,2,1.919,0.7347576862949453,4,2,5,0
ELEC002209,2024-02-10,saturday,Labs Complex,12-14,1.161,4736.62,False,False,2,1.6003333333333334,0.7254738596125807,4,3,5,0
ELEC002210,2024-02-10,saturday,Labs Complex,14-16,1.382,4738.0,False,False,2,1.7640000000000005,0.7834467120181403,4,4,5,0
ELEC002211,2024-02-10,saturday,Labs Complex,16-18,1.336,4739.34,False,False,2,1.479666666666667,0.902906059923406,4,5,5,0
ELEC002212,2024-02-10,saturday,Labs Complex,18-20,0.937,4740.28,False,False,2,1.23,0.7617886178861789,4,6,5,0
ELEC002213,2024-02-10,saturday,Labs Complex,20-22,0.922,4741.2,False,False,2,1.0613333333333332,0.8687185929648242,4,7,5,0
ELEC002214,2024-02-10,saturday,Labs Complex,22-00,0.305,4741.51,False,False,2,0.4416666666666666,0.690566037735849,4,8,5,0
ELEC002215,2024-02-11,weekend,Academic Block A,06-08,0.343,2065.84,False,False,2,0.6186666666666667,0.5544181034482759,0,0,6,0
ELEC002216,2024-02-11,weekend,Academic Block A,08-10,1.132,2066.97,False,False,2,1.891,0.5986250661025911,0,1,6,0
ELEC002217,2024-02-11,weekend,Academic Block A,10-12,1.232,2068.2,False,False,2,2.1586666666666665,0.5707226683137739,0,2,6,0
ELEC002218,2024-02-11,weekend,Academic Block A,12-14,1.155,2069.36,False,False,2,1.936,0.5965909090909092,0,3,6,0
ELEC002219,2024-02-11,weekend,Academic Block A,14-16,1.349,2070.71,False,False,2,2.2389999999999994,0.6025011165698975,0,4,6,0
ELEC002220,2024-02-11,weekend,Academic Block A,16-18,1.11,2138.22,False,False,2,1.7946666666666664,0.6184992570579496,0,5,6,0
ELEC002221,2024-02-11,weekend,Academic Block A,18-20,1.021,2072.84,False,False,2,1.5493333333333332,0.6589931153184165,0,6,6,0
ELEC002222,2024-02-11,weekend,Academic Block A,20-22,0.619,2073.46,False,False,2,1.1126666666666667,0.5563211503894547,0,7,6,0
ELEC002223,2024-02-11,weekend,Academic Block A,22-00,0.278,2073.74,False,False,2,0.5096666666666666,0.5454545454545455,0,8,6,0
ELEC002224,2024-02-11,weekend,Academic Block B,06-08,0.355,5556.56,False,False,2,0.6589999999999999,0.5386949924127467,1,0,6,0
ELEC002225,2024-02-11,weekend,Academic Block B,08-10,1.193,5630.25,False,False,2,1.862666666666667,0.6404795991410164,1,1,6,0
ELEC002226,2024-02-11,weekend,Academic Block B,10-12,1.315,5559.07,False,False,2,2.5,0.526,1,2,6,0
ELEC002227,2024-02-11,weekend,Academic Block B,12-14,1.138,5560.21,False,False,2,1.9196666666666669,0.5928112519534641,1,3,6,0
ELEC002228,2024-02-11,weekend,Academic Block B,14-16,1.116,5561.33,False,False,2,2.1046666666666667,0.5302502375673108,1,4,6,0
ELEC002229,2024-02-11,weekend,Academic Block B,16-18,1.053,5562.38,False,False,2,1.8306666666666669,0.5752002913328478,1,5,6,0
ELEC002230,2024-02-11,weekend,Academic Block B,18-20,0.769,5563.15,False,False,2,1.589333333333334,0.4838506711409394,1,6,6,0
ELEC002231,2024-02-11,weekend,Academic Block B,20-22,0.619,5563.77,False,False,2,1.231,0.5028432168968319,1,7,6,0
ELEC002232,2024-02-11,weekend,Academic Block B,22-00,0.28,5564.05,False,False,2,0.521,0.5374280230326296,1,8,6,0
ELEC002233,2024-02-11,weekend,Hostel Block 1,06-08,0.212,3854.34,False,False,2,0.3583333333333333,0.5916279069767442,2,0,6,0
ELEC002234,2024-02-11,weekend,Hostel Block 1,08-10,0.524,3854.86,False,False,2,0.947,0.5533262935586061,2,1,6,0
ELEC002235,2024-02-11,weekend,Hostel Block 1,10-12,0.601,3855.46,False,False,2,1.1783333333333337,0.51004243281471,2,2,6,0
ELEC002236,2024-02-11,weekend,Hostel Block 1,12-14,0.65,3856.11,False,False,2,1.0713333333333337,0.6067205973864342,2,3,6,0
ELEC002237,2024-02-11,weekend,Hostel Block 1,14-16,0.591,3899.35,False,False,2,1.2123333333333333,0.4874896893043717,2,4,6,0
ELEC002238,2024-02-11,weekend,Hostel Block 1,16-18,0.586,3857.29,False,False,2,0.9793333333333334,0.5983662355343771,2,5,6,0
ELEC002239,2024-02-11,weekend,Hostel Block 1,18-20,0.466,3857.76,False,False,2,0.8236666666666669,0.5657628490489679,2,6,6,0
ELEC002240,2024-02-11,weekend,Hostel Block 1,20-22,0.407,3858.17,False,False,2,0.7033333333333333,0.5786729857819906,2,7,6,0
ELEC002241,2024-02-11,weekend,Hostel Block 1,22-00,0.182,3858.35,False,False,2,0.3086666666666667,0.58963282937365,2,8,6,0
ELEC002242,2024-02-11,weekend,Hostel Block 2,06-08,0.167,3598.91,False,False,2,0.3526666666666667,0.4735349716446125,3,0,6,0
ELEC002243,2024-02-11,weekend,Hostel Block 2,08-10,0.503,3599.41,False,False,2,1.0163333333333335,0.4949163660216463,3,1,6,0
ELEC002244,2024-02-11,weekend,Hostel Block 2,10-12,0.803,3600.21,False,False,2,1.1809999999999998,0.6799322607959358,3,2,6,0
ELEC002245,2024-02-11,weekend,Hostel Block 2,12-14,0.562,3600.77,False,False,2,1.147333333333333,0.4898314933178385,3,3,6,0
ELEC002246,2024-02-11,weekend,Hostel Block 2,14-16,0.564,3601.33,False,False,2,1.0583333333333331,0.5329133858267717,3,4,6,0
ELEC002247,2024-02-11,weekend,Hostel Block 2,16-18,0.585,3601.91,False,False,2,0.9566666666666668,0.6114982578397212,3,5,6,0
ELEC002248,2024-02-11,weekend,Hostel Block 2,18-20,0.504,3602.41,False,False,2,0.8510000000000001,0.5922444183313748,3,6,6,0
ELEC002249,2024-02-11,weekend,Hostel Block 2,20-22,0.374,3602.78,False,False,2,0.6830000000000002,0.5475841874084918,3,7,6,0
ELEC002250,2024-02-11,weekend,Hostel Block 2,22-00,0.153,3602.93,False,False,2,0.2763333333333332,0.5536791314837155,3,8,6,0
ELEC002251,2024-02-11,weekend,Library,06-08,0.223,1954.66,False,False,2,0.4043333333333334,0.5515251442704039,5,0,6,0
ELEC002252,2024-02-11,weekend,Library,08-10,0.774,1955.43,False,False,2,1.3573333333333335,0.5702357563850686,5,1,6,0
ELEC002253,2024-02-11,weekend,Library,10-12,0.815,1956.25,False,False,2,1.3976666666666668,0.5831147150011924,5,2,6,0
ELEC002254,2024-02-11,weekend,Library,12-14,0.745,1956.99,False,False,2,1.364333333333333,0.5460542389445396,5,3,6,0
ELEC002255,2024-02-11,weekend,Library,14-16,0.74,1957.73,False,False,2,1.3656666666666666,0.5418598974859654,5,4,6,0
ELEC002256,2024-02-11,weekend,Library,16-18,0.659,1958.39,False,False,2,1.0653333333333332,0.6185857321652066,5,5,6,0
ELEC002257,2024-02-11,weekend,Library,18-20,0.536,1958.93,False,False,2,1.648863528301843,0.3250723851912863,5,6,6,0
ELEC002258,2024-02-11,weekend,Library,20-22,0.492,1959.42,False,False,2,0.8496666666666668,0.5790506080816006,5,7,6,0
ELEC002259,2024-02-11,weekend,Library,22-00,0.226,1959.65,False,False,2,0.3436666666666667,0.6576139670223083,5,8,6,0
ELEC002260,2024-02-11,weekend,Labs Complex,06-08,0.249,4741.76,False,False,2,0.408,0.6102941176470589,4,0,6,0
ELEC002261,2024-02-11,weekend,Labs Complex,08-10,0.631,4742.39,False,False,2,1.207,0.5227837613918808,4,1,6,0
ELEC002262,2024-02-11,weekend,Labs Complex,10-12,0.919,4743.31,False,False,2,1.524,0.6030183727034121,4,2,6,0
ELEC002263,2024-02-11,weekend,Labs Complex,12-14,0.778,4744.09,False,False,2,1.2386666666666668,0.6280947255113024,4,3,6,0
ELEC002264,2024-02-11,weekend,Labs Complex,14-16,0.902,4744.99,False,False,2,1.4976666666666674,0.6022701980859112,4,4,6,0
ELEC002265,2024-02-11,weekend,Labs Complex,16-18,0.607,4745.6,False,False,2,1.161666666666667,0.522525107604017,4,5,6,0
ELEC002266,2024-02-11,weekend,Labs Complex,18-20,0.596,4746.2,False,False,2,0.985,0.6050761421319797,4,6,6,0
ELEC002267,2024-02-11,weekend,Labs Complex,20-22,0.436,4746.64,False,False,2,0.842,0.5178147268408552,4,7,6,0
ELEC002268,2024-02-11,weekend,Labs Complex,22-00,0.189,4746.83,False,False,2,0.3456666666666666,0.5467695274831245,4,8,6,0
ELEC002269,2024-02-12,weekday,Academic Block A,06-08,0.956,2074.7,False,False,2,0.668,1.431137724550898,0,0,0,0
ELEC002270,2024-02-12,weekday,Academic Block A,08-10,3.043,2077.74,False,False,2,1.950333333333333,1.560246111775765,0,1,0,0
ELEC002271,2024-02-12,weekday,Academic Block A,10-12,3.082,2080.82,False,False,2,2.135333333333333,1.443334374024352,0,2,0,0
ELEC002272,2024-02-12,weekday,Academic Block A,12-14,2.877,2083.7,False,False,2,2.052333333333333,1.4018190677277895,0,3,0,0
ELEC002273,2024-02-12,weekday,Academic Block A,14-16,3.232,2086.93,False,False,2,2.1916666666666664,1.4746768060836504,0,4,0,0
ELEC002274,2024-02-12,weekday,Academic Block A,16-18,2.542,2089.47,False,False,2,1.8513333333333333,1.3730644580482534,0,5,0,0
ELEC002275,2024-02-12,weekday,Academic Block A,18-20,2.48,2091.95,False,False,2,1.6416666666666666,1.510659898477157,0,6,0,0
ELEC002276,2024-02-12,weekday,Academic Block A,20-22,1.917,2093.87,False,False,2,1.2083333333333333,1.5864827586206898,0,7,0,0
ELEC002277,2024-02-12,weekday,Academic Block A,22-00,0.648,2094.52,False,False,2,0.4986666666666666,1.2994652406417115,0,8,0,0
ELEC002278,2024-02-12,weekday,Academic Block B,06-08,0.815,5564.86,False,False,2,0.6106666666666666,1.3346069868995634,1,0,0,0
ELEC002279,2024-02-12,weekday,Academic Block B,08-10,2.299,5567.16,False,False,2,1.7243333333333333,1.333268896191765,1,1,0,0
ELEC002280,2024-02-12,weekday,Academic Block B,10-12,3.452,5570.61,False,False,2,2.4723333333333333,1.3962518538492652,1,2,0,0
ELEC002281,2024-02-12,weekday,Academic Block B,12-14,2.874,5573.48,False,False,2,2.0016666666666665,1.435803497085762,1,3,0,0
ELEC002282,2024-02-12,weekday,Academic Block B,14-16,2.848,5576.33,False,False,2,2.094666666666667,1.3596435391470398,1,4,0,0
ELEC002283,2024-02-12,weekday,Academic Block B,16-18,2.284,5578.61,False,False,2,1.7383333333333333,1.313902205177373,1,5,0,0
ELEC002284,2024-02-12,weekday,Academic Block B,18-20,2.203,5580.81,False,False,2,1.5930000000000006,1.3829252981795348,1,6,0,0
ELEC002285,2024-02-12,weekday,Academic Block B,20-22,1.776,5582.59,False,False,2,1.2673333333333334,1.4013677012098895,1,7,0,0
ELEC002286,2024-02-12,weekday,Academic Block B,22-00,0.851,5583.44,False,False,2,0.5603333333333333,1.5187388459250446,1,8,0,0
ELEC002287,2024-02-12,weekday,Hostel Block 1,06-08,0.462,3858.81,False,False,2,0.3423333333333334,1.3495618305744888,2,0,0,0
ELEC002288,2024-02-12,weekday,Hostel Block 1,08-10,1.654,3860.46,False,False,2,1.081,1.5300647548566142,2,1,0,0
ELEC002289,2024-02-12,weekday,Hostel Block 1,10-12,1.563,3862.02,False,False,2,1.162,1.345094664371773,2,2,0,0
ELEC002290,2024-02-12,weekday,Hostel Block 1,12-14,1.349,3863.37,False,False,2,1.0286666666666668,1.3114063512637717,2,3,0,0
ELEC002291,2024-02-12,weekday,Hostel Block 1,14-16,1.523,3864.89,False,False,2,1.1166666666666665,1.3638805970149257,2,4,0,0
ELEC002292,2024-02-12,weekday,Hostel Block 1,16-18,1.456,3866.35,False,False,2,1.0336666666666667,1.4085778781038374,2,5,0,0
ELEC002293,2024-02-12,weekday,Hostel Block 1,18-20,1.224,3867.57,False,False,2,0.8733333333333335,1.4015267175572517,2,6,0,0
ELEC002294,2024-02-12,weekday,Hostel Block 1,20-22,0.862,3868.43,False,False,2,0.6243333333333333,1.3806727175654032,2,7,0,0
ELEC002295,2024-02-12,weekday,Hostel Block 1,22-00,0.396,3868.83,False,False,2,0.296,1.337837837837838,2,8,0,0
ELEC002296,2024-02-12,weekday,Hostel Block 2,06-08,0.431,3603.36,False,False,2,0.319,1.3510971786833856,3,0,0,0
ELEC002297,2024-02-12,weekday,Hostel Block 2,08-10,1.325,3604.68,False,False,2,0.918,1.443355119825708,3,1,0,0
ELEC002298,2024-02-12,weekday,Hostel Block 2,10-12,1.553,3606.23,False,False,2,1.178,1.3183361629881154,3,2,0,0
ELEC002299,2024-02-12,weekday,Hostel Block 2,12-14,1.593,3607.82,False,False,2,1.1096666666666666,1.435566236106939,3,3,0,0
ELEC002300,2024-02-12,weekday,Hostel Block 2,14-16,1.564,3609.38,False,False,2,1.0966666666666665,1.4261398176291795,3,4,0,0
ELEC002301,2024-02-12,weekday,Hostel Block 2,16-18,1.471,3610.85,False,False,2,1.0463333333333331,1.4058617394074546,3,5,0,0
ELEC002302,2024-02-12,weekday,Hostel Block 2,18-20,1.212,3612.06,False,False,2,0.8110000000000003,1.4944512946979032,3,6,0,0
ELEC002303,2024-02-12,weekday,Hostel Block 2,20-22,0.995,3613.05,False,False,2,0.6570000000000001,1.5144596651445963,3,7,0,0
ELEC002304,2024-02-12,weekday,Hostel Block 2,22-00,0.448,3613.5,False,False,2,0.2826666666666666,1.5849056603773588,3,8,0,0
ELEC002305,2024-02-12,weekday,Library,06-08,0.62,1960.27,False,False,2,0.4373333333333333,1.4176829268292683,5,0,0,0
ELEC002306,2024-02-12,weekday,Library,08-10,1.711,1961.98,False,False,2,1.2753333333333337,1.3416100365917405,5,1,0,0
ELEC002307,2024-02-12,weekday,Library,10-12,2.23,1964.21,False,False,2,1.4843333333333335,1.5023579609252184,5,2,0,0
ELEC002308,2024-02-12,weekday,Library,12-14,1.787,1966.0,False,False,2,1.254333333333333,1.4246611745947384,5,3,0,0
ELEC002309,2024-02-12,weekday,Library,14-16,1.843,1967.84,False,False,2,1.274333333333333,1.446246403348156,5,4,0,0
ELEC002310,2024-02-12,weekday,Library,16-18,1.6,1969.44,False,False,2,1.0943333333333334,1.462077368260737,5,5,0,0
ELEC002311,2024-02-12,weekday,Library,18-20,1.346,1970.79,False,False,2,1.6465301949685098,0.8174766573447155,5,6,0,0
ELEC002312,2024-02-12,weekday,Library,20-22,1.125,1971.91,False,False,2,0.8000000000000002,1.4062499999999998,5,7,0,0
ELEC002313,2024-02-12,weekday,Library,22-00,0.525,1972.44,False,False,2,0.3763333333333333,1.3950398582816652,5,8,0,0
ELEC002314,2024-02-12,weekday,Labs Complex,06-08,0.67,4747.5,False,False,2,0.4253333333333333,1.5752351097178685,4,0,0,0
ELEC002315,2024-02-12,weekday,Labs Complex,08-10,1.722,4749.22,False,False,2,1.2493333333333332,1.378335112059765,4,1,0,0
ELEC002316,2024-02-12,weekday,Labs Complex,10-12,2.213,4751.43,False,False,2,1.514,1.461690885072655,4,2,0,0
ELEC002317,2024-02-12,weekday,Labs Complex,12-14,1.751,4753.18,False,False,2,1.23,1.4235772357723575,4,3,0,0
ELEC002318,2024-02-12,weekday,Labs Complex,14-16,1.786,4754.97,False,False,2,1.3566666666666674,1.3164619164619158,4,4,0,0
ELEC002319,2024-02-12,weekday,Labs Complex,16-18,1.487,4756.46,False,False,2,1.1433333333333338,1.3005830903790083,4,5,0,0
ELEC002320,2024-02-12,weekday,Labs Complex,18-20,1.517,4757.98,False,False,2,1.0166666666666666,1.4921311475409835,4,6,0,0
ELEC002321,2024-02-12,weekday,Labs Complex,20-22,1.131,4759.11,False,False,2,0.8296666666666667,1.3631980715146643,4,7,0,0
ELEC002322,2024-02-12,weekday,Labs Complex,22-00,0.564,4759.67,False,False,2,0.3526666666666666,1.5992438563327032,4,8,0,0
ELEC002323,2024-02-13,weekday,Academic Block A,06-08,0.99,2095.51,False,False,2,0.763,1.2975098296199212,0,0,1,0
ELEC002324,2024-02-13,weekday,Academic Block A,08-10,2.933,2098.44,False,False,2,2.369333333333333,1.2379009566685426,0,1,1,0
ELEC002325,2024-02-13,weekday,Academic Block A,10-12,2.904,2101.34,False,False,2,2.406,1.2069825436408976,0,2,1,0
ELEC002326,2024-02-13,weekday,Academic Block A,12-14,2.895,2104.24,False,False,2,2.309,1.2537895192724124,0,3,1,0
ELEC002327,2024-02-13,weekday,Academic Block A,14-16,3.44,2107.68,False,False,2,2.673666666666666,1.286622615633961,0,4,1,0
ELEC002328,2024-02-13,weekday,Academic Block A,16-18,2.552,2110.23,False,False,2,2.068,1.2340425531914894,0,5,1,0
ELEC002329,2024-02-13,weekday,Academic Block A,18-20,2.03,2112.26,False,False,2,1.8436666666666663,1.1010667148797686,0,6,1,0
ELEC002330,2024-02-13,weekday,Academic Block A,20-22,1.835,2114.1,False,False,2,1.457,1.2594371997254632,0,7,1,0
ELEC002331,2024-02-13,weekday,Academic Block A,22-00,0.767,2114.87,False,False,2,0.5643333333333332,1.35912581216775,0,8,1,0
ELEC002332,2024-02-13,weekday,Academic Block B,06-08,0.773,5584.21,False,False,2,0.6476666666666667,1.1935151827071535,1,0,1,0
ELEC002333,2024-02-13,weekday,Academic Block B,08-10,2.933,5587.14,False,False,2,2.141666666666667,1.3694941634241242,1,1,1,0
ELEC002334,2024-02-13,weekday,Academic Block B,10-12,3.604,5590.74,False,False,2,2.790333333333333,1.2916019591446664,1,2,1,0
ELEC002335,2024-02-13,weekday,Academic Block B,12-14,2.568,5593.31,False,False,2,2.1933333333333334,1.1708206686930092,1,3,1,0
ELEC002336,2024-02-13,weekday,Academic Block B,14-16,3.426,5596.74,False,False,2,2.4633333333333334,1.3907983761840326,1,4,1,0
ELEC002337,2024-02-13,weekday,Academic Block B,16-18,2.211,5598.95,False,False,2,1.8493333333333333,1.1955659697188177,1,5,1,0
ELEC002338,2024-02-13,weekday,Academic Block B,18-20,2.437,5601.39,False,False,2,1.8030000000000008,1.3516361619523012,1,6,1,0
ELEC002339,2024-02-13,weekday,Academic Block B,20-22,1.868,5603.26,False,False,2,1.421,1.314567206192822,1,7,1,0
ELEC002340,2024-02-13,weekday,Academic Block B,22-00,0.778,5604.04,False,False,2,0.6363333333333333,1.2226296490309063,1,8,1,0
ELEC002341,2024-02-13,weekday,Hostel Block 1,06-08,0.528,3869.36,False,False,2,0.4006666666666666,1.3178036605657235,2,0,1,0
ELEC002342,2024-02-13,weekday,Hostel Block 1,08-10,1.457,3870.82,False,False,2,1.211666666666667,1.2024759284731774,2,1,1,0
ELEC002343,2024-02-13,weekday,Hostel Block 1,10-12,1.832,3872.65,False,False,2,1.332,1.3753753753753757,2,2,1,0
ELEC002344,2024-02-13,weekday,Hostel Block 1,12-14,1.61,3874.26,False,False,2,1.203,1.3383208645054032,2,3,1,0
ELEC002345,2024-02-13,weekday,Hostel Block 1,14-16,1.489,3875.75,False,False,2,1.2009999999999998,1.2398001665278937,2,4,1,0
ELEC002346,2024-02-13,weekday,Hostel Block 1,16-18,1.501,3877.25,False,False,2,1.1809999999999998,1.270956816257409,2,5,1,0
ELEC002347,2024-02-13,weekday,Hostel Block 1,18-20,1.123,3878.37,False,False,2,0.9376666666666668,1.1976537504443652,2,6,1,0
ELEC002348,2024-02-13,weekday,Hostel Block 1,20-22,1.075,3879.44,False,False,2,0.7813333333333334,1.375853242320819,2,7,1,0
ELEC002349,2024-02-13,weekday,Hostel Block 1,22-00,0.363,3879.8,False,False,2,0.3136666666666667,1.1572794899043568,2,8,1,0
ELEC002350,2024-02-13,weekday,Hostel Block 2,06-08,0.425,3613.93,False,False,2,0.341,1.2463343108504397,3,0,1,0
ELEC002351,2024-02-13,weekday,Hostel Block 2,08-10,1.235,3615.16,False,False,2,1.021,1.2095984329089131,3,1,1,0
ELEC002352,2024-02-13,weekday,Hostel Block 2,10-12,2.014,3617.17,False,False,2,1.4566666666666663,1.382608695652174,3,2,1,0
ELEC002353,2024-02-13,weekday,Hostel Block 2,12-14,1.356,3618.53,False,False,2,1.1703333333333334,1.158644260894332,3,3,1,0
ELEC002354,2024-02-13,weekday,Hostel Block 2,14-16,1.486,3620.02,False,False,2,1.2046666666666666,1.2335362479247372,3,4,1,0
ELEC002355,2024-02-13,weekday,Hostel Block 2,16-18,1.16,3621.18,False,False,2,1.072,1.082089552238806,3,5,1,0
ELEC002356,2024-02-13,weekday,Hostel Block 2,18-20,1.303,3622.48,False,False,2,1.0063333333333333,1.2947996025173898,3,6,1,0
ELEC002357,2024-02-13,weekday,Hostel Block 2,20-22,0.874,3623.35,False,False,2,0.7476666666666668,1.1689701292911276,3,7,1,0
ELEC002358,2024-02-13,weekday,Hostel Block 2,22-00,0.349,3623.7,False,False,2,0.3166666666666666,1.1021052631578947,3,8,1,0
ELEC002359,2024-02-13,weekday,Library,06-08,0.62,1973.06,False,False,2,0.4876666666666667,1.2713602187286397,5,0,1,0
ELEC002360,2024-02-13,weekday,Library,08-10,1.697,1974.76,False,False,2,1.3940000000000003,1.217360114777618,5,1,1,0
ELEC002361,2024-02-13,weekday,Library,10-12,1.929,1976.69,False,False,2,1.6580000000000004,1.163449939686369,5,2,1,0
ELEC002362,2024-02-13,weekday,Library,12-14,2.03,1978.72,False,False,2,1.5206666666666664,1.3349408154318283,5,3,1,0
ELEC002363,2024-02-13,weekday,Library,14-16,2.267,1980.99,False,False,2,1.6166666666666665,1.4022680412371136,5,4,1,0
ELEC002364,2024-02-13,weekday,Library,16-18,1.47,1982.46,False,False,2,1.243,1.1826226870474656,5,5,1,0
ELEC002365,2024-02-13,weekday,Library,18-20,1.609,1984.07,False,False,2,1.1636666666666666,1.3826983672300202,5,6,1,0
ELEC002366,2024-02-13,weekday,Library,20-22,1.191,1985.26,False,False,2,0.936,1.2724358974358974,5,7,1,0
ELEC002367,2024-02-13,weekday,Library,22-00,0.465,1985.72,False,False,2,0.4053333333333334,1.147203947368421,5,8,1,0
ELEC002368,2024-02-13,weekday,Labs Complex,06-08,0.625,4760.3,False,False,2,0.5146666666666667,1.2143782383419688,4,0,1,0
ELEC002369,2024-02-13,weekday,Labs Complex,08-10,1.869,4762.17,False,False,2,1.407333333333333,1.3280435812411182,4,1,1,0
ELEC002370,2024-02-13,weekday,Labs Complex,10-12,2.495,4764.66,False,False,2,1.8756666666666668,1.330193708903501,4,2,1,0
ELEC002371,2024-02-13,weekday,Labs Complex,12-14,1.881,4766.54,False,False,2,1.47,1.279591836734694,4,3,1,0
ELEC002372,2024-02-13,weekday,Labs Complex,14-16,1.861,4768.4,False,False,2,1.516333333333334,1.2273027038909643,4,4,1,0
ELEC002373,2024-02-13,weekday,Labs Complex,16-18,1.785,4770.18,False,False,2,1.2930000000000004,1.3805104408352664,4,5,1,0
ELEC002374,2024-02-13,weekday,Labs Complex,18-20,1.64,4771.82,False,False,2,1.251,1.310951239008793,4,6,1,0
ELEC002375,2024-02-13,weekday,Labs Complex,20-22,1.3,4773.12,False,False,2,0.9556666666666668,1.360306941053366,4,7,1,0
ELEC002376,2024-02-13,weekday,Labs Complex,22-00,0.539,4773.66,False,False,2,0.4306666666666667,1.251547987616099,4,8,1,0
ELEC002377,2024-02-14,weekday,Academic Block A,06-08,0.923,2115.79,False,False,2,0.9563333333333334,0.9651446497037296,0,0,2,0
ELEC002378,2024-02-14,weekday,Academic Block A,08-10,2.581,2118.37,False,False,2,2.8523333333333327,0.9048732032254296,0,1,2,0
ELEC002379,2024-02-14,weekday,Academic Block A,10-12,3.08,2121.45,False,False,2,3.022,1.0191925876902712,0,2,2,0
ELEC002380,2024-02-14,weekday,Academic Block A,12-14,2.963,2124.41,False,False,2,2.911666666666666,1.0176302232398398,0,3,2,0
ELEC002381,2024-02-14,weekday,Academic Block A,14-16,2.762,2127.17,False,False,2,3.1446666666666663,0.8783124867500531,0,4,2,0
ELEC002382,2024-02-14,weekday,Academic Block A,16-18,2.351,2129.52,False,False,2,2.4816666666666665,0.94734721289456,0,5,2,0
ELEC002383,2024-02-14,weekday,Academic Block A,18-20,2.491,2132.01,False,False,2,2.3336666666666663,1.0674189401514071,0,6,2,0
ELEC002384,2024-02-14,weekday,Academic Block A,20-22,2.035,2134.05,False,False,2,1.9290000000000005,1.054950751684811,0,7,2,0
ELEC002385,2024-02-14,weekday,Academic Block A,22-00,0.799,2134.85,False,False,2,0.738,1.0826558265582658,0,8,2,0
ELEC002386,2024-02-14,weekday,Academic Block B,06-08,0.965,5605.01,False,False,2,0.851,1.1339600470035252,1,0,2,0
ELEC002387,2024-02-14,weekday,Academic Block B,08-10,2.844,5607.85,False,False,2,2.692,1.0564635958395243,1,1,2,0
ELEC002388,2024-02-14,weekday,Academic Block B,10-12,3.603,5611.45,False,False,2,3.5530000000000004,1.0140726146918098,1,2,2,0
ELEC002389,2024-02-14,weekday,Academic Block B,12-14,2.859,5614.31,False,False,2,2.767,1.0332490061438382,1,3,2,0
ELEC002390,2024-02-14,weekday,Academic Block B,14-16,3.143,5617.45,False,False,2,3.1390000000000007,1.0012742911755332,1,4,2,0
ELEC002391,2024-02-14,weekday,Academic Block B,16-18,2.538,5619.99,False,False,2,2.344333333333333,1.0826105502630456,1,5,2,0
ELEC002392,2024-02-14,weekday,Academic Block B,18-20,2.191,5622.18,False,False,2,2.2770000000000006,0.9622310057092662,1,6,2,0
ELEC002393,2024-02-14,weekday,Academic Block B,20-22,1.597,5623.78,False,False,2,1.747,0.9141385231825988,1,7,2,0
ELEC002394,2024-02-14,weekday,Academic Block B,22-00,0.821,5624.6,False,False,2,0.8166666666666668,1.0053061224489794,1,8,2,0
ELEC002395,2024-02-14,weekday,Hostel Block 1,06-08,0.511,3880.31,False,False,2,0.5003333333333334,1.0213191205862755,2,0,2,0
ELEC002396,2024-02-14,weekday,Hostel Block 1,08-10,1.518,3881.83,False,False,2,1.543,0.983797796500324,2,1,2,0
ELEC002397,2024-02-14,weekday,Hostel Block 1,10-12,1.708,3883.54,False,False,2,1.7009999999999998,1.0041152263374489,2,2,2,0
ELEC002398,2024-02-14,weekday,Hostel Block 1,12-14,1.45,3884.99,False,False,2,1.469666666666667,0.9866182807892944,2,3,2,0
ELEC002399,2024-02-14,weekday,Hostel Block 1,14-16,1.37,3886.36,False,False,2,1.4606666666666666,0.937927886809676,2,4,2,0
ELEC002400,2024-02-14,weekday,Hostel Block 1,16-18,1.5,3887.86,False,False,2,1.4856666666666667,1.009647745120036,2,5,2,0
ELEC002401,2024-02-14,weekday,Hostel Block 1,18-20,3.717411633824869,3891.58,False,True,2,2.02147054460829,1.8389640372153973,2,6,2,0
ELEC002402,2024-02-14,weekday,Hostel Block 1,20-22,0.898,3892.48,False,False,2,0.945,0.9502645502645504,2,7,2,0
ELEC002403,2024-02-14,weekday,Hostel Block 1,22-00,0.375,3892.86,False,False,2,0.3779999999999999,0.9920634920634922,2,8,2,0
ELEC002404,2024-02-14,weekday,Hostel Block 2,06-08,0.479,3624.18,False,False,2,0.445,1.0764044943820223,3,0,2,0
ELEC002405,2024-02-14,weekday,Hostel Block 2,08-10,1.634,3625.81,False,False,2,1.398,1.1688125894134478,3,1,2,0
ELEC002406,2024-02-14,weekday,Hostel Block 2,10-12,1.794,3627.6,False,False,2,1.787,1.003917179630666,3,2,2,0
ELEC002407,2024-02-14,weekday,Hostel Block 2,12-14,1.526,3629.13,False,False,2,1.4916666666666665,1.0230167597765365,3,3,2,0
ELEC002408,2024-02-14,weekday,Hostel Block 2,14-16,1.653,3630.78,False,False,2,1.5676666666666663,1.054433340421008,3,4,2,0
ELEC002409,2024-02-14,weekday,Hostel Block 2,16-18,1.529,3632.31,False,False,2,1.3866666666666667,1.1026442307692306,3,5,2,0
ELEC002410,2024-02-14,weekday,Hostel Block 2,18-20,1.105,3633.41,False,False,2,1.2066666666666668,0.9157458563535912,3,6,2,0
ELEC002411,2024-02-14,weekday,Hostel Block 2,20-22,0.87,3634.28,False,False,2,0.913,0.9529025191675792,3,7,2,0
ELEC002412,2024-02-14,weekday,Hostel Block 2,22-00,0.402,3634.68,False,False,2,0.3996666666666666,1.0058381984987492,3,8,2,0
ELEC002413,2024-02-14,weekday,Library,06-08,0.677,1986.4,False,False,2,0.6389999999999999,1.0594679186228484,5,0,2,0
ELEC002414,2024-02-14,weekday,Library,08-10,1.653,1988.05,False,False,2,1.6870000000000005,0.9798458802608178,5,1,2,0
ELEC002415,2024-02-14,weekday,Library,10-12,2.367,1990.42,False,False,2,2.175333333333334,1.088109102053325,5,2,2,0
ELEC002416,2024-02-14,weekday,Library,12-14,2.09,1992.51,False,False,2,1.9689999999999996,1.0614525139664808,5,3,2,0
ELEC002417,2024-02-14,weekday,Library,14-16,1.854,1994.36,False,False,2,1.988,0.9325955734406438,5,4,2,0
ELEC002418,2024-02-14,weekday,Library,16-18,1.9,1996.26,False,False,2,1.656666666666667,1.146881287726358,5,5,2,0
ELEC002419,2024-02-14,weekday,Library,18-20,1.537,1997.8,False,False,2,1.4973333333333334,1.0264915405164736,5,6,2,0
ELEC002420,2024-02-14,weekday,Library,20-22,1.031,1998.83,False,False,2,1.1156666666666668,0.9241111443083356,5,7,2,0
ELEC002421,2024-02-14,weekday,Library,22-00,0.43,1999.26,False,False,2,0.4733333333333334,0.908450704225352,5,8,2,0
ELEC002422,2024-02-14,weekday,Labs Complex,06-08,0.536,4774.2,False,False,2,0.6103333333333333,0.8782086291643911,4,0,2,0
ELEC002423,2024-02-14,weekday,Labs Complex,08-10,1.872,4776.07,False,False,2,1.821,1.028006589785832,4,1,2,0
ELEC002424,2024-02-14,weekday,Labs Complex,10-12,1.879,4777.95,False,False,2,2.195666666666667,0.8557765295278579,4,2,2,0
ELEC002425,2024-02-14,weekday,Labs Complex,12-14,1.895,4779.85,False,False,2,1.8423333333333332,1.028586936855437,4,3,2,0
ELEC002426,2024-02-14,weekday,Labs Complex,14-16,2.153,4782.0,False,False,2,1.9333333333333336,1.113620689655172,4,4,2,0
ELEC002427,2024-02-14,weekday,Labs Complex,16-18,1.565,4783.56,False,False,2,1.6123333333333336,0.9706429605127144,4,5,2,0
ELEC002428,2024-02-14,weekday,Labs Complex,18-20,1.403,4784.96,False,False,2,1.5200000000000002,0.9230263157894736,4,6,2,0
ELEC002429,2024-02-14,weekday,Labs Complex,20-22,1.335,4786.3,False,False,2,1.2553333333333334,1.0634625597450875,4,7,2,0
ELEC002430,2024-02-14,weekday,Labs Complex,22-00,0.564,4786.86,False,False,2,0.5556666666666666,1.01499700059988,4,8,2,0
ELEC002431,2024-02-15,weekday,Academic Block A,06-08,0.946,2135.8,False,False,2,0.953,0.9926547743966422,0,0,3,0
ELEC002432,2024-02-15,weekday,Academic Block A,08-10,2.421,2138.22,False,False,2,2.645,0.91531190926276,0,1,3,0
ELEC002433,2024-02-15,weekday,Academic Block A,10-12,3.529,2141.75,False,False,2,3.171,1.1128981393882056,0,2,3,0
ELEC002434,2024-02-15,weekday,Academic Block A,12-14,3.243,2144.99,False,False,2,3.0336666666666665,1.0690034062190967,0,3,3,0
ELEC002435,2024-02-15,weekday,Academic Block A,14-16,3.194,2148.18,False,False,2,3.132,1.0197956577266922,0,4,3,0
ELEC002436,2024-02-15,weekday,Academic Block A,16-18,2.712,2150.89,False,False,2,2.5383333333333336,1.0684175968483256,0,5,3,0
ELEC002437,2024-02-15,weekday,Academic Block A,18-20,2.27,2153.16,False,False,2,2.2636666666666665,1.0027978206449717,0,6,3,0
ELEC002438,2024-02-15,weekday,Academic Block A,20-22,2.005,2155.16,False,False,2,1.9583333333333333,1.0238297872340425,0,7,3,0
ELEC002439,2024-02-15,weekday,Academic Block A,22-00,0.655,2155.82,False,False,2,0.7403333333333332,0.8847366051328233,0,8,3,0
ELEC002440,2024-02-15,weekday,Academic Block B,06-08,0.822,5625.42,False,False,2,0.8533333333333334,0.96328125,1,0,3,0
ELEC002441,2024-02-15,weekday,Academic Block B,08-10,3.062,5628.48,False,False,2,2.946333333333333,1.0392578345966736,1,1,3,0
ELEC002442,2024-02-15,weekday,Academic Block B,10-12,3.545,5632.02,False,False,2,3.584,0.9891183035714284,1,2,3,0
ELEC002443,2024-02-15,weekday,Academic Block B,12-14,2.808,5634.83,False,False,2,2.745,1.0229508196721313,1,3,3,0
ELEC002444,2024-02-15,weekday,Academic Block B,14-16,2.56,5637.39,False,False,2,3.043,0.8412750575090372,1,4,3,0
ELEC002445,2024-02-15,weekday,Academic Block B,16-18,2.277,5639.67,False,False,2,2.342,0.9722459436379164,1,5,3,0
ELEC002446,2024-02-15,weekday,Academic Block B,18-20,2.031,5641.7,False,False,2,2.219666666666668,0.9150022525904788,1,6,3,0
ELEC002447,2024-02-15,weekday,Academic Block B,20-22,2.039,5643.74,False,False,2,1.8346666666666664,1.111373546511628,1,7,3,0
ELEC002448,2024-02-15,weekday,Academic Block B,22-00,0.685,5644.43,False,False,2,0.7613333333333333,0.899737302977233,1,8,3,0
ELEC002449,2024-02-15,weekday,Hostel Block 1,06-08,0.539,3893.4,False,False,2,0.5260000000000001,1.0247148288973382,2,0,3,0
ELEC002450,2024-02-15,weekday,Hostel Block 1,08-10,1.319,3894.72,False,False,2,1.4313333333333336,0.921518397764322,2,1,3,0
ELEC002451,2024-02-15,weekday,Hostel Block 1,10-12,1.511,3896.23,False,False,2,1.6836666666666666,0.8974460502870718,2,2,3,0
ELEC002452,2024-02-15,weekday,Hostel Block 1,12-14,1.41,3897.64,False,False,2,1.49,0.9463087248322148,2,3,3,0
ELEC002453,2024-02-15,weekday,Hostel Block 1,14-16,1.711,3899.35,False,False,2,1.5233333333333334,1.123194748358862,2,4,3,0
ELEC002454,2024-02-15,weekday,Hostel Block 1,16-18,1.396,3900.75,False,False,2,1.465666666666667,0.952467591539686,2,5,3,0
ELEC002455,2024-02-15,weekday,Hostel Block 1,18-20,1.109,3901.86,False,False,2,1.9831372112749568,0.5592149618770076,2,6,3,0
ELEC002456,2024-02-15,weekday,Hostel Block 1,20-22,0.963,3902.82,False,False,2,0.9786666666666668,0.983991825613079,2,7,3,0
ELEC002457,2024-02-15,weekday,Hostel Block 1,22-00,0.377,3903.2,False,False,2,0.3716666666666666,1.0143497757847535,2,8,3,0
ELEC002458,2024-02-15,weekday,Hostel Block 2,06-08,0.503,3635.18,False,False,2,0.469,1.072494669509595,3,0,3,0
ELEC002459,2024-02-15,weekday,Hostel Block 2,08-10,1.433,3636.61,False,False,2,1.434,0.9993026499302652,3,1,3,0
ELEC002460,2024-02-15,weekday,Hostel Block 2,10-12,1.888,3638.5,False,False,2,1.8986666666666665,0.99438202247191,3,2,3,0
ELEC002461,2024-02-15,weekday,Hostel Block 2,12-14,1.34,3639.84,False,False,2,1.407333333333333,0.9521553765987686,3,3,3,0
ELEC002462,2024-02-15,weekday,Hostel Block 2,14-16,1.831,3641.67,False,False,2,1.6566666666666665,1.10523138832998,3,4,3,0
ELEC002463,2024-02-15,weekday,Hostel Block 2,16-18,1.351,3643.02,False,False,2,1.346666666666667,1.003217821782178,3,5,3,0
ELEC002464,2024-02-15,weekday,Hostel Block 2,18-20,1.316,3644.34,False,False,2,1.2413333333333336,1.0601503759398494,3,6,3,0
ELEC002465,2024-02-15,weekday,Hostel Block 2,20-22,1.018,3645.36,False,False,2,0.9206666666666669,1.1057204923968138,3,7,3,0
ELEC002466,2024-02-15,weekday,Hostel Block 2,22-00,1.2837955004712798,3646.64,False,True,2,0.6782651668237598,1.892763425377056,3,8,3,0
ELEC002467,2024-02-15,weekday,Library,06-08,0.538,1999.8,False,False,2,0.6116666666666667,0.8795640326975477,5,0,3,0
ELEC002468,2024-02-15,weekday,Library,08-10,1.68,2001.48,False,False,2,1.676666666666667,1.0019880715705762,5,1,3,0
ELEC002469,2024-02-15,weekday,Library,10-12,2.045,2003.53,False,False,2,2.113666666666667,0.9675130105661566,5,2,3,0
ELEC002470,2024-02-15,weekday,Library,12-14,2.099,2005.63,False,False,2,2.073,1.0125422093584178,5,3,3,0
ELEC002471,2024-02-15,weekday,Library,14-16,1.75,2007.38,False,False,2,1.957,0.8942258559018906,5,4,3,0
ELEC002472,2024-02-15,weekday,Library,16-18,1.481,2008.86,False,False,2,1.617,0.9158936301793446,5,5,3,0
ELEC002473,2024-02-15,weekday,Library,18-20,1.478,2010.34,False,False,2,1.5413333333333332,0.958910034602076,5,6,3,0
ELEC002474,2024-02-15,weekday,Library,20-22,1.077,2011.42,False,False,2,1.0996666666666668,0.9793876932403756,5,7,3,0
ELEC002475,2024-02-15,weekday,Library,22-00,0.488,2011.91,False,False,2,0.461,1.0585683297180042,5,8,3,0
ELEC002476,2024-02-15,weekday,Labs Complex,06-08,0.523,4787.38,False,False,2,0.5613333333333334,0.931710213776722,4,0,3,0
ELEC002477,2024-02-15,weekday,Labs Complex,08-10,1.705,4789.09,False,False,2,1.8153333333333328,0.9392214469335292,4,1,3,0
ELEC002478,2024-02-15,weekday,Labs Complex,10-12,2.208,4791.3,False,False,2,2.1940000000000004,1.006381039197812,4,2,3,0
ELEC002479,2024-02-15,weekday,Labs Complex,12-14,4.800443200140382,4796.1,False,True,2,2.858814400046794,1.6791727368036926,4,3,3,1
ELEC002480,2024-02-15,weekday,Labs Complex,14-16,1.76,4797.86,False,False,2,1.924666666666667,0.9144440595774158,4,4,3,0
ELEC002481,2024-02-15,weekday,Labs Complex,16-18,1.747,4799.61,False,False,2,1.6990000000000005,1.028251912889935,4,5,3,0
ELEC002482,2024-02-15,weekday,Labs Complex,18-20,1.569,4801.18,False,False,2,1.5373333333333334,1.0205984388551603,4,6,3,0
ELEC002483,2024-02-15,weekday,Labs Complex,20-22,1.289,4802.47,False,False,2,1.3079999999999998,0.985474006116208,4,7,3,0
ELEC002484,2024-02-15,weekday,Labs Complex,22-00,0.524,4802.99,False,False,2,0.5423333333333332,0.9661954517516904,4,8,3,0
ELEC002485,2024-02-16,weekday,Academic Block A,06-08,0.951,2156.77,False,False,2,0.94,1.0117021276595743,0,0,4,0
ELEC002486,2024-02-16,weekday,Academic Block A,08-10,2.628,2159.4,False,False,2,2.543333333333333,1.033289646133683,0,1,4,0
ELEC002487,2024-02-16,weekday,Academic Block A,10-12,3.255,2162.66,False,False,2,3.2880000000000003,0.9899635036496348,0,2,4,0
ELEC002488,2024-02-16,weekday,Academic Block A,12-14,2.805,2165.46,False,False,2,3.0036666666666663,0.9338586172455888,0,3,4,0
ELEC002489,2024-02-16,weekday,Academic Block A,14-16,2.788,2168.25,False,False,2,2.9146666666666667,0.956541628545288,0,4,4,0
ELEC002490,2024-02-16,weekday,Academic Block A,16-18,2.465,2170.72,False,False,2,2.5093333333333336,0.9823326248671624,0,5,4,0
ELEC002491,2024-02-16,weekday,Academic Block A,18-20,2.026,2172.75,False,False,2,2.2623333333333333,0.8955355827316929,0,6,4,0
ELEC002492,2024-02-16,weekday,Academic Block A,20-22,1.715,2174.47,False,False,2,1.9183333333333328,0.8940052128583841,0,7,4,0
ELEC002493,2024-02-16,weekday,Academic Block A,22-00,0.665,2138.22,False,False,2,0.7063333333333333,0.9414818310523834,0,8,4,0
ELEC002494,2024-02-16,weekday,Academic Block B,06-08,0.908,5645.34,False,False,2,0.8983333333333333,1.010760667903525,1,0,4,0
ELEC002495,2024-02-16,weekday,Academic Block B,08-10,2.782,5648.12,False,False,2,2.8960000000000004,0.960635359116022,1,1,4,0
ELEC002496,2024-02-16,weekday,Academic Block B,10-12,3.498,5651.62,False,False,2,3.548666666666667,0.9857223370279916,1,2,4,0
ELEC002497,2024-02-16,weekday,Academic Block B,12-14,2.573,5630.25,False,False,2,2.7466666666666666,0.936771844660194,1,3,4,0
ELEC002498,2024-02-16,weekday,Academic Block B,14-16,3.096,5657.29,False,False,2,2.933,1.0555744971019434,1,4,4,0
ELEC002499,2024-02-16,weekday,Academic Block B,16-18,2.677,5659.97,False,False,2,2.497333333333333,1.0719434063000537,1,5,4,0
ELEC002500,2024-02-16,weekday,Academic Block B,18-20,2.254,5662.22,False,False,2,2.1586666666666674,1.0441630636195178,1,6,4,0
ELEC002501,2024-02-16,weekday,Academic Block B,20-22,1.628,5663.85,False,False,2,1.7546666666666664,0.9278115501519758,1,7,4,0
ELEC002502,2024-02-16,weekday,Academic Block B,22-00,0.639,5664.49,False,False,2,0.715,0.8937062937062937,1,8,4,0
ELEC002503,2024-02-16,weekday,Hostel Block 1,06-08,0.417,3903.62,False,False,2,0.489,0.8527607361963189,2,0,4,0
ELEC002504,2024-02-16,weekday,Hostel Block 1,08-10,1.349,3904.97,False,False,2,1.395333333333333,0.9667940754897276,2,1,4,0
ELEC002505,2024-02-16,weekday,Hostel Block 1,10-12,1.664,3906.63,False,False,2,1.6276666666666664,1.0223223428220358,2,2,4,0
ELEC002506,2024-02-16,weekday,Hostel Block 1,12-14,1.737,3908.37,False,False,2,1.532333333333333,1.13356536871873,2,3,4,0
ELEC002507,2024-02-16,weekday,Hostel Block 1,14-16,1.755,3910.12,False,False,2,1.612,1.0887096774193548,2,4,4,0
ELEC002508,2024-02-16,weekday,Hostel Block 1,16-18,1.363,3911.48,False,False,2,1.4196666666666669,0.960084526884245,2,5,4,0
ELEC002509,2024-02-16,weekday,Hostel Block 1,18-20,1.315,3899.35,False,False,2,2.0471372112749564,0.6423604596494137,2,6,4,0
ELEC002510,2024-02-16,weekday,Hostel Block 1,20-22,0.976,3913.77,False,False,2,0.9456666666666664,1.0320761367641875,2,7,4,0
ELEC002511,2024-02-16,weekday,Hostel Block 1,22-00,0.359,3914.13,False,False,2,0.3703333333333333,0.9693969396939692,2,8,4,0
ELEC002512,2024-02-16,weekday,Hostel Block 2,06-08,0.468,3647.11,False,False,2,0.4833333333333334,0.9682758620689654,3,0,4,0
ELEC002513,2024-02-16,weekday,Hostel Block 2,08-10,1.388,3648.5,False,False,2,1.485,0.9346801346801346,3,1,4,0
ELEC002514,2024-02-16,weekday,Hostel Block 2,10-12,1.532,3650.03,False,False,2,1.7380000000000002,0.8814729574223245,3,2,4,0
ELEC002515,2024-02-16,weekday,Hostel Block 2,12-14,1.675,3651.71,False,False,2,1.5136666666666667,1.1065844527637083,3,3,4,0
ELEC002516,2024-02-16,weekday,Hostel Block 2,14-16,1.652,3653.36,False,False,2,1.7119999999999995,0.9649532710280376,3,4,4,0
ELEC002517,2024-02-16,weekday,Hostel Block 2,16-18,1.52,3654.88,False,False,2,1.4666666666666668,1.0363636363636364,3,5,4,0
ELEC002518,2024-02-16,weekday,Hostel Block 2,18-20,1.032,3655.91,False,False,2,1.1510000000000002,0.8966116420503908,3,6,4,0
ELEC002519,2024-02-16,weekday,Hostel Block 2,20-22,0.867,3656.78,False,False,2,0.9183333333333336,0.9441016333938292,3,7,4,0
ELEC002520,2024-02-16,weekday,Hostel Block 2,22-00,0.388,3657.17,False,False,2,0.6912651668237598,0.5612896738060603,3,8,4,0
ELEC002521,2024-02-16,weekday,Library,06-08,0.623,2012.53,False,False,2,0.6126666666666667,1.0168661588683352,5,0,4,0
ELEC002522,2024-02-16,weekday,Library,08-10,1.697,2014.23,False,False,2,1.676666666666667,1.0121272365805167,5,1,4,0
ELEC002523,2024-02-16,weekday,Library,10-12,1.921,2016.15,False,False,2,2.111,0.909995262908574,5,2,4,0
ELEC002524,2024-02-16,weekday,Library,12-14,1.637,2017.79,False,False,2,1.942,0.8429454170957775,5,3,4,0
ELEC002525,2024-02-16,weekday,Library,14-16,2.293,2020.08,False,False,2,1.965666666666667,1.1665253518738343,5,4,4,0
ELEC002526,2024-02-16,weekday,Library,16-18,1.847,2021.93,False,False,2,1.7426666666666666,1.0598699311400153,5,5,4,0
ELEC002527,2024-02-16,weekday,Library,18-20,1.559,2023.49,False,False,2,1.5246666666666666,1.0225185832968955,5,6,4,0
ELEC002528,2024-02-16,weekday,Library,20-22,1.063,2024.55,False,False,2,1.0570000000000002,1.005676442762535,5,7,4,0
ELEC002529,2024-02-16,weekday,Library,22-00,0.439,2024.99,False,False,2,0.4523333333333333,0.9705232129697864,5,8,4,0
ELEC002530,2024-02-16,weekday,Labs Complex,06-08,0.649,4803.64,False,False,2,0.5693333333333334,1.1399297423887589,4,0,4,0
ELEC002531,2024-02-16,weekday,Labs Complex,08-10,1.564,4805.2,False,False,2,1.7136666666666664,0.9126629060494068,4,1,4,0
ELEC002532,2024-02-16,weekday,Labs Complex,10-12,2.218,4807.42,False,False,2,2.101666666666667,1.055352894528152,4,2,4,0
ELEC002533,2024-02-16,weekday,Labs Complex,12-14,2.145,4809.57,False,False,2,2.9468144000467937,0.7279046824143178,4,3,4,0
ELEC002534,2024-02-16,weekday,Labs Complex,14-16,2.212,4811.78,False,False,2,2.0416666666666674,1.0834285714285712,4,4,4,0
ELEC002535,2024-02-16,weekday,Labs Complex,16-18,1.891,4813.67,False,False,2,1.7343333333333335,1.0903325004804918,4,5,4,0
ELEC002536,2024-02-16,weekday,Labs Complex,18-20,1.647,4815.32,False,False,2,1.539666666666667,1.0697120588872049,4,6,4,0
ELEC002537,2024-02-16,weekday,Labs Complex,20-22,1.219,4816.54,False,False,2,1.281,0.95160031225605,4,7,4,0
ELEC002538,2024-02-16,weekday,Labs Complex,22-00,0.535,4817.07,False,False,2,0.541,0.988909426987061,4,8,4,0
ELEC002539,2024-02-17,saturday,Academic Block A,06-08,0.664,2175.8,False,False,2,0.8536666666666667,0.7778211636079657,0,0,5,0
ELEC002540,2024-02-17,saturday,Academic Block A,08-10,1.878,2177.68,False,False,2,2.309,0.8133391078388913,0,1,5,0
ELEC002541,2024-02-17,saturday,Academic Block A,10-12,2.1,2179.78,False,False,2,2.9613333333333336,0.7091400270148581,0,2,5,0
ELEC002542,2024-02-17,saturday,Academic Block A,12-14,2.218,2182.0,False,False,2,2.7553333333333327,0.8049842729252361,0,3,5,0
ELEC002543,2024-02-17,saturday,Academic Block A,14-16,1.811,2183.81,False,False,2,2.597666666666666,0.6971641216476326,0,4,5,0
ELEC002544,2024-02-17,saturday,Academic Block A,16-18,1.735,2185.55,False,False,2,2.304,0.7530381944444445,0,5,5,0
ELEC002545,2024-02-17,saturday,Academic Block A,18-20,1.775,2187.33,False,False,2,2.0236666666666667,0.8771207379344423,0,6,5,0
ELEC002546,2024-02-17,saturday,Academic Block A,20-22,1.132,2188.46,False,False,2,1.6173333333333335,0.6999175597691673,0,7,5,0
ELEC002547,2024-02-17,saturday,Academic Block A,22-00,0.528,2188.99,False,False,2,0.616,0.8571428571428572,0,8,5,0
ELEC002548,2024-02-17,saturday,Academic Block B,06-08,0.56,5665.05,False,False,2,0.7633333333333333,0.7336244541484717,1,0,5,0
ELEC002549,2024-02-17,saturday,Academic Block B,08-10,1.638,5666.69,False,False,2,2.494,0.656776263031275,1,1,5,0
ELEC002550,2024-02-17,saturday,Academic Block B,10-12,2.301,5668.99,False,False,2,3.114666666666667,0.7387628424657534,1,2,5,0
ELEC002551,2024-02-17,saturday,Academic Block B,12-14,2.213,5671.2,False,False,2,2.531333333333333,0.874242823281538,1,3,5,0
ELEC002552,2024-02-17,saturday,Academic Block B,14-16,2.25,5673.45,False,False,2,2.635333333333333,0.8537819377687832,1,4,5,0
ELEC002553,2024-02-17,saturday,Academic Block B,16-18,1.612,5675.06,False,False,2,2.1886666666666668,0.7365214742613464,1,5,5,0
ELEC002554,2024-02-17,saturday,Academic Block B,18-20,1.772,5676.83,False,False,2,2.019000000000001,0.8776622090143633,1,6,5,0
ELEC002555,2024-02-17,saturday,Academic Block B,20-22,1.252,5678.08,False,False,2,1.6396666666666668,0.7635698312665176,1,7,5,0
ELEC002556,2024-02-17,saturday,Academic Block B,22-00,0.563,5678.64,False,False,2,0.629,0.8950715421303655,1,8,5,0
ELEC002557,2024-02-17,saturday,Hostel Block 1,06-08,0.302,3914.43,False,False,2,0.4193333333333333,0.7201907790143084,2,0,5,0
ELEC002558,2024-02-17,saturday,Hostel Block 1,08-10,0.88,3915.31,False,False,2,1.1826666666666668,0.7440811724915445,2,1,5,0
ELEC002559,2024-02-17,saturday,Hostel Block 1,10-12,1.329,3916.64,False,False,2,1.5013333333333332,0.8852131438721137,2,2,5,0
ELEC002560,2024-02-17,saturday,Hostel Block 1,12-14,1.006,3917.65,False,False,2,1.3843333333333334,0.7267035877678786,2,3,5,0
ELEC002561,2024-02-17,saturday,Hostel Block 1,14-16,1.286,3918.94,False,False,2,1.584,0.811868686868687,2,4,5,0
ELEC002562,2024-02-17,saturday,Hostel Block 1,16-18,1.038,3919.98,False,False,2,1.2656666666666665,0.8201211482749541,2,5,5,0
ELEC002563,2024-02-17,saturday,Hostel Block 1,18-20,0.901,3920.88,False,False,2,1.1083333333333334,0.8129323308270676,2,6,5,0
ELEC002564,2024-02-17,saturday,Hostel Block 1,20-22,0.624,3921.5,False,False,2,0.8543333333333333,0.7303940694498635,2,7,5,0
ELEC002565,2024-02-17,saturday,Hostel Block 1,22-00,0.31,3921.81,False,False,2,0.3486666666666667,0.8891013384321224,2,8,5,0
ELEC002566,2024-02-17,saturday,Hostel Block 2,06-08,0.296,3657.47,False,False,2,0.4223333333333334,0.7008681925808995,3,0,5,0
ELEC002567,2024-02-17,saturday,Hostel Block 2,08-10,1.042,3658.51,False,False,2,1.2876666666666667,0.8092156355164379,3,1,5,0
ELEC002568,2024-02-17,saturday,Hostel Block 2,10-12,1.068,3659.58,False,False,2,1.4959999999999998,0.7139037433155082,3,2,5,0
ELEC002569,2024-02-17,saturday,Hostel Block 2,12-14,0.986,3660.57,False,False,2,1.3336666666666668,0.7393151712071981,3,3,5,0
ELEC002570,2024-02-17,saturday,Hostel Block 2,14-16,1.23,3661.8,False,False,2,1.5709999999999995,0.7829408020369193,3,4,5,0
ELEC002571,2024-02-17,saturday,Hostel Block 2,16-18,1.033,3662.83,False,False,2,1.3013333333333332,0.7938012295081968,3,5,5,0
ELEC002572,2024-02-17,saturday,Hostel Block 2,18-20,0.886,3663.72,False,False,2,1.0780000000000003,0.8218923933209645,3,6,5,0
ELEC002573,2024-02-17,saturday,Hostel Block 2,20-22,0.701,3664.42,False,False,2,0.8620000000000001,0.8132250580046402,3,7,5,0
ELEC002574,2024-02-17,saturday,Hostel Block 2,22-00,0.239,3664.66,False,False,2,0.6369318334904265,0.3752363870561547,3,8,5,0
ELEC002575,2024-02-17,saturday,Library,06-08,0.482,2025.47,False,False,2,0.5476666666666666,0.8800973828362751,5,0,5,0
ELEC002576,2024-02-17,saturday,Library,08-10,1.168,2026.64,False,False,2,1.5150000000000003,0.7709570957095707,5,1,5,0
ELEC002577,2024-02-17,saturday,Library,10-12,1.538,2028.18,False,False,2,1.8346666666666671,0.838299418604651,5,2,5,0
ELEC002578,2024-02-17,saturday,Library,12-14,1.521,2029.7,False,False,2,1.7523333333333333,0.8679855430854099,5,3,5,0
ELEC002579,2024-02-17,saturday,Library,14-16,1.609,2031.31,False,False,2,1.884,0.8540339702760085,5,4,5,0
ELEC002580,2024-02-17,saturday,Library,16-18,1.193,2032.5,False,False,2,1.507,0.7916390179163902,5,5,5,0
ELEC002581,2024-02-17,saturday,Library,18-20,1.167,2033.67,False,False,2,1.401333333333333,0.8327783063748811,5,6,5,0
ELEC002582,2024-02-17,saturday,Library,20-22,0.762,2034.43,False,False,2,0.9673333333333334,0.7877325982081324,5,7,5,0
ELEC002583,2024-02-17,saturday,Library,22-00,0.401,2034.83,False,False,2,0.4426666666666667,0.9058734939759036,5,8,5,0
ELEC002584,2024-02-17,saturday,Labs Complex,06-08,0.435,4817.51,False,False,2,0.5356666666666666,0.8120721841941506,4,0,5,0
ELEC002585,2024-02-17,saturday,Labs Complex,08-10,1.213,4818.72,False,False,2,1.4939999999999998,0.811914323962517,4,1,5,0
ELEC002586,2024-02-17,saturday,Labs Complex,10-12,1.637,4820.36,False,False,2,2.0210000000000004,0.8099950519544779,4,2,5,0
ELEC002587,2024-02-17,saturday,Labs Complex,12-14,1.409,4821.77,False,False,2,2.7848144000467943,0.5059583144845574,4,3,5,0
ELEC002588,2024-02-17,saturday,Labs Complex,14-16,1.198,4822.97,False,False,2,1.7233333333333338,0.6951644100580269,4,4,5,0
ELEC002589,2024-02-17,saturday,Labs Complex,16-18,1.25,4824.22,False,False,2,1.629333333333334,0.7671849427168573,4,5,5,0
ELEC002590,2024-02-17,saturday,Labs Complex,18-20,1.102,4825.32,False,False,2,1.4393333333333331,0.7656322371468274,4,6,5,0
ELEC002591,2024-02-17,saturday,Labs Complex,20-22,0.951,4826.27,False,False,2,1.1529999999999998,0.8248048568950564,4,7,5,0
ELEC002592,2024-02-17,saturday,Labs Complex,22-00,0.322,4826.59,False,False,2,0.4603333333333334,0.6994931209268644,4,8,5,0
ELEC002593,2024-02-18,weekend,Academic Block A,06-08,0.398,2189.39,False,False,2,0.6710000000000002,0.593144560357675,0,0,6,0
ELEC002594,2024-02-18,weekend,Academic Block A,08-10,1.134,2190.52,False,False,2,1.88,0.6031914893617021,0,1,6,0
ELEC002595,2024-02-18,weekend,Academic Block A,10-12,1.51,2192.03,False,False,2,2.2883333333333336,0.6598689002184995,0,2,6,0
ELEC002596,2024-02-18,weekend,Academic Block A,12-14,1.121,2193.15,False,False,2,2.048,0.5473632812500001,0,3,6,0
ELEC002597,2024-02-18,weekend,Academic Block A,14-16,1.368,2194.52,False,False,2,1.989,0.6877828054298645,0,4,6,0
ELEC002598,2024-02-18,weekend,Academic Block A,16-18,0.954,2195.47,False,False,2,1.718,0.5552968568102444,0,5,6,0
ELEC002599,2024-02-18,weekend,Academic Block A,18-20,0.875,2196.34,False,False,2,1.5586666666666666,0.561377245508982,0,6,6,0
ELEC002600,2024-02-18,weekend,Academic Block A,20-22,0.756,2197.1,False,False,2,1.2009999999999998,0.6294754371357203,0,7,6,0
ELEC002601,2024-02-18,weekend,Academic Block A,22-00,0.325,2197.42,False,False,2,0.5059999999999999,0.6422924901185773,0,8,6,0
ELEC002602,2024-02-18,weekend,Academic Block B,06-08,0.389,5679.03,False,False,2,0.6190000000000001,0.62843295638126,1,0,6,0
ELEC002603,2024-02-18,weekend,Academic Block B,08-10,0.924,5679.95,False,False,2,1.7813333333333334,0.5187125748502994,1,1,6,0
ELEC002604,2024-02-18,weekend,Academic Block B,10-12,1.257,5681.21,False,False,2,2.3520000000000003,0.5344387755102039,1,2,6,0
ELEC002605,2024-02-18,weekend,Academic Block B,12-14,1.309,5682.52,False,False,2,2.0316666666666667,0.644298605414274,1,3,6,0
ELEC002606,2024-02-18,weekend,Academic Block B,14-16,1.198,5683.72,False,False,2,2.1813333333333333,0.5492053789731051,1,4,6,0
ELEC002607,2024-02-18,weekend,Academic Block B,16-18,1.146,5684.87,False,False,2,1.8116666666666668,0.6325666973321067,1,5,6,0
ELEC002608,2024-02-18,weekend,Academic Block B,18-20,0.921,5685.79,False,False,2,1.6490000000000002,0.5585203153426318,1,6,6,0
ELEC002609,2024-02-18,weekend,Academic Block B,20-22,0.823,5686.61,False,False,2,1.234333333333333,0.6667566837699164,1,7,6,0
ELEC002610,2024-02-18,weekend,Academic Block B,22-00,0.323,5686.93,False,False,2,0.5083333333333333,0.6354098360655738,1,8,6,0
ELEC002611,2024-02-18,weekend,Hostel Block 1,06-08,0.192,3922.0,False,False,2,0.3036666666666667,0.6322722283205269,2,0,6,0
ELEC002612,2024-02-18,weekend,Hostel Block 1,08-10,0.652,3922.65,False,False,2,0.9603333333333334,0.6789309267615411,2,1,6,0
ELEC002613,2024-02-18,weekend,Hostel Block 1,10-12,0.611,3923.26,False,False,2,1.2013333333333331,0.5086015538290789,2,2,6,0
ELEC002614,2024-02-18,weekend,Hostel Block 1,12-14,0.663,3923.92,False,False,2,1.1353333333333333,0.583969465648855,2,3,6,0
ELEC002615,2024-02-18,weekend,Hostel Block 1,14-16,0.728,3924.65,False,False,2,1.256333333333333,0.5794640488193156,2,4,6,0
ELEC002616,2024-02-18,weekend,Hostel Block 1,16-18,0.468,3925.12,False,False,2,0.9563333333333334,0.4893691181596375,2,5,6,0
ELEC002617,2024-02-18,weekend,Hostel Block 1,18-20,0.433,3925.55,False,False,2,0.8830000000000001,0.4903737259343148,2,6,6,0
ELEC002618,2024-02-18,weekend,Hostel Block 1,20-22,0.414,3925.96,False,False,2,0.6713333333333332,0.6166832174776564,2,7,6,0
ELEC002619,2024-02-18,weekend,Hostel Block 1,22-00,0.183,3926.14,False,False,2,0.284,0.6443661971830986,2,8,6,0
ELEC002620,2024-02-18,weekend,Hostel Block 2,06-08,0.201,3664.86,False,False,2,0.3216666666666667,0.6248704663212434,3,0,6,0
ELEC002621,2024-02-18,weekend,Hostel Block 2,08-10,0.553,3665.41,False,False,2,0.9943333333333334,0.5561515253100905,3,1,6,0
ELEC002622,2024-02-18,weekend,Hostel Block 2,10-12,0.652,3666.06,False,False,2,1.084,0.6014760147601476,3,2,6,0
ELEC002623,2024-02-18,weekend,Hostel Block 2,12-14,0.525,3666.59,False,False,2,1.062,0.4943502824858757,3,3,6,0
ELEC002624,2024-02-18,weekend,Hostel Block 2,14-16,0.603,3667.19,False,False,2,1.1616666666666664,0.5190817790530847,3,4,6,0
ELEC002625,2024-02-18,weekend,Hostel Block 2,16-18,0.495,3667.68,False,False,2,1.016,0.4872047244094488,3,5,6,0
ELEC002626,2024-02-18,weekend,Hostel Block 2,18-20,0.417,3668.1,False,False,2,0.7783333333333337,0.5357601713062096,3,6,6,0
ELEC002627,2024-02-18,weekend,Hostel Block 2,20-22,0.403,3668.5,False,False,2,0.6570000000000001,0.6133942161339421,3,7,6,0
ELEC002628,2024-02-18,weekend,Hostel Block 2,22-00,0.16,3668.66,False,False,2,0.2623333333333333,0.6099110546378652,3,8,6,0
ELEC002629,2024-02-18,weekend,Library,06-08,0.275,2035.11,False,False,2,0.46,0.5978260869565217,5,0,6,0
ELEC002630,2024-02-18,weekend,Library,08-10,0.752,2035.86,False,False,2,1.2056666666666669,0.6237213160077411,5,1,6,0
ELEC002631,2024-02-18,weekend,Library,10-12,0.8,2036.66,False,False,2,1.419666666666667,0.5635125616341863,5,2,6,0
ELEC002632,2024-02-18,weekend,Library,12-14,0.85,2037.51,False,False,2,1.3359999999999996,0.6362275449101799,5,3,6,0
ELEC002633,2024-02-18,weekend,Library,14-16,0.695,2038.2,False,False,2,1.5323333333333335,0.4535566673917771,5,4,6,0
ELEC002634,2024-02-18,weekend,Library,16-18,0.583,2038.78,False,False,2,1.2076666666666669,0.4827491029533535,5,5,6,0
ELEC002635,2024-02-18,weekend,Library,18-20,0.513,2039.29,False,False,2,1.0796666666666668,0.4751466502006792,5,6,6,0
ELEC002636,2024-02-18,weekend,Library,20-22,0.497,2039.79,False,False,2,0.774,0.6421188630490956,5,7,6,0
ELEC002637,2024-02-18,weekend,Library,22-00,0.176,2039.97,False,False,2,0.3386666666666666,0.5196850393700787,5,8,6,0
ELEC002638,2024-02-18,weekend,Labs Complex,06-08,0.237,4826.83,False,False,2,0.4403333333333334,0.5382286146858439,4,0,6,0
ELEC002639,2024-02-18,weekend,Labs Complex,08-10,0.716,4827.55,False,False,2,1.1643333333333332,0.6149441740624105,4,1,6,0
ELEC002640,2024-02-18,weekend,Labs Complex,10-12,0.767,4828.32,False,False,2,1.5406666666666669,0.4978364344439636,4,2,6,0
ELEC002641,2024-02-18,weekend,Labs Complex,12-14,0.744,4829.06,False,False,2,1.4326666666666668,0.5193113075849232,4,3,6,0
ELEC002642,2024-02-18,weekend,Labs Complex,14-16,0.819,4829.88,False,False,2,1.4096666666666675,0.5809884133364858,4,4,6,0
ELEC002643,2024-02-18,weekend,Labs Complex,16-18,0.646,4830.53,False,False,2,1.2623333333333335,0.5117507261684711,4,5,6,0
ELEC002644,2024-02-18,weekend,Labs Complex,18-20,0.637,4831.17,False,False,2,1.1286666666666667,0.5643827525103366,4,6,6,0
ELEC002645,2024-02-18,weekend,Labs Complex,20-22,0.418,4831.59,False,False,2,0.8626666666666667,0.4845440494590416,4,7,6,0
ELEC002646,2024-02-18,weekend,Labs Complex,22-00,0.219,4798.735,False,False,2,0.3586666666666667,0.6105947955390334,4,8,6,0
ELEC002647,2024-02-19,weekday,Academic Block A,06-08,1.235,2198.66,True,False,2,0.7656666666666667,1.612973443622116,0,0,0,0
ELEC002648,2024-02-19,weekday,Academic Block A,08-10,2.836,2201.5,True,False,2,1.949333333333333,1.454856361149111,0,1,0,0
ELEC002649,2024-02-19,weekday,Academic Block A,10-12,4.383,2205.88,True,False,2,2.664333333333333,1.6450644313774552,0,2,0,1
ELEC002650,2024-02-19,weekday,Academic Block A,12-14,3.653,2209.53,True,False,2,2.330666666666666,1.5673627002288333,0,3,0,0
ELEC002651,2024-02-19,weekday,Academic Block A,14-16,3.591,2213.12,True,False,2,2.2566666666666664,1.5912850812407684,0,4,0,0
ELEC002652,2024-02-19,weekday,Academic Block A,16-18,2.914,2216.03,True,False,2,1.8676666666666664,1.5602355880778156,0,5,0,0
ELEC002653,2024-02-19,weekday,Academic Block A,18-20,2.534,2218.56,True,False,2,1.7279999999999998,1.4664351851851851,0,6,0,0
ELEC002654,2024-02-19,weekday,Academic Block A,20-22,2.114,2220.67,True,False,2,1.334,1.5847076461769116,0,7,0,0
ELEC002655,2024-02-19,weekday,Academic Block A,22-00,0.918,2221.59,True,False,2,0.5903333333333333,1.555053642010164,0,8,0,0
ELEC002656,2024-02-19,weekday,Academic Block B,06-08,1.227,5688.16,True,False,2,0.7253333333333334,1.6916360294117647,1,0,0,0
ELEC002657,2024-02-19,weekday,Academic Block B,08-10,3.543,5691.7,True,False,2,2.035,1.741031941031941,1,1,0,1
ELEC002658,2024-02-19,weekday,Academic Block B,10-12,3.538,5695.24,True,False,2,2.365333333333333,1.4957722660653887,1,2,0,0
ELEC002659,2024-02-19,weekday,Academic Block B,12-14,3.845,5699.09,True,False,2,2.4556666666666667,1.565766254920592,1,3,0,0
ELEC002660,2024-02-19,weekday,Academic Block B,14-16,4.139,5703.23,True,False,2,2.5290000000000004,1.6366152629497823,1,4,0,0
ELEC002661,2024-02-19,weekday,Academic Block B,16-18,3.466,5706.7,True,False,2,2.074666666666667,1.6706298200514138,1,5,0,0
ELEC002662,2024-02-19,weekday,Academic Block B,18-20,2.707,5709.41,True,False,2,1.8000000000000007,1.5038888888888882,1,6,0,0
ELEC002663,2024-02-19,weekday,Academic Block B,20-22,2.027,5711.44,True,False,2,1.367333333333333,1.48244758654315,1,7,0,0
ELEC002664,2024-02-19,weekday,Academic Block B,22-00,0.973,5712.41,True,False,2,0.6196666666666667,1.5701990317374932,1,8,0,0
ELEC002665,2024-02-19,weekday,Hostel Block 1,06-08,0.575,3926.71,True,False,2,0.3563333333333333,1.6136576239476144,2,0,0,0
ELEC002666,2024-02-19,weekday,Hostel Block 1,08-10,1.681,3928.39,True,False,2,1.071,1.569561157796452,2,1,0,0
ELEC002667,2024-02-19,weekday,Hostel Block 1,10-12,1.984,3930.37,True,False,2,1.3079999999999998,1.5168195718654436,2,2,0,0
ELEC002668,2024-02-19,weekday,Hostel Block 1,12-14,1.573,3931.94,True,False,2,1.0806666666666669,1.455582973473165,2,3,0,0
ELEC002669,2024-02-19,weekday,Hostel Block 1,14-16,1.698,3933.64,True,False,2,1.2373333333333332,1.372306034482759,2,4,0,0
ELEC002670,2024-02-19,weekday,Hostel Block 1,16-18,1.458,3935.1,True,False,2,0.988,1.4757085020242915,2,5,0,0
ELEC002671,2024-02-19,weekday,Hostel Block 1,18-20,1.322,3936.42,True,False,2,0.8853333333333335,1.4932228915662649,2,6,0,0
ELEC002672,2024-02-19,weekday,Hostel Block 1,20-22,1.118,3937.54,True,False,2,0.7186666666666667,1.5556586270871986,2,7,0,0
ELEC002673,2024-02-19,weekday,Hostel Block 1,22-00,0.493,3938.03,True,False,2,0.3286666666666666,1.5,2,8,0,0
ELEC002674,2024-02-19,weekday,Hostel Block 2,06-08,0.611,3669.27,True,False,2,0.3693333333333333,1.654332129963899,3,0,0,0
ELEC002675,2024-02-19,weekday,Hostel Block 2,08-10,1.985,3671.26,True,False,2,1.1933333333333334,1.6634078212290504,3,1,0,0
ELEC002676,2024-02-19,weekday,Hostel Block 2,10-12,2.183,3673.44,True,False,2,1.301,1.6779400461183704,3,2,0,0
ELEC002677,2024-02-19,weekday,Hostel Block 2,12-14,1.702,3675.14,True,False,2,1.071,1.589169000933707,3,3,0,0
ELEC002678,2024-02-19,weekday,Hostel Block 2,14-16,1.639,3676.78,True,False,2,1.157333333333333,1.4161866359447008,3,4,0,0
ELEC002679,2024-02-19,weekday,Hostel Block 2,16-18,1.564,3678.34,True,False,2,1.0306666666666666,1.5174644243208282,3,5,0,0
ELEC002680,2024-02-19,weekday,Hostel Block 2,18-20,1.573,3679.91,True,False,2,0.9586666666666668,1.640820584144645,3,6,0,0
ELEC002681,2024-02-19,weekday,Hostel Block 2,20-22,1.233,3681.14,True,False,2,0.7790000000000002,1.5827984595635427,3,7,0,0
ELEC002682,2024-02-19,weekday,Hostel Block 2,22-00,0.537,3681.68,True,False,2,0.312,1.7211538461538465,3,8,0,0
ELEC002683,2024-02-19,weekday,Library,06-08,0.793,2040.76,True,False,2,0.5166666666666667,1.5348387096774192,5,0,0,0
ELEC002684,2024-02-19,weekday,Library,08-10,1.976,2042.74,True,False,2,1.2986666666666669,1.5215605749486651,5,1,0,0
ELEC002685,2024-02-19,weekday,Library,10-12,2.684,2045.42,True,False,2,1.6740000000000004,1.6033452807646351,5,2,0,0
ELEC002686,2024-02-19,weekday,Library,12-14,2.465,2047.88,True,False,2,1.6119999999999994,1.5291563275434248,5,3,0,0
ELEC002687,2024-02-19,weekday,Library,14-16,2.669,2050.55,True,False,2,1.6576666666666666,1.610094510355922,5,4,0,0
ELEC002688,2024-02-19,weekday,Library,16-18,1.753,2052.3,True,False,2,1.1763333333333332,1.4902238594502693,5,5,0,0
ELEC002689,2024-02-19,weekday,Library,18-20,1.808,2054.11,True,False,2,1.1626666666666667,1.555045871559633,5,6,0,0
ELEC002690,2024-02-19,weekday,Library,20-22,1.394,2055.5,True,False,2,0.8843333333333335,1.5763286845081037,5,7,0,0
ELEC002691,2024-02-19,weekday,Library,22-00,0.631,2056.13,True,False,2,0.4026666666666667,1.5670529801324502,5,8,0,0
ELEC002692,2024-02-19,weekday,Labs Complex,06-08,0.696,4832.51,True,False,2,0.4559999999999999,1.5263157894736843,4,0,0,0
ELEC002693,2024-02-19,weekday,Labs Complex,08-10,2.125,4834.64,True,False,2,1.351333333333333,1.5725209669462263,4,1,0,0
ELEC002694,2024-02-19,weekday,Labs Complex,10-12,2.555,4837.2,True,False,2,1.6530000000000002,1.5456745311554747,4,2,0,0
ELEC002695,2024-02-19,weekday,Labs Complex,12-14,2.597,4839.8,True,False,2,1.5833333333333333,1.6402105263157896,4,3,0,0
ELEC002696,2024-02-19,weekday,Labs Complex,14-16,2.555,4842.36,True,False,2,1.524000000000001,1.6765091863517054,4,4,0,0
ELEC002697,2024-02-19,weekday,Labs Complex,16-18,1.984,4844.34,True,False,2,1.2933333333333337,1.534020618556701,4,5,0,0
ELEC002698,2024-02-19,weekday,Labs Complex,18-20,1.889,4846.23,True,False,2,1.2093333333333334,1.5620176405733186,4,6,0,0
ELEC002699,2024-02-19,weekday,Labs Complex,20-22,1.51,4847.74,True,False,2,0.9596666666666666,1.5734630079888852,4,7,0,0
ELEC002700,2024-02-19,weekday,Labs Complex,22-00,0.561,4848.3,True,False,2,0.3673333333333333,1.5272232304900182,4,8,0,0
ELEC002701,2024-02-20,weekday,Academic Block A,06-08,1.049,2222.64,True,False,2,0.8940000000000001,1.1733780760626396,0,0,1,0
ELEC002702,2024-02-20,weekday,Academic Block A,08-10,3.622,2138.22,True,False,2,2.5306666666666664,1.4312434141201265,0,1,1,0
ELEC002703,2024-02-20,weekday,Academic Block A,10-12,3.729,2229.99,True,False,2,3.207333333333333,1.1626480981085014,0,2,1,0
ELEC002704,2024-02-20,weekday,Academic Block A,12-14,3.233,2233.22,True,False,2,2.669,1.211315099288123,0,3,1,0
ELEC002705,2024-02-20,weekday,Academic Block A,14-16,4.128,2237.35,True,False,2,3.029,1.3628260151865303,0,4,1,0
ELEC002706,2024-02-20,weekday,Academic Block A,16-18,3.439,2240.79,True,False,2,2.435666666666666,1.4119337621458876,0,5,1,0
ELEC002707,2024-02-20,weekday,Academic Block A,18-20,2.804,2243.59,True,False,2,2.071,1.3539352969579914,0,6,1,0
ELEC002708,2024-02-20,weekday,Academic Block A,20-22,1.94,2245.53,True,False,2,1.6033333333333335,1.2099792099792095,0,7,1,0
ELEC002709,2024-02-20,weekday,Academic Block A,22-00,0.988,2246.52,True,False,2,0.7436666666666666,1.328552218735993,0,8,1,0
ELEC002710,2024-02-20,weekday,Academic Block B,06-08,1.0,5713.41,True,False,2,0.872,1.146788990825688,1,0,1,0
ELEC002711,2024-02-20,weekday,Academic Block B,08-10,3.482,5716.89,True,False,2,2.649666666666667,1.3141275632154987,1,1,1,0
ELEC002712,2024-02-20,weekday,Academic Block B,10-12,3.63,5720.52,True,False,2,2.808333333333333,1.2925816023738872,1,2,1,0
ELEC002713,2024-02-20,weekday,Academic Block B,12-14,12.10925497434186,5732.63,True,True,2,5.75441832478062,2.10434040260768,1,3,1,1
ELEC002714,2024-02-20,weekday,Academic Block B,14-16,3.571,5736.2,True,False,2,2.9693333333333336,1.2026268522676244,1,4,1,0
ELEC002715,2024-02-20,weekday,Academic Block B,16-18,2.939,5739.14,True,False,2,2.517,1.1676599125943583,1,5,1,0
ELEC002716,2024-02-20,weekday,Academic Block B,18-20,2.377,5741.52,True,False,2,2.001666666666667,1.1875104079933383,1,6,1,0
ELEC002717,2024-02-20,weekday,Academic Block B,20-22,1.958,5743.48,True,False,2,1.602666666666667,1.2217138103161398,1,7,1,0
ELEC002718,2024-02-20,weekday,Academic Block B,22-00,0.923,5744.4,True,False,2,0.7396666666666668,1.2478593961243802,1,8,1,0
ELEC002719,2024-02-20,weekday,Hostel Block 1,06-08,0.552,3938.58,True,False,2,0.4396666666666666,1.2554965883244884,2,0,1,0
ELEC002720,2024-02-20,weekday,Hostel Block 1,08-10,1.894,3940.47,True,False,2,1.409,1.3442157558552164,2,1,1,0
ELEC002721,2024-02-20,weekday,Hostel Block 1,10-12,2.199,3942.67,True,False,2,1.598,1.3760951188986232,2,2,1,0
ELEC002722,2024-02-20,weekday,Hostel Block 1,12-14,1.607,3944.28,True,False,2,1.281,1.254488680718189,2,3,1,0
ELEC002723,2024-02-20,weekday,Hostel Block 1,14-16,1.875,3946.16,True,False,2,1.4336666666666666,1.3078353871192747,2,4,1,0
ELEC002724,2024-02-20,weekday,Hostel Block 1,16-18,1.562,3947.72,True,False,2,1.1626666666666667,1.3434633027522935,2,5,1,0
ELEC002725,2024-02-20,weekday,Hostel Block 1,18-20,1.498,3949.22,True,False,2,1.0843333333333336,1.3814940055333536,2,6,1,0
ELEC002726,2024-02-20,weekday,Hostel Block 1,20-22,1.178,3950.4,True,False,2,0.9033333333333332,1.3040590405904058,2,7,1,0
ELEC002727,2024-02-20,weekday,Hostel Block 1,22-00,0.444,3950.84,True,False,2,0.3733333333333333,1.1892857142857145,2,8,1,0
ELEC002728,2024-02-20,weekday,Hostel Block 2,06-08,0.492,3682.17,True,False,2,0.4346666666666667,1.1319018404907977,3,0,1,0
ELEC002729,2024-02-20,weekday,Hostel Block 2,08-10,1.487,3683.66,True,False,2,1.3416666666666668,1.1083229813664597,3,1,1,0
ELEC002730,2024-02-20,weekday,Hostel Block 2,10-12,2.114,3685.77,True,False,2,1.6496666666666666,1.2814710042432815,3,2,1,0
ELEC002731,2024-02-20,weekday,Hostel Block 2,12-14,2.043,3687.81,True,False,2,1.4233333333333336,1.4353629976580795,3,3,1,0
ELEC002732,2024-02-20,weekday,Hostel Block 2,14-16,1.661,3689.47,True,False,2,1.301,1.2767102229054574,3,4,1,0
ELEC002733,2024-02-20,weekday,Hostel Block 2,16-18,1.688,3691.16,True,False,2,1.249,1.3514811849479584,3,5,1,0
ELEC002734,2024-02-20,weekday,Hostel Block 2,18-20,1.465,3692.62,True,False,2,1.1516666666666668,1.2720694645441388,3,6,1,0
ELEC002735,2024-02-20,weekday,Hostel Block 2,20-22,1.24,3693.86,True,False,2,0.9586666666666668,1.29346314325452,3,7,1,0
ELEC002736,2024-02-20,weekday,Hostel Block 2,22-00,0.466,3694.33,True,False,2,0.3876666666666666,1.2020636285468616,3,8,1,0
ELEC002737,2024-02-20,weekday,Library,06-08,0.677,2056.81,True,False,2,0.5816666666666667,1.1638968481375358,5,0,1,0
ELEC002738,2024-02-20,weekday,Library,08-10,1.876,2058.69,True,False,2,1.534666666666667,1.2224152910512591,5,1,1,0
ELEC002739,2024-02-20,weekday,Library,10-12,2.649,2061.34,True,False,2,2.044333333333334,1.2957769443991518,5,2,1,0
ELEC002740,2024-02-20,weekday,Library,12-14,2.259,2063.6,True,False,2,1.858,1.2158234660925729,5,3,1,0
ELEC002741,2024-02-20,weekday,Library,14-16,2.753,2066.35,True,False,2,2.039,1.3501716527709662,5,4,1,0
ELEC002742,2024-02-20,weekday,Library,16-18,6.864386249909063,2073.21,True,True,2,3.0667954166363542,2.2382928488388987,5,5,1,1
ELEC002743,2024-02-20,weekday,Library,18-20,1.67,2074.88,True,False,2,1.3303333333333331,1.2553244800801806,5,6,1,0
ELEC002744,2024-02-20,weekday,Library,20-22,1.62,2076.5,True,False,2,1.1703333333333334,1.3842210196525206,5,7,1,0
ELEC002745,2024-02-20,weekday,Library,22-00,0.595,2077.09,True,False,2,0.4673333333333334,1.273181169757489,5,8,1,0
ELEC002746,2024-02-20,weekday,Labs Complex,06-08,0.756,4849.06,True,False,2,0.5630000000000001,1.3428063943161632,4,0,1,0
ELEC002747,2024-02-20,weekday,Labs Complex,08-10,1.847,4850.91,True,False,2,1.5626666666666662,1.1819539249146762,4,1,1,0
ELEC002748,2024-02-20,weekday,Labs Complex,10-12,2.641,4853.55,True,False,2,1.987666666666667,1.3286936105986915,4,2,1,0
ELEC002749,2024-02-20,weekday,Labs Complex,12-14,2.351,4855.9,True,False,2,1.897333333333333,1.239107519325369,4,3,1,0
ELEC002750,2024-02-20,weekday,Labs Complex,14-16,2.072,4857.97,True,False,2,1.815333333333334,1.1413881748071977,4,4,1,0
ELEC002751,2024-02-20,weekday,Labs Complex,16-18,1.904,4859.87,True,False,2,1.5113333333333336,1.259814733127481,4,5,1,0
ELEC002752,2024-02-20,weekday,Labs Complex,18-20,1.891,4861.76,True,False,2,1.4723333333333333,1.2843558976681009,4,6,1,0
ELEC002753,2024-02-20,weekday,Labs Complex,20-22,1.546,4863.31,True,False,2,1.158,1.3350604490500866,4,7,1,0
ELEC002754,2024-02-20,weekday,Labs Complex,22-00,0.656,4863.97,True,False,2,0.4786666666666666,1.370473537604457,4,8,1,0
ELEC002755,2024-02-21,weekday,Academic Block A,06-08,1.106,2247.63,True,False,2,1.13,0.9787610619469026,0,0,2,0
ELEC002756,2024-02-21,weekday,Academic Block A,08-10,2.839,2250.47,True,False,2,3.099,0.9161019683768958,0,1,2,0
ELEC002757,2024-02-21,weekday,Academic Block A,10-12,3.873,2254.34,True,False,2,3.995000000000001,0.969461827284105,0,2,2,0
ELEC002758,2024-02-21,weekday,Academic Block A,12-14,3.217,2257.56,True,False,2,3.367666666666666,0.955260813619717,0,3,2,0
ELEC002759,2024-02-21,weekday,Academic Block A,14-16,3.233,2260.79,True,False,2,3.6506666666666665,0.885591672753835,0,4,2,0
ELEC002760,2024-02-21,weekday,Academic Block A,16-18,3.107,2263.9,True,False,2,3.1533333333333338,0.985306553911205,0,5,2,0
ELEC002761,2024-02-21,weekday,Academic Block A,18-20,2.996,2266.9,True,False,2,2.778,1.0784737221022318,0,6,2,0
ELEC002762,2024-02-21,weekday,Academic Block A,20-22,2.414,2269.31,True,False,2,2.156,1.1196660482374767,0,7,2,0
ELEC002763,2024-02-21,weekday,Academic Block A,22-00,0.92,2270.23,True,False,2,0.9419999999999998,0.9766454352441616,0,8,2,0
ELEC002764,2024-02-21,weekday,Academic Block B,06-08,0.938,5745.34,True,False,2,1.055,0.8890995260663507,1,0,2,0
ELEC002765,2024-02-21,weekday,Academic Block B,08-10,3.067,5748.41,True,False,2,3.3640000000000003,0.9117122473246136,1,1,2,0
ELEC002766,2024-02-21,weekday,Academic Block B,10-12,4.021,5752.43,True,False,2,3.7296666666666662,1.0781124318527124,1,2,2,0
ELEC002767,2024-02-21,weekday,Academic Block B,12-14,3.032,5755.46,True,False,2,6.328751658113954,0.4790834217855174,1,3,2,1
ELEC002768,2024-02-21,weekday,Academic Block B,14-16,4.021,5759.48,True,False,2,3.910333333333333,1.0283010826016536,1,4,2,0
ELEC002769,2024-02-21,weekday,Academic Block B,16-18,3.393,5762.87,True,False,2,3.266,1.0388854868340478,1,5,2,0
ELEC002770,2024-02-21,weekday,Academic Block B,18-20,2.746,5765.62,True,False,2,2.6100000000000008,1.0521072796934865,1,6,2,0
ELEC002771,2024-02-21,weekday,Academic Block B,20-22,2.416,5630.25,True,False,2,2.1336666666666666,1.1323230745196062,1,7,2,0
ELEC002772,2024-02-21,weekday,Academic Block B,22-00,0.961,5769.0,True,False,2,0.9523333333333334,1.0091004550227511,1,8,2,0
ELEC002773,2024-02-21,weekday,Hostel Block 1,06-08,0.573,3951.41,True,False,2,0.5666666666666667,1.0111764705882351,2,0,2,0
ELEC002774,2024-02-21,weekday,Hostel Block 1,08-10,1.775,3953.18,True,False,2,1.7833333333333332,0.9953271028037384,2,1,2,0
ELEC002775,2024-02-21,weekday,Hostel Block 1,10-12,2.337,3955.52,True,False,2,2.1733333333333333,1.0753067484662575,2,2,2,0
ELEC002776,2024-02-21,weekday,Hostel Block 1,12-14,1.898,3957.42,True,False,2,1.6926666666666663,1.121307601417881,2,3,2,0
ELEC002777,2024-02-21,weekday,Hostel Block 1,14-16,1.867,3959.29,True,False,2,1.8133333333333328,1.029595588235294,2,4,2,0
ELEC002778,2024-02-21,weekday,Hostel Block 1,16-18,1.622,3960.91,True,False,2,1.5473333333333334,1.048255062473072,2,5,2,0
ELEC002779,2024-02-21,weekday,Hostel Block 1,18-20,1.648,3962.56,True,False,2,1.4893333333333336,1.1065353625783343,2,6,2,0
ELEC002780,2024-02-21,weekday,Hostel Block 1,20-22,1.204,3963.76,True,False,2,1.1666666666666667,1.0319999999999998,2,7,2,0
ELEC002781,2024-02-21,weekday,Hostel Block 1,22-00,0.546,3964.31,True,False,2,0.4943333333333333,1.1045178691840865,2,8,2,0
ELEC002782,2024-02-21,weekday,Hostel Block 2,06-08,0.507,3694.84,True,False,2,0.5366666666666667,0.9447204968944098,3,0,2,0
ELEC002783,2024-02-21,weekday,Hostel Block 2,08-10,1.569,3696.41,True,False,2,1.6803333333333337,0.9337433048998214,3,1,2,0
ELEC002784,2024-02-21,weekday,Hostel Block 2,10-12,1.93,3698.34,True,False,2,2.0756666666666663,0.9298217440179865,3,2,2,0
ELEC002785,2024-02-21,weekday,Hostel Block 2,12-14,1.711,3700.05,True,False,2,1.8186666666666669,0.940799120234604,3,3,2,0
ELEC002786,2024-02-21,weekday,Hostel Block 2,14-16,2.139,3702.19,True,False,2,1.813,1.1798124655267512,3,4,2,0
ELEC002787,2024-02-21,weekday,Hostel Block 2,16-18,1.545,3703.74,True,False,2,1.599,0.9662288930581612,3,5,2,0
ELEC002788,2024-02-21,weekday,Hostel Block 2,18-20,1.545,3705.28,True,False,2,1.5276666666666667,1.0113462797294348,3,6,2,0
ELEC002789,2024-02-21,weekday,Hostel Block 2,20-22,1.232,3706.51,True,False,2,1.235,0.9975708502024292,3,7,2,0
ELEC002790,2024-02-21,weekday,Hostel Block 2,22-00,0.493,3707.0,True,False,2,0.4986666666666667,0.9886363636363634,3,8,2,0
ELEC002791,2024-02-21,weekday,Library,06-08,0.739,2077.83,True,False,2,0.7363333333333334,1.0036215482118604,5,0,2,0
ELEC002792,2024-02-21,weekday,Library,08-10,2.157,2079.99,True,False,2,2.003,1.0768846729905142,5,1,2,0
ELEC002793,2024-02-21,weekday,Library,10-12,2.267,2082.26,True,False,2,2.5333333333333337,0.8948684210526314,5,2,2,0
ELEC002794,2024-02-21,weekday,Library,12-14,2.341,2084.6,True,False,2,2.355,0.994055201698514,5,3,2,0
ELEC002795,2024-02-21,weekday,Library,14-16,2.057,2086.66,True,False,2,2.493,0.8251103088648215,5,4,2,0
ELEC002796,2024-02-21,weekday,Library,16-18,2.005,2088.66,True,False,2,3.5407954166363544,0.5662569462724529,5,5,2,1
ELEC002797,2024-02-21,weekday,Library,18-20,1.906,2090.57,True,False,2,1.7946666666666664,1.062035661218425,5,6,2,0
ELEC002798,2024-02-21,weekday,Library,20-22,1.358,2091.93,True,False,2,1.4573333333333336,0.9318389752973466,5,7,2,0
ELEC002799,2024-02-21,weekday,Library,22-00,0.677,2092.61,True,False,2,0.6343333333333333,1.067262217551235,5,8,2,0
ELEC002800,2024-02-21,weekday,Labs Complex,06-08,0.707,4864.68,True,False,2,0.7196666666666666,0.982399258916165,4,0,2,0
ELEC002801,2024-02-21,weekday,Labs Complex,08-10,2.223,4866.9,True,False,2,2.0649999999999995,1.0765133171912835,4,1,2,0
ELEC002802,2024-02-21,weekday,Labs Complex,10-12,2.747,4869.65,True,False,2,2.6476666666666664,1.037517310839733,4,2,2,0
ELEC002803,2024-02-21,weekday,Labs Complex,12-14,2.297,4871.95,True,False,2,2.4150000000000005,0.9511387163561076,4,3,2,0
ELEC002804,2024-02-21,weekday,Labs Complex,14-16,2.162,4874.11,True,False,2,2.2630000000000003,0.955368979231109,4,4,2,0
ELEC002805,2024-02-21,weekday,Labs Complex,16-18,1.949,4876.06,True,False,2,1.9456666666666669,1.0017132088401577,4,5,2,0
ELEC002806,2024-02-21,weekday,Labs Complex,18-20,1.781,4877.84,True,False,2,1.8536666666666664,0.9607984175508002,4,6,2,0
ELEC002807,2024-02-21,weekday,Labs Complex,20-22,1.649,4879.49,True,False,2,1.5683333333333334,1.0514346439957492,4,7,2,0
ELEC002808,2024-02-21,weekday,Labs Complex,22-00,0.601,4880.09,True,False,2,0.606,0.9917491749174916,4,8,2,0
ELEC002809,2024-02-22,weekday,Academic Block A,06-08,0.979,2271.21,True,False,2,1.0446666666666669,0.9371410338225908,0,0,3,0
ELEC002810,2024-02-22,weekday,Academic Block A,08-10,3.375,2274.59,True,False,2,3.278666666666666,1.0293818625457505,0,1,3,0
ELEC002811,2024-02-22,weekday,Academic Block A,10-12,3.598,2278.19,True,False,2,3.733333333333333,0.96375,0,2,3,0
ELEC002812,2024-02-22,weekday,Academic Block A,12-14,3.624,2281.81,True,False,2,3.358,1.07921381774866,0,3,3,0
ELEC002813,2024-02-22,weekday,Academic Block A,14-16,3.355,2285.16,True,False,2,3.572,0.9392497200447928,0,4,3,0
ELEC002814,2024-02-22,weekday,Academic Block A,16-18,2.748,2287.91,True,False,2,3.0980000000000003,0.8870238863783085,0,5,3,0
ELEC002815,2024-02-22,weekday,Academic Block A,18-20,2.505,2290.41,True,False,2,2.768333333333333,0.9048765803732692,0,6,3,0
ELEC002816,2024-02-22,weekday,Academic Block A,20-22,2.11,2292.52,True,False,2,2.154666666666667,0.979269801980198,0,7,3,0
ELEC002817,2024-02-22,weekday,Academic Block A,22-00,0.849,2293.37,True,False,2,0.919,0.9238302502720348,0,8,3,0
ELEC002818,2024-02-22,weekday,Academic Block B,06-08,1.01,5770.01,True,False,2,0.9826666666666668,1.0278154681139755,1,0,3,0
ELEC002819,2024-02-22,weekday,Academic Block B,08-10,3.447,5773.46,True,False,2,3.3320000000000007,1.0345138055222087,1,1,3,0
ELEC002820,2024-02-22,weekday,Academic Block B,10-12,3.622,5777.08,True,False,2,3.7576666666666663,0.9638960347733522,1,2,3,0
ELEC002821,2024-02-22,weekday,Academic Block B,12-14,3.403,5780.48,True,False,2,6.18141832478062,0.5505209033269518,1,3,3,1
ELEC002822,2024-02-22,weekday,Academic Block B,14-16,3.212,5783.69,True,False,2,3.6013333333333333,0.891891891891892,1,4,3,0
ELEC002823,2024-02-22,weekday,Academic Block B,16-18,3.084,5786.77,True,False,2,3.138666666666667,0.9825828377230246,1,5,3,0
ELEC002824,2024-02-22,weekday,Academic Block B,18-20,2.768,5789.54,True,False,2,2.6303333333333336,1.0523381067038395,1,6,3,0
ELEC002825,2024-02-22,weekday,Academic Block B,20-22,2.476,5792.02,True,False,2,2.283333333333333,1.0843795620437957,1,7,3,0
ELEC002826,2024-02-22,weekday,Academic Block B,22-00,0.828,5792.85,True,False,2,0.904,0.9159292035398232,1,8,3,0
ELEC002827,2024-02-22,weekday,Hostel Block 1,06-08,0.555,3964.86,True,False,2,0.56,0.9910714285714286,2,0,3,0
ELEC002828,2024-02-22,weekday,Hostel Block 1,08-10,1.897,3966.76,True,False,2,1.8553333333333333,1.0224577793747756,2,1,3,0
ELEC002829,2024-02-22,weekday,Hostel Block 1,10-12,1.98,3968.74,True,False,2,2.172,0.9116022099447512,2,2,3,0
ELEC002830,2024-02-22,weekday,Hostel Block 1,12-14,1.769,3970.51,True,False,2,1.758,1.0062571103526734,2,3,3,0
ELEC002831,2024-02-22,weekday,Hostel Block 1,14-16,2.152,3972.66,True,False,2,1.9646666666666668,1.0953512046148626,2,4,3,0
ELEC002832,2024-02-22,weekday,Hostel Block 1,16-18,1.429,3974.09,True,False,2,1.5376666666666663,0.9293301539128552,2,5,3,0
ELEC002833,2024-02-22,weekday,Hostel Block 1,18-20,1.278,3975.37,True,False,2,1.4746666666666668,0.866636528028933,2,6,3,0
ELEC002834,2024-02-22,weekday,Hostel Block 1,20-22,1.18,3976.55,True,False,2,1.1873333333333334,0.9938236945536216,2,7,3,0
ELEC002835,2024-02-22,weekday,Hostel Block 1,22-00,0.503,3977.05,True,False,2,0.4976666666666666,1.0107166778298728,2,8,3,0
ELEC002836,2024-02-22,weekday,Hostel Block 2,06-08,0.572,3707.57,True,False,2,0.5236666666666667,1.0922978994271162,3,0,3,0
ELEC002837,2024-02-22,weekday,Hostel Block 2,08-10,1.471,3709.04,True,False,2,1.509,0.9748177601060304,3,1,3,0
ELEC002838,2024-02-22,weekday,Hostel Block 2,10-12,2.239,3711.28,True,False,2,2.094333333333333,1.0690752825083558,3,2,3,0
ELEC002839,2024-02-22,weekday,Hostel Block 2,12-14,1.794,3713.07,True,False,2,1.8493333333333333,0.970079307858688,3,3,3,0
ELEC002840,2024-02-22,weekday,Hostel Block 2,14-16,1.906,3714.98,True,False,2,1.902,1.0021030494216614,3,4,3,0
ELEC002841,2024-02-22,weekday,Hostel Block 2,16-18,1.47,3716.45,True,False,2,1.5676666666666663,0.9376993408462684,3,5,3,0
ELEC002842,2024-02-22,weekday,Hostel Block 2,18-20,1.351,3717.8,True,False,2,1.4536666666666669,0.929373996789727,3,6,3,0
ELEC002843,2024-02-22,weekday,Hostel Block 2,20-22,1.299,3719.1,True,False,2,1.257,1.033412887828162,3,7,3,0
ELEC002844,2024-02-22,weekday,Hostel Block 2,22-00,0.468,3719.57,True,False,2,0.4756666666666667,0.9838822704975472,3,8,3,0
ELEC002845,2024-02-22,weekday,Library,06-08,0.78,2093.39,True,False,2,0.7320000000000001,1.0655737704918031,5,0,3,0
ELEC002846,2024-02-22,weekday,Library,08-10,5.550614644952423,2098.94,True,True,2,3.194538214984141,1.7375327109617873,5,1,3,1
ELEC002847,2024-02-22,weekday,Library,10-12,2.798,2101.74,True,False,2,2.571333333333334,1.0881514130152967,5,2,3,0
ELEC002848,2024-02-22,weekday,Library,12-14,2.329,2104.07,True,False,2,2.3096666666666668,1.0083706162505413,5,3,3,0
ELEC002849,2024-02-22,weekday,Library,14-16,2.673,2106.74,True,False,2,2.494333333333333,1.0716290257917946,5,4,3,0
ELEC002850,2024-02-22,weekday,Library,16-18,1.956,2108.7,True,False,2,3.6084620833030208,0.5420591805718982,5,5,3,1
ELEC002851,2024-02-22,weekday,Library,18-20,1.647,2110.35,True,False,2,1.741,0.9460080413555428,5,6,3,0
ELEC002852,2024-02-22,weekday,Library,20-22,1.599,2111.95,True,False,2,1.5256666666666667,1.0480664190517806,5,7,3,0
ELEC002853,2024-02-22,weekday,Library,22-00,0.608,2112.56,True,False,2,0.6266666666666667,0.9702127659574468,5,8,3,0
ELEC002854,2024-02-22,weekday,Labs Complex,06-08,0.645,4880.74,True,False,2,0.7026666666666667,0.917931688804554,4,0,3,0
ELEC002855,2024-02-22,weekday,Labs Complex,08-10,2.384,4883.12,True,False,2,2.151333333333333,1.108149984505733,4,1,3,0
ELEC002856,2024-02-22,weekday,Labs Complex,10-12,2.48,4885.6,True,False,2,2.622666666666667,0.945602440264362,4,2,3,0
ELEC002857,2024-02-22,weekday,Labs Complex,12-14,2.373,4887.97,True,False,2,2.3403333333333336,1.0139581256231305,4,3,3,0
ELEC002858,2024-02-22,weekday,Labs Complex,14-16,2.047,4890.02,True,False,2,2.0936666666666675,0.9777105556440054,4,4,3,0
ELEC002859,2024-02-22,weekday,Labs Complex,16-18,2.229,4892.25,True,False,2,2.027333333333333,1.0994738572837883,4,5,3,0
ELEC002860,2024-02-22,weekday,Labs Complex,18-20,1.691,4893.94,True,False,2,1.7876666666666667,0.9459257878053328,4,6,3,0
ELEC002861,2024-02-22,weekday,Labs Complex,20-22,4.526657141507064,4898.47,True,True,2,2.573885713835688,1.7586861441339183,4,7,3,1
ELEC002862,2024-02-22,weekday,Labs Complex,22-00,0.519,4898.99,True,False,2,0.592,0.8766891891891893,4,8,3,0
ELEC002863,2024-02-23,weekday,Academic Block A,06-08,0.951,2294.32,True,False,2,1.0120000000000002,0.9397233201581026,0,0,4,0
ELEC002864,2024-02-23,weekday,Academic Block A,08-10,2.886,2297.21,True,False,2,3.033333333333333,0.9514285714285716,0,1,4,0
ELEC002865,2024-02-23,weekday,Academic Block A,10-12,4.215,2301.43,True,False,2,3.895333333333333,1.082064008214958,0,2,4,0
ELEC002866,2024-02-23,weekday,Academic Block A,12-14,2.912,2304.34,True,False,2,3.2509999999999994,0.8957243924946172,0,3,4,0
ELEC002867,2024-02-23,weekday,Academic Block A,14-16,4.058,2308.4,True,False,2,3.548666666666666,1.143528085665978,0,4,4,0
ELEC002868,2024-02-23,weekday,Academic Block A,16-18,2.968,2311.37,True,False,2,2.9410000000000003,1.0091805508330498,0,5,4,0
ELEC002869,2024-02-23,weekday,Academic Block A,18-20,2.935,2314.3,True,False,2,2.812,1.0437411095305833,0,6,4,0
ELEC002870,2024-02-23,weekday,Academic Block A,20-22,1.981,2316.28,True,False,2,2.168333333333333,0.9136049192928516,0,7,4,0
ELEC002871,2024-02-23,weekday,Academic Block A,22-00,0.909,2317.19,True,False,2,0.8926666666666666,1.0182972367438388,0,8,4,0
ELEC002872,2024-02-23,weekday,Academic Block B,06-08,1.087,5793.94,True,False,2,1.0116666666666667,1.0744645799011532,1,0,4,0
ELEC002873,2024-02-23,weekday,Academic Block B,08-10,3.328,5797.27,True,False,2,3.280666666666667,1.0144279617963827,1,1,4,0
ELEC002874,2024-02-23,weekday,Academic Block B,10-12,3.678,5800.95,True,False,2,3.7736666666666663,0.9746488826075436,1,2,4,0
ELEC002875,2024-02-23,weekday,Academic Block B,12-14,3.565,5804.51,True,False,2,3.333333333333333,1.0695,1,3,4,0
ELEC002876,2024-02-23,weekday,Academic Block B,14-16,3.143,5807.65,True,False,2,3.4586666666666672,0.9087316885119504,1,4,4,0
ELEC002877,2024-02-23,weekday,Academic Block B,16-18,8.729673820978908,5816.38,True,True,2,5.068891273659636,1.7222057743361818,1,5,4,1
ELEC002878,2024-02-23,weekday,Academic Block B,18-20,2.612,5818.99,True,False,2,2.7086666666666672,0.9643120846665024,1,6,4,0
ELEC002879,2024-02-23,weekday,Academic Block B,20-22,2.286,5821.28,True,False,2,2.3926666666666665,0.955419336862636,1,7,4,0
ELEC002880,2024-02-23,weekday,Academic Block B,22-00,0.84,5822.12,True,False,2,0.8763333333333333,0.9585393685812096,1,8,4,0
ELEC002881,2024-02-23,weekday,Hostel Block 1,06-08,0.536,3977.59,True,False,2,0.5546666666666668,0.9663461538461536,2,0,4,0
ELEC002882,2024-02-23,weekday,Hostel Block 1,08-10,1.968,3979.56,True,False,2,1.88,1.0468085106382978,2,1,4,0
ELEC002883,2024-02-23,weekday,Hostel Block 1,10-12,2.346,3981.91,True,False,2,2.221,1.0562809545249887,2,2,4,0
ELEC002884,2024-02-23,weekday,Hostel Block 1,12-14,1.694,3983.6,True,False,2,1.787,0.9479574706211528,2,3,4,0
ELEC002885,2024-02-23,weekday,Hostel Block 1,14-16,1.987,3985.59,True,False,2,2.002,0.9925074925074924,2,4,4,0
ELEC002886,2024-02-23,weekday,Hostel Block 1,16-18,1.74,3987.33,True,False,2,1.5970000000000002,1.0895428929242328,2,5,4,0
ELEC002887,2024-02-23,weekday,Hostel Block 1,18-20,1.356,3988.69,True,False,2,1.4273333333333331,0.9500233535730968,2,6,4,0
ELEC002888,2024-02-23,weekday,Hostel Block 1,20-22,1.1,3989.79,True,False,2,1.161333333333333,0.947187141216992,2,7,4,0
ELEC002889,2024-02-23,weekday,Hostel Block 1,22-00,0.445,3990.24,True,False,2,0.498,0.893574297188755,2,8,4,0
ELEC002890,2024-02-23,weekday,Hostel Block 2,06-08,0.626,3720.2,True,False,2,0.5683333333333334,1.101466275659824,3,0,4,0
ELEC002891,2024-02-23,weekday,Hostel Block 2,08-10,1.665,3721.86,True,False,2,1.5683333333333334,1.0616365568544102,3,1,4,0
ELEC002892,2024-02-23,weekday,Hostel Block 2,10-12,2.205,3724.07,True,False,2,2.1246666666666667,1.0378098525258863,3,2,4,0
ELEC002893,2024-02-23,weekday,Hostel Block 2,12-14,1.754,3725.82,True,False,2,1.753,1.0005704506560182,3,3,4,0
ELEC002894,2024-02-23,weekday,Hostel Block 2,14-16,1.701,3727.52,True,False,2,1.915333333333333,0.8880960668290987,3,4,4,0
ELEC002895,2024-02-23,weekday,Hostel Block 2,16-18,1.525,3729.05,True,False,2,1.5133333333333334,1.0077092511013217,3,5,4,0
ELEC002896,2024-02-23,weekday,Hostel Block 2,18-20,1.477,3730.53,True,False,2,1.457666666666667,1.0132632060370452,3,6,4,0
ELEC002897,2024-02-23,weekday,Hostel Block 2,20-22,1.081,3731.61,True,False,2,1.2040000000000002,0.8978405315614616,3,7,4,0
ELEC002898,2024-02-23,weekday,Hostel Block 2,22-00,0.422,3732.03,True,False,2,0.461,0.915401301518438,3,8,4,0
ELEC002899,2024-02-23,weekday,Library,06-08,0.813,2113.37,True,False,2,0.7773333333333333,1.0458833619210977,5,0,4,0
ELEC002900,2024-02-23,weekday,Library,08-10,2.276,2115.65,True,False,2,3.327871548317475,0.6839206282317938,5,1,4,0
ELEC002901,2024-02-23,weekday,Library,10-12,2.779,2118.43,True,False,2,2.614666666666667,1.062850586435492,5,2,4,0
ELEC002902,2024-02-23,weekday,Library,12-14,2.43,2120.86,True,False,2,2.3666666666666667,1.0267605633802817,5,3,4,0
ELEC002903,2024-02-23,weekday,Library,14-16,2.309,2123.17,True,False,2,2.3463333333333334,0.9840886489558176,5,4,4,0
ELEC002904,2024-02-23,weekday,Library,16-18,2.003,2125.17,True,False,2,1.988,1.0075452716297786,5,5,4,0
ELEC002905,2024-02-23,weekday,Library,18-20,1.767,2126.94,True,False,2,1.7733333333333334,0.9964285714285712,5,6,4,0
ELEC002906,2024-02-23,weekday,Library,20-22,1.514,2128.45,True,False,2,1.4903333333333333,1.0158801163050772,5,7,4,0
ELEC002907,2024-02-23,weekday,Library,22-00,0.655,2129.11,True,False,2,0.6466666666666667,1.0128865979381445,5,8,4,0
ELEC002908,2024-02-23,weekday,Labs Complex,06-08,0.712,4899.7,True,False,2,0.6880000000000001,1.0348837209302324,4,0,4,0
ELEC002909,2024-02-23,weekday,Labs Complex,08-10,2.105,4901.8,True,False,2,2.2373333333333334,0.9408522050059596,4,1,4,0
ELEC002910,2024-02-23,weekday,Labs Complex,10-12,2.786,4904.59,True,False,2,2.671,1.0430550355672037,4,2,4,0
ELEC002911,2024-02-23,weekday,Labs Complex,12-14,2.154,4906.74,True,False,2,2.2746666666666666,0.9469519343493552,4,3,4,0
ELEC002912,2024-02-23,weekday,Labs Complex,14-16,2.423,4909.16,True,False,2,2.210666666666667,1.0960494571773218,4,4,4,0
ELEC002913,2024-02-23,weekday,Labs Complex,16-18,1.925,4911.09,True,False,2,2.034333333333333,0.946255939701786,4,5,4,0
ELEC002914,2024-02-23,weekday,Labs Complex,18-20,1.973,4913.06,True,False,2,1.815,1.0870523415977962,4,6,4,0
ELEC002915,2024-02-23,weekday,Labs Complex,20-22,1.336,4914.4,True,False,2,2.5038857138356883,0.5335706788124085,4,7,4,0
ELEC002916,2024-02-23,weekday,Labs Complex,22-00,0.638,4915.04,True,False,2,0.586,1.0887372013651877,4,8,4,0
ELEC002917,2024-02-24,saturday,Academic Block A,06-08,0.757,2317.95,True,False,2,0.8956666666666667,0.8451804986974321,0,0,5,0
ELEC002918,2024-02-24,saturday,Academic Block A,08-10,2.181,2320.13,True,False,2,2.814,0.7750533049040513,0,1,5,0
ELEC002919,2024-02-24,saturday,Academic Block A,10-12,2.718,2322.85,True,False,2,3.510333333333333,0.7742854429778749,0,2,5,0
ELEC002920,2024-02-24,saturday,Academic Block A,12-14,2.595,2325.44,True,False,2,3.0436666666666667,0.8525900777570913,0,3,5,0
ELEC002921,2024-02-24,saturday,Academic Block A,14-16,2.207,2327.65,True,False,2,3.2066666666666657,0.6882536382536384,0,4,5,0
ELEC002922,2024-02-24,saturday,Academic Block A,16-18,2.222,2329.87,True,False,2,2.646,0.8397581254724112,0,5,5,0
ELEC002923,2024-02-24,saturday,Academic Block A,18-20,2.026,2331.9,True,False,2,2.4886666666666666,0.8140905437985534,0,6,5,0
ELEC002924,2024-02-24,saturday,Academic Block A,20-22,1.608,2333.51,True,False,2,1.8996666666666664,0.8464642919810493,0,7,5,0
ELEC002925,2024-02-24,saturday,Academic Block A,22-00,0.723,2334.23,True,False,2,0.827,0.8742442563482467,0,8,5,0
ELEC002926,2024-02-24,saturday,Academic Block B,06-08,0.658,5822.78,True,False,2,0.9183333333333334,0.7165154264972776,1,0,5,0
ELEC002927,2024-02-24,saturday,Academic Block B,08-10,2.433,5825.21,True,False,2,3.069333333333333,0.7926802780191138,1,1,5,0
ELEC002928,2024-02-24,saturday,Academic Block B,10-12,2.489,5827.7,True,False,2,3.263,0.7627949739503525,1,2,5,0
ELEC002929,2024-02-24,saturday,Academic Block B,12-14,2.434,5830.13,True,False,2,3.1340000000000003,0.776643267389917,1,3,5,0
ELEC002930,2024-02-24,saturday,Academic Block B,14-16,2.36,5832.49,True,False,2,2.905,0.8123924268502581,1,4,5,0
ELEC002931,2024-02-24,saturday,Academic Block B,16-18,2.105,5834.59,True,False,2,4.639557940326303,0.453707018443217,1,5,5,1
ELEC002932,2024-02-24,saturday,Academic Block B,18-20,1.997,5836.59,True,False,2,2.4590000000000005,0.8121187474583162,1,6,5,0
ELEC002933,2024-02-24,saturday,Academic Block B,20-22,1.314,5837.9,True,False,2,2.025333333333333,0.6487820934825543,1,7,5,0
ELEC002934,2024-02-24,saturday,Academic Block B,22-00,0.701,5838.6,True,False,2,0.7896666666666666,0.8877163360067539,1,8,5,0
ELEC002935,2024-02-24,saturday,Hostel Block 1,06-08,0.354,3990.59,True,False,2,0.4816666666666667,0.7349480968858131,2,0,5,0
ELEC002936,2024-02-24,saturday,Hostel Block 1,08-10,1.307,3991.9,True,False,2,1.7240000000000002,0.758120649651972,2,1,5,0
ELEC002937,2024-02-24,saturday,Hostel Block 1,10-12,1.488,3993.39,True,False,2,1.938,0.7678018575851393,2,2,5,0
ELEC002938,2024-02-24,saturday,Hostel Block 1,12-14,1.385,3994.78,True,False,2,1.616,0.8570544554455446,2,3,5,0
ELEC002939,2024-02-24,saturday,Hostel Block 1,14-16,1.433,3996.21,True,False,2,1.8573333333333333,0.7715362526920316,2,4,5,0
ELEC002940,2024-02-24,saturday,Hostel Block 1,16-18,1.011,3997.22,True,False,2,1.393333333333333,0.7255980861244018,2,5,5,0
ELEC002941,2024-02-24,saturday,Hostel Block 1,18-20,1.051,3998.27,True,False,2,1.2283333333333335,0.855630936227951,2,6,5,0
ELEC002942,2024-02-24,saturday,Hostel Block 1,20-22,0.78,3999.05,True,False,2,1.0200000000000002,0.764705882352941,2,7,5,0
ELEC002943,2024-02-24,saturday,Hostel Block 1,22-00,0.295,3999.35,True,False,2,0.4143333333333333,0.7119871279163316,2,8,5,0
ELEC002944,2024-02-24,saturday,Hostel Block 2,06-08,0.348,3732.38,True,False,2,0.5153333333333333,0.6752910737386805,3,0,5,0
ELEC002945,2024-02-24,saturday,Hostel Block 2,08-10,1.029,3733.41,True,False,2,1.3883333333333334,0.7411764705882352,3,1,5,0
ELEC002946,2024-02-24,saturday,Hostel Block 2,10-12,1.583,3734.99,True,False,2,2.009,0.787954206072673,3,2,5,0
ELEC002947,2024-02-24,saturday,Hostel Block 2,12-14,1.227,3736.22,True,False,2,1.5916666666666668,0.7708900523560209,3,3,5,0
ELEC002948,2024-02-24,saturday,Hostel Block 2,14-16,1.23,3737.45,True,False,2,1.6123333333333332,0.7628695472400249,3,4,5,0
ELEC002949,2024-02-24,saturday,Hostel Block 2,16-18,1.064,3738.51,True,False,2,1.353,0.7864005912786401,3,5,5,0
ELEC002950,2024-02-24,saturday,Hostel Block 2,18-20,1.154,3739.66,True,False,2,1.3273333333333337,0.8694123556002006,3,6,5,0
ELEC002951,2024-02-24,saturday,Hostel Block 2,20-22,0.791,3740.45,True,False,2,1.0570000000000002,0.7483443708609271,3,7,5,0
ELEC002952,2024-02-24,saturday,Hostel Block 2,22-00,0.369,3635.895,True,False,2,0.4196666666666666,0.8792692613185068,3,8,5,0
ELEC002953,2024-02-24,saturday,Library,06-08,1.7169505093869748,2130.83,True,True,2,1.103316836462325,1.5561717655757026,5,0,5,0
ELEC002954,2024-02-24,saturday,Library,08-10,1.582,2132.41,True,False,2,3.136204881650808,0.5044313301263917,5,1,5,0
ELEC002955,2024-02-24,saturday,Library,10-12,1.901,2134.31,True,False,2,2.492666666666667,0.7626370687349557,5,2,5,0
ELEC002956,2024-02-24,saturday,Library,12-14,1.508,2135.82,True,False,2,2.089,0.7218764959310675,5,3,5,0
ELEC002957,2024-02-24,saturday,Library,14-16,1.881,2137.7,True,False,2,2.2876666666666665,0.8222351741221041,5,4,5,0
ELEC002958,2024-02-24,saturday,Library,16-18,1.516,2139.22,True,False,2,1.8250000000000004,0.8306849315068492,5,5,5,0
ELEC002959,2024-02-24,saturday,Library,18-20,1.369,2140.59,True,False,2,1.5943333333333334,0.8586661091365252,5,6,5,0
ELEC002960,2024-02-24,saturday,Library,20-22,0.957,2141.55,True,False,2,1.356666666666667,0.7054054054054054,5,7,5,0
ELEC002961,2024-02-24,saturday,Library,22-00,0.405,2141.96,True,False,2,0.556,0.7284172661870504,5,8,5,0
ELEC002962,2024-02-24,saturday,Labs Complex,06-08,1.6994219327522204,4916.74,True,True,2,1.018807310917407,1.6680503904334367,4,0,5,0
ELEC002963,2024-02-24,saturday,Labs Complex,08-10,1.418,4918.16,True,False,2,1.9689999999999996,0.7201625190452008,4,1,5,0
ELEC002964,2024-02-24,saturday,Labs Complex,10-12,1.828,4919.99,True,False,2,2.364666666666667,0.7730476458979418,4,2,5,0
ELEC002965,2024-02-24,saturday,Labs Complex,12-14,1.806,4921.8,True,False,2,2.111,0.8555187115111321,4,3,5,0
ELEC002966,2024-02-24,saturday,Labs Complex,14-16,1.825,4923.62,True,False,2,2.098333333333334,0.8697378872120728,4,4,5,0
ELEC002967,2024-02-24,saturday,Labs Complex,16-18,1.346,4924.97,True,False,2,1.8333333333333337,0.734181818181818,4,5,5,0
ELEC002968,2024-02-24,saturday,Labs Complex,18-20,1.355,4926.32,True,False,2,1.673,0.8099222952779438,4,6,5,0
ELEC002969,2024-02-24,saturday,Labs Complex,20-22,0.975,4927.3,True,False,2,2.279219047169021,0.4277781028598504,4,7,5,0
ELEC002970,2024-02-24,saturday,Labs Complex,22-00,0.439,4927.74,True,False,2,0.532,0.825187969924812,4,8,5,0
ELEC002971,2024-02-25,weekend,Academic Block A,06-08,0.369,2334.6,True,False,2,0.6923333333333334,0.5329802599903707,0,0,6,0
ELEC002972,2024-02-25,weekend,Academic Block A,08-10,1.159,2335.76,True,False,2,2.075333333333333,0.5584645036941858,0,1,6,0
ELEC002973,2024-02-25,weekend,Academic Block A,10-12,1.815,2337.58,True,False,2,2.916,0.6224279835390947,0,2,6,0
ELEC002974,2024-02-25,weekend,Academic Block A,12-14,1.175,2338.76,True,False,2,2.2273333333333327,0.5275366656689615,0,3,6,0
ELEC002975,2024-02-25,weekend,Academic Block A,14-16,1.479,2340.24,True,False,2,2.581333333333333,0.5729597107438018,0,4,6,0
ELEC002976,2024-02-25,weekend,Academic Block A,16-18,1.086,2341.33,True,False,2,2.092,0.5191204588910134,0,5,6,0
ELEC002977,2024-02-25,weekend,Academic Block A,18-20,0.928,2342.26,True,False,2,1.963,0.4727457972491085,0,6,6,0
ELEC002978,2024-02-25,weekend,Academic Block A,20-22,0.898,2343.16,True,False,2,1.4956666666666667,0.600401158903499,0,7,6,0
ELEC002979,2024-02-25,weekend,Academic Block A,22-00,0.383,2343.54,True,False,2,0.6716666666666665,0.5702233250620349,0,8,6,0
ELEC002980,2024-02-25,weekend,Academic Block B,06-08,0.426,5839.03,True,False,2,0.7236666666666666,0.5886688162137265,1,0,6,0
ELEC002981,2024-02-25,weekend,Academic Block B,08-10,1.376,5840.41,True,False,2,2.379,0.578394283312316,1,1,6,0
ELEC002982,2024-02-25,weekend,Academic Block B,10-12,1.356,5841.77,True,False,2,2.5076666666666667,0.5407417253755151,1,2,6,0
ELEC002983,2024-02-25,weekend,Academic Block B,12-14,1.494,5843.26,True,False,2,2.4976666666666665,0.5981582810623248,1,3,6,0
ELEC002984,2024-02-25,weekend,Academic Block B,14-16,1.349,5844.61,True,False,2,2.2840000000000003,0.5906304728546409,1,4,6,0
ELEC002985,2024-02-25,weekend,Academic Block B,16-18,1.28,5845.89,True,False,2,4.038224606992969,0.3169709772416897,1,5,6,1
ELEC002986,2024-02-25,weekend,Academic Block B,18-20,1.206,5847.1,True,False,2,1.938333333333334,0.6221840068787615,1,6,6,0
ELEC002987,2024-02-25,weekend,Academic Block B,20-22,0.808,5847.91,True,False,2,1.4693333333333332,0.5499092558983667,1,7,6,0
ELEC002988,2024-02-25,weekend,Academic Block B,22-00,0.333,5848.24,True,False,2,0.6246666666666666,0.533084311632871,1,8,6,0
ELEC002989,2024-02-25,weekend,Hostel Block 1,06-08,0.197,3999.55,True,False,2,0.3623333333333333,0.5436982520699172,2,0,6,0
ELEC002990,2024-02-25,weekend,Hostel Block 1,08-10,0.786,4000.34,True,False,2,1.3536666666666666,0.5806451612903226,2,1,6,0
ELEC002991,2024-02-25,weekend,Hostel Block 1,10-12,0.835,4001.18,True,False,2,1.5563333333333331,0.5365174555579354,2,2,6,0
ELEC002992,2024-02-25,weekend,Hostel Block 1,12-14,0.809,3899.35,True,False,2,1.296,0.6242283950617284,2,3,6,0
ELEC002993,2024-02-25,weekend,Hostel Block 1,14-16,0.744,4002.73,True,False,2,1.388,0.5360230547550433,2,4,6,0
ELEC002994,2024-02-25,weekend,Hostel Block 1,16-18,0.568,4003.3,True,False,2,1.1063333333333334,0.5134076529075022,2,5,6,0
ELEC002995,2024-02-25,weekend,Hostel Block 1,18-20,0.636,4003.94,True,False,2,1.0143333333333333,0.6270128162997043,2,6,6,0
ELEC002996,2024-02-25,weekend,Hostel Block 1,20-22,0.502,4004.44,True,False,2,0.794,0.632241813602015,2,7,6,0
ELEC002997,2024-02-25,weekend,Hostel Block 1,22-00,0.183,4004.62,True,False,2,0.3076666666666667,0.5947995666305524,2,8,6,0
ELEC002998,2024-02-25,weekend,Hostel Block 2,06-08,0.25,3741.07,True,False,2,0.4080000000000001,0.6127450980392155,3,0,6,0
ELEC002999,2024-02-25,weekend,Hostel Block 2,08-10,0.694,3741.76,True,False,2,1.1293333333333333,0.614521841794569,3,1,6,0
ELEC003000,2024-02-25,weekend,Hostel Block 2,10-12,0.797,3742.56,True,False,2,1.528333333333333,0.5214830970556161,3,2,6,0
ELEC003001,2024-02-25,weekend,Hostel Block 2,12-14,0.815,3743.38,True,False,2,1.2653333333333334,0.6440990516332982,3,3,6,0
ELEC003002,2024-02-25,weekend,Hostel Block 2,14-16,0.845,3744.22,True,False,2,1.2586666666666666,0.6713453389830508,3,4,6,0
ELEC003003,2024-02-25,weekend,Hostel Block 2,16-18,0.586,3744.81,True,False,2,1.0583333333333331,0.5537007874015748,3,5,6,0
ELEC003004,2024-02-25,weekend,Hostel Block 2,18-20,0.616,3745.43,True,False,2,1.0823333333333336,0.5691407453033568,3,6,6,0
ELEC003005,2024-02-25,weekend,Hostel Block 2,20-22,0.477,3745.91,True,False,2,0.783,0.6091954022988505,3,7,6,0
ELEC003006,2024-02-25,weekend,Hostel Block 2,22-00,0.202,3635.895,True,False,2,0.331,0.6102719033232629,3,8,6,0
ELEC003007,2024-02-25,weekend,Library,06-08,0.283,2142.24,True,False,2,0.9376501697956582,0.3018183210713587,5,0,6,1
ELEC003008,2024-02-25,weekend,Library,08-10,0.828,2143.07,True,False,2,1.5620000000000005,0.5300896286811778,5,1,6,0
ELEC003009,2024-02-25,weekend,Library,10-12,1.03,2144.1,True,False,2,1.903333333333334,0.5411558669001749,5,2,6,0
ELEC003010,2024-02-25,weekend,Library,12-14,0.845,2144.94,True,False,2,1.5943333333333332,0.5300020907380306,5,3,6,0
ELEC003011,2024-02-25,weekend,Library,14-16,1.082,2146.02,True,False,2,1.7573333333333334,0.6157056145675266,5,4,6,0
ELEC003012,2024-02-25,weekend,Library,16-18,0.865,2146.88,True,False,2,1.4613333333333338,0.5919251824817516,5,5,6,0
ELEC003013,2024-02-25,weekend,Library,18-20,0.735,2147.62,True,False,2,1.290333333333333,0.569620253164557,5,6,6,0
ELEC003014,2024-02-25,weekend,Library,20-22,0.566,2148.19,True,False,2,1.0123333333333333,0.559104379321699,5,7,6,0
ELEC003015,2024-02-25,weekend,Library,22-00,0.212,2008.86,True,False,2,0.424,0.5,5,8,6,0
ELEC003016,2024-02-25,weekend,Labs Complex,06-08,0.291,4928.03,True,False,2,0.9008073109174068,0.3230435593419392,4,0,6,0
ELEC003017,2024-02-25,weekend,Labs Complex,08-10,0.912,4928.94,True,False,2,1.4783333333333328,0.6169109357384445,4,1,6,0
ELEC003018,2024-02-25,weekend,Labs Complex,10-12,1.116,4930.06,True,False,2,1.9100000000000004,0.5842931937172774,4,2,6,0
ELEC003019,2024-02-25,weekend,Labs Complex,12-14,0.847,4930.91,True,False,2,1.6023333333333334,0.528604118993135,4,3,6,0
ELEC003020,2024-02-25,weekend,Labs Complex,14-16,0.922,4798.735,True,False,2,1.7233333333333338,0.5350096711798839,4,4,6,0
ELEC003021,2024-02-25,weekend,Labs Complex,16-18,0.742,4932.57,True,False,2,1.337666666666667,0.5546972339895339,4,5,6,0
ELEC003022,2024-02-25,weekend,Labs Complex,18-20,0.779,4933.35,True,False,2,1.369,0.5690284879474069,4,6,6,0
ELEC003023,2024-02-25,weekend,Labs Complex,20-22,0.553,4933.9,True,False,2,0.9546666666666668,0.5792597765363129,4,7,6,0
ELEC003024,2024-02-25,weekend,Labs Complex,22-00,0.253,4934.15,True,False,2,0.4433333333333333,0.5706766917293233,4,8,6,0
ELEC003025,2024-02-26,weekday,Academic Block A,06-08,0.978,2344.52,False,False,2,0.7013333333333334,1.394486692015209,0,0,0,0
ELEC003026,2024-02-26,weekday,Academic Block A,08-10,2.616,2347.14,False,False,2,1.9853333333333327,1.317662860980524,0,1,0,0
ELEC003027,2024-02-26,weekday,Academic Block A,10-12,3.475,2350.61,False,False,2,2.669333333333333,1.3018231768231772,0,2,0,0
ELEC003028,2024-02-26,weekday,Academic Block A,12-14,2.959,2353.57,False,False,2,2.243,1.3192153366027644,0,3,0,0
ELEC003029,2024-02-26,weekday,Academic Block A,14-16,2.836,2356.41,False,False,2,2.1739999999999995,1.3045078196872129,0,4,0,0
ELEC003030,2024-02-26,weekday,Academic Block A,16-18,2.522,2358.93,False,False,2,1.9433333333333331,1.2977701543739275,0,5,0,0
ELEC003031,2024-02-26,weekday,Academic Block A,18-20,2.193,2361.12,False,False,2,1.715666666666667,1.2782203225179716,0,6,0,0
ELEC003032,2024-02-26,weekday,Academic Block A,20-22,2.006,2363.13,False,False,2,1.5040000000000002,1.3337765957446803,0,7,0,0
ELEC003033,2024-02-26,weekday,Academic Block A,22-00,0.763,2363.89,False,False,2,0.6229999999999999,1.2247191011235958,0,8,0,0
ELEC003034,2024-02-26,weekday,Academic Block B,06-08,0.949,5849.19,False,False,2,0.6776666666666666,1.4003935071323168,1,0,0,0
ELEC003035,2024-02-26,weekday,Academic Block B,08-10,2.67,5851.86,False,False,2,2.159666666666667,1.2363018984411174,1,1,0,0
ELEC003036,2024-02-26,weekday,Academic Block B,10-12,3.181,5855.04,False,False,2,2.342,1.3582408198121263,1,2,0,0
ELEC003037,2024-02-26,weekday,Academic Block B,12-14,2.648,5857.69,False,False,2,2.192,1.208029197080292,1,3,0,0
ELEC003038,2024-02-26,weekday,Academic Block B,14-16,2.93,5860.62,False,False,2,2.213,1.323994577496611,1,4,0,0
ELEC003039,2024-02-26,weekday,Academic Block B,16-18,2.173,5862.79,False,False,2,1.852666666666667,1.1729039222741993,1,5,0,0
ELEC003040,2024-02-26,weekday,Academic Block B,18-20,2.002,5864.79,False,False,2,1.7350000000000003,1.1538904899135445,1,6,0,0
ELEC003041,2024-02-26,weekday,Academic Block B,20-22,1.826,5630.25,False,False,2,1.3159999999999998,1.3875379939209729,1,7,0,0
ELEC003042,2024-02-26,weekday,Academic Block B,22-00,0.72,5867.34,False,False,2,0.5846666666666666,1.2314709236031929,1,8,0,0
ELEC003043,2024-02-26,weekday,Hostel Block 1,06-08,0.53,4005.15,False,False,2,0.3603333333333333,1.4708603145235892,2,0,0,0
ELEC003044,2024-02-26,weekday,Hostel Block 1,08-10,1.341,4006.49,False,False,2,1.1446666666666667,1.171520093185789,2,1,0,0
ELEC003045,2024-02-26,weekday,Hostel Block 1,10-12,1.722,4008.21,False,False,2,1.3483333333333334,1.277132262051916,2,2,0,0
ELEC003046,2024-02-26,weekday,Hostel Block 1,12-14,1.376,4009.59,False,False,2,1.19,1.1563025210084033,2,3,0,0
ELEC003047,2024-02-26,weekday,Hostel Block 1,14-16,1.396,4010.99,False,False,2,1.1909999999999998,1.1721242653232578,2,4,0,0
ELEC003048,2024-02-26,weekday,Hostel Block 1,16-18,1.34,4012.33,False,False,2,0.973,1.377183967112025,2,5,0,0
ELEC003049,2024-02-26,weekday,Hostel Block 1,18-20,1.067,4013.4,False,False,2,0.918,1.162309368191721,2,6,0,0
ELEC003050,2024-02-26,weekday,Hostel Block 1,20-22,0.969,4014.37,False,False,2,0.7503333333333333,1.2914260328742782,2,7,0,0
ELEC003051,2024-02-26,weekday,Hostel Block 1,22-00,0.342,4014.71,False,False,2,0.2733333333333334,1.251219512195122,2,8,0,0
ELEC003052,2024-02-26,weekday,Hostel Block 2,06-08,0.442,3746.55,False,False,2,0.3466666666666667,1.275,3,0,0,0
ELEC003053,2024-02-26,weekday,Hostel Block 2,08-10,1.648,3748.2,False,False,2,1.1236666666666666,1.4666271136161375,3,1,0,0
ELEC003054,2024-02-26,weekday,Hostel Block 2,10-12,1.509,3749.71,False,False,2,1.2963333333333331,1.1640524556441243,3,2,0,0
ELEC003055,2024-02-26,weekday,Hostel Block 2,12-14,1.305,3751.01,False,False,2,1.1156666666666666,1.169704212727816,3,3,0,0
ELEC003056,2024-02-26,weekday,Hostel Block 2,14-16,1.686,3752.7,False,False,2,1.2536666666666665,1.3448550917309228,3,4,0,0
ELEC003057,2024-02-26,weekday,Hostel Block 2,16-18,1.166,3753.87,False,False,2,0.9386666666666666,1.2421875,3,5,0,0
ELEC003058,2024-02-26,weekday,Hostel Block 2,18-20,1.122,3754.99,False,False,2,0.9640000000000004,1.163900414937759,3,6,0,0
ELEC003059,2024-02-26,weekday,Hostel Block 2,20-22,0.917,3755.91,False,False,2,0.7283333333333335,1.2590389016018304,3,7,0,0
ELEC003060,2024-02-26,weekday,Hostel Block 2,22-00,0.446,3756.36,False,False,2,0.3389999999999999,1.3156342182890857,3,8,0,0
ELEC003061,2024-02-26,weekday,Library,06-08,0.619,2149.02,False,False,2,0.8729835031289918,0.7090626544274305,5,0,0,0
ELEC003062,2024-02-26,weekday,Library,08-10,2.021,2151.04,False,False,2,1.4770000000000003,1.3683141503046712,5,1,0,0
ELEC003063,2024-02-26,weekday,Library,10-12,2.313,2153.35,False,False,2,1.7480000000000004,1.3232265446224254,5,2,0,0
ELEC003064,2024-02-26,weekday,Library,12-14,1.952,2155.3,False,False,2,1.4349999999999996,1.3602787456445995,5,3,0,0
ELEC003065,2024-02-26,weekday,Library,14-16,5.385653328645756,2160.69,False,True,2,2.782884442881919,1.935277385455662,5,4,0,1
ELEC003066,2024-02-26,weekday,Library,16-18,1.952,2162.64,False,False,2,1.4443333333333337,1.3514885760443107,5,5,0,0
ELEC003067,2024-02-26,weekday,Library,18-20,1.564,2164.2,False,False,2,1.2226666666666668,1.2791712104689203,5,6,0,0
ELEC003068,2024-02-26,weekday,Library,20-22,1.379,2165.58,False,False,2,0.9673333333333334,1.4255685733976566,5,7,0,0
ELEC003069,2024-02-26,weekday,Library,22-00,0.554,2166.13,False,False,2,0.3903333333333334,1.4192997438087105,5,8,0,0
ELEC003070,2024-02-26,weekday,Labs Complex,06-08,0.594,4934.74,False,False,2,0.8614739775840734,0.6895158942186737,4,0,0,0
ELEC003071,2024-02-26,weekday,Labs Complex,08-10,1.787,4936.53,False,False,2,1.372333333333333,1.3021617682778726,4,1,0,0
ELEC003072,2024-02-26,weekday,Labs Complex,10-12,2.197,4938.73,False,False,2,1.713666666666667,1.2820462944952342,4,2,0,0
ELEC003073,2024-02-26,weekday,Labs Complex,12-14,2.132,4940.86,False,False,2,1.595,1.3366771159874609,4,3,0,0
ELEC003074,2024-02-26,weekday,Labs Complex,14-16,2.079,4942.94,False,False,2,1.6086666666666674,1.2923746373808531,4,4,0,0
ELEC003075,2024-02-26,weekday,Labs Complex,16-18,1.579,4798.735,False,False,2,1.2223333333333335,1.291791655304063,4,5,0,0
ELEC003076,2024-02-26,weekday,Labs Complex,18-20,1.663,4946.18,False,False,2,1.265666666666667,1.3139320516196995,4,6,0,0
ELEC003077,2024-02-26,weekday,Labs Complex,20-22,1.28,4947.46,False,False,2,0.936,1.3675213675213675,4,7,0,0
ELEC003078,2024-02-26,weekday,Labs Complex,22-00,0.447,4947.91,False,False,2,0.3796666666666666,1.1773485513608428,4,8,0,0
ELEC003079,2024-02-27,weekday,Academic Block A,06-08,0.863,2364.75,False,False,2,0.7366666666666667,1.171493212669683,0,0,1,0
ELEC003080,2024-02-27,weekday,Academic Block A,08-10,3.103,2367.85,False,False,2,2.2926666666666664,1.35344576911893,0,1,1,0
ELEC003081,2024-02-27,weekday,Academic Block A,10-12,3.032,2370.88,False,False,2,2.774,1.093006488824802,0,2,1,0
ELEC003082,2024-02-27,weekday,Academic Block A,12-14,3.069,2373.95,False,False,2,2.401,1.2782174094127448,0,3,1,0
ELEC003083,2024-02-27,weekday,Academic Block A,14-16,3.435,2377.38,False,False,2,2.583333333333333,1.3296774193548389,0,4,1,0
ELEC003084,2024-02-27,weekday,Academic Block A,16-18,2.737,2380.12,False,False,2,2.115,1.2940898345153666,0,5,1,0
ELEC003085,2024-02-27,weekday,Academic Block A,18-20,2.288,2382.41,False,False,2,1.803,1.268996117581808,0,6,1,0
ELEC003086,2024-02-27,weekday,Academic Block A,20-22,1.986,2384.4,False,False,2,1.63,1.2184049079754602,0,7,1,0
ELEC003087,2024-02-27,weekday,Academic Block A,22-00,0.695,2385.1,False,False,2,0.6136666666666666,1.1325366648560566,0,8,1,0
ELEC003088,2024-02-27,weekday,Academic Block B,06-08,0.848,5868.19,False,False,2,0.741,1.1443994601889338,1,0,1,0
ELEC003089,2024-02-27,weekday,Academic Block B,08-10,2.346,5870.54,False,False,2,2.130666666666667,1.101063829787234,1,1,1,0
ELEC003090,2024-02-27,weekday,Academic Block B,10-12,3.785,5874.32,False,False,2,2.774,1.3644556596971884,1,2,1,0
ELEC003091,2024-02-27,weekday,Academic Block B,12-14,2.889,5877.21,False,False,2,2.343666666666667,1.2326838287583557,1,3,1,0
ELEC003092,2024-02-27,weekday,Academic Block B,14-16,3.433,5880.64,False,False,2,2.5706666666666664,1.335451244813278,1,4,1,0
ELEC003093,2024-02-27,weekday,Academic Block B,16-18,2.769,5883.41,False,False,2,2.074,1.3351012536162008,1,5,1,0
ELEC003094,2024-02-27,weekday,Academic Block B,18-20,2.37,5885.78,False,False,2,1.859333333333334,1.2746504123341695,1,6,1,0
ELEC003095,2024-02-27,weekday,Academic Block B,20-22,1.928,5887.71,False,False,2,1.5206666666666664,1.267864971503727,1,7,1,0
ELEC003096,2024-02-27,weekday,Academic Block B,22-00,0.762,5888.47,False,False,2,0.605,1.2595041322314051,1,8,1,0
ELEC003097,2024-02-27,weekday,Hostel Block 1,06-08,0.437,4015.15,False,False,2,0.3879999999999999,1.1262886597938149,2,0,1,0
ELEC003098,2024-02-27,weekday,Hostel Block 1,08-10,1.648,4016.8,False,False,2,1.2583333333333333,1.3096688741721854,2,1,1,0
ELEC003099,2024-02-27,weekday,Hostel Block 1,10-12,2.019,4018.82,False,False,2,1.5253333333333332,1.323645104895105,2,2,1,0
ELEC003100,2024-02-27,weekday,Hostel Block 1,12-14,1.57,4020.39,False,False,2,1.2516666666666667,1.2543275632490014,2,3,1,0
ELEC003101,2024-02-27,weekday,Hostel Block 1,14-16,1.422,4021.81,False,False,2,1.1873333333333331,1.19764177428411,2,4,1,0
ELEC003102,2024-02-27,weekday,Hostel Block 1,16-18,1.31,4023.12,False,False,2,1.0726666666666669,1.2212554381603482,2,5,1,0
ELEC003103,2024-02-27,weekday,Hostel Block 1,18-20,1.037,4024.16,False,False,2,0.9133333333333334,1.1354014598540143,2,6,1,0
ELEC003104,2024-02-27,weekday,Hostel Block 1,20-22,0.996,4025.16,False,False,2,0.8223333333333334,1.2111876773408998,2,7,1,0
ELEC003105,2024-02-27,weekday,Hostel Block 1,22-00,0.415,4025.57,False,False,2,0.3133333333333333,1.3244680851063828,2,8,1,0
ELEC003106,2024-02-27,weekday,Hostel Block 2,06-08,0.496,3756.86,False,False,2,0.3960000000000001,1.2525252525252524,3,0,1,0
ELEC003107,2024-02-27,weekday,Hostel Block 2,08-10,1.399,3758.26,False,False,2,1.247,1.1218925421010426,3,1,1,0
ELEC003108,2024-02-27,weekday,Hostel Block 2,10-12,1.778,3760.04,False,False,2,1.3613333333333333,1.3060724779627817,3,2,1,0
ELEC003109,2024-02-27,weekday,Hostel Block 2,12-14,1.488,3761.53,False,False,2,1.2026666666666666,1.237250554323725,3,3,1,0
ELEC003110,2024-02-27,weekday,Hostel Block 2,14-16,1.806,3763.34,False,False,2,1.4456666666666669,1.2492506340788565,3,4,1,0
ELEC003111,2024-02-27,weekday,Hostel Block 2,16-18,1.191,3764.53,False,False,2,0.981,1.214067278287462,3,5,1,0
ELEC003112,2024-02-27,weekday,Hostel Block 2,18-20,1.297,3765.83,False,False,2,1.011666666666667,1.2820428336079073,3,6,1,0
ELEC003113,2024-02-27,weekday,Hostel Block 2,20-22,0.946,3766.78,False,False,2,0.7800000000000002,1.2128205128205125,3,7,1,0
ELEC003114,2024-02-27,weekday,Hostel Block 2,22-00,0.423,3767.2,False,False,2,0.357,1.184873949579832,3,8,1,0
ELEC003115,2024-02-27,weekday,Library,06-08,0.565,2166.7,False,False,2,0.4889999999999999,1.1554192229038855,5,0,1,0
ELEC003116,2024-02-27,weekday,Library,08-10,1.704,2168.4,False,False,2,1.517666666666667,1.122776191522073,5,1,1,0
ELEC003117,2024-02-27,weekday,Library,10-12,2.236,2170.64,False,False,2,1.8596666666666677,1.2023660154149485,5,2,1,0
ELEC003118,2024-02-27,weekday,Library,12-14,2.104,2172.74,False,False,2,1.6336666666666664,1.2879004284839832,5,3,1,0
ELEC003119,2024-02-27,weekday,Library,14-16,1.822,2174.56,False,False,2,2.763217776215252,0.6593761865905383,5,4,1,0
ELEC003120,2024-02-27,weekday,Library,16-18,1.763,2176.32,False,False,2,1.526666666666667,1.1548034934497813,5,5,1,0
ELEC003121,2024-02-27,weekday,Library,18-20,1.475,2177.8,False,False,2,1.2580000000000002,1.1724960254372017,5,6,1,0
ELEC003122,2024-02-27,weekday,Library,20-22,1.215,2179.02,False,False,2,1.0533333333333337,1.1534810126582278,5,7,1,0
ELEC003123,2024-02-27,weekday,Library,22-00,0.439,2008.86,False,False,2,0.4016666666666666,1.0929460580912862,5,8,1,0
ELEC003124,2024-02-27,weekday,Labs Complex,06-08,0.548,4948.46,False,False,2,0.4776666666666667,1.1472435450104677,4,0,1,0
ELEC003125,2024-02-27,weekday,Labs Complex,08-10,1.765,4950.23,False,False,2,1.4879999999999995,1.186155913978495,4,1,1,0
ELEC003126,2024-02-27,weekday,Labs Complex,10-12,2.453,4952.68,False,False,2,1.922,1.2762747138397503,4,2,1,0
ELEC003127,2024-02-27,weekday,Labs Complex,12-14,1.881,4954.56,False,False,2,1.62,1.161111111111111,4,3,1,0
ELEC003128,2024-02-27,weekday,Labs Complex,14-16,1.954,4956.51,False,False,2,1.6516666666666673,1.1830474268415736,4,4,1,0
ELEC003129,2024-02-27,weekday,Labs Complex,16-18,1.56,4958.07,False,False,2,1.293666666666667,1.2058747745426437,4,5,1,0
ELEC003130,2024-02-27,weekday,Labs Complex,18-20,1.706,4959.78,False,False,2,1.3826666666666665,1.2338476374156222,4,6,1,0
ELEC003131,2024-02-27,weekday,Labs Complex,20-22,1.047,4960.83,False,False,2,0.96,1.090625,4,7,1,0
ELEC003132,2024-02-27,weekday,Labs Complex,22-00,0.447,4961.28,False,False,2,0.3823333333333333,1.1691368788142982,4,8,1,0
ELEC003133,2024-02-28,weekday,Academic Block A,06-08,0.997,2386.1,False,False,2,0.946,1.0539112050739956,0,0,2,0
ELEC003134,2024-02-28,weekday,Academic Block A,08-10,7.497008458191263,2393.6,False,True,2,4.4053361527304205,1.7018016782997658,0,1,2,1
ELEC003135,2024-02-28,weekday,Academic Block A,10-12,3.102,2396.7,False,False,2,3.203,0.9684670621292538,0,2,2,0
ELEC003136,2024-02-28,weekday,Academic Block A,12-14,2.792,2399.49,False,False,2,2.9399999999999995,0.9496598639455784,0,3,2,0
ELEC003137,2024-02-28,weekday,Academic Block A,14-16,2.667,2402.16,False,False,2,2.979333333333333,0.8951667039606176,0,4,2,0
ELEC003138,2024-02-28,weekday,Academic Block A,16-18,2.397,2404.56,False,False,2,2.552,0.9392633228840126,0,5,2,0
ELEC003139,2024-02-28,weekday,Academic Block A,18-20,2.147,2406.71,False,False,2,2.2093333333333334,0.9717863608931804,0,6,2,0
ELEC003140,2024-02-28,weekday,Academic Block A,20-22,1.557,2408.27,False,False,2,1.8496666666666663,0.8417732924851324,0,7,2,0
ELEC003141,2024-02-28,weekday,Academic Block A,22-00,0.836,2409.11,False,False,2,0.7646666666666665,1.0932868352223193,0,8,2,0
ELEC003142,2024-02-28,weekday,Academic Block B,06-08,0.957,5889.43,False,False,2,0.9179999999999998,1.042483660130719,1,0,2,0
ELEC003143,2024-02-28,weekday,Academic Block B,08-10,2.421,5891.85,False,False,2,2.479,0.9766034691407828,1,1,2,0
ELEC003144,2024-02-28,weekday,Academic Block B,10-12,3.544,5895.39,False,False,2,3.5033333333333334,1.0116079923882018,1,2,2,0
ELEC003145,2024-02-28,weekday,Academic Block B,12-14,3.222,5898.61,False,False,2,2.919666666666666,1.1035506336339764,1,3,2,0
ELEC003146,2024-02-28,weekday,Academic Block B,14-16,3.396,5902.01,False,False,2,3.253,1.0439594220719337,1,4,2,0
ELEC003147,2024-02-28,weekday,Academic Block B,16-18,2.554,5904.56,False,False,2,2.4986666666666664,1.022145144076841,1,5,2,0
ELEC003148,2024-02-28,weekday,Academic Block B,18-20,1.963,5906.52,False,False,2,2.1116666666666672,0.9295974743488552,1,6,2,0
ELEC003149,2024-02-28,weekday,Academic Block B,20-22,1.63,5908.15,False,False,2,1.7946666666666664,0.9082466567607728,1,7,2,0
ELEC003150,2024-02-28,weekday,Academic Block B,22-00,0.771,5908.92,False,False,2,0.751,1.0266311584553929,1,8,2,0
ELEC003151,2024-02-28,weekday,Hostel Block 1,06-08,0.502,4026.07,False,False,2,0.4896666666666666,1.0251872021783526,2,0,2,0
ELEC003152,2024-02-28,weekday,Hostel Block 1,08-10,1.516,4027.59,False,False,2,1.5016666666666667,1.0095449500554938,2,1,2,0
ELEC003153,2024-02-28,weekday,Hostel Block 1,10-12,1.762,4029.35,False,False,2,1.8343333333333331,0.9605669634744683,2,2,2,0
ELEC003154,2024-02-28,weekday,Hostel Block 1,12-14,1.746,4031.1,False,False,2,1.564,1.1163682864450128,2,3,2,0
ELEC003155,2024-02-28,weekday,Hostel Block 1,14-16,1.547,4032.65,False,False,2,1.4549999999999998,1.0632302405498282,2,4,2,0
ELEC003156,2024-02-28,weekday,Hostel Block 1,16-18,1.189,4033.84,False,False,2,1.2796666666666667,0.929148215681167,2,5,2,0
ELEC003157,2024-02-28,weekday,Hostel Block 1,18-20,1.219,4035.06,False,False,2,1.1076666666666668,1.1005115859163406,2,6,2,0
ELEC003158,2024-02-28,weekday,Hostel Block 1,20-22,1.066,4036.13,False,False,2,1.0103333333333333,1.0550973276146487,2,7,2,0
ELEC003159,2024-02-28,weekday,Hostel Block 1,22-00,0.341,4036.47,False,False,2,0.366,0.9316939890710382,2,8,2,0
ELEC003160,2024-02-28,weekday,Hostel Block 2,06-08,0.427,3767.63,False,False,2,0.455,0.9384615384615383,3,0,2,0
ELEC003161,2024-02-28,weekday,Hostel Block 2,08-10,1.448,3769.08,False,False,2,1.4983333333333333,0.9664071190211346,3,1,2,0
ELEC003162,2024-02-28,weekday,Hostel Block 2,10-12,1.613,3770.69,False,False,2,1.6333333333333335,0.9875510204081632,3,2,2,0
ELEC003163,2024-02-28,weekday,Hostel Block 2,12-14,1.602,3772.29,False,False,2,1.465,1.093515358361775,3,3,2,0
ELEC003164,2024-02-28,weekday,Hostel Block 2,14-16,1.669,3773.96,False,False,2,1.7203333333333333,0.970160821546212,3,4,2,0
ELEC003165,2024-02-28,weekday,Hostel Block 2,16-18,1.417,3775.38,False,False,2,1.258,1.1263910969793325,3,5,2,0
ELEC003166,2024-02-28,weekday,Hostel Block 2,18-20,1.163,3776.54,False,False,2,1.1940000000000002,0.9740368509212728,3,6,2,0
ELEC003167,2024-02-28,weekday,Hostel Block 2,20-22,1.007,3777.55,False,False,2,0.9566666666666668,1.0526132404181183,3,7,2,0
ELEC003168,2024-02-28,weekday,Hostel Block 2,22-00,0.415,3777.97,False,False,2,0.428,0.969626168224299,3,8,2,0
ELEC003169,2024-02-28,weekday,Library,06-08,0.639,2180.1,False,False,2,0.6076666666666667,1.051563357103675,5,0,2,0
ELEC003170,2024-02-28,weekday,Library,08-10,1.854,2181.95,False,False,2,1.8596666666666668,0.9969528589352932,5,1,2,0
ELEC003171,2024-02-28,weekday,Library,10-12,2.112,2184.06,False,False,2,2.220333333333334,0.9512085272481609,5,2,2,0
ELEC003172,2024-02-28,weekday,Library,12-14,1.695,2185.76,False,False,2,1.917,0.8841940532081378,5,3,2,0
ELEC003173,2024-02-28,weekday,Library,14-16,2.103,2187.86,False,False,2,3.1035511095485853,0.6776108804942103,5,4,2,0
ELEC003174,2024-02-28,weekday,Library,16-18,1.596,2189.46,False,False,2,1.7703333333333335,0.901525136509132,5,5,2,0
ELEC003175,2024-02-28,weekday,Library,18-20,1.363,2008.86,False,False,2,1.4673333333333334,0.928895956383462,5,6,2,0
ELEC003176,2024-02-28,weekday,Library,20-22,1.225,2192.05,False,False,2,1.2730000000000004,0.9622937941869596,5,7,2,0
ELEC003177,2024-02-28,weekday,Library,22-00,0.497,2192.55,False,False,2,0.4966666666666667,1.0006711409395972,5,8,2,0
ELEC003178,2024-02-28,weekday,Labs Complex,06-08,0.641,4961.92,False,False,2,0.5943333333333334,1.0785193494111047,4,0,2,0
ELEC003179,2024-02-28,weekday,Labs Complex,08-10,1.773,4963.69,False,False,2,1.7749999999999997,0.99887323943662,4,1,2,0
ELEC003180,2024-02-28,weekday,Labs Complex,10-12,2.199,4965.89,False,False,2,2.283,0.9632063074901444,4,2,2,0
ELEC003181,2024-02-28,weekday,Labs Complex,12-14,1.896,4967.79,False,False,2,1.969666666666667,0.9625994246065324,4,3,2,0
ELEC003182,2024-02-28,weekday,Labs Complex,14-16,1.892,4969.68,False,False,2,1.9750000000000003,0.9579746835443036,4,4,2,0
ELEC003183,2024-02-28,weekday,Labs Complex,16-18,1.544,4971.22,False,False,2,1.5610000000000006,0.9891095451633564,4,5,2,0
ELEC003184,2024-02-28,weekday,Labs Complex,18-20,1.424,4972.64,False,False,2,1.5976666666666668,0.8912998122261631,4,6,2,0
ELEC003185,2024-02-28,weekday,Labs Complex,20-22,1.263,4973.9,False,False,2,1.1966666666666663,1.055431754874652,4,7,2,0
ELEC003186,2024-02-28,weekday,Labs Complex,22-00,0.435,4798.735,False,False,2,0.443,0.9819413092550788,4,8,2,0
ELEC003187,2024-02-29,weekday,Academic Block A,06-08,0.975,2410.09,False,False,2,0.945,1.031746031746032,0,0,3,0
ELEC003188,2024-02-29,weekday,Academic Block A,08-10,2.994,2413.08,False,False,2,4.531336152730421,0.6607322650728358,0,1,3,1
ELEC003189,2024-02-29,weekday,Academic Block A,10-12,3.343,2416.42,False,False,2,3.1590000000000003,1.0582462804685029,0,2,3,0
ELEC003190,2024-02-29,weekday,Academic Block A,12-14,2.877,2419.3,False,False,2,2.9126666666666665,0.987754634927901,0,3,3,0
ELEC003191,2024-02-29,weekday,Academic Block A,14-16,2.594,2421.89,False,False,2,2.898666666666666,0.894894204231831,0,4,3,0
ELEC003192,2024-02-29,weekday,Academic Block A,16-18,2.583,2424.47,False,False,2,2.5723333333333334,1.0041466891278994,0,5,3,0
ELEC003193,2024-02-29,weekday,Academic Block A,18-20,2.44,2426.91,False,False,2,2.2916666666666665,1.0647272727272727,0,6,3,0
ELEC003194,2024-02-29,weekday,Academic Block A,20-22,6.692464332548516,2433.6,False,True,2,3.4118214441828383,1.9615517523518649,0,7,3,1
ELEC003195,2024-02-29,weekday,Academic Block A,22-00,0.742,2434.34,False,False,2,0.7576666666666666,0.979322481302244,0,8,3,0
ELEC003196,2024-02-29,weekday,Academic Block B,06-08,0.844,5909.76,False,False,2,0.883,0.955832389580974,1,0,3,0
ELEC003197,2024-02-29,weekday,Academic Block B,08-10,2.742,5912.5,False,False,2,2.503,1.0954854174990012,1,1,3,0
ELEC003198,2024-02-29,weekday,Academic Block B,10-12,3.388,5915.89,False,False,2,3.5723333333333334,0.9483997387328544,1,2,3,0
ELEC003199,2024-02-29,weekday,Academic Block B,12-14,2.969,5918.86,False,False,2,3.026666666666667,0.9809471365638766,1,3,3,0
ELEC003200,2024-02-29,weekday,Academic Block B,14-16,2.673,5921.53,False,False,2,3.167333333333333,0.8439275941906967,1,4,3,0
ELEC003201,2024-02-29,weekday,Academic Block B,16-18,2.376,5923.91,False,False,2,2.566333333333333,0.9258345239641512,1,5,3,0
ELEC003202,2024-02-29,weekday,Academic Block B,18-20,2.584,5926.49,False,False,2,2.305666666666667,1.1207170738759575,1,6,3,0
ELEC003203,2024-02-29,weekday,Academic Block B,20-22,1.857,5928.35,False,False,2,1.805,1.028808864265928,1,7,3,0
ELEC003204,2024-02-29,weekday,Academic Block B,22-00,0.671,5929.02,False,False,2,0.7346666666666667,0.913339382940109,1,8,3,0
ELEC003205,2024-02-29,weekday,Hostel Block 1,06-08,0.446,4036.92,False,False,2,0.4616666666666666,0.9660649819494586,2,0,3,0
ELEC003206,2024-02-29,weekday,Hostel Block 1,08-10,1.363,4038.28,False,False,2,1.5089999999999997,0.9032471835652752,2,1,3,0
ELEC003207,2024-02-29,weekday,Hostel Block 1,10-12,1.815,4040.1,False,False,2,1.8653333333333333,0.9730164403145104,2,2,3,0
ELEC003208,2024-02-29,weekday,Hostel Block 1,12-14,1.314,4041.41,False,False,2,1.5433333333333332,0.851403887688985,2,3,3,0
ELEC003209,2024-02-29,weekday,Hostel Block 1,14-16,1.71,4043.12,False,False,2,1.5596666666666663,1.0963881171190426,2,4,3,0
ELEC003210,2024-02-29,weekday,Hostel Block 1,16-18,1.506,4044.63,False,False,2,1.335,1.1280898876404497,2,5,3,0
ELEC003211,2024-02-29,weekday,Hostel Block 1,18-20,1.313,4045.94,False,False,2,1.1896666666666669,1.103670495937237,2,6,3,0
ELEC003212,2024-02-29,weekday,Hostel Block 1,20-22,0.897,4046.84,False,False,2,0.9863333333333334,0.9094288611017236,2,7,3,0
ELEC003213,2024-02-29,weekday,Hostel Block 1,22-00,0.368,4047.21,False,False,2,0.3746666666666666,0.9822064056939502,2,8,3,0
ELEC003214,2024-02-29,weekday,Hostel Block 2,06-08,0.485,3778.45,False,False,2,0.4693333333333334,1.0333806818181817,3,0,3,0
ELEC003215,2024-02-29,weekday,Hostel Block 2,08-10,1.372,3779.82,False,False,2,1.4063333333333334,0.9755866319032946,3,1,3,0
ELEC003216,2024-02-29,weekday,Hostel Block 2,10-12,1.549,3781.37,False,False,2,1.6466666666666665,0.9406882591093118,3,2,3,0
ELEC003217,2024-02-29,weekday,Hostel Block 2,12-14,1.303,3782.67,False,False,2,1.4643333333333337,0.8898247211472796,3,3,3,0
ELEC003218,2024-02-29,weekday,Hostel Block 2,14-16,1.591,3784.26,False,False,2,1.6886666666666663,0.9421634425582314,3,4,3,0
ELEC003219,2024-02-29,weekday,Hostel Block 2,16-18,1.354,3785.61,False,False,2,1.3206666666666669,1.025239777889955,3,5,3,0
ELEC003220,2024-02-29,weekday,Hostel Block 2,18-20,1.149,3786.76,False,False,2,1.2030000000000003,0.9551122194513714,3,6,3,0
ELEC003221,2024-02-29,weekday,Hostel Block 2,20-22,1.048,3787.81,False,False,2,1.0003333333333335,1.0476507830723092,3,7,3,0
ELEC003222,2024-02-29,weekday,Hostel Block 2,22-00,0.409,3788.22,False,False,2,0.4156666666666666,0.983961507618284,3,8,3,0
ELEC003223,2024-02-29,weekday,Library,06-08,0.52,2193.07,False,False,2,0.5746666666666667,0.9048723897911832,5,0,3,0
ELEC003224,2024-02-29,weekday,Library,08-10,1.9,2194.97,False,False,2,1.8193333333333337,1.044338585562477,5,1,3,0
ELEC003225,2024-02-29,weekday,Library,10-12,1.959,2196.93,False,False,2,2.1023333333333336,0.9318217853179006,5,2,3,0
ELEC003226,2024-02-29,weekday,Library,12-14,2.042,2198.97,False,False,2,1.947,1.0487930148947098,5,3,3,0
ELEC003227,2024-02-29,weekday,Library,14-16,2.118,2201.09,False,False,2,2.014333333333333,1.0514645043852389,5,4,3,0
ELEC003228,2024-02-29,weekday,Library,16-18,1.791,2202.88,False,False,2,1.7166666666666668,1.0433009708737864,5,5,3,0
ELEC003229,2024-02-29,weekday,Library,18-20,1.602,2204.48,False,False,2,1.4800000000000002,1.0824324324324324,5,6,3,0
ELEC003230,2024-02-29,weekday,Library,20-22,1.361,2205.84,False,False,2,1.267,1.074191002367798,5,7,3,0
ELEC003231,2024-02-29,weekday,Library,22-00,0.52,2206.36,False,False,2,0.4853333333333334,1.0714285714285714,5,8,3,0
ELEC003232,2024-02-29,weekday,Labs Complex,06-08,0.526,4974.86,False,False,2,0.5716666666666667,0.9201166180758018,4,0,3,0
ELEC003233,2024-02-29,weekday,Labs Complex,08-10,1.547,4976.41,False,False,2,1.6949999999999996,0.9126843657817112,4,1,3,0
ELEC003234,2024-02-29,weekday,Labs Complex,10-12,1.935,4978.35,False,False,2,2.195666666666667,0.8812813116745103,4,2,3,0
ELEC003235,2024-02-29,weekday,Labs Complex,12-14,1.952,4980.3,False,False,2,1.9096666666666664,1.0221679176121488,4,3,3,0
ELEC003236,2024-02-29,weekday,Labs Complex,14-16,2.219,4982.52,False,False,2,2.021666666666667,1.0976092333058531,4,4,3,0
ELEC003237,2024-02-29,weekday,Labs Complex,16-18,1.553,4984.07,False,False,2,1.5523333333333336,1.0004294610264115,4,5,3,0
ELEC003238,2024-02-29,weekday,Labs Complex,18-20,1.607,4985.68,False,False,2,1.579,1.0177327422419251,4,6,3,0
ELEC003239,2024-02-29,weekday,Labs Complex,20-22,1.048,4986.73,False,False,2,1.1193333333333333,0.9362715902322812,4,7,3,0
ELEC003240,2024-02-29,weekday,Labs Complex,22-00,0.566,4987.3,False,False,2,0.4826666666666666,1.1726519337016574,4,8,3,0
ELEC003241,2024-03-01,weekday,Academic Block A,06-08,0.782,2435.12,False,False,3,0.918,0.8518518518518519,0,0,4,0
ELEC003242,2024-03-01,weekday,Academic Block A,08-10,2.611,2437.73,False,False,3,4.36733615273042,0.5978472708970721,0,1,4,1
ELEC003243,2024-03-01,weekday,Academic Block A,10-12,2.842,2440.57,False,False,3,3.0956666666666663,0.9180574997308066,0,2,4,0
ELEC003244,2024-03-01,weekday,Academic Block A,12-14,3.062,2443.63,False,False,3,2.910333333333333,1.0521131600045817,0,3,4,0
ELEC003245,2024-03-01,weekday,Academic Block A,14-16,2.888,2446.52,False,False,3,2.716333333333333,1.0631979383973496,0,4,4,0
ELEC003246,2024-03-01,weekday,Academic Block A,16-18,2.47,2448.99,False,False,3,2.4833333333333334,0.9946308724832216,0,5,4,0
ELEC003247,2024-03-01,weekday,Academic Block A,18-20,2.379,2451.37,False,False,3,2.322,1.0245478036175713,0,6,4,0
ELEC003248,2024-03-01,weekday,Academic Block A,20-22,1.634,2453.0,False,False,3,3.294488110849505,0.4959799352800403,0,7,4,1
ELEC003249,2024-03-01,weekday,Academic Block A,22-00,0.794,2453.79,False,False,3,0.7906666666666666,1.0042158516020236,0,8,4,0
ELEC003250,2024-03-01,weekday,Academic Block B,06-08,0.819,5929.84,False,False,3,0.8733333333333334,0.9377862595419846,1,0,4,0
ELEC003251,2024-03-01,weekday,Academic Block B,08-10,3.074,5932.91,False,False,3,2.7456666666666667,1.1195823722228966,1,1,4,0
ELEC003252,2024-03-01,weekday,Academic Block B,10-12,3.099,5936.01,False,False,3,3.343666666666667,0.9268268368059016,1,2,4,0
ELEC003253,2024-03-01,weekday,Academic Block B,12-14,2.65,5938.66,False,False,3,2.9470000000000005,0.8992195453003052,1,3,4,0
ELEC003254,2024-03-01,weekday,Academic Block B,14-16,2.993,5941.65,False,False,3,3.0206666666666666,0.990840873979254,1,4,4,0
ELEC003255,2024-03-01,weekday,Academic Block B,16-18,2.702,5944.35,False,False,3,2.544,1.0621069182389935,1,5,4,0
ELEC003256,2024-03-01,weekday,Academic Block B,18-20,2.059,5946.41,False,False,3,2.2020000000000004,0.9350590372388736,1,6,4,0
ELEC003257,2024-03-01,weekday,Academic Block B,20-22,1.804,5948.21,False,False,3,1.7636666666666665,1.022869022869023,1,7,4,0
ELEC003258,2024-03-01,weekday,Academic Block B,22-00,0.74,5948.95,False,False,3,0.7273333333333333,1.0174152153987168,1,8,4,0
ELEC003259,2024-03-01,weekday,Hostel Block 1,06-08,0.49,4047.7,False,False,3,0.4793333333333332,1.0222531293463146,2,0,4,0
ELEC003260,2024-03-01,weekday,Hostel Block 1,08-10,1.572,4049.27,False,False,3,1.483666666666667,1.0595371826555828,2,1,4,0
ELEC003261,2024-03-01,weekday,Hostel Block 1,10-12,1.838,4051.11,False,False,3,1.805,1.0182825484764546,2,2,4,0
ELEC003262,2024-03-01,weekday,Hostel Block 1,12-14,1.542,4052.65,False,False,3,1.534,1.0052151238591918,2,3,4,0
ELEC003263,2024-03-01,weekday,Hostel Block 1,14-16,1.663,4054.31,False,False,3,1.64,1.0140243902439026,2,4,4,0
ELEC003264,2024-03-01,weekday,Hostel Block 1,16-18,1.295,4055.61,False,False,3,1.33,0.9736842105263156,2,5,4,0
ELEC003265,2024-03-01,weekday,Hostel Block 1,18-20,1.332,4056.94,False,False,3,1.2880000000000005,1.0341614906832295,2,6,4,0
ELEC003266,2024-03-01,weekday,Hostel Block 1,20-22,0.858,4057.8,False,False,3,0.9403333333333334,0.912442396313364,2,7,4,0
ELEC003267,2024-03-01,weekday,Hostel Block 1,22-00,0.357,4058.16,False,False,3,0.3553333333333333,1.0046904315196998,2,8,4,0
ELEC003268,2024-03-01,weekday,Hostel Block 2,06-08,0.457,3788.68,False,False,3,0.4563333333333334,1.0014609203798392,3,0,4,0
ELEC003269,2024-03-01,weekday,Hostel Block 2,08-10,1.227,3789.91,False,False,3,1.3490000000000002,0.9095626389918458,3,1,4,0
ELEC003270,2024-03-01,weekday,Hostel Block 2,10-12,1.93,3635.895,False,False,3,1.6973333333333331,1.1370777690494895,3,2,4,0
ELEC003271,2024-03-01,weekday,Hostel Block 2,12-14,1.455,3793.29,False,False,3,1.4533333333333331,1.001146788990826,3,3,4,0
ELEC003272,2024-03-01,weekday,Hostel Block 2,14-16,1.768,3795.06,False,False,3,1.676,1.054892601431981,3,4,4,0
ELEC003273,2024-03-01,weekday,Hostel Block 2,16-18,1.167,3796.23,False,False,3,1.3126666666666666,0.8890299644489589,3,5,4,0
ELEC003274,2024-03-01,weekday,Hostel Block 2,18-20,1.041,3797.27,False,False,3,1.117666666666667,0.9314047121980312,3,6,4,0
ELEC003275,2024-03-01,weekday,Hostel Block 2,20-22,1.051,3635.895,False,False,3,1.0353333333333337,1.0151320025756596,3,7,4,0
ELEC003276,2024-03-01,weekday,Hostel Block 2,22-00,0.381,3798.7,False,False,3,0.4016666666666666,0.9485477178423236,3,8,4,0
ELEC003277,2024-03-01,weekday,Library,06-08,0.58,2206.94,False,False,3,0.5796666666666667,1.0005750431282343,5,0,4,0
ELEC003278,2024-03-01,weekday,Library,08-10,1.762,2208.7,False,False,3,1.838666666666667,0.9583031182015952,5,1,4,0
ELEC003279,2024-03-01,weekday,Library,10-12,2.397,2211.1,False,False,3,2.1560000000000006,1.11178107606679,5,2,4,0
ELEC003280,2024-03-01,weekday,Library,12-14,2.122,2213.22,False,False,3,1.953,1.0865335381464416,5,3,4,0
ELEC003281,2024-03-01,weekday,Library,14-16,1.788,2215.01,False,False,3,2.003,0.892661008487269,5,4,4,0
ELEC003282,2024-03-01,weekday,Library,16-18,1.547,2216.56,False,False,3,1.644666666666667,0.940616132955006,5,5,4,0
ELEC003283,2024-03-01,weekday,Library,18-20,1.374,2217.93,False,False,3,1.4463333333333337,0.9499884766075132,5,6,4,0
ELEC003284,2024-03-01,weekday,Library,20-22,1.147,2219.08,False,False,3,1.2443333333333335,0.9217787302437715,5,7,4,0
ELEC003285,2024-03-01,weekday,Library,22-00,0.573,2219.65,False,False,3,0.53,1.081132075471698,5,8,4,0
ELEC003286,2024-03-01,weekday,Labs Complex,06-08,0.668,4987.97,False,False,3,0.6116666666666667,1.0920980926430517,4,0,4,0
ELEC003287,2024-03-01,weekday,Labs Complex,08-10,1.837,4989.81,False,False,3,1.7189999999999996,1.068644560791158,4,1,4,0
ELEC003288,2024-03-01,weekday,Labs Complex,10-12,2.398,4992.21,False,False,3,2.1773333333333333,1.1013472137170852,4,2,4,0
ELEC003289,2024-03-01,weekday,Labs Complex,12-14,1.705,4993.91,False,False,3,1.851,0.9211237169097786,4,3,4,0
ELEC003290,2024-03-01,weekday,Labs Complex,14-16,2.011,4995.92,False,False,3,2.040666666666667,0.9854622672329304,4,4,4,0
ELEC003291,2024-03-01,weekday,Labs Complex,16-18,1.517,4997.44,False,False,3,1.5380000000000005,0.9863459037711312,4,5,4,0
ELEC003292,2024-03-01,weekday,Labs Complex,18-20,1.483,4998.92,False,False,3,1.5046666666666668,0.9856003544528136,4,6,4,0
ELEC003293,2024-03-01,weekday,Labs Complex,20-22,1.228,5000.15,False,False,3,1.1796666666666666,1.040972025996044,4,7,4,0
ELEC003294,2024-03-01,weekday,Labs Complex,22-00,0.535,5000.68,False,False,3,0.512,1.044921875,4,8,4,0
ELEC003295,2024-03-02,saturday,Academic Block A,06-08,0.573,2454.36,False,False,3,0.7766666666666667,0.7377682403433475,0,0,5,0
ELEC003296,2024-03-02,saturday,Academic Block A,08-10,2.016,2456.38,False,False,3,2.5403333333333333,0.7935966408607794,0,1,5,0
ELEC003297,2024-03-02,saturday,Academic Block A,10-12,2.096,2458.48,False,False,3,2.760333333333333,0.7593285835044078,0,2,5,0
ELEC003298,2024-03-02,saturday,Academic Block A,12-14,2.086,2138.22,False,False,3,2.6749999999999994,0.7798130841121497,0,3,5,0
ELEC003299,2024-03-02,saturday,Academic Block A,14-16,2.133,2462.7,False,False,3,2.5383333333333327,0.8403151674326989,0,4,5,0
ELEC003300,2024-03-02,saturday,Academic Block A,16-18,1.932,2464.63,False,False,3,2.3283333333333336,0.8297780959198281,0,5,5,0
ELEC003301,2024-03-02,saturday,Academic Block A,18-20,1.349,2465.98,False,False,3,2.056,0.6561284046692608,0,6,5,0
ELEC003302,2024-03-02,saturday,Academic Block A,20-22,1.435,2467.41,False,False,3,3.253821444182839,0.4410198975624442,0,7,5,1
ELEC003303,2024-03-02,saturday,Academic Block A,22-00,0.5,2467.91,False,False,3,0.6786666666666665,0.7367387033398822,0,8,5,0
ELEC003304,2024-03-02,saturday,Academic Block B,06-08,0.576,5949.53,False,False,3,0.7463333333333333,0.7717731129968736,1,0,5,0
ELEC003305,2024-03-02,saturday,Academic Block B,08-10,1.721,5951.25,False,False,3,2.5123333333333338,0.6850205652116226,1,1,5,0
ELEC003306,2024-03-02,saturday,Academic Block B,10-12,2.163,5953.41,False,False,3,2.883333333333333,0.7501734104046244,1,2,5,0
ELEC003307,2024-03-02,saturday,Academic Block B,12-14,2.095,5955.51,False,False,3,2.571333333333333,0.8147523982369718,1,3,5,0
ELEC003308,2024-03-02,saturday,Academic Block B,14-16,2.129,5957.64,False,False,3,2.598333333333333,0.8193713919178961,1,4,5,0
ELEC003309,2024-03-02,saturday,Academic Block B,16-18,1.671,5959.31,False,False,3,2.2496666666666663,0.7427767076603943,1,5,5,0
ELEC003310,2024-03-02,saturday,Academic Block B,18-20,1.388,5960.7,False,False,3,2.010333333333334,0.6904327640523957,1,6,5,0
ELEC003311,2024-03-02,saturday,Academic Block B,20-22,1.355,5962.05,False,False,3,1.6719999999999997,0.8104066985645935,1,7,5,0
ELEC003312,2024-03-02,saturday,Academic Block B,22-00,0.518,5962.57,False,False,3,0.6430000000000001,0.8055987558320372,1,8,5,0
ELEC003313,2024-03-02,saturday,Hostel Block 1,06-08,0.295,4058.45,False,False,3,0.4103333333333332,0.7189277010560521,2,0,5,0
ELEC003314,2024-03-02,saturday,Hostel Block 1,08-10,1.149,4059.6,False,False,3,1.3613333333333333,0.8440254652301665,2,1,5,0
ELEC003315,2024-03-02,saturday,Hostel Block 1,10-12,1.052,4060.65,False,False,3,1.5683333333333334,0.6707757704569607,2,2,5,0
ELEC003316,2024-03-02,saturday,Hostel Block 1,12-14,0.977,4061.63,False,False,3,1.2776666666666667,0.7646751891468823,2,3,5,0
ELEC003317,2024-03-02,saturday,Hostel Block 1,14-16,0.994,4062.62,False,False,3,1.4556666666666664,0.6828486375085873,2,4,5,0
ELEC003318,2024-03-02,saturday,Hostel Block 1,16-18,0.833,4063.45,False,False,3,1.2113333333333334,0.6876719867914144,2,5,5,0
ELEC003319,2024-03-02,saturday,Hostel Block 1,18-20,0.897,3899.35,False,False,3,1.180666666666667,0.7597402597402596,2,6,5,0
ELEC003320,2024-03-02,saturday,Hostel Block 1,20-22,0.582,4064.93,False,False,3,0.7789999999999999,0.7471116816431322,2,7,5,0
ELEC003321,2024-03-02,saturday,Hostel Block 1,22-00,0.315,4065.24,False,False,3,0.3466666666666667,0.908653846153846,2,8,5,0
ELEC003322,2024-03-02,saturday,Hostel Block 2,06-08,0.338,3799.04,False,False,3,0.4266666666666667,0.7921874999999999,3,0,5,0
ELEC003323,2024-03-02,saturday,Hostel Block 2,08-10,1.119,3800.16,False,False,3,1.2393333333333334,0.902904787520172,3,1,5,0
ELEC003324,2024-03-02,saturday,Hostel Block 2,10-12,1.302,3801.46,False,False,3,1.5936666666666666,0.8169838945827234,3,2,5,0
ELEC003325,2024-03-02,saturday,Hostel Block 2,12-14,1.012,3802.47,False,False,3,1.2566666666666666,0.8053050397877984,3,3,5,0
ELEC003326,2024-03-02,saturday,Hostel Block 2,14-16,1.217,3803.69,False,False,3,1.5253333333333332,0.7978583916083918,3,4,5,0
ELEC003327,2024-03-02,saturday,Hostel Block 2,16-18,0.976,3804.67,False,False,3,1.1656666666666666,0.8372891049470975,3,5,5,0
ELEC003328,2024-03-02,saturday,Hostel Block 2,18-20,0.787,3805.46,False,False,3,0.9923333333333336,0.7930802821632514,3,6,5,0
ELEC003329,2024-03-02,saturday,Hostel Block 2,20-22,0.722,3806.18,False,False,3,0.9403333333333336,0.7678128323289611,3,7,5,0
ELEC003330,2024-03-02,saturday,Hostel Block 2,22-00,0.28,3806.46,False,False,3,0.3566666666666666,0.7850467289719628,3,8,5,0
ELEC003331,2024-03-02,saturday,Library,06-08,0.408,2220.06,False,False,3,0.5026666666666667,0.8116710875331564,5,0,5,0
ELEC003332,2024-03-02,saturday,Library,08-10,1.146,2221.21,False,False,3,1.602666666666667,0.7150582362728783,5,1,5,0
ELEC003333,2024-03-02,saturday,Library,10-12,1.555,2222.76,False,False,3,1.9703333333333335,0.7892065640331584,5,2,5,0
ELEC003334,2024-03-02,saturday,Library,12-14,1.326,2224.09,False,False,3,1.8299999999999996,0.7245901639344265,5,3,5,0
ELEC003335,2024-03-02,saturday,Library,14-16,1.61,2225.7,False,False,3,1.838666666666667,0.8756345177664975,5,4,5,0
ELEC003336,2024-03-02,saturday,Library,16-18,1.325,2227.02,False,False,3,1.5543333333333331,0.8524555007505897,5,5,5,0
ELEC003337,2024-03-02,saturday,Library,18-20,1.116,2228.14,False,False,3,1.364,0.8181818181818182,5,6,5,0
ELEC003338,2024-03-02,saturday,Library,20-22,0.811,2228.95,False,False,3,1.1063333333333334,0.7330521241337753,5,7,5,0
ELEC003339,2024-03-02,saturday,Library,22-00,0.344,2229.29,False,False,3,0.4790000000000001,0.718162839248434,5,8,5,0
ELEC003340,2024-03-02,saturday,Labs Complex,06-08,0.475,5001.16,False,False,3,0.5563333333333333,0.8538046734571599,4,0,5,0
ELEC003341,2024-03-02,saturday,Labs Complex,08-10,1.319,5002.48,False,False,3,1.5676666666666663,0.8413778439294068,4,1,5,0
ELEC003342,2024-03-02,saturday,Labs Complex,10-12,1.648,5004.13,False,False,3,1.993666666666667,0.8266176224711586,4,2,5,0
ELEC003343,2024-03-02,saturday,Labs Complex,12-14,1.352,5005.48,False,False,3,1.6696666666666669,0.8097424635655819,4,3,5,0
ELEC003344,2024-03-02,saturday,Labs Complex,14-16,1.278,5006.76,False,False,3,1.8360000000000003,0.6960784313725489,4,4,5,0
ELEC003345,2024-03-02,saturday,Labs Complex,16-18,1.077,5007.84,False,False,3,1.3823333333333334,0.779117434289848,4,5,5,0
ELEC003346,2024-03-02,saturday,Labs Complex,18-20,0.946,5008.79,False,False,3,1.3453333333333335,0.7031714568880079,4,6,5,0
ELEC003347,2024-03-02,saturday,Labs Complex,20-22,0.941,5009.73,False,False,3,1.0723333333333334,0.8775256450108796,4,7,5,0
ELEC003348,2024-03-02,saturday,Labs Complex,22-00,0.357,5010.09,False,False,3,0.4859999999999999,0.7345679012345679,4,8,5,0
ELEC003349,2024-03-03,weekend,Academic Block A,06-08,0.395,2468.3,False,False,3,0.5833333333333334,0.6771428571428572,0,0,6,0
ELEC003350,2024-03-03,weekend,Academic Block A,08-10,0.959,2469.26,False,False,3,1.8619999999999997,0.5150375939849625,0,1,6,0
ELEC003351,2024-03-03,weekend,Academic Block A,10-12,1.474,2470.73,False,False,3,2.1373333333333333,0.6896444167186525,0,2,6,0
ELEC003352,2024-03-03,weekend,Academic Block A,12-14,1.28,2472.01,False,False,3,2.1426666666666665,0.59738643434972,0,3,6,0
ELEC003353,2024-03-03,weekend,Academic Block A,14-16,1.244,2473.25,False,False,3,2.0883333333333334,0.5956903431763767,0,4,6,0
ELEC003354,2024-03-03,weekend,Academic Block A,16-18,1.029,2474.28,False,False,3,1.8103333333333336,0.5684036089118025,0,5,6,0
ELEC003355,2024-03-03,weekend,Academic Block A,18-20,0.959,2475.24,False,False,3,1.5623333333333334,0.6138254747173032,0,6,6,0
ELEC003356,2024-03-03,weekend,Academic Block A,20-22,0.8,2476.04,False,False,3,1.2896666666666663,0.6203153269578705,0,7,6,0
ELEC003357,2024-03-03,weekend,Academic Block A,22-00,0.275,2476.32,False,False,3,0.523,0.5258126195028681,0,8,6,0
ELEC003358,2024-03-03,weekend,Academic Block B,06-08,0.398,5962.97,False,False,3,0.5976666666666667,0.6659230340211936,1,0,6,0
ELEC003359,2024-03-03,weekend,Academic Block B,08-10,1.205,5964.18,False,False,3,2.0,0.6025,1,1,6,0
ELEC003360,2024-03-03,weekend,Academic Block B,10-12,1.239,5965.42,False,False,3,2.167,0.5717581910475312,1,2,6,0
ELEC003361,2024-03-03,weekend,Academic Block B,12-14,1.075,5966.49,False,False,3,1.94,0.5541237113402061,1,3,6,0
ELEC003362,2024-03-03,weekend,Academic Block B,14-16,1.225,5967.72,False,False,3,2.1156666666666664,0.5790137072632741,1,4,6,0
ELEC003363,2024-03-03,weekend,Academic Block B,16-18,0.893,5968.61,False,False,3,1.7553333333333334,0.5087352829472085,1,5,6,0
ELEC003364,2024-03-03,weekend,Academic Block B,18-20,0.958,5969.57,False,False,3,1.468333333333334,0.6524404086265604,1,6,6,0
ELEC003365,2024-03-03,weekend,Academic Block B,20-22,0.757,5970.33,False,False,3,1.3053333333333332,0.5799284984678243,1,7,6,0
ELEC003366,2024-03-03,weekend,Academic Block B,22-00,0.31,5970.64,False,False,3,0.5226666666666666,0.5931122448979592,1,8,6,0
ELEC003367,2024-03-03,weekend,Hostel Block 1,06-08,0.168,4065.41,False,False,3,0.3176666666666666,0.528856243441763,2,0,6,0
ELEC003368,2024-03-03,weekend,Hostel Block 1,08-10,0.633,4066.04,False,False,3,1.118,0.5661896243291592,2,1,6,0
ELEC003369,2024-03-03,weekend,Hostel Block 1,10-12,0.727,4066.77,False,False,3,1.2056666666666664,0.6029858999170584,2,2,6,0
ELEC003370,2024-03-03,weekend,Hostel Block 1,12-14,0.539,4067.31,False,False,3,1.0193333333333334,0.5287769784172661,2,3,6,0
ELEC003371,2024-03-03,weekend,Hostel Block 1,14-16,0.575,4067.88,False,False,3,1.077333333333333,0.5337252475247526,2,4,6,0
ELEC003372,2024-03-03,weekend,Hostel Block 1,16-18,0.542,4068.42,False,False,3,0.89,0.6089887640449438,2,5,6,0
ELEC003373,2024-03-03,weekend,Hostel Block 1,18-20,0.472,4068.89,False,False,3,0.9003333333333335,0.524250277674935,2,6,6,0
ELEC003374,2024-03-03,weekend,Hostel Block 1,20-22,0.439,4069.33,False,False,3,0.6263333333333333,0.7009047365620011,2,7,6,0
ELEC003375,2024-03-03,weekend,Hostel Block 1,22-00,0.142,4069.47,False,False,3,0.2713333333333333,0.5233415233415233,2,8,6,0
ELEC003376,2024-03-03,weekend,Hostel Block 2,06-08,0.179,3806.64,False,False,3,0.3246666666666667,0.5513347022587268,3,0,6,0
ELEC003377,2024-03-03,weekend,Hostel Block 2,08-10,0.554,3807.19,False,False,3,0.9666666666666668,0.573103448275862,3,1,6,0
ELEC003378,2024-03-03,weekend,Hostel Block 2,10-12,0.683,3807.87,False,False,3,1.305,0.5233716475095787,3,2,6,0
ELEC003379,2024-03-03,weekend,Hostel Block 2,12-14,0.669,3808.54,False,False,3,1.0453333333333334,0.6399872448979591,3,3,6,0
ELEC003380,2024-03-03,weekend,Hostel Block 2,14-16,0.599,3809.14,False,False,3,1.1946666666666663,0.5013950892857143,3,4,6,0
ELEC003381,2024-03-03,weekend,Hostel Block 2,16-18,0.565,3809.7,False,False,3,0.9026666666666668,0.6259231905465287,3,5,6,0
ELEC003382,2024-03-03,weekend,Hostel Block 2,18-20,0.514,3635.895,False,False,3,0.780666666666667,0.6584116140051236,3,6,6,0
ELEC003383,2024-03-03,weekend,Hostel Block 2,20-22,0.388,3810.6,False,False,3,0.7203333333333335,0.5386395187413233,3,7,6,0
ELEC003384,2024-03-03,weekend,Hostel Block 2,22-00,0.178,3810.78,False,False,3,0.2796666666666667,0.636471990464839,3,8,6,0
ELEC003385,2024-03-03,weekend,Library,06-08,0.254,2229.54,False,False,3,0.414,0.6135265700483092,5,0,6,0
ELEC003386,2024-03-03,weekend,Library,08-10,0.69,2230.23,False,False,3,1.1993333333333336,0.5753196220122289,5,1,6,0
ELEC003387,2024-03-03,weekend,Library,10-12,0.856,2231.09,False,False,3,1.602666666666667,0.5341098169717137,5,2,6,0
ELEC003388,2024-03-03,weekend,Library,12-14,0.686,2231.78,False,False,3,1.378,0.497822931785196,5,3,6,0
ELEC003389,2024-03-03,weekend,Library,14-16,0.785,2232.57,False,False,3,1.3943333333333332,0.5629930671766675,5,4,6,0
ELEC003390,2024-03-03,weekend,Library,16-18,0.674,2233.24,False,False,3,1.1820000000000004,0.5702199661590523,5,5,6,0
ELEC003391,2024-03-03,weekend,Library,18-20,0.656,2233.9,False,False,3,1.0486666666666666,0.6255562619198983,5,6,6,0
ELEC003392,2024-03-03,weekend,Library,20-22,0.534,2234.43,False,False,3,0.8306666666666668,0.6428571428571428,5,7,6,0
ELEC003393,2024-03-03,weekend,Library,22-00,0.201,2234.63,False,False,3,0.3726666666666667,0.539355992844365,5,8,6,0
ELEC003394,2024-03-03,weekend,Labs Complex,06-08,0.243,5010.33,False,False,3,0.462,0.525974025974026,4,0,6,0
ELEC003395,2024-03-03,weekend,Labs Complex,08-10,0.704,5011.03,False,False,3,1.2866666666666664,0.5471502590673576,4,1,6,0
ELEC003396,2024-03-03,weekend,Labs Complex,10-12,3.533525470030136,5014.56,False,True,3,2.5265084900100456,1.3985804852831056,4,2,6,1
ELEC003397,2024-03-03,weekend,Labs Complex,12-14,0.672,5015.23,False,False,3,1.243,0.5406275140788415,4,3,6,0
ELEC003398,2024-03-03,weekend,Labs Complex,14-16,0.815,5016.04,False,False,3,1.368000000000001,0.5957602339181282,4,4,6,0
ELEC003399,2024-03-03,weekend,Labs Complex,16-18,0.661,5016.7,False,False,3,1.0850000000000002,0.6092165898617511,4,5,6,0
ELEC003400,2024-03-03,weekend,Labs Complex,18-20,0.626,5017.33,False,False,3,1.018333333333333,0.6147299509001637,4,6,6,0
ELEC003401,2024-03-03,weekend,Labs Complex,20-22,0.417,5017.75,False,False,3,0.862,0.4837587006960556,4,7,6,0
ELEC003402,2024-03-03,weekend,Labs Complex,22-00,0.191,5017.94,False,False,3,0.361,0.5290858725761773,4,8,6,0
ELEC003403,2024-03-04,weekday,Academic Block A,06-08,0.862,2477.18,False,False,3,0.61,1.4131147540983606,0,0,0,0
ELEC003404,2024-03-04,weekday,Academic Block A,08-10,2.982,2480.16,False,False,3,1.9856666666666665,1.5017626321974151,0,1,0,1
ELEC003405,2024-03-04,weekday,Academic Block A,10-12,3.531,2483.69,False,False,3,2.367,1.491761723700887,0,2,0,1
ELEC003406,2024-03-04,weekday,Academic Block A,12-14,3.153,2486.84,False,False,3,2.173,1.4509894155545329,0,3,0,0
ELEC003407,2024-03-04,weekday,Academic Block A,14-16,2.591,2489.43,False,False,3,1.9893333333333332,1.302446380697051,0,4,0,0
ELEC003408,2024-03-04,weekday,Academic Block A,16-18,2.426,2491.86,False,False,3,1.7956666666666667,1.3510302580285871,0,5,0,0
ELEC003409,2024-03-04,weekday,Academic Block A,18-20,1.96,2493.82,False,False,3,1.4226666666666663,1.3776944704779757,0,6,0,0
ELEC003410,2024-03-04,weekday,Academic Block A,20-22,1.897,2495.72,False,False,3,1.3773333333333333,1.3772991287512102,0,7,0,0
ELEC003411,2024-03-04,weekday,Academic Block A,22-00,0.753,2496.47,False,False,3,0.5093333333333332,1.478403141361257,0,8,0,0
ELEC003412,2024-03-04,weekday,Academic Block B,06-08,0.864,5971.5,False,False,3,0.6126666666666667,1.4102285092491835,1,0,0,0
ELEC003413,2024-03-04,weekday,Academic Block B,08-10,3.012,5974.51,False,False,3,1.9793333333333336,1.5217244863590431,1,1,0,0
ELEC003414,2024-03-04,weekday,Academic Block B,10-12,3.243,5977.75,False,False,3,2.215,1.4641083521444695,1,2,0,0
ELEC003415,2024-03-04,weekday,Academic Block B,12-14,2.687,5980.44,False,False,3,1.9523333333333333,1.3763018610210005,1,3,0,0
ELEC003416,2024-03-04,weekday,Academic Block B,14-16,3.337,5983.78,False,False,3,2.2303333333333333,1.4961889104767598,1,4,0,0
ELEC003417,2024-03-04,weekday,Academic Block B,16-18,2.623,5986.4,False,False,3,1.729,1.5170618854829383,1,5,0,0
ELEC003418,2024-03-04,weekday,Academic Block B,18-20,2.175,5988.57,False,False,3,1.5070000000000006,1.443264764432647,1,6,0,0
ELEC003419,2024-03-04,weekday,Academic Block B,20-22,1.756,5990.33,False,False,3,1.2893333333333332,1.3619441571871769,1,7,0,0
ELEC003420,2024-03-04,weekday,Academic Block B,22-00,0.784,5991.11,False,False,3,0.5373333333333333,1.4590570719602978,1,8,0,0
ELEC003421,2024-03-04,weekday,Hostel Block 1,06-08,0.525,4069.99,False,False,3,0.3293333333333332,1.594129554655871,2,0,0,0
ELEC003422,2024-03-04,weekday,Hostel Block 1,08-10,1.338,4071.33,False,False,3,1.04,1.2865384615384616,2,1,0,0
ELEC003423,2024-03-04,weekday,Hostel Block 1,10-12,1.511,4072.84,False,False,3,1.0966666666666665,1.377811550151976,2,2,0,0
ELEC003424,2024-03-04,weekday,Hostel Block 1,12-14,1.428,4074.27,False,False,3,0.9813333333333332,1.455163043478261,2,3,0,0
ELEC003425,2024-03-04,weekday,Hostel Block 1,14-16,1.438,4075.71,False,False,3,1.0023333333333333,1.4346524775523777,2,4,0,0
ELEC003426,2024-03-04,weekday,Hostel Block 1,16-18,1.494,4077.2,False,False,3,0.9563333333333331,1.562216800278843,2,5,0,0
ELEC003427,2024-03-04,weekday,Hostel Block 1,18-20,1.032,4078.23,False,False,3,0.8003333333333336,1.2894627238650558,2,6,0,0
ELEC003428,2024-03-04,weekday,Hostel Block 1,20-22,1.041,4079.27,False,False,3,0.6873333333333332,1.51454898157129,2,7,0,0
ELEC003429,2024-03-04,weekday,Hostel Block 1,22-00,0.376,4079.65,False,False,3,0.2776666666666667,1.354141656662665,2,8,0,0
ELEC003430,2024-03-04,weekday,Hostel Block 2,06-08,0.528,3811.31,False,False,3,0.3483333333333334,1.5157894736842104,3,0,0,0
ELEC003431,2024-03-04,weekday,Hostel Block 2,08-10,1.588,3812.9,False,False,3,1.087,1.4609015639374423,3,1,0,0
ELEC003432,2024-03-04,weekday,Hostel Block 2,10-12,1.857,3814.76,False,False,3,1.2806666666666666,1.4500260281103592,3,2,0,0
ELEC003433,2024-03-04,weekday,Hostel Block 2,12-14,1.392,3816.15,False,False,3,1.024333333333333,1.3589326391148713,3,3,0,0
ELEC003434,2024-03-04,weekday,Hostel Block 2,14-16,1.383,3817.53,False,False,3,1.0663333333333334,1.296967802438262,3,4,0,0
ELEC003435,2024-03-04,weekday,Hostel Block 2,16-18,1.535,3819.07,False,False,3,1.0253333333333332,1.497074122236671,3,5,0,0
ELEC003436,2024-03-04,weekday,Hostel Block 2,18-20,1.325,3635.895,False,False,3,0.8753333333333336,1.513709063214013,3,6,0,0
ELEC003437,2024-03-04,weekday,Hostel Block 2,20-22,0.947,3821.34,False,False,3,0.6856666666666668,1.3811375789985414,3,7,0,0
ELEC003438,2024-03-04,weekday,Hostel Block 2,22-00,0.434,3821.77,False,False,3,0.2973333333333333,1.459641255605381,3,8,0,0
ELEC003439,2024-03-04,weekday,Library,06-08,0.559,2235.19,False,False,3,0.407,1.3734643734643734,5,0,0,0
ELEC003440,2024-03-04,weekday,Library,08-10,1.946,2237.14,False,False,3,1.260666666666667,1.5436277102062397,5,1,0,0
ELEC003441,2024-03-04,weekday,Library,10-12,2.048,2239.19,False,False,3,1.4863333333333335,1.3778874187037449,5,2,0,0
ELEC003442,2024-03-04,weekday,Library,12-14,1.91,2241.1,False,False,3,1.307333333333333,1.4609892911779707,5,3,0,0
ELEC003443,2024-03-04,weekday,Library,14-16,2.046,2243.15,False,False,3,1.4803333333333333,1.382121143886512,5,4,0,0
ELEC003444,2024-03-04,weekday,Library,16-18,1.539,2244.69,False,False,3,1.1793333333333336,1.3049745618993778,5,5,0,0
ELEC003445,2024-03-04,weekday,Library,18-20,1.577,2246.27,False,False,3,1.1163333333333334,1.4126604956703492,5,6,0,0
ELEC003446,2024-03-04,weekday,Library,20-22,1.253,2247.52,False,False,3,0.866,1.4468822170900693,5,7,0,0
ELEC003447,2024-03-04,weekday,Library,22-00,0.483,2248.0,False,False,3,0.3426666666666667,1.4095330739299607,5,8,0,0
ELEC003448,2024-03-04,weekday,Labs Complex,06-08,0.565,5018.5,False,False,3,0.4276666666666666,1.3211223694466094,4,0,0,0
ELEC003449,2024-03-04,weekday,Labs Complex,08-10,1.802,5020.3,False,False,3,1.2749999999999997,1.4133333333333338,4,1,0,0
ELEC003450,2024-03-04,weekday,Labs Complex,10-12,1.983,5022.28,False,False,3,2.3881751566767124,0.8303411056161653,4,2,0,0
ELEC003451,2024-03-04,weekday,Labs Complex,12-14,2.1,5024.38,False,False,3,1.374666666666667,1.5276430649854509,4,3,0,0
ELEC003452,2024-03-04,weekday,Labs Complex,14-16,2.029,5026.41,False,False,3,1.3740000000000006,1.4767103347889368,4,4,0,0
ELEC003453,2024-03-04,weekday,Labs Complex,16-18,1.504,5027.91,False,False,3,1.0806666666666669,1.3917334978408389,4,5,0,0
ELEC003454,2024-03-04,weekday,Labs Complex,18-20,1.725,5029.64,False,False,3,1.0990000000000002,1.5696087352138306,4,6,0,0
ELEC003455,2024-03-04,weekday,Labs Complex,20-22,1.148,5030.79,False,False,3,0.8353333333333333,1.3743016759776536,4,7,0,0
ELEC003456,2024-03-04,weekday,Labs Complex,22-00,1.6307928500024669,5032.42,False,True,3,0.7262642833341556,2.245453738294516,4,8,0,1
ELEC003457,2024-03-05,weekday,Academic Block A,06-08,0.9,2497.37,False,False,3,0.719,1.251738525730181,0,0,1,0
ELEC003458,2024-03-05,weekday,Academic Block A,08-10,2.493,2499.86,False,False,3,2.1446666666666663,1.16241840223811,0,1,1,0
ELEC003459,2024-03-05,weekday,Academic Block A,10-12,3.363,2503.22,False,False,3,2.789333333333333,1.2056644359464626,0,2,1,0
ELEC003460,2024-03-05,weekday,Academic Block A,12-14,2.723,2138.22,False,False,3,2.385333333333333,1.1415595304639463,0,3,1,0
ELEC003461,2024-03-05,weekday,Academic Block A,14-16,3.354,2509.3,False,False,3,2.396333333333333,1.3996383363471971,0,4,1,0
ELEC003462,2024-03-05,weekday,Academic Block A,16-18,2.352,2511.65,False,False,3,1.9356666666666669,1.2150852419493712,0,5,1,0
ELEC003463,2024-03-05,weekday,Academic Block A,18-20,2.537,2514.19,False,False,3,1.8186666666666664,1.394978005865103,0,6,1,0
ELEC003464,2024-03-05,weekday,Academic Block A,20-22,2.056,2516.25,False,False,3,1.5843333333333331,1.2977067115505998,0,7,1,0
ELEC003465,2024-03-05,weekday,Academic Block A,22-00,0.71,2516.96,False,False,3,0.5793333333333331,1.2255466052934412,0,8,1,0
ELEC003466,2024-03-05,weekday,Academic Block B,06-08,0.992,5992.1,False,False,3,0.7513333333333333,1.3203194321206744,1,0,1,0
ELEC003467,2024-03-05,weekday,Academic Block B,08-10,9.336037074518702,6001.44,False,True,3,4.517679024839567,2.0665560840392474,1,1,1,1
ELEC003468,2024-03-05,weekday,Academic Block B,10-12,3.005,6004.44,False,False,3,2.4956666666666667,1.2040870842794176,1,2,1,0
ELEC003469,2024-03-05,weekday,Academic Block B,12-14,2.897,6007.34,False,False,3,2.2196666666666665,1.3051509235620964,1,3,1,0
ELEC003470,2024-03-05,weekday,Academic Block B,14-16,2.759,6010.1,False,False,3,2.440333333333333,1.1305832536538725,1,4,1,0
ELEC003471,2024-03-05,weekday,Academic Block B,16-18,2.323,6012.42,False,False,3,1.9463333333333328,1.193526288748073,1,5,1,0
ELEC003472,2024-03-05,weekday,Academic Block B,18-20,2.266,6014.69,False,False,3,1.7996666666666672,1.2591220596406738,1,6,1,0
ELEC003473,2024-03-05,weekday,Academic Block B,20-22,1.91,6016.6,False,False,3,1.4743333333333333,1.2955007913181098,1,7,1,0
ELEC003474,2024-03-05,weekday,Academic Block B,22-00,0.717,6017.32,False,False,3,0.6036666666666667,1.18774157923799,1,8,1,0
ELEC003475,2024-03-05,weekday,Hostel Block 1,06-08,0.536,4080.19,False,False,3,0.4096666666666667,1.3083807973962571,2,0,1,0
ELEC003476,2024-03-05,weekday,Hostel Block 1,08-10,1.264,4081.45,False,False,3,1.0783333333333334,1.172179289026275,2,1,1,0
ELEC003477,2024-03-05,weekday,Hostel Block 1,10-12,1.523,4082.97,False,False,3,1.2536666666666665,1.2148364796596651,2,2,1,0
ELEC003478,2024-03-05,weekday,Hostel Block 1,12-14,1.521,4084.49,False,False,3,1.1626666666666667,1.3081995412844034,2,3,1,0
ELEC003479,2024-03-05,weekday,Hostel Block 1,14-16,1.467,4085.96,False,False,3,1.16,1.264655172413793,2,4,1,0
ELEC003480,2024-03-05,weekday,Hostel Block 1,16-18,1.346,4087.31,False,False,3,1.1273333333333333,1.1939680662329983,2,5,1,0
ELEC003481,2024-03-05,weekday,Hostel Block 1,18-20,1.374,4088.68,False,False,3,0.9593333333333336,1.4322446143154963,2,6,1,0
ELEC003482,2024-03-05,weekday,Hostel Block 1,20-22,0.954,4089.63,False,False,3,0.8113333333333332,1.1758422350041084,2,7,1,0
ELEC003483,2024-03-05,weekday,Hostel Block 1,22-00,0.37,4090.0,False,False,3,0.296,1.2499999999999998,2,8,1,0
ELEC003484,2024-03-05,weekday,Hostel Block 2,06-08,0.489,3822.26,False,False,3,0.3986666666666667,1.2265886287625416,3,0,1,0
ELEC003485,2024-03-05,weekday,Hostel Block 2,08-10,1.397,3823.66,False,False,3,1.1796666666666669,1.184232834133936,3,1,1,0
ELEC003486,2024-03-05,weekday,Hostel Block 2,10-12,1.886,3825.55,False,False,3,1.4753333333333334,1.2783551739719836,3,2,1,0
ELEC003487,2024-03-05,weekday,Hostel Block 2,12-14,1.733,3827.28,False,False,3,1.2646666666666666,1.3703215603584609,3,3,1,0
ELEC003488,2024-03-05,weekday,Hostel Block 2,14-16,6.484967388366062,3833.76,False,True,3,2.822322462788687,2.297741478469608,3,4,1,1
ELEC003489,2024-03-05,weekday,Hostel Block 2,16-18,1.363,3835.12,False,False,3,1.1543333333333334,1.1807681201270577,3,5,1,0
ELEC003490,2024-03-05,weekday,Hostel Block 2,18-20,1.187,3836.31,False,False,3,1.0086666666666668,1.1768010575016523,3,6,1,0
ELEC003491,2024-03-05,weekday,Hostel Block 2,20-22,1.026,3837.34,False,False,3,0.7870000000000003,1.3036848792884368,3,7,1,0
ELEC003492,2024-03-05,weekday,Hostel Block 2,22-00,0.445,3837.79,False,False,3,0.3523333333333333,1.263008514664144,3,8,1,0
ELEC003493,2024-03-05,weekday,Library,06-08,0.655,2248.66,False,False,3,0.4893333333333333,1.3385558583106267,5,0,1,0
ELEC003494,2024-03-05,weekday,Library,08-10,1.833,2250.49,False,False,3,1.4896666666666671,1.230476616692772,5,1,1,0
ELEC003495,2024-03-05,weekday,Library,10-12,2.295,2252.78,False,False,3,1.7330000000000003,1.324293133294864,5,2,1,0
ELEC003496,2024-03-05,weekday,Library,12-14,1.749,2254.53,False,False,3,1.448333333333333,1.2075949367088612,5,3,1,0
ELEC003497,2024-03-05,weekday,Library,14-16,1.876,2256.41,False,False,3,1.569,1.195666029318037,5,4,1,0
ELEC003498,2024-03-05,weekday,Library,16-18,1.862,2258.27,False,False,3,1.3583333333333336,1.3707975460122697,5,5,1,0
ELEC003499,2024-03-05,weekday,Library,18-20,5.73579296068092,2264.01,False,True,3,2.6562643202269736,2.1593457085591563,5,6,1,1
ELEC003500,2024-03-05,weekday,Library,20-22,1.187,2265.2,False,False,3,0.9913333333333334,1.1973772696704774,5,7,1,0
ELEC003501,2024-03-05,weekday,Library,22-00,0.552,2265.75,False,False,3,0.4120000000000001,1.3398058252427183,5,8,1,0
ELEC003502,2024-03-05,weekday,Labs Complex,06-08,0.539,5032.96,False,False,3,0.449,1.200445434298441,4,0,1,0
ELEC003503,2024-03-05,weekday,Labs Complex,08-10,1.847,5034.81,False,False,3,1.4509999999999996,1.2729152308752587,4,1,1,0
ELEC003504,2024-03-05,weekday,Labs Complex,10-12,1.94,5036.75,False,False,3,2.4855084900100457,0.780524390802688,4,2,1,0
ELEC003505,2024-03-05,weekday,Labs Complex,12-14,2.034,5038.78,False,False,3,1.602,1.2696629213483144,4,3,1,0
ELEC003506,2024-03-05,weekday,Labs Complex,14-16,2.207,5040.99,False,False,3,1.6836666666666673,1.3108295387052062,4,4,1,0
ELEC003507,2024-03-05,weekday,Labs Complex,16-18,1.496,5042.49,False,False,3,1.2203333333333335,1.2258945643266863,4,5,1,0
ELEC003508,2024-03-05,weekday,Labs Complex,18-20,1.296,5043.79,False,False,3,1.215666666666667,1.0660817109953384,4,6,1,0
ELEC003509,2024-03-05,weekday,Labs Complex,20-22,1.295,5045.09,False,False,3,0.9533333333333333,1.3583916083916083,4,7,1,0
ELEC003510,2024-03-05,weekday,Labs Complex,22-00,0.538,5045.63,False,False,3,0.7865976166674891,0.6839583398171211,4,8,1,0
ELEC003511,2024-03-06,weekday,Academic Block A,06-08,0.828,2517.79,False,False,3,0.8633333333333334,0.959073359073359,0,0,2,0
ELEC003512,2024-03-06,weekday,Academic Block A,08-10,3.068,2520.86,False,False,3,2.8476666666666666,1.077373288072106,0,1,2,0
ELEC003513,2024-03-06,weekday,Academic Block A,10-12,2.828,2523.69,False,False,3,3.2406666666666664,0.8726599465130632,0,2,2,0
ELEC003514,2024-03-06,weekday,Academic Block A,12-14,2.536,2526.23,False,False,3,2.804,0.9044222539229672,0,3,2,0
ELEC003515,2024-03-06,weekday,Academic Block A,14-16,3.243,2529.47,False,False,3,3.0626666666666664,1.0588811493252068,0,4,2,0
ELEC003516,2024-03-06,weekday,Academic Block A,16-18,2.468,2531.94,False,False,3,2.4153333333333333,1.0218051338669611,0,5,2,0
ELEC003517,2024-03-06,weekday,Academic Block A,18-20,2.369,2534.31,False,False,3,2.2886666666666664,1.0351004951937084,0,6,2,0
ELEC003518,2024-03-06,weekday,Academic Block A,20-22,1.554,2535.86,False,False,3,1.8356666666666663,0.8465589250045398,0,7,2,0
ELEC003519,2024-03-06,weekday,Academic Block A,22-00,0.641,2536.5,False,False,3,0.7013333333333333,0.9139733840304184,0,8,2,0
ELEC003520,2024-03-06,weekday,Academic Block B,06-08,0.965,6018.28,False,False,3,0.9403333333333332,1.0262318326834456,1,0,2,0
ELEC003521,2024-03-06,weekday,Academic Block B,08-10,2.855,6021.13,False,False,3,5.067679024839568,0.5633742756804498,1,1,2,1
ELEC003522,2024-03-06,weekday,Academic Block B,10-12,2.889,6024.02,False,False,3,3.045666666666667,0.9485607967604244,1,2,2,0
ELEC003523,2024-03-06,weekday,Academic Block B,12-14,3.254,6027.27,False,False,3,2.946,1.1045485403937545,1,3,2,0
ELEC003524,2024-03-06,weekday,Academic Block B,14-16,2.58,6029.85,False,False,3,2.892,0.8921161825726142,1,4,2,0
ELEC003525,2024-03-06,weekday,Academic Block B,16-18,2.406,6032.26,False,False,3,2.4506666666666668,0.9817736670293796,1,5,2,0
ELEC003526,2024-03-06,weekday,Academic Block B,18-20,2.04,6034.3,False,False,3,2.160333333333334,0.944298719333436,1,6,2,0
ELEC003527,2024-03-06,weekday,Academic Block B,20-22,1.759,6036.06,False,False,3,1.8083333333333331,0.9727188940092164,1,7,2,0
ELEC003528,2024-03-06,weekday,Academic Block B,22-00,0.67,6036.73,False,False,3,0.7236666666666666,0.925840626439429,1,8,2,0
ELEC003529,2024-03-06,weekday,Hostel Block 1,06-08,0.526,4090.53,False,False,3,0.5289999999999999,0.9943289224952744,2,0,2,0
ELEC003530,2024-03-06,weekday,Hostel Block 1,08-10,1.6,4092.13,False,False,3,1.4006666666666667,1.142313184198001,2,1,2,0
ELEC003531,2024-03-06,weekday,Hostel Block 1,10-12,1.759,4093.89,False,False,3,1.5976666666666663,1.1009805967035262,2,2,2,0
ELEC003532,2024-03-06,weekday,Hostel Block 1,12-14,1.583,4095.47,False,False,3,1.5106666666666666,1.047881729920565,2,3,2,0
ELEC003533,2024-03-06,weekday,Hostel Block 1,14-16,1.659,4097.13,False,False,3,1.5213333333333334,1.0904907975460123,2,4,2,0
ELEC003534,2024-03-06,weekday,Hostel Block 1,16-18,1.28,4098.41,False,False,3,1.3733333333333333,0.9320388349514565,2,5,2,0
ELEC003535,2024-03-06,weekday,Hostel Block 1,18-20,1.061,4099.47,False,False,3,1.1556666666666668,0.9180847995385056,2,6,2,0
ELEC003536,2024-03-06,weekday,Hostel Block 1,20-22,0.989,4100.46,False,False,3,0.9946666666666664,0.9943029490616624,2,7,2,0
ELEC003537,2024-03-06,weekday,Hostel Block 1,22-00,0.374,4100.83,False,False,3,0.3733333333333333,1.0017857142857145,2,8,2,0
ELEC003538,2024-03-06,weekday,Hostel Block 2,06-08,0.465,3838.26,False,False,3,0.494,0.9412955465587044,3,0,2,0
ELEC003539,2024-03-06,weekday,Hostel Block 2,08-10,1.637,3839.9,False,False,3,1.5406666666666666,1.0625270445694506,3,1,2,0
ELEC003540,2024-03-06,weekday,Hostel Block 2,10-12,1.843,3841.74,False,False,3,1.862,0.9897959183673468,3,2,2,0
ELEC003541,2024-03-06,weekday,Hostel Block 2,12-14,1.678,3843.42,False,False,3,1.601,1.048094940662086,3,3,2,0
ELEC003542,2024-03-06,weekday,Hostel Block 2,14-16,1.413,3844.83,False,False,3,3.0936557961220204,0.4567411803767028,3,4,2,0
ELEC003543,2024-03-06,weekday,Hostel Block 2,16-18,1.226,3846.06,False,False,3,1.3746666666666665,0.8918525703200777,3,5,2,0
ELEC003544,2024-03-06,weekday,Hostel Block 2,18-20,1.046,3847.11,False,False,3,1.1860000000000002,0.8819561551433389,3,6,2,0
ELEC003545,2024-03-06,weekday,Hostel Block 2,20-22,1.089,3848.2,False,False,3,1.0206666666666668,1.0669497060744608,3,7,2,0
ELEC003546,2024-03-06,weekday,Hostel Block 2,22-00,0.458,3848.66,False,False,3,0.4456666666666667,1.0276738967838444,3,8,2,0
ELEC003547,2024-03-06,weekday,Library,06-08,0.608,2266.36,False,False,3,0.6073333333333334,1.001097694840834,5,0,2,0
ELEC003548,2024-03-06,weekday,Library,08-10,1.701,2268.06,False,False,3,1.8266666666666669,0.9312043795620436,5,1,2,0
ELEC003549,2024-03-06,weekday,Library,10-12,2.356,2270.42,False,False,3,2.2330000000000005,1.0550828481862962,5,2,2,0
ELEC003550,2024-03-06,weekday,Library,12-14,1.619,2272.04,False,False,3,1.7593333333333332,0.9202349374763168,5,3,2,0
ELEC003551,2024-03-06,weekday,Library,14-16,2.088,2274.13,False,False,3,2.0033333333333334,1.0422628951747088,5,4,2,0
ELEC003552,2024-03-06,weekday,Library,16-18,1.937,2276.07,False,False,3,1.7793333333333337,1.0886099662795052,5,5,2,0
ELEC003553,2024-03-06,weekday,Library,18-20,1.38,2277.45,False,False,3,2.897597653560307,0.4762565977040947,5,6,2,1
ELEC003554,2024-03-06,weekday,Library,20-22,1.253,2278.7,False,False,3,1.231,1.0178716490658002,5,7,2,0
ELEC003555,2024-03-06,weekday,Library,22-00,0.546,2279.25,False,False,3,0.5270000000000001,1.0360531309297911,5,8,2,0
ELEC003556,2024-03-06,weekday,Labs Complex,06-08,0.642,5046.27,False,False,3,0.582,1.1030927835051547,4,0,2,0
ELEC003557,2024-03-06,weekday,Labs Complex,08-10,1.768,5048.04,False,False,3,1.8056666666666663,0.9791397452464464,4,1,2,0
ELEC003558,2024-03-06,weekday,Labs Complex,10-12,1.961,5050.0,False,False,3,1.9613333333333336,0.9998300475866756,4,2,2,0
ELEC003559,2024-03-06,weekday,Labs Complex,12-14,2.086,5052.09,False,False,3,2.0733333333333337,1.0061093247588422,4,3,2,0
ELEC003560,2024-03-06,weekday,Labs Complex,14-16,2.094,5054.18,False,False,3,2.1100000000000008,0.992417061611374,4,4,2,0
ELEC003561,2024-03-06,weekday,Labs Complex,16-18,1.509,5055.69,False,False,3,1.503,1.0039920159680638,4,5,2,0
ELEC003562,2024-03-06,weekday,Labs Complex,18-20,1.616,5057.31,False,False,3,1.5456666666666667,1.0455035583351304,4,6,2,0
ELEC003563,2024-03-06,weekday,Labs Complex,20-22,1.278,5058.59,False,False,3,1.2403333333333333,1.0303681805966138,4,7,2,0
ELEC003564,2024-03-06,weekday,Labs Complex,22-00,0.431,5059.02,False,False,3,0.866597616667489,0.4973473174983049,4,8,2,0
ELEC003565,2024-03-07,weekday,Academic Block A,06-08,1.004,2537.5,False,False,3,0.9106666666666668,1.102489019033675,0,0,3,0
ELEC003566,2024-03-07,weekday,Academic Block A,08-10,2.896,2540.4,False,False,3,2.8189999999999995,1.027314650585314,0,1,3,0
ELEC003567,2024-03-07,weekday,Academic Block A,10-12,3.073,2543.47,False,False,3,3.088,0.9951424870466322,0,2,3,0
ELEC003568,2024-03-07,weekday,Academic Block A,12-14,3.027,2546.5,False,False,3,2.762,1.0959449674149169,0,3,3,0
ELEC003569,2024-03-07,weekday,Academic Block A,14-16,2.609,2549.11,False,False,3,3.0686666666666667,0.8502063871388225,0,4,3,0
ELEC003570,2024-03-07,weekday,Academic Block A,16-18,2.71,2551.82,False,False,3,2.51,1.0796812749003986,0,5,3,0
ELEC003571,2024-03-07,weekday,Academic Block A,18-20,2.161,2138.22,False,False,3,2.3556666666666666,0.9173623885665771,0,6,3,0
ELEC003572,2024-03-07,weekday,Academic Block A,20-22,1.887,2555.87,False,False,3,1.832333333333333,1.0298344551573588,0,7,3,0
ELEC003573,2024-03-07,weekday,Academic Block A,22-00,0.736,2556.61,False,False,3,0.6956666666666665,1.057977958792525,0,8,3,0
ELEC003574,2024-03-07,weekday,Academic Block B,06-08,0.829,6037.56,False,False,3,0.9286666666666666,0.8926776740847092,1,0,3,0
ELEC003575,2024-03-07,weekday,Academic Block B,08-10,2.718,6040.28,False,False,3,4.969679024839567,0.5469166089831613,1,1,3,1
ELEC003576,2024-03-07,weekday,Academic Block B,10-12,3.533,5630.25,False,False,3,3.142333333333333,1.124323750928185,1,2,3,0
ELEC003577,2024-03-07,weekday,Academic Block B,12-14,2.645,6046.46,False,False,3,2.932,0.9021145975443384,1,3,3,0
ELEC003578,2024-03-07,weekday,Academic Block B,14-16,3.258,6049.72,False,False,3,2.8656666666666664,1.1369082237989998,1,4,3,0
ELEC003579,2024-03-07,weekday,Academic Block B,16-18,2.686,6052.41,False,False,3,2.4716666666666662,1.0867161159811196,1,5,3,0
ELEC003580,2024-03-07,weekday,Academic Block B,18-20,2.55,6054.96,False,False,3,2.285333333333334,1.1158109684947488,1,6,3,0
ELEC003581,2024-03-07,weekday,Academic Block B,20-22,2.015,6056.98,False,False,3,1.8946666666666665,1.0635116115411682,1,7,3,0
ELEC003582,2024-03-07,weekday,Academic Block B,22-00,0.753,6057.73,False,False,3,0.7133333333333333,1.055607476635514,1,8,3,0
ELEC003583,2024-03-07,weekday,Hostel Block 1,06-08,0.428,4101.26,False,False,3,0.4966666666666666,0.8617449664429531,2,0,3,0
ELEC003584,2024-03-07,weekday,Hostel Block 1,08-10,1.262,4102.52,False,False,3,1.3753333333333335,0.917595734367426,2,1,3,0
ELEC003585,2024-03-07,weekday,Hostel Block 1,10-12,1.852,4104.37,False,False,3,1.7113333333333332,1.0821971172574991,2,2,3,0
ELEC003586,2024-03-07,weekday,Hostel Block 1,12-14,1.406,4105.78,False,False,3,1.5033333333333332,0.9352549889135257,2,3,3,0
ELEC003587,2024-03-07,weekday,Hostel Block 1,14-16,1.408,4107.19,False,False,3,1.5113333333333332,0.9316277018085576,2,4,3,0
ELEC003588,2024-03-07,weekday,Hostel Block 1,16-18,1.295,4108.48,False,False,3,1.3070000000000002,0.9908186687069624,2,5,3,0
ELEC003589,2024-03-07,weekday,Hostel Block 1,18-20,1.096,4109.58,False,False,3,1.1770000000000005,0.931180968564146,2,6,3,0
ELEC003590,2024-03-07,weekday,Hostel Block 1,20-22,0.887,4110.47,False,False,3,0.9433333333333332,0.9402826855123676,2,7,3,0
ELEC003591,2024-03-07,weekday,Hostel Block 1,22-00,0.408,4110.88,False,False,3,0.384,1.0624999999999998,2,8,3,0
ELEC003592,2024-03-07,weekday,Hostel Block 2,06-08,0.508,3849.17,False,False,3,0.4873333333333334,1.042407660738714,3,0,3,0
ELEC003593,2024-03-07,weekday,Hostel Block 2,08-10,1.586,3850.76,False,False,3,1.54,1.0298701298701298,3,1,3,0
ELEC003594,2024-03-07,weekday,Hostel Block 2,10-12,1.873,3852.63,False,False,3,1.8673333333333333,1.003034630489111,3,2,3,0
ELEC003595,2024-03-07,weekday,Hostel Block 2,12-14,1.399,3854.03,False,False,3,1.6033333333333335,0.8725571725571725,3,3,3,0
ELEC003596,2024-03-07,weekday,Hostel Block 2,14-16,1.664,3855.69,False,False,3,3.187322462788687,0.522068293819294,3,4,3,0
ELEC003597,2024-03-07,weekday,Hostel Block 2,16-18,1.529,3857.22,False,False,3,1.3726666666666665,1.1138902379796018,3,5,3,0
ELEC003598,2024-03-07,weekday,Hostel Block 2,18-20,1.284,3858.5,False,False,3,1.1723333333333337,1.0952516349161214,3,6,3,0
ELEC003599,2024-03-07,weekday,Hostel Block 2,20-22,0.826,3859.33,False,False,3,0.9803333333333334,0.8425705542332539,3,7,3,0
ELEC003600,2024-03-07,weekday,Hostel Block 2,22-00,0.38,3859.71,False,False,3,0.4276666666666666,0.8885424785658613,3,8,3,0
ELEC003601,2024-03-07,weekday,Library,06-08,0.548,2279.8,False,False,3,0.6036666666666667,0.9077857537272226,5,0,3,0
ELEC003602,2024-03-07,weekday,Library,08-10,2.033,2281.83,False,False,3,1.855666666666667,1.0955631399317405,5,1,3,0
ELEC003603,2024-03-07,weekday,Library,10-12,2.128,2283.96,False,False,3,2.2596666666666674,0.9417318188523378,5,2,3,0
ELEC003604,2024-03-07,weekday,Library,12-14,2.017,2285.98,False,False,3,1.7949999999999997,1.1236768802228414,5,3,3,0
ELEC003605,2024-03-07,weekday,Library,14-16,1.707,2287.69,False,False,3,1.8903333333333332,0.9030153412096632,5,4,3,0
ELEC003606,2024-03-07,weekday,Library,16-18,1.738,2289.43,False,False,3,1.845666666666667,0.941665161639877,5,5,3,0
ELEC003607,2024-03-07,weekday,Library,18-20,1.424,2290.85,False,False,3,2.846597653560307,0.5002463197491116,5,6,3,1
ELEC003608,2024-03-07,weekday,Library,20-22,1.248,2292.1,False,False,3,1.2293333333333334,1.0151843817787418,5,7,3,0
ELEC003609,2024-03-07,weekday,Library,22-00,0.54,2292.64,False,False,3,0.5460000000000002,0.9890109890109888,5,8,3,0
ELEC003610,2024-03-07,weekday,Labs Complex,06-08,0.604,5059.62,False,False,3,0.5950000000000001,1.0151260504201678,4,0,3,0
ELEC003611,2024-03-07,weekday,Labs Complex,08-10,1.761,5061.38,False,False,3,1.7919999999999996,0.982700892857143,4,1,3,0
ELEC003612,2024-03-07,weekday,Labs Complex,10-12,2.481,5063.86,False,False,3,2.127333333333334,1.1662488248198053,4,2,3,0
ELEC003613,2024-03-07,weekday,Labs Complex,12-14,1.813,5065.67,False,False,3,1.977666666666667,0.9167368953311984,4,3,3,0
ELEC003614,2024-03-07,weekday,Labs Complex,14-16,1.945,5067.61,False,False,3,2.0820000000000007,0.934197886647454,4,4,3,0
ELEC003615,2024-03-07,weekday,Labs Complex,16-18,1.579,5069.19,False,False,3,1.5280000000000002,1.0333769633507852,4,5,3,0
ELEC003616,2024-03-07,weekday,Labs Complex,18-20,1.486,5070.68,False,False,3,1.4660000000000002,1.0136425648021827,4,6,3,0
ELEC003617,2024-03-07,weekday,Labs Complex,20-22,1.208,5071.89,False,False,3,1.2603333333333333,0.9584765934937848,4,7,3,0
ELEC003618,2024-03-07,weekday,Labs Complex,22-00,0.519,5072.41,False,False,3,0.496,1.0463709677419355,4,8,3,0
ELEC003619,2024-03-08,weekday,Academic Block A,06-08,0.899,2557.51,False,False,3,0.9103333333333334,0.9875503478579274,0,0,4,0
ELEC003620,2024-03-08,weekday,Academic Block A,08-10,2.871,2560.38,False,False,3,2.945,0.9748726655348048,0,1,4,0
ELEC003621,2024-03-08,weekday,Academic Block A,10-12,3.374,2563.75,False,False,3,3.091666666666667,1.0913207547169812,0,2,4,0
ELEC003622,2024-03-08,weekday,Academic Block A,12-14,3.022,2566.77,False,False,3,2.8616666666666664,1.0560279557367502,0,3,4,0
ELEC003623,2024-03-08,weekday,Academic Block A,14-16,2.849,2569.62,False,False,3,2.9003333333333337,0.9823008849557522,0,4,4,0
ELEC003624,2024-03-08,weekday,Academic Block A,16-18,2.825,2572.44,False,False,3,2.667666666666667,1.0589778832937649,0,5,4,0
ELEC003625,2024-03-08,weekday,Academic Block A,18-20,1.946,2574.39,False,False,3,2.1586666666666665,0.9014823965410748,0,6,4,0
ELEC003626,2024-03-08,weekday,Academic Block A,20-22,1.886,2576.28,False,False,3,1.7756666666666665,1.0621362868406234,0,7,4,0
ELEC003627,2024-03-08,weekday,Academic Block A,22-00,0.82,2577.1,False,False,3,0.7323333333333332,1.1197086936731908,0,8,4,0
ELEC003628,2024-03-08,weekday,Academic Block B,06-08,0.826,6058.56,False,False,3,0.8733333333333334,0.9458015267175572,1,0,4,0
ELEC003629,2024-03-08,weekday,Academic Block B,08-10,2.438,6061.0,False,False,3,2.670333333333333,0.912994632380477,1,1,4,0
ELEC003630,2024-03-08,weekday,Academic Block B,10-12,3.568,6064.57,False,False,3,3.33,1.0714714714714717,1,2,4,0
ELEC003631,2024-03-08,weekday,Academic Block B,12-14,2.462,6067.03,False,False,3,2.7870000000000004,0.8833871546465734,1,3,4,0
ELEC003632,2024-03-08,weekday,Academic Block B,14-16,3.169,6070.2,False,False,3,3.002333333333333,1.0555123792605752,1,4,4,0
ELEC003633,2024-03-08,weekday,Academic Block B,16-18,2.592,6072.79,False,False,3,2.561333333333333,1.0119729307652263,1,5,4,0
ELEC003634,2024-03-08,weekday,Academic Block B,18-20,2.4,6075.19,False,False,3,2.3300000000000005,1.0300429184549351,1,6,4,0
ELEC003635,2024-03-08,weekday,Academic Block B,20-22,1.587,6076.78,False,False,3,1.7869999999999997,0.8880805819809738,1,7,4,0
ELEC003636,2024-03-08,weekday,Academic Block B,22-00,0.711,6077.49,False,False,3,0.7113333333333333,0.999531396438613,1,8,4,0
ELEC003637,2024-03-08,weekday,Hostel Block 1,06-08,0.442,4111.32,False,False,3,0.4653333333333333,0.9498567335243552,2,0,4,0
ELEC003638,2024-03-08,weekday,Hostel Block 1,08-10,1.327,4112.65,False,False,3,1.3963333333333334,0.9503461446645975,2,1,4,0
ELEC003639,2024-03-08,weekday,Hostel Block 1,10-12,1.736,4114.39,False,False,3,1.782333333333333,0.9740041144567048,2,2,4,0
ELEC003640,2024-03-08,weekday,Hostel Block 1,12-14,1.548,4115.94,False,False,3,1.5123333333333333,1.0235838659907428,2,3,4,0
ELEC003641,2024-03-08,weekday,Hostel Block 1,14-16,1.447,4117.39,False,False,3,1.5046666666666664,0.9616747895436424,2,4,4,0
ELEC003642,2024-03-08,weekday,Hostel Block 1,16-18,1.304,4118.69,False,False,3,1.293,1.008507347254447,2,5,4,0
ELEC003643,2024-03-08,weekday,Hostel Block 1,18-20,1.217,4119.91,False,False,3,1.124666666666667,1.0820983995257851,2,6,4,0
ELEC003644,2024-03-08,weekday,Hostel Block 1,20-22,0.839,4120.75,False,False,3,0.905,0.92707182320442,2,7,4,0
ELEC003645,2024-03-08,weekday,Hostel Block 1,22-00,0.343,4121.09,False,False,3,0.375,0.9146666666666668,2,8,4,0
ELEC003646,2024-03-08,weekday,Hostel Block 2,06-08,0.501,3860.21,False,False,3,0.4913333333333334,1.019674355495251,3,0,4,0
ELEC003647,2024-03-08,weekday,Hostel Block 2,08-10,1.397,3861.61,False,False,3,1.54,0.9071428571428573,3,1,4,0
ELEC003648,2024-03-08,weekday,Hostel Block 2,10-12,1.8,3863.41,False,False,3,1.838666666666667,0.9789702683103698,3,2,4,0
ELEC003649,2024-03-08,weekday,Hostel Block 2,12-14,1.676,3635.895,False,False,3,1.5843333333333334,1.0578581948243213,3,3,4,0
ELEC003650,2024-03-08,weekday,Hostel Block 2,14-16,1.392,3866.48,False,False,3,1.4896666666666665,0.9344372342805998,3,4,4,0
ELEC003651,2024-03-08,weekday,Hostel Block 2,16-18,1.431,3867.91,False,False,3,1.395333333333333,1.0255613951266125,3,5,4,0
ELEC003652,2024-03-08,weekday,Hostel Block 2,18-20,1.234,3869.14,False,False,3,1.1880000000000004,1.0387205387205385,3,6,4,0
ELEC003653,2024-03-08,weekday,Hostel Block 2,20-22,0.912,3870.05,False,False,3,0.9423333333333336,0.9678103997170144,3,7,4,0
ELEC003654,2024-03-08,weekday,Hostel Block 2,22-00,0.404,3870.45,False,False,3,0.414,0.9758454106280194,3,8,4,0
ELEC003655,2024-03-08,weekday,Library,06-08,0.613,2293.25,False,False,3,0.5896666666666667,1.0395703787450536,5,0,4,0
ELEC003656,2024-03-08,weekday,Library,08-10,1.882,2295.13,False,False,3,1.872,1.0053418803418803,5,1,4,0
ELEC003657,2024-03-08,weekday,Library,10-12,2.055,2297.18,False,False,3,2.1796666666666678,0.9428047102003364,5,2,4,0
ELEC003658,2024-03-08,weekday,Library,12-14,2.036,2299.22,False,False,3,1.8906666666666665,1.0768688293370947,5,3,4,0
ELEC003659,2024-03-08,weekday,Library,14-16,1.827,2301.05,False,False,3,1.874,0.9749199573105656,5,4,4,0
ELEC003660,2024-03-08,weekday,Library,16-18,1.467,2302.52,False,False,3,1.7140000000000004,0.8558926487747957,5,5,4,0
ELEC003661,2024-03-08,weekday,Library,18-20,1.698,2304.22,False,False,3,1.5006666666666668,1.1314971123944912,5,6,4,0
ELEC003662,2024-03-08,weekday,Library,20-22,1.358,2305.58,False,False,3,1.2863333333333336,1.055713915522156,5,7,4,0
ELEC003663,2024-03-08,weekday,Library,22-00,0.562,2306.14,False,False,3,0.5493333333333336,1.023058252427184,5,8,4,0
ELEC003664,2024-03-08,weekday,Labs Complex,06-08,0.546,5072.96,False,False,3,0.5973333333333334,0.9140625,4,0,4,0
ELEC003665,2024-03-08,weekday,Labs Complex,08-10,1.598,5074.56,False,False,3,1.7089999999999996,0.935049736688122,4,1,4,0
ELEC003666,2024-03-08,weekday,Labs Complex,10-12,1.942,5076.5,False,False,3,2.128000000000001,0.9125939849624056,4,2,4,0
ELEC003667,2024-03-08,weekday,Labs Complex,12-14,1.71,5078.21,False,False,3,1.8696666666666664,0.9146015332501336,4,3,4,0
ELEC003668,2024-03-08,weekday,Labs Complex,14-16,2.047,5080.26,False,False,3,2.0286666666666675,1.009037134406835,4,4,4,0
ELEC003669,2024-03-08,weekday,Labs Complex,16-18,1.593,5081.85,False,False,3,1.5603333333333336,1.020935697500534,4,5,4,0
ELEC003670,2024-03-08,weekday,Labs Complex,18-20,1.308,5083.16,False,False,3,1.47,0.889795918367347,4,6,4,0
ELEC003671,2024-03-08,weekday,Labs Complex,20-22,1.143,5084.3,False,False,3,1.209666666666667,0.9448883990079912,4,7,4,0
ELEC003672,2024-03-08,weekday,Labs Complex,22-00,0.492,5084.79,False,False,3,0.4806666666666666,1.0235783633841886,4,8,4,0
ELEC003673,2024-03-09,saturday,Academic Block A,06-08,0.583,2577.68,False,False,3,0.8286666666666669,0.7035398230088493,0,0,5,0
ELEC003674,2024-03-09,saturday,Academic Block A,08-10,1.797,2579.48,False,False,3,2.521333333333333,0.7127181385510312,0,1,5,0
ELEC003675,2024-03-09,saturday,Academic Block A,10-12,2.266,2581.75,False,False,3,2.9043333333333337,0.7802134741191322,0,2,5,0
ELEC003676,2024-03-09,saturday,Academic Block A,12-14,2.051,2583.8,False,False,3,2.7,0.7596296296296298,0,3,5,0
ELEC003677,2024-03-09,saturday,Academic Block A,14-16,1.964,2585.76,False,False,3,2.474,0.7938561034761521,0,4,5,0
ELEC003678,2024-03-09,saturday,Academic Block A,16-18,1.643,2587.4,False,False,3,2.3926666666666665,0.6866815268877126,0,5,5,0
ELEC003679,2024-03-09,saturday,Academic Block A,18-20,1.384,2588.78,False,False,3,1.8303333333333327,0.756146421416864,0,6,5,0
ELEC003680,2024-03-09,saturday,Academic Block A,20-22,1.124,2589.9,False,False,3,1.6323333333333327,0.6885848478660408,0,7,5,0
ELEC003681,2024-03-09,saturday,Academic Block A,22-00,0.562,2590.46,False,False,3,0.7059999999999998,0.7960339943342779,0,8,5,0
ELEC003682,2024-03-09,saturday,Academic Block B,06-08,0.646,6078.14,False,False,3,0.767,0.8422425032594524,1,0,5,0
ELEC003683,2024-03-09,saturday,Academic Block B,08-10,1.649,6079.79,False,False,3,2.268333333333333,0.7269654665686995,1,1,5,0
ELEC003684,2024-03-09,saturday,Academic Block B,10-12,2.236,6082.03,False,False,3,3.112333333333334,0.7184320445539252,1,2,5,0
ELEC003685,2024-03-09,saturday,Academic Block B,12-14,2.104,6084.13,False,False,3,2.4036666666666666,0.8753293579253918,1,3,5,0
ELEC003686,2024-03-09,saturday,Academic Block B,14-16,2.281,6086.41,False,False,3,2.9026666666666667,0.7858291226458429,1,4,5,0
ELEC003687,2024-03-09,saturday,Academic Block B,16-18,2.037,5630.25,False,False,3,2.438333333333333,0.8354066985645934,1,5,5,0
ELEC003688,2024-03-09,saturday,Academic Block B,18-20,1.557,5630.25,False,False,3,2.1690000000000005,0.7178423236514521,1,6,5,0
ELEC003689,2024-03-09,saturday,Academic Block B,20-22,1.251,6091.26,False,False,3,1.6176666666666666,0.7733360807747784,1,7,5,0
ELEC003690,2024-03-09,saturday,Academic Block B,22-00,0.597,6091.86,False,False,3,0.6869999999999999,0.868995633187773,1,8,5,0
ELEC003691,2024-03-09,saturday,Hostel Block 1,06-08,0.38,4121.47,False,False,3,0.4166666666666667,0.912,2,0,5,0
ELEC003692,2024-03-09,saturday,Hostel Block 1,08-10,0.884,4122.35,False,False,3,1.1576666666666668,0.763604952490642,2,1,5,0
ELEC003693,2024-03-09,saturday,Hostel Block 1,10-12,1.25,4123.6,False,False,3,1.6126666666666665,0.7751136833402233,2,2,5,0
ELEC003694,2024-03-09,saturday,Hostel Block 1,12-14,1.165,4124.77,False,False,3,1.373,0.8485069191551348,2,3,5,0
ELEC003695,2024-03-09,saturday,Hostel Block 1,14-16,1.263,4126.03,False,False,3,1.3726666666666665,0.9201068479844584,2,4,5,0
ELEC003696,2024-03-09,saturday,Hostel Block 1,16-18,0.931,4126.96,False,False,3,1.1766666666666667,0.7912181303116147,2,5,5,0
ELEC003697,2024-03-09,saturday,Hostel Block 1,18-20,0.718,4127.68,False,False,3,1.0103333333333335,0.7106565489937313,2,6,5,0
ELEC003698,2024-03-09,saturday,Hostel Block 1,20-22,0.665,4128.35,False,False,3,0.797,0.8343789209535759,2,7,5,0
ELEC003699,2024-03-09,saturday,Hostel Block 1,22-00,0.261,4128.61,False,False,3,0.3373333333333333,0.7737154150197629,2,8,5,0
ELEC003700,2024-03-09,saturday,Hostel Block 2,06-08,0.309,3870.76,False,False,3,0.4393333333333333,0.7033383915022762,3,0,5,0
ELEC003701,2024-03-09,saturday,Hostel Block 2,08-10,1.092,3871.85,False,False,3,1.3583333333333334,0.8039263803680982,3,1,5,0
ELEC003702,2024-03-09,saturday,Hostel Block 2,10-12,1.088,3872.94,False,False,3,1.587,0.6855702583490864,3,2,5,0
ELEC003703,2024-03-09,saturday,Hostel Block 2,12-14,1.052,3873.99,False,False,3,1.3756666666666666,0.7647201356917859,3,3,5,0
ELEC003704,2024-03-09,saturday,Hostel Block 2,14-16,1.009,3875.0,False,False,3,1.3549999999999995,0.7446494464944651,3,4,5,0
ELEC003705,2024-03-09,saturday,Hostel Block 2,16-18,1.028,3876.03,False,False,3,1.3293333333333337,0.7733199598796389,3,5,5,0
ELEC003706,2024-03-09,saturday,Hostel Block 2,18-20,0.931,3876.96,False,False,3,1.1496666666666668,0.8097999420121774,3,6,5,0
ELEC003707,2024-03-09,saturday,Hostel Block 2,20-22,0.687,3877.65,False,False,3,0.8083333333333336,0.8498969072164947,3,7,5,0
ELEC003708,2024-03-09,saturday,Hostel Block 2,22-00,0.317,3877.97,False,False,3,0.367,0.8637602179836512,3,8,5,0
ELEC003709,2024-03-09,saturday,Library,06-08,0.383,2306.52,False,False,3,0.5146666666666667,0.7441709844559585,5,0,5,0
ELEC003710,2024-03-09,saturday,Library,08-10,1.116,2307.64,False,False,3,1.6770000000000005,0.665474060822898,5,1,5,0
ELEC003711,2024-03-09,saturday,Library,10-12,1.382,2309.02,False,False,3,1.8550000000000009,0.7450134770889485,5,2,5,0
ELEC003712,2024-03-09,saturday,Library,12-14,1.299,2310.32,False,False,3,1.7839999999999996,0.7281390134529149,5,3,5,0
ELEC003713,2024-03-09,saturday,Library,14-16,1.224,2311.54,False,False,3,1.586,0.7717528373266078,5,4,5,0
ELEC003714,2024-03-09,saturday,Library,16-18,1.09,2312.63,False,False,3,1.4316666666666669,0.7613504074505238,5,5,5,0
ELEC003715,2024-03-09,saturday,Library,18-20,0.904,2313.53,False,False,3,1.3420000000000003,0.6736214605067062,5,6,5,0
ELEC003716,2024-03-09,saturday,Library,20-22,0.783,2314.31,False,False,3,1.1296666666666668,0.693124815579817,5,7,5,0
ELEC003717,2024-03-09,saturday,Library,22-00,0.398,2314.71,False,False,3,0.5000000000000001,0.7959999999999998,5,8,5,0
ELEC003718,2024-03-09,saturday,Labs Complex,06-08,0.405,5085.19,False,False,3,0.5183333333333333,0.7813504823151126,4,0,5,0
ELEC003719,2024-03-09,saturday,Labs Complex,08-10,1.27,5086.46,False,False,3,1.543,0.8230719377835386,4,1,5,0
ELEC003720,2024-03-09,saturday,Labs Complex,10-12,1.571,5088.03,False,False,3,1.9980000000000004,0.786286286286286,4,2,5,0
ELEC003721,2024-03-09,saturday,Labs Complex,12-14,1.486,5089.52,False,False,3,1.6696666666666669,0.8899980035935315,4,3,5,0
ELEC003722,2024-03-09,saturday,Labs Complex,14-16,1.604,5091.12,False,False,3,1.8653333333333344,0.8598999285203713,4,4,5,0
ELEC003723,2024-03-09,saturday,Labs Complex,16-18,1.241,5092.36,False,False,3,1.4710000000000003,0.8436437797416723,4,5,5,0
ELEC003724,2024-03-09,saturday,Labs Complex,18-20,0.957,5093.32,False,False,3,1.2503333333333335,0.7653958944281524,4,6,5,0
ELEC003725,2024-03-09,saturday,Labs Complex,20-22,0.878,5094.2,False,False,3,1.0763333333333334,0.8157324248993496,4,7,5,0
ELEC003726,2024-03-09,saturday,Labs Complex,22-00,0.379,5094.58,False,False,3,0.4633333333333333,0.8179856115107914,4,8,5,0
ELEC003727,2024-03-10,weekend,Academic Block A,06-08,0.353,2590.81,False,False,3,0.6116666666666668,0.5771117166212533,0,0,6,0
ELEC003728,2024-03-10,weekend,Academic Block A,08-10,1.068,2591.88,False,False,3,1.912,0.5585774058577406,0,1,6,0
ELEC003729,2024-03-10,weekend,Academic Block A,10-12,1.311,2593.19,False,False,3,2.317,0.5658178679326716,0,2,6,0
ELEC003730,2024-03-10,weekend,Academic Block A,12-14,1.261,2594.45,False,False,3,2.111333333333333,0.5972529207451848,0,3,6,0
ELEC003731,2024-03-10,weekend,Academic Block A,14-16,1.293,2595.74,False,False,3,2.035333333333333,0.6352767769407142,0,4,6,0
ELEC003732,2024-03-10,weekend,Academic Block A,16-18,0.981,2596.72,False,False,3,1.8163333333333331,0.5400991007524316,0,5,6,0
ELEC003733,2024-03-10,weekend,Academic Block A,18-20,0.817,2597.54,False,False,3,1.3823333333333334,0.5910296599951772,0,6,6,0
ELEC003734,2024-03-10,weekend,Academic Block A,20-22,0.684,2598.22,False,False,3,1.2313333333333332,0.5554953979426097,0,7,6,0
ELEC003735,2024-03-10,weekend,Academic Block A,22-00,0.343,2598.56,False,False,3,0.5749999999999998,0.5965217391304349,0,8,6,0
ELEC003736,2024-03-10,weekend,Academic Block B,06-08,0.379,6092.24,False,False,3,0.617,0.6142625607779578,1,0,6,0
ELEC003737,2024-03-10,weekend,Academic Block B,08-10,1.107,6093.35,False,False,3,1.7313333333333334,0.6393916056988833,1,1,6,0
ELEC003738,2024-03-10,weekend,Academic Block B,10-12,1.24,6094.59,False,False,3,2.3480000000000003,0.5281090289608177,1,2,6,0
ELEC003739,2024-03-10,weekend,Academic Block B,12-14,1.178,6095.77,False,False,3,1.9146666666666672,0.6152506963788299,1,3,6,0
ELEC003740,2024-03-10,weekend,Academic Block B,14-16,1.241,6097.01,False,False,3,2.2303333333333333,0.5564190703930654,1,4,6,0
ELEC003741,2024-03-10,weekend,Academic Block B,16-18,0.953,6097.96,False,False,3,1.8606666666666667,0.5121820136151917,1,5,6,0
ELEC003742,2024-03-10,weekend,Academic Block B,18-20,0.858,6098.82,False,False,3,1.6050000000000004,0.5345794392523363,1,6,6,0
ELEC003743,2024-03-10,weekend,Academic Block B,20-22,0.748,6099.57,False,False,3,1.195333333333333,0.6257668711656444,1,7,6,0
ELEC003744,2024-03-10,weekend,Academic Block B,22-00,0.294,6099.86,False,False,3,0.5339999999999999,0.550561797752809,1,8,6,0
ELEC003745,2024-03-10,weekend,Hostel Block 1,06-08,0.194,4128.8,False,False,3,0.3386666666666666,0.5728346456692913,2,0,6,0
ELEC003746,2024-03-10,weekend,Hostel Block 1,08-10,0.569,4129.37,False,False,3,0.9266666666666667,0.6140287769784172,2,1,6,0
ELEC003747,2024-03-10,weekend,Hostel Block 1,10-12,0.764,4130.13,False,False,3,1.2499999999999998,0.6112000000000001,2,2,6,0
ELEC003748,2024-03-10,weekend,Hostel Block 1,12-14,0.626,4130.76,False,False,3,1.113,0.5624438454627134,2,3,6,0
ELEC003749,2024-03-10,weekend,Hostel Block 1,14-16,0.585,4131.35,False,False,3,1.0983333333333332,0.5326251896813354,2,4,6,0
ELEC003750,2024-03-10,weekend,Hostel Block 1,16-18,0.502,4131.85,False,False,3,0.9123333333333332,0.5502374862988674,2,5,6,0
ELEC003751,2024-03-10,weekend,Hostel Block 1,18-20,0.442,4132.29,False,False,3,0.7923333333333336,0.5578460244005047,2,6,6,0
ELEC003752,2024-03-10,weekend,Hostel Block 1,20-22,0.328,4132.62,False,False,3,0.6106666666666666,0.5371179039301311,2,7,6,0
ELEC003753,2024-03-10,weekend,Hostel Block 1,22-00,0.145,4132.77,False,False,3,0.2496666666666667,0.5807743658210947,2,8,6,0
ELEC003754,2024-03-10,weekend,Hostel Block 2,06-08,0.219,3878.19,False,False,3,0.343,0.6384839650145772,3,0,6,0
ELEC003755,2024-03-10,weekend,Hostel Block 2,08-10,0.648,3878.84,False,False,3,1.0456666666666667,0.6197003506534906,3,1,6,0
ELEC003756,2024-03-10,weekend,Hostel Block 2,10-12,0.611,3879.45,False,False,3,1.1663333333333334,0.5238639611317518,3,2,6,0
ELEC003757,2024-03-10,weekend,Hostel Block 2,12-14,0.55,3880.0,False,False,3,1.092666666666667,0.5033557046979866,3,3,6,0
ELEC003758,2024-03-10,weekend,Hostel Block 2,14-16,0.729,3880.73,False,False,3,1.043333333333333,0.6987220447284347,3,4,6,0
ELEC003759,2024-03-10,weekend,Hostel Block 2,16-18,0.567,3881.3,False,False,3,1.0086666666666668,0.5621282220753469,3,5,6,0
ELEC003760,2024-03-10,weekend,Hostel Block 2,18-20,0.412,3881.71,False,False,3,0.8590000000000004,0.4796274738067517,3,6,6,0
ELEC003761,2024-03-10,weekend,Hostel Block 2,20-22,0.413,3882.12,False,False,3,0.6706666666666669,0.6158051689860833,3,7,6,0
ELEC003762,2024-03-10,weekend,Hostel Block 2,22-00,0.165,3882.28,False,False,3,0.2953333333333333,0.5586907449209932,3,8,6,0
ELEC003763,2024-03-10,weekend,Library,06-08,0.21,2314.92,False,False,3,0.4019999999999999,0.5223880597014926,5,0,6,1
ELEC003764,2024-03-10,weekend,Library,08-10,0.716,2315.64,False,False,3,1.2380000000000002,0.578352180936995,5,1,6,0
ELEC003765,2024-03-10,weekend,Library,10-12,0.941,2316.58,False,False,3,1.4593333333333336,0.6448149840109637,5,2,6,0
ELEC003766,2024-03-10,weekend,Library,12-14,0.744,2317.32,False,False,3,1.3596666666666664,0.5471929394459427,5,3,6,0
ELEC003767,2024-03-10,weekend,Library,14-16,0.781,2318.1,False,False,3,1.2773333333333334,0.6114300626304802,5,4,6,0
ELEC003768,2024-03-10,weekend,Library,16-18,0.707,2318.81,False,False,3,1.0880000000000003,0.649816176470588,5,5,6,0
ELEC003769,2024-03-10,weekend,Library,18-20,0.594,2319.4,False,False,3,1.0653333333333337,0.5575719649561951,5,6,6,0
ELEC003770,2024-03-10,weekend,Library,20-22,0.514,2319.91,False,False,3,0.8850000000000001,0.5807909604519773,5,7,6,0
ELEC003771,2024-03-10,weekend,Library,22-00,0.212,2320.12,False,False,3,0.3906666666666668,0.5426621160409555,5,8,6,0
ELEC003772,2024-03-10,weekend,Labs Complex,06-08,0.273,5094.85,False,False,3,0.4080000000000001,0.6691176470588235,4,0,6,0
ELEC003773,2024-03-10,weekend,Labs Complex,08-10,0.612,5095.46,False,False,3,1.1599999999999997,0.5275862068965519,4,1,6,0
ELEC003774,2024-03-10,weekend,Labs Complex,10-12,0.944,5096.4,False,False,3,1.485666666666667,0.6354049809288758,4,2,6,0
ELEC003775,2024-03-10,weekend,Labs Complex,12-14,0.757,5097.16,False,False,3,1.3176666666666668,0.574500379458639,4,3,6,0
ELEC003776,2024-03-10,weekend,Labs Complex,14-16,0.681,5097.84,False,False,3,1.4440000000000008,0.4716066481994457,4,4,6,0
ELEC003777,2024-03-10,weekend,Labs Complex,16-18,0.769,5098.61,False,False,3,1.2010000000000003,0.6402997502081598,4,5,6,0
ELEC003778,2024-03-10,weekend,Labs Complex,18-20,0.595,5099.2,False,False,3,0.9533333333333336,0.6241258741258741,4,6,6,0
ELEC003779,2024-03-10,weekend,Labs Complex,20-22,0.466,4798.735,False,False,3,0.8289999999999998,0.5621230398069965,4,7,6,0
ELEC003780,2024-03-10,weekend,Labs Complex,22-00,0.18,5099.85,False,False,3,0.3503333333333333,0.5137963843958135,4,8,6,0
ELEC003781,2024-03-11,weekday,Academic Block A,06-08,0.861,2599.42,False,False,3,0.5990000000000001,1.4373956594323871,0,0,0,0
ELEC003782,2024-03-11,weekday,Academic Block A,08-10,2.511,2601.93,False,False,3,1.7919999999999998,1.4012276785714288,0,1,0,0
ELEC003783,2024-03-11,weekday,Academic Block A,10-12,3.231,2605.16,False,False,3,2.269333333333333,1.4237661574618097,0,2,0,0
ELEC003784,2024-03-11,weekday,Academic Block A,12-14,3.025,2608.18,False,False,3,2.1123333333333334,1.432065646204829,0,3,0,0
ELEC003785,2024-03-11,weekday,Academic Block A,14-16,3.065,2611.24,False,False,3,2.107333333333333,1.4544447959506488,0,4,0,0
ELEC003786,2024-03-11,weekday,Academic Block A,16-18,2.65,2613.89,False,False,3,1.758,1.5073947667804322,0,5,0,0
ELEC003787,2024-03-11,weekday,Academic Block A,18-20,2.168,2616.06,False,False,3,1.4563333333333333,1.4886701762417032,0,6,0,0
ELEC003788,2024-03-11,weekday,Academic Block A,20-22,2.064,2618.12,False,False,3,1.2906666666666664,1.5991735537190086,0,7,0,0
ELEC003789,2024-03-11,weekday,Academic Block A,22-00,0.73,2618.85,False,False,3,0.5449999999999999,1.339449541284404,0,8,0,0
ELEC003790,2024-03-11,weekday,Academic Block B,06-08,0.916,6100.78,False,False,3,0.6469999999999999,1.4157650695517776,1,0,0,0
ELEC003791,2024-03-11,weekday,Academic Block B,08-10,2.618,6103.4,False,False,3,1.7913333333333332,1.4614812058057314,1,1,0,0
ELEC003792,2024-03-11,weekday,Academic Block B,10-12,3.222,6106.62,False,False,3,2.232666666666667,1.4431173484622275,1,2,0,0
ELEC003793,2024-03-11,weekday,Academic Block B,12-14,3.16,5630.25,False,False,3,2.147333333333333,1.4715926730828934,1,3,0,0
ELEC003794,2024-03-11,weekday,Academic Block B,14-16,2.932,6112.71,False,False,3,2.151333333333333,1.3628757359776884,1,4,0,0
ELEC003795,2024-03-11,weekday,Academic Block B,16-18,2.25,6114.96,False,False,3,1.7466666666666664,1.288167938931298,1,5,0,0
ELEC003796,2024-03-11,weekday,Academic Block B,18-20,2.145,6117.11,False,False,3,1.520000000000001,1.4111842105263153,1,6,0,0
ELEC003797,2024-03-11,weekday,Academic Block B,20-22,1.926,6119.04,False,False,3,1.308333333333333,1.472101910828026,1,7,0,0
ELEC003798,2024-03-11,weekday,Academic Block B,22-00,0.813,6119.85,False,False,3,0.568,1.431338028169014,1,8,0,0
ELEC003799,2024-03-11,weekday,Hostel Block 1,06-08,0.523,4133.29,False,False,3,0.3656666666666666,1.4302643573381952,2,0,0,0
ELEC003800,2024-03-11,weekday,Hostel Block 1,08-10,1.589,4134.88,False,False,3,1.014,1.5670611439842208,2,1,0,0
ELEC003801,2024-03-11,weekday,Hostel Block 1,10-12,1.87,4136.75,False,False,3,1.2946666666666664,1.4443872296601443,2,2,0,0
ELEC003802,2024-03-11,weekday,Hostel Block 1,12-14,1.628,4138.38,False,False,3,1.1396666666666666,1.428487861947938,2,3,0,0
ELEC003803,2024-03-11,weekday,Hostel Block 1,14-16,1.605,4139.98,False,False,3,1.1509999999999998,1.3944396177237188,2,4,0,0
ELEC003804,2024-03-11,weekday,Hostel Block 1,16-18,1.165,4141.14,False,False,3,0.866,1.3452655889145495,2,5,0,0
ELEC003805,2024-03-11,weekday,Hostel Block 1,18-20,1.185,4142.33,False,False,3,0.7816666666666668,1.5159914712153515,2,6,0,0
ELEC003806,2024-03-11,weekday,Hostel Block 1,20-22,0.876,4143.21,False,False,3,0.6229999999999999,1.4060995184590692,2,7,0,0
ELEC003807,2024-03-11,weekday,Hostel Block 1,22-00,0.407,4143.62,False,False,3,0.271,1.5018450184501844,2,8,0,0
ELEC003808,2024-03-11,weekday,Hostel Block 2,06-08,0.548,3882.83,False,False,3,0.3586666666666667,1.5278810408921932,3,0,0,0
ELEC003809,2024-03-11,weekday,Hostel Block 2,08-10,1.325,3884.15,False,False,3,1.0216666666666667,1.296900489396411,3,1,0,0
ELEC003810,2024-03-11,weekday,Hostel Block 2,10-12,1.818,3885.97,False,False,3,1.1723333333333334,1.5507534830821723,3,2,0,0
ELEC003811,2024-03-11,weekday,Hostel Block 2,12-14,1.36,3887.33,False,False,3,0.9873333333333334,1.3774476704929102,3,3,0,0
ELEC003812,2024-03-11,weekday,Hostel Block 2,14-16,1.835,3889.16,False,False,3,1.1909999999999996,1.5407220822837957,3,4,0,0
ELEC003813,2024-03-11,weekday,Hostel Block 2,16-18,1.524,3890.68,False,False,3,1.0396666666666663,1.4658544405258098,3,5,0,0
ELEC003814,2024-03-11,weekday,Hostel Block 2,18-20,1.311,3891.99,False,False,3,0.8846666666666669,1.4819140919366989,3,6,0,0
ELEC003815,2024-03-11,weekday,Hostel Block 2,20-22,0.917,3892.91,False,False,3,0.6723333333333334,1.363906792265741,3,7,0,0
ELEC003816,2024-03-11,weekday,Hostel Block 2,22-00,0.366,3893.28,False,False,3,0.2826666666666667,1.294811320754717,3,8,0,0
ELEC003817,2024-03-11,weekday,Library,06-08,0.678,2320.8,False,False,3,0.4236666666666666,1.6003147128245478,5,0,0,0
ELEC003818,2024-03-11,weekday,Library,08-10,1.556,2322.36,False,False,3,1.1293333333333335,1.3778040141676504,5,1,0,0
ELEC003819,2024-03-11,weekday,Library,10-12,2.389,2324.75,False,False,3,1.570666666666667,1.521010186757215,5,2,0,0
ELEC003820,2024-03-11,weekday,Library,12-14,2.174,2326.92,False,False,3,1.4056666666666662,1.5465971069480675,5,3,0,0
ELEC003821,2024-03-11,weekday,Library,14-16,2.165,2329.09,False,False,3,1.39,1.5575539568345325,5,4,0,0
ELEC003822,2024-03-11,weekday,Library,16-18,1.77,2330.86,False,False,3,1.1890000000000005,1.4886459209419678,5,5,0,0
ELEC003823,2024-03-11,weekday,Library,18-20,1.687,2332.55,False,False,3,1.061666666666667,1.5890109890109887,5,6,0,0
ELEC003824,2024-03-11,weekday,Library,20-22,1.285,2333.84,False,False,3,0.8606666666666666,1.4930286599535243,5,7,0,0
ELEC003825,2024-03-11,weekday,Library,22-00,0.448,2334.29,False,False,3,0.3526666666666667,1.2703213610586008,5,8,0,0
ELEC003826,2024-03-11,weekday,Labs Complex,06-08,0.582,5100.43,False,False,3,0.42,1.3857142857142857,4,0,0,0
ELEC003827,2024-03-11,weekday,Labs Complex,08-10,1.571,5102.0,False,False,3,1.1509999999999996,1.3649000868809735,4,1,0,0
ELEC003828,2024-03-11,weekday,Labs Complex,10-12,2.215,5104.22,False,False,3,1.5766666666666669,1.4048625792811835,4,2,0,0
ELEC003829,2024-03-11,weekday,Labs Complex,12-14,1.681,5105.9,False,False,3,1.308,1.2851681957186545,4,3,0,0
ELEC003830,2024-03-11,weekday,Labs Complex,14-16,2.007,5107.91,False,False,3,1.430666666666668,1.4028424976700828,4,4,0,0
ELEC003831,2024-03-11,weekday,Labs Complex,16-18,1.618,5109.53,False,False,3,1.2093333333333336,1.3379272326350604,4,5,0,0
ELEC003832,2024-03-11,weekday,Labs Complex,18-20,1.711,5111.24,False,False,3,1.0876666666666666,1.5730922463990196,4,6,0,0
ELEC003833,2024-03-11,weekday,Labs Complex,20-22,1.294,5112.53,False,False,3,0.8793333333333333,1.4715693707354056,4,7,0,0
ELEC003834,2024-03-11,weekday,Labs Complex,22-00,0.475,5113.01,False,False,3,0.3446666666666667,1.3781431334622822,4,8,0,0
ELEC003835,2024-03-12,weekday,Academic Block A,06-08,0.989,2619.84,False,False,3,0.7343333333333334,1.3467998184294143,0,0,1,0
ELEC003836,2024-03-12,weekday,Academic Block A,08-10,2.534,2622.37,False,False,3,2.0376666666666665,1.2435792573204645,0,1,1,0
ELEC003837,2024-03-12,weekday,Academic Block A,10-12,3.646,2626.02,False,False,3,2.729333333333333,1.3358573522227652,0,2,1,0
ELEC003838,2024-03-12,weekday,Academic Block A,12-14,2.514,2628.53,False,False,3,2.266666666666666,1.1091176470588238,0,3,1,0
ELEC003839,2024-03-12,weekday,Academic Block A,14-16,3.056,2631.59,False,False,3,2.4713333333333334,1.236579444294578,0,4,1,0
ELEC003840,2024-03-12,weekday,Academic Block A,16-18,2.826,2634.42,False,False,3,2.152333333333333,1.312993650301998,0,5,1,0
ELEC003841,2024-03-12,weekday,Academic Block A,18-20,1.989,2636.41,False,False,3,1.658,1.1996381182147164,0,6,1,0
ELEC003842,2024-03-12,weekday,Academic Block A,20-22,1.624,2638.03,False,False,3,1.4573333333333334,1.1143641354071363,0,7,1,0
ELEC003843,2024-03-12,weekday,Academic Block A,22-00,0.797,2638.83,False,False,3,0.6233333333333332,1.2786096256684496,0,8,1,0
ELEC003844,2024-03-12,weekday,Academic Block B,06-08,0.896,6120.75,False,False,3,0.7303333333333333,1.2268370607028756,1,0,1,0
ELEC003845,2024-03-12,weekday,Academic Block B,08-10,2.452,6123.2,False,False,3,2.059,1.1908693540553668,1,1,1,0
ELEC003846,2024-03-12,weekday,Academic Block B,10-12,2.933,6126.13,False,False,3,2.465,1.1898580121703854,1,2,1,0
ELEC003847,2024-03-12,weekday,Academic Block B,12-14,2.859,6128.99,False,False,3,2.3990000000000005,1.191746561067111,1,3,1,0
ELEC003848,2024-03-12,weekday,Academic Block B,14-16,3.194,6132.18,False,False,3,2.4556666666666667,1.3006651282747388,1,4,1,0
ELEC003849,2024-03-12,weekday,Academic Block B,16-18,2.645,6134.83,False,False,3,1.949333333333333,1.3568741450068402,1,5,1,0
ELEC003850,2024-03-12,weekday,Academic Block B,18-20,2.11,6136.94,False,False,3,1.7043333333333337,1.2380207314688048,1,6,1,0
ELEC003851,2024-03-12,weekday,Academic Block B,20-22,2.01,6138.95,False,False,3,1.561333333333333,1.2873612297181898,1,7,1,0
ELEC003852,2024-03-12,weekday,Academic Block B,22-00,0.723,6139.67,False,False,3,0.6099999999999999,1.1852459016393444,1,8,1,0
ELEC003853,2024-03-12,weekday,Hostel Block 1,06-08,0.509,4144.13,False,False,3,0.4086666666666667,1.2455138662316476,2,0,1,0
ELEC003854,2024-03-12,weekday,Hostel Block 1,08-10,1.57,4145.7,False,False,3,1.2426666666666668,1.263412017167382,2,1,1,0
ELEC003855,2024-03-12,weekday,Hostel Block 1,10-12,1.536,4147.24,False,False,3,1.39,1.1050359712230218,2,2,1,0
ELEC003856,2024-03-12,weekday,Hostel Block 1,12-14,1.492,4148.73,False,False,3,1.2486666666666666,1.194874532835024,2,3,1,0
ELEC003857,2024-03-12,weekday,Hostel Block 1,14-16,1.705,4150.43,False,False,3,1.2983333333333331,1.313222079589217,2,4,1,0
ELEC003858,2024-03-12,weekday,Hostel Block 1,16-18,1.258,4151.69,False,False,3,0.975,1.2902564102564102,2,5,1,0
ELEC003859,2024-03-12,weekday,Hostel Block 1,18-20,1.352,4153.04,False,False,3,0.9930000000000004,1.3615307150050349,2,6,1,0
ELEC003860,2024-03-12,weekday,Hostel Block 1,20-22,1.066,4154.11,False,False,3,0.7566666666666667,1.4088105726872246,2,7,1,0
ELEC003861,2024-03-12,weekday,Hostel Block 1,22-00,0.425,4154.53,False,False,3,0.3256666666666667,1.3050153531218012,2,8,1,0
ELEC003862,2024-03-12,weekday,Hostel Block 2,06-08,0.421,3893.7,False,False,3,0.3960000000000001,1.063131313131313,3,0,1,0
ELEC003863,2024-03-12,weekday,Hostel Block 2,08-10,1.405,3895.11,False,False,3,1.126,1.2477797513321491,3,1,1,0
ELEC003864,2024-03-12,weekday,Hostel Block 2,10-12,1.91,3897.02,False,False,3,1.4463333333333337,1.320580778981332,3,2,1,0
ELEC003865,2024-03-12,weekday,Hostel Block 2,12-14,1.526,3898.55,False,False,3,1.145333333333333,1.3323632130384169,3,3,1,0
ELEC003866,2024-03-12,weekday,Hostel Block 2,14-16,1.745,3900.3,False,False,3,1.436333333333333,1.2148990485031332,3,4,1,0
ELEC003867,2024-03-12,weekday,Hostel Block 2,16-18,1.249,3901.55,False,False,3,1.1133333333333333,1.12185628742515,3,5,1,0
ELEC003868,2024-03-12,weekday,Hostel Block 2,18-20,1.298,3902.85,False,False,3,1.0070000000000003,1.2889771598808335,3,6,1,0
ELEC003869,2024-03-12,weekday,Hostel Block 2,20-22,0.899,3903.75,False,False,3,0.7430000000000002,1.209959623149394,3,7,1,0
ELEC003870,2024-03-12,weekday,Hostel Block 2,22-00,0.381,3904.13,False,False,3,0.304,1.2532894736842106,3,8,1,0
ELEC003871,2024-03-12,weekday,Library,06-08,0.583,2334.87,False,False,3,0.4903333333333333,1.1889870836165874,5,0,1,0
ELEC003872,2024-03-12,weekday,Library,08-10,1.657,2336.53,False,False,3,1.309666666666667,1.265207431916518,5,1,1,0
ELEC003873,2024-03-12,weekday,Library,10-12,2.332,2338.86,False,False,3,1.8873333333333333,1.2356057930060047,5,2,1,0
ELEC003874,2024-03-12,weekday,Library,12-14,1.747,2340.61,False,False,3,1.5549999999999995,1.1234726688102898,5,3,1,0
ELEC003875,2024-03-12,weekday,Library,14-16,2.06,2342.67,False,False,3,1.6686666666666667,1.2345185777067518,5,4,1,0
ELEC003876,2024-03-12,weekday,Library,16-18,1.894,2344.56,False,False,3,1.457,1.2999313658201783,5,5,1,0
ELEC003877,2024-03-12,weekday,Library,18-20,1.604,2346.16,False,False,3,1.2950000000000004,1.2386100386100385,5,6,1,0
ELEC003878,2024-03-12,weekday,Library,20-22,1.067,2347.23,False,False,3,0.9553333333333334,1.1168876482903,5,7,1,0
ELEC003879,2024-03-12,weekday,Library,22-00,0.44,2347.67,False,False,3,0.3666666666666667,1.1999999999999995,5,8,1,0
ELEC003880,2024-03-12,weekday,Labs Complex,06-08,0.556,5113.57,False,False,3,0.4703333333333333,1.182140326009922,4,0,1,0
ELEC003881,2024-03-12,weekday,Labs Complex,08-10,1.674,5115.24,False,False,3,1.2856666666666663,1.302048224008297,4,1,1,0
ELEC003882,2024-03-12,weekday,Labs Complex,10-12,2.441,5117.68,False,False,3,1.8666666666666671,1.307678571428571,4,2,1,0
ELEC003883,2024-03-12,weekday,Labs Complex,12-14,1.778,5119.46,False,False,3,1.405333333333333,1.265180265654649,4,3,1,0
ELEC003884,2024-03-12,weekday,Labs Complex,14-16,1.802,5121.26,False,False,3,1.4966666666666677,1.204008908685968,4,4,1,0
ELEC003885,2024-03-12,weekday,Labs Complex,16-18,1.803,5123.06,False,False,3,1.3966666666666672,1.2909307875894982,4,5,1,0
ELEC003886,2024-03-12,weekday,Labs Complex,18-20,1.674,5124.73,False,False,3,1.3266666666666669,1.2618090452261304,4,6,1,0
ELEC003887,2024-03-12,weekday,Labs Complex,20-22,1.051,5125.78,False,False,3,0.937,1.121664887940235,4,7,1,0
ELEC003888,2024-03-12,weekday,Labs Complex,22-00,0.489,5126.27,False,False,3,0.3813333333333333,1.2823426573426575,4,8,1,0
ELEC003889,2024-03-13,weekday,Academic Block A,06-08,0.828,2639.66,False,False,3,0.8926666666666668,0.9275578790141896,0,0,2,0
ELEC003890,2024-03-13,weekday,Academic Block A,08-10,2.571,2642.23,False,False,3,2.5386666666666664,1.0127363445378152,0,1,2,0
ELEC003891,2024-03-13,weekday,Academic Block A,10-12,3.195,2645.43,False,False,3,3.357333333333333,0.9516481334392376,0,2,2,0
ELEC003892,2024-03-13,weekday,Academic Block A,12-14,2.94,2648.37,False,False,3,2.826333333333333,1.040217006722491,0,3,2,0
ELEC003893,2024-03-13,weekday,Academic Block A,14-16,3.194,2651.56,False,False,3,3.105,1.0286634460547504,0,4,2,0
ELEC003894,2024-03-13,weekday,Academic Block A,16-18,2.375,2138.22,False,False,3,2.6170000000000004,0.907527703477264,0,5,2,0
ELEC003895,2024-03-13,weekday,Academic Block A,18-20,2.353,2656.29,False,False,3,2.17,1.0843317972350233,0,6,2,0
ELEC003896,2024-03-13,weekday,Academic Block A,20-22,1.832,2658.12,False,False,3,1.84,0.9956521739130436,0,7,2,0
ELEC003897,2024-03-13,weekday,Academic Block A,22-00,0.842,2658.96,False,False,3,0.7896666666666666,1.0662726888982694,0,8,2,0
ELEC003898,2024-03-13,weekday,Academic Block B,06-08,0.812,6140.48,False,False,3,0.8746666666666667,0.9283536585365854,1,0,2,0
ELEC003899,2024-03-13,weekday,Academic Block B,08-10,2.822,6143.3,False,False,3,2.6306666666666665,1.0727318803852004,1,1,2,0
ELEC003900,2024-03-13,weekday,Academic Block B,10-12,2.822,6146.12,False,False,3,2.9923333333333333,0.9430767516987858,1,2,2,0
ELEC003901,2024-03-13,weekday,Academic Block B,12-14,3.105,6149.22,False,False,3,3.0413333333333337,1.020933800964489,1,3,2,0
ELEC003902,2024-03-13,weekday,Academic Block B,14-16,2.935,6152.16,False,False,3,3.0203333333333333,0.97174704778722,1,4,2,0
ELEC003903,2024-03-13,weekday,Academic Block B,16-18,2.408,6154.57,False,False,3,2.434333333333333,0.9891825277283308,1,5,2,0
ELEC003904,2024-03-13,weekday,Academic Block B,18-20,2.322,6156.89,False,False,3,2.192333333333334,1.0591455070700926,1,6,2,0
ELEC003905,2024-03-13,weekday,Academic Block B,20-22,1.909,6158.8,False,False,3,1.948333333333333,0.9798118049615058,1,7,2,0
ELEC003906,2024-03-13,weekday,Academic Block B,22-00,0.809,6159.61,False,False,3,0.7816666666666666,1.0349680170575697,1,8,2,0
ELEC003907,2024-03-13,weekday,Hostel Block 1,06-08,0.529,4155.06,False,False,3,0.5203333333333333,1.01665598975016,2,0,2,0
ELEC003908,2024-03-13,weekday,Hostel Block 1,08-10,1.324,4156.38,False,False,3,1.4943333333333335,0.886013830024537,2,1,2,0
ELEC003909,2024-03-13,weekday,Hostel Block 1,10-12,1.691,4158.07,False,False,3,1.6989999999999998,0.9952913478516776,2,2,2,0
ELEC003910,2024-03-13,weekday,Hostel Block 1,12-14,1.687,4159.76,False,False,3,1.6023333333333334,1.0528396089036822,2,3,2,0
ELEC003911,2024-03-13,weekday,Hostel Block 1,14-16,1.37,4161.13,False,False,3,1.5599999999999998,0.8782051282051284,2,4,2,0
ELEC003912,2024-03-13,weekday,Hostel Block 1,16-18,1.193,4162.32,False,False,3,1.2053333333333336,0.989767699115044,2,5,2,0
ELEC003913,2024-03-13,weekday,Hostel Block 1,18-20,1.244,3899.35,False,False,3,1.2603333333333335,0.9870404654853212,2,6,2,0
ELEC003914,2024-03-13,weekday,Hostel Block 1,20-22,0.853,4164.42,False,False,3,0.9316666666666666,0.9155635062611808,2,7,2,0
ELEC003915,2024-03-13,weekday,Hostel Block 1,22-00,0.36,4164.78,False,False,3,0.3973333333333333,0.906040268456376,2,8,2,0
ELEC003916,2024-03-13,weekday,Hostel Block 2,06-08,0.533,3904.66,False,False,3,0.5006666666666667,1.0645805592543276,3,0,2,0
ELEC003917,2024-03-13,weekday,Hostel Block 2,08-10,1.457,3906.12,False,False,3,1.3956666666666668,1.0439455457368043,3,1,2,0
ELEC003918,2024-03-13,weekday,Hostel Block 2,10-12,1.605,3907.72,False,False,3,1.7776666666666667,0.9028689293080816,3,2,2,0
ELEC003919,2024-03-13,weekday,Hostel Block 2,12-14,1.293,3909.01,False,False,3,1.393,0.9282124910265612,3,3,2,0
ELEC003920,2024-03-13,weekday,Hostel Block 2,14-16,1.43,3910.44,False,False,3,1.6699999999999997,0.8562874251497007,3,4,2,0
ELEC003921,2024-03-13,weekday,Hostel Block 2,16-18,1.353,3911.79,False,False,3,1.375333333333333,0.98376151236064,3,5,2,0
ELEC003922,2024-03-13,weekday,Hostel Block 2,18-20,1.088,3912.88,False,False,3,1.2323333333333335,0.8828780091966457,3,6,2,0
ELEC003923,2024-03-13,weekday,Hostel Block 2,20-22,0.904,3913.78,False,False,3,0.9066666666666668,0.9970588235294116,3,7,2,0
ELEC003924,2024-03-13,weekday,Hostel Block 2,22-00,0.368,3914.15,False,False,3,0.3716666666666666,0.990134529147982,3,8,2,0
ELEC003925,2024-03-13,weekday,Library,06-08,0.687,2348.36,False,False,3,0.6493333333333333,1.0580082135523614,5,0,2,0
ELEC003926,2024-03-13,weekday,Library,08-10,1.599,2349.96,False,False,3,1.6040000000000003,0.9968827930174562,5,1,2,0
ELEC003927,2024-03-13,weekday,Library,10-12,2.077,2352.04,False,False,3,2.2660000000000005,0.9165931156222415,5,2,2,0
ELEC003928,2024-03-13,weekday,Library,12-14,1.686,2353.73,False,False,3,1.869,0.9020866773675764,5,3,2,0
ELEC003929,2024-03-13,weekday,Library,14-16,1.82,2355.55,False,False,3,2.015,0.9032258064516128,5,4,2,0
ELEC003930,2024-03-13,weekday,Library,16-18,1.71,2357.26,False,False,3,1.7913333333333334,0.95459620394492,5,5,2,0
ELEC003931,2024-03-13,weekday,Library,18-20,1.538,2358.8,False,False,3,1.6096666666666672,0.9554773244978252,5,6,2,0
ELEC003932,2024-03-13,weekday,Library,20-22,1.119,2359.92,False,False,3,1.157,0.9671564390665514,5,7,2,0
ELEC003933,2024-03-13,weekday,Library,22-00,0.501,2360.42,False,False,3,0.4630000000000001,1.0820734341252696,5,8,2,0
ELEC003934,2024-03-13,weekday,Labs Complex,06-08,0.592,5126.86,False,False,3,0.5766666666666667,1.0265895953757225,4,0,2,0
ELEC003935,2024-03-13,weekday,Labs Complex,08-10,1.764,5128.62,False,False,3,1.6696666666666662,1.056498303054502,4,1,2,0
ELEC003936,2024-03-13,weekday,Labs Complex,10-12,2.513,5131.13,False,False,3,2.389666666666667,1.0516111033616962,4,2,2,0
ELEC003937,2024-03-13,weekday,Labs Complex,12-14,2.043,5133.17,False,False,3,1.8340000000000003,1.113958560523446,4,3,2,0
ELEC003938,2024-03-13,weekday,Labs Complex,14-16,2.252,5135.42,False,False,3,2.020333333333334,1.1146675466094698,4,4,2,0
ELEC003939,2024-03-13,weekday,Labs Complex,16-18,1.446,5136.87,False,False,3,1.6223333333333336,0.8913088144647625,4,5,2,0
ELEC003940,2024-03-13,weekday,Labs Complex,18-20,1.411,5138.28,False,False,3,1.598666666666667,0.8826105087572977,4,6,2,0
ELEC003941,2024-03-13,weekday,Labs Complex,20-22,1.366,5139.65,False,False,3,1.237,1.104284559417947,4,7,2,0
ELEC003942,2024-03-13,weekday,Labs Complex,22-00,0.544,5140.19,False,False,3,0.5026666666666667,1.0822281167108754,4,8,2,0
ELEC003943,2024-03-14,weekday,Academic Block A,06-08,0.924,2659.88,False,False,3,0.9136666666666668,1.0113097409704486,0,0,3,0
ELEC003944,2024-03-14,weekday,Academic Block A,08-10,2.625,2662.51,False,False,3,2.576666666666666,1.0187580853816305,0,1,3,0
ELEC003945,2024-03-14,weekday,Academic Block A,10-12,3.649,2666.16,False,False,3,3.4966666666666666,1.0435653002859866,0,2,3,0
ELEC003946,2024-03-14,weekday,Academic Block A,12-14,2.883,2669.04,False,False,3,2.779,1.0374235336451962,0,3,3,0
ELEC003947,2024-03-14,weekday,Academic Block A,14-16,3.182,2672.22,False,False,3,3.144,1.0120865139949111,0,4,3,0
ELEC003948,2024-03-14,weekday,Academic Block A,16-18,2.498,2674.72,False,False,3,2.566333333333333,0.973373165346149,0,5,3,0
ELEC003949,2024-03-14,weekday,Academic Block A,18-20,2.558,2138.22,False,False,3,2.3000000000000003,1.112173913043478,0,6,3,0
ELEC003950,2024-03-14,weekday,Academic Block A,20-22,1.956,2679.23,False,False,3,1.804,1.084257206208426,0,7,3,0
ELEC003951,2024-03-14,weekday,Academic Block A,22-00,0.684,2679.91,False,False,3,0.7743333333333332,0.8833405079638401,0,8,3,0
ELEC003952,2024-03-14,weekday,Academic Block B,06-08,0.783,6160.39,False,False,3,0.8303333333333334,0.9429947812123644,1,0,3,0
ELEC003953,2024-03-14,weekday,Academic Block B,08-10,2.705,6163.1,False,False,3,2.659666666666667,1.0170447424489284,1,1,3,0
ELEC003954,2024-03-14,weekday,Academic Block B,10-12,3.2,6166.3,False,False,3,2.985,1.0720268006700169,1,2,3,0
ELEC003955,2024-03-14,weekday,Academic Block B,12-14,2.621,6168.92,False,False,3,2.861666666666667,0.9158998252766452,1,3,3,0
ELEC003956,2024-03-14,weekday,Academic Block B,14-16,2.772,6171.69,False,False,3,2.967,0.9342770475227502,1,4,3,0
ELEC003957,2024-03-14,weekday,Academic Block B,16-18,2.479,6174.17,False,False,3,2.5106666666666664,0.9873871481678176,1,5,3,0
ELEC003958,2024-03-14,weekday,Academic Block B,18-20,2.242,6176.41,False,False,3,2.2246666666666672,1.0077914294276291,1,6,3,0
ELEC003959,2024-03-14,weekday,Academic Block B,20-22,2.006,6178.42,False,False,3,1.975,1.0156962025316456,1,7,3,0
ELEC003960,2024-03-14,weekday,Academic Block B,22-00,0.842,6179.26,False,False,3,0.7913333333333332,1.0640269587194608,1,8,3,0
ELEC003961,2024-03-14,weekday,Hostel Block 1,06-08,0.55,4165.33,False,False,3,0.5293333333333333,1.0390428211586902,2,0,3,0
ELEC003962,2024-03-14,weekday,Hostel Block 1,08-10,1.311,4166.64,False,False,3,1.4016666666666666,0.9353151010701546,2,1,3,0
ELEC003963,2024-03-14,weekday,Hostel Block 1,10-12,2.002,4168.64,False,False,3,1.7429999999999997,1.1485943775100402,2,2,3,0
ELEC003964,2024-03-14,weekday,Hostel Block 1,12-14,1.582,4170.22,False,False,3,1.587,0.9968494013862634,2,3,3,0
ELEC003965,2024-03-14,weekday,Hostel Block 1,14-16,1.425,4171.65,False,False,3,1.5,0.95,2,4,3,0
ELEC003966,2024-03-14,weekday,Hostel Block 1,16-18,1.166,4172.82,False,False,3,1.2056666666666669,0.9670998064694496,2,5,3,0
ELEC003967,2024-03-14,weekday,Hostel Block 1,18-20,1.199,4174.02,False,False,3,1.2650000000000003,0.9478260869565216,2,6,3,0
ELEC003968,2024-03-14,weekday,Hostel Block 1,20-22,0.957,4174.98,False,False,3,0.9586666666666668,0.9982614742698191,2,7,3,0
ELEC003969,2024-03-14,weekday,Hostel Block 1,22-00,0.385,4175.36,False,False,3,0.39,0.987179487179487,2,8,3,0
ELEC003970,2024-03-14,weekday,Hostel Block 2,06-08,0.504,3914.65,False,False,3,0.486,1.037037037037037,3,0,3,0
ELEC003971,2024-03-14,weekday,Hostel Block 2,08-10,1.422,3916.07,False,False,3,1.4280000000000002,0.9957983193277308,3,1,3,0
ELEC003972,2024-03-14,weekday,Hostel Block 2,10-12,1.971,3918.04,False,False,3,1.8286666666666669,1.0778344877870945,3,2,3,0
ELEC003973,2024-03-14,weekday,Hostel Block 2,12-14,1.543,3919.58,False,False,3,1.454,1.06121045392022,3,3,3,0
ELEC003974,2024-03-14,weekday,Hostel Block 2,14-16,1.624,3921.2,False,False,3,1.5996666666666666,1.0152115023963326,3,4,3,0
ELEC003975,2024-03-14,weekday,Hostel Block 2,16-18,1.352,3922.55,False,False,3,1.3179999999999998,1.025796661608498,3,5,3,0
ELEC003976,2024-03-14,weekday,Hostel Block 2,18-20,1.243,3923.79,False,False,3,1.2096666666666671,1.027555800496004,3,6,3,0
ELEC003977,2024-03-14,weekday,Hostel Block 2,20-22,1.088,3924.88,False,False,3,0.963666666666667,1.1290210999654096,3,7,3,0
ELEC003978,2024-03-14,weekday,Hostel Block 2,22-00,0.454,3925.33,False,False,3,0.401,1.1321695760598502,3,8,3,0
ELEC003979,2024-03-14,weekday,Library,06-08,0.59,2361.01,False,False,3,0.62,0.9516129032258064,5,0,3,0
ELEC003980,2024-03-14,weekday,Library,08-10,1.84,2362.85,False,False,3,1.698666666666667,1.08320251177394,5,1,3,0
ELEC003981,2024-03-14,weekday,Library,10-12,2.017,2364.87,False,False,3,2.1420000000000003,0.9416433239962648,5,2,3,0
ELEC003982,2024-03-14,weekday,Library,12-14,1.779,2366.65,False,False,3,1.7373333333333327,1.0239831158864163,5,3,3,0
ELEC003983,2024-03-14,weekday,Library,14-16,2.187,2368.84,False,False,3,2.022333333333333,1.081424097577056,5,4,3,0
ELEC003984,2024-03-14,weekday,Library,16-18,1.766,2370.61,False,False,3,1.7900000000000005,0.9865921787709496,5,5,3,0
ELEC003985,2024-03-14,weekday,Library,18-20,1.456,2372.07,False,False,3,1.5326666666666668,0.949978251413658,5,6,3,0
ELEC003986,2024-03-14,weekday,Library,20-22,1.268,2373.34,False,False,3,1.151333333333333,1.1013317892298784,5,7,3,0
ELEC003987,2024-03-14,weekday,Library,22-00,0.472,2373.81,False,False,3,0.4710000000000001,1.0021231422505306,5,8,3,0
ELEC003988,2024-03-14,weekday,Labs Complex,06-08,0.649,5140.84,False,False,3,0.5990000000000001,1.08347245409015,4,0,3,0
ELEC003989,2024-03-14,weekday,Labs Complex,08-10,2.061,5142.9,False,False,3,1.8329999999999995,1.1243862520458268,4,1,3,0
ELEC003990,2024-03-14,weekday,Labs Complex,10-12,2.14,5145.04,False,False,3,2.364666666666667,0.9049901325063432,4,2,3,0
ELEC003991,2024-03-14,weekday,Labs Complex,12-14,1.751,5146.79,False,False,3,1.8573333333333333,0.9427494615936828,4,3,3,0
ELEC003992,2024-03-14,weekday,Labs Complex,14-16,2.227,5149.02,False,False,3,2.0936666666666675,1.0636841267314117,4,4,3,0
ELEC003993,2024-03-14,weekday,Labs Complex,16-18,1.855,5150.88,False,False,3,1.7013333333333336,1.09032131661442,4,5,3,0
ELEC003994,2024-03-14,weekday,Labs Complex,18-20,1.6,5152.48,False,False,3,1.5616666666666668,1.024546424759872,4,6,3,0
ELEC003995,2024-03-14,weekday,Labs Complex,20-22,1.217,5153.7,False,False,3,1.2113333333333334,1.0046780407264722,4,7,3,0
ELEC003996,2024-03-14,weekday,Labs Complex,22-00,0.463,5154.16,False,False,3,0.4986666666666666,0.9284759358288772,4,8,3,0
ELEC003997,2024-03-15,weekday,Academic Block A,06-08,1.013,2680.92,False,False,3,0.9216666666666667,1.0990958408679925,0,0,4,0
ELEC003998,2024-03-15,weekday,Academic Block A,08-10,2.931,2683.85,False,False,3,2.709,1.081949058693245,0,1,4,0
ELEC003999,2024-03-15,weekday,Academic Block A,10-12,3.48,2687.33,False,False,3,3.441333333333333,1.0112359550561798,0,2,4,0
ELEC004000,2024-03-15,weekday,Academic Block A,12-14,2.509,2689.84,False,False,3,2.777333333333333,0.9033845415266442,0,3,4,0
ELEC004001,2024-03-15,weekday,Academic Block A,14-16,3.118,2692.96,False,False,3,3.1646666666666667,0.9852538445333896,0,4,4,0
ELEC004002,2024-03-15,weekday,Academic Block A,16-18,2.294,2695.25,False,False,3,2.389,0.9602344077019674,0,5,4,0
ELEC004003,2024-03-15,weekday,Academic Block A,18-20,2.095,2697.34,False,False,3,2.3353333333333333,0.8970882101056239,0,6,4,0
ELEC004004,2024-03-15,weekday,Academic Block A,20-22,1.791,2699.13,False,False,3,1.8596666666666664,0.9630758200394336,0,7,4,0
ELEC004005,2024-03-15,weekday,Academic Block A,22-00,0.641,2699.77,False,False,3,0.7223333333333333,0.8874019381633595,0,8,4,0
ELEC004006,2024-03-15,weekday,Academic Block B,06-08,1.026,6180.29,False,False,3,0.8736666666666668,1.174360930942388,1,0,4,0
ELEC004007,2024-03-15,weekday,Academic Block B,08-10,2.986,6183.28,False,False,3,2.837666666666667,1.0522729942440974,1,1,4,0
ELEC004008,2024-03-15,weekday,Academic Block B,10-12,3.631,6186.91,False,False,3,3.2176666666666667,1.1284574743603024,1,2,4,0
ELEC004009,2024-03-15,weekday,Academic Block B,12-14,2.999,6189.91,False,False,3,2.9083333333333337,1.0311747851002864,1,3,4,0
ELEC004010,2024-03-15,weekday,Academic Block B,14-16,3.058,6192.97,False,False,3,2.921666666666667,1.046662863662293,1,4,4,0
ELEC004011,2024-03-15,weekday,Academic Block B,16-18,2.893,6195.86,False,False,3,2.5933333333333333,1.1155526992287916,1,5,4,0
ELEC004012,2024-03-15,weekday,Academic Block B,18-20,2.531,6198.39,False,False,3,2.3650000000000007,1.0701902748414374,1,6,4,0
ELEC004013,2024-03-15,weekday,Academic Block B,20-22,1.646,6200.04,False,False,3,1.853666666666666,0.8879697896061861,1,7,4,0
ELEC004014,2024-03-15,weekday,Academic Block B,22-00,0.808,6200.85,False,False,3,0.8196666666666667,0.9857665717771452,1,8,4,0
ELEC004015,2024-03-15,weekday,Hostel Block 1,06-08,0.447,4175.81,False,False,3,0.5086666666666666,0.878768020969856,2,0,4,0
ELEC004016,2024-03-15,weekday,Hostel Block 1,08-10,4.479670306997548,4180.29,False,True,3,2.3715567689991826,1.888915486045062,2,1,4,1
ELEC004017,2024-03-15,weekday,Hostel Block 1,10-12,1.926,4182.22,False,False,3,1.873,1.0282968499733052,2,2,4,0
ELEC004018,2024-03-15,weekday,Hostel Block 1,12-14,1.673,4183.89,False,False,3,1.647333333333333,1.0155807365439091,2,3,4,0
ELEC004019,2024-03-15,weekday,Hostel Block 1,14-16,1.737,4185.63,False,False,3,1.5106666666666666,1.1498234774933804,2,4,4,0
ELEC004020,2024-03-15,weekday,Hostel Block 1,16-18,1.221,4186.85,False,False,3,1.1933333333333334,1.0231843575418995,2,5,4,0
ELEC004021,2024-03-15,weekday,Hostel Block 1,18-20,1.372,4188.22,False,False,3,1.271666666666667,1.0788990825688072,2,6,4,0
ELEC004022,2024-03-15,weekday,Hostel Block 1,20-22,0.977,4189.2,False,False,3,0.929,1.0516684607104414,2,7,4,0
ELEC004023,2024-03-15,weekday,Hostel Block 1,22-00,0.448,4189.65,False,False,3,0.3976666666666666,1.126571668063705,2,8,4,0
ELEC004024,2024-03-15,weekday,Hostel Block 2,06-08,0.469,3925.8,False,False,3,0.5020000000000001,0.934262948207171,3,0,4,0
ELEC004025,2024-03-15,weekday,Hostel Block 2,08-10,1.3,3927.1,False,False,3,1.393,0.933237616654702,3,1,4,0
ELEC004026,2024-03-15,weekday,Hostel Block 2,10-12,1.757,3928.86,False,False,3,1.7776666666666667,0.9883742733920868,3,2,4,0
ELEC004027,2024-03-15,weekday,Hostel Block 2,12-14,1.492,3930.35,False,False,3,1.4426666666666668,1.0341959334565618,3,3,4,0
ELEC004028,2024-03-15,weekday,Hostel Block 2,14-16,1.727,3932.08,False,False,3,1.5936666666666663,1.0836645053336125,3,4,4,0
ELEC004029,2024-03-15,weekday,Hostel Block 2,16-18,1.504,3933.58,False,False,3,1.4030000000000002,1.0719885958660011,3,5,4,0
ELEC004030,2024-03-15,weekday,Hostel Block 2,18-20,1.055,3635.895,False,False,3,1.128666666666667,0.9347312463083282,3,6,4,0
ELEC004031,2024-03-15,weekday,Hostel Block 2,20-22,0.923,3935.56,False,False,3,0.971666666666667,0.9499142367066892,3,7,4,0
ELEC004032,2024-03-15,weekday,Hostel Block 2,22-00,0.447,3936.01,False,False,3,0.423,1.056737588652482,3,8,4,0
ELEC004033,2024-03-15,weekday,Library,06-08,1.9797860628682,2375.79,False,True,3,1.0855953542894,1.823686933667943,5,0,4,1
ELEC004034,2024-03-15,weekday,Library,08-10,1.832,2377.62,False,False,3,1.7570000000000003,1.0426863972680704,5,1,4,0
ELEC004035,2024-03-15,weekday,Library,10-12,2.27,2379.89,False,False,3,2.1213333333333337,1.070081709616593,5,2,4,0
ELEC004036,2024-03-15,weekday,Library,12-14,2.092,2381.98,False,False,3,1.852333333333333,1.129386359546518,5,3,4,0
ELEC004037,2024-03-15,weekday,Library,14-16,1.924,2383.9,False,False,3,1.977,0.973191704602934,5,4,4,0
ELEC004038,2024-03-15,weekday,Library,16-18,1.801,2385.7,False,False,3,1.759,1.023877202956225,5,5,4,0
ELEC004039,2024-03-15,weekday,Library,18-20,1.571,2387.27,False,False,3,1.5216666666666672,1.0324205914567357,5,6,4,0
ELEC004040,2024-03-15,weekday,Library,20-22,1.044,2388.31,False,False,3,1.1436666666666668,0.9128533955115126,5,7,4,0
ELEC004041,2024-03-15,weekday,Library,22-00,0.449,2388.76,False,False,3,0.4740000000000001,0.9472573839662444,5,8,4,0
ELEC004042,2024-03-15,weekday,Labs Complex,06-08,0.677,5154.84,False,False,3,0.6393333333333334,1.0589155370177268,4,0,4,0
ELEC004043,2024-03-15,weekday,Labs Complex,08-10,1.749,5156.59,False,False,3,1.858,0.9413347685683532,4,1,4,0
ELEC004044,2024-03-15,weekday,Labs Complex,10-12,2.04,5158.63,False,False,3,2.2310000000000003,0.9143881667413716,4,2,4,0
ELEC004045,2024-03-15,weekday,Labs Complex,12-14,1.823,5160.45,False,False,3,1.8723333333333332,0.9736514153462702,4,3,4,0
ELEC004046,2024-03-15,weekday,Labs Complex,14-16,1.851,5162.3,False,False,3,2.1100000000000008,0.8772511848341229,4,4,4,0
ELEC004047,2024-03-15,weekday,Labs Complex,16-18,1.886,5164.19,False,False,3,1.7290000000000003,1.090803932909196,4,5,4,0
ELEC004048,2024-03-15,weekday,Labs Complex,18-20,1.492,5165.68,False,False,3,1.501,0.9940039973351098,4,6,4,0
ELEC004049,2024-03-15,weekday,Labs Complex,20-22,1.258,5166.94,False,False,3,1.280333333333333,0.9825566258786774,4,7,4,0
ELEC004050,2024-03-15,weekday,Labs Complex,22-00,0.445,5167.38,False,False,3,0.484,0.9194214876033058,4,8,4,0
ELEC004051,2024-03-16,saturday,Academic Block A,06-08,0.718,2700.49,False,False,3,0.8850000000000001,0.8112994350282484,0,0,5,0
ELEC004052,2024-03-16,saturday,Academic Block A,08-10,1.83,2702.32,False,False,3,2.462,0.7432981316003251,0,1,5,0
ELEC004053,2024-03-16,saturday,Academic Block A,10-12,2.282,2704.6,False,False,3,3.137,0.7274466050366593,0,2,5,0
ELEC004054,2024-03-16,saturday,Academic Block A,12-14,1.749,2706.35,False,False,3,2.380333333333333,0.7347710404705224,0,3,5,0
ELEC004055,2024-03-16,saturday,Academic Block A,14-16,2.061,2708.41,False,False,3,2.7869999999999995,0.7395048439181917,0,4,5,0
ELEC004056,2024-03-16,saturday,Academic Block A,16-18,1.717,2138.22,False,False,3,2.169666666666666,0.7913658011983408,0,5,5,0
ELEC004057,2024-03-16,saturday,Academic Block A,18-20,1.413,2711.54,False,False,3,2.022,0.698813056379822,0,6,5,0
ELEC004058,2024-03-16,saturday,Academic Block A,20-22,1.29,2712.83,False,False,3,1.6789999999999996,0.7683144729005362,0,7,5,0
ELEC004059,2024-03-16,saturday,Academic Block A,22-00,0.568,2713.4,False,False,3,0.6309999999999999,0.9001584786053883,0,8,5,0
ELEC004060,2024-03-16,saturday,Academic Block B,06-08,0.603,6201.45,False,False,3,0.8039999999999999,0.75,1,0,5,0
ELEC004061,2024-03-16,saturday,Academic Block B,08-10,1.797,6203.25,False,False,3,2.496,0.719951923076923,1,1,5,0
ELEC004062,2024-03-16,saturday,Academic Block B,10-12,2.369,6205.62,False,False,3,3.066666666666667,0.7725,1,2,5,0
ELEC004063,2024-03-16,saturday,Academic Block B,12-14,1.763,6207.38,False,False,3,2.461,0.7163754571312475,1,3,5,0
ELEC004064,2024-03-16,saturday,Academic Block B,14-16,2.271,6209.65,False,False,3,2.700333333333333,0.8410072830514752,1,4,5,0
ELEC004065,2024-03-16,saturday,Academic Block B,16-18,1.964,6211.61,False,False,3,2.4453333333333336,0.8031624863685931,1,5,5,0
ELEC004066,2024-03-16,saturday,Academic Block B,18-20,1.413,6213.02,False,False,3,2.0620000000000007,0.6852570320077592,1,6,5,0
ELEC004067,2024-03-16,saturday,Academic Block B,20-22,1.236,6214.26,False,False,3,1.629333333333333,0.7585924713584289,1,7,5,0
ELEC004068,2024-03-16,saturday,Academic Block B,22-00,0.558,6214.82,False,False,3,0.7359999999999999,0.7581521739130437,1,8,5,0
ELEC004069,2024-03-16,saturday,Hostel Block 1,06-08,0.326,4189.98,False,False,3,0.441,0.7392290249433107,2,0,5,0
ELEC004070,2024-03-16,saturday,Hostel Block 1,08-10,1.144,4191.12,False,False,3,2.3115567689991825,0.4949045661964465,2,1,5,0
ELEC004071,2024-03-16,saturday,Hostel Block 1,10-12,1.409,4192.53,False,False,3,1.779,0.7920179876335021,2,2,5,0
ELEC004072,2024-03-16,saturday,Hostel Block 1,12-14,1.196,4193.73,False,False,3,1.4836666666666665,0.8061109862952146,2,3,5,0
ELEC004073,2024-03-16,saturday,Hostel Block 1,14-16,1.245,4194.97,False,False,3,1.469,0.8475153165418653,2,4,5,0
ELEC004074,2024-03-16,saturday,Hostel Block 1,16-18,0.996,4195.97,False,False,3,1.1276666666666666,0.8832397280520249,2,5,5,0
ELEC004075,2024-03-16,saturday,Hostel Block 1,18-20,0.856,4196.83,False,False,3,1.1423333333333334,0.7493434490808286,2,6,5,0
ELEC004076,2024-03-16,saturday,Hostel Block 1,20-22,0.693,4197.52,False,False,3,0.8756666666666666,0.7913970308336505,2,7,5,0
ELEC004077,2024-03-16,saturday,Hostel Block 1,22-00,0.291,4197.81,False,False,3,0.3746666666666667,0.7766903914590746,2,8,5,0
ELEC004078,2024-03-16,saturday,Hostel Block 2,06-08,0.353,3936.36,False,False,3,0.442,0.7986425339366515,3,0,5,0
ELEC004079,2024-03-16,saturday,Hostel Block 2,08-10,1.141,3937.5,False,False,3,1.2876666666666667,0.8860988868754853,3,1,5,0
ELEC004080,2024-03-16,saturday,Hostel Block 2,10-12,1.053,3938.55,False,False,3,1.5936666666666666,0.6607404308722025,3,2,5,0
ELEC004081,2024-03-16,saturday,Hostel Block 2,12-14,1.203,3939.75,False,False,3,1.4126666666666663,0.8515809344030204,3,3,5,0
ELEC004082,2024-03-16,saturday,Hostel Block 2,14-16,1.093,3940.84,False,False,3,1.481333333333333,0.737848784878488,3,4,5,0
ELEC004083,2024-03-16,saturday,Hostel Block 2,16-18,1.085,3941.93,False,False,3,1.3136666666666663,0.8259325044404974,3,5,5,0
ELEC004084,2024-03-16,saturday,Hostel Block 2,18-20,0.949,3942.88,False,False,3,1.0823333333333336,0.8768093624884506,3,6,5,0
ELEC004085,2024-03-16,saturday,Hostel Block 2,20-22,0.718,3943.6,False,False,3,0.909666666666667,0.7893001099303771,3,7,5,0
ELEC004086,2024-03-16,saturday,Hostel Block 2,22-00,0.266,3943.87,False,False,3,0.389,0.6838046272493573,3,8,5,0
ELEC004087,2024-03-16,saturday,Library,06-08,0.37,2389.13,False,False,3,0.9799286876227334,0.3775784959389287,5,0,5,0
ELEC004088,2024-03-16,saturday,Library,08-10,1.239,2390.37,False,False,3,1.6370000000000005,0.7568723274282222,5,1,5,0
ELEC004089,2024-03-16,saturday,Library,10-12,1.482,2391.85,False,False,3,1.9230000000000005,0.7706708268330732,5,2,5,0
ELEC004090,2024-03-16,saturday,Library,12-14,1.374,2393.22,False,False,3,1.748333333333333,0.7858913250714968,5,3,5,0
ELEC004091,2024-03-16,saturday,Library,14-16,1.527,2394.75,False,False,3,1.8793333333333333,0.8125221709826179,5,4,5,0
ELEC004092,2024-03-16,saturday,Library,16-18,1.248,2396.0,False,False,3,1.6050000000000002,0.7775700934579438,5,5,5,0
ELEC004093,2024-03-16,saturday,Library,18-20,1.201,2397.2,False,False,3,1.4093333333333335,0.8521759697256385,5,6,5,0
ELEC004094,2024-03-16,saturday,Library,20-22,0.857,2398.06,False,False,3,1.0563333333333336,0.8112969390975069,5,7,5,0
ELEC004095,2024-03-16,saturday,Library,22-00,0.35,2398.41,False,False,3,0.4236666666666668,0.8261211644374505,5,8,5,0
ELEC004096,2024-03-16,saturday,Labs Complex,06-08,0.41,5167.79,False,False,3,0.5786666666666667,0.7085253456221198,4,0,5,0
ELEC004097,2024-03-16,saturday,Labs Complex,08-10,1.323,5169.11,False,False,3,1.7109999999999996,0.7732320280537699,4,1,5,0
ELEC004098,2024-03-16,saturday,Labs Complex,10-12,1.451,5170.56,False,False,3,1.877000000000001,0.7730420884389981,4,2,5,0
ELEC004099,2024-03-16,saturday,Labs Complex,12-14,1.5,5172.06,False,False,3,1.6913333333333334,0.8868742609381158,4,3,5,0
ELEC004100,2024-03-16,saturday,Labs Complex,14-16,1.294,5173.35,False,False,3,1.7906666666666675,0.7226358897989572,4,4,5,0
ELEC004101,2024-03-16,saturday,Labs Complex,16-18,1.18,5174.53,False,False,3,1.6403333333333336,0.7193659825238771,4,5,5,0
ELEC004102,2024-03-16,saturday,Labs Complex,18-20,1.002,5175.53,False,False,3,1.3646666666666667,0.7342452369320958,4,6,5,0
ELEC004103,2024-03-16,saturday,Labs Complex,20-22,0.749,5176.28,False,False,3,1.0746666666666669,0.6969602977667494,4,7,5,0
ELEC004104,2024-03-16,saturday,Labs Complex,22-00,0.311,5176.59,False,False,3,0.4063333333333334,0.7653814602132895,4,8,5,0
ELEC004105,2024-03-17,weekend,Academic Block A,06-08,0.396,2713.8,False,False,3,0.7090000000000002,0.5585331452750352,0,0,6,0
ELEC004106,2024-03-17,weekend,Academic Block A,08-10,1.206,2715.01,False,False,3,1.989,0.6063348416289593,0,1,6,0
ELEC004107,2024-03-17,weekend,Academic Block A,10-12,1.36,2716.37,False,False,3,2.374,0.5728727885425442,0,2,6,0
ELEC004108,2024-03-17,weekend,Academic Block A,12-14,0.98,2717.35,False,False,3,1.7459999999999998,0.5612829324169532,0,3,6,0
ELEC004109,2024-03-17,weekend,Academic Block A,14-16,1.128,2718.48,False,False,3,2.1023333333333327,0.536546694149358,0,4,6,0
ELEC004110,2024-03-17,weekend,Academic Block A,16-18,0.923,2719.4,False,False,3,1.644666666666667,0.5612079448723145,0,5,6,0
ELEC004111,2024-03-17,weekend,Academic Block A,18-20,0.859,2720.26,False,False,3,1.4556666666666669,0.590107625372109,0,6,6,0
ELEC004112,2024-03-17,weekend,Academic Block A,20-22,0.732,2720.99,False,False,3,1.2709999999999997,0.5759244689221087,0,7,6,0
ELEC004113,2024-03-17,weekend,Academic Block A,22-00,0.277,2721.27,False,False,3,0.4953333333333332,0.5592193808882909,0,8,6,0
ELEC004114,2024-03-17,weekend,Academic Block B,06-08,0.318,6215.14,False,False,3,0.6490000000000001,0.4899845916795068,1,0,6,0
ELEC004115,2024-03-17,weekend,Academic Block B,08-10,1.058,6216.2,False,False,3,1.947,0.5434001027221367,1,1,6,0
ELEC004116,2024-03-17,weekend,Academic Block B,10-12,1.255,6217.45,False,False,3,2.418333333333333,0.5189524465885595,1,2,6,0
ELEC004117,2024-03-17,weekend,Academic Block B,12-14,1.15,6218.6,False,False,3,1.970666666666667,0.5835588633288226,1,3,6,0
ELEC004118,2024-03-17,weekend,Academic Block B,14-16,1.062,6219.66,False,False,3,2.130333333333333,0.498513534658113,1,4,6,0
ELEC004119,2024-03-17,weekend,Academic Block B,16-18,0.934,6220.59,False,False,3,1.9303333333333328,0.483854256605077,1,5,6,0
ELEC004120,2024-03-17,weekend,Academic Block B,18-20,0.9,6221.49,False,False,3,1.6146666666666674,0.5573905862923202,1,6,6,0
ELEC004121,2024-03-17,weekend,Academic Block B,20-22,0.632,6222.12,False,False,3,1.171333333333333,0.5395560614684123,1,7,6,0
ELEC004122,2024-03-17,weekend,Academic Block B,22-00,0.267,6222.39,False,False,3,0.5443333333333332,0.490508266993264,1,8,6,0
ELEC004123,2024-03-17,weekend,Hostel Block 1,06-08,0.175,4197.99,False,False,3,0.3159999999999999,0.5537974683544306,2,0,6,0
ELEC004124,2024-03-17,weekend,Hostel Block 1,08-10,0.516,4198.51,False,False,3,2.046556768999183,0.252130802241238,2,1,6,0
ELEC004125,2024-03-17,weekend,Hostel Block 1,10-12,0.756,4199.27,False,False,3,1.3636666666666664,0.5543876802737718,2,2,6,0
ELEC004126,2024-03-17,weekend,Hostel Block 1,12-14,0.67,4199.94,False,False,3,1.1796666666666666,0.5679570500141283,2,3,6,0
ELEC004127,2024-03-17,weekend,Hostel Block 1,14-16,0.665,4200.6,False,False,3,1.215666666666667,0.5470249520153551,2,4,6,0
ELEC004128,2024-03-17,weekend,Hostel Block 1,16-18,0.502,4201.1,False,False,3,0.9063333333333334,0.5538801029790363,2,5,6,0
ELEC004129,2024-03-17,weekend,Hostel Block 1,18-20,0.413,4201.51,False,False,3,0.8803333333333336,0.4691404770920104,2,6,6,0
ELEC004130,2024-03-17,weekend,Hostel Block 1,20-22,0.429,4201.94,False,False,3,0.6996666666666668,0.613149118627918,2,7,6,0
ELEC004131,2024-03-17,weekend,Hostel Block 1,22-00,0.16,4202.1,False,False,3,0.2996666666666667,0.5339265850945495,2,8,6,0
ELEC004132,2024-03-17,weekend,Hostel Block 2,06-08,0.194,3944.06,False,False,3,0.3386666666666667,0.5728346456692912,3,0,6,0
ELEC004133,2024-03-17,weekend,Hostel Block 2,08-10,0.52,3944.58,False,False,3,0.987,0.5268490374873354,3,1,6,0
ELEC004134,2024-03-17,weekend,Hostel Block 2,10-12,0.788,3945.37,False,False,3,1.1993333333333334,0.6570316842690384,3,2,6,0
ELEC004135,2024-03-17,weekend,Hostel Block 2,12-14,0.635,3946.01,False,False,3,1.11,0.572072072072072,3,3,6,0
ELEC004136,2024-03-17,weekend,Hostel Block 2,14-16,0.682,3946.69,False,False,3,1.167333333333333,0.5842375785265566,3,4,6,0
ELEC004137,2024-03-17,weekend,Hostel Block 2,16-18,0.478,3947.17,False,False,3,1.022333333333333,0.4675578741441147,3,5,6,0
ELEC004138,2024-03-17,weekend,Hostel Block 2,18-20,0.447,3947.62,False,False,3,0.8170000000000002,0.5471236230110158,3,6,6,0
ELEC004139,2024-03-17,weekend,Hostel Block 2,20-22,0.336,3947.96,False,False,3,0.6590000000000003,0.5098634294385431,3,7,6,0
ELEC004140,2024-03-17,weekend,Hostel Block 2,22-00,0.168,3948.13,False,False,3,0.2936666666666667,0.5720771850170261,3,8,6,0
ELEC004141,2024-03-17,weekend,Library,06-08,0.9870637939340732,2399.4,False,True,3,1.1122832856007578,0.8874212232731232,5,0,6,0
ELEC004142,2024-03-17,weekend,Library,08-10,0.647,2400.05,False,False,3,1.2393333333333338,0.5220548682087142,5,1,6,0
ELEC004143,2024-03-17,weekend,Library,10-12,0.848,2400.9,False,False,3,1.533333333333334,0.5530434782608693,5,2,6,0
ELEC004144,2024-03-17,weekend,Library,12-14,0.854,2401.75,False,False,3,1.4399999999999995,0.5930555555555558,5,3,6,0
ELEC004145,2024-03-17,weekend,Library,14-16,0.829,2402.58,False,False,3,1.4266666666666663,0.5810747663551402,5,4,6,0
ELEC004146,2024-03-17,weekend,Library,16-18,0.695,2403.28,False,False,3,1.248,0.5568910256410255,5,5,6,0
ELEC004147,2024-03-17,weekend,Library,18-20,0.573,2403.85,False,False,3,1.1150000000000004,0.5139013452914796,5,6,6,0
ELEC004148,2024-03-17,weekend,Library,20-22,0.493,2404.34,False,False,3,0.798,0.6177944862155388,5,7,6,0
ELEC004149,2024-03-17,weekend,Library,22-00,0.17,2404.51,False,False,3,0.3230000000000001,0.5263157894736841,5,8,6,0
ELEC004150,2024-03-17,weekend,Labs Complex,06-08,0.223,5176.81,False,False,3,0.4366666666666667,0.5106870229007633,4,0,6,0
ELEC004151,2024-03-17,weekend,Labs Complex,08-10,0.716,5177.53,False,False,3,1.2626666666666662,0.5670538542766633,4,1,6,0
ELEC004152,2024-03-17,weekend,Labs Complex,10-12,0.899,5178.43,False,False,3,1.4633333333333338,0.6143507972665146,4,2,6,0
ELEC004153,2024-03-17,weekend,Labs Complex,12-14,0.8,5179.23,False,False,3,1.3743333333333334,0.5821004123211254,4,3,6,0
ELEC004154,2024-03-17,weekend,Labs Complex,14-16,0.729,5179.96,False,False,3,1.2913333333333343,0.5645327826535875,4,4,6,0
ELEC004155,2024-03-17,weekend,Labs Complex,16-18,0.715,5180.68,False,False,3,1.2603333333333335,0.5673102353874635,4,5,6,0
ELEC004156,2024-03-17,weekend,Labs Complex,18-20,0.645,5181.33,False,False,3,1.0463333333333331,0.6164383561643836,4,6,6,0
ELEC004157,2024-03-17,weekend,Labs Complex,20-22,0.489,4798.735,False,False,3,0.832,0.5877403846153846,4,7,6,0
ELEC004158,2024-03-17,weekend,Labs Complex,22-00,0.203,5182.02,False,False,3,0.3196666666666666,0.6350364963503651,4,8,6,0
ELEC004159,2024-03-18,weekday,Academic Block A,06-08,0.771,2722.04,False,False,3,0.6283333333333335,1.2270557029177716,0,0,0,0
ELEC004160,2024-03-18,weekday,Academic Block A,08-10,2.876,2724.92,False,False,3,1.9706666666666663,1.459404600811908,0,1,0,0
ELEC004161,2024-03-18,weekday,Academic Block A,10-12,3.467,2728.39,False,False,3,2.369666666666667,1.4630749753833168,0,2,0,1
ELEC004162,2024-03-18,weekday,Academic Block A,12-14,2.957,2731.35,False,False,3,1.895333333333333,1.5601477312697851,0,3,0,0
ELEC004163,2024-03-18,weekday,Academic Block A,14-16,2.839,2734.19,False,False,3,2.009333333333333,1.4129064366290645,0,4,0,0
ELEC004164,2024-03-18,weekday,Academic Block A,16-18,2.326,2736.52,False,False,3,1.655333333333333,1.405155054369714,0,5,0,0
ELEC004165,2024-03-18,weekday,Academic Block A,18-20,2.554,2739.07,False,False,3,1.608666666666667,1.5876502279320344,0,6,0,0
ELEC004166,2024-03-18,weekday,Academic Block A,20-22,1.779,2740.85,False,False,3,1.2669999999999997,1.4041041831097083,0,7,0,0
ELEC004167,2024-03-18,weekday,Academic Block A,22-00,0.829,2741.68,False,False,3,0.5579999999999998,1.4856630824372763,0,8,0,0
ELEC004168,2024-03-18,weekday,Academic Block B,06-08,0.912,6223.3,False,False,3,0.611,1.4926350245499185,1,0,0,0
ELEC004169,2024-03-18,weekday,Academic Block B,08-10,2.372,6225.67,False,False,3,1.7423333333333335,1.3613927683183469,1,1,0,0
ELEC004170,2024-03-18,weekday,Academic Block B,10-12,3.138,6228.81,False,False,3,2.254,1.3921916592724046,1,2,0,0
ELEC004171,2024-03-18,weekday,Academic Block B,12-14,2.797,6231.61,False,False,3,1.903333333333333,1.4695271453590193,1,3,0,0
ELEC004172,2024-03-18,weekday,Academic Block B,14-16,2.842,6234.45,False,False,3,2.058333333333333,1.3807287449392711,1,4,0,0
ELEC004173,2024-03-18,weekday,Academic Block B,16-18,2.563,6237.01,False,False,3,1.8203333333333331,1.4079838857352134,1,5,0,0
ELEC004174,2024-03-18,weekday,Academic Block B,18-20,2.548,6239.56,False,False,3,1.620333333333334,1.5725159432215587,1,6,0,0
ELEC004175,2024-03-18,weekday,Academic Block B,20-22,1.972,6241.53,False,False,3,1.2799999999999996,1.5406250000000006,1,7,0,0
ELEC004176,2024-03-18,weekday,Academic Block B,22-00,0.736,6242.27,False,False,3,0.5203333333333333,1.4144778987828317,1,8,0,0
ELEC004177,2024-03-18,weekday,Hostel Block 1,06-08,1.9695712748840457,4204.07,False,True,3,0.8235237582946818,2.391638680786272,2,0,0,1
ELEC004178,2024-03-18,weekday,Hostel Block 1,08-10,1.563,4205.63,False,False,3,1.0743333333333334,1.4548557244802978,2,1,0,0
ELEC004179,2024-03-18,weekday,Hostel Block 1,10-12,1.953,4207.58,False,False,3,1.3726666666666665,1.4227780475959206,2,2,0,0
ELEC004180,2024-03-18,weekday,Hostel Block 1,12-14,1.641,4209.22,False,False,3,1.169,1.4037639007698888,2,3,0,0
ELEC004181,2024-03-18,weekday,Hostel Block 1,14-16,1.612,4210.83,False,False,3,1.174,1.3730834752981262,2,4,0,0
ELEC004182,2024-03-18,weekday,Hostel Block 1,16-18,1.548,4212.38,False,False,3,1.0153333333333334,1.5246224556795798,2,5,0,0
ELEC004183,2024-03-18,weekday,Hostel Block 1,18-20,1.117,4213.5,False,False,3,0.7953333333333336,1.404442581726739,2,6,0,0
ELEC004184,2024-03-18,weekday,Hostel Block 1,20-22,0.879,4214.38,False,False,3,0.6669999999999999,1.31784107946027,2,7,0,0
ELEC004185,2024-03-18,weekday,Hostel Block 1,22-00,0.419,4214.8,False,False,3,0.29,1.4448275862068962,2,8,0,0
ELEC004186,2024-03-18,weekday,Hostel Block 2,06-08,0.551,3948.68,False,False,3,0.3660000000000001,1.5054644808743167,3,0,0,0
ELEC004187,2024-03-18,weekday,Hostel Block 2,08-10,1.435,3950.11,False,False,3,1.032,1.3905038759689925,3,1,0,0
ELEC004188,2024-03-18,weekday,Hostel Block 2,10-12,1.639,3951.75,False,False,3,1.16,1.4129310344827588,3,2,0,0
ELEC004189,2024-03-18,weekday,Hostel Block 2,12-14,1.379,3953.13,False,False,3,1.0723333333333334,1.285980727385763,3,3,0,0
ELEC004190,2024-03-18,weekday,Hostel Block 2,14-16,1.714,3954.84,False,False,3,1.1629999999999996,1.4737747205503011,3,4,0,0
ELEC004191,2024-03-18,weekday,Hostel Block 2,16-18,1.462,3956.3,False,False,3,1.0083333333333333,1.449917355371901,3,5,0,0
ELEC004192,2024-03-18,weekday,Hostel Block 2,18-20,1.268,3957.57,False,False,3,0.8880000000000002,1.4279279279279276,3,6,0,0
ELEC004193,2024-03-18,weekday,Hostel Block 2,20-22,0.949,3958.52,False,False,3,0.6676666666666669,1.4213679480778827,3,7,0,0
ELEC004194,2024-03-18,weekday,Hostel Block 2,22-00,0.373,3958.89,False,False,3,0.269,1.3866171003717471,3,8,0,0
ELEC004195,2024-03-18,weekday,Library,06-08,0.643,2405.15,False,False,3,0.6666879313113577,0.96446923635656,5,0,0,0
ELEC004196,2024-03-18,weekday,Library,08-10,1.923,2407.07,False,False,3,1.269666666666667,1.514570753478603,5,1,0,0
ELEC004197,2024-03-18,weekday,Library,10-12,2.351,2409.42,False,False,3,1.5603333333333336,1.5067293313394572,5,2,0,0
ELEC004198,2024-03-18,weekday,Library,12-14,2.005,2411.43,False,False,3,1.4109999999999996,1.4209780297661236,5,3,0,0
ELEC004199,2024-03-18,weekday,Library,14-16,1.855,2008.86,False,False,3,1.4036666666666664,1.321538826881976,5,4,0,0
ELEC004200,2024-03-18,weekday,Library,16-18,1.898,2415.18,False,False,3,1.2803333333333335,1.482426451444936,5,5,0,0
ELEC004201,2024-03-18,weekday,Library,18-20,1.292,2416.47,False,False,3,1.0220000000000002,1.2641878669275928,5,6,0,0
ELEC004202,2024-03-18,weekday,Library,20-22,1.1,2417.57,False,False,3,0.8166666666666668,1.346938775510204,5,7,0,0
ELEC004203,2024-03-18,weekday,Library,22-00,0.456,2418.03,False,False,3,0.3253333333333334,1.4016393442622948,5,8,0,0
ELEC004204,2024-03-18,weekday,Labs Complex,06-08,0.679,5182.7,False,False,3,0.4373333333333333,1.5525914634146345,4,0,0,0
ELEC004205,2024-03-18,weekday,Labs Complex,08-10,1.583,5184.28,False,False,3,1.207333333333333,1.3111540585311987,4,1,0,0
ELEC004206,2024-03-18,weekday,Labs Complex,10-12,2.187,5186.47,False,False,3,1.5123333333333335,1.44610976416134,4,2,0,0
ELEC004207,2024-03-18,weekday,Labs Complex,12-14,1.782,5188.25,False,False,3,1.3606666666666667,1.3096521313081824,4,3,0,0
ELEC004208,2024-03-18,weekday,Labs Complex,14-16,1.861,5190.11,False,False,3,1.2946666666666675,1.4374356333676612,4,4,0,0
ELEC004209,2024-03-18,weekday,Labs Complex,16-18,1.903,5192.01,False,False,3,1.2660000000000002,1.503159557661927,4,5,0,0
ELEC004210,2024-03-18,weekday,Labs Complex,18-20,1.397,5193.41,False,False,3,1.0146666666666668,1.376806833114323,4,6,0,0
ELEC004211,2024-03-18,weekday,Labs Complex,20-22,1.077,4798.735,False,False,3,0.7716666666666666,1.3956803455723543,4,7,0,0
ELEC004212,2024-03-18,weekday,Labs Complex,22-00,0.507,5194.99,False,False,3,0.3403333333333333,1.4897159647404503,4,8,0,0
ELEC004213,2024-03-19,weekday,Academic Block A,06-08,0.765,2742.44,False,False,3,0.6440000000000002,1.1878881987577636,0,0,1,0
ELEC004214,2024-03-19,weekday,Academic Block A,08-10,2.684,2745.12,False,False,3,2.255333333333333,1.190067986993793,0,1,1,0
ELEC004215,2024-03-19,weekday,Academic Block A,10-12,3.676,2748.8,False,False,3,2.8343333333333334,1.296954016229566,0,2,1,0
ELEC004216,2024-03-19,weekday,Academic Block A,12-14,2.889,2751.69,False,False,3,2.275333333333333,1.269704072663346,0,3,1,0
ELEC004217,2024-03-19,weekday,Academic Block A,14-16,2.834,2754.52,False,False,3,2.267,1.2501102779003088,0,4,1,0
ELEC004218,2024-03-19,weekday,Academic Block A,16-18,7.887198383392032,2762.41,False,True,3,3.712066127797344,2.1247461957452027,0,5,1,1
ELEC004219,2024-03-19,weekday,Academic Block A,18-20,1.957,2764.37,False,False,3,1.79,1.0932960893854748,0,6,1,0
ELEC004220,2024-03-19,weekday,Academic Block A,20-22,1.889,2766.26,False,False,3,1.4666666666666666,1.2879545454545456,0,7,1,0
ELEC004221,2024-03-19,weekday,Academic Block A,22-00,0.839,2767.1,False,False,3,0.6483333333333331,1.2940874035989722,0,8,1,0
ELEC004222,2024-03-19,weekday,Academic Block B,06-08,1.019,6243.29,False,False,3,0.7496666666666666,1.3592707870164518,1,0,1,0
ELEC004223,2024-03-19,weekday,Academic Block B,08-10,2.752,6246.04,False,False,3,2.060666666666666,1.3354901326431574,1,1,1,0
ELEC004224,2024-03-19,weekday,Academic Block B,10-12,3.769,6249.81,False,False,3,2.720666666666667,1.3853222249448665,1,2,1,0
ELEC004225,2024-03-19,weekday,Academic Block B,12-14,2.952,6252.76,False,False,3,2.299666666666667,1.2836642991737932,1,3,1,0
ELEC004226,2024-03-19,weekday,Academic Block B,14-16,3.377,6256.14,False,False,3,2.427,1.3914297486608984,1,4,1,0
ELEC004227,2024-03-19,weekday,Academic Block B,16-18,2.869,6259.01,False,False,3,2.122,1.3520263901979266,1,5,1,0
ELEC004228,2024-03-19,weekday,Academic Block B,18-20,2.451,6261.46,False,False,3,1.966333333333334,1.2464824546533306,1,6,1,0
ELEC004229,2024-03-19,weekday,Academic Block B,20-22,1.671,6263.13,False,False,3,1.4249999999999996,1.1726315789473687,1,7,1,0
ELEC004230,2024-03-19,weekday,Academic Block B,22-00,0.845,6263.98,False,False,3,0.616,1.3717532467532467,1,8,1,0
ELEC004231,2024-03-19,weekday,Hostel Block 1,06-08,0.408,4215.21,False,False,3,0.850857091628015,0.4795164828671051,2,0,1,0
ELEC004232,2024-03-19,weekday,Hostel Block 1,08-10,1.632,4216.84,False,False,3,1.237,1.3193209377526274,2,1,1,0
ELEC004233,2024-03-19,weekday,Hostel Block 1,10-12,1.655,4218.49,False,False,3,1.4546666666666666,1.137717690192484,2,2,1,0
ELEC004234,2024-03-19,weekday,Hostel Block 1,12-14,5.503234494495719,4223.99,False,True,3,2.604744831498573,2.112772977969429,2,3,1,1
ELEC004235,2024-03-19,weekday,Hostel Block 1,14-16,1.741,4225.73,False,False,3,1.3393333333333333,1.299900447984072,2,4,1,0
ELEC004236,2024-03-19,weekday,Hostel Block 1,16-18,1.489,4227.22,False,False,3,1.1796666666666666,1.2622209663746822,2,5,1,0
ELEC004237,2024-03-19,weekday,Hostel Block 1,18-20,1.075,4228.3,False,False,3,0.8683333333333335,1.2380038387715928,2,6,1,0
ELEC004238,2024-03-19,weekday,Hostel Block 1,20-22,0.928,4229.23,False,False,3,0.7453333333333333,1.2450805008944543,2,7,1,0
ELEC004239,2024-03-19,weekday,Hostel Block 1,22-00,0.457,4229.69,False,False,3,0.3453333333333334,1.323359073359073,2,8,1,0
ELEC004240,2024-03-19,weekday,Hostel Block 2,06-08,0.462,3959.35,False,False,3,0.4023333333333334,1.148301574150787,3,0,1,0
ELEC004241,2024-03-19,weekday,Hostel Block 2,08-10,1.581,3960.93,False,False,3,1.1786666666666668,1.3413461538461535,3,1,1,0
ELEC004242,2024-03-19,weekday,Hostel Block 2,10-12,1.733,3962.66,False,False,3,1.3866666666666667,1.249759615384615,3,2,1,0
ELEC004243,2024-03-19,weekday,Hostel Block 2,12-14,1.463,3964.12,False,False,3,1.159,1.2622950819672132,3,3,1,0
ELEC004244,2024-03-19,weekday,Hostel Block 2,14-16,1.572,3965.69,False,False,3,1.3226666666666664,1.1885080645161292,3,4,1,0
ELEC004245,2024-03-19,weekday,Hostel Block 2,16-18,1.448,3967.14,False,False,3,1.1293333333333333,1.282172373081464,3,5,1,0
ELEC004246,2024-03-19,weekday,Hostel Block 2,18-20,1.358,3635.895,False,False,3,1.0243333333333338,1.3257403189066057,3,6,1,0
ELEC004247,2024-03-19,weekday,Hostel Block 2,20-22,1.087,3969.59,False,False,3,0.790666666666667,1.3747892074198982,3,7,1,0
ELEC004248,2024-03-19,weekday,Hostel Block 2,22-00,0.384,3969.97,False,False,3,0.3083333333333333,1.2454054054054051,3,8,1,0
ELEC004249,2024-03-19,weekday,Library,06-08,0.606,2418.64,False,False,3,0.7453545979780243,0.8130358377662641,5,0,1,0
ELEC004250,2024-03-19,weekday,Library,08-10,1.658,2420.3,False,False,3,1.4093333333333338,1.1764427625354774,5,1,1,0
ELEC004251,2024-03-19,weekday,Library,10-12,2.469,2422.77,False,False,3,1.8893333333333335,1.306810162314749,5,2,1,0
ELEC004252,2024-03-19,weekday,Library,12-14,1.645,2424.41,False,False,3,1.5013333333333323,1.09569271758437,5,3,1,0
ELEC004253,2024-03-19,weekday,Library,14-16,1.778,2426.19,False,False,3,1.4873333333333332,1.1954280591662934,5,4,1,0
ELEC004254,2024-03-19,weekday,Library,16-18,1.608,2427.8,False,False,3,1.4003333333333334,1.1482980242799334,5,5,1,0
ELEC004255,2024-03-19,weekday,Library,18-20,1.303,2429.1,False,False,3,1.0560000000000005,1.2339015151515147,5,6,1,0
ELEC004256,2024-03-19,weekday,Library,20-22,1.205,2430.3,False,False,3,0.9326666666666666,1.2919942816297356,5,7,1,0
ELEC004257,2024-03-19,weekday,Library,22-00,0.505,2430.81,False,False,3,0.377,1.3395225464190978,5,8,1,0
ELEC004258,2024-03-19,weekday,Labs Complex,06-08,0.639,5195.63,False,False,3,0.5136666666666667,1.2439974042829332,4,0,1,0
ELEC004259,2024-03-19,weekday,Labs Complex,08-10,1.9,5197.53,False,False,3,1.399666666666666,1.357466063348417,4,1,1,0
ELEC004260,2024-03-19,weekday,Labs Complex,10-12,1.891,5199.42,False,False,3,1.6590000000000005,1.1398432790837851,4,2,1,0
ELEC004261,2024-03-19,weekday,Labs Complex,12-14,2.01,5201.43,False,False,3,1.5306666666666666,1.3131533101045296,4,3,1,0
ELEC004262,2024-03-19,weekday,Labs Complex,14-16,2.031,5203.46,False,False,3,1.540333333333334,1.3185457693140008,4,4,1,0
ELEC004263,2024-03-19,weekday,Labs Complex,16-18,1.521,5204.98,False,False,3,1.379666666666667,1.1024402029475715,4,5,1,0
ELEC004264,2024-03-19,weekday,Labs Complex,18-20,1.696,5206.68,False,False,3,1.2460000000000002,1.3611556982343496,4,6,1,0
ELEC004265,2024-03-19,weekday,Labs Complex,20-22,1.257,5207.94,False,False,3,0.9409999999999998,1.3358129649309247,4,7,1,0
ELEC004266,2024-03-19,weekday,Labs Complex,22-00,0.466,5208.41,False,False,3,0.392,1.1887755102040816,4,8,1,0
ELEC004267,2024-03-20,weekday,Academic Block A,06-08,1.0,2768.1,False,False,3,0.8453333333333336,1.182965299684542,0,0,2,0
ELEC004268,2024-03-20,weekday,Academic Block A,08-10,3.086,2771.19,False,False,3,2.882,1.0707841776544067,0,1,2,0
ELEC004269,2024-03-20,weekday,Academic Block A,10-12,3.1,2774.29,False,False,3,3.414333333333333,0.9079371277945916,0,2,2,0
ELEC004270,2024-03-20,weekday,Academic Block A,12-14,2.812,2777.1,False,False,3,2.886,0.9743589743589745,0,3,2,0
ELEC004271,2024-03-20,weekday,Academic Block A,14-16,2.894,2779.99,False,False,3,2.8556666666666666,1.0134236021944671,0,4,2,0
ELEC004272,2024-03-20,weekday,Academic Block A,16-18,2.329,2782.32,False,False,3,4.180732794464011,0.5570793720861533,0,5,2,1
ELEC004273,2024-03-20,weekday,Academic Block A,18-20,2.419,2784.74,False,False,3,2.31,1.0471861471861472,0,6,2,0
ELEC004274,2024-03-20,weekday,Academic Block A,20-22,1.817,2786.56,False,False,3,1.8283333333333327,0.9938012762078396,0,7,2,0
ELEC004275,2024-03-20,weekday,Academic Block A,22-00,0.844,2787.4,False,False,3,0.8373333333333332,1.0079617834394907,0,8,2,0
ELEC004276,2024-03-20,weekday,Academic Block B,06-08,0.911,6264.89,False,False,3,0.9473333333333332,0.96164672765658,1,0,2,0
ELEC004277,2024-03-20,weekday,Academic Block B,08-10,2.407,6267.3,False,False,3,2.510333333333333,0.9588368078608418,1,1,2,0
ELEC004278,2024-03-20,weekday,Academic Block B,10-12,3.028,6270.33,False,False,3,3.311666666666667,0.9143432310015096,1,2,2,0
ELEC004279,2024-03-20,weekday,Academic Block B,12-14,2.831,6273.16,False,False,3,2.86,0.98986013986014,1,3,2,0
ELEC004280,2024-03-20,weekday,Academic Block B,14-16,3.061,6276.22,False,False,3,3.0933333333333333,0.9895474137931034,1,4,2,0
ELEC004281,2024-03-20,weekday,Academic Block B,16-18,2.234,6278.45,False,False,3,2.555333333333333,0.8742499347769371,1,5,2,0
ELEC004282,2024-03-20,weekday,Academic Block B,18-20,2.356,6280.81,False,False,3,2.4516666666666675,0.9609789259007474,1,6,2,0
ELEC004283,2024-03-20,weekday,Academic Block B,20-22,1.581,6282.39,False,False,3,1.7413333333333327,0.9079249617151612,1,7,2,0
ELEC004284,2024-03-20,weekday,Academic Block B,22-00,0.773,6283.16,False,False,3,0.7846666666666667,0.9851316907391672,1,8,2,0
ELEC004285,2024-03-20,weekday,Hostel Block 1,06-08,0.472,4230.16,False,False,3,0.9498570916280152,0.496916856398905,2,0,2,0
ELEC004286,2024-03-20,weekday,Hostel Block 1,08-10,1.623,4231.78,False,False,3,1.606,1.010585305105853,2,1,2,0
ELEC004287,2024-03-20,weekday,Hostel Block 1,10-12,1.928,4233.71,False,False,3,1.8453333333333333,1.0447976878612717,2,2,2,0
ELEC004288,2024-03-20,weekday,Hostel Block 1,12-14,1.346,4235.06,False,False,3,2.8300781648319067,0.4756052383026481,2,3,2,0
ELEC004289,2024-03-20,weekday,Hostel Block 1,14-16,1.547,4236.61,False,False,3,1.633333333333333,0.9471428571428572,2,4,2,0
ELEC004290,2024-03-20,weekday,Hostel Block 1,16-18,1.534,4238.14,False,False,3,1.5236666666666665,1.006781885801794,2,5,2,0
ELEC004291,2024-03-20,weekday,Hostel Block 1,18-20,1.057,4239.2,False,False,3,1.0830000000000002,0.9759926131117264,2,6,2,0
ELEC004292,2024-03-20,weekday,Hostel Block 1,20-22,0.867,4240.07,False,False,3,0.8913333333333333,0.9727000747943156,2,7,2,0
ELEC004293,2024-03-20,weekday,Hostel Block 1,22-00,0.422,4240.49,False,False,3,0.4326666666666667,0.975346687211094,2,8,2,0
ELEC004294,2024-03-20,weekday,Hostel Block 2,06-08,0.473,3970.44,False,False,3,0.4953333333333334,0.9549125168236876,3,0,2,0
ELEC004295,2024-03-20,weekday,Hostel Block 2,08-10,1.266,3971.71,False,False,3,1.4273333333333331,0.8869687062120505,3,1,2,0
ELEC004296,2024-03-20,weekday,Hostel Block 2,10-12,1.595,3973.3,False,False,3,1.6556666666666666,0.9633581638816188,3,2,2,0
ELEC004297,2024-03-20,weekday,Hostel Block 2,12-14,1.606,3974.91,False,False,3,1.4826666666666668,1.08318345323741,3,3,2,0
ELEC004298,2024-03-20,weekday,Hostel Block 2,14-16,4.142034157715679,3979.05,False,True,3,2.476011385905226,1.6728655535650363,3,4,2,0
ELEC004299,2024-03-20,weekday,Hostel Block 2,16-18,1.256,3980.31,False,False,3,1.3886666666666667,0.9044647143542968,3,5,2,0
ELEC004300,2024-03-20,weekday,Hostel Block 2,18-20,1.204,3981.51,False,False,3,1.276666666666667,0.9430809399477804,3,6,2,0
ELEC004301,2024-03-20,weekday,Hostel Block 2,20-22,0.933,3982.44,False,False,3,0.9896666666666668,0.9427416638598852,3,7,2,0
ELEC004302,2024-03-20,weekday,Hostel Block 2,22-00,0.422,3982.86,False,False,3,0.393,1.0737913486005088,3,8,2,0
ELEC004303,2024-03-20,weekday,Library,06-08,0.687,2431.5,False,False,3,0.6453333333333333,1.0645661157024795,5,0,2,0
ELEC004304,2024-03-20,weekday,Library,08-10,1.847,2008.86,False,False,3,1.8093333333333337,1.020817980840088,5,1,2,0
ELEC004305,2024-03-20,weekday,Library,10-12,2.28,2435.63,False,False,3,2.366666666666667,0.9633802816901406,5,2,2,0
ELEC004306,2024-03-20,weekday,Library,12-14,2.133,2437.76,False,False,3,1.927666666666666,1.1065191077295526,5,3,2,0
ELEC004307,2024-03-20,weekday,Library,14-16,1.777,2439.54,False,False,3,1.803333333333333,0.9853974121996304,5,4,2,0
ELEC004308,2024-03-20,weekday,Library,16-18,7.123968775046108,2446.66,False,True,3,3.543322925015369,2.0105333117543065,5,5,2,1
ELEC004309,2024-03-20,weekday,Library,18-20,1.693,2448.35,False,False,3,1.4293333333333338,1.1844682835820892,5,6,2,0
ELEC004310,2024-03-20,weekday,Library,20-22,1.262,2449.61,False,False,3,1.189,1.0613961312026914,5,7,2,0
ELEC004311,2024-03-20,weekday,Library,22-00,0.547,2450.16,False,False,3,0.5026666666666668,1.0881962864721484,5,8,2,0
ELEC004312,2024-03-20,weekday,Labs Complex,06-08,0.583,5208.99,False,False,3,0.6336666666666667,0.9200420831141504,4,0,2,0
ELEC004313,2024-03-20,weekday,Labs Complex,08-10,1.555,5210.55,False,False,3,1.679333333333333,0.9259626836046052,4,1,2,0
ELEC004314,2024-03-20,weekday,Labs Complex,10-12,1.876,5212.43,False,False,3,1.9846666666666668,0.945246892845146,4,2,2,0
ELEC004315,2024-03-20,weekday,Labs Complex,12-14,2.037,5214.47,False,False,3,1.943,1.0483787956767885,4,3,2,0
ELEC004316,2024-03-20,weekday,Labs Complex,14-16,2.064,5216.53,False,False,3,1.9853333333333345,1.0396239086635322,4,4,2,0
ELEC004317,2024-03-20,weekday,Labs Complex,16-18,1.711,5218.24,False,False,3,1.711666666666667,0.9996105160662122,4,5,2,0
ELEC004318,2024-03-20,weekday,Labs Complex,18-20,1.444,5219.68,False,False,3,1.5123333333333333,0.9548159576812872,4,6,2,0
ELEC004319,2024-03-20,weekday,Labs Complex,20-22,1.177,5220.86,False,False,3,1.1703333333333334,1.005696382796924,4,7,2,0
ELEC004320,2024-03-20,weekday,Labs Complex,22-00,0.517,5221.38,False,False,3,0.4966666666666666,1.0409395973154365,4,8,2,0
ELEC004321,2024-03-21,weekday,Academic Block A,06-08,0.939,2788.34,False,False,3,0.9013333333333337,1.0417899408284022,0,0,3,0
ELEC004322,2024-03-21,weekday,Academic Block A,08-10,2.845,2791.18,False,False,3,2.871666666666666,0.9907138711549626,0,1,3,0
ELEC004323,2024-03-21,weekday,Academic Block A,10-12,3.729,2794.91,False,False,3,3.501666666666667,1.0649214659685864,0,2,3,0
ELEC004324,2024-03-21,weekday,Academic Block A,12-14,2.931,2797.84,False,False,3,2.877333333333333,1.018651529193698,0,3,3,0
ELEC004325,2024-03-21,weekday,Academic Block A,14-16,2.597,2800.44,False,False,3,2.775,0.9358558558558558,0,4,3,0
ELEC004326,2024-03-21,weekday,Academic Block A,16-18,2.893,2803.33,False,False,3,4.369732794464011,0.6620542115676099,0,5,3,1
ELEC004327,2024-03-21,weekday,Academic Block A,18-20,2.49,2805.82,False,False,3,2.288666666666667,1.0879697057966793,0,6,3,0
ELEC004328,2024-03-21,weekday,Academic Block A,20-22,1.958,2807.78,False,False,3,1.888,1.0370762711864407,0,7,3,0
ELEC004329,2024-03-21,weekday,Academic Block A,22-00,0.775,2808.56,False,False,3,0.8193333333333332,0.9458909682668838,0,8,3,0
ELEC004330,2024-03-21,weekday,Academic Block B,06-08,0.821,6283.98,False,False,3,0.917,0.8953107960741549,1,0,3,0
ELEC004331,2024-03-21,weekday,Academic Block B,08-10,2.583,6286.56,False,False,3,2.580666666666667,1.0009041591320071,1,1,3,0
ELEC004332,2024-03-21,weekday,Academic Block B,10-12,3.053,6289.61,False,False,3,3.283333333333333,0.9298477157360406,1,2,3,0
ELEC004333,2024-03-21,weekday,Academic Block B,12-14,2.98,6292.59,False,False,3,2.921,1.0201985621362548,1,3,3,0
ELEC004334,2024-03-21,weekday,Academic Block B,14-16,2.611,6295.2,False,False,3,3.0163333333333333,0.8656205105536524,1,4,3,0
ELEC004335,2024-03-21,weekday,Academic Block B,16-18,2.344,6297.54,False,False,3,2.482333333333333,0.9442728615549888,1,5,3,0
ELEC004336,2024-03-21,weekday,Academic Block B,18-20,1.997,6299.54,False,False,3,2.2680000000000007,0.880511463844797,1,6,3,0
ELEC004337,2024-03-21,weekday,Academic Block B,20-22,1.769,6301.31,False,False,3,1.6736666666666664,1.056960764787891,1,7,3,0
ELEC004338,2024-03-21,weekday,Academic Block B,22-00,0.642,6301.95,False,False,3,0.7533333333333333,0.852212389380531,1,8,3,0
ELEC004339,2024-03-21,weekday,Hostel Block 1,06-08,0.514,4241.0,False,False,3,0.4646666666666665,1.1061692969870878,2,0,3,0
ELEC004340,2024-03-21,weekday,Hostel Block 1,08-10,1.331,4242.33,False,False,3,1.5286666666666668,0.8706934147405145,2,1,3,0
ELEC004341,2024-03-21,weekday,Hostel Block 1,10-12,1.794,4244.12,False,False,3,1.7923333333333331,1.0009298865538403,2,2,3,0
ELEC004342,2024-03-21,weekday,Hostel Block 1,12-14,1.722,3899.35,False,False,3,2.8570781648319064,0.6027136468285292,2,3,3,0
ELEC004343,2024-03-21,weekday,Hostel Block 1,14-16,1.754,4247.6,False,False,3,1.6806666666666663,1.0436334787782626,2,4,3,0
ELEC004344,2024-03-21,weekday,Hostel Block 1,16-18,1.532,4249.13,False,False,3,1.518333333333333,1.009001097694841,2,5,3,0
ELEC004345,2024-03-21,weekday,Hostel Block 1,18-20,1.198,4250.33,False,False,3,1.11,1.0792792792792791,2,6,3,0
ELEC004346,2024-03-21,weekday,Hostel Block 1,20-22,0.989,4251.32,False,False,3,0.928,1.0657327586206895,2,7,3,0
ELEC004347,2024-03-21,weekday,Hostel Block 1,22-00,0.354,4251.67,False,False,3,0.411,0.8613138686131385,2,8,3,0
ELEC004348,2024-03-21,weekday,Hostel Block 2,06-08,0.51,3983.37,False,False,3,0.4816666666666667,1.0588235294117647,3,0,3,0
ELEC004349,2024-03-21,weekday,Hostel Block 2,08-10,1.298,3984.67,False,False,3,1.3816666666666668,0.9394451145958986,3,1,3,0
ELEC004350,2024-03-21,weekday,Hostel Block 2,10-12,1.951,3986.62,False,False,3,1.7596666666666667,1.108732714529267,3,2,3,0
ELEC004351,2024-03-21,weekday,Hostel Block 2,12-14,1.486,3988.11,False,False,3,1.518333333333333,0.9787047200878156,3,3,3,0
ELEC004352,2024-03-21,weekday,Hostel Block 2,14-16,1.815,3989.93,False,False,3,2.5096780525718927,0.7232003316680425,3,4,3,0
ELEC004353,2024-03-21,weekday,Hostel Block 2,16-18,1.394,3991.32,False,False,3,1.366,1.020497803806735,3,5,3,0
ELEC004354,2024-03-21,weekday,Hostel Block 2,18-20,1.277,3992.6,False,False,3,1.2796666666666672,0.997916123990622,3,6,3,0
ELEC004355,2024-03-21,weekday,Hostel Block 2,20-22,1.046,3993.65,False,False,3,1.0220000000000002,1.0234833659491192,3,7,3,0
ELEC004356,2024-03-21,weekday,Hostel Block 2,22-00,0.454,3994.1,False,False,3,0.42,1.080952380952381,3,8,3,0
ELEC004357,2024-03-21,weekday,Library,06-08,0.622,2450.78,False,False,3,0.6383333333333333,0.9744125326370756,5,0,3,0
ELEC004358,2024-03-21,weekday,Library,08-10,1.695,2452.48,False,False,3,1.7333333333333336,0.9778846153846152,5,1,3,0
ELEC004359,2024-03-21,weekday,Library,10-12,2.276,2454.76,False,False,3,2.341666666666667,0.9719572953736654,5,2,3,0
ELEC004360,2024-03-21,weekday,Library,12-14,1.854,2456.61,False,False,3,1.8773333333333329,0.9875710227272732,5,3,3,0
ELEC004361,2024-03-21,weekday,Library,14-16,2.29,2458.9,False,False,3,1.948333333333333,1.1753635585970916,5,4,3,0
ELEC004362,2024-03-21,weekday,Library,16-18,1.537,2460.44,False,False,3,3.422989591682036,0.4490226916654828,5,5,3,1
ELEC004363,2024-03-21,weekday,Library,18-20,1.425,2461.87,False,False,3,1.4736666666666671,0.9669757973309204,5,6,3,0
ELEC004364,2024-03-21,weekday,Library,20-22,1.092,2462.96,False,False,3,1.1863333333333337,0.920483281820736,5,7,3,0
ELEC004365,2024-03-21,weekday,Library,22-00,0.453,2463.41,False,False,3,0.5016666666666668,0.9029900332225912,5,8,3,0
ELEC004366,2024-03-21,weekday,Labs Complex,06-08,0.672,5222.05,False,False,3,0.6313333333333334,1.0644139387539595,4,0,3,0
ELEC004367,2024-03-21,weekday,Labs Complex,08-10,1.872,5223.92,False,False,3,1.775666666666666,1.0542519241599404,4,1,3,0
ELEC004368,2024-03-21,weekday,Labs Complex,10-12,2.403,5226.32,False,False,3,2.056666666666667,1.1683954619124794,4,2,3,0
ELEC004369,2024-03-21,weekday,Labs Complex,12-14,2.0,5228.32,False,False,3,2.0156666666666667,0.992227550851662,4,3,3,0
ELEC004370,2024-03-21,weekday,Labs Complex,14-16,1.95,5230.27,False,False,3,2.015000000000001,0.9677419354838704,4,4,3,0
ELEC004371,2024-03-21,weekday,Labs Complex,16-18,1.745,4798.735,False,False,3,1.6590000000000005,1.0518384569017478,4,5,3,0
ELEC004372,2024-03-21,weekday,Labs Complex,18-20,1.637,5233.65,False,False,3,1.5923333333333334,1.0280510780824783,4,6,3,0
ELEC004373,2024-03-21,weekday,Labs Complex,20-22,1.205,5234.85,False,False,3,1.213,0.9934047815333884,4,7,3,0
ELEC004374,2024-03-21,weekday,Labs Complex,22-00,0.5,5235.35,False,False,3,0.4943333333333333,1.0114632501685772,4,8,3,0
ELEC004375,2024-03-22,weekday,Academic Block A,06-08,0.854,2809.41,False,False,3,0.9310000000000002,0.9172932330827066,0,0,4,0
ELEC004376,2024-03-22,weekday,Academic Block A,08-10,2.513,2811.92,False,False,3,2.814666666666666,0.8928233064898153,0,1,4,0
ELEC004377,2024-03-22,weekday,Academic Block A,10-12,3.582,2815.5,False,False,3,3.470333333333333,1.032177504562482,0,2,4,0
ELEC004378,2024-03-22,weekday,Academic Block A,12-14,2.797,2818.3,False,False,3,2.8466666666666662,0.9825526932084312,0,3,4,0
ELEC004379,2024-03-22,weekday,Academic Block A,14-16,3.107,2821.41,False,False,3,2.866,1.084089323098395,0,4,4,0
ELEC004380,2024-03-22,weekday,Academic Block A,16-18,2.888,2824.3,False,False,3,2.7033333333333336,1.0683107274969172,0,5,4,0
ELEC004381,2024-03-22,weekday,Academic Block A,18-20,2.581,2138.22,False,False,3,2.4966666666666666,1.0337783711615487,0,6,4,0
ELEC004382,2024-03-22,weekday,Academic Block A,20-22,1.593,2828.47,False,False,3,1.7893333333333328,0.890275707898659,0,7,4,0
ELEC004383,2024-03-22,weekday,Academic Block A,22-00,0.667,2829.14,False,False,3,0.7619999999999999,0.8753280839895015,0,8,4,0
ELEC004384,2024-03-22,weekday,Academic Block B,06-08,0.932,6302.88,False,False,3,0.888,1.0495495495495497,1,0,4,0
ELEC004385,2024-03-22,weekday,Academic Block B,08-10,2.655,5630.25,False,False,3,2.5483333333333333,1.0418574231523872,1,1,4,0
ELEC004386,2024-03-22,weekday,Academic Block B,10-12,3.485,6309.02,False,False,3,3.1886666666666663,1.0929333054568264,1,2,4,0
ELEC004387,2024-03-22,weekday,Academic Block B,12-14,2.587,6311.61,False,False,3,2.799333333333333,0.9241486068111456,1,3,4,0
ELEC004388,2024-03-22,weekday,Academic Block B,14-16,3.205,6314.81,False,False,3,2.959,1.0831361946603584,1,4,4,0
ELEC004389,2024-03-22,weekday,Academic Block B,16-18,2.906,6317.72,False,False,3,2.494666666666667,1.1648850881881347,1,5,4,0
ELEC004390,2024-03-22,weekday,Academic Block B,18-20,2.227,6319.95,False,False,3,2.193333333333334,1.015349544072948,1,6,4,0
ELEC004391,2024-03-22,weekday,Academic Block B,20-22,1.931,6321.88,False,False,3,1.7603333333333329,1.096951334974437,1,7,4,0
ELEC004392,2024-03-22,weekday,Academic Block B,22-00,0.854,6322.73,False,False,3,0.7563333333333334,1.1291317761128248,1,8,4,0
ELEC004393,2024-03-22,weekday,Hostel Block 1,06-08,0.488,4252.16,False,False,3,0.4913333333333332,0.9932157394843965,2,0,4,0
ELEC004394,2024-03-22,weekday,Hostel Block 1,08-10,1.638,4253.8,False,False,3,1.5306666666666668,1.070121951219512,2,1,4,0
ELEC004395,2024-03-22,weekday,Hostel Block 1,10-12,1.999,4255.8,False,False,3,1.907,1.0482433141059255,2,2,4,0
ELEC004396,2024-03-22,weekday,Hostel Block 1,12-14,1.34,3899.35,False,False,3,1.4693333333333334,0.911978221415608,2,3,4,0
ELEC004397,2024-03-22,weekday,Hostel Block 1,14-16,1.683,4258.82,False,False,3,1.661333333333333,1.0130417335473516,2,4,4,0
ELEC004398,2024-03-22,weekday,Hostel Block 1,16-18,1.242,4260.06,False,False,3,1.436,0.8649025069637883,2,5,4,0
ELEC004399,2024-03-22,weekday,Hostel Block 1,18-20,1.337,4261.4,False,False,3,1.1973333333333336,1.116648106904231,2,6,4,0
ELEC004400,2024-03-22,weekday,Hostel Block 1,20-22,0.835,4262.23,False,False,3,0.8969999999999999,0.9308807134894092,2,7,4,0
ELEC004401,2024-03-22,weekday,Hostel Block 1,22-00,0.36,4262.59,False,False,3,0.3786666666666667,0.9507042253521124,2,8,4,0
ELEC004402,2024-03-22,weekday,Hostel Block 2,06-08,0.487,3635.895,False,False,3,0.49,0.993877551020408,3,0,4,0
ELEC004403,2024-03-22,weekday,Hostel Block 2,08-10,1.277,3995.86,False,False,3,1.280333333333333,0.9973965113251756,3,1,4,0
ELEC004404,2024-03-22,weekday,Hostel Block 2,10-12,1.925,3997.79,False,False,3,1.8236666666666668,1.0555657101078413,3,2,4,0
ELEC004405,2024-03-22,weekday,Hostel Block 2,12-14,1.37,3999.16,False,False,3,1.4873333333333332,0.9211116091438818,3,3,4,0
ELEC004406,2024-03-22,weekday,Hostel Block 2,14-16,1.428,4000.59,False,False,3,2.461678052571893,0.5800921036396555,3,4,4,0
ELEC004407,2024-03-22,weekday,Hostel Block 2,16-18,1.36,4001.95,False,False,3,1.336666666666667,1.0174563591022443,3,5,4,0
ELEC004408,2024-03-22,weekday,Hostel Block 2,18-20,1.274,4003.22,False,False,3,1.251666666666667,1.017842876165113,3,6,4,0
ELEC004409,2024-03-22,weekday,Hostel Block 2,20-22,0.963,4004.18,False,False,3,0.9806666666666668,0.9819850441876272,3,7,4,0
ELEC004410,2024-03-22,weekday,Hostel Block 2,22-00,0.351,3635.895,False,False,3,0.409,0.8581907090464548,3,8,4,0
ELEC004411,2024-03-22,weekday,Library,06-08,0.559,2463.97,False,False,3,0.6226666666666667,0.8977516059957173,5,0,4,0
ELEC004412,2024-03-22,weekday,Library,08-10,1.694,2465.66,False,False,3,1.7453333333333336,0.9705882352941174,5,1,4,0
ELEC004413,2024-03-22,weekday,Library,10-12,2.093,2467.75,False,False,3,2.216333333333333,0.9443525342156714,5,2,4,0
ELEC004414,2024-03-22,weekday,Library,12-14,1.952,2469.7,False,False,3,1.979666666666666,0.986024583263176,5,3,4,0
ELEC004415,2024-03-22,weekday,Library,14-16,2.149,2471.85,False,False,3,2.072,1.0371621621621625,5,4,4,0
ELEC004416,2024-03-22,weekday,Library,16-18,1.445,2473.3,False,False,3,3.3686562583487025,0.428954422529395,5,5,4,1
ELEC004417,2024-03-22,weekday,Library,18-20,1.518,2474.82,False,False,3,1.5453333333333337,0.9823123382226054,5,6,4,0
ELEC004418,2024-03-22,weekday,Library,20-22,1.358,2476.18,False,False,3,1.2373333333333336,1.0975215517241377,5,7,4,0
ELEC004419,2024-03-22,weekday,Library,22-00,0.549,2476.73,False,False,3,0.5163333333333334,1.0632666236281472,5,8,4,0
ELEC004420,2024-03-22,weekday,Labs Complex,06-08,0.621,5235.97,False,False,3,0.6253333333333333,0.9930703624733476,4,0,4,0
ELEC004421,2024-03-22,weekday,Labs Complex,08-10,1.642,5237.61,False,False,3,1.6896666666666664,0.971789307555731,4,1,4,0
ELEC004422,2024-03-22,weekday,Labs Complex,10-12,2.502,5240.11,False,False,3,2.260333333333333,1.106916384014157,4,2,4,0
ELEC004423,2024-03-22,weekday,Labs Complex,12-14,1.752,5241.86,False,False,3,1.9296666666666664,0.9079288305406806,4,3,4,0
ELEC004424,2024-03-22,weekday,Labs Complex,14-16,2.219,5244.08,False,False,3,2.077666666666668,1.068025028076367,4,4,4,0
ELEC004425,2024-03-22,weekday,Labs Complex,16-18,1.659,5245.74,False,False,3,1.7050000000000003,0.9730205278592374,4,5,4,0
ELEC004426,2024-03-22,weekday,Labs Complex,18-20,1.429,5247.17,False,False,3,1.5033333333333336,0.9505543237250552,4,6,4,0
ELEC004427,2024-03-22,weekday,Labs Complex,20-22,1.02,5248.19,False,False,3,1.134,0.8994708994708994,4,7,4,0
ELEC004428,2024-03-22,weekday,Labs Complex,22-00,0.536,5248.73,False,False,3,0.5176666666666666,1.0354153251770768,4,8,4,0
ELEC004429,2024-03-23,saturday,Academic Block A,06-08,0.683,2829.82,False,False,3,0.8253333333333335,0.8275444264943457,0,0,5,0
ELEC004430,2024-03-23,saturday,Academic Block A,08-10,1.962,2831.78,False,False,3,2.4399999999999995,0.8040983606557378,0,1,5,0
ELEC004431,2024-03-23,saturday,Academic Block A,10-12,2.17,2833.95,False,False,3,3.160333333333333,0.6866364307562492,0,2,5,0
ELEC004432,2024-03-23,saturday,Academic Block A,12-14,2.153,2836.1,False,False,3,2.627,0.8195660449181575,0,3,5,0
ELEC004433,2024-03-23,saturday,Academic Block A,14-16,1.991,2838.09,False,False,3,2.565,0.7762183235867447,0,4,5,0
ELEC004434,2024-03-23,saturday,Academic Block A,16-18,1.591,2839.68,False,False,3,2.457333333333333,0.6474498100922409,0,5,5,0
ELEC004435,2024-03-23,saturday,Academic Block A,18-20,1.665,2841.34,False,False,3,2.2453333333333334,0.7415380047505938,0,6,5,0
ELEC004436,2024-03-23,saturday,Academic Block A,20-22,1.37,2842.71,False,False,3,1.6403333333333332,0.8351960983539932,0,7,5,0
ELEC004437,2024-03-23,saturday,Academic Block A,22-00,0.466,2843.18,False,False,3,0.636,0.7327044025157233,0,8,5,0
ELEC004438,2024-03-23,saturday,Academic Block B,06-08,0.648,6323.38,False,False,3,0.8003333333333332,0.8096626405664308,1,0,5,0
ELEC004439,2024-03-23,saturday,Academic Block B,08-10,1.884,6325.26,False,False,3,2.374,0.7935973041280538,1,1,5,0
ELEC004440,2024-03-23,saturday,Academic Block B,10-12,2.462,6327.72,False,False,3,3.0,0.8206666666666668,1,2,5,0
ELEC004441,2024-03-23,saturday,Academic Block B,12-14,2.158,6329.88,False,False,3,2.5750000000000006,0.8380582524271842,1,3,5,0
ELEC004442,2024-03-23,saturday,Academic Block B,14-16,1.854,6331.73,False,False,3,2.556666666666666,0.7251629726205998,1,4,5,0
ELEC004443,2024-03-23,saturday,Academic Block B,16-18,1.972,6333.7,False,False,3,2.4073333333333333,0.8191636665743561,1,5,5,0
ELEC004444,2024-03-23,saturday,Academic Block B,18-20,1.352,6335.05,False,False,3,1.8586666666666676,0.7274031563845048,1,6,5,0
ELEC004445,2024-03-23,saturday,Academic Block B,20-22,1.446,6336.5,False,False,3,1.715333333333333,0.8429848425961913,1,7,5,0
ELEC004446,2024-03-23,saturday,Academic Block B,22-00,0.524,6337.02,False,False,3,0.6733333333333332,0.7782178217821784,1,8,5,0
ELEC004447,2024-03-23,saturday,Hostel Block 1,06-08,0.341,4262.93,False,False,3,0.4476666666666666,0.761727475800447,2,0,5,0
ELEC004448,2024-03-23,saturday,Hostel Block 1,08-10,0.972,4263.9,False,False,3,1.3136666666666663,0.739913727480335,2,1,5,0
ELEC004449,2024-03-23,saturday,Hostel Block 1,10-12,1.355,4265.25,False,False,3,1.716,0.7896270396270396,2,2,5,0
ELEC004450,2024-03-23,saturday,Hostel Block 1,12-14,1.112,4266.36,False,False,3,1.3913333333333335,0.7992333493052227,2,3,5,0
ELEC004451,2024-03-23,saturday,Hostel Block 1,14-16,1.057,4267.42,False,False,3,1.498,0.7056074766355139,2,4,5,0
ELEC004452,2024-03-23,saturday,Hostel Block 1,16-18,0.943,4268.36,False,False,3,1.239,0.7610976594027441,2,5,5,0
ELEC004453,2024-03-23,saturday,Hostel Block 1,18-20,0.895,4269.26,False,False,3,1.1433333333333335,0.7827988338192419,2,6,5,0
ELEC004454,2024-03-23,saturday,Hostel Block 1,20-22,0.718,4269.98,False,False,3,0.8473333333333333,0.8473642800944139,2,7,5,0
ELEC004455,2024-03-23,saturday,Hostel Block 1,22-00,0.264,4270.24,False,False,3,0.326,0.8098159509202454,2,8,5,0
ELEC004456,2024-03-23,saturday,Hostel Block 2,06-08,0.327,4004.86,False,False,3,0.4413333333333333,0.7409365558912386,3,0,5,0
ELEC004457,2024-03-23,saturday,Hostel Block 2,08-10,1.055,4005.91,False,False,3,1.21,0.871900826446281,3,1,5,0
ELEC004458,2024-03-23,saturday,Hostel Block 2,10-12,1.059,4006.97,False,False,3,1.6450000000000002,0.6437689969604862,3,2,5,0
ELEC004459,2024-03-23,saturday,Hostel Block 2,12-14,1.083,4008.05,False,False,3,1.313,0.8248286367098249,3,3,5,0
ELEC004460,2024-03-23,saturday,Hostel Block 2,14-16,1.056,4009.11,False,False,3,1.4329999999999998,0.7369155617585487,3,4,5,0
ELEC004461,2024-03-23,saturday,Hostel Block 2,16-18,1.076,4010.19,False,False,3,1.2766666666666666,0.8428198433420366,3,5,5,0
ELEC004462,2024-03-23,saturday,Hostel Block 2,18-20,0.792,4010.98,False,False,3,1.1143333333333336,0.7107388573137898,3,6,5,0
ELEC004463,2024-03-23,saturday,Hostel Block 2,20-22,0.67,4011.65,False,False,3,0.8930000000000001,0.7502799552071668,3,7,5,0
ELEC004464,2024-03-23,saturday,Hostel Block 2,22-00,0.265,4011.91,False,False,3,0.3566666666666667,0.7429906542056075,3,8,5,0
ELEC004465,2024-03-23,saturday,Library,06-08,0.469,2477.2,False,False,3,0.5499999999999999,0.8527272727272728,5,0,5,0
ELEC004466,2024-03-23,saturday,Library,08-10,1.404,2478.6,False,False,3,1.597666666666667,0.8787815564364696,5,1,5,0
ELEC004467,2024-03-23,saturday,Library,10-12,1.624,2480.22,False,False,3,1.9976666666666671,0.8129484398464875,5,2,5,0
ELEC004468,2024-03-23,saturday,Library,12-14,1.387,2481.61,False,False,3,1.7309999999999992,0.8012709416522246,5,3,5,0
ELEC004469,2024-03-23,saturday,Library,14-16,1.296,2482.91,False,False,3,1.9116666666666664,0.67794245858762,5,4,5,0
ELEC004470,2024-03-23,saturday,Library,16-18,1.164,2484.07,False,False,3,1.3820000000000006,0.8422575976845148,5,5,5,0
ELEC004471,2024-03-23,saturday,Library,18-20,1.088,2485.16,False,False,3,1.3436666666666668,0.8097246340858347,5,6,5,0
ELEC004472,2024-03-23,saturday,Library,20-22,0.854,2486.01,False,False,3,1.1013333333333335,0.7754237288135591,5,7,5,0
ELEC004473,2024-03-23,saturday,Library,22-00,0.304,2486.31,False,False,3,0.4353333333333334,0.6983154670750381,5,8,5,0
ELEC004474,2024-03-23,saturday,Labs Complex,06-08,0.428,5249.16,False,False,3,0.5736666666666667,0.7460778617083091,4,0,5,0
ELEC004475,2024-03-23,saturday,Labs Complex,08-10,1.434,5250.59,False,False,3,1.6493333333333329,0.8694421988682298,4,1,5,0
ELEC004476,2024-03-23,saturday,Labs Complex,10-12,1.524,5252.11,False,False,3,2.1430000000000007,0.7111525898273446,4,2,5,0
ELEC004477,2024-03-23,saturday,Labs Complex,12-14,1.27,5253.38,False,False,3,1.6740000000000002,0.7586618876941457,4,3,5,0
ELEC004478,2024-03-23,saturday,Labs Complex,14-16,1.219,5254.6,False,False,3,1.796000000000001,0.6787305122494429,4,4,5,0
ELEC004479,2024-03-23,saturday,Labs Complex,16-18,1.135,5255.74,False,False,3,1.513,0.7501652346331791,4,5,5,0
ELEC004480,2024-03-23,saturday,Labs Complex,18-20,0.961,5256.7,False,False,3,1.3423333333333334,0.7159175564936677,4,6,5,0
ELEC004481,2024-03-23,saturday,Labs Complex,20-22,0.799,5257.5,False,False,3,1.008,0.7926587301587302,4,7,5,0
ELEC004482,2024-03-23,saturday,Labs Complex,22-00,0.329,5257.83,False,False,3,0.455,0.7230769230769231,4,8,5,0
ELEC004483,2024-03-24,weekend,Academic Block A,06-08,0.314,2843.49,False,False,3,0.6170000000000002,0.5089141004862235,0,0,6,1
ELEC004484,2024-03-24,weekend,Academic Block A,08-10,0.974,2844.46,False,False,3,1.816333333333333,0.5362451826023125,0,1,6,0
ELEC004485,2024-03-24,weekend,Academic Block A,10-12,1.313,2845.77,False,False,3,2.355,0.5575371549893843,0,2,6,0
ELEC004486,2024-03-24,weekend,Academic Block A,12-14,1.199,2846.97,False,False,3,2.0496666666666665,0.5849731663685153,0,3,6,0
ELEC004487,2024-03-24,weekend,Academic Block A,14-16,1.099,2848.07,False,False,3,2.0656666666666665,0.5320316282071971,0,4,6,0
ELEC004488,2024-03-24,weekend,Academic Block A,16-18,1.152,2849.22,False,False,3,1.8770000000000004,0.6137453383058069,0,5,6,0
ELEC004489,2024-03-24,weekend,Academic Block A,18-20,1.022,2850.24,False,False,3,1.756,0.5820045558086561,0,6,6,0
ELEC004490,2024-03-24,weekend,Academic Block A,20-22,0.696,2850.94,False,False,3,1.2196666666666662,0.5706477179557258,0,7,6,0
ELEC004491,2024-03-24,weekend,Academic Block A,22-00,0.299,2851.24,False,False,3,0.4773333333333332,0.6263966480446929,0,8,6,0
ELEC004492,2024-03-24,weekend,Academic Block B,06-08,0.382,6337.4,False,False,3,0.654,0.5840978593272171,1,0,6,0
ELEC004493,2024-03-24,weekend,Academic Block B,08-10,1.065,6338.46,False,False,3,1.868,0.5701284796573877,1,1,6,0
ELEC004494,2024-03-24,weekend,Academic Block B,10-12,1.261,5630.25,False,False,3,2.4026666666666667,0.5248335183129855,1,2,6,0
ELEC004495,2024-03-24,weekend,Academic Block B,12-14,1.291,6341.01,False,False,3,2.012,0.6416500994035785,1,3,6,0
ELEC004496,2024-03-24,weekend,Academic Block B,14-16,1.055,6342.07,False,False,3,2.038,0.5176643768400393,1,4,6,0
ELEC004497,2024-03-24,weekend,Academic Block B,16-18,1.097,5630.25,False,False,3,1.9916666666666665,0.5507949790794979,1,5,6,0
ELEC004498,2024-03-24,weekend,Academic Block B,18-20,0.939,6344.11,False,False,3,1.506000000000001,0.6235059760956171,1,6,6,0
ELEC004499,2024-03-24,weekend,Academic Block B,20-22,0.788,6344.9,False,False,3,1.388333333333333,0.5675870348139257,1,7,6,0
ELEC004500,2024-03-24,weekend,Academic Block B,22-00,0.334,6345.23,False,False,3,0.5706666666666667,0.5852803738317758,1,8,6,0
ELEC004501,2024-03-24,weekend,Hostel Block 1,06-08,0.188,4270.43,False,False,3,0.3389999999999999,0.5545722713864307,2,0,6,0
ELEC004502,2024-03-24,weekend,Hostel Block 1,08-10,0.582,4271.01,False,False,3,1.0639999999999998,0.5469924812030076,2,1,6,0
ELEC004503,2024-03-24,weekend,Hostel Block 1,10-12,0.71,4271.72,False,False,3,1.354666666666667,0.5241141732283464,2,2,6,0
ELEC004504,2024-03-24,weekend,Hostel Block 1,12-14,0.638,4272.36,False,False,3,1.03,0.6194174757281553,2,3,6,0
ELEC004505,2024-03-24,weekend,Hostel Block 1,14-16,0.692,4273.05,False,False,3,1.144,0.6048951048951049,2,4,6,0
ELEC004506,2024-03-24,weekend,Hostel Block 1,16-18,0.58,4273.63,False,False,3,0.9216666666666664,0.6292947558770344,2,5,6,0
ELEC004507,2024-03-24,weekend,Hostel Block 1,18-20,0.51,4274.14,False,False,3,0.9140000000000004,0.5579868708971553,2,6,6,0
ELEC004508,2024-03-24,weekend,Hostel Block 1,20-22,0.431,4274.57,False,False,3,0.6613333333333333,0.6517137096774194,2,7,6,0
ELEC004509,2024-03-24,weekend,Hostel Block 1,22-00,0.144,4274.71,False,False,3,0.256,0.5624999999999998,2,8,6,0
ELEC004510,2024-03-24,weekend,Hostel Block 2,06-08,0.203,4012.11,False,False,3,0.3389999999999999,0.5988200589970503,3,0,6,0
ELEC004511,2024-03-24,weekend,Hostel Block 2,08-10,0.629,4012.74,False,False,3,0.987,0.6372847011144883,3,1,6,0
ELEC004512,2024-03-24,weekend,Hostel Block 2,10-12,0.641,4013.38,False,False,3,1.2083333333333333,0.5304827586206897,3,2,6,0
ELEC004513,2024-03-24,weekend,Hostel Block 2,12-14,0.679,4014.06,False,False,3,1.044,0.6503831417624522,3,3,6,0
ELEC004514,2024-03-24,weekend,Hostel Block 2,14-16,0.636,4014.7,False,False,3,1.04,0.6115384615384615,3,4,6,0
ELEC004515,2024-03-24,weekend,Hostel Block 2,16-18,0.489,4015.19,False,False,3,0.975,0.5015384615384615,3,5,6,0
ELEC004516,2024-03-24,weekend,Hostel Block 2,18-20,0.519,4015.71,False,False,3,0.8616666666666669,0.6023210831721468,3,6,6,0
ELEC004517,2024-03-24,weekend,Hostel Block 2,20-22,0.421,4016.13,False,False,3,0.6846666666666669,0.6148977604673805,3,7,6,0
ELEC004518,2024-03-24,weekend,Hostel Block 2,22-00,0.136,4016.27,False,False,3,0.2506666666666666,0.5425531914893618,3,8,6,0
ELEC004519,2024-03-24,weekend,Library,06-08,0.251,2486.56,False,False,3,0.4263333333333334,0.5887412040656762,5,0,6,0
ELEC004520,2024-03-24,weekend,Library,08-10,0.808,2487.37,False,False,3,1.3020000000000005,0.6205837173579108,5,1,6,0
ELEC004521,2024-03-24,weekend,Library,10-12,0.78,2488.15,False,False,3,1.4990000000000006,0.5203468979319544,5,2,6,0
ELEC004522,2024-03-24,weekend,Library,12-14,0.662,2488.81,False,False,3,1.333666666666666,0.4963759060234943,5,3,6,0
ELEC004523,2024-03-24,weekend,Library,14-16,0.838,2489.65,False,False,3,1.4276666666666664,0.5869717487742238,5,4,6,0
ELEC004524,2024-03-24,weekend,Library,16-18,0.694,2490.34,False,False,3,1.1010000000000006,0.6303360581289732,5,5,6,0
ELEC004525,2024-03-24,weekend,Library,18-20,0.666,2491.01,False,False,3,1.0906666666666671,0.6106356968215156,5,6,6,0
ELEC004526,2024-03-24,weekend,Library,20-22,0.473,2491.48,False,False,3,0.8950000000000001,0.5284916201117318,5,7,6,0
ELEC004527,2024-03-24,weekend,Library,22-00,0.203,2491.68,False,False,3,0.3520000000000001,0.5767045454545453,5,8,6,0
ELEC004528,2024-03-24,weekend,Labs Complex,06-08,0.211,5258.04,False,False,3,0.4199999999999999,0.5023809523809525,4,0,6,0
ELEC004529,2024-03-24,weekend,Labs Complex,08-10,0.699,5258.74,False,False,3,1.2583333333333329,0.555496688741722,4,1,6,0
ELEC004530,2024-03-24,weekend,Labs Complex,10-12,0.963,5259.7,False,False,3,1.6630000000000005,0.5790739627179794,4,2,6,0
ELEC004531,2024-03-24,weekend,Labs Complex,12-14,0.804,5260.5,False,False,3,1.2753333333333334,0.6304234187140617,4,3,6,0
ELEC004532,2024-03-24,weekend,Labs Complex,14-16,0.843,5261.34,False,False,3,1.4270000000000012,0.5907498248072875,4,4,6,0
ELEC004533,2024-03-24,weekend,Labs Complex,16-18,0.772,5262.11,False,False,3,1.188666666666667,0.6494671901289959,4,5,6,0
ELEC004534,2024-03-24,weekend,Labs Complex,18-20,0.577,5262.69,False,False,3,0.989,0.583417593528817,4,6,6,0
ELEC004535,2024-03-24,weekend,Labs Complex,20-22,0.508,5263.2,False,False,3,0.7756666666666666,0.6549204984959175,4,7,6,0
ELEC004536,2024-03-24,weekend,Labs Complex,22-00,0.208,5263.41,False,False,3,0.3576666666666666,0.581547064305685,4,8,6,0
ELEC004537,2024-03-25,weekday,Academic Block A,06-08,0.842,2852.08,False,False,3,0.6130000000000003,1.373572593800978,0,0,0,0
ELEC004538,2024-03-25,weekday,Academic Block A,08-10,2.904,2854.98,False,False,3,1.9466666666666663,1.4917808219178084,0,1,0,0
ELEC004539,2024-03-25,weekday,Academic Block A,10-12,3.645,2858.62,False,False,3,2.376,1.5340909090909092,0,2,0,1
ELEC004540,2024-03-25,weekday,Academic Block A,12-14,2.822,2861.44,False,False,3,2.0580000000000003,1.3712342079689015,0,3,0,0
ELEC004541,2024-03-25,weekday,Academic Block A,14-16,2.563,2864.0,False,False,3,1.8843333333333332,1.3601627454448966,0,4,0,0
ELEC004542,2024-03-25,weekday,Academic Block A,16-18,2.498,2866.5,False,False,3,1.7470000000000006,1.4298797939324552,0,5,0,0
ELEC004543,2024-03-25,weekday,Academic Block A,18-20,2.09,2868.59,False,False,3,1.5923333333333332,1.3125392505756752,0,6,0,0
ELEC004544,2024-03-25,weekday,Academic Block A,20-22,1.591,2870.18,False,False,3,1.2189999999999996,1.3051681706316656,0,7,0,0
ELEC004545,2024-03-25,weekday,Academic Block A,22-00,0.675,2870.86,False,False,3,0.4799999999999999,1.4062500000000002,0,8,0,0
ELEC004546,2024-03-25,weekday,Academic Block B,06-08,0.908,6346.14,False,False,3,0.646,1.405572755417957,1,0,0,0
ELEC004547,2024-03-25,weekday,Academic Block B,08-10,2.498,6348.64,False,False,3,1.8156666666666668,1.3758031944189462,1,1,0,0
ELEC004548,2024-03-25,weekday,Academic Block B,10-12,3.232,6351.87,False,False,3,2.3183333333333334,1.3941049604601008,1,2,0,0
ELEC004549,2024-03-25,weekday,Academic Block B,12-14,3.016,6354.89,False,False,3,2.155,1.3995359628770303,1,3,0,0
ELEC004550,2024-03-25,weekday,Academic Block B,14-16,3.116,6358.01,False,False,3,2.0083333333333333,1.5515352697095437,1,4,0,0
ELEC004551,2024-03-25,weekday,Academic Block B,16-18,2.875,6360.89,False,False,3,1.981333333333333,1.4510430686406464,1,5,0,0
ELEC004552,2024-03-25,weekday,Academic Block B,18-20,2.368,6363.26,False,False,3,1.5530000000000006,1.524790727623953,1,6,0,0
ELEC004553,2024-03-25,weekday,Academic Block B,20-22,1.534,6364.79,False,False,3,1.2559999999999996,1.221337579617835,1,7,0,0
ELEC004554,2024-03-25,weekday,Academic Block B,22-00,0.736,6365.53,False,False,3,0.5313333333333333,1.3851944792973652,1,8,0,0
ELEC004555,2024-03-25,weekday,Hostel Block 1,06-08,0.521,4275.23,False,False,3,0.3499999999999999,1.4885714285714289,2,0,0,0
ELEC004556,2024-03-25,weekday,Hostel Block 1,08-10,1.261,4276.49,False,False,3,0.9383333333333334,1.3438721136767318,2,1,0,0
ELEC004557,2024-03-25,weekday,Hostel Block 1,10-12,1.938,4278.43,False,False,3,1.3343333333333331,1.4524106919810145,2,2,0,0
ELEC004558,2024-03-25,weekday,Hostel Block 1,12-14,1.58,4280.01,False,False,3,1.11,1.423423423423423,2,3,0,0
ELEC004559,2024-03-25,weekday,Hostel Block 1,14-16,1.423,4281.43,False,False,3,1.0573333333333332,1.3458385876418666,2,4,0,0
ELEC004560,2024-03-25,weekday,Hostel Block 1,16-18,1.498,4282.93,False,False,3,1.007,1.4875868917576962,2,5,0,0
ELEC004561,2024-03-25,weekday,Hostel Block 1,18-20,1.375,4284.31,False,False,3,0.9266666666666667,1.4838129496402874,2,6,0,0
ELEC004562,2024-03-25,weekday,Hostel Block 1,20-22,0.871,4285.18,False,False,3,0.6733333333333333,1.2935643564356436,2,7,0,0
ELEC004563,2024-03-25,weekday,Hostel Block 1,22-00,0.423,4285.6,False,False,3,0.277,1.527075812274368,2,8,0,0
ELEC004564,2024-03-25,weekday,Hostel Block 2,06-08,0.46,4016.73,False,False,3,0.33,1.393939393939394,3,0,0,0
ELEC004565,2024-03-25,weekday,Hostel Block 2,08-10,1.35,4018.08,False,False,3,1.0113333333333334,1.3348714568226765,3,1,0,0
ELEC004566,2024-03-25,weekday,Hostel Block 2,10-12,1.56,4019.64,False,False,3,1.086666666666667,1.4355828220858895,3,2,0,0
ELEC004567,2024-03-25,weekday,Hostel Block 2,12-14,1.384,4021.02,False,False,3,1.0486666666666666,1.319771137952956,3,3,0,0
ELEC004568,2024-03-25,weekday,Hostel Block 2,14-16,1.45,4022.47,False,False,3,1.0473333333333332,1.384468491406747,3,4,0,0
ELEC004569,2024-03-25,weekday,Hostel Block 2,16-18,1.212,4023.68,False,False,3,0.9256666666666667,1.309326611451206,3,5,0,0
ELEC004570,2024-03-25,weekday,Hostel Block 2,18-20,1.029,4024.71,False,False,3,0.7800000000000002,1.3192307692307688,3,6,0,0
ELEC004571,2024-03-25,weekday,Hostel Block 2,20-22,0.883,4025.59,False,False,3,0.6580000000000003,1.3419452887537988,3,7,0,0
ELEC004572,2024-03-25,weekday,Hostel Block 2,22-00,0.386,4025.98,False,False,3,0.2623333333333333,1.47141041931385,3,8,0,0
ELEC004573,2024-03-25,weekday,Library,06-08,0.581,2492.26,False,False,3,0.4336666666666666,1.339738662567256,5,0,0,0
ELEC004574,2024-03-25,weekday,Library,08-10,1.76,2494.02,False,False,3,1.324,1.3293051359516617,5,1,0,0
ELEC004575,2024-03-25,weekday,Library,10-12,2.285,2496.3,False,False,3,1.5630000000000006,1.461932181701855,5,2,0,0
ELEC004576,2024-03-25,weekday,Library,12-14,1.96,2498.26,False,False,3,1.336333333333333,1.4666999251683717,5,3,0,0
ELEC004577,2024-03-25,weekday,Library,14-16,1.7,2499.96,False,False,3,1.2779999999999998,1.330203442879499,5,4,0,0
ELEC004578,2024-03-25,weekday,Library,16-18,1.555,2501.51,False,False,3,1.1376666666666673,1.3668326985057129,5,5,0,0
ELEC004579,2024-03-25,weekday,Library,18-20,1.358,2502.87,False,False,3,1.0373333333333337,1.3091259640102824,5,6,0,0
ELEC004580,2024-03-25,weekday,Library,20-22,1.269,2504.14,False,False,3,0.8653333333333334,1.4664869029275809,5,7,0,0
ELEC004581,2024-03-25,weekday,Library,22-00,0.455,2504.59,False,False,3,0.3206666666666667,1.4189189189189189,5,8,0,0
ELEC004582,2024-03-25,weekday,Labs Complex,06-08,0.575,5263.98,False,False,3,0.4046666666666667,1.4209225700164745,4,0,0,0
ELEC004583,2024-03-25,weekday,Labs Complex,08-10,1.958,5265.94,False,False,3,1.363666666666666,1.4358347592275733,4,1,0,0
ELEC004584,2024-03-25,weekday,Labs Complex,10-12,2.131,5268.07,False,False,3,1.5393333333333337,1.3843655262018186,4,2,0,0
ELEC004585,2024-03-25,weekday,Labs Complex,12-14,2.115,5270.18,False,False,3,1.3963333333333334,1.514681308188112,4,3,0,0
ELEC004586,2024-03-25,weekday,Labs Complex,14-16,1.736,5271.92,False,False,3,1.266000000000001,1.3712480252764605,4,4,0,0
ELEC004587,2024-03-25,weekday,Labs Complex,16-18,1.681,5273.6,False,False,3,1.1960000000000004,1.405518394648829,4,5,0,0
ELEC004588,2024-03-25,weekday,Labs Complex,18-20,1.355,5274.95,False,False,3,0.9643333333333334,1.4051157967507777,4,6,0,0
ELEC004589,2024-03-25,weekday,Labs Complex,20-22,1.177,5276.13,False,False,3,0.828,1.421497584541063,4,7,0,0
ELEC004590,2024-03-25,weekday,Labs Complex,22-00,0.486,5276.62,False,False,3,0.3409999999999999,1.4252199413489737,4,8,0,0
ELEC004591,2024-03-26,weekday,Academic Block A,06-08,0.887,2871.75,False,False,3,0.6810000000000002,1.302496328928047,0,0,1,0
ELEC004592,2024-03-26,weekday,Academic Block A,08-10,2.747,2874.5,False,False,3,2.208333333333333,1.243924528301887,0,1,1,0
ELEC004593,2024-03-26,weekday,Academic Block A,10-12,3.505,2878.01,False,False,3,2.821,1.242467210209146,0,2,1,0
ELEC004594,2024-03-26,weekday,Academic Block A,12-14,2.546,2880.56,False,False,3,2.189,1.1630881681132936,0,3,1,0
ELEC004595,2024-03-26,weekday,Academic Block A,14-16,3.015,2883.57,False,False,3,2.2256666666666667,1.354650292047327,0,4,1,0
ELEC004596,2024-03-26,weekday,Academic Block A,16-18,2.469,2886.04,False,False,3,2.0396666666666667,1.2104919104428826,0,5,1,0
ELEC004597,2024-03-26,weekday,Academic Block A,18-20,2.448,2888.49,False,False,3,1.8533333333333333,1.320863309352518,0,6,1,0
ELEC004598,2024-03-26,weekday,Academic Block A,20-22,1.702,2890.19,False,False,3,1.3296666666666663,1.2800200551516674,0,7,1,0
ELEC004599,2024-03-26,weekday,Academic Block A,22-00,0.769,2890.96,False,False,3,0.581,1.323580034423408,0,8,1,0
ELEC004600,2024-03-26,weekday,Academic Block B,06-08,0.836,6366.37,False,False,3,0.7086666666666667,1.1796801505174035,1,0,1,0
ELEC004601,2024-03-26,weekday,Academic Block B,08-10,2.387,6368.76,False,False,3,1.9833333333333332,1.203529411764706,1,1,1,0
ELEC004602,2024-03-26,weekday,Academic Block B,10-12,3.405,6372.16,False,False,3,2.6326666666666667,1.2933654089642947,1,2,1,0
ELEC004603,2024-03-26,weekday,Academic Block B,12-14,2.895,6375.06,False,False,3,2.400666666666667,1.2059150236045542,1,3,1,0
ELEC004604,2024-03-26,weekday,Academic Block B,14-16,3.151,6378.21,False,False,3,2.4406666666666665,1.2910406992624963,1,4,1,0
ELEC004605,2024-03-26,weekday,Academic Block B,16-18,2.387,6380.6,False,False,3,2.119666666666667,1.126120459191697,1,5,1,0
ELEC004606,2024-03-26,weekday,Academic Block B,18-20,2.016,6382.62,False,False,3,1.7743333333333338,1.1362013901934995,1,6,1,0
ELEC004607,2024-03-26,weekday,Academic Block B,20-22,1.954,6384.57,False,False,3,1.425333333333333,1.3709073900841913,1,7,1,0
ELEC004608,2024-03-26,weekday,Academic Block B,22-00,0.71,6385.28,False,False,3,0.5933333333333333,1.1966292134831462,1,8,1,0
ELEC004609,2024-03-26,weekday,Hostel Block 1,06-08,0.522,4286.12,False,False,3,0.4103333333333332,1.2721364744110482,2,0,1,0
ELEC004610,2024-03-26,weekday,Hostel Block 1,08-10,1.551,4287.67,False,False,3,1.1313333333333333,1.3709487330583383,2,1,1,0
ELEC004611,2024-03-26,weekday,Hostel Block 1,10-12,1.892,4289.56,False,False,3,1.513333333333333,1.250220264317181,2,2,1,0
ELEC004612,2024-03-26,weekday,Hostel Block 1,12-14,1.368,4290.93,False,False,3,1.1953333333333334,1.1444506413831568,2,3,1,0
ELEC004613,2024-03-26,weekday,Hostel Block 1,14-16,1.516,4292.45,False,False,3,1.210333333333333,1.2525475075736714,2,4,1,0
ELEC004614,2024-03-26,weekday,Hostel Block 1,16-18,1.28,4293.73,False,False,3,1.1193333333333333,1.1435378201310304,2,5,1,0
ELEC004615,2024-03-26,weekday,Hostel Block 1,18-20,1.136,4294.87,False,False,3,1.0070000000000003,1.1281032770605754,2,6,1,0
ELEC004616,2024-03-26,weekday,Hostel Block 1,20-22,0.946,4295.82,False,False,3,0.7493333333333334,1.2624555160142348,2,7,1,0
ELEC004617,2024-03-26,weekday,Hostel Block 1,22-00,0.359,4296.18,False,False,3,0.3086666666666667,1.1630669546436283,2,8,1,0
ELEC004618,2024-03-26,weekday,Hostel Block 2,06-08,0.528,4026.51,False,False,3,0.397,1.329974811083123,3,0,1,0
ELEC004619,2024-03-26,weekday,Hostel Block 2,08-10,1.395,4027.91,False,False,3,1.124666666666667,1.240367516301126,3,1,1,0
ELEC004620,2024-03-26,weekday,Hostel Block 2,10-12,1.869,4029.78,False,False,3,1.356666666666667,1.3776412776412776,3,2,1,0
ELEC004621,2024-03-26,weekday,Hostel Block 2,12-14,1.737,4031.52,False,False,3,1.2666666666666666,1.3713157894736845,3,3,1,0
ELEC004622,2024-03-26,weekday,Hostel Block 2,14-16,1.729,4033.25,False,False,3,1.2716666666666667,1.3596330275229358,3,4,1,0
ELEC004623,2024-03-26,weekday,Hostel Block 2,16-18,1.506,4034.76,False,False,3,1.069,1.4087932647333958,3,5,1,0
ELEC004624,2024-03-26,weekday,Hostel Block 2,18-20,1.19,4035.95,False,False,3,0.912666666666667,1.3038714390065738,3,6,1,0
ELEC004625,2024-03-26,weekday,Hostel Block 2,20-22,0.911,4036.86,False,False,3,0.7383333333333336,1.2338600451467263,3,7,1,0
ELEC004626,2024-03-26,weekday,Hostel Block 2,22-00,0.455,4037.32,False,False,3,0.3256666666666667,1.397134083930399,3,8,1,0
ELEC004627,2024-03-26,weekday,Library,06-08,0.681,2505.27,False,False,3,0.5043333333333333,1.3502974223397226,5,0,1,0
ELEC004628,2024-03-26,weekday,Library,08-10,1.626,2506.9,False,False,3,1.3980000000000004,1.1630901287553643,5,1,1,0
ELEC004629,2024-03-26,weekday,Library,10-12,2.218,2509.12,False,False,3,1.7610000000000003,1.2595116411130036,5,2,1,0
ELEC004630,2024-03-26,weekday,Library,12-14,1.901,2511.02,False,False,3,1.507666666666666,1.2608887906256914,5,3,1,0
ELEC004631,2024-03-26,weekday,Library,14-16,1.93,2512.95,False,False,3,1.489333333333333,1.2958818263205016,5,4,1,0
ELEC004632,2024-03-26,weekday,Library,16-18,1.525,2514.47,False,False,3,1.2580000000000005,1.2122416534181235,5,5,1,0
ELEC004633,2024-03-26,weekday,Library,18-20,1.328,2515.8,False,False,3,1.1173333333333335,1.1885441527446297,5,6,1,0
ELEC004634,2024-03-26,weekday,Library,20-22,1.058,2516.86,False,False,3,0.9333333333333332,1.133571428571429,5,7,1,0
ELEC004635,2024-03-26,weekday,Library,22-00,0.449,2517.31,False,False,3,0.369,1.21680216802168,5,8,1,0
ELEC004636,2024-03-26,weekday,Labs Complex,06-08,0.619,5277.24,False,False,3,0.4683333333333333,1.3217081850533807,4,0,1,0
ELEC004637,2024-03-26,weekday,Labs Complex,08-10,1.767,5279.01,False,False,3,1.474666666666666,1.1982368896925863,4,1,1,0
ELEC004638,2024-03-26,weekday,Labs Complex,10-12,2.203,5281.21,False,False,3,1.765666666666667,1.2476873702095523,4,2,1,0
ELEC004639,2024-03-26,weekday,Labs Complex,12-14,1.893,5283.1,False,False,3,1.604,1.1801745635910224,4,3,1,0
ELEC004640,2024-03-26,weekday,Labs Complex,14-16,1.982,5285.08,False,False,3,1.5203333333333342,1.3036614777461075,4,4,1,0
ELEC004641,2024-03-26,weekday,Labs Complex,16-18,1.556,5286.64,False,False,3,1.3363333333333338,1.164380144674482,4,5,1,0
ELEC004642,2024-03-26,weekday,Labs Complex,18-20,1.386,5288.03,False,False,3,1.106,1.2531645569620251,4,6,1,0
ELEC004643,2024-03-26,weekday,Labs Complex,20-22,1.051,5289.08,False,False,3,0.912,1.1524122807017545,4,7,1,0
ELEC004644,2024-03-26,weekday,Labs Complex,22-00,0.456,5289.54,False,False,3,0.3833333333333333,1.1895652173913045,4,8,1,0
ELEC004645,2024-03-27,weekday,Academic Block A,06-08,0.859,2891.82,False,False,3,0.8626666666666668,0.9957496136012364,0,0,2,0
ELEC004646,2024-03-27,weekday,Academic Block A,08-10,3.029,2138.22,False,False,3,2.893333333333333,1.046889400921659,0,1,2,0
ELEC004647,2024-03-27,weekday,Academic Block A,10-12,3.733,2898.58,False,False,3,3.6276666666666655,1.029036111366351,0,2,2,0
ELEC004648,2024-03-27,weekday,Academic Block A,12-14,2.441,2901.02,False,False,3,2.603,0.9377641183250096,0,3,2,0
ELEC004649,2024-03-27,weekday,Academic Block A,14-16,3.079,2904.1,False,False,3,2.885666666666667,1.066997805244311,0,4,2,0
ELEC004650,2024-03-27,weekday,Academic Block A,16-18,2.357,2906.46,False,False,3,2.4413333333333336,0.9654560349535772,0,5,2,0
ELEC004651,2024-03-27,weekday,Academic Block A,18-20,2.248,2908.71,False,False,3,2.262,0.9938107869142352,0,6,2,0
ELEC004652,2024-03-27,weekday,Academic Block A,20-22,1.533,2910.24,False,False,3,1.6086666666666662,0.9529631164525488,0,7,2,0
ELEC004653,2024-03-27,weekday,Academic Block A,22-00,0.673,2910.91,False,False,3,0.7056666666666667,0.9537080774681154,0,8,2,0
ELEC004654,2024-03-27,weekday,Academic Block B,06-08,0.946,6386.23,False,False,3,0.8966666666666666,1.0550185873605948,1,0,2,0
ELEC004655,2024-03-27,weekday,Academic Block B,08-10,2.605,6388.83,False,False,3,2.4966666666666666,1.0433911882510014,1,1,2,0
ELEC004656,2024-03-27,weekday,Academic Block B,10-12,3.121,6391.95,False,False,3,3.252666666666667,0.9595203935232628,1,2,2,0
ELEC004657,2024-03-27,weekday,Academic Block B,12-14,2.982,6394.93,False,False,3,2.9643333333333337,1.0059597436185763,1,3,2,0
ELEC004658,2024-03-27,weekday,Academic Block B,14-16,2.752,6397.68,False,False,3,3.006333333333333,0.9154008204900764,1,4,2,0
ELEC004659,2024-03-27,weekday,Academic Block B,16-18,2.576,6400.26,False,False,3,2.6126666666666667,0.9859658076039808,1,5,2,0
ELEC004660,2024-03-27,weekday,Academic Block B,18-20,2.15,6402.41,False,False,3,2.1780000000000004,0.9871441689623506,1,6,2,0
ELEC004661,2024-03-27,weekday,Academic Block B,20-22,1.558,6403.97,False,False,3,1.6819999999999995,0.92627824019025,1,7,2,0
ELEC004662,2024-03-27,weekday,Academic Block B,22-00,0.709,6404.68,False,False,3,0.7183333333333333,0.9870069605568446,1,8,2,0
ELEC004663,2024-03-27,weekday,Hostel Block 1,06-08,0.486,4296.67,False,False,3,0.5096666666666666,0.9535644211903206,2,0,2,0
ELEC004664,2024-03-27,weekday,Hostel Block 1,08-10,1.472,4298.14,False,False,3,1.428,1.030812324929972,2,1,2,0
ELEC004665,2024-03-27,weekday,Hostel Block 1,10-12,1.862,4300.0,False,False,3,1.897333333333333,0.9813773717498244,2,2,2,0
ELEC004666,2024-03-27,weekday,Hostel Block 1,12-14,1.707,4301.71,False,False,3,1.5516666666666667,1.1001074113856069,2,3,2,0
ELEC004667,2024-03-27,weekday,Hostel Block 1,14-16,1.609,4303.32,False,False,3,1.5159999999999998,1.061345646437995,2,4,2,0
ELEC004668,2024-03-27,weekday,Hostel Block 1,16-18,1.421,4304.74,False,False,3,1.3996666666666666,1.0152417242200524,2,5,2,0
ELEC004669,2024-03-27,weekday,Hostel Block 1,18-20,1.116,4305.86,False,False,3,1.2090000000000003,0.9230769230769228,2,6,2,0
ELEC004670,2024-03-27,weekday,Hostel Block 1,20-22,0.836,4306.7,False,False,3,0.8843333333333333,0.945344892574444,2,7,2,0
ELEC004671,2024-03-27,weekday,Hostel Block 1,22-00,0.449,4307.15,False,False,3,0.4103333333333334,1.0942323314378553,2,8,2,0
ELEC004672,2024-03-27,weekday,Hostel Block 2,06-08,0.46,4037.78,False,False,3,0.4826666666666666,0.9530386740331492,3,0,2,0
ELEC004673,2024-03-27,weekday,Hostel Block 2,08-10,1.37,4039.15,False,False,3,1.3716666666666668,0.9987849331713244,3,1,2,0
ELEC004674,2024-03-27,weekday,Hostel Block 2,10-12,1.624,4040.77,False,False,3,1.6843333333333332,0.9641796952305562,3,2,2,0
ELEC004675,2024-03-27,weekday,Hostel Block 2,12-14,1.62,4042.39,False,False,3,1.5803333333333331,1.0251001898333687,3,3,2,0
ELEC004676,2024-03-27,weekday,Hostel Block 2,14-16,1.436,4043.83,False,False,3,1.538333333333333,0.933477789815818,3,4,2,0
ELEC004677,2024-03-27,weekday,Hostel Block 2,16-18,1.331,4045.16,False,False,3,1.3496666666666666,0.9861694245492716,3,5,2,0
ELEC004678,2024-03-27,weekday,Hostel Block 2,18-20,1.109,4046.27,False,False,3,1.1093333333333335,0.999699519230769,3,6,2,0
ELEC004679,2024-03-27,weekday,Hostel Block 2,20-22,0.858,4047.13,False,False,3,0.8840000000000002,0.9705882352941174,3,7,2,0
ELEC004680,2024-03-27,weekday,Hostel Block 2,22-00,0.396,4047.53,False,False,3,0.4123333333333334,0.9603880355699272,3,8,2,0
ELEC004681,2024-03-27,weekday,Library,06-08,0.58,2517.89,False,False,3,0.614,0.9446254071661238,5,0,2,0
ELEC004682,2024-03-27,weekday,Library,08-10,2.01,2519.9,False,False,3,1.7986666666666669,1.1174944403261673,5,1,2,0
ELEC004683,2024-03-27,weekday,Library,10-12,1.935,2521.84,False,False,3,2.1460000000000004,0.901677539608574,5,2,2,0
ELEC004684,2024-03-27,weekday,Library,12-14,1.872,2523.71,False,False,3,1.911,0.9795918367346942,5,3,2,0
ELEC004685,2024-03-27,weekday,Library,14-16,1.803,2525.51,False,False,3,1.811,0.9955825510767532,5,4,2,0
ELEC004686,2024-03-27,weekday,Library,16-18,1.82,2527.33,False,False,3,1.633333333333334,1.114285714285714,5,5,2,0
ELEC004687,2024-03-27,weekday,Library,18-20,1.28,2528.61,False,False,3,1.3220000000000005,0.9682299546142208,5,6,2,0
ELEC004688,2024-03-27,weekday,Library,20-22,1.18,2529.79,False,False,3,1.169,1.0094097519247218,5,7,2,0
ELEC004689,2024-03-27,weekday,Library,22-00,0.442,2530.23,False,False,3,0.4486666666666667,0.9851411589895986,5,8,2,0
ELEC004690,2024-03-27,weekday,Labs Complex,06-08,0.535,5290.07,False,False,3,0.5763333333333334,0.9282822440717178,4,0,2,0
ELEC004691,2024-03-27,weekday,Labs Complex,08-10,1.967,5292.04,False,False,3,1.8973333333333329,1.0367182009838372,4,1,2,0
ELEC004692,2024-03-27,weekday,Labs Complex,10-12,2.281,5294.32,False,False,3,2.2050000000000005,1.0344671201814055,4,2,2,0
ELEC004693,2024-03-27,weekday,Labs Complex,12-14,1.902,5296.22,False,False,3,1.97,0.965482233502538,4,3,2,0
ELEC004694,2024-03-27,weekday,Labs Complex,14-16,2.136,5298.36,False,False,3,1.9513333333333345,1.094636146224803,4,4,2,0
ELEC004695,2024-03-27,weekday,Labs Complex,16-18,1.824,5300.18,False,False,3,1.6870000000000005,1.0812092471843509,4,5,2,0
ELEC004696,2024-03-27,weekday,Labs Complex,18-20,1.324,5301.5,False,False,3,1.3550000000000002,0.977121771217712,4,6,2,0
ELEC004697,2024-03-27,weekday,Labs Complex,20-22,1.104,5302.6,False,False,3,1.1106666666666667,0.993997599039616,4,7,2,0
ELEC004698,2024-03-27,weekday,Labs Complex,22-00,0.556,5303.16,False,False,3,0.4993333333333332,1.1134846461949268,4,8,2,0
ELEC004699,2024-03-28,weekday,Academic Block A,06-08,0.766,2911.68,False,False,3,0.8373333333333336,0.914808917197452,0,0,3,0
ELEC004700,2024-03-28,weekday,Academic Block A,08-10,2.643,2914.32,False,False,3,2.806333333333333,0.9417983133388764,0,1,3,0
ELEC004701,2024-03-28,weekday,Academic Block A,10-12,3.656,2917.98,False,False,3,3.6313333333333335,1.006792729943088,0,2,3,0
ELEC004702,2024-03-28,weekday,Academic Block A,12-14,2.919,2920.9,False,False,3,2.635333333333333,1.1076397672653682,0,3,3,0
ELEC004703,2024-03-28,weekday,Academic Block A,14-16,3.371,2924.27,False,False,3,3.155,1.068462757527734,0,4,3,0
ELEC004704,2024-03-28,weekday,Academic Block A,16-18,2.536,2926.81,False,False,3,2.454,1.0334148329258352,0,5,3,0
ELEC004705,2024-03-28,weekday,Academic Block A,18-20,2.363,2138.22,False,False,3,2.353,1.0042498937526565,0,6,3,0
ELEC004706,2024-03-28,weekday,Academic Block A,20-22,1.885,2931.06,False,False,3,1.7066666666666663,1.1044921875000002,0,7,3,0
ELEC004707,2024-03-28,weekday,Academic Block A,22-00,0.688,2931.75,False,False,3,0.7099999999999999,0.9690140845070424,0,8,3,0
ELEC004708,2024-03-28,weekday,Academic Block B,06-08,0.823,6405.5,False,False,3,0.8683333333333333,0.9477927063339732,1,0,3,0
ELEC004709,2024-03-28,weekday,Academic Block B,08-10,2.56,6408.06,False,False,3,2.5173333333333336,1.0169491525423728,1,1,3,0
ELEC004710,2024-03-28,weekday,Academic Block B,10-12,3.775,6411.84,False,False,3,3.433666666666667,1.0994078244830598,1,2,3,0
ELEC004711,2024-03-28,weekday,Academic Block B,12-14,2.607,6414.45,False,False,3,2.8280000000000007,0.9218528995756716,1,3,3,0
ELEC004712,2024-03-28,weekday,Academic Block B,14-16,3.273,6417.72,False,False,3,3.058666666666666,1.0700741063644292,1,4,3,0
ELEC004713,2024-03-28,weekday,Academic Block B,16-18,2.355,6420.07,False,False,3,2.4393333333333334,0.9654277124897512,1,5,3,0
ELEC004714,2024-03-28,weekday,Academic Block B,18-20,2.3,6422.37,False,False,3,2.155333333333333,1.0671203216826477,1,6,3,0
ELEC004715,2024-03-28,weekday,Academic Block B,20-22,1.759,5630.25,False,False,3,1.7569999999999997,1.0011383039271486,1,7,3,0
ELEC004716,2024-03-28,weekday,Academic Block B,22-00,0.791,6424.92,False,False,3,0.7366666666666667,1.0737556561085972,1,8,3,0
ELEC004717,2024-03-28,weekday,Hostel Block 1,06-08,0.42,4307.57,False,False,3,0.4759999999999999,0.8823529411764707,2,0,3,0
ELEC004718,2024-03-28,weekday,Hostel Block 1,08-10,1.655,4309.22,False,False,3,1.5593333333333332,1.0613510047028645,2,1,3,0
ELEC004719,2024-03-28,weekday,Hostel Block 1,10-12,1.724,4310.94,False,False,3,1.826,0.9441401971522454,2,2,3,0
ELEC004720,2024-03-28,weekday,Hostel Block 1,12-14,1.55,4312.49,False,False,3,1.5416666666666667,1.0054054054054054,2,3,3,0
ELEC004721,2024-03-28,weekday,Hostel Block 1,14-16,1.624,4314.11,False,False,3,1.583,1.025900189513582,2,4,3,0
ELEC004722,2024-03-28,weekday,Hostel Block 1,16-18,1.497,4315.61,False,False,3,1.3993333333333335,1.0697951405431156,2,5,3,0
ELEC004723,2024-03-28,weekday,Hostel Block 1,18-20,1.342,4316.95,False,False,3,1.1980000000000004,1.120200333889816,2,6,3,0
ELEC004724,2024-03-28,weekday,Hostel Block 1,20-22,1.085,4318.03,False,False,3,0.9556666666666668,1.1353331008022325,2,7,3,0
ELEC004725,2024-03-28,weekday,Hostel Block 1,22-00,0.455,4318.48,False,False,3,0.421,1.0807600950118763,2,8,3,0
ELEC004726,2024-03-28,weekday,Hostel Block 2,06-08,0.433,4047.96,False,False,3,0.4736666666666667,0.9141449683321604,3,0,3,0
ELEC004727,2024-03-28,weekday,Hostel Block 2,08-10,1.332,3635.895,False,False,3,1.3656666666666668,0.9753478154747376,3,1,3,0
ELEC004728,2024-03-28,weekday,Hostel Block 2,10-12,1.9,4051.19,False,False,3,1.797666666666667,1.0569256443537918,3,2,3,0
ELEC004729,2024-03-28,weekday,Hostel Block 2,12-14,1.307,4052.5,False,False,3,1.5546666666666666,0.8406946826758147,3,3,3,0
ELEC004730,2024-03-28,weekday,Hostel Block 2,14-16,1.711,4054.21,False,False,3,1.6253333333333335,1.052707136997539,3,4,3,0
ELEC004731,2024-03-28,weekday,Hostel Block 2,16-18,1.339,4055.55,False,False,3,1.392,0.9619252873563218,3,5,3,0
ELEC004732,2024-03-28,weekday,Hostel Block 2,18-20,1.208,4056.76,False,False,3,1.1690000000000005,1.033361847733105,3,6,3,0
ELEC004733,2024-03-28,weekday,Hostel Block 2,20-22,1.037,4057.8,False,False,3,0.9353333333333336,1.1086956521739129,3,7,3,0
ELEC004734,2024-03-28,weekday,Hostel Block 2,22-00,0.345,4058.14,False,False,3,0.3986666666666666,0.8653846153846153,3,8,3,0
ELEC004735,2024-03-28,weekday,Library,06-08,0.686,2530.92,False,False,3,0.649,1.0570107858243452,5,0,3,0
ELEC004736,2024-03-28,weekday,Library,08-10,1.637,2532.56,False,False,3,1.7576666666666672,0.9313483785321446,5,1,3,0
ELEC004737,2024-03-28,weekday,Library,10-12,2.423,2534.98,False,False,3,2.1920000000000006,1.1053832116788318,5,2,3,0
ELEC004738,2024-03-28,weekday,Library,12-14,1.97,2536.95,False,False,3,1.9143333333333328,1.02907887863486,5,3,3,0
ELEC004739,2024-03-28,weekday,Library,14-16,1.888,2538.84,False,False,3,1.8736666666666664,1.007649884362213,5,4,3,0
ELEC004740,2024-03-28,weekday,Library,16-18,1.854,2540.69,False,False,3,1.7330000000000003,1.069821119446047,5,5,3,0
ELEC004741,2024-03-28,weekday,Library,18-20,1.459,2542.15,False,False,3,1.355666666666667,1.0762232603884925,5,6,3,0
ELEC004742,2024-03-28,weekday,Library,20-22,1.124,2543.27,False,False,3,1.120666666666667,1.002974419988102,5,7,3,0
ELEC004743,2024-03-28,weekday,Library,22-00,0.558,2543.83,False,False,3,0.4830000000000001,1.15527950310559,5,8,3,0
ELEC004744,2024-03-28,weekday,Labs Complex,06-08,0.567,5303.73,False,False,3,0.5736666666666667,0.988378849506101,4,0,3,0
ELEC004745,2024-03-28,weekday,Labs Complex,08-10,5.135964992248846,5308.87,False,True,3,2.956654997416281,1.7370863346372805,4,1,3,1
ELEC004746,2024-03-28,weekday,Labs Complex,10-12,2.125,5310.99,False,False,3,2.2030000000000007,0.9645937358147976,4,2,3,0
ELEC004747,2024-03-28,weekday,Labs Complex,12-14,2.01,5313.0,False,False,3,1.935,1.0387596899224807,4,3,3,0
ELEC004748,2024-03-28,weekday,Labs Complex,14-16,2.005,5315.01,False,False,3,2.041000000000001,0.9823615874571284,4,4,3,0
ELEC004749,2024-03-28,weekday,Labs Complex,16-18,5.960589528286366,5320.97,False,True,3,3.1135298427621225,1.9144154157194515,4,5,3,1
ELEC004750,2024-03-28,weekday,Labs Complex,18-20,1.384,5322.35,False,False,3,1.3646666666666667,1.0141670737664874,4,6,3,0
ELEC004751,2024-03-28,weekday,Labs Complex,20-22,1.181,5323.53,False,False,3,1.112,1.0620503597122302,4,7,3,0
ELEC004752,2024-03-28,weekday,Labs Complex,22-00,0.433,5323.96,False,False,3,0.4816666666666666,0.898961937716263,4,8,3,0
ELEC004753,2024-03-29,weekday,Academic Block A,06-08,0.989,2932.74,False,False,3,0.8713333333333336,1.1350420811017594,0,0,4,0
ELEC004754,2024-03-29,weekday,Academic Block A,08-10,2.711,2935.45,False,False,3,2.794333333333333,0.9701777406656328,0,1,4,0
ELEC004755,2024-03-29,weekday,Academic Block A,10-12,3.219,2938.67,False,False,3,3.536,0.9103506787330315,0,2,4,0
ELEC004756,2024-03-29,weekday,Academic Block A,12-14,2.593,2941.26,False,False,3,2.651,0.978121463598642,0,3,4,0
ELEC004757,2024-03-29,weekday,Academic Block A,14-16,2.598,2943.86,False,False,3,3.016,0.8614058355437665,0,4,4,0
ELEC004758,2024-03-29,weekday,Academic Block A,16-18,2.353,2946.21,False,False,3,2.4153333333333338,0.9741926580182168,0,5,4,0
ELEC004759,2024-03-29,weekday,Academic Block A,18-20,1.98,2948.19,False,False,3,2.197,0.9012289485662268,0,6,4,0
ELEC004760,2024-03-29,weekday,Academic Block A,20-22,2.022,2950.21,False,False,3,1.8133333333333328,1.1150735294117649,0,7,4,0
ELEC004761,2024-03-29,weekday,Academic Block A,22-00,0.838,2951.05,False,False,3,0.733,1.1432469304229196,0,8,4,0
ELEC004762,2024-03-29,weekday,Academic Block B,06-08,0.916,6425.84,False,False,3,0.895,1.023463687150838,1,0,4,0
ELEC004763,2024-03-29,weekday,Academic Block B,08-10,2.3,6428.14,False,False,3,2.4883333333333333,0.9243134628265236,1,1,4,0
ELEC004764,2024-03-29,weekday,Academic Block B,10-12,3.331,6431.47,False,False,3,3.4090000000000003,0.977119389850396,1,2,4,0
ELEC004765,2024-03-29,weekday,Academic Block B,12-14,2.482,6433.95,False,False,3,2.6903333333333337,0.9225622599430058,1,3,4,0
ELEC004766,2024-03-29,weekday,Academic Block B,14-16,7.388682003690574,6441.34,False,True,3,4.471227334563525,1.6524952660256196,1,4,4,1
ELEC004767,2024-03-29,weekday,Academic Block B,16-18,2.403,6443.74,False,False,3,2.4446666666666665,0.9829560949004637,1,5,4,0
ELEC004768,2024-03-29,weekday,Academic Block B,18-20,2.55,6446.29,False,False,3,2.333333333333334,1.0928571428571423,1,6,4,0
ELEC004769,2024-03-29,weekday,Academic Block B,20-22,1.739,5630.25,False,False,3,1.6853333333333331,1.03184335443038,1,7,4,0
ELEC004770,2024-03-29,weekday,Academic Block B,22-00,0.694,6448.72,False,False,3,0.7313333333333333,0.9489516864175024,1,8,4,0
ELEC004771,2024-03-29,weekday,Hostel Block 1,06-08,0.51,4318.99,False,False,3,0.4719999999999999,1.0805084745762714,2,0,4,0
ELEC004772,2024-03-29,weekday,Hostel Block 1,08-10,1.233,4320.22,False,False,3,1.4533333333333331,0.8483944954128442,2,1,4,0
ELEC004773,2024-03-29,weekday,Hostel Block 1,10-12,1.889,4322.11,False,False,3,1.825,1.035068493150685,2,2,4,0
ELEC004774,2024-03-29,weekday,Hostel Block 1,12-14,1.561,4323.67,False,False,3,1.606,0.9719800747198007,2,3,4,0
ELEC004775,2024-03-29,weekday,Hostel Block 1,14-16,1.552,4325.22,False,False,3,1.5949999999999998,0.9730407523510972,2,4,4,0
ELEC004776,2024-03-29,weekday,Hostel Block 1,16-18,1.325,4326.55,False,False,3,1.4143333333333334,0.9368371435305208,2,5,4,0
ELEC004777,2024-03-29,weekday,Hostel Block 1,18-20,1.096,4327.65,False,False,3,1.184666666666667,0.9251547552054022,2,6,4,0
ELEC004778,2024-03-29,weekday,Hostel Block 1,20-22,1.031,4328.68,False,False,3,0.984,1.0477642276422765,2,7,4,0
ELEC004779,2024-03-29,weekday,Hostel Block 1,22-00,1.563152806495747,4330.24,False,True,3,0.8223842688319157,1.9007571833979648,2,8,4,0
ELEC004780,2024-03-29,weekday,Hostel Block 2,06-08,0.461,4058.6,False,False,3,0.4513333333333333,1.0214180206794683,3,0,4,0
ELEC004781,2024-03-29,weekday,Hostel Block 2,08-10,1.309,4059.91,False,False,3,1.337,0.9790575916230366,3,1,4,0
ELEC004782,2024-03-29,weekday,Hostel Block 2,10-12,1.813,4061.72,False,False,3,1.779,1.0191118605958405,3,2,4,0
ELEC004783,2024-03-29,weekday,Hostel Block 2,12-14,1.691,3635.895,False,False,3,1.5393333333333334,1.0985275010827198,3,3,4,0
ELEC004784,2024-03-29,weekday,Hostel Block 2,14-16,1.382,4064.79,False,False,3,1.5096666666666667,0.915433870611614,3,4,4,0
ELEC004785,2024-03-29,weekday,Hostel Block 2,16-18,1.386,4066.18,False,False,3,1.3519999999999996,1.025147928994083,3,5,4,0
ELEC004786,2024-03-29,weekday,Hostel Block 2,18-20,1.244,4067.42,False,False,3,1.1870000000000005,1.0480202190395953,3,6,4,0
ELEC004787,2024-03-29,weekday,Hostel Block 2,20-22,0.825,4068.24,False,False,3,0.9066666666666668,0.9099264705882352,3,7,4,0
ELEC004788,2024-03-29,weekday,Hostel Block 2,22-00,0.401,4068.64,False,False,3,0.3806666666666666,1.053415061295972,3,8,4,0
ELEC004789,2024-03-29,weekday,Library,06-08,0.608,2544.44,False,False,3,0.6246666666666667,0.9733191035218782,5,0,4,0
ELEC004790,2024-03-29,weekday,Library,08-10,1.928,2546.37,False,False,3,1.8583333333333336,1.037488789237668,5,1,4,0
ELEC004791,2024-03-29,weekday,Library,10-12,2.439,2548.81,False,False,3,2.265666666666667,1.076504340150066,5,2,4,0
ELEC004792,2024-03-29,weekday,Library,12-14,6.043665526846948,2554.85,False,True,3,3.295221842282315,1.8340693938411816,5,3,4,1
ELEC004793,2024-03-29,weekday,Library,14-16,2.133,2556.98,False,False,3,1.9413333333333331,1.0987293956043955,5,4,4,0
ELEC004794,2024-03-29,weekday,Library,16-18,1.649,2008.86,False,False,3,1.774333333333334,0.9293631410858536,5,5,4,0
ELEC004795,2024-03-29,weekday,Library,18-20,1.422,2560.05,False,False,3,1.3870000000000005,1.0252343186733954,5,6,4,0
ELEC004796,2024-03-29,weekday,Library,20-22,1.369,2561.42,False,False,3,1.2243333333333333,1.1181595426082225,5,7,4,0
ELEC004797,2024-03-29,weekday,Library,22-00,0.52,2561.94,False,False,3,0.5066666666666668,1.0263157894736838,5,8,4,0
ELEC004798,2024-03-29,weekday,Labs Complex,06-08,0.686,5324.65,False,False,3,0.596,1.151006711409396,4,0,4,0
ELEC004799,2024-03-29,weekday,Labs Complex,08-10,1.826,5326.48,False,False,3,2.9763216640829486,0.613508957057778,4,1,4,0
ELEC004800,2024-03-29,weekday,Labs Complex,10-12,1.908,5328.39,False,False,3,2.104666666666667,0.9065568577763696,4,2,4,0
ELEC004801,2024-03-29,weekday,Labs Complex,12-14,1.826,5330.22,False,False,3,1.9126666666666663,0.9546880446148484,4,3,4,0
ELEC004802,2024-03-29,weekday,Labs Complex,14-16,1.955,5332.18,False,False,3,2.032000000000001,0.962106299212598,4,4,4,0
ELEC004803,2024-03-29,weekday,Labs Complex,16-18,1.453,5333.63,False,False,3,3.079196509428789,0.4718763468167029,4,5,4,0
ELEC004804,2024-03-29,weekday,Labs Complex,18-20,1.615,5335.24,False,False,3,1.441,1.1207494795281054,4,6,4,0
ELEC004805,2024-03-29,weekday,Labs Complex,20-22,1.111,5336.35,False,False,3,1.132,0.9814487632508836,4,7,4,0
ELEC004806,2024-03-29,weekday,Labs Complex,22-00,0.452,5336.8,False,False,3,0.4803333333333333,0.9410131852879946,4,8,4,0
ELEC004807,2024-03-30,saturday,Academic Block A,06-08,0.645,2951.7,False,False,3,0.8000000000000003,0.8062499999999998,0,0,5,0
ELEC004808,2024-03-30,saturday,Academic Block A,08-10,2.054,2953.75,False,False,3,2.4693333333333327,0.8318034557235423,0,1,5,0
ELEC004809,2024-03-30,saturday,Academic Block A,10-12,2.304,2956.05,False,False,3,3.0596666666666663,0.7530232051421724,0,2,5,0
ELEC004810,2024-03-30,saturday,Academic Block A,12-14,2.054,2958.1,False,False,3,2.522,0.8144329896907215,0,3,5,0
ELEC004811,2024-03-30,saturday,Academic Block A,14-16,2.115,2960.21,False,False,3,2.6946666666666665,0.7848837209302326,0,4,5,0
ELEC004812,2024-03-30,saturday,Academic Block A,16-18,1.989,2962.2,False,False,3,2.292666666666667,0.8675487060191917,0,5,5,0
ELEC004813,2024-03-30,saturday,Academic Block A,18-20,1.414,2963.61,False,False,3,1.919,0.736842105263158,0,6,5,0
ELEC004814,2024-03-30,saturday,Academic Block A,20-22,1.156,2964.77,False,False,3,1.6876666666666662,0.6849693857396801,0,7,5,0
ELEC004815,2024-03-30,saturday,Academic Block A,22-00,0.58,2965.35,False,False,3,0.7019999999999998,0.8262108262108263,0,8,5,0
ELEC004816,2024-03-30,saturday,Academic Block B,06-08,0.614,6449.33,False,False,3,0.7843333333333332,0.7828304292392692,1,0,5,0
ELEC004817,2024-03-30,saturday,Academic Block B,08-10,1.768,6451.1,False,False,3,2.209333333333333,0.8002414001207002,1,1,5,0
ELEC004818,2024-03-30,saturday,Academic Block B,10-12,2.01,6453.11,False,False,3,3.0386666666666664,0.6614743308468627,1,2,5,0
ELEC004819,2024-03-30,saturday,Academic Block B,12-14,2.049,5630.25,False,False,3,2.3793333333333333,0.86116559260297,1,3,5,0
ELEC004820,2024-03-30,saturday,Academic Block B,14-16,2.146,6457.3,False,False,3,4.269227334563525,0.5026670710706956,1,4,5,1
ELEC004821,2024-03-30,saturday,Academic Block B,16-18,1.904,6459.2,False,False,3,2.2206666666666663,0.8574001801260883,1,5,5,0
ELEC004822,2024-03-30,saturday,Academic Block B,18-20,1.613,6460.81,False,False,3,2.1543333333333337,0.7487235030171746,1,6,5,0
ELEC004823,2024-03-30,saturday,Academic Block B,20-22,1.439,6462.25,False,False,3,1.6456666666666664,0.8744176625481063,1,7,5,0
ELEC004824,2024-03-30,saturday,Academic Block B,22-00,0.452,6462.7,False,False,3,0.6456666666666665,0.700051626226123,1,8,5,0
ELEC004825,2024-03-30,saturday,Hostel Block 1,06-08,0.313,4330.55,False,False,3,0.4143333333333332,0.7554304102976671,2,0,5,0
ELEC004826,2024-03-30,saturday,Hostel Block 1,08-10,0.998,4331.55,False,False,3,1.2953333333333334,0.7704580545548121,2,1,5,0
ELEC004827,2024-03-30,saturday,Hostel Block 1,10-12,1.127,3899.35,False,False,3,1.5799999999999998,0.7132911392405064,2,2,5,0
ELEC004828,2024-03-30,saturday,Hostel Block 1,12-14,0.93,4333.61,False,False,3,1.3470000000000002,0.6904231625835189,2,3,5,0
ELEC004829,2024-03-30,saturday,Hostel Block 1,14-16,1.062,4334.67,False,False,3,1.4126666666666663,0.7517697026899482,2,4,5,0
ELEC004830,2024-03-30,saturday,Hostel Block 1,16-18,1.082,4335.75,False,False,3,1.3013333333333332,0.831454918032787,2,5,5,0
ELEC004831,2024-03-30,saturday,Hostel Block 1,18-20,0.801,4336.55,False,False,3,1.079666666666667,0.7418956468045691,2,6,5,0
ELEC004832,2024-03-30,saturday,Hostel Block 1,20-22,0.619,4337.17,False,False,3,0.9116666666666668,0.6789762340036563,2,7,5,0
ELEC004833,2024-03-30,saturday,Hostel Block 1,22-00,0.255,4337.43,False,False,3,0.7577176021652491,0.3365369885446947,2,8,5,0
ELEC004834,2024-03-30,saturday,Hostel Block 2,06-08,0.312,4068.95,False,False,3,0.4019999999999999,0.7761194029850746,3,0,5,0
ELEC004835,2024-03-30,saturday,Hostel Block 2,08-10,0.93,4069.88,False,False,3,1.1903333333333337,0.78129375525063,3,1,5,0
ELEC004836,2024-03-30,saturday,Hostel Block 2,10-12,1.114,4070.99,False,False,3,1.609,0.6923555003107521,3,2,5,0
ELEC004837,2024-03-30,saturday,Hostel Block 2,12-14,1.057,4072.05,False,False,3,1.3516666666666666,0.7819975339087546,3,3,5,0
ELEC004838,2024-03-30,saturday,Hostel Block 2,14-16,1.178,4073.23,False,False,3,1.4236666666666666,0.8274408803558885,3,4,5,0
ELEC004839,2024-03-30,saturday,Hostel Block 2,16-18,0.922,4074.15,False,False,3,1.215666666666667,0.7584315876062517,3,5,5,0
ELEC004840,2024-03-30,saturday,Hostel Block 2,18-20,0.76,4074.91,False,False,3,1.0706666666666669,0.7098381070983809,3,6,5,0
ELEC004841,2024-03-30,saturday,Hostel Block 2,20-22,0.692,4075.6,False,False,3,0.8513333333333334,0.8128425998433828,3,7,5,0
ELEC004842,2024-03-30,saturday,Hostel Block 2,22-00,0.25,4075.85,False,False,3,0.332,0.753012048192771,3,8,5,0
ELEC004843,2024-03-30,saturday,Library,06-08,0.392,2562.33,False,False,3,0.5619999999999999,0.6975088967971531,5,0,5,0
ELEC004844,2024-03-30,saturday,Library,08-10,1.339,2563.67,False,False,3,1.634666666666667,0.819127243066884,5,1,5,0
ELEC004845,2024-03-30,saturday,Library,10-12,1.481,2565.15,False,False,3,2.114333333333334,0.7004571969099793,5,2,5,0
ELEC004846,2024-03-30,saturday,Library,12-14,1.36,2566.51,False,False,3,3.124555175615649,0.4352619568422348,5,3,5,1
ELEC004847,2024-03-30,saturday,Library,14-16,1.404,2567.91,False,False,3,1.8083333333333331,0.776405529953917,5,4,5,0
ELEC004848,2024-03-30,saturday,Library,16-18,1.216,2569.13,False,False,3,1.5730000000000004,0.7730451366815001,5,5,5,0
ELEC004849,2024-03-30,saturday,Library,18-20,0.894,2570.02,False,False,3,1.2583333333333335,0.7104635761589402,5,6,5,0
ELEC004850,2024-03-30,saturday,Library,20-22,0.847,2570.87,False,False,3,1.1133333333333335,0.7607784431137723,5,7,5,0
ELEC004851,2024-03-30,saturday,Library,22-00,0.319,2571.19,False,False,3,0.4656666666666667,0.68503937007874,5,8,5,0
ELEC004852,2024-03-30,saturday,Labs Complex,06-08,0.371,5337.17,False,False,3,0.5413333333333333,0.6853448275862069,4,0,5,0
ELEC004853,2024-03-30,saturday,Labs Complex,08-10,1.197,5338.37,False,False,3,2.7196549974162814,0.4401293550605391,4,1,5,0
ELEC004854,2024-03-30,saturday,Labs Complex,10-12,1.328,5339.7,False,False,3,1.787,0.7431449356463347,4,2,5,0
ELEC004855,2024-03-30,saturday,Labs Complex,12-14,1.523,5341.22,False,False,3,1.786333333333333,0.8525844373950363,4,3,5,0
ELEC004856,2024-03-30,saturday,Labs Complex,14-16,1.397,5342.62,False,False,3,1.7856666666666676,0.7823408624229975,4,4,5,0
ELEC004857,2024-03-30,saturday,Labs Complex,16-18,1.132,5343.75,False,False,3,2.8485298427621224,0.3973979780750122,4,5,5,0
ELEC004858,2024-03-30,saturday,Labs Complex,18-20,1.164,5344.91,False,False,3,1.3876666666666668,0.8388181599807829,4,6,5,0
ELEC004859,2024-03-30,saturday,Labs Complex,20-22,0.758,5345.67,False,False,3,1.0166666666666666,0.7455737704918033,4,7,5,0
ELEC004860,2024-03-30,saturday,Labs Complex,22-00,0.349,5346.02,False,False,3,0.4113333333333333,0.8484602917341977,4,8,5,0
ELEC004861,2024-03-31,weekend,Academic Block A,06-08,0.378,2965.73,False,False,3,0.670666666666667,0.563618290258449,0,0,6,0
ELEC004862,2024-03-31,weekend,Academic Block A,08-10,1.054,2966.78,False,False,3,1.9396666666666664,0.5433923354528271,0,1,6,0
ELEC004863,2024-03-31,weekend,Academic Block A,10-12,1.34,2968.12,False,False,3,2.2876666666666665,0.5857496721550343,0,2,6,0
ELEC004864,2024-03-31,weekend,Academic Block A,12-14,1.125,2969.24,False,False,3,1.924,0.5847193347193347,0,3,6,0
ELEC004865,2024-03-31,weekend,Academic Block A,14-16,1.092,2970.33,False,False,3,1.935,0.5643410852713179,0,4,6,0
ELEC004866,2024-03-31,weekend,Academic Block A,16-18,1.103,2971.43,False,False,3,1.815,0.6077134986225895,0,5,6,0
ELEC004867,2024-03-31,weekend,Academic Block A,18-20,0.768,2138.22,False,False,3,1.387333333333333,0.5535800096107641,0,6,6,0
ELEC004868,2024-03-31,weekend,Academic Block A,20-22,0.72,2972.92,False,False,3,1.299333333333333,0.5541303232426886,0,7,6,0
ELEC004869,2024-03-31,weekend,Academic Block A,22-00,0.263,2973.18,False,False,3,0.5603333333333332,0.4693634741225462,0,8,6,0
ELEC004870,2024-03-31,weekend,Academic Block B,06-08,0.379,6463.08,False,False,3,0.6363333333333333,0.5955997904662127,1,0,6,0
ELEC004871,2024-03-31,weekend,Academic Block B,08-10,1.012,6464.09,False,False,3,1.6933333333333334,0.5976377952755906,1,1,6,0
ELEC004872,2024-03-31,weekend,Academic Block B,10-12,1.471,6465.56,False,False,3,2.2706666666666666,0.6478273634762185,1,2,6,0
ELEC004873,2024-03-31,weekend,Academic Block B,12-14,1.009,6466.57,False,False,3,1.846666666666667,0.5463898916967508,1,3,6,0
ELEC004874,2024-03-31,weekend,Academic Block B,14-16,1.057,6467.63,False,False,3,3.5305606678968577,0.2993858764731696,1,4,6,1
ELEC004875,2024-03-31,weekend,Academic Block B,16-18,0.917,6468.55,False,False,3,1.7413333333333332,0.5266079632465545,1,5,6,0
ELEC004876,2024-03-31,weekend,Academic Block B,18-20,0.966,6469.52,False,False,3,1.7096666666666671,0.5650224215246634,1,6,6,0
ELEC004877,2024-03-31,weekend,Academic Block B,20-22,0.772,6470.29,False,False,3,1.3166666666666662,0.5863291139240508,1,7,6,0
ELEC004878,2024-03-31,weekend,Academic Block B,22-00,0.286,6470.58,False,False,3,0.4773333333333332,0.5991620111731845,1,8,6,0
ELEC004879,2024-03-31,weekend,Hostel Block 1,06-08,0.212,4337.64,False,False,3,0.3449999999999999,0.6144927536231886,2,0,6,0
ELEC004880,2024-03-31,weekend,Hostel Block 1,08-10,0.591,4338.23,False,False,3,0.9406666666666668,0.6282778171509568,2,1,6,0
ELEC004881,2024-03-31,weekend,Hostel Block 1,10-12,0.69,4338.92,False,False,3,1.2353333333333332,0.558553696708041,2,2,6,0
ELEC004882,2024-03-31,weekend,Hostel Block 1,12-14,0.523,4339.44,False,False,3,1.0046666666666668,0.5205706702057067,2,3,6,0
ELEC004883,2024-03-31,weekend,Hostel Block 1,14-16,0.581,4340.02,False,False,3,1.065,0.5455399061032864,2,4,6,0
ELEC004884,2024-03-31,weekend,Hostel Block 1,16-18,0.536,4340.56,False,False,3,0.9810000000000002,0.54638124362895,2,5,6,0
ELEC004885,2024-03-31,weekend,Hostel Block 1,18-20,0.419,4340.98,False,False,3,0.7720000000000002,0.5427461139896371,2,6,6,0
ELEC004886,2024-03-31,weekend,Hostel Block 1,20-22,0.416,4341.4,False,False,3,0.6886666666666668,0.6040658276863503,2,7,6,0
ELEC004887,2024-03-31,weekend,Hostel Block 1,22-00,0.14,4341.54,False,False,3,0.6527176021652491,0.2144878574372445,2,8,6,0
ELEC004888,2024-03-31,weekend,Hostel Block 2,06-08,0.194,4076.04,False,False,3,0.3223333333333333,0.6018614270941054,3,0,6,0
ELEC004889,2024-03-31,weekend,Hostel Block 2,08-10,0.508,4076.55,False,False,3,0.9156666666666666,0.5547870404077175,3,1,6,0
ELEC004890,2024-03-31,weekend,Hostel Block 2,10-12,0.622,4077.17,False,False,3,1.183,0.5257819103972949,3,2,6,0
ELEC004891,2024-03-31,weekend,Hostel Block 2,12-14,0.65,4077.82,False,False,3,1.1326666666666667,0.5738669805768098,3,3,6,0
ELEC004892,2024-03-31,weekend,Hostel Block 2,14-16,0.645,4078.47,False,False,3,1.0683333333333331,0.6037441497659908,3,4,6,0
ELEC004893,2024-03-31,weekend,Hostel Block 2,16-18,0.511,4078.98,False,False,3,0.9396666666666668,0.5438098616530684,3,5,6,0
ELEC004894,2024-03-31,weekend,Hostel Block 2,18-20,0.511,4079.49,False,False,3,0.8383333333333335,0.6095427435387673,3,6,6,0
ELEC004895,2024-03-31,weekend,Hostel Block 2,20-22,0.421,4079.91,False,False,3,0.6460000000000001,0.6517027863777088,3,7,6,0
ELEC004896,2024-03-31,weekend,Hostel Block 2,22-00,0.156,4080.07,False,False,3,0.269,0.5799256505576208,3,8,6,0
ELEC004897,2024-03-31,weekend,Library,06-08,0.268,2571.46,False,False,3,0.4226666666666667,0.6340694006309149,5,0,6,0
ELEC004898,2024-03-31,weekend,Library,08-10,0.637,2572.1,False,False,3,1.3013333333333337,0.489497950819672,5,1,6,0
ELEC004899,2024-03-31,weekend,Library,10-12,0.903,2573.0,False,False,3,1.607666666666667,0.5616835994194483,5,2,6,0
ELEC004900,2024-03-31,weekend,Library,12-14,0.834,2573.83,False,False,3,2.745888508948982,0.303726825499999,5,3,6,1
ELEC004901,2024-03-31,weekend,Library,14-16,0.755,2574.59,False,False,3,1.4306666666666663,0.5277260018639329,5,4,6,0
ELEC004902,2024-03-31,weekend,Library,16-18,0.592,2575.18,False,False,3,1.152333333333334,0.513740237199884,5,5,6,0
ELEC004903,2024-03-31,weekend,Library,18-20,0.518,2575.7,False,False,3,0.944666666666667,0.5483415666901904,5,6,6,0
ELEC004904,2024-03-31,weekend,Library,20-22,0.436,2576.14,False,False,3,0.884,0.4932126696832579,5,7,6,0
ELEC004905,2024-03-31,weekend,Library,22-00,0.23,2576.37,False,False,3,0.3563333333333334,0.6454630495790458,5,8,6,0
ELEC004906,2024-03-31,weekend,Labs Complex,06-08,0.215,5346.24,False,False,3,0.424,0.5070754716981132,4,0,6,0
ELEC004907,2024-03-31,weekend,Labs Complex,08-10,0.681,5346.92,False,False,3,1.234666666666666,0.5515658747300218,4,1,6,0
ELEC004908,2024-03-31,weekend,Labs Complex,10-12,0.931,5347.85,False,False,3,1.3890000000000005,0.6702663786897046,4,2,6,0
ELEC004909,2024-03-31,weekend,Labs Complex,12-14,0.806,5348.66,False,False,3,1.385,0.5819494584837546,4,3,6,0
ELEC004910,2024-03-31,weekend,Labs Complex,14-16,0.717,5349.38,False,False,3,1.3563333333333345,0.5286311132956496,4,4,6,0
ELEC004911,2024-03-31,weekend,Labs Complex,16-18,0.773,5350.15,False,False,3,1.1193333333333335,0.6905896366885048,4,5,6,0
ELEC004912,2024-03-31,weekend,Labs Complex,18-20,0.572,5350.72,False,False,3,1.1170000000000002,0.5120859444941807,4,6,6,0
ELEC004913,2024-03-31,weekend,Labs Complex,20-22,0.494,5351.21,False,False,3,0.7876666666666666,0.6271688531527719,4,7,6,0
ELEC004914,2024-03-31,weekend,Labs Complex,22-00,0.172,5351.38,False,False,3,0.3243333333333333,0.5303186022610483,4,8,6,0
